3700 7698 9494 9527 9835 9866 9947 9952 9987 9994 9999 10000
391 5792 9167 9211 9532 9596 9750 9857 9900 9940 9953 9978 9979 9986 9994 9995 9998 9999 10000
1564 4437 5812 7964 8254 9063 9338 9499 9673 9701 9713 9734 9737 9766 9868 9912 9925 9965 9974 9975 9992 9993 9994 9999 10000
5132 5517 6076 6405 7131 8215 9038 9062 9248 9325 9556 9658 9782 9860 9892 9906 9912 9917 9950 9969 9992 9994 9999 10000
1797 6055 6674 7994 8507 8567 8960 9021 9278 9305 9495 9576 9784 9856 9865 9907 9927 9943 9954 9961 9966 9971 9976 9981 9986 9992 9993 9995 9999 10000
283 5293 5640 5647 6186 6397 7827 8099 8756 8820 8908 9165 9433 9465 9470 9579 9716 9753 9774 9827 9828 9833 9849 9851 9871 9887 9888 9917 9930 9934 9955 9983 9985 9989 9993 9997 9998 9999 10000
2391 3317 4638 4746 5816 5828 5959 6316 6726 8322 8811 8881 9045 9265 9441 9684 9706 9816 9845 9868 9902 9904 9908 9912 9916 9943 9978 9982 9983 9989 9990 9991 9995 9996 9998 9999 10000
1476 1539 4593 5613 5642 5870 6410 6501 8093 8128 8306 8704 8780 8956 9090 9306 9402 9436 9624 9653 9662 9701 9804 9822 9835 9852 9894 9900 9907 9934 9969 9978 9985 9987 9989 9990 9993 9995 9997 9999 10000
4241 4576 4912 5034 5222 5786 6067 6541 7618 7787 8700 8727 8729 9138 9206 9251 9281 9320 9355 9391 9458 9501 9545 9617 9629 9688 9702 9754 9771 9775 9783 9801 9843 9845 9879 9882 9897 9925 9957 9974 9977 9978 9981 9986 9988 9989 9990 9991 9995 9997 9998 9999 10000
2956 4565 4586 5520 5727 6039 7389 7540 8207 8348 8493 8501 8542 8595 8615 8678 9147 9151 9190 9256 9313 9454 9611 9613 9660 9742 9755 9763 9766 9782 9786 9831 9870 9895 9901 9912 9922 9948 9958 9968 9969 9975 9977 9978 9980 9983 9986 9987 9988 9992 9993 9995 9996 9997 9998 9999 10000
2092 3335 4446 4493 5072 5465 5645 6988 7548 7734 8158 8423 8531 8536 8578 8590 8845 8896 8993 9121 9166 9302 9424 9436 9524 9589 9602 9672 9752 9762 9766 9782 9867 9869 9870 9883 9893 9899 9921 9944 9962 9965 9973 9983 9984 9986 9987 9992 9994 9995 9996 9998 9999 10000
51 2425 2810 3174 4261 4465 5118 5475 6339 6594 7418 8053 8504 8528 9082 9105 9421 9461 9471 9553 9557 9578 9652 9687 9724 9740 9764 9781 9859 9864 9865 9881 9890 9891 9914 9928 9947 9951 9960 9963 9966 9971 9983 9986 9991 9992 9993 9994 9995 9996 9998 9999 10000
942 1489 2310 2514 3901 4244 4433 4504 4746 5582 6565 6689 7019 7297 7691 8345 8506 8521 8599 9031 9065 9091 9190 9328 9395 9420 9429 9555 9560 9575 9631 9649 9658 9682 9714 9746 9773 9825 9835 9858 9870 9876 9884 9906 9923 9942 9950 9957 9959 9960 9965 9971 9976 9982 9985 9991 9992 9994 9995 9996 9998 10000
791 1461 2251 2849 3682 3808 3929 5327 6316 6905 6927 8260 8262 8354 8396 8477 8486 8515 9011 9027 9038 9142 9189 9204 9365 9404 9540 9629 9633 9653 9707 9716 9730 9758 9772 9796 9812 9816 9853 9886 9890 9896 9939 9951 9954 9955 9958 9967 9971 9979 9980 9982 9983 9984 9991 9992 9993 9994 9995 9996 9997 9998 10000
303 1214 1229 2166 2345 2919 3300 3499 3652 3772 3841 6485 6783 6888 6900 7417 8240 8259 8285 8465 8609 8672 8881 9004 9020 9088 9094 9140 9299 9344 9453 9498 9614 9625 9654 9702 9724 9744 9760 9773 9796 9812 9813 9833 9847 9859 9885 9917 9937 9939 9948 9954 9955 9958 9963 9970 9973 9977 9982 9984 9986 9987 9990 9991 9992 9993 9994 9996 9997 9998 10000
1199 2560 3172 3261 3297 3769 5481 6677 6832 6966 8191 8203 8281 8453 8458 8476 8577 8804 8944 8996 9079 9118 9252 9270 9329 9412 9453 9491 9544 9614 9674 9678 9729 9734 9796 9802 9827 9846 9857 9872 9880 9931 9946 9950 9967 9969 9971 9976 9977 9978 9982 9985 9986 9987 9988 9991 9992 9994 9995 9996 9997 9998 10000
840 1884 2047 2622 3721 4497 6303 6407 6428 7914 7915 8053 8175 8208 8295 8366 8412 8644 8929 9070 9172 9250 9302 9312 9372 9465 9475 9613 9664 9687 9734 9765 9783 9840 9850 9866 9918 9921 9928 9934 9945 9946 9950 9958 9961 9969 9975 9977 9982 9983 9986 9988 9990 9992 9993 9994 9995 9996 9997 9998 9999 10000
68 114 499 1688 2435 3285 3356 3555 3625 3819 6024 6089 6290 6859 7161 7504 7657 7916 8062 8090 8156 8172 8238 8288 8305 8464 8866 8897 8997 9084 9096 9110 9242 9243 9244 9287 9345 9391 9453 9459 9610 9618 9628 9664 9713 9727 9743 9744 9763 9777 9782 9819 9887 9916 9929 9941 9944 9946 9947 9959 9962 9973 9977 9981 9983 9984 9986 9987 9988 9990 9992 9994 9996 9997 9998 9999 10000
77 877 1070 1285 2092 3197 3328 3427 3889 5880 6048 6147 6262 6587 7070 7502 7560 7864 7884 8044 8142 8473 8638 8657 8726 8896 8970 9030 9045 9049 9094 9206 9246 9316 9414 9440 9444 9610 9624 9637 9693 9714 9721 9722 9741 9765 9807 9815 9848 9876 9886 9895 9899 9922 9924 9929 9936 9937 9939 9945 9960 9964 9966 9977 9978 9979 9980 9981 9983 9986 9992 9994 9995 9996 9997 9999 10000
408 488 920 2041 2852 3005 3279 4461 4885 5766 5797 6092 6244 6894 7117 7482 7800 7869 7954 7966 8043 8365 8788 8855 8879 8951 9017 9020 9139 9152 9192 9208 9234 9309 9368 9392 9395 9428 9501 9564 9584 9593 9599 9604 9621 9622 9684 9714 9741 9759 9777 9788 9791 9812 9833 9860 9873 9877 9892 9899 9929 9931 9932 9939 9942 9944 9964 9972 9976 9977 9978 9981 9982 9986 9987 9991 9992 9994 9995 9997 9999 10000
234 2503 3079 4123 4669 5432 5486 5699 5703 5771 6212 6993 7420 7486 7826 8042 8112 8225 8362 8639 8723 8820 8940 8996 9091 9143 9166 9236 9363 9379 9391 9421 9493 9545 9574 9593 9603 9606 9611 9672 9679 9712 9752 9758 9786 9804 9850 9853 9864 9885 9893 9897 9920 9931 9932 9935 9942 9944 9948 9953 9967 9971 9976 9980 9981 9985 9986 9987 9988 9991 9992 9993 9994 9995 9996 9997 9999
150 220 296 1934 2121 2341 3959 4742 5324 5440 5625 5648 6742 6812 7155 7204 7242 7286 7704 7754 7962 8009 8093 8235 8680 8697 8759 8771 8993 8996 9034 9076 9151 9360 9391 9479 9501 9535 9571 9598 9613 9677 9689 9708 9712 9743 9777 9790 9795 9828 9864 9872 9879 9912 9931 9937 9940 9942 9944 9967 9975 9977 9979 9980 9983 9985 9986 9989 9991 9992 9993 9994 9996 9997 9998 9999
13 1794 1953 2002 3023 3625 4646 5169 5298 5595 5596 5634 6431 6547 6583 7145 7217 7606 7866 7895 7925 7954 8068 8089 8523 8610 8616 8639 8651 8750 8943 8982 9043 9118 9256 9321 9374 9426 9434 9505 9563 9568 9587 9597 9626 9650 9651 9676 9707 9708 9721 9730 9743 9759 9771 9789 9790 9794 9857 9887 9925 9928 9942 9943 9944 9965 9966 9968 9971 9972 9974 9975 9977 9978 9979 9980 9982 9984 9986 9989 9990 9991 9992 9993 9994 9995 9996 9997 9999
1697 1833 2248 2848 4530 4786 5258 5309 5567 5763 6263 6439 6743 6959 7001 7189 7438 7695 7840 7884 7957 7984 8179 8298 8392 8473 8543 8544 8597 8625 8872 8873 8886 8928 8943 9104 9124 9279 9314 9329 9367 9433 9563 9579 9599 9651 9666 9684 9698 9703 9723 9736 9782 9785 9825 9848 9882 9907 9909 9916 9919 9922 9925 9926 9938 9940 9949 9952 9962 9964 9969 9971 9977 9979 9982 9984 9986 9989 9990 9992 9993 9994 9995 9996 9997 9998
1428 3478 3509 4511 4999 5499 5583 6201 6563 7082 7405 7659 7820 7838 7877 7882 8078 8212 8374 8379 8383 8522 8595 8612 8863 8893 8911 8963 9058 9110 9160 9162 9226 9285 9323 9360 9399 9403 9473 9474 9563 9572 9599 9613 9638 9653 9657 9675 9686 9687 9702 9706 9720 9775 9781 9825 9840 9842 9846 9847 9888 9897 9903 9908 9919 9922 9928 9936 9952 9956 9958 9967 9971 9973 9976 9977 9978 9979 9983 9985 9986 9989 9992 9994 9995 9996 9997 9998
692 866 1314 1362 2698 3065 4111 4675 4770 4802 4870 4943 4966 5774 5905 6470 6504 6704 7205 7294 7326 7329 7547 7747 7784 7855 8063 8087 8201 8215 8428 8474 8840 8866 8969 8982 9088 9114 9126 9226 9318 9376 9396 9448 9535 9566 9568 9581 9590 9636 9649 9670 9672 9685 9714 9771 9809 9812 9821 9842 9870 9877 9882 9894 9902 9906 9914 9916 9918 9922 9927 9934 9945 9950 9952 9956 9963 9965 9966 9969 9970 9971 9973 9974 9977 9978 9979 9983 9984 9985 9987 9989 9991 9992 9995 9996 9997
515 890 1306 1327 2210 2559 2672 2821 3150 3151 3577 4005 4427 4773 5611 5687 6232 6341 6455 6583 7071 7374 7500 7637 7730 8053 8171 8203 8412 8441 8452 8715 8739 8753 8792 8813 8833 8848 8901 9053 9066 9099 9123 9317 9366 9397 9427 9438 9513 9528 9542 9545 9568 9582 9588 9633 9663 9664 9667 9681 9710 9752 9756 9769 9801 9806 9814 9857 9869 9876 9893 9902 9909 9913 9914 9934 9945 9960 9963 9965 9970 9972 9973 9974 9977 9979 9980 9983 9984 9987 9990 9991 9992 9995 9996 9997
736 1295 1904 1965 2316 3075 3086 3226 3720 4154 4382 4413 4616 4745 5079 5205 5274 5548 6189 6272 6292 6637 6650 6983 7379 7447 7485 7687 7720 7815 7945 7994 8046 8087 8189 8353 8358 8388 8547 8599 8629 8783 8800 8813 8976 8990 9002 9030 9062 9107 9288 9315 9345 9356 9408 9461 9528 9529 9555 9564 9569 9631 9656 9659 9666 9713 9741 9756 9764 9765 9782 9786 9800 9850 9866 9886 9893 9897 9911 9912 9924 9926 9931 9932 9933 9934 9942 9945 9948 9960 9963 9964 9966 9972 9973 9974 9976 9979 9981 9984 9985 9987 9991 9992 9994 9995 9996 9997
693 1131 1172 1420 2004 2010 3000 3676 3776 4094 4163 4228 4732 4781 5109 5155 5163 5667 6169 6185 6625 7375 7455 7651 7664 7742 7893 7911 7984 8302 8348 8404 8495 8714 8726 8789 8799 8845 8985 9217 9239 9264 9309 9337 9339 9363 9401 9425 9458 9480 9501 9524 9526 9537 9552 9581 9636 9666 9673 9733 9741 9749 9752 9778 9850 9851 9852 9859 9869 9886 9891 9897 9912 9918 9931 9933 9945 9948 9961 9966 9967 9973 9979 9980 9981 9982 9983 9984 9986 9990 9991 9992 9994 9996
397 998 1141 1144 1557 1683 2765 2819 3821 4086 4104 4780 5005 5785 5894 5917 6075 6431 6577 6737 7302 7312 7360 7523 7601 7641 7715 7892 7925 7948 7990 8187 8219 8268 8340 8345 8369 8378 8437 8512 8696 8733 8947 8952 8972 9173 9186 9309 9335 9361 9381 9454 9458 9459 9462 9499 9502 9511 9518 9521 9538 9555 9572 9576 9619 9629 9630 9659 9676 9717 9719 9727 9746 9748 9767 9822 9824 9842 9874 9879 9884 9887 9888 9898 9901 9911 9912 9917 9918 9923 9925 9928 9944 9953 9961 9970 9972 9973 9976 9979 9981 9985 9986 9989 9990 9992 9993 9996
853 999 1379 1768 3012 3738 3756 3887 4367 4567 4662 5299 5307 5611 5695 5820 5902 6136 6420 6434 6441 7281 7282 7310 7606 7792 7888 8125 8147 8153 8232 8302 8303 8408 8589 8675 8693 8705 8791 8797 8881 8890 9035 9056 9110 9128 9292 9338 9407 9427 9460 9476 9487 9513 9541 9544 9570 9605 9619 9628 9653 9663 9689 9691 9709 9714 9727 9740 9741 9751 9757 9816 9832 9835 9876 9879 9880 9888 9897 9904 9909 9912 9914 9923 9926 9928 9934 9938 9943 9957 9961 9964 9966 9970 9972 9973 9977 9979 9980 9981 9982 9983 9985 9989 9991 9992 9993
176 283 826 933 2573 3631 3670 4538 5217 5569 5635 5859 6361 7280 7492 7574 7600 7614 7715 7839 7879 8003 8054 8065 8189 8257 8564 8614 8685 8691 8811 8817 9009 9059 9226 9265 9274 9281 9285 9311 9385 9447 9457 9485 9487 9509 9518 9545 9568 9627 9638 9648 9677 9686 9723 9729 9739 9785 9812 9837 9842 9875 9879 9880 9881 9897 9906 9909 9922 9925 9928 9931 9937 9943 9950 9955 9956 9957 9960 9961 9966 9969 9971 9972 9978 9979 9981 9982 9984 9985 9987 9988 9990 9991 9992 9993
177 323 349 558 2163 2614 3604 3652 4312 4600 5017 5466 5575 5619 5824 6081 6116 6336 7011 7090 7185 7202 7271 7277 7473 7480 7545 7667 7763 7793 7913 7944 8017 8059 8168 8177 8206 8279 8311 8312 8562 8650 8658 8803 8936 8946 9005 9034 9227 9238 9253 9270 9302 9356 9385 9401 9445 9453 9455 9479 9486 9498 9517 9545 9608 9619 9671 9676 9685 9716 9717 9772 9799 9840 9875 9878 9881 9892 9895 9897 9909 9915 9916 9924 9937 9942 9955 9956 9957 9959 9961 9962 9966 9970 9972 9976 9979 9980 9981 9982 9984 9987 9988 9990 9991
141 199 339 1987 2085 2158 2175 3068 3094 3138 3554 3580 4100 4210 4283 5348 5351 5389 5449 5551 5860 6887 7180 7189 7192 7202 7219 7234 7444 7471 7534 7664 7865 7937 8137 8162 8176 8212 8214 8454 8495 8549 8631 8653 8700 8772 8824 8885 8973 8987 9033 9148 9253 9279 9284 9377 9383 9420 9423 9445 9446 9462 9469 9503 9555 9571 9576 9605 9613 9648 9668 9685 9691 9703 9706 9771 9785 9791 9793 9822 9840 9843 9860 9873 9874 9877 9878 9884 9889 9892 9893 9903 9909 9913 9924 9936 9937 9940 9945 9948 9955 9956 9959 9961 9966 9968 9969 9970 9972 9973 9978 9979 9980 9981 9982 9983 9985 9986 9987 9988 9990 9991
317 909 947 1022 1442 2766 3455 3813 3848 3976 4088 5059 5278 5357 5416 5448 5742 5848 6173 7137 7169 7196 7202 7326 7378 7403 7435 7676 7836 7958 8037 8065 8092 8223 8229 8371 8404 8426 8441 8477 8491 8506 8508 8510 8621 8671 8719 8721 8909 8969 8984 9006 9087 9131 9240 9247 9262 9265 9311 9319 9348 9409 9426 9436 9440 9442 9462 9489 9498 9533 9535 9595 9599 9607 9641 9673 9675 9679 9699 9730 9731 9759 9768 9771 9779 9780 9795 9841 9870 9871 9874 9889 9892 9893 9895 9896 9914 9917 9918 9922 9936 9949 9950 9952 9953 9954 9955 9956 9959 9966 9968 9969 9972 9973 9974 9975 9976 9980 9981 9982 9983 9984 9986 9988 9990 9991
75 422 650 985 1096 1776 2308 3060 3205 3415 3748 3886 3955 4354 4529 4662 4986 5000 5236 5269 5633 5696 6089 6752 6899 6934 6955 7054 7153 7249 7285 7290 7319 7612 7893 7936 8047 8302 8338 8423 8446 8503 8586 8607 8674 8702 8824 8940 8977 8984 9001 9113 9144 9238 9247 9251 9314 9401 9407 9422 9431 9454 9460 9485 9498 9516 9529 9566 9585 9594 9611 9617 9621 9641 9653 9661 9662 9726 9765 9776 9780 9782 9814 9827 9862 9865 9870 9886 9887 9889 9894 9916 9934 9935 9938 9943 9947 9951 9953 9954 9958 9959 9960 9961 9963 9967 9969 9971 9973 9974 9976 9980 9981 9983 9984 9986 9988 9990 9991
28 243 558 701 1532 1737 2228 2375 2802 2903 3089 3207 3471 3812 3893 3963 4266 4713 5206 5265 5481 6501 6552 6676 6739 6770 6830 6842 7032 7138 7163 7193 7196 7597 7821 8045 8113 8292 8313 8395 8418 8437 8458 8461 8575 8586 8589 8637 8641 8721 8800 8803 8809 8919 8963 9045 9207 9240 9250 9266 9305 9375 9392 9399 9403 9419 9420 9425 9432 9439 9450 9466 9487 9499 9525 9576 9580 9611 9617 9643 9686 9710 9719 9728 9745 9765 9778 9781 9862 9867 9870 9883 9889 9893 9898 9900 9909 9911 9934 9936 9939 9947 9952 9954 9955 9960 9965 9966 9969 9971 9974 9975 9976 9980 9981 9983 9984 9985 9987 9988 9990
220 316 1149 1972 2153 2359 2623 2739 2987 3155 3399 3468 3685 3747 3834 3837 4012 4634 4792 5220 5577 6360 6608 6711 6759 7000 7001 7018 7107 7132 7133 7404 7427 7523 7596 7618 7645 7854 7967 8087 8215 8244 8366 8371 8443 8487 8516 8578 8610 8713 8781 8790 8800 8884 8982 9181 9200 9204 9220 9246 9248 9253 9298 9306 9362 9386 9414 9418 9419 9421 9432 9434 9468 9473 9476 9477 9480 9488 9494 9495 9522 9548 9557 9585 9637 9641 9645 9706 9743 9745 9756 9777 9822 9862 9867 9877 9888 9889 9890 9892 9897 9906 9908 9915 9921 9926 9931 9935 9939 9945 9951 9952 9953 9954 9956 9957 9958 9959 9960 9967 9971 9974 9975 9976 9980 9981 9982 9983 9986 9990
116 206 924 1483 1996 2057 2684 2817 3449 3617 3620 3631 3739 3763 4321 4670 5092 5379 5900 6129 6422 6442 6475 6489 6937 6957 6965 7073 7078 7114 7139 7312 7398 7440 7906 8082 8208 8286 8379 8434 8493 8540 8567 8614 8676 8698 8757 8867 8958 9016 9018 9066 9098 9110 9196 9204 9248 9250 9262 9278 9356 9376 9377 9409 9417 9466 9471 9473 9506 9515 9528 9556 9566 9623 9634 9636 9637 9641 9642 9690 9703 9716 9720 9723 9730 9737 9750 9772 9816 9829 9859 9862 9867 9870 9876 9878 9884 9888 9889 9913 9931 9937 9944 9951 9952 9953 9956 9957 9960 9965 9966 9967 9968 9969 9971 9974 9975 9976 9977 9978 9980 9981 9982 9984 9986 9987 9988 9989 9990
670 1367 1535 2425 2604 2819 3313 3347 3390 3525 3581 3697 3733 3758 4140 4218 4755 4914 4949 5558 5838 5864 6034 6239 6334 6525 6900 6912 6945 6965 7043 7079 7175 7318 7390 7400 7722 7893 7948 7988 8135 8142 8232 8423 8435 8474 8490 8493 8521 8542 8667 8685 8747 8812 8847 8866 8867 9053 9063 9108 9139 9161 9169 9178 9212 9245 9278 9298 9334 9341 9358 9362 9374 9397 9406 9409 9410 9428 9459 9460 9500 9514 9529 9616 9617 9620 9622 9625 9629 9678 9685 9730 9763 9826 9842 9853 9856 9857 9860 9861 9862 9863 9869 9870 9880 9884 9887 9889 9891 9892 9922 9924 9926 9927 9931 9937 9943 9946 9949 9951 9952 9953 9954 9960 9965 9967 9968 9970 9973 9974 9975 9976 9977 9980 9982 9983 9985 9987 9988 9989
483 517 560 1487 2135 2191 2382 2783 3217 3330 3490 3697 4036 4102 4235 4624 4976 5695 5746 6215 6287 6337 6347 6878 6918 6965 7039 7204 7252 7617 7683 7866 8071 8091 8122 8166 8194 8279 8294 8422 8472 8528 8555 8583 8746 8775 8854 9002 9051 9056 9097 9102 9130 9264 9268 9292 9337 9354 9363 9393 9399 9427 9430 9433 9453 9460 9484 9497 9512 9550 9559 9563 9599 9603 9619 9626 9647 9693 9694 9713 9720 9721 9724 9726 9797 9798 9821 9838 9855 9859 9865 9867 9868 9875 9886 9887 9888 9890 9918 9922 9924 9929 9933 9941 9948 9949 9953 9955 9957 9959 9964 9965 9966 9967 9970 9973 9974 9976 9978 9979 9980 9982 9985 9986 9987 9988
361 472 501 680 777 939 1189 2242 2768 2960 3135 3162 3432 3564 3645 4337 5264 5507 5718 6100 6174 6279 6735 6849 6872 6905 6906 7033 7122 7133 7220 7420 7668 7749 7788 7832 7956 8066 8110 8120 8243 8463 8472 8486 8507 8513 8568 8711 8717 8780 8868 8948 9030 9062 9089 9091 9097 9123 9250 9265 9270 9328 9342 9356 9363 9380 9391 9403 9406 9437 9452 9493 9543 9578 9579 9599 9613 9615 9616 9620 9658 9662 9705 9714 9715 9723 9731 9771 9796 9835 9840 9851 9853 9854 9855 9857 9859 9862 9873 9874 9884 9885 9893 9898 9902 9916 9918 9923 9927 9928 9932 9935 9936 9937 9948 9949 9952 9953 9954 9959 9962 9966 9970 9973 9974 9976 9978 9980 9982 9983 9984 9987
355 445 902 1139 2085 2212 2220 2781 2837 3043 3313 3525 3541 3581 3606 4550 5156 5401 5496 5620 5899 6171 6228 6340 6825 6881 6983 7005 7010 7106 7202 7366 7449 7691 7707 7755 7832 8031 8042 8091 8095 8169 8316 8357 8385 8429 8485 8572 8576 8605 8690 8691 8711 8740 8780 8859 9023 9060 9087 9167 9198 9246 9254 9306 9324 9340 9349 9361 9378 9381 9383 9389 9408 9425 9440 9449 9492 9494 9538 9553 9554 9576 9604 9612 9614 9655 9679 9682 9696 9714 9715 9724 9765 9824 9835 9845 9851 9852 9854 9857 9861 9878 9879 9884 9885 9907 9916 9922 9925 9926 9928 9931 9936 9942 9945 9946 9949 9950 9953 9954 9957 9958 9962 9963 9968 9970 9972 9974 9975 9978 9980 9981 9982 9983 9984 9986
277 651 1905 2172 2496 2993 3108 3157 3224 3441 4039 4239 4890 5234 6086 6649 6755 6763 6801 6833 7005 7105 7171 7202 7379 7562 7726 7782 7802 7957 7958 8003 8089 8266 8276 8309 8349 8399 8525 8530 8571 8691 8702 8764 8768 8796 8846 8999 9017 9044 9078 9128 9143 9203 9214 9244 9253 9272 9302 9348 9361 9362 9368 9377 9387 9391 9423 9430 9439 9446 9458 9500 9511 9546 9590 9595 9648 9651 9679 9685 9760 9791 9801 9814 9825 9843 9844 9848 9851 9853 9855 9857 9872 9875 9878 9879 9883 9885 9905 9914 9922 9926 9928 9935 9937 9943 9945 9947 9950 9954 9955 9956 9957 9961 9962 9967 9970 9972 9973 9974 9976 9979 9980 9982 9983 9984 9985 9986
12 258 661 684 1591 1908 1982 2634 2651 2914 2945 3083 3318 3574 4164 4204 4311 4546 4737 5143 6004 6079 6116 6331 6433 6684 6724 6752 6785 6966 6979 7163 7251 7288 7613 7683 7700 7858 7909 8002 8018 8129 8272 8321 8393 8525 8554 8656 8669 8688 8979 9001 9009 9073 9077 9140 9209 9232 9236 9278 9297 9318 9347 9352 9361 9377 9384 9405 9419 9428 9457 9499 9533 9558 9595 9612 9648 9661 9666 9672 9758 9799 9817 9818 9821 9830 9835 9843 9844 9847 9852 9856 9861 9867 9873 9878 9879 9883 9905 9909 9913 9921 9923 9928 9931 9933 9934 9935 9941 9942 9943 9945 9947 9953 9954 9955 9957 9961 9962 9966 9970 9972 9974 9977 9978 9980 9982 9984
81 707 809 1709 1866 1878 2379 2479 2583 2586 2801 2866 3160 3310 4016 4586 5947 6073 6424 6510 6555 6614 6632 6708 6732 6745 6753 6794 6819 6860 6951 6986 7036 7591 7678 7783 7862 7958 8118 8231 8238 8275 8413 8465 8494 8557 8645 8668 8682 8733 8841 8974 9008 9012 9021 9023 9080 9156 9232 9267 9314 9319 9347 9356 9359 9383 9400 9402 9437 9450 9467 9496 9525 9553 9574 9595 9599 9603 9638 9648 9665 9693 9723 9740 9769 9778 9791 9807 9812 9819 9829 9839 9844 9847 9848 9851 9867 9883 9900 9901 9909 9913 9920 9922 9926 9928 9930 9933 9939 9941 9942 9944 9946 9947 9950 9954 9956 9959 9960 9962 9965 9966 9968 9971 9972 9973 9974 9975 9976 9980 9981 9984
12 70 756 1144 1409 1469 1688 1872 2334 2398 2535 2541 2764 2912 3850 3895 4421 4579 5267 5506 5598 5938 5962 6289 6412 6468 6568 6703 6731 6800 6867 6922 7026 7441 7653 7743 7746 7832 7909 8107 8132 8179 8208 8318 8412 8490 8668 8736 8759 8831 8971 8992 9019 9024 9029 9043 9116 9232 9265 9299 9327 9351 9353 9363 9379 9381 9391 9463 9489 9492 9500 9504 9541 9574 9639 9656 9664 9718 9729 9748 9780 9797 9807 9817 9824 9836 9837 9839 9843 9845 9846 9849 9866 9867 9875 9900 9901 9905 9912 9916 9919 9921 9923 9931 9938 9941 9947 9951 9954 9956 9959 9960 9962 9964 9965 9970 9971 9972 9973 9974 9975 9976 9980 9981 9983
479 877 1001 1409 1688 2314 2491 2630 2826 4311 4408 4565 4912 4982 5089 5112 5239 5390 5720 5843 6008 6117 6361 6416 6455 6503 6546 6567 6648 6694 6704 6716 6750 6917 6977 7131 7178 7587 7647 7669 7742 7832 8094 8137 8181 8308 8408 8646 8710 8763 8841 8959 8968 8985 9000 9004 9013 9018 9041 9099 9202 9210 9222 9230 9244 9326 9327 9340 9341 9346 9348 9366 9371 9457 9485 9486 9506 9560 9591 9607 9617 9630 9632 9642 9678 9684 9700 9747 9762 9764 9774 9798 9805 9817 9825 9833 9834 9835 9837 9841 9844 9847 9866 9875 9880 9886 9887 9891 9894 9899 9904 9910 9916 9917 9919 9920 9923 9928 9933 9934 9936 9941 9945 9946 9949 9953 9954 9957 9958 9962 9963 9967 9971 9972 9973 9974 9975 9976 9979 9980 9981
31 667 835 836 1185 1363 1553 1759 2122 2458 2507 2601 2745 4086 4250 4380 4602 4656 4708 4974 5664 5783 5950 6262 6281 6380 6390 6391 6445 6468 6490 6537 6556 6608 6666 6694 6720 6875 6887 6984 7570 7595 7642 7644 7730 7732 7740 7780 7876 7912 8116 8143 8149 8368 8406 8474 8563 8632 8705 8734 8763 8806 8857 8891 8959 8976 8981 8994 9000 9016 9020 9088 9171 9172 9180 9201 9202 9228 9233 9292 9313 9325 9329 9338 9365 9369 9394 9450 9455 9472 9480 9489 9500 9505 9548 9555 9556 9559 9591 9602 9603 9610 9612 9632 9635 9637 9660 9691 9703 9713 9714 9731 9736 9759 9764 9778 9794 9795 9800 9805 9813 9817 9832 9833 9837 9838 9839 9844 9846 9862 9870 9880 9882 9893 9899 9902 9905 9909 9919 9925 9930 9933 9934 9935 9940 9942 9944 9946 9948 9954 9957 9958 9959 9960 9971 9972 9973 9976 9979 9981
406 544 1132 1315 1450 2400 2494 3455 3831 3897 4245 4315 4522 4597 4740 4749 4823 4840 4864 5470 5483 5666 5695 5779 5799 6085 6384 6459 6512 6534 6567 6623 6693 6822 6888 7062 7531 7602 7608 7694 7701 7741 7870 8045 8089 8095 8126 8275 8358 8402 8623 8624 8684 8756 8778 8870 8959 8986 9080 9087 9143 9159 9175 9201 9263 9269 9274 9291 9306 9320 9330 9336 9349 9362 9363 9369 9424 9447 9457 9469 9499 9545 9564 9601 9629 9645 9663 9706 9707 9721 9740 9750 9764 9786 9795 9813 9825 9826 9827 9831 9838 9844 9846 9849 9861 9862 9870 9873 9888 9889 9890 9902 9908 9912 9917 9923 9925 9926 9928 9932 9934 9939 9940 9945 9946 9948 9954 9957 9958 9960 9970 9971 9972 9973 9975 9976 9978 9979
11 94 626 818 1123 1254 2388 2432 3355 3372 4075 4396 4399 4906 5225 5415 5641 5704 5766 5839 5852 6317 6440 6504 6525 6545 6659 6698 6766 6995 7009 7484 7513 7578 7634 7668 7677 7769 7950 7959 7972 8084 8133 8218 8270 8345 8620 8623 8662 8699 8746 8771 8818 8929 8937 8956 8963 8989 9052 9077 9119 9133 9174 9248 9260 9269 9294 9311 9317 9326 9329 9351 9365 9421 9437 9462 9471 9518 9530 9535 9537 9546 9601 9618 9631 9705 9718 9731 9774 9793 9803 9806 9814 9823 9826 9833 9836 9841 9844 9846 9855 9858 9866 9872 9883 9889 9902 9908 9912 9914 9916 9917 9922 9923 9924 9928 9932 9933 9934 9939 9944 9945 9946 9949 9952 9953 9957 9958 9965 9968 9971 9972 9974 9977 9978 9979
477 745 1019 1156 1764 2054 2346 2371 3204 3364 3368 3782 3942 4039 4159 4277 4308 4770 4919 4929 5082 5141 5417 5519 5624 5735 5942 6242 6312 6394 6426 6477 6492 6629 6631 6938 7219 7315 7494 7515 7604 7640 7648 7713 7739 7867 7895 7936 8054 8110 8166 8188 8201 8205 8240 8408 8456 8501 8522 8564 8622 8698 8700 8737 8756 8832 8866 8920 8933 8939 8949 8954 9017 9061 9065 9085 9144 9200 9252 9281 9290 9306 9313 9325 9345 9362 9419 9422 9424 9428 9469 9496 9499 9500 9512 9522 9535 9543 9590 9591 9614 9623 9669 9690 9718 9758 9775 9786 9803 9810 9823 9830 9832 9837 9839 9846 9849 9854 9857 9860 9879 9886 9896 9899 9901 9906 9908 9912 9914 9917 9921 9923 9930 9933 9935 9939 9943 9944 9945 9946 9950 9952 9956 9957 9958 9963 9967 9968 9971 9972 9973 9977 9978
83 445 459 1102 1569 2217 2265 2360 2790 2810 2998 3068 3309 3323 3461 3717 3838 4042 4045 4226 4313 4411 4542 5066 5084 5337 5541 5595 5659 5936 6225 6300 6302 6407 6423 6480 6705 6765 7159 7311 7458 7493 7518 7519 7564 7602 7617 7646 7725 7906 7933 8059 8130 8158 8163 8187 8200 8347 8362 8384 8510 8517 8522 8547 8575 8618 8737 8917 8931 8947 8983 9002 9017 9057 9076 9082 9119 9191 9230 9233 9257 9258 9272 9290 9296 9300 9324 9342 9345 9363 9405 9417 9457 9483 9496 9521 9526 9536 9553 9554 9586 9610 9623 9640 9644 9652 9657 9659 9714 9742 9758 9799 9802 9809 9818 9820 9823 9826 9828 9834 9843 9845 9847 9849 9854 9856 9864 9878 9894 9895 9900 9906 9912 9913 9917 9922 9928 9932 9933 9934 9938 9939 9940 9943 9944 9946 9950 9951 9954 9955 9957 9960 9961 9967 9970 9971 9972 9973 9977
443 864 1034 1153 2100 2124 2171 2193 2290 2380 2510 2764 3200 3223 3336 3341 3417 3699 3963 3964 4115 4286 4453 4986 5249 5418 5514 5636 5713 5896 5920 6237 6263 6276 6362 6373 6446 6727 6769 6967 7236 7310 7354 7377 7413 7479 7544 7579 7595 7598 7820 7879 7922 7981 8003 8011 8058 8173 8270 8361 8484 8523 8528 8669 8685 8702 8777 8805 8816 8834 8881 8898 8922 8927 8953 9023 9051 9169 9181 9209 9217 9225 9229 9230 9277 9284 9291 9301 9337 9380 9382 9405 9411 9455 9456 9476 9479 9496 9531 9534 9540 9582 9593 9601 9611 9642 9658 9667 9691 9709 9713 9754 9757 9795 9797 9808 9813 9819 9821 9824 9825 9827 9829 9833 9834 9843 9847 9853 9861 9864 9873 9877 9879 9882 9887 9890 9894 9900 9906 9911 9917 9924 9926 9931 9936 9940 9943 9944 9945 9949 9950 9955 9956 9963 9966 9967 9968 9969 9970 9971 9972 9973 9975 9977
34 135 614 738 902 1294 1871 2088 2326 2732 3272 3462 3676 3984 4018 4106 4958 5109 5293 5313 5476 5820 5895 5921 6188 6194 6256 6368 6425 6443 6615 6629 7040 7073 7287 7342 7377 7397 7425 7465 7499 7534 7535 7585 7592 7676 7829 7866 7915 7946 8040 8139 8186 8351 8421 8454 8481 8505 8615 8654 8711 8755 8757 8792 8808 8857 8864 8879 8918 8927 8931 8961 9022 9047 9049 9079 9126 9135 9170 9173 9194 9217 9223 9277 9278 9289 9328 9348 9382 9395 9425 9458 9487 9525 9540 9571 9574 9579 9628 9636 9641 9662 9678 9695 9733 9751 9756 9791 9797 9803 9806 9816 9818 9819 9821 9825 9829 9843 9846 9853 9858 9859 9864 9873 9887 9889 9898 9904 9908 9912 9917 9922 9924 9929 9935 9939 9941 9944 9945 9947 9955 9956 9961 9967 9971 9975
27 330 399 628 647 696 1766 1836 1892 2410 2728 3156 3238 3554 3581 3624 3954 4166 4419 4472 4647 4989 5019 5097 5177 5218 5339 5420 5447 5853 6098 6137 6220 6256 6334 6410 6423 6436 6470 6489 6570 6877 6878 7043 7171 7192 7363 7395 7419 7499 7563 7637 7714 7737 7825 7842 7868 7870 7911 7918 8029 8063 8181 8206 8252 8326 8342 8405 8433 8498 8624 8634 8779 8819 8869 8910 8917 8930 8980 9018 9036 9076 9111 9120 9169 9184 9211 9217 9223 9270 9276 9326 9338 9355 9374 9384 9389 9414 9458 9480 9496 9515 9560 9578 9621 9625 9643 9672 9674 9694 9697 9714 9736 9740 9756 9780 9788 9789 9794 9801 9807 9816 9818 9819 9823 9825 9834 9840 9843 9844 9845 9852 9854 9868 9887 9903 9906 9908 9916 9920 9924 9929 9931 9934 9936 9937 9943 9945 9952 9955 9960 9962 9966 9971
342 1623 1687 1698 1843 2073 2428 3000 3139 3187 3466 3995 4094 4625 4918 5066 5072 5150 5231 5278 5341 5371 5374 5850 5880 6203 6248 6297 6356 6369 6381 6427 6503 6523 6659 6690 6753 7127 7163 7385 7403 7484 7517 7597 7681 7775 7812 7813 7834 7835 7885 7916 7970 8162 8211 8247 8399 8401 8446 8456 8606 8744 8749 8768 8810 8826 8876 8897 8913 8919 9005 9026 9069 9074 9097 9157 9177 9199 9248 9252 9255 9271 9325 9334 9378 9379 9433 9434 9438 9452 9468 9481 9555 9559 9575 9591 9601 9613 9626 9669 9671 9673 9691 9712 9745 9762 9769 9782 9793 9798 9806 9809 9813 9817 9822 9824 9831 9832 9841 9859 9867 9870 9886 9887 9903 9916 9924 9927 9929 9933 9934 9936 9940 9942 9943 9944 9951 9955 9958 9959 9962 9965 9966 9967 9970 9971
7 20 64 228 1313 1601 1602 2281 2284 2664 2700 2833 3006 3040 3135 4521 4546 4564 4653 4713 4738 4977 5025 5125 5255 5810 6169 6234 6240 6363 6397 6469 6565 6626 6860 7043 7186 7331 7335 7342 7351 7383 7455 7473 7654 7770 7829 7835 7859 7948 8108 8195 8251 8346 8392 8419 8513 8560 8700 8786 8806 8828 8879 8906 8910 9004 9046 9105 9150 9163 9199 9236 9249 9259 9266 9294 9316 9323 9328 9354 9377 9379 9403 9417 9428 9518 9537 9554 9557 9572 9575 9587 9589 9606 9636 9653 9658 9691 9711 9734 9741 9745 9772 9785 9798 9803 9816 9822 9823 9828 9839 9862 9882 9886 9887 9897 9903 9913 9922 9927 9928 9929 9933 9936 9937 9941 9943 9947 9953 9955 9961 9962 9965 9966 9970 9971
9 698 1058 1380 1522 1531 1655 2251 2613 2730 2848 2903 2972 3907 4529 4578 4891 5051 5178 5405 5640 5664 5686 5733 5768 5881 6101 6161 6210 6255 6316 6383 6812 7041 7297 7323 7361 7373 7398 7454 7539 7705 7794 7814 8010 8035 8051 8147 8175 8285 8324 8330 8355 8446 8477 8483 8689 8751 8763 8774 8804 8840 8854 8863 8892 8941 9000 9077 9142 9149 9202 9223 9228 9233 9234 9240 9245 9266 9275 9290 9307 9331 9351 9356 9368 9401 9410 9416 9419 9420 9449 9487 9498 9553 9557 9560 9566 9585 9589 9617 9640 9647 9691 9708 9714 9719 9720 9738 9745 9770 9771 9780 9794 9798 9799 9804 9805 9809 9815 9818 9821 9829 9832 9837 9838 9840 9853 9859 9870 9879 9882 9883 9891 9892 9899 9901 9911 9921 9922 9926 9927 9932 9933 9938 9939 9941 9942 9947 9949 9952 9954 9955 9961 9962 9963 9966 9967 9970 9971
574 679 827 1404 1559 2213 2482 2564 2702 2753 2956 3691 4174 4533 4540 4564 4570 5080 5538 5614 5701 6030 6065 6173 6199 6232 6338 6681 6744 6839 7033 7212 7256 7290 7326 7360 7702 7712 7745 7780 7810 7860 8012 8116 8174 8176 8282 8321 8327 8520 8555 8660 8702 8759 8763 8788 8792 8836 8862 8917 8931 8996 9003 9019 9099 9126 9133 9139 9147 9175 9195 9196 9213 9221 9241 9268 9282 9307 9314 9322 9332 9354 9382 9385 9394 9418 9431 9448 9452 9511 9520 9527 9553 9565 9609 9611 9665 9691 9710 9714 9719 9726 9755 9767 9771 9776 9779 9786 9795 9798 9799 9812 9814 9817 9821 9823 9828 9830 9852 9856 9865 9873 9876 9882 9890 9900 9901 9912 9915 9917 9921 9922 9926 9927 9928 9929 9930 9936 9939 9940 9943 9947 9948 9952 9953 9955 9956 9960 9961 9962 9963 9966 9970 9971
82 786 1108 1361 1555 1700 2030 2375 2435 2592 2661 3409 3690 3794 4167 4367 4485 4522 4930 5060 5062 5188 5334 5637 5685 5727 5768 5882 5957 6000 6106 6129 6145 6168 6189 6229 6546 6629 6946 6955 6965 6971 7132 7251 7294 7507 7518 7690 7723 7790 7819 7891 7904 7944 7959 8164 8170 8242 8264 8292 8313 8446 8516 8596 8657 8661 8699 8713 8743 8788 8811 8821 8869 8972 8990 8994 9078 9116 9122 9127 9187 9201 9206 9208 9218 9235 9238 9246 9289 9303 9310 9348 9354 9363 9365 9390 9440 9509 9516 9519 9552 9553 9557 9587 9603 9623 9641 9648 9649 9653 9664 9665 9668 9675 9682 9696 9711 9730 9748 9762 9776 9779 9780 9788 9790 9791 9792 9798 9799 9814 9815 9822 9829 9849 9852 9861 9873 9876 9879 9889 9890 9897 9901 9902 9905 9912 9917 9918 9921 9923 9926 9928 9929 9934 9939 9947 9953 9955 9956 9959 9963 9965 9966 9967 9969 9970 9971
296 630 875 1182 1473 1511 1739 1938 1974 2292 2380 2423 3255 3391 3625 4090 4213 4329 4480 4812 4911 4936 5115 5140 5195 5200 5395 5598 5655 5879 5913 6086 6090 6137 6174 6217 6336 6417 6579 6922 7025 7075 7076 7101 7221 7239 7288 7413 7446 7636 7685 7726 7747 7795 7812 8103 8167 8210 8221 8284 8311 8514 8585 8626 8673 8709 8732 8776 8783 8796 8835 8971 8990 9033 9059 9101 9119 9181 9191 9203 9206 9215 9230 9248 9253 9329 9335 9338 9358 9360 9439 9445 9486 9495 9498 9512 9518 9548 9551 9593 9614 9646 9658 9660 9674 9682 9695 9699 9717 9761 9772 9776 9782 9789 9791 9797 9811 9814 9815 9822 9824 9842 9852 9861 9862 9868 9875 9879 9881 9887 9888 9889 9891 9896 9901 9902 9908 9917 9920 9924 9926 9927 9931 9935 9938 9939 9943 9945 9946 9949 9952 9953 9956 9959 9960 9963 9966 9969 9970
559 631 875 1414 1484 2281 2295 2357 2569 3151 3220 3778 3865 3906 4070 4097 4174 4217 4331 4628 4633 4837 4927 4990 5151 5514 5801 5875 5936 6067 6140 6301 6503 6509 6579 6698 6881 6914 7153 7173 7324 7433 7551 7674 7680 7682 7806 8075 8099 8151 8160 8183 8217 8235 8272 8422 8514 8585 8647 8727 8772 8774 8779 8950 8952 8994 9057 9081 9096 9100 9108 9114 9154 9175 9189 9206 9213 9214 9220 9224 9255 9310 9334 9350 9356 9374 9451 9494 9501 9511 9548 9551 9571 9589 9626 9628 9643 9667 9668 9692 9694 9698 9706 9728 9764 9776 9785 9797 9813 9815 9817 9818 9822 9835 9836 9838 9849 9861 9869 9871 9874 9882 9887 9891 9894 9900 9901 9905 9908 9912 9913 9916 9919 9920 9923 9926 9927 9929 9930 9938 9943 9944 9945 9953 9955 9957 9959 9961 9966 9969
33 83 103 330 820 875 1341 1401 1871 2030 2206 2220 2289 2364 2432 2489 3285 3742 4082 4182 4206 4223 4575 4761 4812 4815 4869 5500 5575 5618 5855 5856 5862 6040 6046 6235 6276 6419 6551 6655 6763 6813 7098 7099 7150 7169 7273 7280 7324 7396 7516 7606 7609 7676 7790 7933 7983 7992 8050 8060 8147 8210 8264 8310 8413 8428 8442 8526 8534 8536 8571 8693 8711 8751 8765 8775 8855 8907 8916 8947 8948 8980 9086 9093 9108 9163 9177 9179 9197 9200 9210 9214 9215 9239 9263 9297 9311 9317 9331 9353 9355 9369 9421 9455 9485 9488 9493 9501 9507 9517 9520 9527 9533 9541 9558 9576 9609 9625 9639 9642 9654 9665 9688 9691 9694 9725 9771 9775 9785 9797 9812 9813 9815 9816 9819 9821 9833 9838 9847 9854 9860 9861 9866 9871 9872 9873 9881 9883 9887 9888 9890 9893 9896 9897 9903 9905 9907 9911 9915 9916 9919 9920 9921 9926 9928 9929 9932 9933 9934 9937 9938 9943 9945 9947 9951 9953 9954 9955 9956 9958 9959 9960 9961 9962 9965 9966
562 804 841 1109 1261 1674 1915 2029 2162 2790 3023 3142 3725 3852 4030 4289 4554 4624 4689 4790 5292 5409 5449 5852 5934 5993 6032 6041 6216 6407 6507 6698 6714 6811 7088 7109 7142 7201 7246 7257 7604 7614 7646 7676 7843 7929 7986 8082 8095 8108 8132 8197 8209 8269 8394 8449 8521 8598 8700 8720 8742 8743 8755 8844 8870 8914 8917 8944 8947 9075 9087 9117 9145 9187 9196 9201 9210 9250 9302 9340 9341 9343 9346 9421 9451 9463 9469 9484 9490 9495 9497 9508 9524 9528 9537 9557 9585 9607 9636 9640 9671 9674 9675 9677 9687 9713 9721 9740 9765 9775 9781 9782 9783 9805 9808 9812 9813 9814 9819 9824 9827 9831 9853 9859 9861 9867 9868 9872 9877 9882 9885 9888 9889 9897 9905 9907 9910 9911 9916 9921 9924 9928 9932 9939 9940 9942 9943 9948 9949 9952 9953 9954 9959 9960 9964 9965 9966
232 479 559 635 1208 1323 1662 1901 2138 2605 2842 3036 3310 3757 3799 3849 4019 4060 4507 4529 5285 5384 5527 5656 5796 5846 5887 5920 5963 5973 5997 6000 6388 6404 6587 6594 6805 7062 7094 7116 7186 7423 7588 7601 7612 7620 7839 7917 7919 7986 8019 8054 8108 8176 8186 8193 8322 8347 8408 8443 8480 8488 8560 8571 8584 8664 8740 8890 8907 8920 8990 9027 9050 9061 9066 9083 9099 9138 9176 9186 9190 9197 9208 9246 9260 9296 9311 9319 9322 9333 9341 9408 9433 9461 9467 9505 9511 9518 9549 9570 9633 9647 9660 9670 9709 9713 9720 9722 9737 9743 9766 9773 9779 9780 9793 9800 9804 9807 9812 9813 9823 9827 9830 9851 9859 9865 9869 9870 9872 9883 9894 9897 9899 9905 9907 9913 9914 9916 9921 9924 9925 9930 9937 9942 9950 9952 9953 9954 9959 9963 9965
91 345 526 616 1088 1235 1837 1958 2090 2524 2695 2759 3190 3631 3728 3824 3873 3953 3965 4046 4148 4518 5008 5070 5292 5302 5493 5545 5635 5664 5736 5875 5885 5968 5969 6386 6460 6639 6772 6800 6852 6950 6991 7040 7072 7176 7298 7489 7504 7562 7586 7638 7672 7707 7828 7840 7986 8008 8042 8046 8102 8114 8137 8181 8388 8443 8477 8497 8630 8634 8717 8734 8876 8900 8990 9014 9033 9037 9040 9063 9134 9160 9175 9180 9183 9191 9198 9216 9227 9239 9271 9310 9328 9389 9399 9404 9413 9461 9486 9504 9510 9515 9525 9533 9566 9570 9632 9647 9669 9709 9723 9731 9732 9740 9746 9762 9767 9773 9777 9779 9788 9791 9797 9804 9811 9812 9821 9830 9834 9848 9849 9851 9859 9864 9865 9878 9883 9894 9895 9902 9905 9908 9909 9911 9917 9919 9920 9921 9923 9926 9928 9930 9941 9942 9945 9949 9951 9953 9958 9959 9960
74 211 250 1084 1159 1228 1432 1589 1956 2085 2586 3329 3633 3644 3811 3935 4045 4138 4409 4470 4475 4598 4681 4845 4850 5015 5263 5459 5527 5611 5833 5854 5936 6065 6356 6394 6578 6852 7027 7030 7066 7071 7472 7561 7562 7576 7579 7582 7642 7660 7778 7837 7943 7970 8042 8099 8102 8111 8141 8153 8171 8300 8335 8365 8372 8392 8596 8652 8717 8732 8859 8876 8889 8898 8900 8957 8958 9008 9029 9033 9138 9180 9181 9221 9274 9278 9308 9325 9368 9376 9386 9434 9458 9470 9476 9498 9505 9525 9539 9545 9546 9547 9572 9600 9629 9631 9633 9641 9661 9669 9691 9698 9716 9727 9739 9746 9753 9761 9767 9774 9778 9783 9790 9792 9807 9811 9814 9820 9830 9847 9848 9850 9862 9864 9865 9876 9885 9888 9893 9894 9895 9904 9907 9913 9916 9918 9919 9921 9922 9923 9925 9926 9930 9931 9936 9938 9939 9941 9944 9945 9947 9949 9951 9952 9955 9956 9958 9959
158 190 896 1157 1245 1265 1688 2049 2421 2422 2442 2465 2493 3308 3475 3806 3877 4280 4369 4412 4572 5247 5436 5440 5539 5572 5796 5800 5831 5889 6193 6336 6467 6479 6810 6915 7004 7025 7053 7063 7206 7421 7425 7519 7532 7534 7577 7634 7713 7722 7810 7898 7964 7965 7980 8001 8024 8039 8054 8089 8205 8276 8325 8410 8545 8594 8596 8625 8631 8672 8676 8693 8706 8707 8708 8719 8745 8838 8851 8882 8887 8922 8950 8976 8992 9001 9026 9030 9060 9064 9143 9153 9155 9158 9181 9223 9288 9291 9319 9325 9358 9375 9382 9385 9430 9441 9458 9468 9473 9476 9496 9523 9533 9539 9590 9611 9628 9631 9638 9658 9672 9681 9690 9698 9702 9720 9738 9739 9741 9753 9761 9768 9775 9787 9788 9801 9809 9811 9814 9837 9843 9845 9846 9855 9857 9858 9863 9866 9871 9873 9876 9878 9885 9889 9891 9892 9894 9897 9904 9907 9915 9916 9918 9919 9921 9922 9925 9930 9932 9934 9936 9937 9939 9941 9943 9945 9946 9947 9948 9949 9952 9954 9955 9958
7 165 170 887 976 983 1273 1327 1372 1923 2214 2402 2470 3240 3466 3737 3755 3787 3993 4146 4339 4444 4511 4711 4769 4904 5020 5229 5256 5421 5437 5496 5538 5702 5760 5765 5874 5954 6005 6153 6256 6296 6326 6416 6464 6561 6781 6850 6940 6944 6985 6987 6988 7008 7276 7388 7453 7461 7522 7524 7693 7858 7935 7937 8015 8032 8073 8105 8289 8323 8327 8346 8462 8506 8583 8598 8667 8671 8684 8702 8764 8825 8861 8869 8914 8919 8929 8952 8975 8983 9001 9007 9013 9024 9101 9118 9145 9150 9170 9177 9179 9181 9187 9225 9244 9284 9285 9318 9320 9342 9376 9379 9380 9399 9435 9459 9465 9512 9515 9522 9550 9562 9618 9620 9621 9624 9634 9644 9647 9676 9680 9681 9721 9738 9746 9747 9756 9760 9767 9770 9772 9790 9800 9808 9809 9818 9837 9838 9840 9846 9855 9857 9858 9870 9873 9879 9881 9890 9891 9894 9900 9902 9903 9904 9912 9915 9916 9917 9919 9920 9921 9922 9924 9928 9931 9933 9935 9937 9938 9943 9944 9946 9947 9948 9949 9954 9958
61 869 1101 1170 1478 1687 1707 1874 2179 2411 2515 3159 3213 3404 3631 3704 4030 4067 4407 4498 4654 4759 5128 5133 5137 5334 5471 5480 5553 5706 5742 5796 6102 6212 6239 6312 6376 6578 6655 6793 6886 6973 7273 7362 7383 7386 7431 7452 7499 7610 7638 7661 7801 7917 7925 7931 7991 8024 8047 8287 8297 8321 8337 8341 8540 8566 8587 8661 8665 8693 8733 8777 8803 8814 8855 8861 8868 8919 8938 8943 8953 8963 9006 9014 9047 9060 9095 9107 9121 9162 9166 9170 9171 9198 9282 9302 9305 9307 9359 9371 9395 9417 9430 9435 9455 9457 9459 9490 9506 9514 9539 9559 9611 9617 9633 9643 9651 9672 9717 9725 9730 9746 9747 9759 9767 9769 9793 9796 9808 9824 9833 9850 9854 9857 9859 9863 9866 9878 9881 9885 9888 9891 9896 9898 9902 9907 9915 9916 9919 9921 9923 9924 9928 9930 9935 9941 9942 9944 9946 9947 9948 9954 9956
722 834 870 935 949 1247 1290 1334 1753 2069 2123 2298 2403 2879 2951 3008 3112 3226 3573 3695 3738 3930 4017 4198 4615 4744 5069 5222 5324 5342 5460 5486 5646 5702 5724 5747 6002 6078 6111 6135 6194 6223 6229 6243 6245 6323 6571 6599 6740 6848 6856 6928 6960 6971 7168 7218 7351 7371 7426 7446 7459 7573 7589 7591 7610 7615 7678 7696 7786 7861 7875 7915 7987 8021 8127 8183 8227 8270 8274 8295 8389 8453 8552 8565 8594 8627 8655 8666 8687 8693 8738 8793 8811 8825 8838 8868 8910 8939 8955 8960 8999 9004 9014 9050 9061 9080 9093 9111 9115 9119 9154 9158 9160 9168 9230 9267 9273 9294 9298 9371 9389 9419 9424 9430 9454 9455 9489 9514 9538 9556 9595 9598 9609 9614 9628 9641 9664 9688 9693 9718 9736 9743 9747 9748 9764 9768 9769 9787 9801 9806 9807 9812 9823 9827 9829 9847 9849 9856 9860 9861 9866 9874 9875 9877 9886 9887 9891 9895 9898 9900 9904 9909 9911 9912 9915 9916 9919 9921 9922 9924 9925 9927 9932 9941 9942 9944 9947 9951 9954
84 90 139 559 643 767 1643 1989 2241 2835 2924 2997 3442 3456 3476 3508 3565 3828 3967 4147 4363 4592 4755 4871 5031 5037 5266 5421 5441 5519 5574 5641 5679 5727 6015 6130 6353 6461 6524 6528 6543 6594 6702 6714 6719 6729 6796 6864 7099 7161 7346 7383 7390 7396 7408 7463 7508 7587 7609 7659 7689 7778 7845 7881 7916 7931 8021 8099 8219 8243 8244 8254 8272 8273 8349 8387 8429 8519 8564 8566 8649 8663 8677 8682 8683 8687 8757 8774 8825 8847 8849 8856 8871 8872 8934 8947 8950 8977 8997 9009 9014 9035 9039 9079 9084 9097 9112 9117 9155 9163 9265 9281 9330 9365 9398 9415 9428 9435 9437 9451 9466 9492 9507 9513 9514 9595 9600 9610 9619 9622 9663 9697 9715 9718 9735 9740 9742 9744 9747 9759 9762 9769 9793 9797 9805 9806 9812 9813 9824 9826 9845 9851 9856 9866 9885 9889 9891 9894 9897 9898 9901 9909 9910 9912 9916 9917 9921 9922 9927 9930 9938 9939 9940 9942 9950 9951 9954
268 542 600 640 734 1508 1947 2167 2754 2806 2895 3263 3279 3532 3579 3718 3752 4140 4217 4403 4501 4569 4596 4608 4654 4824 5179 5386 5409 5513 5542 5573 5670 5824 5906 5963 5996 6065 6110 6245 6336 6338 6363 6516 6563 6582 6700 6706 6788 6833 6931 6957 7004 7146 7314 7331 7369 7436 7451 7504 7598 7622 7642 7711 7715 7833 7915 7928 8001 8024 8187 8213 8216 8226 8425 8451 8469 8489 8499 8603 8646 8659 8670 8724 8747 8762 8767 8774 8803 8811 8846 8858 8893 8907 8916 8943 8946 8964 8965 8967 8976 9003 9005 9006 9047 9077 9079 9098 9107 9129 9152 9239 9253 9273 9327 9347 9350 9396 9404 9407 9433 9448 9492 9498 9503 9543 9585 9595 9599 9602 9607 9608 9610 9621 9632 9639 9640 9653 9659 9669 9674 9679 9687 9714 9730 9736 9738 9741 9748 9751 9790 9793 9795 9802 9805 9814 9818 9821 9829 9833 9839 9849 9851 9852 9853 9856 9861 9862 9866 9871 9873 9876 9878 9879 9881 9882 9883 9889 9890 9891 9897 9901 9907 9910 9914 9915 9916 9921 9922 9925 9927 9929 9935 9936 9937 9939 9940 9944 9948 9949 9950 9951
228 298 316 547 629 692 1306 1657 1732 1904 1948 1961 2162 2167 2325 2445 2587 2656 2773 2897 3069 3220 3355 3485 3635 3692 3903 4085 4364 4596 4770 5056 5173 5294 5356 5468 5512 5578 5612 5738 5914 5966 5978 5988 6097 6167 6234 6315 6349 6505 6688 6783 6823 6864 6993 7125 7255 7315 7317 7351 7377 7491 7564 7640 7766 7916 7930 7990 8012 8015 8163 8206 8216 8310 8392 8466 8476 8478 8579 8602 8642 8758 8773 8809 8845 8893 8933 8948 8970 8989 8996 9026 9035 9046 9087 9109 9123 9129 9143 9145 9232 9247 9251 9269 9280 9322 9334 9372 9377 9382 9385 9415 9425 9432 9483 9494 9506 9538 9583 9595 9597 9602 9603 9609 9616 9647 9668 9682 9690 9693 9730 9733 9737 9738 9739 9741 9742 9745 9751 9759 9767 9774 9784 9793 9794 9800 9805 9812 9813 9821 9824 9826 9828 9847 9848 9850 9851 9852 9855 9869 9879 9881 9882 9886 9889 9895 9899 9900 9901 9906 9909 9910 9911 9912 9913 9915 9921 9922 9923 9925 9929 9933 9934 9936 9938 9939 9940 9945 9948 9949
98 285 327 485 599 1053 1191 1490 1577 1648 1714 1729 1991 2244 2615 2793 2805 2871 2982 3195 3346 3604 4015 4044 4156 4292 4392 4565 4739 4886 5118 5133 5193 5264 5325 5449 5570 5842 5968 6024 6198 6203 6250 6333 6337 6341 6535 6634 6636 6717 6760 6853 7026 7062 7123 7230 7235 7250 7287 7448 7534 7616 7659 7742 7876 7894 7928 7930 7989 8058 8205 8258 8326 8327 8412 8446 8450 8504 8577 8602 8628 8640 8663 8746 8777 8794 8838 8857 8869 8903 8909 8910 8939 8963 8980 8981 9017 9022 9060 9076 9097 9101 9129 9139 9183 9220 9222 9234 9265 9316 9350 9371 9374 9375 9377 9407 9413 9414 9420 9476 9496 9522 9536 9581 9593 9596 9600 9639 9644 9664 9677 9685 9705 9726 9728 9729 9733 9737 9742 9756 9769 9782 9790 9798 9799 9802 9805 9810 9820 9821 9825 9842 9843 9846 9851 9852 9854 9859 9867 9876 9880 9882 9885 9886 9895 9896 9899 9901 9903 9908 9909 9915 9918 9921 9922 9929 9933 9934 9938 9939 9940 9944 9949
229 241 463 530 576 673 929 989 1386 1643 2143 2469 2539 2733 2759 2866 2938 2950 3053 3076 3413 3999 4050 4150 4478 4489 4678 4770 4859 4910 5093 5120 5150 5244 5267 5314 5321 5387 5550 5786 5963 6172 6230 6326 6403 6463 6700 6829 6884 6951 7003 7160 7187 7228 7232 7288 7388 7392 7434 7487 7523 7533 7567 7637 7736 7863 7872 7875 7901 7910 7928 8049 8072 8080 8188 8261 8292 8317 8351 8368 8390 8466 8468 8541 8557 8605 8617 8626 8724 8733 8744 8819 8825 8839 8857 8874 8896 8919 8942 8955 8966 8975 8986 9073 9078 9091 9101 9102 9114 9121 9138 9157 9170 9183 9219 9220 9252 9258 9260 9265 9298 9304 9305 9307 9318 9340 9360 9368 9389 9392 9406 9407 9434 9476 9520 9545 9575 9588 9592 9631 9643 9651 9660 9668 9670 9676 9683 9693 9706 9715 9729 9730 9736 9737 9740 9759 9773 9775 9777 9786 9798 9802 9820 9832 9839 9844 9850 9864 9872 9877 9878 9882 9883 9885 9890 9895 9899 9901 9902 9907 9908 9909 9914 9916 9917 9919 9921 9922 9928 9934 9936 9938 9939 9940 9942 9944
72 90 217 467 522 530 541 904 1272 1445 1832 2139 2381 2657 2702 2756 2789 2928 2958 3206 3488 3909 3993 4174 4243 4288 4455 4550 4600 4910 5086 5217 5270 5273 5362 5518 5756 5950 5951 6085 6149 6164 6275 6317 6353 6376 6524 6682 6711 6774 6887 7134 7182 7208 7212 7222 7364 7385 7482 7561 7668 7843 7862 7897 8028 8114 8150 8155 8186 8208 8303 8411 8556 8592 8667 8694 8716 8722 8725 8730 8742 8750 8764 8804 8820 8825 8881 8890 8891 8893 8905 8907 8938 8942 8953 8958 9043 9063 9072 9093 9113 9115 9121 9127 9143 9155 9158 9185 9220 9221 9251 9263 9297 9304 9329 9330 9338 9339 9344 9354 9379 9405 9450 9463 9471 9503 9512 9539 9569 9582 9585 9592 9608 9615 9638 9641 9649 9657 9660 9665 9677 9694 9698 9716 9724 9725 9731 9736 9747 9757 9759 9769 9770 9780 9795 9798 9802 9815 9818 9820 9826 9832 9839 9841 9844 9845 9846 9848 9850 9865 9870 9874 9882 9883 9886 9887 9895 9897 9899 9907 9910 9913 9915 9921 9923 9924 9925 9931 9933 9934 9935 9936 9938 9939 9940 9942
160 178 359 400 422 673 1238 1303 1352 2011 2323 2488 2713 2735 2745 2844 2971 3130 3706 3901 3925 3966 3985 4236 4325 4412 4701 4778 5028 5082 5186 5234 5306 5431 5496 5584 5926 5946 6068 6130 6158 6334 6676 6739 6758 6822 7039 7155 7195 7209 7361 7382 7406 7421 7443 7467 7568 7737 7761 7792 7813 7818 7856 7877 7952 7998 8092 8104 8186 8245 8310 8513 8524 8560 8591 8660 8683 8686 8708 8709 8758 8773 8774 8788 8790 8795 8842 8849 8868 8878 8898 8901 8911 8921 8929 8953 8958 9043 9048 9080 9109 9137 9141 9145 9159 9215 9217 9246 9250 9263 9289 9291 9337 9356 9367 9371 9380 9399 9424 9443 9451 9462 9508 9511 9564 9568 9571 9580 9582 9598 9644 9651 9653 9675 9698 9724 9725 9732 9742 9748 9765 9795 9797 9801 9818 9820 9824 9827 9828 9834 9835 9840 9846 9849 9863 9864 9865 9869 9870 9872 9882 9884 9886 9890 9891 9892 9894 9907 9908 9909 9917 9918 9919 9921 9923 9931 9934 9935 9937 9939 9940 9942
276 321 339 403 410 577 588 870 1092 1304 1368 1708 1936 1994 2187 2275 2447 2571 2625 2632 2697 2764 2832 2837 2851 3555 3676 3724 3747 3827 3952 4045 4727 4748 4754 4884 5082 5093 5172 5197 5238 5408 5462 5816 5908 6048 6103 6114 6220 6290 6485 6503 6630 6652 6673 6728 6790 6981 7119 7187 7198 7289 7318 7346 7444 7557 7731 7806 7832 7834 7868 7948 7959 7966 8077 8081 8088 8089 8129 8175 8209 8223 8261 8308 8488 8500 8524 8548 8559 8586 8626 8673 8683 8694 8707 8747 8762 8766 8848 8862 8876 8880 8892 8927 8930 9048 9063 9074 9075 9100 9115 9139 9153 9180 9217 9237 9280 9287 9333 9334 9355 9393 9397 9431 9436 9451 9496 9547 9559 9564 9566 9578 9582 9609 9634 9637 9643 9651 9673 9674 9683 9715 9724 9725 9727 9729 9730 9731 9742 9743 9755 9757 9776 9783 9790 9794 9796 9800 9801 9811 9813 9816 9818 9824 9827 9833 9844 9848 9854 9860 9862 9865 9866 9868 9869 9870 9871 9873 9881 9882 9884 9886 9887 9889 9891 9905 9907 9908 9909 9914 9916 9917 9918 9921 9922 9923 9928 9930 9931 9933 9934 9938 9939 9940
91 393 574 1074 1195 1329 1444 1560 1731 1776 2114 2339 2431 2484 2538 2646 2829 2982 3422 3436 3517 3626 3706 3790 3829 3939 4208 4701 4856 5017 5033 5056 5138 5187 5195 5234 5368 5816 5898 5909 6017 6019 6095 6133 6147 6181 6264 6380 6389 6556 6583 6615 6646 6675 6814 6894 6921 7002 7178 7183 7264 7309 7405 7414 7679 7753 7758 7814 7851 7866 7884 7925 8026 8068 8169 8171 8208 8213 8271 8336 8415 8443 8455 8477 8527 8535 8645 8660 8662 8674 8675 8700 8743 8749 8756 8760 8762 8764 8809 8843 8867 8873 8916 8974 9006 9029 9052 9055 9068 9092 9094 9106 9153 9156 9171 9175 9201 9209 9261 9265 9270 9284 9329 9336 9436 9437 9492 9531 9561 9562 9572 9573 9574 9607 9620 9626 9629 9634 9647 9672 9683 9711 9713 9716 9723 9726 9737 9741 9746 9753 9775 9785 9788 9790 9792 9794 9796 9797 9809 9811 9812 9814 9818 9820 9827 9829 9831 9835 9851 9854 9860 9864 9866 9867 9868 9870 9876 9878 9879 9881 9884 9902 9903 9905 9907 9909 9916 9918 9919 9921 9926 9928 9929 9931 9933 9934 9936
49 208 330 377 877 892 904 1020 1034 1717 2114 2253 2275 2409 2453 2489 3414 3418 3655 3669 4668 4685 4697 4757 4861 4886 4979 5044 5066 5117 5185 5219 5280 5337 5813 5866 5869 5923 6021 6074 6201 6300 6602 6777 6814 6823 6942 6995 7155 7178 7256 7284 7487 7575 7682 7756 7797 7822 7855 7874 7921 7956 8065 8095 8161 8167 8193 8357 8378 8476 8511 8569 8574 8588 8643 8656 8686 8692 8714 8738 8740 8748 8752 8755 8757 8805 8830 8841 8869 8885 8930 8958 9017 9018 9052 9074 9082 9091 9156 9191 9253 9261 9282 9320 9328 9393 9399 9411 9432 9476 9520 9527 9531 9560 9561 9565 9570 9602 9605 9615 9616 9623 9633 9640 9666 9671 9696 9706 9707 9709 9711 9726 9736 9738 9762 9769 9781 9782 9789 9790 9794 9805 9809 9811 9812 9828 9829 9839 9850 9851 9859 9860 9864 9867 9877 9878 9881 9884 9894 9899 9901 9903 9905 9908 9909 9913 9914 9918 9919 9920 9923 9926 9928 9930 9931 9932 9934 9936
43 62 205 297 593 698 953 1013 1607 1949 2032 2207 2246 2337 2415 2456 3272 3313 3463 3621 4232 4602 4619 4646 4688 4758 4829 4970 5007 5016 5190 5193 5231 5310 5580 5691 5747 5773 5860 5950 6068 6069 6194 6263 6298 6348 6582 6642 6804 7031 7080 7157 7163 7205 7208 7226 7279 7284 7305 7598 7656 7694 7715 7787 7800 7857 7909 7941 7997 8068 8092 8239 8289 8315 8348 8475 8490 8498 8510 8569 8604 8606 8623 8651 8692 8716 8795 8804 8835 8842 8855 8862 8869 8956 8958 8985 9014 9026 9058 9062 9069 9079 9123 9131 9185 9187 9189 9248 9280 9282 9287 9296 9318 9323 9335 9344 9365 9402 9409 9429 9472 9494 9515 9526 9543 9560 9564 9568 9580 9594 9614 9616 9617 9627 9657 9683 9698 9699 9705 9706 9707 9708 9721 9722 9724 9726 9736 9744 9763 9766 9776 9783 9785 9787 9789 9791 9792 9804 9808 9811 9819 9824 9826 9829 9835 9845 9846 9856 9858 9861 9865 9866 9871 9875 9879 9882 9883 9889 9896 9898 9900 9902 9903 9909 9912 9914 9917 9919 9923 9924 9929 9930 9931
103 211 584 780 817 892 995 1540 1723 1890 1946 2069 2136 2320 2917 3096 3163 3172 3270 3405 3440 3577 3711 4221 4521 4581 4706 4829 4999 5010 5125 5178 5203 5332 5721 5724 5758 5760 5813 5975 6042 6100 6248 6269 6315 6525 6558 6579 6591 6745 6759 6775 6798 6866 6940 7055 7163 7183 7184 7517 7524 7555 7583 7657 7757 7776 7900 7915 8042 8069 8076 8189 8289 8304 8383 8471 8474 8549 8563 8567 8587 8606 8631 8640 8649 8667 8671 8710 8749 8776 8805 8827 8828 8829 8942 8961 8970 8977 9004 9008 9050 9060 9064 9097 9119 9122 9159 9162 9183 9221 9223 9243 9246 9259 9273 9277 9288 9312 9314 9318 9330 9333 9356 9428 9447 9463 9486 9512 9526 9538 9547 9555 9556 9561 9567 9575 9583 9593 9608 9620 9650 9653 9675 9682 9690 9692 9705 9717 9721 9725 9730 9737 9765 9768 9776 9785 9803 9805 9808 9817 9823 9828 9845 9849 9856 9857 9860 9865 9869 9874 9881 9883 9887 9894 9895 9900 9901 9902 9906 9907 9910 9914 9916 9918 9919 9921 9927 9929 9931
49 163 535 787 953 1029 1479 1869 1967 2036 2091 2120 2263 2551 2721 2897 3042 3128 3404 3438 4125 4375 4501 4505 4538 4685 4687 4730 4757 4906 4917 4975 5076 5098 5117 5268 5292 5446 5623 5630 5650 5654 5704 5735 5752 6030 6031 6038 6076 6129 6251 6285 6500 6562 6669 6731 6762 6866 6877 6882 6977 6983 7066 7095 7108 7162 7261 7324 7349 7401 7411 7453 7492 7516 7524 7592 7641 7648 7688 7767 7818 7868 7888 7988 8002 8057 8068 8284 8292 8366 8382 8460 8462 8468 8545 8556 8569 8571 8577 8594 8620 8652 8658 8659 8697 8709 8769 8776 8801 8826 8830 8857 8904 8941 8946 8956 8991 9011 9046 9059 9064 9116 9158 9171 9175 9181 9208 9218 9221 9234 9242 9250 9267 9268 9276 9282 9300 9301 9311 9319 9418 9454 9481 9499 9509 9535 9543 9550 9552 9554 9561 9574 9577 9603 9608 9617 9642 9653 9678 9679 9687 9705 9706 9718 9721 9725 9728 9729 9730 9756 9764 9768 9769 9772 9774 9776 9782 9792 9793 9801 9808 9817 9821 9827 9828 9841 9845 9856 9860 9863 9866 9872 9874 9875 9881 9884 9892 9893 9896 9897 9899 9902 9910 9913 9915 9918 9919 9922 9927 9929
35 65 560 751 770 858 908 1031 1771 1774 1946 1984 2109 2257 2709 2844 2974 3052 3119 3257 3387 4472 4505 4538 4594 4722 4725 4825 4876 4889 4944 4972 5069 5081 5281 5378 5429 5504 5643 5713 5748 5943 5986 5999 6249 6273 6360 6385 6452 6675 6720 6778 6801 6879 6944 6957 6959 7003 7010 7095 7126 7127 7137 7295 7383 7454 7458 7461 7483 7530 7615 7720 7763 7806 7811 7837 7882 7975 8002 8055 8192 8235 8247 8356 8368 8396 8403 8444 8501 8544 8551 8566 8579 8595 8612 8619 8635 8655 8692 8723 8776 8793 8799 8810 8824 8825 8857 8931 8933 8936 8963 8988 9012 9052 9053 9056 9079 9081 9112 9124 9141 9175 9181 9183 9192 9230 9234 9248 9251 9267 9296 9303 9414 9426 9449 9470 9493 9532 9537 9548 9557 9558 9561 9567 9574 9577 9580 9588 9591 9607 9608 9639 9657 9660 9679 9684 9692 9694 9703 9707 9712 9719 9724 9740 9753 9761 9767 9769 9772 9776 9781 9795 9801 9803 9804 9808 9809 9819 9827 9844 9853 9855 9858 9860 9862 9871 9872 9873 9874 9878 9880 9881 9888 9890 9891 9893 9895 9896 9900 9902 9910 9912 9913 9914 9915 9916 9922 9924 9928 9929
618 743 808 816 1380 1599 1650 1704 1766 1949 2081 2219 2230 2326 2330 2431 2482 2768 2802 3023 3053 3246 4445 4475 4547 4679 4714 4720 4812 4818 4860 4879 4949 5050 5057 5249 5407 5612 5627 5713 5719 5731 5900 6227 6230 6316 6343 6696 6702 6860 6939 6954 6973 7008 7021 7058 7071 7094 7131 7249 7344 7380 7402 7416 7445 7451 7488 7495 7577 7613 7629 7739 7833 7875 7920 7939 8016 8150 8164 8237 8302 8330 8365 8396 8433 8468 8492 8534 8548 8565 8585 8598 8633 8635 8644 8661 8668 8686 8698 8771 8808 8829 8855 8861 8873 8900 8924 8932 8961 8977 9002 9039 9054 9116 9127 9130 9138 9155 9176 9181 9218 9222 9240 9243 9267 9274 9285 9288 9348 9353 9412 9426 9436 9477 9493 9494 9530 9534 9557 9558 9565 9566 9599 9604 9607 9633 9678 9679 9680 9690 9694 9696 9703 9708 9710 9719 9721 9724 9726 9741 9748 9759 9765 9769 9773 9780 9781 9789 9793 9801 9802 9803 9807 9808 9819 9823 9842 9847 9853 9854 9855 9859 9860 9867 9869 9870 9871 9878 9879 9880 9881 9884 9886 9889 9891 9894 9899 9900 9901 9910 9913 9916 9917 9922 9928 9929
561 571 616 618 1019 1051 1062 1185 1609 1765 1794 2165 2387 2564 2573 2903 2940 3233 4412 4422 4552 4690 4752 4803 4940 5004 5180 5316 5399 5523 5591 5607 5699 5870 6213 6225 6229 6297 6500 6506 6544 6683 6695 6869 6882 6916 6985 6994 6996 7029 7058 7088 7277 7347 7466 7514 7539 7636 7659 7684 7693 7804 7849 7895 7918 7974 8132 8139 8149 8225 8297 8357 8415 8511 8522 8550 8556 8577 8615 8618 8628 8650 8667 8673 8761 8805 8821 8864 8889 8909 8922 8923 8926 8932 8995 9004 9031 9034 9098 9117 9125 9130 9134 9159 9181 9200 9220 9239 9251 9260 9265 9279 9300 9319 9400 9402 9411 9425 9450 9479 9483 9528 9529 9536 9544 9557 9565 9572 9581 9606 9608 9627 9669 9676 9687 9690 9700 9702 9708 9724 9737 9744 9749 9764 9768 9779 9780 9790 9792 9797 9799 9802 9807 9810 9813 9815 9819 9823 9833 9835 9836 9840 9846 9847 9852 9853 9856 9859 9860 9863 9864 9867 9869 9870 9871 9877 9878 9879 9880 9883 9890 9891 9892 9897 9900 9904 9910 9912 9914 9916 9920 9928
559 575 854 1027 1047 1404 1544 1718 1750 2042 2099 2234 2526 2634 2886 3015 3220 4273 4397 4456 4634 4656 4725 4737 4806 4906 4952 5141 5337 5398 5512 5572 5573 5607 5839 5852 5857 5933 5991 6214 6225 6283 6313 6467 6681 6723 6735 6850 6896 6933 6957 6973 6978 7034 7259 7348 7383 7432 7433 7440 7487 7488 7598 7620 7635 7712 7768 7791 7840 7848 7886 7888 7913 7920 8020 8105 8155 8193 8218 8313 8365 8406 8500 8503 8520 8564 8570 8575 8613 8629 8657 8750 8755 8760 8800 8805 8855 8896 8900 8904 8914 8919 8923 9027 9030 9039 9055 9107 9132 9133 9151 9152 9168 9177 9178 9213 9239 9241 9254 9261 9288 9317 9363 9390 9395 9442 9505 9506 9511 9520 9521 9524 9534 9539 9553 9554 9559 9560 9569 9574 9593 9596 9598 9620 9660 9664 9671 9676 9686 9688 9699 9703 9705 9707 9715 9720 9736 9744 9748 9751 9757 9760 9768 9770 9773 9780 9790 9791 9792 9793 9795 9798 9803 9805 9813 9814 9826 9827 9837 9838 9839 9847 9849 9850 9857 9859 9860 9863 9866 9869 9878 9880 9888 9890 9891 9895 9896 9900 9901 9902 9909 9911 9912 9915 9916 9928
99 467 512 972 1333 1363 1713 1838 1861 1979 2302 2414 2415 2732 3171 3941 4117 4241 4259 4355 4356 4423 4504 4508 4581 4631 4649 4800 4842 5106 5152 5359 5441 5533 5591 5655 5688 5750 5806 5815 5828 5854 5904 5945 6164 6195 6217 6282 6412 6588 6644 6655 6689 6763 6773 6874 6896 6921 6938 6961 6967 6972 7106 7217 7258 7325 7367 7405 7476 7608 7623 7655 7673 7768 7792 7884 7909 7974 7999 8043 8146 8179 8208 8304 8333 8364 8388 8499 8508 8518 8521 8602 8611 8730 8732 8790 8802 8841 8859 8891 8902 8909 8918 8923 9017 9022 9037 9039 9073 9103 9106 9132 9148 9153 9207 9227 9235 9237 9265 9286 9303 9356 9402 9410 9427 9500 9502 9511 9516 9518 9528 9537 9547 9592 9595 9596 9641 9645 9652 9662 9672 9678 9683 9699 9704 9718 9730 9731 9744 9746 9753 9764 9778 9779 9780 9784 9788 9791 9795 9796 9798 9801 9802 9804 9810 9811 9815 9817 9823 9829 9835 9840 9844 9846 9849 9850 9856 9860 9862 9865 9869 9874 9875 9877 9879 9888 9890 9892 9893 9898 9899 9901 9904 9907 9909 9912 9916 9924 9928
314 393 439 476 1322 1555 1789 1937 2170 2260 3112 3842 3890 4190 4334 4354 4424 4533 4549 4562 4585 4654 4669 4781 4874 5132 5289 5293 5402 5501 5584 5614 5678 5700 5931 6096 6132 6186 6192 6232 6243 6279 6459 6485 6625 6637 6663 6789 6810 6826 6842 6882 6948 6959 7256 7300 7313 7314 7360 7450 7562 7607 7631 7663 7675 7690 7695 7733 7735 7757 7847 7879 7898 7904 7953 8123 8156 8282 8303 8331 8362 8417 8442 8451 8458 8494 8496 8497 8499 8505 8556 8609 8686 8698 8729 8761 8788 8796 8799 8875 8883 8900 8901 8906 8911 8939 8952 8976 8999 9003 9024 9042 9052 9098 9101 9107 9139 9143 9194 9195 9225 9226 9234 9235 9237 9260 9263 9280 9301 9340 9372 9391 9482 9489 9492 9494 9515 9518 9522 9533 9544 9545 9554 9579 9580 9594 9596 9629 9646 9657 9671 9672 9673 9699 9700 9713 9717 9725 9726 9730 9734 9737 9755 9761 9775 9781 9785 9787 9788 9793 9800 9803 9804 9809 9811 9814 9836 9843 9844 9846 9848 9849 9853 9854 9858 9864 9865 9866 9871 9873 9877 9882 9886 9888 9893 9894 9898 9899 9900 9903 9904 9906 9912 9915 9921 9927
153 187 372 410 418 1289 1306 1319 1370 1391 1644 1652 1745 1776 1875 2097 3086 3173 3465 3660 3831 4082 4120 4171 4256 4278 4351 4518 4649 4782 4951 5139 5171 5270 5381 5448 5502 5504 5583 5653 5668 5684 5847 5909 5973 6085 6154 6254 6319 6353 6360 6373 6476 6535 6629 6641 6657 6660 6821 6865 6893 6940 6948 7256 7271 7301 7343 7443 7541 7550 7617 7626 7643 7669 7682 7752 7831 7869 7908 8016 8058 8134 8142 8244 8256 8270 8302 8352 8419 8435 8480 8481 8484 8500 8543 8568 8587 8602 8605 8679 8705 8713 8752 8788 8799 8837 8883 8906 8932 8948 8949 8976 8986 9001 9003 9030 9039 9069 9093 9108 9121 9174 9210 9215 9224 9239 9249 9297 9335 9353 9367 9421 9436 9487 9502 9517 9527 9533 9538 9545 9561 9562 9567 9583 9592 9595 9602 9618 9628 9630 9646 9649 9652 9666 9667 9679 9691 9692 9698 9699 9715 9718 9745 9749 9755 9757 9759 9770 9773 9774 9777 9780 9781 9791 9796 9799 9803 9809 9817 9825 9831 9842 9844 9845 9851 9853 9862 9863 9871 9872 9876 9882 9883 9884 9888 9893 9897 9899 9900 9902 9903 9905 9910 9912 9918
67 109 268 650 1205 1474 1494 1582 1732 1734 1763 1776 1831 1882 2679 3047 3615 3899 3994 4019 4078 4255 4340 4357 4516 4518 4554 4619 4723 4729 4947 4985 5012 5254 5295 5324 5328 5367 5495 5515 5552 5648 5683 5814 5864 6014 6032 6060 6128 6153 6225 6292 6298 6411 6476 6528 6570 6618 6621 6663 6780 6781 6782 6846 6928 6936 6980 7171 7181 7322 7442 7572 7579 7621 7629 7648 7685 7803 7811 7834 7864 8034 8058 8216 8264 8297 8336 8353 8377 8416 8426 8431 8463 8465 8475 8494 8546 8564 8576 8598 8652 8661 8673 8726 8737 8739 8780 8785 8820 8822 8831 8840 8851 8859 8867 8870 8892 8893 8932 8935 8956 8968 8989 9000 9069 9084 9089 9091 9103 9133 9136 9168 9192 9201 9207 9208 9218 9243 9247 9265 9291 9332 9414 9415 9435 9479 9482 9495 9513 9515 9519 9525 9537 9553 9560 9562 9569 9572 9589 9596 9616 9635 9642 9644 9653 9662 9666 9670 9691 9692 9696 9698 9710 9711 9712 9730 9749 9755 9758 9759 9764 9774 9777 9791 9797 9801 9803 9804 9807 9810 9835 9837 9838 9841 9845 9850 9852 9859 9862 9865 9870 9871 9872 9876 9877 9879 9881 9884 9887 9891 9894 9896 9899 9902 9905 9906 9907 9912 9916 9917 9918
56 98 178 258 807 1131 1407 1712 1718 1754 1868 2657 2950 3518 3545 3758 3776 3951 3963 4025 4031 4084 4218 4319 4507 4563 4593 4613 4923 5010 5149 5308 5399 5479 5553 5586 5591 5592 5619 5848 5860 5979 5993 6028 6096 6102 6152 6215 6490 6511 6542 6604 6699 6757 6781 6840 6917 7097 7114 7156 7184 7230 7238 7322 7345 7435 7497 7520 7562 7598 7608 7803 7817 7827 7880 7960 8020 8038 8215 8219 8268 8292 8361 8397 8428 8461 8475 8486 8526 8648 8658 8668 8715 8720 8736 8754 8779 8818 8848 8869 8871 8872 8889 8930 8943 8952 8954 8968 8980 8999 9063 9068 9083 9091 9112 9142 9145 9184 9189 9192 9199 9213 9227 9235 9264 9272 9293 9314 9399 9401 9408 9425 9464 9468 9477 9479 9489 9505 9507 9513 9527 9530 9546 9553 9559 9560 9577 9585 9597 9630 9638 9651 9653 9661 9681 9684 9687 9690 9698 9707 9736 9737 9747 9751 9755 9757 9774 9776 9785 9795 9802 9803 9807 9818 9821 9824 9826 9836 9840 9844 9846 9847 9852 9860 9863 9866 9871 9872 9873 9881 9883 9885 9886 9890 9892 9896 9898 9899 9900 9901 9903 9904 9907 9914 9917
81 133 517 732 925 1051 1068 1078 1403 1533 1603 1737 1801 1986 2077 2182 2255 2352 2779 2929 3425 3559 3750 3860 3907 3932 3934 4056 4075 4212 4302 4431 4503 4599 4612 4792 5044 5078 5249 5300 5377 5398 5577 5819 5885 5925 5994 6168 6333 6451 6499 6551 6587 6627 6731 6746 6753 6828 6911 7065 7109 7146 7151 7301 7310 7415 7423 7489 7519 7525 7727 7800 7811 7984 8000 8011 8012 8031 8119 8189 8196 8205 8214 8220 8261 8300 8391 8452 8461 8483 8500 8523 8546 8644 8647 8652 8654 8697 8701 8765 8778 8786 8803 8824 8827 8834 8840 8855 8862 8896 8907 8926 8946 8954 8966 8992 9009 9064 9075 9083 9094 9103 9174 9176 9190 9208 9244 9280 9283 9331 9332 9334 9365 9381 9434 9463 9468 9499 9503 9504 9507 9511 9513 9526 9530 9541 9555 9567 9574 9575 9616 9624 9630 9637 9645 9651 9677 9685 9687 9689 9690 9697 9698 9721 9732 9739 9742 9745 9752 9755 9756 9757 9758 9760 9768 9770 9772 9774 9783 9788 9793 9796 9803 9804 9811 9827 9830 9837 9840 9842 9846 9847 9849 9852 9858 9859 9862 9866 9868 9869 9871 9872 9873 9878 9882 9883 9884 9885 9889 9893 9895 9896 9899 9901 9902 9906 9914 9917
57 470 823 973 1060 1259 1534 1593 1879 2160 2496 2886 3384 3622 3685 3921 3925 3926 4156 4245 4395 4441 4502 4520 4618 4867 4870 5009 5057 5209 5289 5422 5491 5548 5563 5631 5704 5777 5782 5912 5928 5958 6149 6297 6368 6430 6479 6540 6589 6637 6672 6715 6745 6782 6820 6857 6881 6922 6959 7074 7100 7141 7159 7169 7199 7247 7383 7415 7460 7497 7520 7553 7581 7698 7788 7797 7949 7984 7987 8007 8015 8152 8203 8211 8287 8318 8342 8379 8446 8475 8480 8516 8560 8590 8630 8631 8653 8662 8690 8696 8715 8730 8757 8769 8798 8805 8814 8819 8829 8877 8895 8896 8924 8952 8955 8976 9010 9025 9061 9064 9092 9156 9171 9174 9183 9184 9191 9240 9256 9264 9277 9283 9314 9329 9343 9349 9422 9462 9465 9468 9487 9498 9501 9520 9523 9531 9541 9549 9555 9559 9577 9595 9620 9630 9638 9645 9654 9659 9681 9683 9687 9693 9694 9717 9719 9725 9731 9733 9738 9745 9750 9752 9753 9758 9760 9765 9770 9771 9772 9782 9788 9792 9793 9797 9802 9805 9808 9810 9819 9829 9832 9837 9840 9841 9844 9847 9848 9851 9858 9864 9866 9867 9869 9870 9871 9872 9875 9881 9882 9883 9889 9891 9894 9896 9897 9900 9901 9904 9911 9912
248 336 403 650 667 782 854 893 899 1000 1213 1348 1532 1781 1840 2062 2094 2393 2442 3261 3276 3579 3727 3757 3825 3839 3921 3941 3995 4029 4092 4351 4418 4475 4501 4549 4598 4967 5054 5118 5159 5232 5392 5469 5544 5693 5718 5812 5849 5865 5876 6015 6125 6264 6277 6409 6512 6516 6521 6564 6578 6588 6595 6663 6760 6794 6823 6824 6837 6892 7026 7060 7069 7136 7197 7239 7411 7480 7483 7504 7521 7698 7719 7763 7768 7791 7907 7996 8089 8101 8125 8129 8170 8196 8216 8235 8257 8301 8320 8350 8351 8364 8414 8438 8443 8450 8528 8588 8607 8627 8631 8648 8651 8653 8666 8689 8748 8781 8794 8797 8825 8868 8870 8910 8921 8945 8948 8976 9016 9061 9071 9116 9118 9171 9179 9255 9260 9328 9400 9429 9433 9454 9461 9464 9484 9486 9487 9495 9498 9511 9512 9521 9523 9538 9547 9549 9599 9602 9612 9619 9626 9634 9635 9636 9640 9641 9643 9667 9677 9679 9683 9687 9692 9694 9702 9730 9732 9736 9739 9745 9748 9757 9758 9760 9762 9771 9788 9790 9791 9798 9803 9805 9808 9814 9821 9823 9834 9837 9840 9847 9851 9856 9862 9864 9865 9867 9872 9875 9879 9881 9884 9886 9889 9892 9895 9896 9900 9905 9907
51 460 463 725 843 976 989 1029 1132 1391 1468 1698 1780 2072 2081 2375 2720 2791 3264 3365 3568 3626 3637 3735 3879 3981 4024 4081 4213 4215 4402 4495 4926 4942 5067 5084 5153 5165 5223 5224 5263 5288 5367 5373 5377 5459 5661 5693 5702 5750 5826 5849 5873 6014 6174 6210 6233 6240 6330 6370 6486 6591 6642 6656 6743 6783 6878 7006 7031 7058 7061 7101 7214 7218 7266 7362 7409 7478 7632 7656 7703 7763 7899 7913 8023 8048 8049 8087 8170 8199 8200 8214 8225 8262 8340 8411 8435 8437 8445 8505 8524 8538 8551 8577 8588 8624 8630 8647 8648 8658 8713 8745 8768 8776 8780 8788 8823 8831 8887 8892 8901 8943 8946 8958 9001 9060 9061 9069 9096 9162 9166 9169 9175 9323 9400 9409 9429 9454 9459 9474 9479 9485 9486 9490 9492 9512 9515 9518 9519 9523 9541 9546 9584 9596 9606 9618 9635 9637 9640 9650 9653 9673 9675 9676 9678 9681 9683 9686 9692 9694 9723 9724 9731 9732 9748 9749 9753 9764 9770 9787 9788 9789 9790 9791 9804 9823 9829 9830 9836 9840 9841 9847 9848 9851 9854 9856 9859 9861 9867 9871 9875 9876 9878 9879 9885 9888 9891 9894 9896 9898 9899 9900 9905
545 660 742 931 1381 1387 1712 1872 2013 2703 3056 3092 3151 3176 3184 3256 3516 3517 3625 3797 3993 4023 4213 4390 4419 4487 4858 4909 5041 5062 5095 5222 5259 5357 5381 5565 5574 5615 5620 5636 5719 5791 5794 5883 6013 6036 6158 6190 6286 6359 6370 6408 6641 6683 6713 6730 6744 6772 6818 6913 6957 6965 7003 7048 7109 7170 7178 7343 7349 7450 7451 7519 7570 7664 7803 7833 7869 7871 7991 8012 8044 8065 8119 8123 8166 8220 8232 8308 8313 8350 8359 8386 8389 8390 8406 8424 8430 8434 8459 8474 8505 8515 8516 8540 8554 8570 8641 8691 8710 8736 8757 8767 8768 8799 8803 8817 8843 8850 8879 8938 8962 8971 8985 8995 9003 9061 9068 9089 9108 9150 9160 9162 9163 9166 9197 9286 9322 9338 9344 9404 9424 9435 9451 9473 9474 9479 9482 9484 9503 9516 9518 9526 9534 9540 9547 9581 9589 9615 9617 9623 9632 9637 9638 9649 9666 9670 9675 9678 9682 9684 9688 9693 9698 9712 9720 9730 9737 9740 9746 9747 9748 9752 9757 9764 9768 9770 9781 9787 9788 9789 9791 9818 9828 9835 9836 9839 9841 9845 9846 9847 9851 9854 9855 9858 9860 9868 9871 9874 9877 9879 9884 9885 9888 9892 9894 9897 9898 9900
515 767 840 881 902 945 978 1177 1219 1501 1677 1832 1942 1968 2053 2975 3106 3110 3169 3241 3558 3594 3626 3712 3790 4222 4316 4347 4398 4783 4882 5059 5211 5349 5350 5488 5565 5571 5614 5701 5775 5858 5945 5984 6125 6158 6159 6160 6192 6237 6337 6392 6619 6631 6632 6643 6718 6727 6728 6749 6830 6874 6944 6961 6993 7000 7010 7103 7171 7260 7276 7336 7342 7359 7445 7584 7650 7726 7829 7864 7871 7936 7959 7968 8087 8089 8091 8143 8216 8307 8339 8376 8377 8394 8424 8461 8462 8499 8547 8559 8561 8591 8617 8631 8639 8641 8673 8681 8695 8725 8733 8735 8760 8775 8796 8813 8817 8845 8859 8915 8926 8935 8943 8993 9057 9102 9108 9113 9125 9131 9156 9160 9166 9196 9242 9244 9295 9322 9348 9364 9413 9417 9447 9464 9469 9476 9481 9482 9489 9495 9516 9517 9520 9524 9527 9533 9567 9588 9609 9618 9619 9631 9634 9644 9661 9663 9665 9674 9681 9682 9685 9712 9722 9729 9740 9746 9752 9755 9768 9770 9777 9782 9784 9788 9804 9815 9828 9833 9835 9841 9846 9847 9848 9853 9854 9857 9860 9867 9872 9874 9875 9876 9877 9880 9882 9883 9887 9889 9893 9896 9897 9898 9899
257 389 576 666 735 789 1101 1163 1168 1371 1445 1895 2009 2027 2564 2696 2872 2964 3055 3153 3207 3454 3457 3507 3589 3658 3734 3766 3875 4008 4121 4219 4306 4308 4318 4319 4351 4364 4408 4432 4492 4749 4761 4997 5030 5047 5099 5171 5334 5412 5564 5604 5646 5696 5762 5933 6128 6192 6278 6312 6344 6347 6453 6502 6542 6549 6554 6583 6630 6706 6822 6842 6935 6987 7000 7021 7072 7114 7146 7263 7318 7365 7415 7436 7624 7673 7800 7827 7858 7861 7900 7945 7948 7956 8012 8045 8073 8113 8187 8212 8249 8305 8352 8375 8387 8410 8411 8433 8483 8557 8578 8591 8610 8632 8638 8669 8733 8735 8765 8810 8817 8834 8840 8896 8910 8916 8936 9046 9056 9076 9079 9104 9124 9154 9160 9166 9206 9228 9285 9317 9336 9394 9395 9415 9436 9441 9447 9460 9468 9474 9477 9482 9488 9489 9510 9519 9528 9533 9558 9569 9597 9599 9606 9613 9616 9624 9626 9630 9642 9647 9649 9655 9663 9669 9679 9680 9692 9699 9703 9712 9719 9737 9739 9752 9764 9766 9767 9772 9773 9775 9781 9783 9786 9787 9794 9797 9803 9816 9822 9827 9830 9832 9834 9835 9836 9842 9845 9846 9847 9850 9854 9855 9857 9872 9873 9875 9877 9881 9887 9889 9890 9892 9893 9897 9899
103 165 192 350 650 777 880 1087 1169 1304 1838 2298 2373 2443 2653 2837 2954 3010 3497 3543 3617 3656 3702 3752 3789 3819 4164 4171 4202 4269 4330 4431 4723 4939 4956 5001 5019 5024 5053 5065 5071 5284 5328 5334 5499 5548 5646 5709 5881 5926 6012 6109 6135 6174 6175 6221 6279 6285 6307 6451 6504 6627 6696 6703 6734 6816 6959 6975 7009 7069 7175 7226 7237 7262 7367 7413 7415 7551 7613 7675 7732 7824 7929 7937 7948 8027 8031 8071 8077 8151 8163 8176 8195 8305 8335 8338 8350 8378 8397 8407 8520 8573 8594 8634 8651 8657 8717 8743 8759 8778 8804 8830 8876 8909 8918 8927 8963 9014 9032 9045 9048 9055 9066 9077 9129 9152 9166 9198 9209 9269 9302 9316 9342 9371 9374 9380 9382 9407 9420 9434 9446 9447 9450 9453 9462 9472 9474 9482 9497 9505 9509 9518 9525 9551 9552 9569 9589 9596 9606 9617 9619 9624 9625 9636 9640 9653 9663 9664 9669 9675 9676 9677 9696 9699 9701 9709 9710 9711 9719 9731 9736 9737 9747 9750 9753 9766 9770 9781 9787 9796 9797 9808 9820 9825 9827 9830 9835 9840 9841 9842 9844 9845 9846 9850 9851 9852 9856 9861 9870 9872 9877 9881 9887 9889 9891 9896
68 233 318 408 634 700 721 738 770 1010 1055 1163 1249 1273 1521 1692 1753 2020 2609 2802 2908 2910 2937 3380 3412 3493 3511 3625 3683 3748 4048 4168 4194 4255 4374 4404 4651 4869 4897 4948 4962 5008 5134 5144 5320 5477 5495 5520 5540 5708 5771 5883 6046 6079 6235 6257 6416 6479 6518 6545 6557 6583 6653 6705 6733 6791 6832 6943 6951 6970 7004 7060 7157 7172 7226 7228 7371 7405 7415 7591 7675 7800 7878 7884 7933 7967 7977 8032 8041 8089 8107 8142 8237 8270 8303 8325 8377 8393 8404 8411 8460 8465 8486 8533 8562 8604 8633 8664 8707 8715 8740 8747 8753 8771 8792 8816 8822 8831 8865 8868 8870 8900 8907 8929 8974 9031 9036 9038 9048 9078 9088 9123 9125 9152 9230 9241 9297 9305 9358 9385 9386 9402 9404 9408 9436 9440 9444 9455 9457 9473 9475 9492 9495 9515 9517 9519 9542 9556 9573 9588 9589 9601 9603 9624 9628 9660 9663 9665 9672 9675 9677 9681 9696 9697 9698 9699 9715 9726 9728 9731 9735 9742 9747 9748 9758 9765 9767 9770 9774 9775 9780 9783 9789 9792 9801 9813 9825 9830 9835 9838 9844 9847 9848 9849 9852 9856 9863 9866 9867 9871 9875 9876 9881 9882 9885 9886 9887
88 240 462 535 617 685 837 838 1037 1141 1531 2263 2765 2798 2887 3247 3321 3371 3397 3434 3492 3611 3680 3884 4018 4040 4118 4159 4183 4194 4240 4356 4482 4609 4642 4729 4749 4861 4934 4978 5004 5184 5304 5423 5482 5496 5536 5629 5658 5671 5684 5829 5839 5916 6078 6186 6193 6338 6411 6460 6520 6574 6611 6644 6759 6769 6917 6926 6950 6954 6963 7134 7170 7171 7220 7357 7363 7376 7567 7620 7624 7798 7824 7847 7867 7878 7931 7963 8018 8021 8041 8120 8156 8245 8262 8270 8314 8352 8357 8361 8378 8403 8463 8474 8510 8530 8567 8604 8661 8679 8696 8700 8704 8708 8721 8733 8778 8786 8788 8796 8868 8871 8894 8925 9014 9032 9036 9048 9062 9121 9130 9132 9145 9146 9196 9197 9201 9222 9300 9304 9326 9334 9342 9360 9402 9404 9415 9429 9444 9447 9453 9457 9467 9471 9481 9490 9494 9497 9513 9530 9540 9548 9557 9565 9571 9595 9603 9624 9631 9641 9655 9670 9672 9674 9677 9684 9693 9697 9710 9715 9716 9720 9725 9734 9735 9748 9757 9760 9762 9766 9769 9770 9771 9780 9783 9796 9801 9806 9810 9811 9825 9828 9831 9832 9833 9835 9836 9838 9841 9842 9847 9848 9850 9851 9860 9863 9866 9871 9872 9876 9877 9886 9887
52 152 223 297 318 539 661 1021 1134 1224 1257 1356 1810 2225 2733 2737 2949 3212 3429 3570 3603 3873 3886 4049 4110 4145 4177 4258 4332 4406 4595 4638 4728 4767 4786 4953 4967 5104 5128 5156 5241 5250 5352 5452 5471 5483 5543 5608 5765 5805 5833 5910 6025 6033 6181 6182 6330 6399 6417 6433 6436 6465 6520 6629 6642 6712 6844 6850 6852 6939 6956 7164 7187 7196 7217 7299 7340 7418 7457 7463 7512 7586 7690 7764 7771 7801 7847 7851 7892 7927 7940 7950 7991 8012 8071 8088 8123 8184 8196 8216 8224 8230 8232 8256 8273 8296 8314 8320 8367 8375 8385 8396 8399 8429 8462 8496 8505 8542 8562 8578 8590 8622 8633 8634 8691 8695 8733 8739 8753 8755 8771 8786 8802 8843 8854 8878 8915 8942 8999 9001 9020 9030 9031 9032 9044 9046 9047 9055 9061 9081 9109 9123 9132 9137 9146 9177 9183 9185 9211 9221 9254 9288 9326 9337 9338 9349 9372 9389 9393 9411 9440 9441 9442 9468 9473 9479 9485 9512 9519 9522 9530 9533 9539 9547 9563 9575 9588 9612 9614 9621 9624 9626 9629 9642 9652 9661 9669 9673 9676 9687 9689 9697 9701 9710 9724 9725 9731 9735 9738 9741 9754 9756 9763 9768 9770 9771 9777 9778 9780 9782 9783 9795 9801 9806 9822 9824 9825 9826 9829 9831 9835 9836 9839 9840 9842 9845 9851 9855 9860 9862 9863 9869 9871 9875 9883 9885 9886
62 303 487 588 926 1201 2008 2230 2671 2687 2766 2949 3048 3260 3534 3536 3607 3673 3888 4031 4059 4216 4362 4573 4584 4619 4646 4700 4732 4915 4936 5086 5119 5252 5432 5444 5455 5471 5515 5546 5563 5608 5711 5766 5894 5898 6032 6159 6166 6296 6415 6465 6512 6625 6777 6832 6836 6844 6907 6931 6950 6958 7113 7144 7197 7199 7284 7444 7534 7557 7581 7687 7723 7744 7752 7762 7784 7826 7834 7921 7949 7988 7998 8071 8100 8195 8211 8213 8219 8225 8255 8267 8288 8307 8345 8353 8360 8372 8390 8425 8450 8451 8487 8490 8545 8551 8612 8614 8673 8675 8681 8688 8690 8730 8742 8761 8836 8837 8893 8902 8979 8983 9017 9027 9046 9052 9097 9099 9108 9129 9130 9145 9176 9189 9205 9231 9233 9287 9314 9341 9383 9387 9388 9418 9440 9441 9448 9460 9482 9483 9510 9532 9535 9550 9573 9595 9604 9614 9620 9636 9649 9659 9666 9667 9672 9680 9690 9697 9703 9704 9706 9716 9731 9732 9735 9751 9755 9756 9762 9768 9769 9777 9780 9788 9796 9800 9801 9803 9806 9811 9813 9816 9819 9820 9824 9825 9826 9829 9835 9840 9843 9844 9846 9849 9851 9852 9855 9871 9874 9879 9885
6 46 257 277 330 449 486 721 1191 1351 2116 2507 2627 2770 2874 2911 3250 3424 3471 3507 3872 3941 3956 3985 4080 4125 4299 4311 4536 4554 4557 4594 4797 4896 5005 5030 5296 5351 5366 5428 5447 5473 5529 5633 5656 5676 5734 5770 6026 6152 6159 6225 6262 6294 6391 6463 6509 6760 6778 6809 6816 6829 6886 6932 6997 7050 7069 7128 7187 7240 7267 7321 7360 7511 7583 7652 7742 7766 7783 7806 7811 7885 7903 7949 7964 7987 8032 8077 8081 8137 8165 8175 8179 8180 8181 8207 8208 8225 8242 8261 8307 8318 8339 8348 8366 8374 8388 8396 8421 8464 8478 8480 8504 8543 8602 8631 8652 8672 8679 8683 8684 8712 8715 8721 8733 8823 8824 8825 8876 8882 8949 8950 8974 8990 9013 9041 9058 9076 9093 9102 9128 9165 9170 9177 9190 9220 9281 9296 9313 9353 9376 9381 9383 9411 9428 9438 9439 9460 9477 9481 9491 9510 9515 9530 9566 9586 9594 9598 9620 9629 9633 9637 9659 9663 9664 9666 9667 9669 9677 9678 9697 9716 9729 9730 9732 9735 9744 9751 9755 9759 9766 9769 9771 9775 9777 9785 9799 9810 9812 9821 9823 9826 9834 9835 9837 9838 9842 9848 9851 9854 9862 9869 9871 9872 9884
8 227 579 1181 2407 2483 2605 2646 2749 2760 2816 2852 3196 3229 3245 3419 3508 3866 3878 3956 4125 4214 4364 4388 4422 4515 4587 4613 4787 4886 4894 4999 5123 5142 5149 5181 5226 5258 5395 5449 5489 5498 5529 5534 5558 5614 5630 5669 5702 5731 5897 5958 6123 6145 6153 6217 6230 6289 6294 6370 6402 6437 6641 6677 6729 6807 6864 7035 7066 7124 7181 7224 7267 7287 7332 7449 7474 7483 7499 7623 7625 7693 7703 7741 7750 7861 7931 7942 7961 7979 8059 8068 8130 8132 8147 8168 8210 8219 8226 8240 8258 8273 8295 8303 8336 8377 8380 8411 8438 8470 8533 8602 8619 8622 8672 8673 8680 8687 8714 8720 8726 8745 8815 8818 8833 8876 8970 8996 9007 9010 9032 9040 9045 9047 9075 9081 9103 9124 9162 9170 9185 9262 9277 9278 9287 9364 9371 9389 9414 9426 9431 9445 9452 9456 9457 9471 9474 9480 9481 9485 9492 9503 9505 9524 9549 9553 9558 9563 9586 9603 9618 9619 9636 9645 9659 9664 9665 9672 9687 9716 9719 9721 9726 9727 9728 9743 9744 9749 9750 9754 9759 9765 9768 9769 9775 9785 9792 9797 9803 9809 9811 9814 9818 9822 9826 9834 9838 9839 9841 9846 9847 9849 9852 9854 9860 9862 9863 9864 9869 9871 9872 9878
4 67 98 118 520 1146 1453 1854 1937 2347 2386 2594 2701 3205 3223 3358 3762 3853 3886 3940 3946 3988 4073 4083 4269 4276 4408 4472 4482 4525 4568 4641 4824 4842 4866 4877 4978 4988 4998 5066 5205 5224 5279 5384 5445 5453 5503 5637 5876 5916 5992 6048 6058 6063 6174 6280 6340 6346 6367 6674 6718 6770 6819 6851 6941 6998 6999 7054 7113 7120 7132 7157 7168 7246 7299 7302 7434 7457 7484 7513 7583 7599 7699 7700 7732 7832 7848 7933 7940 7943 7949 7974 8060 8114 8144 8153 8192 8210 8221 8252 8285 8290 8310 8329 8376 8380 8406 8431 8437 8520 8568 8576 8643 8647 8649 8660 8669 8677 8694 8724 8792 8812 8838 8919 8954 8968 8985 8989 9001 9004 9006 9023 9038 9057 9089 9094 9095 9109 9130 9152 9210 9239 9253 9272 9337 9353 9361 9365 9369 9381 9408 9415 9417 9419 9420 9428 9449 9453 9465 9470 9472 9474 9492 9496 9519 9547 9553 9557 9572 9575 9577 9580 9581 9589 9613 9615 9619 9654 9657 9661 9664 9671 9682 9685 9701 9710 9713 9717 9721 9724 9726 9727 9728 9739 9743 9747 9748 9749 9751 9753 9759 9765 9766 9784 9790 9803 9808 9809 9811 9821 9822 9823 9829 9832 9833 9834 9838 9840 9841 9847 9848 9851 9861 9869 9870 9871 9872 9877
105 134 181 982 1282 1848 2000 2210 2263 2445 2498 2689 2771 2898 2923 2960 2961 3284 3314 3378 3758 3798 3807 3883 3907 4057 4205 4255 4352 4453 4495 4508 4539 4677 4727 4803 4936 4939 4943 4998 5097 5223 5252 5256 5377 5450 5484 5535 5631 5778 5831 5863 6017 6026 6161 6256 6330 6353 6431 6571 6619 6666 6699 6708 6724 6748 6767 6795 6831 7030 7111 7215 7232 7431 7459 7548 7564 7613 7643 7662 7697 7725 7732 7765 7826 7842 7887 7917 7936 7962 7968 7994 8026 8028 8048 8125 8133 8152 8162 8208 8230 8243 8261 8303 8313 8366 8405 8450 8474 8506 8520 8563 8567 8574 8630 8648 8655 8677 8714 8765 8782 8802 8824 8896 8914 8915 8979 8997 9000 9022 9035 9038 9060 9062 9072 9106 9117 9144 9222 9226 9229 9244 9264 9353 9363 9368 9381 9389 9399 9408 9410 9411 9419 9428 9436 9437 9444 9450 9457 9467 9471 9486 9487 9494 9513 9521 9525 9550 9561 9570 9580 9589 9608 9613 9619 9629 9653 9656 9658 9663 9665 9666 9676 9682 9683 9685 9690 9698 9707 9712 9724 9728 9742 9747 9748 9758 9761 9762 9765 9780 9788 9790 9797 9798 9799 9805 9807 9810 9811 9817 9820 9822 9823 9830 9834 9836 9837 9842 9846 9847 9848 9852 9857 9863 9869 9870 9871 9876
229 745 747 862 1120 1170 1207 1597 1712 2216 2246 2392 2464 2649 2829 2857 2922 2984 3213 3239 3309 3338 3385 3609 3676 3757 3763 3841 3888 4155 4203 4216 4223 4253 4254 4320 4448 4453 4773 4864 4916 4938 4949 4958 5066 5103 5191 5337 5367 5425 5457 5659 5746 5759 5814 5919 5996 6028 6114 6181 6191 6260 6315 6327 6343 6380 6455 6646 6676 6703 6722 6746 6786 6790 6808 6876 6911 6974 6983 7047 7103 7211 7215 7310 7344 7358 7381 7560 7601 7643 7702 7706 7712 7716 7725 7730 7834 7835 7877 7945 7987 8002 8067 8089 8095 8106 8117 8150 8201 8239 8244 8246 8247 8297 8306 8311 8320 8327 8330 8393 8440 8449 8452 8459 8461 8524 8570 8630 8631 8637 8646 8654 8659 8675 8685 8689 8781 8798 8802 8819 8835 8839 8844 8877 8958 8979 8985 8991 8998 9014 9023 9037 9050 9052 9060 9094 9113 9134 9152 9196 9211 9261 9293 9317 9348 9351 9368 9370 9373 9404 9405 9410 9416 9423 9427 9428 9450 9458 9460 9461 9471 9479 9481 9496 9505 9518 9540 9541 9548 9557 9559 9563 9567 9571 9586 9608 9617 9621 9641 9654 9656 9662 9665 9669 9671 9682 9709 9711 9721 9724 9733 9736 9742 9744 9747 9748 9755 9760 9763 9772 9781 9783 9784 9786 9802 9806 9807 9808 9817 9822 9825 9830 9833 9834 9836 9838 9843 9849 9855 9863 9868 9869 9870 9872
37 95 756 815 1039 1160 1950 2133 2184 2186 2348 2417 2438 2439 2441 2596 2643 2810 2858 2870 3041 3210 3648 3660 3707 3747 3824 3838 3849 3935 4135 4145 4193 4263 4268 4291 4408 4494 4596 4665 4832 4889 5078 5189 5303 5389 5417 5710 5744 5829 5862 5905 5911 5946 5996 6046 6140 6157 6309 6311 6353 6510 6643 6720 6741 6777 6983 7078 7180 7307 7334 7336 7512 7539 7591 7597 7616 7698 7712 7713 7784 7788 7840 7849 7995 8054 8087 8093 8109 8134 8195 8231 8234 8237 8297 8305 8306 8330 8342 8390 8407 8416 8420 8516 8566 8600 8609 8624 8643 8649 8672 8676 8765 8778 8790 8816 8830 8925 8926 8969 8978 8984 9013 9018 9035 9040 9054 9060 9071 9090 9117 9131 9182 9185 9200 9201 9210 9251 9342 9347 9358 9363 9365 9381 9398 9400 9403 9416 9422 9424 9445 9449 9458 9461 9464 9479 9491 9531 9538 9545 9550 9566 9604 9608 9615 9630 9638 9647 9651 9653 9662 9663 9665 9706 9719 9722 9724 9726 9727 9729 9736 9743 9745 9746 9747 9748 9753 9756 9759 9766 9771 9777 9797 9801 9803 9805 9807 9812 9813 9818 9820 9830 9832 9836 9842 9846 9850 9852 9855 9856 9862 9867 9868 9869 9870
189 231 583 685 889 1085 1135 1809 1976 2125 2321 2375 2681 2786 2853 2870 3118 3347 3444 3476 3588 3589 3610 3628 3679 3706 3768 3968 4048 4068 4139 4173 4211 4271 4487 4564 4642 4766 4817 4879 4888 4922 4975 5001 5013 5018 5186 5262 5408 5503 5704 5723 5824 5839 5906 5979 5980 6038 6102 6133 6240 6317 6383 6459 6488 6586 6690 6777 6904 6924 6973 6989 7165 7209 7293 7308 7332 7349 7499 7566 7587 7651 7706 7714 7782 7813 7836 7990 8052 8078 8079 8082 8090 8107 8167 8177 8200 8261 8294 8295 8332 8338 8348 8361 8389 8407 8415 8477 8480 8490 8502 8539 8581 8591 8617 8619 8631 8633 8642 8644 8669 8719 8753 8773 8775 8809 8814 8897 8957 8960 8965 8969 8976 9007 9015 9022 9023 9024 9050 9084 9096 9112 9138 9170 9200 9207 9240 9242 9248 9253 9302 9305 9326 9332 9337 9346 9360 9365 9379 9385 9398 9400 9404 9420 9422 9440 9449 9455 9458 9478 9487 9490 9505 9511 9534 9539 9545 9560 9580 9599 9615 9646 9650 9651 9662 9663 9665 9689 9700 9705 9718 9723 9729 9732 9735 9746 9747 9748 9751 9757 9770 9773 9780 9790 9794 9795 9800 9803 9804 9807 9810 9817 9821 9827 9829 9830 9831 9832 9834 9835 9838 9842 9846 9850 9855 9858 9863 9868 9869 9870
486 880 1002 1069 1239 1337 1550 1798 1950 2307 2339 2624 2696 2736 2865 3097 3217 3377 3469 3478 3605 3631 3667 3719 3764 3768 3772 3881 3895 3984 4093 4131 4140 4474 4597 4623 4683 4730 4865 4903 4906 4931 4949 5008 5082 5106 5109 5386 5501 5542 5669 5680 5758 5761 5768 5832 5947 5978 6090 6128 6159 6223 6254 6549 6584 6637 6664 6667 6722 6750 6761 6906 6951 6973 7154 7204 7215 7302 7306 7313 7429 7533 7543 7606 7644 7695 7699 7703 7771 7882 7935 7962 8004 8065 8079 8149 8163 8166 8191 8254 8255 8292 8305 8382 8418 8440 8478 8537 8577 8587 8617 8641 8663 8699 8731 8758 8786 8787 8890 8908 8939 8960 8965 8971 8973 8974 9000 9002 9006 9019 9025 9026 9084 9100 9132 9158 9191 9192 9220 9280 9286 9298 9337 9341 9346 9357 9365 9367 9369 9381 9391 9398 9399 9419 9422 9429 9435 9447 9453 9455 9499 9503 9511 9525 9527 9535 9536 9546 9595 9611 9613 9625 9628 9638 9645 9650 9660 9662 9683 9689 9691 9713 9717 9721 9722 9724 9728 9732 9733 9734 9735 9746 9749 9751 9756 9768 9769 9779 9782 9783 9788 9789 9790 9793 9794 9805 9809 9816 9820 9829 9830 9831 9834 9836 9838 9850 9851 9855 9858 9863 9864 9867
173 380 490 503 542 544 731 995 1060 1100 1125 1292 1726 1889 2242 2313 2328 2444 2448 2520 2573 2862 3020 3063 3081 3281 3390 3432 3459 3486 3636 3731 3761 3796 3847 3881 3957 4034 4036 4110 4179 4432 4575 4730 4819 4869 4874 4933 4939 4980 4984 5075 5078 5160 5276 5368 5372 5413 5524 5606 5650 5662 5671 5748 5773 5800 5871 5916 6084 6126 6215 6447 6452 6542 6613 6634 6656 6661 6717 6750 6783 6861 7073 7117 7126 7289 7337 7427 7438 7533 7599 7650 7692 7696 7739 7825 7923 7930 7951 8027 8033 8064 8066 8163 8187 8220 8243 8275 8290 8296 8340 8371 8374 8430 8475 8526 8528 8546 8556 8573 8580 8614 8626 8635 8657 8663 8708 8719 8722 8758 8769 8778 8890 8928 8949 8958 8964 8971 8974 8991 8992 8999 9009 9023 9024 9053 9085 9109 9162 9166 9167 9171 9186 9194 9209 9264 9293 9294 9315 9317 9324 9345 9355 9357 9374 9386 9408 9417 9427 9435 9448 9502 9508 9523 9532 9534 9540 9565 9572 9575 9590 9595 9600 9613 9621 9628 9643 9648 9651 9657 9659 9662 9682 9688 9701 9704 9713 9715 9717 9722 9728 9730 9744 9745 9746 9747 9750 9754 9765 9767 9775 9777 9780 9781 9788 9793 9800 9805 9807 9808 9823 9827 9828 9834 9836 9846 9854 9858 9867
98 222 368 404 710 869 1128 1537 1713 1734 2239 2240 2249 2541 2740 2779 3038 3054 3349 3377 3384 3683 3749 3823 3956 4003 4013 4017 4052 4101 4266 4273 4360 4409 4520 4622 4662 4703 4807 4837 4877 4879 4919 4934 4949 5034 5123 5162 5266 5269 5349 5400 5603 5624 5636 5640 5670 5720 5723 5729 5796 5823 5884 5887 5891 5971 6052 6073 6095 6192 6196 6211 6407 6411 6539 6584 6612 6656 6693 6709 6726 6731 6820 6833 6982 7046 7075 7098 7113 7186 7271 7320 7387 7431 7463 7479 7533 7636 7650 7685 7736 7762 7862 7909 7937 7993 8003 8023 8038 8113 8135 8155 8169 8206 8219 8228 8229 8241 8290 8291 8336 8368 8429 8479 8516 8545 8573 8591 8600 8624 8631 8650 8655 8670 8699 8725 8728 8738 8882 8930 8933 8954 8958 8960 8973 8988 9001 9018 9024 9046 9050 9073 9098 9118 9122 9154 9155 9158 9209 9246 9280 9292 9323 9336 9355 9358 9365 9368 9375 9403 9407 9410 9414 9434 9435 9437 9446 9447 9479 9488 9490 9491 9506 9516 9528 9543 9555 9589 9593 9595 9607 9608 9638 9641 9645 9646 9648 9653 9655 9658 9671 9672 9678 9681 9685 9691 9700 9708 9712 9715 9720 9722 9728 9731 9736 9741 9744 9751 9762 9763 9765 9767 9772 9777 9785 9787 9793 9798 9802 9803 9804 9806 9810 9815 9823 9826 9827 9828 9836 9840 9843 9844 9847 9852 9863 9865 9867
100 338 530 775 1242 1489 1533 1704 2075 2080 2195 2196 2235 2239 2399 2455 2472 2518 2715 2753 2914 3032 3133 3306 3448 3519 3540 3744 3769 3826 3965 3980 4081 4098 4192 4281 4488 4550 4594 4797 4854 4910 4917 4946 4950 4976 5193 5203 5313 5344 5586 5646 5652 5723 5760 5829 5861 5930 5970 5986 5992 6028 6158 6160 6186 6325 6391 6498 6509 6529 6531 6559 6638 6696 6721 6783 6933 6963 7027 7153 7246 7253 7261 7284 7358 7469 7491 7588 7616 7619 7648 7672 7682 7702 7730 7825 7836 7872 7922 7950 7997 8020 8044 8112 8141 8159 8163 8187 8218 8224 8235 8286 8319 8354 8362 8403 8426 8436 8445 8446 8470 8494 8540 8542 8584 8600 8607 8609 8646 8651 8660 8672 8678 8843 8852 8864 8888 8903 8950 8959 8971 8977 8985 9007 9015 9050 9057 9069 9118 9128 9154 9157 9161 9199 9241 9290 9309 9322 9323 9340 9341 9352 9357 9360 9362 9369 9370 9385 9393 9396 9400 9408 9409 9424 9429 9431 9435 9436 9443 9472 9483 9506 9508 9515 9528 9542 9580 9581 9587 9591 9592 9605 9607 9620 9637 9645 9646 9648 9651 9655 9658 9660 9665 9668 9678 9681 9698 9707 9710 9711 9714 9720 9721 9722 9732 9739 9743 9744 9745 9759 9761 9765 9785 9790 9791 9792 9793 9802 9811 9821 9822 9823 9825 9826 9827 9829 9832 9836 9844 9846 9851 9853 9860 9866 9867
336 369 742 1131 1155 1462 1474 1490 1971 1998 2060 2068 2179 2293 2346 2426 2491 2604 2706 2717 2905 2972 2986 3100 3248 3292 3305 3500 3513 3571 3729 3737 3902 3920 3976 4028 4101 4137 4484 4505 4551 4640 4731 4772 4796 4829 4915 5158 5236 5296 5322 5474 5582 5584 5607 5650 5695 5717 5760 5790 5963 6014 6020 6082 6144 6361 6381 6410 6459 6524 6574 6591 6610 6622 6695 6785 6896 6918 7249 7252 7335 7348 7464 7478 7526 7610 7631 7664 7700 7704 7723 7752 7763 7903 7954 7987 8068 8072 8100 8130 8164 8201 8217 8255 8277 8282 8296 8342 8350 8418 8452 8464 8485 8531 8534 8577 8599 8628 8670 8676 8807 8837 8861 8935 8939 8941 8943 8947 8953 8954 8970 8999 9008 9011 9057 9093 9104 9121 9136 9194 9229 9236 9243 9277 9280 9290 9306 9308 9323 9339 9342 9343 9351 9359 9371 9374 9382 9393 9394 9397 9400 9420 9429 9435 9482 9494 9526 9536 9574 9579 9591 9598 9616 9627 9630 9642 9644 9648 9655 9674 9677 9678 9696 9709 9711 9715 9719 9720 9739 9744 9746 9753 9757 9758 9759 9760 9767 9778 9781 9791 9792 9796 9799 9800 9801 9803 9805 9810 9819 9823 9824 9825 9826 9827 9828 9829 9834 9837 9842 9847 9851 9856 9857 9861 9864
91 143 196 827 1107 1409 1602 1666 1960 1985 2233 2300 2363 2450 2484 2712 2820 2905 2917 3013 3165 3170 3294 3402 3408 3603 3640 3662 3672 3706 3709 3762 3983 4076 4264 4433 4437 4491 4548 4563 4593 4672 4718 4736 4738 4764 4885 4955 4989 5072 5160 5255 5438 5440 5499 5609 5698 5751 5961 5973 6021 6071 6074 6144 6238 6333 6378 6422 6433 6450 6486 6495 6536 6567 6570 6617 6626 6644 6673 6726 6823 6985 6987 7036 7158 7245 7304 7401 7467 7475 7517 7523 7560 7606 7614 7617 7629 7680 7693 7723 7728 7740 7747 7782 7851 7852 7900 7955 7978 7979 8065 8121 8125 8157 8168 8183 8198 8224 8247 8268 8270 8297 8330 8381 8401 8403 8406 8410 8411 8413 8430 8443 8466 8530 8545 8567 8589 8592 8597 8606 8614 8642 8667 8670 8758 8777 8798 8800 8805 8856 8935 8944 8946 8967 9011 9022 9041 9082 9091 9119 9130 9185 9203 9220 9231 9266 9274 9304 9306 9307 9311 9319 9327 9333 9349 9361 9373 9375 9378 9385 9392 9394 9415 9422 9428 9429 9433 9464 9474 9490 9493 9495 9522 9534 9555 9558 9575 9588 9594 9597 9615 9621 9623 9640 9644 9647 9653 9655 9662 9670 9695 9698 9706 9708 9710 9715 9717 9720 9737 9738 9740 9746 9750 9751 9752 9757 9778 9788 9790 9799 9800 9803 9806 9819 9821 9822 9824 9825 9826 9833 9834 9840 9843 9845 9851 9856 9860 9862
2 499 804 856 920 930 1224 1374 1427 1540 1833 1857 1902 1955 1958 2028 2029 2080 2237 2251 2300 2610 2673 2735 2845 2881 2971 3102 3154 3251 3377 3396 3447 3497 3557 3614 3683 3737 3817 3835 3855 4330 4428 4500 4576 4612 4696 4720 4748 4763 4871 4898 4970 5064 5180 5236 5431 5492 5513 5648 5882 5942 5949 6017 6059 6063 6126 6141 6328 6362 6436 6452 6469 6553 6613 6663 6665 6695 6721 6788 6927 7191 7229 7243 7244 7279 7358 7368 7383 7471 7502 7519 7559 7613 7640 7673 7699 7727 7793 7896 7915 7955 7959 7962 7970 8048 8056 8092 8120 8127 8153 8169 8178 8192 8205 8229 8321 8353 8363 8400 8430 8436 8503 8535 8553 8561 8576 8596 8597 8629 8667 8758 8780 8797 8812 8914 8929 8930 8934 8942 8947 8967 8976 9036 9065 9069 9079 9100 9114 9129 9152 9164 9196 9207 9208 9222 9231 9295 9297 9304 9325 9348 9371 9373 9378 9388 9395 9408 9410 9411 9421 9425 9432 9462 9472 9488 9491 9493 9518 9519 9544 9560 9571 9572 9573 9582 9602 9607 9608 9613 9615 9622 9636 9639 9643 9646 9653 9661 9664 9667 9687 9693 9698 9703 9704 9712 9714 9715 9716 9717 9724 9727 9732 9736 9738 9744 9747 9752 9755 9756 9774 9777 9778 9789 9798 9800 9802 9803 9807 9809 9811 9815 9821 9824 9825 9832 9833 9839 9840 9850 9852 9853 9855 9856
380 460 1145 1236 1279 1781 1810 1879 1880 1948 2043 2160 2231 2491 2655 2761 2840 3159 3233 3246 3350 3389 3449 3469 3538 3648 3722 4041 4148 4224 4242 4358 4380 4438 4528 4551 4561 4681 4765 4933 5038 5127 5159 5213 5305 5318 5330 5425 5620 5625 5736 5915 5928 5986 6034 6078 6202 6215 6318 6344 6367 6420 6429 6475 6540 6596 6660 6688 6759 6837 6868 7189 7204 7244 7336 7340 7378 7438 7480 7502 7553 7601 7630 7657 7711 7859 7878 7892 7941 7958 7969 7990 8011 8043 8070 8108 8117 8154 8192 8193 8210 8233 8309 8342 8389 8423 8446 8516 8541 8555 8558 8560 8564 8567 8584 8588 8644 8663 8666 8712 8720 8750 8761 8762 8786 8812 8817 8868 8887 8888 8897 8899 8919 8922 8929 8941 8958 8964 8969 8990 9014 9041 9048 9070 9110 9111 9117 9130 9141 9171 9201 9203 9212 9290 9294 9302 9322 9343 9347 9371 9386 9388 9418 9419 9421 9424 9425 9436 9460 9473 9485 9516 9526 9527 9544 9545 9549 9568 9569 9573 9598 9613 9615 9619 9622 9625 9638 9641 9646 9653 9666 9678 9689 9691 9692 9693 9696 9697 9701 9704 9708 9711 9713 9715 9726 9736 9738 9742 9753 9771 9777 9778 9785 9788 9796 9797 9799 9801 9804 9809 9811 9821 9823 9825 9830 9833 9834 9835 9836 9839 9845 9848 9849 9855
251 380 1097 1224 1750 1785 1816 1836 1859 1885 1947 1948 2182 2273 2339 2424 2629 2643 2704 2729 2828 2938 3221 3246 3285 3319 3328 3367 3497 3537 3706 3901 4147 4223 4279 4366 4377 4398 4451 4479 4517 4567 4755 4796 4872 4875 4970 5081 5219 5236 5344 5374 5380 5389 5394 5549 5592 5796 5879 5975 6066 6076 6151 6153 6237 6244 6255 6321 6329 6333 6426 6471 6568 6604 6659 6679 6732 6746 6958 6966 7134 7182 7327 7384 7439 7531 7541 7546 7559 7629 7632 7667 7709 7787 7872 7892 7896 7897 7922 7950 7952 7956 7987 8001 8061 8089 8104 8115 8146 8188 8194 8222 8254 8268 8311 8342 8377 8382 8422 8505 8534 8552 8556 8576 8581 8583 8633 8649 8651 8657 8701 8706 8717 8733 8853 8864 8887 8911 8916 8918 8919 8923 8937 8944 8974 9039 9068 9069 9091 9096 9105 9115 9127 9128 9168 9192 9193 9196 9201 9243 9262 9286 9293 9294 9303 9304 9308 9323 9341 9353 9354 9355 9369 9378 9383 9415 9418 9453 9454 9459 9483 9501 9508 9516 9544 9553 9567 9569 9594 9598 9600 9603 9609 9611 9613 9614 9638 9643 9652 9665 9685 9689 9696 9698 9701 9702 9706 9713 9715 9718 9726 9736 9738 9742 9747 9752 9754 9775 9784 9785 9796 9797 9804 9817 9819 9824 9825 9827 9831 9833 9839 9841 9844
12 161 510 833 1221 1291 1393 1584 1620 1642 1692 1745 1766 1771 1921 1932 1941 2052 2123 2221 2328 2403 2543 2589 2614 2751 2789 3053 3239 3306 3354 3377 3407 3534 3658 3959 4069 4083 4222 4298 4367 4458 4495 4551 4713 4816 4961 5064 5198 5203 5301 5369 5481 5495 5522 5541 5563 5675 5871 5919 6003 6019 6047 6133 6223 6277 6322 6357 6378 6444 6452 6530 6542 6658 6957 7065 7092 7162 7209 7311 7327 7354 7374 7429 7501 7518 7625 7629 7634 7660 7688 7702 7779 7795 7888 7891 7892 7928 7937 7942 7944 7987 7991 8029 8031 8069 8090 8092 8102 8121 8122 8135 8139 8146 8159 8184 8209 8222 8294 8307 8345 8378 8393 8395 8406 8414 8443 8504 8548 8573 8598 8630 8648 8695 8702 8703 8716 8800 8852 8860 8881 8899 8910 8915 8916 8917 8921 8935 8959 8960 9014 9032 9046 9072 9073 9088 9122 9160 9184 9189 9201 9208 9222 9249 9281 9282 9287 9300 9308 9309 9340 9341 9352 9354 9368 9372 9374 9406 9417 9427 9438 9439 9449 9451 9454 9475 9504 9506 9536 9537 9553 9561 9566 9572 9594 9596 9602 9608 9610 9629 9638 9640 9643 9651 9652 9663 9677 9679 9683 9688 9696 9697 9699 9700 9701 9705 9713 9726 9730 9736 9740 9748 9752 9774 9781 9784 9785 9797 9808 9813 9815 9817 9818 9823 9827 9828 9831 9838 9839 9843
138 173 796 902 1084 1276 1283 1458 1642 1734 1916 2036 2070 2198 2248 2303 2332 2415 2432 2524 2655 2729 3005 3032 3219 3236 3293 3385 3440 3449 3589 3591 3781 3881 3903 4000 4145 4213 4227 4250 4288 4309 4427 4442 4518 4641 4689 4807 4893 5105 5150 5162 5182 5258 5295 5300 5316 5459 5500 5620 5698 5802 5848 5935 5992 6000 6127 6187 6306 6316 6363 6420 6483 6529 6542 6653 6955 7050 7056 7149 7200 7286 7311 7322 7339 7358 7423 7516 7518 7608 7622 7631 7764 7789 7830 7839 7882 7927 7936 7974 8002 8039 8062 8071 8087 8125 8156 8171 8213 8294 8331 8333 8345 8379 8479 8481 8502 8523 8532 8560 8569 8570 8601 8606 8627 8633 8693 8706 8729 8793 8801 8828 8854 8879 8905 8912 8914 8915 8956 8972 9007 9027 9033 9082 9104 9126 9153 9177 9180 9185 9209 9236 9245 9254 9255 9262 9267 9290 9305 9320 9326 9331 9347 9350 9358 9365 9400 9406 9423 9424 9436 9445 9474 9475 9483 9500 9503 9510 9524 9532 9554 9563 9593 9594 9601 9606 9608 9609 9618 9634 9637 9638 9645 9652 9654 9671 9675 9685 9689 9697 9698 9702 9703 9706 9708 9709 9723 9732 9736 9739 9751 9768 9770 9771 9777 9778 9781 9788 9791 9795 9797 9798 9809 9815 9816 9817 9818 9827 9829 9838 9841
70 677 744 1012 1083 1107 1175 1404 1453 1601 1630 1709 1884 1907 1955 2085 2272 2508 2721 2724 2783 3117 3218 3220 3235 3363 3416 3543 3579 3586 3637 3716 3771 3774 3775 3923 3958 4044 4114 4125 4184 4195 4266 4419 4430 4447 4661 4704 4728 4803 4958 5037 5243 5286 5288 5303 5330 5427 5475 5500 5537 5567 5596 5642 5742 5795 5833 5841 5990 6066 6177 6302 6362 6390 6419 6519 6648 6896 6898 6910 6946 7002 7027 7146 7233 7247 7292 7338 7342 7404 7480 7511 7573 7591 7601 7619 7622 7819 7849 7879 7882 7885 7934 7974 7981 7988 8024 8037 8080 8103 8120 8138 8164 8177 8222 8263 8313 8324 8325 8331 8333 8349 8366 8378 8412 8437 8458 8487 8492 8493 8513 8518 8548 8563 8569 8621 8643 8662 8691 8695 8743 8775 8830 8859 8902 8904 8915 8934 8948 8964 8969 8989 9013 9019 9104 9117 9142 9152 9171 9180 9182 9186 9202 9205 9240 9244 9250 9256 9261 9285 9313 9322 9328 9336 9339 9342 9349 9352 9361 9364 9387 9400 9406 9420 9422 9427 9438 9469 9482 9484 9490 9493 9494 9520 9523 9531 9551 9563 9570 9583 9590 9594 9600 9604 9605 9612 9629 9632 9634 9637 9640 9641 9662 9663 9666 9670 9681 9683 9685 9689 9697 9698 9700 9704 9706 9707 9708 9723 9732 9733 9734 9735 9736 9753 9755 9758 9761 9768 9771 9777 9779 9780 9782 9790 9793 9794 9795 9802 9805 9809 9813 9815 9816 9820 9826 9827 9837 9838
505 616 641 751 821 943 1274 1336 1516 1541 1586 1656 1873 1875 1939 2053 2227 2258 2259 2497 2594 2764 2904 3118 3121 3168 3234 3362 3520 3560 3668 3768 3802 3960 3966 4113 4114 4124 4125 4167 4234 4350 4426 4438 4594 4603 4801 4865 4891 5181 5258 5265 5359 5465 5480 5511 5589 5739 5805 5817 5841 5982 6140 6150 6262 6299 6345 6519 6790 6796 6902 7000 7053 7096 7110 7208 7216 7217 7221 7276 7308 7319 7327 7375 7472 7491 7514 7517 7567 7580 7613 7707 7755 7793 7820 7830 7884 7901 7924 7934 7973 8034 8055 8059 8075 8090 8116 8148 8160 8229 8237 8302 8310 8320 8325 8331 8344 8419 8444 8453 8465 8479 8484 8523 8563 8569 8577 8582 8643 8676 8685 8749 8799 8808 8855 8868 8895 8905 8921 8956 8959 9007 9055 9101 9113 9116 9139 9160 9175 9187 9190 9196 9226 9240 9241 9264 9266 9277 9283 9312 9317 9329 9356 9378 9381 9394 9396 9399 9404 9418 9421 9467 9468 9470 9473 9475 9479 9516 9525 9531 9568 9570 9590 9591 9592 9594 9597 9604 9610 9629 9634 9635 9638 9643 9660 9667 9681 9688 9689 9697 9699 9703 9704 9705 9712 9715 9722 9730 9732 9734 9736 9747 9754 9760 9767 9769 9771 9779 9790 9792 9793 9795 9799 9808 9815 9816 9826 9835
365 401 484 707 809 821 1306 1312 1406 1470 1503 1779 1848 1983 2042 2125 2210 2424 2470 2630 2746 2770 2822 2824 3015 3048 3123 3149 3150 3420 3487 3749 3896 3980 4031 4081 4109 4166 4197 4352 4413 4420 4458 4515 4536 4550 4558 4595 4742 4880 4891 5132 5196 5237 5241 5312 5415 5417 5460 5521 5632 5696 5744 5786 5824 5887 5900 5927 6111 6130 6251 6275 6276 6296 6456 6506 6612 6833 6944 7045 7060 7073 7140 7169 7196 7289 7291 7307 7337 7447 7467 7491 7519 7556 7561 7576 7578 7607 7743 7779 7783 7894 7895 7917 7923 7926 7941 7944 7967 7969 8033 8040 8045 8061 8074 8085 8109 8111 8153 8172 8185 8196 8265 8282 8310 8328 8334 8344 8379 8393 8427 8458 8463 8466 8522 8543 8569 8581 8602 8640 8674 8676 8721 8739 8776 8838 8867 8879 8887 8890 8894 8900 8916 8917 8925 8951 9007 9033 9076 9111 9126 9133 9141 9158 9181 9182 9220 9225 9261 9270 9310 9311 9325 9355 9374 9376 9390 9397 9414 9417 9437 9460 9468 9472 9476 9491 9513 9525 9550 9554 9561 9584 9585 9589 9590 9596 9600 9602 9605 9613 9620 9623 9625 9631 9633 9637 9642 9658 9676 9680 9683 9688 9690 9696 9698 9700 9715 9716 9722 9726 9729 9732 9735 9751 9760 9761 9763 9766 9768 9779 9789 9792 9795 9798 9807 9810 9814 9815 9817 9826 9829 9830
96 540 579 588 797 1245 1302 1363 1442 1749 1768 1906 2026 2113 2201 2238 2445 2521 2641 2833 2845 2888 2923 2955 2979 3081 3139 3150 3364 3383 3468 3475 3478 3620 3796 3836 3947 4052 4143 4187 4218 4311 4398 4461 4528 4571 4645 4697 4846 5098 5116 5131 5175 5276 5351 5387 5438 5646 5664 5714 5719 5843 5855 5869 5882 5917 6102 6106 6107 6134 6173 6239 6266 6444 6490 6493 6494 6533 6670 6840 6942 6994 7014 7029 7113 7141 7162 7168 7248 7250 7417 7466 7467 7476 7498 7521 7545 7554 7596 7600 7726 7742 7764 7782 7837 7861 7875 7878 7909 7919 7925 7955 8027 8054 8058 8078 8080 8106 8110 8131 8260 8275 8294 8300 8342 8372 8374 8397 8413 8414 8439 8448 8468 8506 8513 8518 8530 8554 8574 8578 8617 8702 8711 8725 8768 8798 8812 8824 8846 8856 8862 8878 8882 8885 8889 8891 8892 8894 8917 8955 8960 8980 8982 9000 9007 9022 9078 9101 9121 9128 9150 9165 9209 9213 9247 9250 9253 9255 9258 9289 9303 9310 9311 9317 9323 9327 9340 9364 9373 9390 9396 9407 9415 9464 9469 9470 9471 9499 9515 9519 9524 9537 9538 9552 9585 9593 9595 9597 9600 9604 9611 9612 9613 9615 9617 9618 9622 9630 9633 9640 9641 9648 9660 9671 9673 9681 9684 9685 9687 9696 9698 9702 9706 9716 9719 9722 9724 9728 9731 9738 9760 9765 9766 9778 9784 9789 9792 9793 9796 9797 9799 9805 9807 9813 9814 9815 9824 9826
379 618 619 665 1034 1116 1203 1232 1242 1282 1292 1346 1408 1623 1638 1690 1697 1863 2007 2151 2206 2382 2732 2950 2977 3078 3149 3397 3455 3496 3534 3588 3717 3779 3833 3862 3891 4016 4120 4232 4364 4438 4479 4485 4574 4651 4679 4754 4898 5057 5073 5120 5162 5218 5273 5343 5344 5401 5452 5600 5628 5654 5727 5835 5845 5881 6045 6106 6212 6224 6235 6259 6420 6423 6427 6452 6460 6467 6492 6573 6683 6789 6806 6894 6899 6975 6977 7018 7029 7061 7107 7154 7208 7217 7249 7296 7309 7349 7365 7431 7442 7488 7503 7526 7547 7553 7598 7617 7673 7717 7735 7767 7773 7779 7833 7870 7901 7906 7922 7935 7952 7955 8013 8021 8027 8071 8101 8239 8274 8279 8319 8337 8362 8387 8411 8428 8432 8453 8492 8499 8510 8548 8590 8615 8700 8736 8739 8763 8768 8802 8812 8813 8834 8838 8850 8856 8864 8875 8877 8881 8909 8943 8961 8963 8978 9038 9077 9092 9093 9120 9131 9147 9207 9208 9215 9224 9233 9264 9273 9300 9308 9317 9320 9348 9380 9383 9390 9394 9396 9400 9443 9452 9456 9459 9465 9468 9506 9515 9525 9527 9542 9577 9581 9589 9597 9599 9604 9613 9620 9627 9640 9643 9648 9660 9665 9672 9680 9683 9684 9694 9696 9706 9714 9715 9718 9722 9725 9746 9750 9751 9761 9763 9765 9775 9783 9785 9788 9793 9805 9809 9810 9813 9815 9818 9821 9826
332 338 646 897 1079 1173 1196 1233 1254 1260 1280 1312 1343 1384 1539 1657 1693 1722 1784 1874 2054 2095 2138 2153 2176 2187 2249 2294 2660 2837 2947 2958 2979 3358 3364 3397 3515 3622 3741 3775 3786 3976 3990 4222 4315 4336 4361 4378 4479 4592 4753 4958 4991 5023 5025 5117 5148 5246 5256 5338 5472 5583 5604 5675 5822 5830 5952 5986 6057 6059 6136 6199 6212 6214 6420 6462 6487 6567 6626 6641 6782 6965 6969 6996 7014 7077 7107 7131 7133 7174 7193 7195 7301 7407 7426 7441 7454 7465 7509 7541 7552 7558 7578 7641 7709 7727 7760 7794 7844 7864 7867 7918 7919 7924 7926 8008 8041 8063 8075 8096 8126 8144 8186 8220 8272 8274 8293 8318 8344 8352 8373 8388 8408 8425 8463 8479 8489 8505 8517 8547 8598 8661 8705 8755 8795 8816 8820 8825 8847 8849 8855 8871 8884 8890 8924 8941 8952 9037 9054 9080 9087 9091 9100 9109 9126 9149 9178 9207 9213 9268 9285 9287 9294 9305 9308 9316 9337 9348 9375 9378 9393 9398 9425 9436 9442 9450 9455 9461 9466 9474 9505 9508 9518 9522 9524 9526 9542 9564 9572 9575 9583 9585 9595 9598 9605 9611 9612 9614 9615 9626 9629 9641 9644 9654 9660 9679 9683 9687 9688 9693 9705 9713 9714 9718 9724 9730 9731 9737 9740 9741 9744 9760 9761 9763 9765 9773 9780 9783 9784 9787 9788 9801 9802 9807 9813 9820 9821 9826
155 169 200 522 769 926 1003 1028 1134 1146 1182 1230 1272 1317 1326 1380 1469 1479 1499 1535 1614 1762 1835 1970 1985 2013 2126 2135 2589 2625 2651 2859 2912 2924 2928 3274 3293 3368 3375 3602 3693 3705 3767 3791 3934 3955 3968 4017 4183 4198 4299 4331 4347 4434 4468 4483 4745 4827 4954 5011 5064 5073 5160 5229 5271 5404 5467 5581 5608 5644 5731 5811 5884 5984 6081 6122 6131 6179 6197 6219 6231 6413 6459 6501 6777 6946 6950 6980 7031 7092 7152 7180 7186 7301 7307 7364 7394 7403 7422 7447 7472 7498 7531 7569 7600 7666 7670 7689 7759 7794 7810 7815 7855 7856 7872 7909 7911 7914 7939 7992 8004 8051 8089 8145 8147 8243 8245 8257 8326 8343 8355 8402 8405 8409 8450 8480 8496 8508 8520 8591 8592 8601 8657 8735 8745 8783 8790 8792 8818 8819 8822 8831 8843 8854 8870 8871 8912 8931 8935 8981 9036 9052 9080 9086 9101 9112 9114 9121 9136 9202 9205 9207 9268 9283 9284 9288 9293 9300 9305 9314 9330 9332 9340 9343 9345 9360 9378 9383 9387 9388 9422 9427 9431 9450 9455 9458 9461 9496 9522 9557 9558 9572 9579 9593 9596 9603 9605 9610 9611 9620 9623 9628 9641 9652 9653 9660 9674 9676 9679 9680 9686 9688 9691 9692 9696 9697 9705 9708 9709 9711 9713 9714 9716 9722 9727 9737 9741 9744 9753 9759 9761 9764 9765 9773 9777 9782 9784 9787 9788 9790 9792 9801 9802 9812 9813 9814 9817 9820 9821 9826
57 198 550 932 958 966 1069 1070 1126 1178 1244 1397 1431 1491 1579 1732 1917 1947 2052 2128 2347 2513 2625 2849 2893 2899 2911 2995 3168 3179 3196 3287 3288 3368 3457 3691 3754 3832 3895 3961 4195 4239 4289 4328 4345 4369 4421 4423 4463 4655 4868 4914 4935 4987 5002 5064 5074 5227 5324 5423 5494 5562 5576 5618 5712 5755 5897 5944 6068 6095 6109 6116 6146 6160 6329 6331 6394 6408 6411 6454 6507 6519 6640 6838 6900 6910 6942 6969 6973 7029 7091 7130 7150 7204 7290 7331 7341 7351 7365 7472 7492 7525 7593 7603 7654 7705 7739 7744 7791 7793 7804 7823 7832 7861 7887 7904 7950 7990 7992 8025 8045 8048 8086 8132 8137 8205 8212 8221 8242 8322 8332 8387 8402 8405 8421 8446 8465 8495 8503 8551 8583 8616 8635 8644 8719 8732 8745 8759 8787 8808 8820 8822 8842 8848 8867 8880 8894 8932 8948 8988 9007 9011 9027 9050 9064 9102 9106 9109 9160 9185 9192 9193 9204 9218 9239 9253 9272 9277 9284 9296 9300 9302 9313 9314 9316 9318 9343 9354 9359 9378 9381 9385 9397 9448 9455 9491 9495 9496 9519 9542 9555 9569 9575 9577 9588 9589 9594 9599 9610 9615 9621 9641 9647 9648 9654 9657 9659 9667 9676 9680 9685 9691 9702 9704 9709 9711 9716 9717 9722 9725 9729 9748 9754 9756 9761 9764 9765 9768 9774 9780 9786 9787 9796 9799 9808 9811 9818 9820 9822
197 828 901 905 1067 1171 1204 1229 1346 1483 1493 1639 1755 1763 2084 2335 2505 2506 2562 2704 2793 2847 2986 3060 3197 3238 3449 3723 3820 3875 4031 4118 4180 4280 4321 4362 4626 4630 4634 4826 4864 4896 4921 4962 4973 4979 5020 5091 5241 5298 5419 5457 5571 5692 5743 5749 5869 6003 6018 6039 6068 6085 6154 6253 6293 6369 6393 6404 6477 6536 6584 6791 6840 6850 6884 6943 6960 7089 7116 7119 7225 7283 7328 7337 7364 7465 7510 7559 7586 7615 7649 7727 7732 7752 7780 7803 7826 7836 7853 7888 7894 7954 7966 7977 7978 8007 8022 8075 8078 8094 8109 8127 8153 8171 8209 8304 8319 8329 8331 8343 8402 8405 8406 8422 8444 8453 8477 8509 8610 8624 8635 8693 8700 8729 8733 8765 8767 8808 8824 8837 8848 8866 8930 8964 8972 8981 9000 9012 9035 9046 9050 9056 9080 9092 9130 9141 9165 9180 9189 9197 9202 9246 9265 9283 9284 9298 9300 9307 9311 9318 9335 9369 9373 9378 9379 9386 9401 9436 9444 9448 9483 9489 9496 9519 9528 9553 9561 9564 9566 9567 9574 9581 9583 9588 9593 9594 9597 9609 9614 9616 9619 9632 9633 9637 9647 9649 9654 9658 9664 9666 9667 9672 9677 9682 9684 9690 9697 9698 9708 9714 9717 9721 9722 9741 9750 9751 9758 9768 9779 9780 9785 9787 9791 9794 9798 9807 9808 9810 9811 9814
10 768 828 849 1066 1195 1410 1461 1510 1614 1627 1675 1938 2019 2052 2255 2356 2475 2489 2683 2719 2810 2854 2966 3028 3084 3143 3178 3222 3410 3519 3622 3627 3704 3798 3808 3810 3830 3848 3912 3970 4055 4171 4228 4353 4465 4675 4832 4860 4867 4876 4883 4935 4978 4994 5006 5177 5308 5357 5416 5563 5667 5848 5876 5913 6035 6037 6246 6359 6363 6387 6428 6507 6787 6879 6912 7061 7113 7220 7242 7255 7278 7289 7302 7397 7437 7439 7459 7501 7526 7573 7582 7595 7635 7711 7728 7767 7786 7799 7812 7828 7850 7879 7887 7932 7940 7941 7993 8003 8071 8118 8162 8240 8305 8306 8337 8382 8397 8410 8444 8477 8599 8604 8678 8683 8698 8700 8711 8715 8725 8750 8758 8772 8794 8796 8800 8813 8815 8843 8845 8848 8860 8866 8885 8925 8945 8979 9017 9021 9047 9048 9052 9059 9102 9107 9137 9165 9189 9195 9201 9216 9260 9264 9265 9284 9291 9293 9294 9296 9303 9309 9318 9362 9365 9371 9377 9378 9383 9411 9437 9441 9442 9447 9448 9474 9477 9518 9519 9538 9539 9540 9542 9543 9561 9567 9576 9582 9587 9596 9602 9607 9608 9609 9612 9614 9616 9630 9635 9643 9648 9652 9654 9661 9666 9668 9671 9674 9679 9688 9697 9701 9705 9709 9714 9717 9722 9735 9742 9744 9747 9748 9757 9758 9765 9767 9770 9775 9780 9785 9793 9796 9803 9805 9806 9807 9808
556 833 1040 1064 1088 1348 1382 1418 1496 1549 1593 1744 1783 1794 1825 1970 1987 2046 2137 2176 2205 2243 2444 2465 2668 2669 2673 2756 2781 2815 2902 3036 3127 3164 3168 3250 3258 3295 3381 3569 3613 3700 3816 3906 4100 4144 4215 4227 4287 4323 4554 4721 4811 4864 4882 4884 4902 4934 4978 4994 4995 5177 5232 5320 5391 5484 5547 5603 5641 5678 5708 5750 5871 5880 5940 6030 6035 6195 6273 6328 6330 6340 6398 6403 6769 6873 6905 7006 7026 7068 7086 7208 7221 7274 7283 7329 7354 7424 7433 7507 7562 7564 7632 7658 7706 7710 7741 7760 7776 7783 7809 7834 7841 7856 7883 7917 7921 7933 7940 7962 7967 7981 8060 8063 8072 8078 8147 8188 8210 8237 8299 8345 8353 8356 8362 8381 8390 8394 8446 8469 8476 8536 8567 8664 8692 8705 8712 8737 8757 8758 8793 8802 8812 8818 8820 8824 8842 8860 8866 8883 8914 8955 9007 9015 9026 9046 9072 9073 9094 9132 9153 9163 9166 9170 9185 9187 9220 9234 9250 9263 9264 9282 9288 9290 9293 9294 9298 9307 9331 9352 9368 9374 9383 9397 9399 9418 9420 9438 9442 9467 9472 9507 9508 9516 9527 9540 9553 9562 9566 9569 9580 9584 9585 9596 9602 9604 9605 9607 9611 9612 9615 9623 9628 9635 9637 9641 9651 9655 9657 9668 9671 9672 9674 9686 9689 9697 9698 9702 9709 9711 9714 9720 9730 9733 9741 9752 9767 9769 9778 9779 9782 9785 9791 9792 9794 9801 9802 9805
196 286 315 321 423 457 680 681 718 742 814 1018 1051 1059 1149 1323 1406 1473 1573 1584 1919 1951 2125 2185 2489 2602 2661 2720 2777 2852 3011 3113 3134 3164 3249 3292 3524 3547 3610 3683 3778 3847 4070 4091 4130 4164 4232 4256 4518 4707 4805 4853 4863 4865 4929 4960 4967 5003 5127 5255 5438 5520 5567 5716 5734 5787 5867 5882 5926 5946 6028 6067 6144 6225 6229 6250 6270 6276 6311 6385 6580 6656 6706 6710 6749 6833 6870 6904 7001 7022 7060 7070 7200 7266 7274 7285 7314 7324 7368 7406 7420 7476 7511 7564 7572 7595 7631 7636 7696 7706 7744 7748 7759 7773 7790 7797 7802 7820 7821 7834 7894 7917 7951 7953 7962 7968 7976 7995 8035 8046 8068 8069 8089 8122 8144 8145 8164 8177 8250 8288 8292 8317 8344 8350 8351 8357 8369 8446 8466 8485 8508 8566 8572 8647 8678 8683 8705 8718 8733 8741 8745 8763 8766 8781 8783 8791 8796 8823 8833 8857 8860 8867 8871 8881 8891 8895 8897 8936 8950 8954 8994 9001 9003 9014 9036 9058 9067 9070 9096 9105 9143 9151 9158 9165 9170 9176 9210 9211 9221 9247 9274 9283 9291 9292 9296 9298 9301 9335 9351 9373 9381 9395 9415 9433 9449 9459 9471 9484 9504 9511 9534 9544 9550 9560 9566 9572 9579 9586 9588 9593 9602 9605 9609 9613 9616 9620 9623 9627 9629 9635 9636 9641 9648 9657 9661 9665 9668 9670 9682 9686 9687 9694 9697 9707 9710 9726 9728 9730 9740 9747 9750 9752 9760 9763 9768 9770 9775 9779 9785 9791 9792 9797 9799 9800 9803 9805
43 253 262 300 373 518 629 634 640 679 785 917 975 1018 1121 1263 1320 1372 1392 1421 1469 1535 1750 1772 1834 1915 2023 2071 2596 2610 2730 2765 2811 2923 3005 3147 3174 3243 3329 3520 3553 3618 3632 3752 3947 3991 4066 4158 4454 4623 4664 4736 4742 4782 4822 4827 4841 4853 4862 4903 5083 5121 5123 5129 5163 5220 5273 5299 5497 5512 5514 5515 5713 5733 5824 5918 5939 5963 6039 6053 6091 6093 6185 6230 6236 6301 6331 6345 6601 6684 6695 6738 6785 6808 6827 6870 6935 6938 6965 7006 7010 7019 7046 7176 7218 7257 7264 7274 7323 7357 7380 7383 7400 7415 7418 7432 7444 7499 7507 7513 7541 7636 7691 7734 7736 7751 7775 7780 7813 7842 7897 7900 7914 7938 7989 8046 8058 8089 8103 8135 8136 8171 8239 8269 8279 8305 8309 8327 8335 8349 8355 8361 8453 8530 8545 8558 8564 8569 8670 8672 8718 8737 8762 8767 8772 8794 8819 8857 8935 8939 8950 8959 8980 8981 9011 9031 9051 9082 9097 9125 9137 9149 9155 9210 9221 9247 9253 9271 9289 9291 9296 9306 9331 9351 9372 9382 9400 9405 9412 9427 9428 9452 9460 9471 9472 9479 9503 9509 9511 9520 9541 9546 9559 9566 9575 9579 9580 9582 9591 9599 9600 9601 9603 9604 9605 9611 9617 9626 9630 9634 9635 9636 9639 9641 9644 9664 9665 9667 9669 9679 9682 9684 9685 9686 9693 9694 9706 9716 9721 9727 9731 9734 9735 9737 9738 9747 9749 9751 9757 9758 9767 9769 9771 9779 9782 9789 9791 9796 9799 9801 9803
232 242 588 766 910 938 945 958 966 1079 1250 1308 1314 1324 1334 1353 1437 1461 1634 1731 1898 2018 2036 2038 2246 2534 2541 2606 2759 2774 2855 2886 3083 3303 3381 3491 3527 3605 3721 3778 3864 4090 4114 4147 4242 4436 4455 4560 4631 4732 4735 4777 4813 4842 4862 5021 5094 5111 5150 5235 5269 5329 5413 5447 5582 5608 5677 5728 5750 5829 5860 5864 5939 6024 6055 6182 6202 6343 6622 6654 6659 6684 6747 6757 6839 6847 6930 6943 6978 6980 7110 7133 7171 7219 7237 7239 7261 7352 7369 7390 7392 7415 7429 7493 7523 7580 7624 7635 7649 7704 7730 7736 7741 7765 7768 7787 7797 7856 7874 7910 7950 7962 8012 8045 8083 8093 8096 8163 8191 8214 8224 8251 8273 8286 8289 8306 8333 8341 8342 8440 8446 8516 8520 8635 8645 8669 8692 8694 8706 8716 8723 8731 8742 8751 8761 8789 8852 8876 8921 8925 8938 8966 8967 8975 8995 9023 9035 9081 9093 9094 9100 9130 9134 9136 9142 9146 9154 9177 9210 9218 9234 9242 9253 9265 9271 9280 9291 9292 9319 9346 9364 9370 9387 9392 9405 9426 9450 9460 9465 9495 9499 9501 9510 9513 9521 9533 9537 9557 9575 9577 9580 9590 9596 9601 9605 9607 9611 9612 9626 9630 9634 9636 9641 9649 9657 9661 9662 9664 9669 9674 9676 9678 9682 9683 9685 9693 9701 9716 9720 9724 9732 9751 9753 9756 9765 9767 9769 9770 9771 9779 9780 9791 9795 9798 9799
127 236 404 534 603 827 893 953 1029 1106 1274 1309 1435 1600 1628 1630 1637 1752 1765 1776 2004 2138 2378 2410 2493 2514 2700 2766 2829 2934 3076 3089 3170 3251 3256 3377 3387 3405 3541 3564 3583 3652 3707 3727 3754 3884 3944 4065 4087 4213 4409 4419 4468 4530 4539 4591 4612 4771 4798 4825 5006 5078 5156 5262 5356 5407 5411 5428 5430 5573 5640 5686 5721 5902 5923 5946 5972 6084 6160 6173 6320 6356 6608 6637 6650 6678 6687 6815 6825 6832 6909 6975 7031 7061 7070 7211 7232 7275 7332 7389 7392 7412 7475 7487 7488 7497 7503 7537 7572 7600 7644 7650 7706 7715 7719 7738 7765 7768 7822 7824 7829 7843 7878 7894 7908 7978 7983 8011 8016 8039 8076 8083 8093 8149 8171 8189 8199 8213 8247 8281 8319 8331 8342 8412 8438 8495 8625 8652 8676 8688 8714 8716 8717 8750 8774 8788 8832 8841 8850 8852 8869 8882 8931 8933 8962 8972 8990 9014 9074 9090 9097 9104 9113 9126 9132 9134 9145 9154 9197 9201 9210 9221 9230 9237 9241 9242 9245 9251 9272 9280 9284 9289 9314 9346 9354 9358 9364 9370 9395 9426 9434 9447 9450 9459 9465 9471 9477 9485 9487 9496 9499 9500 9509 9515 9532 9552 9558 9572 9577 9583 9588 9591 9593 9595 9597 9599 9601 9605 9606 9617 9623 9630 9636 9637 9649 9656 9661 9668 9669 9678 9680 9681 9682 9691 9695 9696 9702 9705 9714 9722 9724 9728 9731 9732 9738 9741 9742 9748 9756 9762 9768 9773 9776 9778 9785 9790 9794 9795
14 216 320 448 471 575 600 630 673 837 851 1027 1042 1134 1268 1291 1363 1372 1412 1534 1589 1644 1654 1698 1990 2184 2214 2238 2358 2362 2453 2455 2498 2669 2695 2734 2745 2923 2948 2972 2991 3193 3223 3348 3383 3501 3609 3635 3644 3725 3820 3825 3911 3918 3923 4040 4082 4130 4366 4385 4396 4516 4576 4610 4768 4793 4879 4928 4969 5037 5061 5129 5227 5387 5401 5432 5534 5606 5653 5786 5821 5910 5916 5952 6052 6056 6081 6173 6435 6456 6594 6600 6604 6633 6660 6676 6695 6760 6812 6825 6856 6908 6948 7011 7017 7047 7205 7210 7285 7290 7310 7377 7380 7450 7473 7502 7536 7546 7625 7671 7688 7714 7744 7763 7774 7782 7825 7835 7852 7868 7879 7895 7913 7940 7974 8006 8032 8047 8074 8082 8116 8137 8150 8177 8208 8211 8245 8246 8248 8317 8334 8408 8415 8484 8593 8608 8624 8639 8643 8660 8714 8715 8726 8749 8769 8804 8813 8822 8832 8842 8851 8880 8915 8921 8923 8961 8973 8983 9014 9070 9074 9087 9092 9109 9112 9133 9136 9154 9160 9188 9209 9220 9227 9231 9242 9271 9284 9287 9297 9299 9307 9340 9346 9347 9352 9354 9358 9367 9377 9388 9403 9411 9412 9442 9446 9455 9460 9469 9470 9483 9499 9508 9509 9546 9553 9566 9571 9586 9587 9593 9598 9604 9609 9611 9617 9623 9624 9630 9635 9645 9659 9660 9661 9665 9672 9681 9685 9686 9689 9703 9707 9713 9715 9717 9721 9727 9736 9739 9740 9746 9750 9756 9758 9768 9770 9776 9784 9786 9789 9791 9792 9794
156 206 274 425 495 559 595 823 842 1175 1222 1278 1287 1468 1513 1683 1733 1774 1876 1947 1987 2185 2260 2346 2400 2430 2590 2654 2712 2880 2923 2936 2957 2988 3190 3235 3366 3369 3409 3427 3495 3506 3582 3600 3939 4050 4096 4267 4286 4390 4516 4556 4558 4580 4731 4735 4739 4791 4798 4878 4944 5002 5005 5078 5201 5269 5361 5364 5378 5386 5416 5464 5585 5632 5650 5716 5776 5790 5839 5892 5896 6012 6095 6137 6173 6444 6489 6562 6564 6583 6630 6676 6706 6774 6818 6823 6899 6905 6916 6926 6997 7133 7151 7180 7203 7209 7332 7380 7415 7425 7446 7450 7458 7543 7545 7551 7597 7628 7638 7679 7697 7704 7722 7755 7789 7849 7851 7867 7870 7888 7928 7955 8053 8055 8073 8089 8100 8144 8171 8186 8187 8209 8248 8279 8280 8309 8313 8405 8412 8436 8478 8573 8592 8604 8615 8636 8643 8666 8701 8719 8722 8731 8737 8758 8759 8817 8821 8843 8846 8873 8907 8908 8915 8923 8947 8956 8971 9009 9024 9042 9065 9082 9091 9092 9105 9132 9154 9160 9174 9187 9189 9214 9229 9232 9237 9240 9266 9270 9274 9284 9294 9297 9332 9335 9340 9347 9354 9357 9367 9377 9396 9399 9403 9436 9437 9441 9449 9457 9481 9488 9489 9492 9494 9507 9509 9511 9520 9542 9544 9545 9566 9570 9580 9584 9586 9587 9589 9590 9591 9598 9603 9607 9613 9615 9623 9632 9635 9637 9659 9671 9680 9685 9686 9687 9699 9714 9721 9724 9737 9741 9746 9748 9750 9763 9768 9769 9776 9782 9783 9784 9785 9788
167 196 231 388 406 467 710 756 787 827 1103 1141 1173 1285 1300 1346 1657 1732 1932 2085 2089 2233 2349 2382 2498 2560 2577 2599 2833 2876 2898 3119 3132 3327 3343 3353 3452 3518 3522 3928 3951 4039 4134 4190 4198 4388 4491 4492 4535 4558 4712 4717 4742 4774 4970 4972 5109 5220 5324 5359 5372 5450 5549 5590 5595 5617 5774 5791 5820 5866 5912 5950 6077 6093 6118 6133 6152 6165 6420 6557 6564 6617 6652 6695 6724 6786 6849 6871 6877 6986 7016 7036 7116 7201 7295 7304 7363 7378 7389 7395 7396 7432 7433 7493 7543 7628 7688 7692 7693 7715 7732 7747 7749 7763 7841 7850 7859 7883 7886 7942 8039 8050 8052 8096 8100 8177 8182 8186 8247 8254 8287 8289 8295 8304 8384 8394 8401 8412 8555 8583 8585 8596 8633 8634 8641 8642 8684 8700 8706 8719 8726 8754 8764 8780 8805 8806 8830 8835 8895 8912 8929 8945 8995 9039 9050 9056 9088 9125 9126 9132 9145 9151 9170 9174 9203 9204 9213 9223 9227 9238 9243 9264 9266 9276 9279 9297 9312 9335 9346 9348 9354 9356 9357 9360 9373 9383 9395 9397 9399 9431 9432 9434 9440 9449 9474 9475 9484 9489 9491 9507 9517 9519 9530 9536 9539 9549 9559 9560 9566 9568 9572 9584 9589 9596 9601 9612 9615 9633 9638 9642 9658 9659 9664 9669 9678 9679 9680 9684 9688 9696 9713 9720 9723 9734 9738 9739 9741 9745 9758 9768 9774 9776 9777 9778 9779 9781 9783 9785 9787
110 376 404 463 529 707 710 750 772 915 1060 1091 1119 1153 1154 1224 1634 1921 2016 2042 2138 2143 2172 2328 2428 2469 2538 2547 2829 2929 2933 3094 3289 3393 3487 3829 3909 4022 4195 4225 4349 4438 4482 4530 4703 4715 4825 4927 5046 5154 5207 5211 5261 5328 5343 5381 5384 5392 5479 5578 5643 5698 5777 5835 5966 6088 6092 6111 6400 6407 6492 6506 6539 6547 6549 6604 6617 6690 6745 6757 6778 6835 6857 6858 6860 6950 7016 7075 7106 7185 7186 7192 7363 7379 7389 7390 7396 7456 7521 7524 7542 7549 7646 7647 7654 7657 7688 7703 7748 7784 7849 7878 7904 7922 7954 8038 8043 8052 8067 8100 8132 8175 8178 8190 8218 8250 8285 8295 8362 8372 8399 8401 8520 8531 8571 8582 8592 8606 8629 8631 8640 8680 8693 8695 8704 8706 8754 8805 8829 8855 8895 8908 8928 8931 8933 8989 9000 9030 9039 9088 9112 9116 9121 9128 9131 9169 9180 9200 9218 9219 9234 9236 9250 9253 9258 9274 9297 9345 9352 9364 9370 9393 9419 9428 9433 9442 9459 9484 9489 9492 9499 9517 9527 9528 9529 9535 9537 9547 9558 9562 9564 9583 9588 9589 9592 9593 9595 9612 9621 9626 9629 9632 9637 9647 9653 9657 9658 9669 9676 9678 9679 9683 9692 9697 9710 9720 9722 9733 9737 9741 9755 9761 9763 9767 9772 9774 9775 9777 9785
91 194 341 348 400 407 512 578 651 653 685 742 969 1041 1048 1069 1148 1157 1306 1453 1625 1751 1852 1889 1960 2080 2166 2243 2303 2321 2436 2538 2663 2722 2760 2763 2842 2882 2933 2984 3005 3056 3083 3161 3230 3263 3399 3425 3501 3523 3546 3695 3734 3835 3948 4008 4040 4192 4269 4427 4488 4497 4522 4577 4680 4705 4816 4895 4918 5047 5192 5284 5355 5383 5411 5461 5640 5678 5695 5811 5812 5828 5839 5929 5930 5945 6063 6084 6380 6506 6526 6568 6610 6669 6740 6777 6835 6851 6855 6911 6934 6990 7039 7104 7116 7145 7170 7188 7190 7211 7317 7335 7340 7356 7366 7378 7412 7467 7519 7539 7595 7650 7677 7684 7718 7733 7741 7830 7876 7888 7893 7998 8030 8043 8076 8099 8128 8153 8160 8172 8201 8205 8213 8237 8264 8271 8317 8325 8357 8364 8371 8376 8382 8432 8497 8521 8579 8622 8626 8635 8691 8694 8701 8705 8721 8738 8751 8760 8794 8797 8799 8822 8823 8849 8853 8880 8895 8902 8920 8980 8991 9012 9036 9062 9068 9077 9083 9085 9107 9114 9117 9128 9162 9173 9184 9187 9201 9215 9218 9248 9249 9257 9263 9273 9296 9327 9343 9344 9345 9349 9355 9384 9414 9418 9420 9424 9433 9456 9461 9476 9481 9487 9492 9498 9505 9514 9517 9521 9525 9542 9548 9560 9563 9576 9579 9582 9587 9589 9592 9595 9612 9619 9630 9633 9650 9652 9653 9656 9657 9658 9662 9669 9674 9675 9678 9681 9703 9706 9707 9708 9714 9721 9728 9729 9733 9740 9749 9752 9763 9766 9767 9773 9775 9777 9782 9784
62 103 120 163 297 324 578 625 680 919 1119 1121 1210 1574 1698 1730 1785 1925 1955 2223 2250 2267 2308 2384 2391 2438 2604 2654 2696 2760 2823 2963 3024 3090 3134 3385 3394 3570 3756 3813 3892 3933 3968 4001 4163 4166 4266 4305 4314 4394 4423 4471 4680 4685 4756 4784 4890 4954 5039 5080 5274 5308 5309 5310 5335 5430 5458 5625 5687 5689 5816 5821 5869 5914 6028 6047 6071 6355 6411 6500 6525 6583 6640 6739 6781 6849 6933 7052 7094 7108 7157 7186 7260 7292 7310 7313 7327 7345 7365 7378 7448 7486 7526 7547 7548 7636 7647 7676 7682 7684 7692 7713 7727 7755 7812 7851 7874 7948 8017 8021 8030 8044 8063 8075 8086 8128 8133 8191 8220 8245 8355 8360 8365 8382 8399 8447 8468 8485 8488 8521 8537 8540 8557 8591 8593 8598 8614 8633 8667 8674 8677 8690 8696 8700 8737 8756 8785 8792 8793 8821 8830 8846 8861 8875 8895 8968 8976 8984 9003 9006 9019 9023 9057 9058 9077 9079 9098 9114 9115 9126 9159 9172 9192 9206 9213 9218 9232 9238 9239 9242 9245 9249 9259 9294 9323 9333 9334 9335 9338 9339 9347 9394 9407 9408 9412 9419 9420 9430 9439 9454 9472 9474 9480 9491 9496 9499 9513 9542 9543 9551 9559 9561 9575 9582 9585 9586 9588 9592 9595 9599 9611 9612 9615 9629 9630 9640 9644 9648 9655 9656 9658 9660 9662 9668 9673 9674 9675 9676 9678 9698 9700 9704 9705 9706 9711 9717 9719 9723 9728 9732 9749 9759 9761 9772 9775 9777 9780
71 92 144 268 283 300 367 618 649 837 892 949 1115 1170 1239 1562 1571 1596 1632 1693 1903 1918 2084 2085 2124 2241 2302 2362 2420 2463 2576 2635 2661 2735 2750 2901 3013 3057 3249 3276 3323 3326 3336 3427 3498 3664 3719 3902 3967 4085 4111 4147 4228 4356 4389 4398 4455 4478 4546 4595 4619 4642 4668 4714 4770 4926 4982 5065 5077 5263 5267 5293 5349 5350 5437 5481 5621 5670 5708 5758 5806 6009 6043 6046 6301 6353 6374 6461 6499 6548 6570 6582 6623 6668 6738 6755 6841 6909 7017 7081 7089 7092 7136 7178 7249 7254 7277 7302 7343 7355 7371 7375 7442 7478 7492 7581 7644 7658 7673 7677 7688 7695 7702 7810 7838 7839 7857 7925 7979 7997 8028 8062 8096 8121 8124 8126 8159 8176 8215 8334 8351 8423 8427 8451 8454 8473 8482 8512 8546 8580 8612 8637 8657 8689 8717 8737 8751 8780 8781 8787 8792 8797 8801 8822 8875 8892 8975 8995 9003 9022 9030 9062 9065 9079 9084 9090 9091 9113 9124 9134 9137 9148 9149 9169 9188 9203 9207 9212 9214 9222 9226 9236 9242 9246 9247 9285 9298 9315 9324 9328 9334 9338 9377 9399 9400 9401 9405 9408 9410 9425 9430 9441 9444 9449 9463 9467 9479 9480 9482 9490 9494 9500 9504 9507 9509 9517 9530 9554 9558 9572 9577 9580 9584 9585 9588 9592 9606 9612 9621 9628 9639 9640 9641 9644 9646 9652 9661 9662 9663 9667 9673 9676 9688 9695 9704 9705 9717 9721 9726 9731 9735 9746 9747 9748 9754 9757 9765 9768 9772 9775 9777 9779
59 126 229 578 601 703 798 816 1057 1270 1466 1550 1585 1635 1658 1693 1711 1717 2047 2067 2073 2093 2117 2325 2357 2372 2608 2620 2710 2725 2847 2880 2926 2967 3044 3099 3301 3317 3318 3375 3708 3871 3879 3898 3913 3944 3945 4054 4105 4132 4208 4218 4231 4256 4273 4341 4358 4366 4398 4440 4533 4535 4580 4640 4684 4807 4817 4895 4944 4962 5082 5252 5257 5311 5314 5323 5329 5347 5358 5427 5448 5547 5649 5696 5699 5752 5781 5960 6007 6163 6289 6338 6383 6463 6497 6548 6605 6667 6720 6788 6832 6873 6964 7045 7072 7099 7110 7112 7127 7242 7297 7302 7334 7352 7368 7374 7395 7438 7465 7468 7630 7650 7656 7672 7693 7695 7800 7806 7824 7839 7842 7917 7990 7991 8009 8015 8084 8124 8156 8194 8200 8212 8213 8239 8270 8335 8414 8453 8464 8509 8527 8548 8571 8586 8595 8641 8644 8669 8689 8731 8732 8741 8775 8776 8787 8817 8869 8877 8923 8946 8995 9018 9027 9030 9081 9082 9088 9107 9108 9119 9125 9128 9136 9140 9148 9150 9169 9183 9197 9201 9212 9223 9224 9231 9233 9235 9240 9243 9252 9269 9298 9311 9318 9319 9325 9332 9354 9359 9385 9386 9391 9395 9401 9405 9410 9414 9418 9425 9429 9443 9458 9465 9475 9478 9489 9500 9502 9503 9505 9515 9529 9544 9547 9556 9560 9562 9576 9582 9583 9592 9595 9605 9607 9612 9628 9629 9634 9644 9650 9656 9660 9661 9667 9673 9674 9676 9696 9702 9703 9712 9716 9717 9719 9723 9726 9739 9747 9751 9754 9759 9767 9772 9774
8 126 132 418 549 573 703 763 875 1028 1038 1162 1442 1444 1526 1555 1656 1841 1969 1984 2001 2047 2070 2092 2094 2116 2322 2385 2438 2588 2693 2854 2910 2937 3048 3086 3171 3312 3341 3641 3705 3805 3831 3840 3993 4038 4084 4089 4110 4358 4418 4426 4455 4505 4563 4609 4613 4651 4708 4824 4883 4921 4935 4991 5018 5072 5167 5254 5256 5315 5328 5378 5387 5426 5464 5540 5552 5605 5633 5742 5743 5744 5748 5796 5829 5920 5925 6072 6188 6233 6250 6292 6315 6318 6338 6393 6418 6445 6477 6493 6515 6603 6685 6719 6731 6746 6760 6777 6814 6824 6931 7005 7040 7049 7070 7079 7092 7100 7112 7162 7228 7270 7281 7312 7325 7327 7364 7382 7402 7416 7436 7558 7569 7605 7615 7620 7638 7661 7672 7675 7676 7679 7768 7776 7806 7814 7827 7873 7888 7901 7905 7965 7981 8002 8045 8047 8094 8105 8121 8150 8181 8190 8191 8195 8209 8244 8291 8305 8324 8333 8382 8424 8429 8491 8509 8512 8525 8530 8535 8541 8548 8579 8595 8617 8620 8622 8661 8686 8688 8692 8709 8724 8761 8767 8769 8770 8771 8776 8813 8846 8863 8871 8898 8914 8921 8926 8953 8979 8986 9015 9028 9042 9059 9080 9105 9113 9128 9140 9146 9147 9151 9153 9166 9190 9197 9206 9210 9212 9217 9227 9230 9245 9252 9254 9265 9294 9296 9312 9318 9322 9327 9347 9349 9352 9386 9394 9404 9413 9419 9434 9458 9472 9491 9495 9498 9501 9502 9508 9509 9512 9522 9542 9547 9553 9556 9568 9576 9580 9588 9592 9605 9612 9622 9624 9626 9629 9634 9637 9639 9644 9652 9656 9667 9671 9672 9695 9698 9702 9706 9711 9715 9716 9717 9719 9722 9732 9735 9737 9747 9749 9752 9764 9766 9767 9768 9772
138 396 431 479 492 535 653 838 944 1037 1120 1229 1323 1414 1471 1543 1680 1963 1986 2237 2340 2588 2641 2731 2903 2971 3061 3126 3186 3283 3422 3820 3827 3895 3951 3984 3991 4019 4058 4297 4340 4341 4378 4549 4563 4602 4603 4617 4723 4875 4971 4986 5118 5206 5212 5308 5381 5450 5465 5545 5620 5702 5727 5739 5812 5825 5853 6002 6017 6193 6223 6316 6333 6363 6371 6402 6481 6497 6592 6748 6753 6788 6801 6904 7026 7034 7037 7055 7073 7112 7144 7151 7221 7239 7265 7313 7335 7391 7392 7432 7579 7609 7629 7656 7667 7669 7674 7748 7798 7805 7806 7819 7832 7876 7918 7928 7968 7970 8030 8076 8091 8100 8111 8116 8172 8207 8245 8268 8320 8376 8393 8475 8483 8491 8509 8513 8541 8542 8594 8659 8684 8720 8744 8751 8767 8768 8771 8825 8844 8856 8862 8886 8890 8946 8947 8993 9002 9021 9026 9070 9087 9104 9122 9129 9136 9175 9180 9196 9203 9205 9208 9210 9214 9231 9246 9272 9291 9295 9309 9314 9316 9317 9318 9322 9323 9345 9361 9384 9386 9392 9403 9409 9414 9416 9419 9433 9445 9456 9457 9467 9471 9482 9485 9491 9492 9499 9500 9509 9511 9528 9533 9551 9552 9563 9576 9581 9591 9595 9596 9603 9604 9612 9620 9622 9623 9624 9638 9641 9652 9654 9656 9666 9671 9672 9683 9698 9705 9711 9715 9716 9728 9735 9738 9744 9747 9751 9762 9764 9767
56 128 151 314 378 463 468 469 528 837 898 926 959 1008 1135 1152 1272 1383 1416 1543 1649 1944 1946 2061 2110 2178 2223 2233 2317 2344 2579 2640 2776 2833 2894 2905 3091 3098 3235 3263 3404 3656 3687 3824 4013 4320 4331 4368 4490 4491 4530 4572 4661 4711 4771 4803 4863 4892 5084 5122 5282 5299 5303 5326 5397 5437 5475 5598 5610 5679 5736 5765 5786 5795 5829 5977 5994 6113 6115 6146 6189 6269 6340 6415 6497 6505 6566 6571 6695 6703 6735 6790 6795 6865 6892 7015 7035 7065 7124 7159 7189 7262 7300 7389 7394 7453 7481 7503 7529 7580 7597 7635 7636 7650 7659 7697 7704 7726 7744 7760 7802 7846 7872 7900 7963 8000 8027 8059 8093 8100 8113 8141 8167 8214 8220 8317 8318 8329 8368 8428 8463 8466 8469 8499 8519 8527 8535 8657 8671 8675 8736 8750 8764 8767 8837 8873 8874 8885 8926 8945 8954 8985 8987 8991 8998 9014 9047 9072 9089 9101 9112 9126 9134 9135 9143 9150 9157 9175 9186 9188 9192 9199 9207 9237 9254 9276 9290 9315 9319 9320 9323 9326 9328 9361 9379 9383 9390 9392 9398 9403 9407 9413 9450 9451 9457 9462 9466 9468 9480 9481 9482 9498 9505 9508 9522 9532 9549 9550 9552 9562 9576 9579 9595 9602 9603 9623 9626 9629 9637 9643 9648 9650 9666 9668 9669 9670 9676 9681 9686 9691 9692 9696 9697 9701 9706 9710 9713 9714 9716 9726 9727 9734 9739 9740 9742 9747 9751 9760 9761 9762
29 72 73 75 204 268 377 446 452 457 816 825 887 920 1109 1232 1367 1413 1471 1804 1856 1941 2142 2256 2392 2544 2572 2602 2735 2773 2863 2986 3004 3150 3270 3477 3637 3697 3779 3781 3798 3906 4130 4171 4304 4325 4382 4444 4454 4461 4525 4559 4601 4657 4726 4887 4969 5016 5041 5052 5241 5287 5314 5358 5423 5566 5567 5607 5750 5764 5877 5919 5981 6051 6078 6081 6082 6188 6237 6247 6260 6270 6275 6293 6385 6421 6438 6498 6504 6570 6605 6689 6705 6763 6851 6880 6932 6943 6979 6987 6992 7003 7005 7028 7154 7178 7184 7214 7217 7255 7277 7286 7318 7322 7366 7420 7440 7456 7510 7514 7582 7631 7652 7653 7714 7756 7761 7781 7809 7861 7867 7893 7952 7956 7963 8000 8023 8037 8043 8055 8077 8092 8096 8111 8149 8150 8154 8158 8241 8264 8315 8360 8412 8433 8458 8468 8471 8496 8511 8528 8529 8631 8639 8643 8655 8664 8666 8700 8733 8739 8740 8751 8764 8775 8781 8791 8797 8824 8825 8834 8858 8875 8936 8981 8984 8998 9010 9032 9054 9067 9073 9096 9101 9115 9124 9147 9174 9182 9196 9203 9207 9235 9252 9269 9299 9308 9314 9317 9343 9346 9377 9381 9392 9413 9441 9442 9445 9457 9459 9474 9476 9484 9486 9491 9493 9494 9502 9515 9523 9529 9534 9546 9550 9555 9566 9570 9571 9578 9583 9591 9594 9598 9601 9608 9615 9626 9631 9637 9639 9648 9659 9660 9665 9666 9669 9670 9680 9684 9685 9694 9695 9699 9705 9707 9716 9719 9723 9735 9736 9742 9755 9758 9760 9762
73 97 137 431 492 586 668 777 873 907 913 1060 1309 1319 1345 1403 1428 1447 1723 1937 1984 1985 2038 2168 2350 2361 2490 2575 2718 2809 2986 3121 3233 3454 3514 3588 3690 3705 3708 3776 3829 3938 4164 4270 4273 4302 4315 4356 4358 4421 4465 4611 4774 4821 4874 5041 5084 5130 5151 5236 5283 5287 5385 5484 5517 5571 5585 5667 5726 5733 5924 5938 5965 5971 5980 6169 6249 6256 6302 6315 6372 6399 6473 6482 6543 6572 6647 6679 6700 6705 6763 6806 6818 6899 6928 6981 6991 7141 7155 7165 7188 7236 7253 7262 7283 7296 7299 7351 7374 7394 7427 7491 7506 7529 7552 7574 7580 7609 7624 7627 7645 7682 7713 7716 7718 7825 7882 7920 7924 7944 7991 7996 8029 8040 8047 8048 8098 8107 8142 8150 8151 8200 8215 8216 8239 8262 8276 8305 8312 8322 8342 8346 8386 8414 8428 8457 8458 8474 8495 8496 8524 8555 8559 8606 8609 8653 8654 8657 8663 8679 8710 8729 8730 8748 8758 8794 8813 8824 8852 8891 8900 8913 8936 8974 8984 9005 9013 9032 9059 9089 9093 9103 9119 9145 9159 9174 9193 9199 9201 9207 9211 9231 9232 9259 9287 9289 9303 9313 9324 9339 9371 9372 9380 9381 9391 9400 9424 9435 9437 9440 9451 9456 9473 9482 9489 9501 9502 9528 9540 9541 9545 9556 9566 9567 9569 9581 9591 9593 9595 9601 9614 9625 9627 9635 9636 9648 9654 9662 9665 9669 9672 9675 9677 9681 9685 9690 9691 9695 9702 9705 9708 9709 9716 9717 9719 9726 9730 9732 9733 9736 9753 9758 9761
62 74 376 392 423 499 644 730 765 773 774 915 1254 1342 1394 1841 1893 1896 1921 1935 1936 2166 2269 2430 2490 2759 2769 2978 2999 3031 3036 3454 3622 3649 3663 3747 3771 3903 3977 4105 4132 4291 4315 4326 4364 4383 4400 4409 4445 4537 4689 4763 4851 4969 4983 5110 5121 5127 5186 5205 5274 5397 5441 5452 5514 5560 5590 5726 5880 5959 6032 6162 6174 6252 6256 6269 6348 6380 6455 6592 6609 6655 6696 6713 6763 6793 6876 6912 6917 6923 6941 6970 6978 7100 7101 7155 7156 7163 7218 7222 7240 7258 7260 7267 7300 7384 7415 7457 7481 7530 7551 7572 7580 7622 7626 7633 7672 7700 7710 7734 7798 7851 7865 7875 7902 7917 7937 7978 7986 8015 8024 8040 8073 8092 8119 8135 8201 8210 8243 8296 8312 8313 8338 8353 8380 8420 8423 8453 8463 8501 8542 8576 8601 8605 8627 8652 8677 8705 8709 8723 8727 8757 8799 8801 8803 8813 8822 8844 8845 8899 8927 8928 8952 8953 8971 8979 8982 9007 9058 9087 9089 9117 9169 9170 9171 9173 9174 9186 9191 9230 9239 9241 9259 9270 9273 9281 9283 9285 9287 9302 9338 9342 9355 9366 9375 9377 9381 9389 9393 9407 9419 9431 9437 9446 9447 9456 9464 9471 9480 9486 9489 9492 9499 9503 9515 9524 9527 9538 9542 9544 9545 9562 9563 9571 9591 9598 9599 9600 9601 9612 9616 9617 9619 9620 9624 9630 9636 9639 9647 9661 9665 9666 9684 9685 9692 9695 9698 9704 9708 9714 9726 9736 9741 9748 9749 9750 9753 9759 9761
32 77 101 375 387 437 484 701 735 766 785 904 1171 1206 1282 1340 1651 1665 1832 1884 1886 1931 2079 2189 2245 2453 2688 2935 3020 3035 3268 3272 3599 3607 3663 3741 3769 3853 3876 4011 4037 4063 4288 4307 4385 4386 4441 4517 4533 4637 4782 4823 4962 5054 5087 5116 5174 5201 5269 5386 5514 5556 5584 5600 5832 5839 5854 5874 5891 6074 6140 6157 6239 6282 6348 6385 6389 6430 6511 6543 6601 6674 6720 6790 6833 6844 6910 6916 6927 6962 6977 7036 7097 7106 7118 7207 7225 7228 7233 7259 7261 7370 7384 7443 7460 7512 7530 7534 7538 7545 7547 7558 7563 7602 7618 7621 7653 7698 7797 7849 7902 7913 7957 7990 8005 8013 8063 8086 8104 8120 8128 8129 8170 8208 8235 8236 8276 8279 8310 8330 8349 8358 8385 8404 8460 8469 8471 8474 8482 8485 8504 8522 8529 8568 8570 8580 8619 8635 8639 8650 8654 8662 8667 8698 8702 8717 8728 8762 8795 8802 8832 8843 8873 8891 8899 8914 8931 8934 8942 8956 8958 8972 8976 8994 8997 9002 9051 9078 9081 9085 9089 9093 9100 9116 9156 9166 9168 9171 9172 9184 9189 9191 9196 9215 9223 9226 9244 9269 9274 9284 9296 9298 9302 9326 9331 9337 9344 9357 9365 9366 9376 9381 9386 9397 9405 9406 9409 9419 9425 9428 9430 9431 9434 9453 9469 9478 9479 9487 9491 9497 9513 9518 9522 9535 9537 9545 9551 9555 9556 9566 9580 9588 9591 9599 9601 9604 9619 9624 9633 9634 9637 9638 9641 9658 9659 9660 9664 9665 9676 9684 9686 9691 9694 9700 9702 9703 9706 9714 9725 9726 9734 9735 9739 9745 9757 9758
42 77 96 211 260 306 334 430 431 727 892 1074 1168 1282 1385 1486 1559 1772 1812 1848 1854 1929 2053 2142 2369 2404 2442 2523 2873 3003 3006 3064 3086 3206 3248 3391 3412 3458 3577 3587 3611 3656 3743 3817 3862 3902 4027 4261 4263 4291 4313 4337 4358 4429 4480 4698 4781 4910 4955 5079 5164 5231 5240 5372 5403 5427 5476 5564 5601 5688 5812 5854 5876 6022 6068 6097 6104 6174 6348 6375 6387 6418 6438 6543 6601 6692 6705 6748 6776 6825 6827 6877 6891 6927 7022 7037 7116 7187 7193 7223 7250 7252 7261 7310 7314 7364 7405 7410 7478 7529 7539 7555 7570 7575 7617 7624 7658 7659 7691 7695 7784 7797 7844 7875 7879 7896 7897 7920 7937 7941 7946 7948 7966 7983 7990 8009 8043 8080 8087 8123 8157 8195 8222 8259 8263 8333 8338 8395 8400 8439 8464 8482 8483 8518 8527 8540 8554 8556 8598 8609 8617 8625 8628 8635 8644 8673 8693 8700 8717 8721 8739 8746 8794 8795 8801 8835 8858 8872 8915 8927 8938 8954 8975 8980 8991 8992 9014 9017 9028 9034 9063 9073 9087 9099 9105 9115 9138 9161 9164 9168 9184 9188 9205 9223 9239 9254 9267 9268 9291 9301 9311 9317 9330 9343 9346 9362 9376 9384 9386 9387 9396 9406 9412 9418 9425 9426 9444 9466 9472 9478 9485 9486 9488 9505 9513 9518 9535 9536 9543 9545 9546 9552 9563 9580 9587 9590 9591 9598 9599 9601 9609 9618 9624 9630 9631 9632 9635 9652 9653 9661 9662 9664 9665 9667 9680 9682 9686 9688 9693 9698 9699 9705 9706 9713 9717 9723 9726 9734 9735 9744 9749 9750 9752 9754
213 282 294 587 707 761 1054 1148 1163 1199 1243 1488 1774 1802 1827 1878 1923 1991 2031 2041 2224 2352 2364 2372 2439 2498 2821 2831 2836 2989 2993 3018 3065 3345 3407 3436 3516 3520 3537 3618 3733 3823 3978 4021 4179 4256 4257 4287 4301 4344 4394 4474 4633 4701 4707 4742 4799 4826 4938 5063 5206 5349 5365 5428 5456 5494 5609 5742 5754 5763 5876 6065 6092 6131 6158 6298 6334 6368 6448 6584 6587 6597 6598 6605 6700 6728 6774 6805 6867 6872 6874 6907 6910 7013 7085 7134 7137 7173 7175 7183 7209 7221 7302 7366 7473 7527 7545 7547 7571 7656 7664 7704 7729 7770 7821 7852 7854 7865 7887 7893 7946 7980 7989 8032 8072 8092 8100 8101 8147 8156 8168 8184 8215 8260 8325 8338 8399 8423 8459 8500 8524 8548 8557 8567 8616 8634 8646 8693 8700 8715 8772 8778 8782 8788 8803 8833 8839 8856 8902 8915 8936 8950 8952 8961 8975 8976 8988 9038 9061 9065 9082 9112 9115 9118 9121 9136 9147 9155 9161 9162 9165 9183 9186 9202 9209 9213 9221 9222 9224 9246 9249 9251 9257 9277 9283 9292 9322 9326 9337 9340 9350 9351 9360 9361 9372 9383 9401 9405 9426 9429 9452 9457 9473 9474 9485 9488 9499 9501 9504 9533 9539 9540 9542 9544 9546 9549 9557 9563 9570 9578 9582 9585 9587 9589 9590 9595 9601 9607 9614 9615 9621 9625 9630 9634 9643 9647 9658 9662 9663 9672 9682 9683 9695 9696 9706 9710 9713 9723 9726 9729 9734 9740 9748 9749 9752
112 201 212 261 495 700 963 1017 1033 1056 1070 1073 1131 1611 1676 1729 1780 1827 1832 1915 1959 2116 2133 2294 2335 2362 2398 2418 2654 2754 2930 2986 2987 3134 3301 3329 3392 3442 3470 3520 3524 3568 3687 3895 3913 3963 4020 4028 4070 4186 4213 4219 4245 4313 4318 4385 4392 4459 4469 4594 4707 4752 4838 5039 5057 5062 5067 5166 5206 5239 5261 5327 5358 5669 5672 5733 5758 5785 5925 6009 6063 6066 6116 6223 6279 6295 6325 6348 6481 6483 6519 6550 6598 6614 6672 6765 6774 6802 6866 6903 6957 6981 7002 7032 7087 7090 7158 7174 7176 7181 7191 7207 7284 7335 7459 7511 7519 7540 7548 7566 7574 7623 7645 7656 7659 7661 7681 7725 7735 7778 7844 7858 7886 7893 7925 7935 7963 7968 7969 7993 8032 8097 8127 8135 8140 8174 8184 8214 8224 8260 8301 8347 8375 8379 8383 8388 8414 8469 8520 8547 8608 8613 8615 8626 8632 8672 8675 8690 8693 8700 8704 8753 8759 8781 8797 8801 8808 8812 8824 8835 8867 8875 8897 8902 8941 8976 8988 8991 9004 9047 9053 9064 9069 9093 9111 9116 9117 9130 9135 9154 9155 9162 9166 9168 9169 9177 9181 9185 9189 9193 9198 9211 9213 9220 9225 9232 9236 9246 9254 9255 9276 9280 9283 9307 9323 9337 9344 9355 9359 9370 9371 9374 9376 9379 9403 9419 9446 9450 9458 9467 9472 9473 9482 9485 9489 9512 9520 9531 9532 9533 9538 9544 9574 9577 9578 9579 9582 9584 9586 9587 9591 9595 9600 9614 9620 9625 9626 9632 9638 9639 9645 9657 9659 9661 9662 9663 9665 9667 9676 9682 9689 9691 9706 9713 9720 9731 9732 9734 9746
26 28 105 190 206 375 394 459 494 588 876 1002 1058 1099 1356 1627 1636 1728 1749 1782 1788 1817 1907 1943 1960 2184 2245 2320 2427 2457 2677 2710 2864 2911 2981 3004 3231 3288 3326 3340 3377 3381 3460 3485 3507 3591 3863 3866 3875 4102 4182 4213 4231 4240 4365 4377 4450 4469 4555 4678 4703 4800 4829 4937 4990 5011 5019 5021 5185 5214 5318 5319 5330 5537 5683 5715 5755 5825 5965 6015 6033 6049 6060 6093 6151 6180 6198 6206 6218 6229 6258 6266 6280 6333 6509 6532 6534 6590 6645 6752 6860 6866 6907 6915 6936 6979 7005 7018 7078 7149 7167 7178 7179 7185 7190 7220 7259 7266 7347 7409 7417 7463 7491 7507 7514 7536 7537 7538 7639 7649 7690 7735 7751 7781 7831 7838 7845 7863 7882 7886 7893 7909 7916 7930 7957 7963 7975 8010 8028 8050 8051 8084 8099 8110 8113 8133 8195 8211 8249 8251 8255 8282 8304 8333 8344 8348 8359 8380 8465 8493 8514 8522 8533 8537 8595 8613 8614 8628 8651 8664 8674 8680 8695 8699 8724 8753 8755 8774 8779 8784 8804 8829 8831 8853 8871 8897 8947 8973 8988 9041 9045 9049 9055 9073 9079 9086 9100 9103 9112 9113 9116 9129 9147 9150 9151 9161 9171 9180 9185 9186 9197 9207 9225 9247 9248 9271 9274 9280 9283 9293 9308 9344 9359 9363 9371 9373 9374 9377 9399 9402 9431 9436 9437 9446 9450 9469 9471 9473 9475 9482 9483 9487 9495 9523 9529 9531 9532 9538 9542 9543 9552 9573 9584 9587 9588 9595 9596 9604 9611 9612 9619 9625 9629 9630 9637 9642 9650 9656 9659 9660 9663 9664 9671 9675 9677 9682 9684 9698 9705 9706 9707 9710 9712 9717 9718 9720 9732 9746
55 171 296 358 485 621 669 764 812 879 944 974 1008 1108 1214 1597 1705 1709 1752 1782 1905 2084 2142 2276 2364 2589 2611 2649 2717 2778 2794 2897 2968 3072 3144 3175 3231 3413 3483 3705 3841 4039 4043 4077 4149 4177 4213 4225 4265 4343 4352 4413 4452 4518 4617 4670 4735 4794 4905 4963 4978 4990 5006 5066 5079 5151 5270 5285 5371 5493 5525 5579 5646 5675 5697 5731 5747 5911 5934 6038 6074 6168 6177 6185 6200 6229 6261 6279 6291 6455 6499 6589 6625 6661 6750 6819 6836 6839 6861 6919 6939 6971 6972 6996 7044 7068 7124 7149 7166 7181 7192 7230 7254 7256 7415 7438 7487 7507 7509 7534 7605 7617 7629 7632 7643 7656 7729 7733 7772 7836 7857 7877 7893 7920 7931 7955 7961 8005 8010 8017 8032 8034 8093 8095 8099 8100 8114 8129 8133 8181 8218 8247 8263 8330 8335 8341 8352 8452 8468 8484 8513 8514 8519 8590 8594 8613 8619 8622 8625 8641 8652 8657 8680 8745 8749 8750 8769 8773 8775 8777 8782 8789 8804 8809 8826 8843 8844 8869 8870 8884 8892 8901 8969 8983 8985 9027 9044 9048 9069 9099 9115 9120 9136 9137 9144 9148 9149 9152 9165 9179 9180 9181 9193 9211 9212 9225 9237 9246 9269 9275 9279 9280 9285 9324 9353 9359 9362 9369 9388 9390 9405 9420 9424 9432 9441 9445 9467 9469 9473 9483 9484 9505 9520 9525 9532 9539 9542 9572 9573 9576 9580 9581 9582 9587 9589 9596 9598 9599 9616 9618 9624 9636 9647 9648 9651 9658 9659 9663 9667 9671 9673 9676 9681 9693 9702 9706 9709 9732 9745 9746
72 151 165 307 572 668 695 838 908 962 1129 1247 1273 1432 1440 1480 1548 1665 1707 1712 1733 1892 2033 2045 2094 2106 2152 2196 2210 2525 2607 2637 2639 2712 2869 2882 2904 2931 3199 3228 3340 3408 3434 3535 3563 3777 3849 4072 4143 4183 4205 4230 4307 4319 4364 4405 4508 4657 4728 4855 4921 4948 4950 4992 4993 5100 5103 5148 5247 5262 5412 5493 5558 5577 5652 5656 5744 5934 5940 5995 6071 6152 6182 6205 6331 6372 6443 6448 6467 6548 6750 6765 6794 6834 6949 6995 7039 7045 7077 7112 7134 7140 7154 7254 7255 7322 7394 7415 7417 7469 7481 7484 7500 7507 7526 7589 7602 7641 7685 7696 7719 7763 7796 7797 7826 7838 7855 7864 7866 7891 7918 7929 7942 7951 7988 8004 8009 8015 8033 8052 8062 8064 8083 8103 8112 8115 8141 8156 8161 8220 8228 8240 8245 8256 8306 8309 8341 8345 8428 8480 8488 8501 8510 8588 8592 8609 8612 8622 8629 8646 8657 8701 8732 8741 8770 8800 8815 8833 8859 8865 8866 8889 8890 8911 8951 8967 8984 8998 9042 9044 9050 9062 9092 9097 9127 9141 9142 9145 9171 9179 9181 9205 9209 9223 9235 9259 9270 9276 9278 9279 9282 9318 9343 9344 9353 9358 9361 9362 9366 9367 9396 9419 9425 9427 9443 9446 9463 9473 9478 9479 9483 9499 9514 9520 9521 9529 9532 9540 9555 9564 9573 9578 9583 9586 9614 9615 9624 9634 9645 9647 9654 9655 9657 9659 9660 9661 9666 9677 9680 9693 9703 9706 9716 9727 9732 9738 9744
39 95 151 566 613 638 834 860 1300 1333 1393 1525 1628 1631 1692 1705 1846 1989 2022 2171 2420 2563 2626 2664 2671 2832 2866 2892 3180 3181 3292 3379 3390 3413 3432 3459 3578 3717 3769 3812 3839 4018 4038 4099 4143 4187 4195 4204 4276 4340 4342 4459 4480 4507 4513 4703 4794 4889 4931 4983 5008 5078 5187 5188 5241 5258 5328 5351 5511 5576 5590 5717 5719 5749 5900 5910 5911 5926 5940 5945 5968 6055 6074 6076 6142 6160 6182 6409 6436 6448 6473 6482 6489 6621 6656 6672 6702 6705 6718 6760 6812 6818 6832 6945 6966 7029 7083 7122 7130 7135 7153 7244 7394 7399 7407 7435 7462 7468 7470 7471 7490 7516 7590 7595 7678 7708 7713 7757 7778 7821 7828 7861 7883 7896 7918 7925 7944 7960 7997 8014 8041 8080 8095 8135 8149 8187 8188 8189 8227 8237 8255 8298 8319 8364 8457 8483 8502 8575 8586 8592 8603 8616 8617 8622 8640 8642 8649 8684 8686 8697 8738 8740 8750 8767 8787 8794 8797 8799 8820 8852 8857 8887 8933 8957 8967 8980 8990 8999 9026 9036 9037 9038 9084 9089 9092 9124 9135 9138 9142 9167 9178 9213 9219 9245 9250 9253 9255 9257 9272 9276 9294 9304 9311 9339 9345 9346 9351 9359 9362 9363 9365 9375 9387 9416 9418 9420 9439 9450 9460 9462 9465 9473 9476 9479 9482 9483 9498 9504 9508 9509 9512 9519 9522 9527 9531 9535 9537 9548 9550 9558 9559 9565 9571 9572 9577 9581 9583 9585 9601 9604 9610 9614 9616 9622 9624 9629 9639 9643 9645 9651 9659 9660 9665 9667 9672 9675 9676 9680 9686 9693 9700 9704 9708 9732 9734 9740
27 56 67 132 266 409 428 510 528 536 539 654 802 808 896 994 1195 1367 1385 1388 1392 1436 1601 1647 1673 1685 1698 1813 1820 1843 1895 2052 2162 2345 2396 2424 2504 2537 2558 2645 2820 2838 3043 3127 3133 3218 3295 3333 3334 3415 3530 3741 3807 3898 3969 4014 4073 4133 4137 4138 4143 4175 4192 4224 4340 4375 4429 4480 4683 4718 4815 4903 4929 5000 5011 5030 5115 5165 5292 5336 5468 5561 5673 5694 5835 5912 5914 6053 6059 6063 6097 6138 6171 6249 6262 6422 6440 6499 6502 6632 6653 6660 6666 6715 6814 6929 6935 6954 6956 6989 7080 7094 7118 7130 7140 7144 7148 7202 7232 7241 7393 7395 7405 7420 7426 7430 7457 7467 7482 7544 7574 7610 7641 7665 7677 7687 7697 7703 7751 7758 7777 7810 7851 7864 7874 7893 7906 7919 7929 7945 7990 7991 7996 7999 8072 8079 8101 8116 8147 8180 8225 8234 8249 8290 8302 8331 8394 8420 8444 8460 8481 8497 8504 8567 8577 8583 8587 8595 8609 8616 8621 8640 8648 8681 8721 8742 8750 8753 8759 8787 8800 8819 8840 8850 8854 8878 8885 8914 8917 8978 9007 9014 9024 9025 9026 9031 9034 9066 9072 9084 9121 9123 9124 9128 9131 9139 9142 9161 9164 9170 9183 9211 9217 9235 9250 9269 9277 9287 9297 9322 9329 9332 9339 9345 9348 9357 9359 9362 9364 9369 9377 9401 9414 9418 9420 9441 9454 9466 9467 9472 9476 9482 9489 9503 9506 9512 9515 9516 9525 9531 9539 9548 9557 9567 9571 9572 9576 9577 9581 9582 9593 9610 9614 9616 9618 9621 9626 9637 9645 9649 9651 9659 9660 9664 9665 9668 9674 9675 9682 9687 9693 9701 9704 9718 9726 9728 9729 9733
37 122 227 421 475 497 569 620 782 801 927 982 1292 1365 1514 1583 1588 1601 1611 1650 1686 1706 1769 1829 1853 1907 1942 2040 2156 2184 2378 2392 2480 2720 2801 2940 3040 3192 3245 3324 3336 3343 3414 3650 3801 3874 3914 3955 4001 4031 4060 4066 4074 4078 4146 4178 4292 4301 4375 4413 4480 4503 4534 4563 4753 4800 4863 4877 4928 5012 5161 5287 5316 5423 5434 5546 5565 5611 5650 5745 5875 5912 5913 6014 6027 6038 6052 6112 6219 6253 6381 6421 6431 6480 6499 6549 6578 6597 6657 6692 6698 6714 6800 6866 6908 6928 6945 7033 7046 7069 7080 7094 7124 7131 7148 7161 7237 7258 7374 7383 7422 7428 7467 7474 7537 7543 7575 7621 7624 7676 7697 7711 7721 7790 7797 7810 7848 7854 7867 7878 7900 7925 7968 7972 7976 8028 8041 8067 8077 8176 8232 8242 8259 8281 8288 8305 8317 8322 8377 8429 8465 8475 8546 8559 8574 8580 8600 8602 8630 8633 8637 8721 8733 8738 8753 8754 8778 8787 8802 8804 8809 8830 8841 8843 8877 8882 8900 8905 8916 8953 8956 8971 9012 9013 9018 9019 9022 9026 9029 9037 9047 9060 9081 9104 9120 9124 9130 9133 9136 9150 9158 9168 9192 9198 9201 9216 9226 9228 9244 9249 9263 9269 9296 9320 9344 9357 9360 9369 9383 9400 9418 9422 9435 9437 9447 9457 9460 9466 9500 9502 9512 9514 9523 9525 9526 9533 9534 9543 9546 9556 9568 9570 9572 9576 9581 9582 9614 9618 9619 9635 9639 9642 9645 9651 9654 9659 9664 9666 9669 9672 9674 9679 9681 9686 9688 9692 9693 9724 9726 9729 9731
34 41 116 121 218 276 334 505 621 675 757 1109 1284 1296 1317 1572 1581 1583 1621 1655 1681 1803 1836 2047 2236 2352 2412 2472 2661 2681 2769 2906 2984 3074 3236 3262 3282 3290 3303 3569 3724 3920 4035 4058 4062 4063 4115 4128 4175 4199 4264 4276 4301 4406 4500 4678 4757 4759 4768 4849 4852 4867 4962 5141 5146 5171 5222 5226 5273 5368 5441 5445 5497 5595 5697 5710 5848 5908 5910 5993 6031 6057 6200 6247 6278 6316 6351 6361 6440 6473 6502 6532 6596 6613 6650 6665 6680 6687 6747 6772 6821 6844 6897 6982 7073 7120 7151 7303 7321 7382 7404 7412 7461 7470 7473 7479 7517 7519 7537 7618 7621 7642 7709 7772 7773 7785 7809 7810 7817 7842 7865 7870 7871 7873 7897 7919 7924 7965 7970 7973 8002 8008 8029 8039 8055 8063 8156 8172 8218 8227 8249 8286 8331 8357 8360 8401 8420 8434 8439 8466 8542 8545 8567 8572 8600 8605 8606 8617 8631 8634 8647 8692 8712 8732 8737 8752 8755 8770 8786 8792 8793 8808 8818 8861 8872 8886 8891 8905 8921 8970 9012 9018 9024 9041 9059 9097 9105 9108 9113 9122 9127 9145 9147 9166 9189 9196 9198 9221 9226 9228 9243 9252 9267 9284 9299 9303 9316 9335 9339 9341 9342 9343 9348 9352 9379 9384 9387 9389 9413 9422 9423 9425 9442 9457 9460 9463 9500 9502 9510 9512 9515 9521 9531 9532 9543 9553 9554 9568 9576 9581 9611 9614 9617 9618 9639 9642 9646 9649 9654 9655 9658 9662 9671 9678 9686 9692 9714 9723
78 89 152 275 448 518 982 1005 1084 1224 1284 1534 1544 1582 1605 1677 1832 2174 2180 2199 2207 2263 2313 2336 2446 2539 2590 2740 2747 2777 3002 3198 3223 3290 3434 3512 3550 3637 3836 3850 3851 3893 4050 4065 4112 4113 4197 4235 4291 4360 4449 4555 4618 4647 4751 4767 4843 4847 4849 4869 4980 4998 5078 5097 5099 5193 5203 5235 5246 5247 5261 5373 5456 5546 5596 5677 5827 5891 5968 5994 6004 6045 6194 6217 6254 6286 6371 6408 6442 6516 6590 6592 6632 6641 6680 6695 6721 6736 6763 6797 6819 6876 6927 6959 6970 7072 7085 7111 7118 7221 7256 7300 7325 7348 7357 7374 7378 7389 7397 7399 7446 7466 7504 7505 7540 7588 7602 7639 7669 7737 7770 7778 7782 7795 7808 7873 7891 7897 7916 7950 7962 7983 8006 8018 8024 8053 8126 8156 8162 8165 8187 8214 8228 8253 8255 8318 8337 8359 8365 8433 8486 8527 8532 8554 8555 8574 8598 8599 8616 8622 8623 8628 8694 8695 8718 8737 8745 8748 8770 8779 8784 8795 8839 8854 8867 8869 8903 8916 8943 9005 9010 9036 9054 9079 9083 9096 9098 9106 9113 9118 9119 9132 9164 9184 9199 9210 9224 9239 9241 9246 9265 9287 9330 9333 9335 9336 9342 9347 9358 9368 9371 9375 9380 9385 9389 9395 9407 9411 9414 9431 9437 9442 9450 9457 9458 9461 9462 9474 9489 9495 9501 9502 9505 9530 9540 9542 9546 9552 9564 9565 9568 9576 9580 9605 9610 9612 9615 9617 9635 9639 9640 9645 9646 9650 9652 9656 9662 9684 9690 9692 9713 9719
89 135 231 377 447 830 1056 1279 1370 1479 1531 1566 1654 1659 1677 1829 1832 2139 2162 2212 2420 2507 2565 2663 2730 2936 2976 3033 3147 3150 3152 3180 3215 3531 3539 3557 3623 3635 3756 3782 3871 3893 3991 4044 4052 4088 4187 4377 4412 4555 4681 4698 4740 4823 4895 4957 5040 5096 5188 5198 5217 5238 5326 5382 5526 5697 5766 5812 5827 5828 5834 5881 5882 5904 5928 5977 5986 5995 6168 6182 6274 6278 6326 6346 6424 6430 6501 6576 6577 6627 6646 6713 6727 6742 6760 6786 6876 6930 6931 7039 7073 7085 7108 7213 7246 7253 7269 7278 7305 7336 7349 7396 7399 7433 7462 7464 7484 7544 7561 7563 7571 7638 7652 7664 7716 7724 7746 7769 7776 7800 7855 7885 7886 7897 7926 7942 7953 7956 8002 8012 8018 8090 8153 8209 8227 8236 8241 8254 8273 8328 8376 8398 8403 8419 8423 8464 8511 8514 8526 8540 8544 8555 8564 8568 8574 8593 8595 8599 8614 8617 8621 8687 8689 8692 8711 8729 8742 8764 8770 8800 8826 8839 8850 8901 8910 8919 8923 8935 8969 8995 9008 9018 9024 9043 9054 9058 9082 9083 9092 9106 9115 9117 9131 9157 9160 9162 9182 9183 9203 9222 9242 9246 9260 9283 9284 9289 9327 9329 9336 9342 9343 9355 9377 9389 9393 9407 9409 9431 9441 9443 9446 9457 9471 9489 9498 9499 9501 9505 9516 9537 9538 9563 9565 9566 9567 9568 9572 9574 9577 9588 9605 9606 9608 9609 9610 9614 9616 9625 9627 9628 9629 9633 9635 9639 9643 9646 9649 9650 9652 9653 9661 9662 9671 9677 9678 9681 9683 9689 9691 9695 9698 9713
27 35 153 223 410 714 1053 1170 1183 1202 1232 1272 1277 1306 1361 1464 1494 1508 1541 1544 1547 1651 1668 1680 1809 2111 2127 2156 2281 2319 2404 2416 2483 2625 2633 2660 2826 2849 2880 3135 3167 3216 3279 3425 3536 3595 3670 3772 3818 3957 3991 4009 4021 4034 4046 4138 4158 4445 4538 4549 4619 4680 4733 4738 4880 5025 5178 5185 5238 5439 5480 5542 5669 5720 5758 5759 5797 5799 5817 5877 5879 5950 5985 6102 6137 6170 6180 6221 6251 6267 6327 6414 6504 6508 6534 6575 6576 6610 6620 6688 6725 6737 6817 6865 6871 6880 6934 7023 7034 7045 7071 7105 7108 7182 7215 7268 7273 7284 7289 7290 7296 7299 7329 7374 7391 7410 7419 7454 7462 7478 7493 7546 7658 7680 7711 7714 7716 7741 7754 7770 7806 7834 7865 7875 7885 7894 7899 7906 7941 7979 8011 8021 8093 8094 8123 8151 8162 8203 8204 8211 8240 8242 8271 8320 8326 8393 8410 8462 8506 8513 8539 8540 8553 8554 8566 8577 8583 8592 8610 8665 8684 8724 8738 8742 8746 8751 8756 8757 8783 8795 8805 8843 8849 8862 8898 8912 8981 8988 8996 9007 9024 9035 9052 9054 9065 9076 9079 9087 9088 9091 9114 9124 9130 9146 9156 9178 9179 9198 9206 9233 9244 9258 9260 9284 9323 9329 9336 9340 9347 9353 9375 9380 9402 9404 9405 9409 9431 9434 9442 9456 9457 9467 9479 9490 9495 9501 9505 9514 9536 9537 9556 9563 9565 9566 9569 9572 9573 9574 9582 9597 9605 9608 9614 9617 9619 9626 9631 9633 9639 9644 9645 9649 9650 9652 9658 9660 9672 9674 9676 9681 9683 9684 9691 9703 9706 9710
67 159 167 203 318 383 487 510 574 975 1126 1248 1406 1440 1458 1521 1636 1637 1647 1808 2040 2075 2116 2190 2249 2308 2339 2520 2566 2620 2641 2748 2807 2879 2961 3121 3157 3241 3356 3370 3452 3515 3813 3833 3899 3945 3986 4010 4019 4126 4137 4380 4449 4499 4511 4537 4556 4621 4664 4717 4958 4996 5011 5141 5180 5217 5231 5396 5406 5649 5725 5768 5841 5901 5905 5955 6024 6064 6086 6114 6151 6181 6188 6236 6287 6300 6310 6369 6547 6556 6561 6596 6618 6636 6682 6716 6731 6751 6794 6800 6804 6860 6984 6994 7037 7042 7049 7068 7073 7083 7094 7133 7156 7179 7252 7256 7257 7267 7270 7289 7308 7325 7365 7392 7422 7433 7445 7460 7521 7524 7537 7578 7644 7669 7708 7728 7761 7778 7808 7826 7877 7895 7941 8011 8040 8050 8080 8085 8088 8144 8161 8200 8207 8269 8293 8304 8410 8431 8447 8498 8527 8536 8538 8547 8569 8573 8588 8608 8663 8664 8665 8678 8709 8722 8739 8747 8749 8751 8758 8784 8798 8848 8879 8897 8916 8968 8981 8986 9004 9005 9014 9019 9050 9071 9086 9102 9108 9115 9125 9145 9152 9155 9164 9175 9176 9194 9225 9239 9262 9263 9301 9306 9313 9325 9329 9333 9335 9371 9375 9401 9402 9417 9431 9442 9453 9455 9467 9478 9479 9490 9495 9501 9505 9515 9525 9527 9545 9555 9556 9562 9565 9566 9573 9574 9589 9599 9602 9606 9613 9615 9616 9625 9626 9633 9638 9641 9646 9648 9649 9652 9653 9660 9664 9669 9673 9679 9682 9690 9704 9705
165 224 235 444 493 944 1041 1098 1113 1214 1265 1290 1436 1509 1629 1639 1737 1960 1961 2047 2207 2253 2342 2463 2464 2545 2563 2592 2751 3008 3058 3076 3082 3125 3229 3467 3481 3830 3888 3972 4001 4012 4015 4019 4126 4128 4170 4462 4474 4554 4578 4640 4697 4854 4881 4947 4955 4959 4967 5034 5106 5113 5138 5149 5162 5227 5233 5260 5286 5376 5407 5463 5476 5502 5684 5703 5720 5751 5799 5801 5832 5835 5865 5989 6054 6076 6150 6190 6236 6253 6258 6534 6550 6563 6582 6596 6617 6667 6674 6698 6703 6767 6783 6801 6976 6981 7018 7045 7051 7076 7093 7128 7132 7252 7284 7313 7352 7353 7372 7374 7422 7429 7447 7530 7595 7630 7704 7760 7809 7859 7868 7874 7876 7895 7956 7957 7998 8007 8024 8067 8119 8138 8181 8189 8198 8214 8252 8262 8291 8301 8364 8404 8417 8418 8436 8467 8473 8474 8477 8519 8527 8532 8535 8537 8538 8541 8547 8555 8559 8573 8576 8580 8607 8643 8647 8722 8739 8741 8750 8772 8798 8806 8838 8843 8844 8855 8897 8934 8950 8967 8979 8985 8988 9001 9011 9031 9037 9041 9045 9082 9085 9096 9110 9113 9129 9142 9145 9152 9157 9174 9190 9193 9234 9239 9260 9261 9289 9309 9321 9327 9329 9333 9368 9369 9370 9376 9394 9401 9423 9425 9436 9443 9449 9454 9468 9470 9476 9488 9493 9495 9498 9499 9503 9520 9531 9543 9553 9559 9561 9565 9572 9573 9576 9577 9586 9599 9605 9606 9610 9613 9614 9619 9623 9633 9637 9644 9647 9649 9650 9651 9664 9666 9673 9679 9680 9693 9704
124 153 191 193 208 324 339 666 707 830 1095 1104 1117 1360 1373 1380 1413 1440 1580 1599 1613 1666 1687 1882 1895 1940 2036 2189 2297 2447 2537 2560 2708 2804 2868 2931 3011 3076 3106 3221 3339 3406 3446 3556 3739 3775 3896 3951 3972 4008 4017 4091 4168 4170 4441 4453 4530 4543 4613 4636 4794 4852 4943 5088 5127 5150 5233 5243 5352 5394 5452 5633 5643 5678 5712 5748 5779 5787 5953 6037 6048 6049 6052 6096 6143 6159 6233 6342 6500 6531 6551 6555 6598 6631 6673 6682 6693 6698 6761 6845 6863 6939 7004 7008 7016 7054 7072 7088 7089 7128 7228 7230 7240 7246 7252 7268 7284 7338 7350 7366 7415 7434 7437 7493 7538 7558 7561 7601 7613 7640 7651 7678 7682 7694 7719 7738 7758 7760 7790 7827 7836 7842 7873 7922 7929 7972 7999 8000 8042 8092 8156 8166 8167 8190 8196 8228 8245 8263 8298 8384 8418 8425 8451 8480 8501 8508 8536 8537 8540 8548 8556 8563 8573 8615 8638 8685 8692 8694 8707 8717 8718 8735 8743 8749 8786 8787 8831 8834 8849 8870 8882 8892 8936 8953 8955 8959 8971 8985 8993 9011 9029 9040 9045 9080 9082 9084 9112 9128 9152 9168 9179 9192 9196 9231 9248 9284 9303 9310 9322 9327 9330 9331 9362 9366 9369 9370 9384 9395 9403 9414 9419 9421 9432 9439 9444 9446 9460 9468 9474 9494 9497 9499 9502 9503 9504 9516 9524 9537 9543 9549 9553 9558 9559 9560 9561 9567 9571 9573 9576 9597 9601 9613 9615 9618 9619 9628 9629 9634 9646 9647 9651 9661 9662 9663 9665 9667 9671 9673 9679 9688 9696 9702 9704
245 386 604 720 803 818 1054 1073 1345 1354 1376 1548 1592 1629 1851 1916 2014 2172 2191 2288 2351 2504 2520 2650 2668 2671 2709 2874 2898 2921 3072 3171 3176 3257 3406 3714 3739 3774 3888 3925 3935 3953 3968 3981 3983 4030 4046 4176 4393 4394 4441 4554 4558 4769 4849 4859 4898 4938 5080 5121 5122 5134 5192 5333 5354 5621 5652 5655 5669 5679 5742 5749 5778 5880 5907 6013 6078 6109 6136 6143 6221 6256 6278 6408 6441 6531 6548 6596 6664 6687 6694 6711 6758 6860 6917 6997 7022 7029 7034 7067 7083 7156 7208 7219 7238 7280 7281 7328 7335 7340 7395 7404 7415 7526 7567 7585 7624 7644 7646 7663 7732 7742 7770 7815 7817 7828 7862 7871 7882 7885 7892 7954 8000 8092 8093 8159 8164 8174 8177 8182 8192 8221 8234 8259 8272 8373 8381 8391 8405 8445 8462 8490 8533 8534 8541 8562 8576 8638 8651 8658 8673 8685 8708 8713 8734 8780 8785 8829 8833 8841 8844 8908 8926 8941 8951 8961 8986 8998 9001 9004 9016 9032 9037 9044 9059 9065 9068 9079 9080 9083 9106 9140 9147 9152 9155 9166 9178 9182 9189 9190 9201 9207 9219 9227 9233 9276 9281 9284 9289 9304 9319 9320 9325 9330 9360 9365 9366 9367 9381 9383 9393 9394 9408 9417 9431 9436 9437 9438 9445 9448 9459 9465 9493 9496 9502 9508 9521 9530 9533 9544 9546 9557 9558 9560 9564 9568 9573 9584 9600 9601 9609 9613 9618 9623 9634 9637 9641 9645 9646 9651 9657 9662 9672 9673
46 124 314 595 683 831 1017 1340 1344 1376 1469 1543 1571 1611 1834 1842 1847 1985 2133 2288 2307 2488 2508 2694 2832 2869 3069 3078 3153 3217 3227 3324 3587 3588 3610 3643 3657 3779 3879 3912 3920 3938 3948 3964 4025 4105 4381 4520 4660 4773 4816 4837 4845 4875 4943 5064 5074 5118 5125 5129 5152 5201 5334 5364 5476 5530 5560 5637 5638 5679 5683 5727 5744 5829 5912 5985 5987 5988 5992 6118 6166 6196 6205 6324 6515 6520 6527 6571 6577 6580 6594 6607 6612 6632 6711 6719 6801 6854 6867 6872 6878 6917 6955 6996 7027 7057 7068 7105 7191 7193 7204 7213 7237 7253 7257 7281 7317 7335 7376 7377 7408 7409 7498 7542 7577 7596 7614 7626 7660 7662 7697 7718 7744 7796 7797 7810 7859 7861 7881 7892 7930 8000 8048 8066 8074 8098 8110 8125 8150 8193 8202 8220 8233 8267 8291 8332 8380 8383 8386 8409 8411 8457 8460 8510 8526 8530 8541 8555 8611 8631 8653 8675 8679 8681 8687 8700 8713 8720 8722 8728 8777 8780 8786 8807 8827 8881 8891 8907 8908 8939 8941 8946 8950 8981 8984 8989 8993 9012 9014 9016 9018 9045 9071 9073 9079 9098 9100 9136 9144 9150 9174 9176 9187 9199 9219 9226 9268 9280 9286 9289 9291 9299 9304 9306 9308 9312 9313 9317 9326 9340 9349 9350 9352 9359 9366 9383 9392 9394 9404 9409 9422 9429 9435 9440 9443 9455 9457 9464 9485 9492 9494 9506 9519 9536 9546 9552 9556 9558 9568 9585 9594 9596 9599 9609 9612 9618 9633 9638 9641 9642 9647 9648 9650 9654 9657 9662 9666 9673
45 576 639 794 901 1000 1179 1195 1281 1293 1320 1324 1333 1505 1513 1536 1656 1684 1739 1791 1981 2029 2129 2234 2281 2287 2472 2481 2668 2805 2809 2932 3039 3077 3185 3235 3365 3392 3638 3671 3801 3877 3920 3929 3944 3964 3970 4060 4143 4284 4300 4359 4648 4726 4744 4778 4792 4845 4857 5035 5072 5082 5096 5116 5178 5271 5531 5596 5629 5647 5690 5720 5747 5761 5850 5956 5958 6025 6035 6104 6120 6184 6201 6230 6303 6483 6510 6521 6538 6543 6561 6583 6599 6690 6695 6713 6740 6772 6775 6799 6882 6928 6938 6952 6987 7005 7019 7026 7043 7166 7177 7182 7189 7191 7193 7234 7235 7276 7311 7317 7324 7352 7362 7372 7390 7397 7409 7436 7440 7481 7498 7565 7573 7605 7614 7626 7635 7645 7695 7765 7782 7795 7798 7809 7820 7844 7879 7888 7895 7947 8020 8042 8059 8067 8101 8125 8133 8181 8184 8196 8198 8230 8243 8349 8356 8371 8379 8400 8407 8426 8453 8490 8509 8511 8518 8526 8537 8553 8588 8605 8613 8628 8662 8671 8679 8684 8695 8709 8712 8720 8744 8768 8800 8801 8807 8860 8877 8886 8890 8904 8923 8935 8954 8961 8972 9010 9017 9029 9039 9040 9064 9077 9079 9094 9111 9116 9133 9136 9137 9141 9153 9163 9165 9172 9173 9177 9178 9183 9211 9215 9220 9232 9233 9240 9248 9277 9280 9286 9304 9316 9318 9319 9339 9342 9345 9347 9353 9354 9365 9366 9374 9378 9384 9388 9400 9428 9431 9443 9450 9465 9475 9486 9491 9493 9494 9497 9502 9515 9522 9524 9529 9531 9535 9537 9548 9554 9555 9556 9557 9566 9568 9569 9581 9586 9594 9596 9607 9611 9612 9613 9616 9618 9633 9638 9640 9641 9645 9650 9662 9665
39 155 556 636 865 866 936 983 1114 1177 1214 1237 1248 1285 1309 1410 1475 1477 1580 1596 1690 1739 1748 1839 1916 1947 2027 2105 2125 2261 2382 2387 2454 2544 2649 2767 2947 2965 2992 3015 3140 3318 3383 3475 3624 3636 3721 3789 3792 3832 3859 3921 3950 3963 3970 4033 4197 4258 4267 4292 4347 4355 4531 4562 4643 4706 4707 4804 4832 4959 4989 5024 5062 5096 5104 5169 5178 5517 5576 5594 5646 5696 5711 5717 5815 5922 5932 5952 6004 6062 6088 6196 6303 6393 6430 6465 6495 6530 6560 6637 6679 6695 6697 6760 6773 6828 6841 6936 6942 7011 7043 7152 7174 7190 7234 7252 7287 7293 7311 7351 7396 7397 7418 7475 7478 7493 7542 7552 7553 7594 7623 7691 7692 7705 7764 7782 7787 7805 7809 7816 7829 7880 7971 8011 8059 8091 8099 8104 8168 8169 8194 8347 8361 8376 8391 8409 8416 8426 8434 8442 8463 8479 8504 8515 8524 8526 8533 8537 8541 8550 8572 8573 8590 8595 8606 8627 8651 8652 8669 8679 8681 8685 8695 8710 8768 8787 8825 8836 8862 8871 8877 8881 8910 8917 8933 8944 8960 8963 9001 9004 9008 9009 9020 9029 9031 9040 9047 9058 9060 9072 9089 9092 9110 9129 9139 9150 9155 9161 9170 9173 9194 9211 9230 9276 9302 9303 9315 9316 9339 9345 9364 9375 9380 9400 9411 9413 9431 9437 9438 9449 9465 9474 9482 9485 9486 9489 9492 9500 9505 9530 9532 9551 9554 9555 9556 9557 9563 9565 9566 9577 9588 9591 9593 9595 9606 9610 9612 9613 9614 9619 9633 9634 9638 9643 9646 9649 9661
407 591 703 916 983 1066 1221 1238 1256 1257 1359 1442 1468 1680 1786 1917 1969 2040 2075 2092 2131 2240 2317 2340 2367 2473 2543 2714 2862 2938 2981 3013 3066 3217 3303 3507 3555 3619 3697 3732 3754 3767 3856 3859 3892 3911 3926 3959 4012 4040 4150 4159 4206 4242 4302 4333 4349 4411 4465 4594 4669 4734 4778 4804 4823 4907 5008 5033 5058 5059 5084 5389 5516 5561 5571 5582 5614 5650 5671 5687 5895 5912 5995 6003 6027 6084 6162 6217 6356 6403 6435 6465 6466 6530 6535 6579 6662 6667 6691 6714 6737 6747 6840 6922 6935 6988 6995 7017 7022 7031 7099 7121 7165 7197 7210 7217 7230 7250 7251 7257 7274 7298 7312 7349 7351 7365 7382 7396 7414 7455 7519 7533 7546 7584 7585 7611 7625 7660 7691 7743 7751 7755 7777 7802 7803 7824 7848 7855 7866 7873 7885 7917 7920 8057 8062 8081 8085 8094 8162 8177 8178 8241 8316 8363 8366 8381 8388 8392 8415 8430 8443 8502 8504 8511 8533 8539 8554 8585 8592 8610 8613 8639 8667 8676 8688 8720 8744 8766 8778 8806 8822 8829 8861 8869 8871 8884 8891 8894 8899 8917 8924 8929 8958 8965 8983 8999 9005 9008 9012 9026 9031 9034 9038 9057 9067 9068 9084 9091 9107 9127 9133 9141 9149 9155 9163 9164 9166 9176 9181 9190 9192 9219 9223 9269 9270 9275 9295 9303 9304 9314 9317 9326 9332 9333 9338 9341 9343 9349 9358 9359 9365 9369 9371 9389 9394 9396 9413 9421 9431 9434 9437 9461 9471 9475 9482 9485 9488 9492 9494 9495 9498 9502 9513 9519 9524 9527 9537 9550 9552 9554 9557 9559 9562 9563 9564 9565 9574 9578 9579 9582 9585 9592 9602 9607 9609 9622 9629 9630 9634 9639 9644 9650 9661
30 212 375 489 561 738 887 938 1045 1069 1176 1240 1344 1413 1461 1465 1676 1964 2153 2225 2234 2279 2334 2420 2491 2633 2699 2909 2923 2945 2968 3088 3094 3123 3187 3223 3265 3389 3416 3498 3503 3613 3633 3673 3732 3757 3801 3827 3873 3881 3890 3906 3920 4005 4118 4185 4225 4299 4318 4416 4541 4602 4733 4771 4803 4963 5028 5038 5061 5063 5323 5357 5479 5516 5526 5532 5547 5608 5641 5646 5649 5669 5800 5837 5862 5882 5909 5983 6014 6059 6130 6351 6434 6450 6461 6465 6493 6508 6541 6661 6686 6728 6826 6905 6930 6988 7018 7071 7104 7115 7132 7155 7158 7213 7216 7220 7246 7252 7275 7298 7315 7364 7380 7387 7444 7465 7505 7508 7516 7546 7566 7579 7581 7591 7599 7624 7631 7647 7658 7696 7710 7739 7756 7768 7795 7799 7802 7854 7858 7901 7902 7908 7970 8004 8031 8069 8137 8149 8185 8190 8222 8288 8316 8352 8359 8377 8405 8433 8501 8504 8507 8527 8528 8548 8552 8582 8588 8596 8615 8643 8652 8656 8664 8699 8712 8743 8746 8770 8773 8791 8802 8815 8844 8858 8859 8861 8868 8869 8870 8883 8889 8903 8912 8924 8928 8958 8962 8995 8999 9018 9036 9056 9063 9071 9078 9087 9116 9119 9127 9132 9133 9155 9162 9184 9214 9218 9255 9256 9263 9272 9285 9300 9301 9312 9325 9333 9334 9335 9345 9350 9354 9357 9362 9370 9382 9388 9395 9409 9412 9416 9421 9427 9430 9436 9445 9446 9459 9461 9469 9483 9484 9485 9487 9491 9494 9498 9511 9521 9532 9539 9550 9551 9557 9561 9578 9582 9602 9606 9609 9614 9629 9630 9633 9636 9641 9646 9660
151 290 350 614 653 839 1024 1134 1226 1270 1281 1283 1302 1317 1358 1411 1433 1441 1460 1523 1631 1708 1823 1932 2183 2230 2246 2254 2461 2554 2575 2839 2885 2915 2923 2948 2960 3210 3257 3421 3489 3625 3698 3795 3808 3859 3875 3892 3906 3954 3997 4068 4102 4158 4166 4306 4332 4454 4478 4603 4621 4638 4660 4678 5002 5025 5187 5411 5414 5438 5473 5495 5501 5520 5524 5563 5628 5644 5651 5753 5861 5871 5970 5976 5990 6048 6088 6098 6304 6311 6363 6374 6461 6504 6522 6527 6623 6678 6683 6787 6799 6876 6896 6941 6985 6994 7069 7084 7126 7127 7141 7190 7204 7216 7221 7242 7265 7280 7302 7341 7369 7379 7382 7442 7450 7454 7478 7486 7495 7527 7569 7579 7590 7627 7632 7665 7724 7745 7756 7783 7787 7833 7839 7852 7889 7947 7955 7991 7998 8022 8130 8134 8138 8141 8161 8279 8300 8303 8317 8344 8351 8359 8364 8376 8412 8414 8488 8494 8499 8509 8518 8521 8537 8548 8566 8588 8594 8610 8615 8629 8634 8651 8655 8657 8704 8757 8764 8768 8783 8794 8797 8834 8837 8849 8863 8874 8896 8897 8908 8911 8912 8921 8926 8927 8952 8954 8957 8978 8985 8993 8997 9007 9026 9035 9037 9060 9063 9070 9073 9082 9108 9112 9121 9131 9132 9146 9150 9152 9200 9251 9254 9256 9259 9268 9276 9285 9288 9299 9300 9301 9304 9305 9326 9331 9332 9333 9335 9339 9348 9353 9354 9355 9369 9374 9383 9400 9405 9408 9420 9445 9457 9481 9482 9485 9486 9487 9490 9491 9510 9520 9523 9524 9550 9551 9557 9560 9574 9576 9577 9598 9602 9603 9604 9605 9608 9623 9624 9628 9630 9641 9642 9658
176 269 547 571 641 911 986 1012 1021 1086 1137 1170 1210 1287 1429 1438 1624 1780 1796 1800 2078 2147 2226 2339 2411 2420 2450 2453 2702 2763 2767 2785 2807 2915 2922 3207 3215 3346 3430 3529 3533 3545 3557 3668 3699 3765 3823 3825 3873 3888 3951 4054 4142 4158 4212 4246 4278 4435 4463 4467 4490 4531 4605 4778 4787 4971 4979 5002 5020 5036 5136 5280 5371 5457 5481 5515 5525 5612 5745 5788 5799 5838 5846 5876 5890 5949 6097 6098 6267 6295 6308 6373 6409 6440 6448 6454 6458 6484 6520 6532 6673 6675 6780 6797 6865 6868 6944 6977 6979 6981 7043 7056 7115 7122 7158 7160 7165 7169 7171 7203 7221 7236 7255 7310 7334 7362 7368 7379 7404 7413 7477 7535 7552 7579 7644 7664 7706 7716 7737 7740 7748 7774 7799 7823 7835 7847 7850 7868 7921 7959 7969 7991 8022 8040 8095 8138 8160 8239 8283 8313 8335 8343 8358 8369 8386 8407 8412 8444 8451 8464 8497 8512 8513 8521 8538 8545 8558 8577 8588 8591 8602 8618 8627 8643 8645 8646 8684 8689 8710 8752 8754 8768 8818 8844 8860 8864 8885 8886 8893 8902 8916 8923 8942 8963 8969 8976 8978 8984 8993 8994 9011 9034 9035 9060 9069 9072 9089 9094 9101 9112 9118 9131 9132 9136 9149 9193 9197 9207 9222 9228 9229 9237 9253 9267 9281 9288 9298 9299 9304 9325 9326 9337 9341 9342 9346 9353 9372 9389 9392 9395 9396 9405 9411 9415 9454 9460 9481 9483 9484 9486 9487 9489 9502 9515 9521 9537 9542 9547 9548 9549 9554 9555 9560 9561 9569 9590 9591 9592 9602 9603 9605 9608 9609 9615 9623 9628 9636 9646 9649 9655 9658
136 228 417 557 639 866 943 1006 1020 1041 1048 1097 1168 1201 1218 1280 1348 1404 1411 1614 1692 1722 1755 1879 1973 2071 2171 2191 2222 2248 2291 2411 2547 2661 2701 2765 2777 2814 2867 2901 3015 3124 3142 3167 3345 3525 3666 3680 3706 3805 3819 3836 3864 3865 3879 3885 3946 3975 4146 4209 4415 4459 4463 4482 4486 4541 4737 4867 4959 4970 4979 4984 5005 5037 5133 5216 5227 5358 5381 5409 5446 5487 5514 5525 5688 5700 5751 5782 5784 5841 5844 5850 5890 5934 6064 6252 6259 6270 6292 6299 6375 6400 6426 6432 6435 6441 6480 6632 6667 6670 6795 6860 6862 6905 6971 6973 7001 7017 7042 7085 7091 7096 7100 7145 7198 7206 7209 7212 7247 7248 7263 7325 7336 7353 7373 7396 7441 7444 7457 7467 7541 7562 7563 7566 7569 7570 7634 7637 7653 7684 7693 7704 7741 7749 7768 7789 7798 7823 7840 7847 7900 7933 7937 7958 8016 8060 8065 8086 8097 8107 8223 8247 8278 8283 8299 8331 8332 8334 8354 8404 8409 8439 8455 8483 8495 8497 8503 8505 8527 8540 8547 8548 8561 8570 8581 8591 8596 8612 8623 8630 8641 8683 8718 8726 8752 8765 8809 8812 8819 8838 8855 8883 8914 8923 8929 8949 8961 8973 8990 8995 9002 9007 9033 9051 9059 9088 9089 9110 9112 9118 9124 9130 9137 9144 9181 9228 9235 9243 9253 9259 9262 9263 9275 9288 9298 9301 9312 9321 9329 9334 9337 9342 9371 9391 9394 9397 9398 9407 9422 9439 9448 9474 9481 9483 9484 9486 9505 9513 9514 9534 9537 9548 9550 9554 9558 9568 9580 9586 9600 9601 9602 9609 9611 9615 9618 9619 9623 9639 9642 9645 9652 9653 9656
91 206 423 501 619 848 942 994 1013 1030 1152 1195 1238 1260 1303 1331 1391 1502 1531 1626 1739 1926 1986 2129 2151 2218 2403 2594 2664 2694 2757 2825 2856 2866 2989 3010 3270 3296 3369 3376 3426 3437 3552 3605 3678 3756 3788 3827 3834 3921 4106 4111 4156 4171 4206 4426 4437 4459 4476 4524 4572 4616 4644 4705 4806 4957 4968 4979 5035 5206 5332 5352 5361 5438 5500 5509 5521 5557 5657 5674 5693 5736 5740 5815 5849 5921 6058 6088 6188 6213 6289 6364 6369 6387 6405 6422 6429 6437 6438 6578 6645 6659 6695 6829 6852 6863 6939 6976 6991 6997 7085 7088 7090 7140 7175 7180 7196 7205 7208 7209 7212 7217 7218 7242 7287 7336 7353 7354 7387 7432 7475 7535 7539 7544 7558 7561 7568 7621 7670 7677 7699 7736 7749 7757 7771 7816 7827 7843 7900 7906 8001 8007 8033 8037 8040 8084 8098 8189 8202 8203 8230 8248 8256 8290 8300 8311 8327 8330 8333 8347 8350 8384 8436 8439 8447 8453 8479 8495 8503 8521 8538 8551 8558 8565 8592 8603 8612 8619 8629 8646 8670 8719 8732 8738 8784 8807 8818 8819 8842 8846 8850 8852 8877 8892 8901 8908 8927 8954 8966 8968 8985 8994 9024 9050 9053 9055 9059 9069 9073 9099 9112 9124 9130 9168 9169 9179 9225 9232 9251 9253 9254 9255 9266 9271 9283 9290 9298 9308 9312 9320 9328 9334 9335 9337 9365 9366 9376 9388 9392 9405 9409 9439 9457 9470 9479 9482 9483 9484 9486 9504 9508 9512 9525 9531 9536 9538 9546 9548 9551 9554 9560 9562 9580 9583 9591 9595 9601 9605 9612 9618 9621 9623 9635 9640 9646 9650 9655 9656
35 61 368 454 523 888 921 1010 1068 1080 1113 1170 1188 1194 1210 1231 1370 1429 1634 1645 1693 1946 1950 2112 2155 2189 2222 2229 2269 2538 2551 2576 2607 2628 2637 2684 2757 2808 2968 2999 3252 3341 3409 3420 3491 3541 3608 3636 3642 3686 3727 3756 3786 3801 3804 3871 3889 3944 3968 3996 4035 4091 4190 4313 4418 4424 4428 4606 4687 4772 4914 4961 4994 5014 5198 5274 5287 5320 5330 5359 5429 5498 5526 5633 5682 5688 5806 5845 5931 6027 6076 6086 6118 6152 6173 6210 6281 6323 6372 6408 6412 6435 6559 6575 6641 6643 6668 6716 6806 6843 6850 6873 6918 6935 6939 6972 6975 7016 7080 7085 7133 7145 7169 7176 7193 7206 7267 7285 7305 7329 7351 7353 7390 7434 7464 7465 7476 7510 7522 7544 7552 7571 7609 7610 7626 7650 7667 7677 7735 7746 7763 7788 7814 7865 7867 7884 7907 7975 7990 8002 8012 8016 8065 8069 8173 8188 8201 8210 8237 8243 8244 8247 8276 8278 8290 8293 8336 8339 8344 8350 8369 8391 8396 8414 8433 8478 8479 8486 8499 8501 8533 8539 8551 8560 8574 8575 8608 8612 8652 8699 8707 8720 8729 8740 8785 8790 8808 8816 8823 8844 8865 8874 8875 8883 8897 8905 8926 8935 8939 8958 8968 8989 8993 8996 9010 9037 9040 9059 9060 9068 9069 9087 9108 9110 9117 9128 9134 9159 9164 9165 9181 9198 9219 9249 9250 9252 9256 9265 9275 9276 9284 9289 9290 9291 9307 9320 9332 9334 9346 9364 9372 9379 9382 9388 9402 9404 9413 9435 9440 9467 9478 9479 9483 9485 9486 9496 9499 9509 9522 9523 9537 9538 9542 9546 9549 9553 9554 9578 9587 9593 9597 9601 9612 9616 9620 9621 9622 9629 9634 9638 9639 9644
1 354 433 438 726 822 867 893 915 933 982 1012 1025 1218 1427 1465 1600 1684 1839 1861 1902 2049 2079 2090 2182 2433 2444 2466 2565 2633 2784 2907 2918 3048 3215 3281 3305 3322 3389 3416 3531 3534 3632 3704 3705 3712 3753 3756 3761 3771 3781 3787 3852 3910 4016 4046 4080 4095 4100 4139 4351 4415 4536 4765 4771 4828 4870 4885 4958 4981 5058 5112 5187 5211 5295 5345 5401 5404 5414 5427 5523 5594 5642 5682 5791 5799 5828 6014 6035 6103 6202 6266 6280 6290 6299 6316 6321 6384 6408 6538 6582 6596 6628 6631 6646 6701 6793 6831 6897 6933 6938 6975 7003 7035 7078 7080 7094 7118 7121 7125 7154 7174 7190 7201 7273 7275 7302 7328 7329 7364 7368 7413 7425 7435 7480 7519 7553 7591 7638 7647 7669 7677 7685 7736 7739 7749 7771 7805 7806 7832 7848 7851 7892 7967 7975 7986 8006 8028 8167 8195 8198 8223 8230 8254 8274 8285 8307 8343 8387 8391 8417 8425 8446 8448 8483 8491 8492 8527 8548 8566 8577 8599 8603 8604 8642 8684 8686 8702 8722 8727 8774 8797 8820 8838 8873 8879 8886 8898 8921 8931 8938 8954 8964 8972 8974 8981 8990 9004 9009 9019 9027 9059 9064 9088 9100 9107 9108 9123 9146 9150 9151 9233 9240 9249 9255 9256 9259 9275 9280 9288 9289 9306 9318 9329 9331 9332 9333 9362 9367 9380 9385 9393 9397 9403 9421 9430 9456 9466 9472 9474 9476 9479 9484 9490 9493 9505 9522 9528 9533 9535 9536 9542 9545 9549 9551 9553 9554 9573 9575 9586 9587 9592 9597 9601 9612 9614 9621 9628 9629 9637
175 380 587 597 793 816 868 881 896 938 1010 1016 1117 1119 1191 1216 1394 1540 1566 1699 1836 1871 1948 2004 2032 2078 2115 2354 2378 2422 2507 2602 2632 2716 2764 2784 2846 2997 3089 3281 3311 3318 3323 3379 3475 3492 3534 3673 3690 3695 3715 3737 3756 3766 3794 3892 4012 4067 4208 4274 4338 4351 4449 4605 4762 4831 4834 4845 4875 4879 4978 4994 5040 5055 5192 5354 5400 5404 5447 5587 5618 5681 5774 5780 5890 5975 5979 5989 6022 6062 6206 6273 6282 6310 6404 6406 6535 6552 6589 6614 6616 6692 6702 6782 6793 6805 6809 6829 6882 6893 6897 6937 6968 7010 7027 7053 7055 7073 7075 7115 7119 7133 7148 7150 7153 7190 7199 7223 7237 7249 7302 7304 7312 7323 7411 7413 7460 7491 7507 7588 7635 7655 7713 7723 7730 7737 7741 7750 7761 7793 7808 7824 7847 7889 7959 8024 8105 8131 8181 8200 8215 8218 8248 8274 8296 8310 8333 8338 8375 8399 8419 8438 8461 8478 8484 8489 8491 8500 8503 8541 8546 8573 8587 8593 8623 8666 8680 8693 8716 8729 8739 8768 8780 8793 8812 8860 8879 8886 8897 8909 8924 8928 8944 8970 8974 8990 9001 9008 9015 9025 9044 9053 9095 9102 9107 9122 9145 9150 9217 9220 9239 9247 9249 9256 9261 9264 9269 9287 9302 9304 9314 9325 9329 9331 9359 9361 9365 9379 9392 9394 9416 9454 9457 9462 9466 9469 9471 9472 9476 9477 9481 9484 9487 9506 9521 9522 9530 9534 9538 9539 9543 9551 9552 9560 9577 9583 9588 9589 9598 9601 9602 9605 9608 9611 9613 9617 9620 9623 9625
101 390 508 521 581 588 678 688 701 765 812 837 852 869 999 1007 1069 1142 1236 1316 1514 1522 1618 1848 1957 1976 2017 2030 2055 2336 2363 2447 2454 2533 2572 2660 2676 2735 2784 2953 2971 2987 3055 3098 3106 3247 3354 3361 3471 3583 3660 3674 3750 3765 3778 3824 3854 4003 4023 4032 4042 4057 4249 4301 4306 4307 4315 4337 4523 4631 4693 4809 4810 4847 4944 4972 5094 5150 5167 5171 5173 5240 5327 5351 5388 5397 5485 5496 5577 5592 5613 5632 5648 5667 5736 5868 5970 6019 6023 6045 6061 6260 6266 6401 6530 6534 6559 6579 6589 6602 6618 6676 6748 6761 6763 6770 6802 6847 6893 6921 6966 6974 7000 7002 7049 7095 7115 7134 7137 7164 7178 7183 7186 7228 7237 7245 7249 7299 7308 7370 7411 7453 7481 7490 7517 7568 7569 7635 7651 7652 7653 7693 7706 7722 7726 7790 7846 7860 7936 7952 7965 8006 8075 8111 8167 8172 8173 8179 8190 8211 8253 8258 8271 8274 8336 8337 8355 8367 8390 8408 8414 8421 8473 8474 8478 8490 8527 8530 8532 8569 8585 8600 8621 8657 8662 8708 8780 8793 8806 8815 8835 8853 8859 8867 8873 8919 8922 8927 8942 8943 8959 8975 8980 8983 8993 8998 9000 9007 9025 9031 9043 9049 9085 9088 9107 9117 9128 9142 9213 9236 9247 9254 9256 9266 9283 9298 9299 9312 9317 9325 9328 9329 9360 9377 9378 9382 9392 9411 9412 9428 9439 9451 9469 9470 9476 9480 9505 9517 9521 9522 9527 9533 9535 9540 9542 9545 9546 9553 9557 9578 9581 9582 9584 9595 9597 9600 9601 9607 9613 9616 9617 9620 9621
275 515 582 643 727 760 835 849 895 1002 1063 1075 1157 1470 1581 1605 1777 1938 1946 1968 1991 2018 2223 2241 2268 2358 2421 2435 2528 2564 2604 2713 2715 2853 2903 2907 2975 2981 3041 3053 3089 3282 3305 3385 3391 3439 3467 3500 3608 3647 3701 3744 3750 3799 3824 3892 3923 4013 4163 4198 4214 4274 4411 4444 4515 4531 4607 4756 4789 4825 4857 4962 4970 5076 5134 5164 5184 5205 5247 5324 5345 5358 5372 5380 5392 5538 5549 5616 5651 5676 5704 5763 5768 5821 5935 5963 5984 6004 6005 6110 6207 6245 6383 6385 6397 6401 6436 6450 6526 6568 6572 6576 6671 6729 6767 6772 6797 6801 6829 6874 6946 6970 6981 6999 7028 7059 7061 7093 7106 7107 7131 7152 7172 7215 7219 7231 7240 7278 7287 7302 7350 7402 7407 7430 7434 7488 7502 7529 7580 7596 7601 7613 7629 7645 7697 7715 7721 7791 7842 7928 7938 7948 7992 8073 8110 8153 8154 8166 8171 8183 8188 8216 8246 8262 8283 8299 8330 8338 8355 8382 8396 8398 8401 8411 8416 8417 8457 8463 8467 8489 8516 8523 8567 8573 8574 8596 8622 8642 8648 8691 8707 8758 8778 8800 8806 8813 8819 8831 8836 8865 8867 8871 8894 8898 8902 8908 8921 8933 8939 8972 8993 8998 9016 9021 9037 9071 9088 9094 9106 9114 9115 9128 9177 9187 9223 9232 9235 9247 9250 9261 9270 9279 9281 9292 9294 9304 9310 9315 9323 9355 9360 9362 9378 9386 9392 9406 9423 9430 9433 9448 9449 9469 9476 9480 9498 9510 9512 9514 9519 9521 9522 9531 9533 9534 9535 9540 9550 9557 9574 9576 9581 9582 9584 9594 9600 9612 9613 9616 9617 9619
166 188 517 529 613 658 754 818 880 911 996 1033 1058 1454 1494 1594 1683 1721 1728 1788 1913 1919 1951 1958 1962 2022 2167 2222 2228 2374 2406 2426 2427 2476 2477 2594 2764 2778 2824 2845 2952 3004 3018 3084 3096 3188 3395 3438 3591 3603 3612 3614 3634 3698 3712 3732 3767 3781 3888 3905 3910 3993 4190 4264 4295 4389 4495 4526 4594 4680 4777 4796 4816 4953 5004 5012 5014 5294 5296 5309 5326 5379 5409 5445 5477 5546 5549 5609 5646 5685 5751 5805 5876 5917 5934 5999 6151 6153 6161 6241 6251 6309 6338 6392 6513 6524 6633 6643 6665 6758 6759 6770 6771 6820 6841 6930 6934 6949 6952 6988 6991 7000 7046 7051 7102 7126 7138 7146 7193 7213 7218 7281 7341 7354 7376 7390 7423 7486 7505 7596 7609 7627 7654 7701 7702 7704 7710 7753 7769 7804 7820 7892 7906 7925 7955 7981 8058 8085 8113 8125 8133 8155 8162 8184 8199 8208 8240 8258 8275 8302 8332 8337 8343 8349 8358 8377 8397 8441 8448 8463 8466 8467 8488 8497 8498 8502 8503 8520 8533 8545 8566 8571 8573 8592 8635 8660 8686 8688 8725 8757 8769 8775 8780 8796 8798 8801 8803 8810 8833 8860 8861 8869 8887 8898 8900 8921 8925 8930 8931 8954 8972 8987 8992 8993 9035 9059 9067 9069 9077 9081 9098 9099 9105 9107 9113 9145 9164 9218 9222 9228 9232 9240 9253 9254 9270 9271 9279 9288 9292 9295 9302 9308 9319 9352 9362 9369 9376 9383 9385 9396 9412 9427 9440 9465 9468 9470 9476 9480 9491 9498 9507 9509 9514 9519 9525 9530 9531 9533 9535 9538 9549 9573 9580 9582 9588 9590 9593 9596 9598 9599 9605 9609 9610 9615 9619
102 168 265 511 555 606 621 690 729 751 787 794 889 968 981 1038 1041 1408 1451 1473 1542 1582 1736 1763 1851 1954 1959 2142 2148 2169 2352 2366 2393 2418 2467 2472 2519 2844 2911 2969 3027 3041 3263 3334 3432 3521 3563 3565 3611 3695 3698 3762 3767 3856 3858 3884 4029 4065 4246 4387 4463 4548 4734 4735 4737 4753 4808 4859 4883 4903 4955 4969 4990 5177 5247 5267 5276 5278 5300 5307 5325 5534 5583 5585 5597 5643 5736 5746 5798 5801 5875 5991 6064 6208 6235 6241 6248 6250 6308 6333 6349 6366 6404 6445 6454 6489 6502 6542 6576 6589 6604 6620 6728 6752 6770 6776 6792 6822 6927 6933 6935 6984 6985 7026 7034 7052 7067 7078 7100 7112 7138 7175 7210 7218 7244 7259 7279 7301 7304 7305 7340 7342 7355 7365 7416 7440 7441 7444 7580 7593 7600 7616 7646 7701 7765 7795 7797 7834 7885 7893 7903 7909 7945 7955 8031 8051 8094 8100 8101 8120 8154 8167 8184 8224 8239 8247 8271 8287 8315 8317 8330 8342 8345 8351 8375 8388 8412 8414 8441 8446 8464 8485 8502 8508 8522 8540 8548 8564 8565 8581 8594 8631 8686 8700 8701 8733 8737 8763 8775 8784 8792 8816 8817 8818 8840 8843 8860 8867 8876 8877 8892 8895 8903 8924 8930 8950 8954 8962 8979 8981 8983 8994 9021 9031 9072 9085 9098 9102 9104 9105 9107 9125 9127 9164 9190 9222 9231 9232 9241 9247 9258 9264 9269 9270 9282 9291 9299 9302 9303 9336 9340 9350 9352 9361 9366 9372 9378 9394 9408 9413 9425 9426 9455 9462 9465 9468 9469 9472 9492 9493 9496 9501 9502 9505 9509 9510 9517 9518 9529 9530 9535 9544 9548 9566 9567 9575 9578 9580 9581 9585 9589 9594 9596 9598 9599 9606 9611 9612 9614 9615
398 453 461 494 554 713 749 852 932 998 1028 1397 1400 1541 1575 1761 1764 1837 1904 1906 1935 1939 2005 2073 2131 2157 2294 2349 2363 2459 2642 2834 2890 2985 3222 3255 3355 3380 3409 3519 3543 3575 3598 3681 3754 3812 3839 3846 3984 3999 4185 4205 4357 4366 4661 4719 4744 4882 4972 5039 5047 5059 5125 5220 5234 5262 5295 5423 5474 5520 5581 5669 5701 5774 5803 5819 5956 5977 6025 6151 6196 6231 6243 6268 6294 6360 6364 6370 6419 6424 6449 6450 6458 6514 6531 6601 6676 6687 6713 6746 6747 6922 6924 6932 6934 6935 6936 6937 6955 7011 7022 7030 7046 7050 7060 7071 7136 7147 7152 7167 7206 7228 7260 7279 7316 7325 7332 7343 7378 7385 7386 7395 7486 7497 7535 7566 7567 7569 7586 7605 7606 7691 7695 7696 7739 7791 7822 7865 7879 7912 8006 8045 8100 8141 8150 8151 8200 8215 8222 8239 8241 8261 8281 8305 8310 8316 8321 8324 8325 8328 8366 8397 8443 8466 8469 8475 8480 8485 8495 8497 8510 8516 8517 8523 8533 8536 8564 8626 8667 8687 8729 8759 8772 8784 8825 8831 8839 8859 8873 8894 8899 8907 8923 8924 8976 8979 8982 9005 9007 9012 9013 9044 9049 9084 9085 9099 9100 9102 9129 9189 9208 9226 9230 9231 9244 9245 9259 9282 9284 9285 9296 9297 9299 9306 9310 9340 9356 9358 9365 9369 9371 9389 9398 9407 9410 9439 9455 9461 9463 9464 9465 9471 9487 9496 9499 9500 9506 9517 9525 9526 9530 9535 9561 9564 9572 9574 9576 9578 9585 9589 9592 9593 9598 9599 9606 9613 9615
390 466 593 695 709 734 801 861 917 946 965 1020 1080 1350 1384 1430 1503 1537 1545 1671 1709 1880 1975 2013 2060 2151 2260 2324 2337 2358 2548 2553 2752 2854 3185 3352 3361 3493 3497 3519 3572 3585 3623 3675 3736 3845 3939 3957 4053 4179 4244 4250 4338 4626 4635 4678 4766 4847 4868 4963 5015 5068 5128 5142 5165 5258 5292 5343 5354 5437 5503 5518 5519 5654 5697 5700 5743 5800 5862 5924 5928 5970 5972 6108 6155 6162 6174 6175 6214 6238 6246 6255 6289 6394 6446 6448 6456 6569 6632 6706 6744 6780 6888 6891 6920 6930 6933 6956 6959 6969 7013 7041 7047 7069 7129 7141 7189 7273 7281 7312 7321 7329 7375 7391 7460 7481 7499 7537 7564 7565 7591 7603 7625 7644 7675 7688 7691 7692 7729 7749 7804 7847 7867 7901 7972 8007 8031 8032 8087 8097 8108 8118 8144 8148 8152 8171 8208 8214 8224 8231 8233 8258 8269 8299 8300 8317 8323 8333 8342 8374 8424 8426 8432 8457 8467 8481 8488 8493 8496 8512 8534 8544 8563 8623 8637 8641 8648 8680 8719 8727 8742 8744 8763 8773 8776 8780 8823 8839 8850 8851 8858 8861 8862 8889 8894 8903 8907 8910 8911 8928 8975 8977 8981 9000 9027 9047 9048 9061 9063 9082 9087 9089 9091 9095 9100 9101 9106 9133 9159 9179 9185 9206 9207 9216 9220 9221 9226 9238 9244 9249 9263 9278 9283 9292 9294 9337 9365 9370 9373 9386 9402 9410 9425 9449 9453 9454 9462 9463 9464 9465 9471 9479 9483 9492 9494 9500 9501 9506 9507 9510 9517 9524 9527 9528 9531 9532 9546 9550 9552 9553 9563 9572 9573 9575 9582 9585 9588 9590 9591 9594 9597 9598 9602 9604 9605
220 303 442 453 683 705 781 802 886 937 1055 1069 1141 1204 1385 1452 1502 1623 1684 1724 1839 1890 1987 2093 2132 2259 2294 2321 2539 2560 2806 2813 2829 3139 3163 3348 3398 3469 3503 3515 3576 3602 3647 3667 3705 3760 3840 3936 4114 4157 4171 4220 4238 4322 4577 4632 4659 4743 4754 4806 4839 4844 4863 4962 4989 4991 5053 5055 5091 5122 5126 5190 5204 5245 5292 5318 5408 5434 5494 5497 5517 5518 5579 5605 5641 5698 5754 5852 5873 5881 5955 6122 6135 6146 6176 6188 6248 6253 6360 6430 6435 6440 6508 6566 6606 6662 6706 6712 6734 6826 6849 6869 6887 6920 6931 6940 6989 6997 7011 7019 7022 7025 7055 7056 7058 7102 7162 7166 7243 7258 7270 7273 7284 7300 7308 7310 7353 7380 7415 7427 7474 7476 7547 7563 7564 7589 7598 7607 7631 7635 7646 7689 7691 7705 7730 7774 7781 7822 7840 7844 7853 7875 7894 7926 7995 8001 8007 8049 8097 8106 8124 8138 8145 8146 8171 8183 8190 8201 8202 8206 8223 8229 8233 8255 8262 8292 8299 8300 8302 8323 8372 8376 8417 8454 8467 8470 8480 8489 8504 8505 8522 8559 8599 8604 8609 8610 8616 8631 8640 8690 8692 8702 8718 8720 8725 8728 8740 8762 8770 8778 8804 8821 8822 8831 8847 8856 8859 8870 8893 8908 8909 8936 8973 8976 8979 9016 9039 9043 9046 9059 9068 9075 9082 9086 9092 9099 9177 9184 9191 9207 9216 9221 9226 9238 9262 9266 9272 9278 9280 9286 9289 9332 9337 9354 9365 9371 9373 9375 9385 9394 9399 9410 9420 9423 9429 9431 9432 9441 9445 9450 9462 9478 9483 9495 9498 9500 9502 9506 9509 9514 9519 9521 9525 9526 9527 9528 9530 9535 9541 9563 9572 9582 9588 9589 9590 9592 9604
159 161 270 422 671 704 720 746 822 829 841 878 918 928 1087 1127 1390 1442 1486 1547 1555 1653 1705 1734 1856 1862 1888 1967 1968 2032 2108 2189 2241 2258 2710 2747 2756 2775 2984 3136 3286 3341 3346 3448 3485 3492 3531 3582 3622 3643 3659 3837 3857 3963 4037 4099 4112 4162 4217 4222 4498 4536 4550 4581 4597 4713 4772 4799 4935 4958 4966 4995 5023 5042 5052 5158 5202 5215 5289 5308 5316 5365 5373 5375 5465 5472 5480 5605 5673 5756 5786 5820 5840 6033 6109 6131 6142 6146 6151 6171 6178 6223 6229 6244 6250 6252 6330 6340 6375 6390 6437 6440 6540 6547 6567 6705 6860 6879 6901 6925 6987 6996 6998 7021 7024 7025 7033 7039 7092 7151 7155 7163 7196 7225 7233 7243 7270 7283 7301 7308 7371 7412 7518 7521 7522 7551 7557 7572 7598 7627 7657 7667 7668 7715 7732 7777 7804 7837 7898 7958 7985 8012 8076 8113 8114 8144 8164 8175 8176 8189 8201 8205 8227 8248 8255 8283 8291 8297 8299 8318 8370 8398 8413 8418 8431 8453 8454 8478 8486 8488 8491 8492 8494 8502 8525 8543 8586 8598 8602 8677 8698 8707 8717 8722 8735 8772 8775 8786 8793 8795 8811 8826 8845 8867 8877 8878 8891 8905 8907 8927 8960 8972 8973 9003 9031 9035 9039 9061 9068 9079 9091 9092 9153 9170 9171 9173 9199 9204 9205 9206 9210 9215 9218 9221 9236 9260 9261 9270 9273 9276 9278 9286 9287 9306 9308 9332 9336 9346 9354 9357 9364 9394 9395 9414 9415 9416 9423 9429 9439 9442 9445 9460 9461 9462 9463 9478 9486 9488 9498 9501 9503 9509 9510 9513 9514 9516 9518 9522 9527 9530 9537 9557 9563 9572 9581 9582 9584 9587 9588 9603
125 143 201 281 288 337 353 400 496 635 642 691 743 782 863 1087 1110 1116 1352 1366 1425 1442 1556 1567 1767 1779 1862 1949 1954 2046 2236 2241 2330 2625 2649 2724 2774 2931 3054 3061 3094 3123 3149 3316 3331 3342 3378 3407 3425 3449 3465 3496 3497 3565 3580 3677 3709 3755 3788 3837 3956 3994 4062 4073 4127 4162 4257 4546 4577 4673 4712 4731 4765 4920 4972 4993 5033 5052 5143 5149 5197 5277 5308 5464 5472 5473 5585 5593 5615 5640 5665 5669 5673 5783 5817 5997 6094 6102 6106 6133 6143 6149 6154 6191 6206 6225 6234 6326 6382 6423 6451 6538 6542 6597 6638 6694 6701 6812 6833 6860 6879 6891 6915 6924 6965 6971 7001 7011 7049 7100 7126 7154 7172 7208 7213 7219 7243 7303 7305 7338 7349 7393 7407 7478 7507 7518 7536 7557 7587 7596 7608 7623 7624 7630 7659 7667 7703 7711 7722 7732 7754 7797 7811 7835 7873 7930 8056 8102 8136 8149 8168 8174 8185 8195 8210 8217 8265 8268 8281 8283 8291 8306 8314 8377 8405 8413 8444 8474 8482 8488 8489 8520 8543 8565 8572 8575 8586 8629 8649 8660 8665 8688 8712 8713 8756 8774 8779 8790 8791 8797 8830 8836 8857 8862 8869 8873 8887 8891 8907 8949 8970 8973 8988 9001 9007 9019 9028 9029 9040 9061 9072 9083 9085 9153 9167 9185 9189 9191 9206 9211 9216 9221 9231 9260 9269 9272 9276 9278 9327 9330 9331 9344 9353 9358 9393 9406 9415 9417 9418 9426 9429 9431 9438 9442 9454 9458 9459 9461 9477 9478 9481 9485 9497 9506 9513 9515 9522 9527 9528 9534 9554 9557 9562 9571 9579 9581 9583 9584 9587
33 47 169 195 289 299 312 383 437 565 632 638 688 724 775 813 857 1204 1329 1409 1455 1487 1748 1793 1799 1818 1924 1932 1983 2044 2202 2217 2392 2471 2487 2664 2698 2737 2765 3016 3049 3067 3092 3221 3225 3237 3278 3325 3326 3336 3388 3394 3396 3456 3460 3477 3522 3534 3578 3583 3663 3677 3685 3836 3859 3865 3867 3982 4007 4061 4073 4204 4232 4308 4421 4543 4568 4655 4664 4706 4755 4893 4920 4988 5004 5117 5144 5176 5205 5269 5276 5297 5304 5423 5443 5458 5576 5578 5585 5618 5768 5794 5880 5913 6051 6062 6081 6094 6121 6128 6140 6180 6205 6320 6325 6355 6364 6389 6395 6413 6422 6459 6489 6522 6535 6565 6602 6607 6669 6695 6732 6802 6808 6856 6859 6877 6888 6943 6945 6986 6990 6997 7025 7038 7050 7116 7125 7129 7144 7168 7207 7211 7234 7243 7276 7289 7294 7303 7315 7323 7350 7398 7473 7501 7533 7542 7553 7572 7582 7594 7599 7630 7650 7665 7686 7740 7786 7799 7837 7901 7915 7929 7960 7995 8019 8041 8053 8076 8094 8099 8117 8126 8140 8156 8172 8179 8196 8197 8272 8279 8283 8284 8289 8291 8315 8316 8358 8363 8395 8399 8438 8461 8466 8474 8479 8514 8531 8571 8632 8655 8670 8686 8687 8708 8722 8751 8757 8774 8778 8790 8796 8834 8851 8855 8865 8889 8897 8947 8952 8959 8968 8970 8975 8979 8999 9003 9019 9031 9055 9069 9070 9075 9141 9142 9144 9152 9163 9179 9188 9189 9193 9208 9211 9218 9247 9269 9270 9272 9273 9274 9323 9324 9327 9328 9338 9341 9344 9347 9358 9365 9370 9372 9380 9382 9386 9406 9408 9418 9422 9426 9431 9434 9436 9450 9455 9456 9460 9471 9478 9481 9494 9495 9497 9502 9503 9509 9512 9514 9520 9521 9524 9528 9532 9537 9551 9553 9560 9561 9563 9566 9567 9569 9573 9575 9580 9582 9583 9586
135 265 282 307 347 386 404 467 539 602 628 631 655 661 766 783 844 904 988 1031 1189 1373 1375 1415 1622 1676 1681 1742 1795 1853 2164 2317 2583 2603 2676 2725 2737 2861 2878 2913 3051 3071 3073 3122 3140 3248 3312 3321 3388 3393 3459 3492 3531 3658 3660 3707 3767 3828 3855 3955 4061 4130 4257 4407 4528 4582 4611 4647 4687 4881 4888 4899 4988 5051 5172 5205 5220 5308 5402 5429 5515 5519 5547 5548 5570 5578 5746 5748 5811 5916 5928 5958 6045 6078 6118 6133 6178 6200 6217 6283 6301 6337 6378 6390 6431 6518 6520 6536 6545 6547 6551 6569 6582 6639 6641 6683 6784 6816 6851 6856 6857 6898 6928 6930 6931 6958 7001 7032 7074 7082 7100 7136 7179 7195 7232 7235 7236 7268 7289 7321 7327 7334 7375 7388 7411 7434 7463 7485 7495 7524 7552 7576 7587 7612 7630 7632 7682 7698 7702 7737 7769 7792 7796 7800 7822 7856 7866 7894 7903 7910 7942 7957 7967 8045 8076 8108 8122 8131 8154 8167 8170 8188 8225 8270 8277 8280 8288 8312 8332 8335 8357 8364 8384 8395 8406 8427 8434 8463 8467 8474 8492 8502 8505 8514 8558 8570 8575 8613 8620 8631 8656 8685 8695 8698 8711 8743 8767 8777 8782 8824 8851 8856 8873 8896 8897 8902 8906 8927 8940 8946 8966 8968 8969 8972 8990 9013 9022 9039 9041 9069 9074 9085 9099 9148 9156 9179 9188 9189 9191 9192 9205 9210 9218 9227 9244 9264 9269 9272 9273 9324 9326 9327 9333 9339 9347 9349 9352 9361 9374 9380 9381 9418 9420 9421 9425 9437 9446 9450 9452 9457 9460 9469 9470 9478 9489 9493 9495 9500 9507 9513 9514 9519 9520 9524 9532 9539 9544 9548 9557 9558 9569 9571 9572 9573 9575 9581 9582
132 261 285 332 402 435 481 517 595 602 630 644 738 860 1120 1149 1351 1364 1369 1389 1412 1525 1612 1786 1797 1808 1896 2055 2056 2294 2493 2629 2634 2642 2690 2790 2855 2859 2869 3000 3025 3137 3214 3306 3328 3361 3438 3446 3636 3643 3767 3796 3819 3882 3905 3937 4177 4373 4396 4460 4499 4526 4569 4630 4676 4780 4810 4862 4885 4963 4967 4984 5111 5153 5199 5212 5260 5303 5349 5424 5467 5472 5548 5577 5670 5678 5699 5720 5894 5953 6015 6075 6118 6128 6182 6275 6291 6316 6318 6345 6363 6488 6545 6584 6623 6642 6766 6794 6798 6805 6809 6856 6904 6914 6923 6927 6936 6953 7028 7069 7072 7080 7130 7182 7219 7232 7244 7285 7324 7378 7388 7426 7480 7501 7531 7549 7568 7581 7597 7611 7614 7681 7706 7715 7717 7721 7736 7746 7758 7775 7799 7815 7833 7856 7888 7896 7901 7903 7997 8032 8040 8043 8079 8109 8149 8161 8170 8176 8187 8189 8194 8211 8222 8265 8274 8287 8307 8314 8346 8351 8353 8386 8390 8411 8420 8430 8433 8461 8470 8472 8486 8516 8530 8545 8558 8608 8612 8613 8620 8628 8648 8680 8692 8697 8707 8712 8741 8748 8753 8765 8766 8772 8816 8817 8818 8845 8847 8849 8859 8878 8899 8921 8929 8932 8960 8962 8965 8966 8982 9003 9004 9033 9037 9047 9051 9053 9056 9060 9069 9071 9100 9104 9145 9148 9185 9189 9192 9198 9203 9206 9208 9212 9226 9237 9262 9269 9273 9280 9319 9324 9329 9335 9343 9347 9354 9376 9411 9418 9444 9448 9453 9456 9459 9471 9472 9476 9477 9478 9482 9483 9492 9493 9500 9503 9507 9512 9515 9520 9524 9527 9543 9546 9549 9556 9557 9565 9571 9575 9576 9579
96 110 245 418 498 519 626 781 925 956 1025 1142 1277 1345 1551 1567 1570 1685 1717 1771 1781 1850 1904 1984 2009 2116 2194 2273 2356 2449 2492 2616 2642 2668 2752 2802 2855 2972 2983 3136 3257 3283 3288 3296 3297 3432 3434 3551 3557 3747 3775 3787 3827 4096 4311 4367 4434 4508 4513 4605 4663 4745 4776 4813 4847 4924 4957 5111 5153 5187 5243 5247 5339 5375 5380 5402 5405 5435 5457 5490 5496 5562 5565 5645 5665 5744 5764 5890 5903 6005 6053 6058 6075 6108 6144 6233 6235 6256 6316 6340 6355 6432 6442 6502 6531 6707 6755 6797 6802 6804 6809 6845 6897 6899 6918 6926 6934 6935 6979 7031 7069 7175 7180 7211 7241 7245 7278 7299 7311 7364 7371 7421 7476 7487 7500 7514 7560 7574 7581 7587 7588 7598 7664 7681 7688 7693 7715 7744 7853 7875 7893 7936 8028 8043 8054 8069 8091 8157 8158 8162 8173 8185 8198 8234 8257 8261 8268 8275 8335 8342 8347 8358 8381 8392 8393 8395 8416 8445 8458 8461 8465 8475 8495 8542 8553 8589 8597 8613 8637 8663 8664 8677 8690 8695 8708 8718 8728 8747 8761 8762 8769 8799 8804 8816 8842 8844 8849 8851 8877 8893 8909 8916 8923 8941 8946 8959 8960 8966 8969 8988 9000 9027 9043 9044 9051 9065 9103 9112 9121 9122 9126 9139 9148 9177 9181 9184 9188 9200 9203 9210 9216 9224 9237 9247 9249 9257 9263 9266 9273 9303 9313 9323 9326 9339 9345 9374 9376 9394 9413 9414 9430 9438 9444 9451 9455 9458 9459 9470 9473 9486 9490 9493 9499 9503 9509 9511 9512 9513 9515 9519 9534 9538 9543 9550 9556 9559 9562 9568 9572 9575
110 243 252 371 401 406 447 482 507 512 598 618 698 897 1029 1173 1232 1242 1317 1494 1568 1599 1653 1756 1802 1863 1940 2007 2142 2204 2321 2364 2550 2636 2763 2851 2895 2919 2981 2984 3051 3253 3288 3306 3419 3430 3499 3541 3555 3661 3702 3762 3766 3852 4057 4311 4362 4505 4506 4588 4593 4732 4792 4816 4893 4948 5033 5138 5171 5336 5411 5481 5560 5584 5633 5669 5677 5782 5888 5924 5949 6002 6016 6039 6058 6094 6107 6127 6139 6160 6201 6202 6204 6261 6274 6304 6339 6362 6367 6414 6490 6523 6549 6567 6645 6700 6748 6755 6770 6771 6790 6796 6802 6806 6831 6845 6889 6890 6909 6924 6934 6969 7068 7137 7156 7174 7179 7183 7205 7210 7298 7344 7413 7469 7477 7490 7494 7554 7578 7586 7604 7658 7682 7683 7684 7693 7705 7724 7737 7834 7839 7842 7873 7875 7881 7940 8019 8024 8025 8028 8047 8065 8090 8124 8152 8167 8210 8246 8257 8270 8332 8337 8341 8376 8386 8393 8439 8441 8453 8462 8463 8490 8496 8511 8531 8539 8566 8585 8592 8629 8633 8639 8647 8657 8662 8669 8706 8714 8724 8753 8754 8774 8780 8798 8816 8833 8835 8844 8850 8861 8872 8907 8912 8924 8929 8959 8963 8969 8980 9022 9025 9039 9048 9049 9105 9108 9121 9140 9165 9167 9183 9185 9197 9199 9229 9234 9245 9250 9255 9266 9267 9273 9295 9307 9311 9318 9322 9333 9339 9344 9366 9372 9386 9401 9413 9421 9428 9435 9441 9444 9451 9455 9459 9471 9472 9473 9477 9482 9492 9498 9503 9507 9508 9511 9529 9533 9535 9536 9546 9547 9556 9559 9562 9572
54 79 190 223 232 237 240 254 369 416 479 529 607 674 941 942 1050 1126 1168 1211 1239 1316 1396 1425 1447 1613 1638 1650 1705 1758 1866 1971 2089 2187 2309 2325 2501 2552 2700 2717 2724 2776 2794 2821 2823 2828 2916 2928 2983 3058 3173 3188 3192 3217 3248 3270 3275 3333 3376 3417 3458 3524 3596 3681 3742 3748 3761 3883 3926 4287 4308 4322 4390 4440 4492 4541 4547 4633 4703 4711 4784 4805 4824 4853 4869 4878 4893 4908 4918 5111 5122 5281 5320 5335 5406 5495 5522 5549 5578 5623 5631 5656 5711 5747 5835 5915 5960 5970 6055 6074 6108 6133 6137 6169 6181 6235 6254 6283 6304 6314 6329 6349 6384 6414 6447 6475 6478 6543 6566 6607 6661 6705 6716 6751 6775 6796 6814 6821 6831 6854 6862 6895 6903 6905 6958 7039 7068 7116 7172 7173 7190 7207 7233 7295 7324 7333 7375 7388 7467 7476 7484 7488 7539 7549 7567 7576 7578 7602 7608 7665 7682 7695 7706 7737 7799 7822 7826 7866 7880 7971 8024 8030 8041 8058 8080 8087 8140 8152 8160 8168 8212 8242 8245 8248 8254 8260 8314 8330 8338 8360 8381 8420 8425 8430 8439 8442 8448 8452 8459 8463 8509 8534 8561 8577 8610 8627 8636 8641 8645 8656 8662 8669 8700 8713 8721 8730 8734 8742 8757 8768 8795 8829 8836 8839 8867 8884 8891 8905 8912 8921 8939 8956 8959 8960 8974 8983 9019 9032 9042 9045 9072 9084 9095 9097 9117 9125 9136 9142 9152 9158 9164 9169 9173 9197 9221 9222 9231 9233 9234 9237 9251 9257 9265 9266 9284 9298 9305 9309 9315 9322 9330 9337 9352 9359 9362 9364 9378 9379 9412 9428 9435 9440 9451 9455 9463 9466 9470 9471 9475 9492 9495 9499 9500 9501 9504 9505 9506 9525 9530 9536 9549 9551 9554 9555 9559 9562
4 21 66 136 176 213 227 257 294 401 406 469 520 590 653 871 1073 1149 1213 1303 1379 1384 1396 1640 1668 1721 1887 1902 1904 1961 1986 2299 2373 2659 2663 2670 2677 2756 2775 2810 2889 2904 2919 3108 3125 3204 3246 3272 3275 3281 3325 3430 3438 3458 3462 3658 3698 3849 4012 4209 4267 4306 4310 4321 4376 4481 4492 4493 4511 4567 4631 4648 4765 4786 4799 4807 4876 4883 4899 4969 5030 5106 5115 5269 5286 5289 5324 5338 5340 5394 5411 5428 5490 5598 5605 5631 5693 5791 5820 5846 5955 5960 6046 6051 6053 6054 6136 6155 6203 6216 6255 6328 6338 6403 6433 6472 6538 6573 6604 6619 6695 6732 6744 6750 6751 6758 6791 6808 6828 6839 6844 6889 6958 6995 7028 7038 7091 7164 7171 7188 7226 7231 7249 7321 7385 7465 7470 7484 7518 7523 7563 7636 7662 7673 7721 7737 7754 7810 7864 7922 7935 8001 8021 8038 8056 8072 8105 8120 8126 8145 8155 8232 8245 8282 8308 8314 8323 8335 8363 8406 8431 8448 8456 8457 8491 8508 8529 8533 8552 8614 8626 8632 8633 8641 8659 8666 8686 8700 8712 8716 8729 8738 8757 8787 8788 8789 8800 8827 8831 8838 8876 8888 8889 8913 8944 8953 8958 8967 9012 9017 9028 9035 9042 9044 9072 9074 9103 9117 9134 9142 9147 9164 9172 9196 9213 9218 9222 9227 9230 9232 9256 9261 9273 9295 9298 9303 9313 9318 9325 9337 9338 9342 9356 9357 9370 9404 9407 9419 9426 9428 9440 9447 9448 9449 9450 9454 9462 9463 9466 9469 9472 9475 9491 9495 9498 9501 9504 9507 9512 9513 9516 9525 9528 9532 9534 9536 9546 9548 9550 9555
21 44 177 197 227 259 276 301 444 469 506 588 626 719 736 789 903 1086 1100 1101 1268 1284 1297 1332 1354 1369 1579 1622 1656 1680 1728 1860 1887 2113 2186 2222 2228 2350 2379 2603 2604 2629 2710 2733 2860 2881 2983 3094 3167 3228 3232 3236 3414 3520 3594 3608 3625 3650 3694 3806 4164 4217 4233 4264 4398 4467 4487 4495 4572 4590 4632 4724 4762 4775 4871 4872 4883 4886 5105 5184 5187 5270 5281 5329 5364 5367 5396 5420 5427 5444 5450 5472 5565 5614 5621 5671 5786 5788 5791 5811 5812 5904 5929 5947 5989 6017 6028 6045 6096 6188 6191 6203 6214 6222 6306 6309 6335 6355 6471 6518 6547 6626 6691 6718 6745 6757 6770 6789 6819 6824 6833 6842 6866 6953 6978 6996 7006 7077 7140 7141 7154 7166 7168 7169 7185 7192 7318 7348 7397 7423 7461 7475 7484 7499 7507 7514 7521 7547 7551 7558 7565 7620 7632 7651 7656 7696 7697 7740 7795 7801 7856 7864 7879 7884 7906 7949 7986 8018 8033 8070 8121 8125 8140 8181 8208 8214 8231 8236 8295 8314 8317 8324 8361 8372 8382 8406 8430 8435 8436 8440 8479 8481 8494 8502 8506 8539 8540 8542 8614 8624 8626 8641 8659 8681 8698 8712 8721 8729 8750 8760 8771 8782 8817 8822 8823 8824 8830 8880 8888 8900 8910 8916 8936 8942 8949 8952 8953 8978 8982 8994 9014 9023 9026 9034 9038 9046 9049 9073 9083 9098 9112 9132 9134 9162 9183 9196 9202 9204 9218 9223 9227 9228 9229 9231 9232 9243 9261 9263 9279 9301 9312 9315 9319 9338 9340 9348 9370 9382 9397 9398 9402 9407 9418 9421 9434 9439 9450 9457 9466 9467 9468 9478 9488 9494 9495 9497 9498 9500 9502 9503 9521 9524 9526 9531 9536 9537 9541 9548 9549 9551 9554
19 79 82 117 151 261 263 391 440 458 530 582 626 717 909 1053 1141 1256 1261 1328 1352 1353 1505 1525 1568 1632 1782 1801 1846 1877 1906 1959 1979 1995 2308 2535 2543 2565 2603 2695 2846 2852 2926 2940 2954 2956 3007 3138 3223 3251 3405 3593 3641 3650 3870 4110 4117 4205 4228 4230 4299 4337 4342 4390 4438 4565 4627 4708 4757 4763 4787 4865 5096 5175 5248 5258 5320 5332 5340 5376 5384 5424 5425 5427 5606 5627 5768 5787 5798 5853 5905 5928 6017 6041 6056 6150 6185 6191 6213 6223 6293 6464 6509 6523 6601 6646 6693 6700 6704 6723 6737 6742 6764 6767 6789 6811 6812 6832 6834 6861 6862 6996 7070 7121 7128 7140 7142 7159 7182 7316 7401 7403 7447 7448 7449 7469 7476 7491 7513 7539 7542 7598 7612 7623 7641 7671 7697 7751 7793 7801 7822 7856 7861 7878 7888 7916 7979 7984 8006 8029 8031 8053 8056 8068 8117 8121 8128 8187 8201 8212 8220 8228 8252 8265 8294 8297 8299 8309 8316 8352 8357 8362 8381 8388 8405 8411 8416 8431 8432 8433 8434 8440 8462 8494 8506 8507 8585 8599 8607 8627 8647 8651 8669 8685 8690 8694 8718 8725 8728 8753 8755 8758 8809 8814 8867 8893 8912 8924 8932 8943 8946 8950 8951 8957 8979 9001 9002 9009 9023 9025 9029 9058 9059 9079 9088 9091 9125 9139 9158 9162 9182 9183 9188 9192 9194 9197 9213 9217 9220 9227 9230 9239 9256 9260 9270 9271 9283 9299 9311 9319 9325 9340 9349 9360 9392 9393 9404 9414 9415 9420 9421 9427 9429 9432 9434 9438 9443 9446 9447 9455 9466 9477 9478 9488 9493 9498 9501 9521 9523 9525 9530 9535 9538 9546 9548 9553
15 105 188 206 233 317 347 405 413 439 527 571 575 586 610 940 945 975 1015 1145 1249 1288 1332 1473 1491 1622 1640 1671 1794 1843 1934 2128 2222 2520 2557 2671 2836 2888 2927 3006 3021 3072 3217 3220 3275 3374 3400 3492 3591 3637 3826 4061 4201 4206 4292 4311 4330 4369 4446 4577 4600 4650 4664 4695 4848 4987 5004 5076 5191 5250 5308 5379 5423 5527 5556 5584 5586 5588 5784 5915 5972 5999 6001 6015 6139 6171 6191 6193 6194 6285 6349 6368 6417 6436 6453 6482 6494 6534 6564 6688 6697 6706 6719 6720 6725 6732 6767 6797 6798 6822 6824 6984 6991 7061 7065 7070 7100 7134 7150 7194 7207 7248 7251 7303 7318 7328 7351 7368 7390 7409 7429 7440 7473 7477 7491 7503 7528 7537 7573 7584 7607 7610 7639 7663 7730 7757 7800 7854 7886 7906 7978 7979 8027 8036 8109 8111 8120 8128 8158 8164 8171 8200 8205 8217 8225 8264 8269 8299 8301 8309 8312 8337 8344 8345 8357 8380 8384 8402 8413 8431 8432 8446 8451 8483 8533 8557 8563 8568 8576 8593 8605 8627 8639 8652 8667 8668 8670 8681 8693 8702 8726 8729 8736 8755 8756 8762 8764 8769 8791 8810 8813 8839 8857 8861 8867 8903 8927 8931 8942 8945 8948 8955 8972 8985 8994 9005 9015 9020 9031 9058 9069 9087 9113 9121 9123 9126 9136 9139 9157 9171 9177 9183 9187 9197 9200 9210 9219 9226 9236 9252 9255 9258 9266 9270 9282 9293 9298 9306 9307 9311 9315 9362 9371 9401 9413 9426 9427 9432 9444 9449 9455 9462 9466 9480 9487 9490 9493 9500 9518 9519 9522 9527 9528 9543 9544 9547 9550
52 61 85 123 200 232 310 341 354 380 429 439 447 571 673 832 934 935 1203 1279 1321 1362 1423 1432 1446 1498 1541 1561 1696 1928 2116 2357 2472 2497 2510 2543 2784 2794 2863 2906 2927 2950 2990 3005 3170 3216 3228 3275 3376 3444 3500 3576 3641 3688 3699 3852 4022 4042 4127 4162 4204 4274 4330 4427 4548 4598 4647 4656 4798 4829 4832 4965 4976 5000 5060 5165 5192 5239 5250 5259 5298 5305 5366 5374 5418 5513 5584 5704 5767 5777 5835 5862 5927 5942 5981 5987 6041 6080 6138 6159 6162 6176 6278 6381 6435 6477 6486 6537 6561 6629 6679 6686 6693 6715 6743 6751 6788 6815 6867 6875 6984 7052 7065 7094 7118 7119 7138 7164 7168 7185 7271 7300 7302 7303 7354 7366 7381 7408 7425 7438 7442 7453 7474 7475 7491 7522 7535 7536 7602 7634 7641 7651 7707 7753 7771 7815 7849 7935 7956 7960 7962 7988 7990 8007 8013 8025 8079 8093 8105 8120 8124 8127 8132 8158 8168 8210 8215 8218 8259 8269 8272 8273 8281 8296 8297 8332 8335 8337 8343 8359 8378 8394 8396 8401 8405 8408 8411 8414 8430 8435 8457 8477 8503 8508 8538 8544 8563 8580 8591 8596 8627 8642 8661 8678 8693 8725 8727 8733 8734 8752 8774 8782 8785 8794 8802 8817 8821 8842 8845 8857 8859 8876 8880 8887 8897 8912 8916 8927 8930 8940 8947 8963 8967 8977 8984 8994 9000 9003 9009 9015 9037 9049 9055 9078 9080 9092 9101 9111 9118 9135 9155 9156 9170 9172 9175 9181 9182 9183 9187 9188 9191 9193 9203 9209 9217 9219 9242 9251 9253 9257 9261 9268 9291 9295 9304 9305 9308 9311 9362 9367 9388 9395 9396 9399 9405 9410 9413 9423 9425 9429 9432 9434 9449 9457 9459 9468 9485 9486 9493 9495 9500 9512 9519 9524 9525 9526 9541 9546 9547
14 49 128 165 191 209 242 278 282 422 441 523 565 749 805 1018 1134 1161 1168 1265 1276 1349 1372 1419 1514 1594 1875 1927 2433 2451 2493 2520 2537 2640 2672 2701 2708 2742 2778 2883 2978 3046 3061 3138 3213 3216 3256 3323 3330 3391 3415 3482 3529 3574 3606 3765 3932 3989 4107 4240 4246 4305 4373 4510 4541 4588 4610 4726 4736 4779 4816 4875 4938 4967 4971 5121 5221 5222 5322 5358 5445 5493 5531 5546 5550 5616 5623 5716 5761 5776 5891 5918 5925 5965 5983 6033 6058 6113 6144 6151 6152 6246 6352 6376 6429 6457 6472 6485 6500 6576 6653 6661 6673 6739 6743 6752 6773 6774 6797 6810 6913 6932 6954 7045 7050 7068 7071 7086 7089 7123 7137 7178 7240 7249 7266 7335 7346 7378 7397 7414 7423 7440 7476 7487 7505 7526 7533 7559 7598 7628 7651 7709 7718 7763 7805 7815 7843 7931 7951 7953 7993 7995 8004 8035 8060 8092 8109 8111 8114 8126 8167 8206 8215 8221 8227 8232 8241 8248 8260 8265 8271 8294 8299 8306 8307 8313 8327 8330 8335 8365 8376 8388 8391 8399 8407 8417 8423 8424 8455 8464 8530 8553 8556 8562 8568 8582 8619 8625 8642 8680 8689 8707 8709 8716 8747 8751 8754 8781 8793 8814 8821 8831 8833 8857 8869 8892 8897 8909 8921 8927 8931 8939 8941 8944 8960 8968 8987 9008 9047 9058 9068 9100 9113 9120 9127 9147 9149 9161 9172 9173 9182 9184 9193 9202 9203 9208 9212 9224 9247 9250 9252 9276 9287 9291 9301 9303 9307 9309 9310 9355 9362 9374 9387 9389 9402 9412 9416 9418 9420 9425 9426 9431 9441 9445 9446 9449 9461 9467 9478 9479 9480 9482 9484 9485 9489 9490 9499 9500 9505 9522 9538 9544
8 12 80 149 165 243 406 410 427 602 706 951 1105 1125 1190 1208 1338 1383 1797 1885 2262 2413 2479 2485 2510 2512 2636 2641 2655 2715 2738 2818 2870 2923 2960 3056 3191 3198 3315 3406 3414 3426 3439 3525 3532 3533 3611 3740 3828 3982 4004 4060 4061 4077 4221 4228 4269 4338 4445 4526 4537 4555 4572 4609 4671 4766 4804 4866 4939 5056 5119 5180 5214 5354 5413 5454 5469 5513 5532 5539 5558 5570 5709 5864 5906 5962 5980 5988 6049 6103 6115 6130 6133 6134 6136 6233 6346 6353 6367 6373 6407 6447 6497 6525 6571 6645 6651 6672 6674 6725 6726 6729 6739 6764 6797 6885 6919 6922 6947 7049 7065 7066 7072 7073 7088 7121 7126 7132 7167 7259 7260 7301 7319 7396 7403 7412 7439 7445 7479 7521 7527 7574 7591 7620 7623 7633 7687 7708 7751 7777 7803 7831 7832 7838 7842 7887 7917 7952 7985 7994 7999 8011 8015 8035 8084 8085 8094 8097 8107 8206 8241 8244 8247 8261 8265 8305 8314 8366 8375 8393 8396 8417 8453 8475 8495 8504 8505 8512 8515 8526 8541 8551 8559 8604 8612 8639 8655 8663 8666 8687 8713 8716 8724 8738 8751 8761 8763 8799 8809 8819 8824 8863 8865 8880 8901 8906 8927 8928 8930 8938 8943 8960 8963 8986 8994 9007 9038 9040 9044 9047 9062 9063 9070 9093 9113 9118 9123 9142 9146 9157 9162 9165 9169 9180 9181 9183 9192 9197 9206 9207 9211 9212 9218 9219 9237 9238 9241 9244 9248 9249 9264 9286 9289 9295 9297 9303 9305 9307 9320 9347 9350 9375 9385 9391 9397 9408 9409 9411 9413 9424 9429 9430 9437 9438 9446 9448 9462 9473 9478 9484 9485 9487 9489 9495 9496 9498 9501 9513 9514 9516 9518 9521 9527 9528 9534 9541
44 62 155 208 268 322 330 356 367 407 427 452 543 748 829 1099 1120 1134 1149 1166 1247 1288 1364 1379 1388 1403 1873 2189 2190 2329 2476 2478 2555 2568 2598 2786 2828 2881 2918 2954 3047 3080 3191 3257 3352 3405 3512 3516 3721 3782 3898 3977 3991 4028 4067 4179 4203 4226 4231 4269 4432 4434 4466 4512 4549 4570 4617 4765 4766 4793 5011 5025 5100 5147 5207 5212 5333 5371 5393 5428 5455 5518 5545 5564 5630 5650 5702 5793 5885 5901 5914 5929 5956 6045 6054 6058 6117 6134 6174 6181 6264 6338 6357 6364 6399 6407 6438 6501 6553 6564 6602 6603 6641 6648 6660 6669 6708 6728 6745 6759 6794 6798 6816 6836 6897 6906 6909 7027 7045 7049 7061 7117 7165 7247 7254 7294 7312 7348 7370 7390 7400 7411 7435 7503 7504 7509 7527 7538 7553 7574 7599 7604 7622 7676 7708 7740 7759 7790 7811 7813 7860 7879 7899 7910 7914 7916 7926 7937 7981 8008 8014 8072 8107 8199 8206 8239 8243 8245 8260 8291 8293 8308 8310 8368 8369 8370 8375 8379 8385 8391 8413 8435 8446 8490 8495 8502 8505 8515 8548 8551 8562 8571 8603 8629 8638 8667 8711 8720 8732 8735 8751 8776 8804 8853 8870 8894 8907 8927 8934 8935 8953 8972 8979 8992 8999 9002 9007 9030 9032 9058 9064 9081 9091 9093 9112 9113 9141 9146 9155 9164 9165 9172 9176 9179 9192 9203 9206 9208 9214 9218 9219 9223 9244 9248 9259 9264 9280 9282 9291 9295 9299 9302 9303 9342 9345 9350 9377 9387 9393 9405 9409 9417 9423 9427 9430 9431 9436 9437 9442 9445 9446 9448 9449 9472 9475 9478 9482 9487 9494 9495 9508 9512 9513 9518 9519 9529 9531 9540
39 155 161 261 306 350 360 401 469 658 728 756 820 822 1032 1074 1103 1143 1317 1352 1379 1542 1594 2044 2151 2313 2466 2527 2549 2685 2718 2783 2894 2908 2926 2947 2987 3102 3125 3130 3135 3139 3166 3236 3507 3516 3687 3718 3740 3772 3865 3873 3940 3986 4031 4066 4171 4221 4408 4449 4466 4488 4548 4563 4588 4678 4751 4764 4772 4793 4854 4960 5015 5076 5164 5191 5200 5297 5331 5339 5396 5437 5459 5465 5614 5664 5736 5783 5877 5881 5937 5940 6038 6048 6086 6105 6122 6139 6243 6246 6326 6356 6404 6532 6581 6640 6641 6652 6657 6664 6665 6706 6713 6745 6747 6756 6779 6821 6874 6898 6934 7008 7025 7031 7044 7060 7077 7095 7130 7134 7236 7238 7239 7247 7272 7321 7327 7363 7379 7402 7423 7426 7462 7480 7490 7506 7509 7562 7593 7603 7623 7651 7734 7739 7743 7754 7778 7786 7813 7877 7893 7897 7906 7909 7977 7987 8016 8060 8063 8072 8074 8090 8097 8102 8168 8171 8177 8190 8195 8201 8226 8228 8237 8238 8273 8276 8286 8288 8339 8353 8366 8375 8381 8388 8409 8416 8423 8436 8459 8464 8485 8495 8507 8513 8524 8528 8549 8566 8569 8570 8572 8586 8602 8618 8626 8633 8637 8647 8690 8715 8729 8732 8740 8742 8760 8762 8785 8795 8801 8804 8848 8852 8865 8866 8868 8874 8908 8926 8931 8952 8953 8981 8995 9007 9031 9048 9058 9061 9067 9070 9083 9085 9090 9106 9111 9119 9136 9155 9163 9170 9173 9175 9183 9185 9188 9189 9199 9202 9208 9209 9210 9215 9217 9230 9247 9248 9251 9259 9267 9274 9278 9290 9291 9292 9301 9315 9339 9342 9360 9367 9371 9384 9391 9398 9401 9405 9407 9416 9423 9426 9430 9433 9437 9441 9442 9447 9464 9472 9474 9475 9485 9487 9491 9494 9501 9505 9510 9517 9518 9520 9531 9537
15 72 158 195 271 277 309 465 607 794 1029 1046 1057 1305 1354 1831 1961 2150 2255 2396 2418 2426 2439 2667 2706 2732 2845 2930 2944 3103 3127 3142 3299 3466 3710 3830 3929 3965 3992 4016 4017 4185 4348 4353 4359 4378 4429 4534 4579 4667 4674 4736 4787 4821 4906 4982 5057 5123 5134 5155 5183 5250 5293 5317 5366 5383 5535 5579 5599 5659 5812 5834 5837 5841 5853 5854 5866 5928 5994 6021 6045 6047 6077 6096 6173 6225 6278 6284 6339 6347 6531 6564 6599 6619 6631 6639 6653 6664 6681 6746 6761 6810 6811 6835 6886 6914 6938 6963 6999 7008 7022 7052 7077 7084 7227 7229 7231 7302 7351 7371 7375 7418 7424 7432 7483 7490 7502 7553 7601 7628 7728 7770 7775 7799 7864 7879 7894 7903 7918 7947 7949 7969 7971 8014 8021 8050 8062 8065 8073 8094 8102 8168 8170 8179 8180 8199 8219 8233 8243 8257 8267 8268 8288 8335 8352 8359 8362 8372 8375 8378 8379 8392 8393 8421 8437 8447 8469 8471 8476 8487 8504 8518 8523 8560 8561 8570 8574 8583 8599 8626 8629 8634 8646 8649 8661 8665 8715 8722 8737 8740 8751 8786 8839 8845 8847 8857 8902 8917 8925 8926 8935 8951 8954 8981 8994 9027 9029 9052 9055 9057 9064 9079 9100 9111 9112 9118 9140 9155 9157 9169 9171 9177 9186 9191 9197 9198 9204 9209 9217 9240 9244 9247 9255 9268 9289 9295 9300 9307 9333 9334 9339 9361 9378 9380 9391 9396 9400 9404 9415 9416 9417 9418 9419 9422 9424 9426 9430 9431 9434 9437 9439 9440 9441 9444 9464 9465 9469 9471 9473 9474 9475 9477 9482 9483 9487 9491 9500 9503 9517 9518 9521 9522 9528
14 35 36 43 60 87 132 193 205 260 295 299 409 423 463 493 576 720 894 1015 1025 1034 1063 1280 1283 1342 1345 1575 1689 1695 1801 2045 2126 2306 2363 2422 2573 2635 2686 2912 2929 2968 3042 3082 3121 3251 3258 3260 3336 3450 3502 3568 3572 3659 3669 3683 3754 3919 3994 4000 4168 4187 4200 4312 4329 4426 4525 4529 4577 4661 4725 4799 4829 4891 4999 5100 5110 5172 5181 5226 5276 5285 5321 5366 5402 5526 5538 5543 5605 5634 5691 5717 5803 5842 5882 5890 5966 6001 6042 6047 6061 6151 6205 6250 6319 6433 6510 6513 6535 6571 6596 6629 6630 6640 6647 6674 6706 6733 6753 6754 6757 6786 6822 6872 6930 6947 6956 6969 7007 7013 7046 7048 7056 7061 7155 7179 7217 7223 7263 7286 7343 7344 7366 7373 7391 7396 7401 7402 7477 7480 7483 7488 7550 7590 7619 7666 7693 7727 7729 7755 7760 7768 7857 7875 7893 7948 7967 7999 8030 8043 8062 8085 8095 8099 8165 8172 8174 8178 8180 8193 8194 8219 8230 8233 8249 8254 8258 8269 8314 8346 8354 8360 8373 8375 8384 8405 8412 8413 8469 8470 8488 8498 8510 8538 8553 8556 8558 8588 8591 8620 8622 8629 8636 8638 8643 8659 8705 8721 8736 8776 8821 8827 8837 8843 8844 8862 8909 8914 8915 8922 8930 8933 8971 8973 9019 9021 9024 9032 9052 9069 9073 9087 9111 9130 9134 9138 9140 9152 9154 9166 9168 9173 9176 9177 9186 9189 9194 9195 9198 9200 9224 9228 9232 9240 9250 9268 9283 9287 9288 9293 9294 9297 9331 9343 9355 9371 9382 9384 9387 9393 9412 9415 9417 9418 9420 9430 9431 9432 9441 9456 9465 9467 9471 9474 9480 9487 9495 9500 9508 9516 9522 9523
29 30 131 242 435 712 780 804 883 952 962 1005 1021 1054 1139 1152 1269 1701 1707 1817 2024 2116 2122 2183 2250 2262 2357 2368 2383 2393 2401 2658 2731 2913 2953 3071 3099 3169 3307 3425 3443 3619 3679 3746 3876 3894 3904 3905 3955 3979 4180 4183 4241 4253 4309 4371 4410 4419 4490 4522 4588 4624 4700 4790 4899 4967 4969 5007 5044 5076 5145 5166 5221 5275 5301 5309 5316 5438 5518 5560 5632 5716 5750 5803 5806 5842 5988 6028 6036 6042 6136 6167 6187 6235 6269 6385 6402 6432 6481 6503 6505 6509 6527 6581 6627 6638 6670 6729 6732 6737 6782 6786 6810 6821 6874 6946 6970 6999 7004 7013 7024 7034 7044 7068 7207 7220 7243 7283 7294 7339 7347 7350 7352 7365 7373 7439 7482 7487 7491 7525 7548 7589 7592 7631 7642 7658 7693 7719 7742 7752 7763 7826 7872 7881 7892 7894 7926 7936 7965 7995 8023 8059 8060 8080 8082 8084 8159 8164 8173 8178 8184 8211 8227 8237 8238 8244 8251 8326 8349 8353 8366 8373 8409 8447 8467 8469 8470 8476 8502 8503 8509 8514 8537 8567 8576 8589 8604 8625 8626 8629 8652 8684 8714 8718 8730 8733 8770 8784 8804 8813 8815 8838 8839 8842 8857 8883 8889 8890 8904 8907 8908 8917 8921 8924 8926 8929 8951 8970 8972 9015 9025 9027 9041 9047 9050 9065 9068 9069 9074 9107 9119 9132 9134 9136 9140 9142 9154 9166 9168 9174 9180 9196 9200 9213 9226 9229 9242 9255 9256 9258 9283 9288 9292 9297 9328 9331 9342 9344 9371 9375 9380 9386 9401 9407 9413 9416 9420 9425 9429 9430 9436 9443 9448 9453 9465 9468 9474 9477 9487 9494 9496 9499 9505 9507 9511 9512 9514 9516
199 203 218 235 346 615 657 823 949 991 1088 1126 1252 1266 1584 1669 1722 1800 1924 1959 2079 2109 2226 2229 2352 2389 2624 2631 2720 2787 2828 2943 3020 3062 3078 3135 3267 3326 3338 3379 3382 3390 3405 3590 3609 3718 3869 3875 3885 3911 4009 4244 4288 4371 4477 4665 4700 4760 4796 4803 4892 4893 5035 5046 5119 5161 5162 5240 5257 5296 5301 5374 5418 5520 5528 5572 5778 5789 5791 5799 5821 5824 5889 5910 5945 5949 5997 6042 6117 6153 6166 6174 6186 6228 6335 6425 6448 6471 6479 6485 6492 6495 6517 6538 6574 6585 6622 6632 6646 6668 6691 6709 6717 6766 6817 6843 6864 6938 6980 6992 7010 7033 7136 7175 7199 7280 7295 7329 7341 7347 7373 7424 7430 7448 7473 7477 7588 7620 7638 7642 7671 7714 7717 7724 7736 7776 7796 7821 7860 7875 7887 7892 7913 7935 7942 7952 7957 7994 8002 8030 8067 8074 8157 8159 8169 8173 8175 8184 8202 8211 8223 8238 8250 8322 8334 8353 8362 8372 8382 8388 8403 8436 8443 8456 8466 8470 8471 8537 8575 8594 8598 8607 8618 8622 8627 8638 8671 8706 8726 8729 8760 8771 8798 8804 8814 8821 8825 8827 8867 8889 8904 8917 8925 8950 8967 8969 9005 9006 9014 9015 9060 9062 9068 9074 9087 9106 9109 9114 9128 9130 9131 9143 9147 9153 9157 9167 9175 9180 9186 9191 9194 9200 9214 9217 9221 9235 9241 9246 9247 9268 9277 9282 9284 9287 9288 9290 9295 9311 9325 9328 9370 9376 9379 9386 9401 9407 9411 9412 9413 9416 9421 9423 9428 9429 9433 9440 9442 9447 9461 9463 9465 9468 9477 9482 9486 9492 9504 9512 9516
215 491 615 847 867 943 976 984 1071 1218 1220 1264 1310 1710 1799 1861 1979 2016 2064 2068 2323 2368 2383 2569 2684 2772 2883 2938 3024 3040 3061 3129 3205 3249 3348 3400 3429 3500 3506 3551 3567 3596 3674 3859 4070 4175 4221 4241 4260 4281 4353 4441 4450 4451 4471 4473 4492 4583 4586 4604 4700 4721 4744 4783 4880 4894 5004 5052 5115 5152 5172 5179 5185 5239 5258 5277 5363 5405 5473 5490 5501 5535 5592 5678 5720 5752 5772 5793 5794 5799 5823 5827 5880 5902 5910 5932 5965 6035 6039 6046 6049 6073 6161 6162 6177 6236 6316 6393 6454 6466 6493 6545 6584 6612 6632 6651 6665 6682 6695 6714 6787 6914 6926 6933 6948 6949 6967 6994 6997 7003 7038 7163 7189 7191 7192 7198 7207 7246 7271 7326 7338 7346 7354 7362 7380 7397 7442 7450 7456 7457 7464 7470 7488 7535 7580 7620 7622 7623 7636 7683 7709 7719 7721 7773 7845 7851 7858 7866 7873 7889 7912 7935 7937 7956 7984 7987 8028 8067 8130 8144 8148 8154 8170 8178 8184 8190 8205 8218 8221 8246 8250 8275 8322 8327 8334 8353 8372 8385 8406 8411 8442 8448 8458 8465 8477 8517 8536 8572 8576 8598 8599 8613 8626 8630 8651 8653 8698 8704 8713 8721 8783 8798 8800 8809 8813 8821 8836 8838 8884 8894 8900 8904 8910 8917 8921 8922 8929 8976 8993 8999 9001 9006 9010 9039 9050 9052 9057 9059 9066 9085 9094 9105 9107 9126 9128 9129 9130 9152 9153 9157 9160 9165 9167 9168 9175 9177 9178 9189 9212 9215 9225 9226 9240 9274 9279 9282 9287 9290 9322 9325 9328 9370 9373 9374 9384 9395 9399 9409 9411 9418 9420 9434 9435 9444 9446 9463 9464 9468 9469 9470 9483 9485 9488 9490 9504
79 126 167 178 396 594 600 735 755 911 965 1071 1182 1189 1473 1669 1725 1803 1817 1899 1915 1961 1975 2001 2109 2124 2294 2315 2322 2378 2543 2661 2737 2747 2788 2868 2879 2992 3038 3106 3160 3324 3344 3347 3348 3358 3416 3435 3438 3547 3607 3652 3765 3829 3850 3898 4123 4191 4214 4249 4260 4333 4362 4427 4437 4483 4568 4585 4688 4700 4739 4771 4874 4887 5021 5101 5129 5148 5166 5204 5239 5245 5305 5388 5459 5462 5479 5516 5556 5613 5770 5792 5797 5811 5874 5900 5965 5973 5977 6010 6012 6018 6103 6134 6136 6146 6161 6167 6175 6281 6380 6386 6387 6407 6411 6449 6457 6461 6508 6592 6594 6602 6613 6619 6625 6634 6642 6657 6665 6691 6708 6713 6731 6891 6923 6962 6968 6991 7010 7030 7086 7115 7137 7171 7188 7229 7270 7312 7315 7342 7367 7390 7394 7416 7468 7531 7556 7576 7594 7662 7671 7683 7718 7720 7743 7808 7840 7847 7848 7858 7904 7916 7924 7932 7965 7984 8036 8055 8093 8147 8148 8153 8183 8184 8201 8213 8218 8247 8269 8313 8319 8321 8334 8346 8348 8363 8400 8432 8446 8457 8462 8465 8510 8525 8533 8555 8569 8582 8583 8595 8625 8626 8684 8686 8693 8702 8704 8712 8717 8727 8738 8786 8808 8809 8810 8833 8834 8875 8893 8902 8904 8909 8916 8921 8934 8995 9006 9018 9039 9044 9056 9059 9060 9082 9105 9106 9120 9128 9133 9152 9158 9159 9160 9161 9167 9171 9187 9205 9209 9223 9224 9241 9243 9248 9250 9266 9268 9276 9278 9283 9288 9314 9318 9328 9335 9363 9369 9373 9377 9405 9408 9409 9410 9418 9419 9420 9427 9434 9445 9460 9462 9464 9466 9467 9470 9476 9481 9482 9497 9502 9503 9504
146 156 158 199 271 589 594 595 668 728 865 870 1067 1069 1082 1101 1128 1481 1624 1644 1684 1719 1739 1780 1879 1963 2146 2208 2269 2297 2436 2495 2507 2572 2629 2664 2705 2720 2831 2872 2891 3018 3028 3038 3048 3306 3309 3339 3348 3420 3530 3551 3628 3632 3644 3828 3843 4057 4081 4161 4186 4211 4218 4299 4317 4384 4406 4515 4546 4562 4639 4650 4747 4803 4894 4902 4992 5074 5099 5106 5116 5119 5135 5139 5164 5203 5232 5385 5433 5573 5598 5611 5614 5647 5694 5722 5732 5741 5758 5793 5850 5914 5942 5950 5953 5964 6038 6052 6068 6114 6271 6380 6384 6423 6470 6486 6493 6560 6573 6575 6584 6587 6614 6618 6647 6683 6687 6710 6729 6884 6885 6888 6921 6954 6989 7011 7072 7090 7128 7188 7247 7279 7292 7301 7341 7349 7358 7389 7401 7466 7492 7591 7593 7651 7693 7699 7712 7728 7730 7761 7787 7794 7798 7804 7832 7858 7915 7922 7929 7965 7982 7987 8001 8022 8025 8099 8120 8130 8133 8142 8144 8146 8147 8152 8184 8195 8205 8207 8208 8226 8229 8238 8265 8274 8276 8303 8312 8332 8343 8347 8353 8356 8358 8372 8381 8444 8453 8457 8460 8508 8531 8548 8554 8561 8571 8623 8624 8644 8678 8688 8703 8713 8769 8777 8803 8810 8828 8830 8841 8893 8900 8901 8904 8905 8926 8994 8997 9020 9026 9056 9077 9097 9103 9106 9107 9111 9114 9123 9124 9130 9147 9151 9171 9181 9203 9216 9217 9221 9223 9226 9230 9241 9258 9268 9272 9274 9305 9314 9315 9350 9361 9364 9366 9371 9373 9396 9398 9404 9405 9408 9409 9415 9416 9418 9427 9437 9457 9459 9460 9461 9466 9469 9473 9477 9480 9494 9499 9502 9503
129 173 421 426 581 635 675 724 852 890 987 1044 1078 1386 1403 1414 1461 1666 1699 1768 1871 1879 1931 1944 2045 2149 2263 2271 2410 2531 2560 2623 2655 2672 2684 2692 2757 2817 2852 2905 2998 3269 3272 3281 3297 3302 3304 3408 3434 3525 3559 3578 3668 3792 3801 3822 3827 3834 4074 4164 4188 4196 4278 4291 4394 4475 4548 4630 4647 4780 4824 5071 5098 5103 5109 5130 5164 5172 5227 5331 5346 5407 5498 5511 5586 5637 5642 5728 5746 5768 5773 5790 5794 5807 5827 5867 5872 5935 5958 5977 6005 6009 6044 6055 6114 6135 6174 6244 6340 6353 6412 6419 6436 6440 6450 6480 6519 6520 6536 6551 6553 6561 6572 6575 6582 6586 6599 6611 6624 6648 6660 6841 6859 6875 6887 6932 6954 6973 6989 7005 7028 7079 7108 7128 7153 7163 7186 7194 7221 7234 7247 7290 7295 7299 7320 7330 7339 7377 7383 7430 7455 7460 7514 7577 7580 7597 7619 7653 7660 7697 7699 7725 7729 7730 7735 7781 7840 7852 7875 7879 7880 7919 7923 7941 7958 7976 7991 8104 8107 8111 8132 8136 8152 8178 8181 8184 8195 8196 8206 8221 8249 8265 8267 8270 8290 8310 8328 8329 8334 8335 8336 8340 8379 8408 8440 8443 8452 8465 8506 8520 8534 8543 8549 8551 8554 8621 8640 8661 8673 8684 8687 8713 8753 8796 8802 8885 8898 8899 8900 8901 8925 8963 8982 8983 8992 9018 9024 9054 9094 9102 9103 9113 9121 9144 9145 9147 9149 9157 9160 9167 9171 9179 9181 9190 9194 9196 9209 9213 9216 9220 9224 9236 9250 9252 9267 9271 9308 9314 9320 9350 9359 9362 9364 9370 9397 9404 9415 9417 9424 9436 9459 9460 9463 9465 9467 9471 9472 9476 9489 9498 9500 9501
128 249 349 581 654 819 857 860 886 915 927 954 1020 1033 1057 1064 1280 1607 1725 1817 1848 1929 1966 2013 2099 2218 2243 2361 2386 2545 2625 2664 2734 2767 2773 2814 2834 2972 2988 3153 3245 3249 3263 3380 3475 3573 3666 3747 3753 3814 4010 4061 4067 4108 4117 4184 4243 4257 4260 4392 4466 4489 4504 4606 4773 4787 4796 4948 4996 5011 5050 5074 5126 5156 5179 5199 5326 5377 5416 5446 5537 5555 5589 5637 5642 5693 5727 5761 5767 5788 5842 5892 5927 5928 5977 5980 5992 6044 6058 6169 6173 6190 6226 6229 6264 6298 6329 6335 6345 6387 6424 6435 6436 6450 6466 6478 6487 6496 6534 6555 6565 6572 6578 6581 6583 6609 6618 6652 6671 6830 6841 6844 6871 6897 6930 6966 6988 6992 7044 7079 7101 7131 7160 7183 7208 7212 7246 7256 7280 7287 7315 7335 7349 7371 7379 7397 7401 7418 7422 7460 7481 7554 7561 7565 7574 7611 7613 7656 7668 7672 7717 7746 7772 7783 7804 7840 7871 7876 7880 7889 7914 7931 7956 8036 8063 8069 8095 8102 8134 8149 8152 8185 8190 8191 8193 8211 8238 8259 8290 8291 8294 8300 8308 8313 8320 8336 8339 8360 8378 8396 8400 8432 8441 8449 8464 8478 8484 8488 8531 8542 8547 8548 8549 8607 8608 8614 8616 8624 8658 8661 8673 8694 8712 8781 8787 8796 8826 8865 8894 8898 8910 8913 8941 8943 8964 8973 8976 8987 9001 9003 9004 9042 9053 9064 9082 9094 9102 9113 9116 9141 9143 9144 9149 9153 9159 9165 9178 9190 9211 9218 9235 9247 9248 9256 9259 9267 9272 9294 9301 9307 9314 9334 9350 9354 9358 9361 9363 9366 9368 9394 9395 9398 9402 9404 9414 9416 9418 9419 9421 9450 9451 9454 9458 9460 9464 9466 9471 9476 9479 9495 9498 9500 9501
2 83 191 220 255 264 510 571 576 718 777 804 827 853 862 999 1089 1208 1212 1301 1491 1589 1636 1677 1794 1823 1964 2003 2049 2059 2173 2199 2235 2300 2303 2323 2368 2420 2571 2643 2665 2717 2801 2813 2831 2861 2928 2950 2976 3117 3233 3240 3244 3247 3255 3295 3436 3447 3514 3662 3663 3721 3758 3924 3956 3986 4091 4097 4142 4243 4272 4373 4374 4376 4384 4424 4434 4465 4515 4565 4626 4646 4714 4760 4769 4972 4975 5041 5068 5086 5114 5122 5143 5169 5177 5191 5263 5319 5332 5482 5500 5545 5573 5590 5622 5691 5763 5782 5832 5842 5909 5910 5956 5959 6160 6208 6242 6299 6315 6333 6414 6422 6434 6489 6511 6513 6521 6530 6539 6566 6577 6590 6612 6763 6778 6804 6837 6854 6866 6876 6877 6890 6920 6940 6954 6956 6978 6979 7035 7036 7045 7062 7098 7117 7162 7166 7178 7181 7183 7195 7204 7237 7260 7270 7273 7321 7336 7349 7361 7369 7377 7393 7400 7413 7456 7505 7534 7537 7551 7575 7576 7656 7689 7695 7714 7743 7752 7793 7829 7873 7907 7914 7949 8034 8076 8085 8088 8100 8131 8144 8164 8166 8184 8190 8242 8273 8274 8275 8280 8286 8291 8313 8329 8337 8365 8379 8404 8430 8434 8446 8465 8480 8507 8526 8530 8534 8535 8575 8591 8602 8629 8632 8648 8659 8669 8673 8693 8703 8720 8759 8785 8793 8839 8844 8894 8898 8904 8958 8962 8975 8979 8982 8992 8994 9041 9052 9054 9055 9056 9069 9081 9086 9091 9101 9105 9123 9130 9136 9141 9143 9146 9147 9159 9165 9168 9171 9188 9210 9212 9214 9215 9223 9247 9252 9254 9255 9257 9265 9278 9293 9303 9306 9308 9325 9345 9349 9350 9360 9366 9367 9378 9388 9397 9401 9402 9403 9409 9410 9412 9414 9427 9440 9447 9452 9455 9457 9460 9461 9463 9464 9475 9479 9482 9489 9495 9496
131 244 260 442 496 531 544 708 785 801 812 830 911 993 1034 1076 1336 1342 1343 1489 1492 1660 1768 1959 2042 2103 2156 2188 2287 2305 2421 2563 2564 2638 2687 2763 2781 2792 2802 2944 3230 3235 3339 3415 3459 3583 3607 3712 3718 3788 3842 3932 3948 3958 4013 4077 4082 4141 4193 4247 4254 4275 4315 4333 4351 4385 4420 4459 4471 4500 4568 4569 4755 4759 4958 4974 5014 5024 5029 5052 5104 5138 5175 5176 5259 5278 5406 5477 5483 5534 5562 5573 5660 5680 5692 5751 5766 5770 5831 5903 5951 5954 5978 6047 6157 6160 6163 6172 6208 6220 6247 6306 6321 6387 6413 6489 6492 6503 6511 6522 6531 6538 6561 6583 6596 6724 6727 6762 6817 6837 6855 6862 6897 6904 6912 6959 6965 6975 7014 7023 7026 7072 7083 7126 7155 7163 7166 7174 7236 7244 7262 7271 7318 7360 7362 7446 7453 7462 7505 7513 7543 7575 7589 7612 7645 7680 7694 7698 7716 7743 7817 7829 7858 7899 7926 8013 8032 8058 8085 8089 8092 8115 8120 8127 8141 8143 8165 8170 8172 8178 8180 8188 8198 8226 8237 8259 8260 8286 8313 8317 8328 8362 8384 8425 8434 8443 8448 8469 8475 8495 8521 8532 8585 8600 8626 8638 8648 8651 8657 8659 8677 8690 8744 8770 8785 8790 8811 8831 8857 8888 8893 8919 8941 8942 8946 8971 8979 8982 8992 9008 9013 9032 9052 9053 9076 9089 9099 9103 9120 9122 9126 9137 9139 9140 9146 9149 9152 9154 9187 9204 9210 9211 9217 9232 9242 9246 9252 9262 9264 9277 9288 9304 9314 9330 9340 9349 9350 9353 9355 9358 9366 9376 9395 9396 9402 9403 9404 9413 9432 9436 9446 9452 9455 9457 9460 9470 9476 9477 9484
47 87 197 237 485 523 626 672 776 977 987 1211 1224 1388 1441 1532 1621 1649 1663 1885 1973 2022 2032 2055 2059 2241 2268 2277 2414 2651 2747 2771 2938 3119 3179 3207 3348 3363 3409 3494 3564 3601 3681 3712 3722 3829 3893 3944 3995 4089 4122 4174 4220 4239 4244 4320 4349 4419 4469 4488 4557 4739 4753 4944 4991 5004 5013 5019 5053 5113 5129 5138 5168 5216 5245 5336 5422 5448 5474 5532 5556 5564 5653 5661 5670 5726 5729 5812 5859 5867 5907 5989 6137 6150 6184 6196 6249 6301 6385 6392 6400 6439 6469 6493 6511 6514 6539 6588 6721 6750 6801 6808 6836 6851 6852 6853 6936 6967 7020 7041 7074 7125 7154 7226 7267 7281 7303 7313 7318 7352 7387 7445 7461 7490 7495 7511 7527 7547 7562 7585 7592 7603 7657 7670 7674 7683 7734 7772 7799 7828 7837 7857 7883 7894 7905 7914 7915 7925 7995 8034 8041 8052 8062 8081 8085 8113 8118 8124 8131 8138 8146 8151 8152 8153 8155 8162 8168 8171 8179 8197 8226 8234 8239 8254 8277 8284 8307 8309 8310 8322 8324 8365 8395 8396 8398 8440 8445 8457 8472 8502 8513 8525 8585 8599 8607 8633 8636 8644 8655 8679 8722 8772 8796 8807 8820 8828 8834 8835 8875 8888 8889 8891 8903 8929 8967 8968 8977 9002 9010 9016 9044 9053 9071 9076 9087 9090 9112 9126 9137 9139 9140 9142 9152 9192 9198 9211 9216 9223 9233 9242 9247 9252 9255 9257 9259 9260 9271 9294 9304 9309 9319 9330 9331 9333 9338 9348 9354 9355 9364 9374 9378 9387 9392 9401 9403 9446 9452 9453 9456 9459 9462 9468
68 133 187 470 475 478 516 677 710 753 928 966 971 1059 1224 1360 1508 1514 1583 1588 1786 1866 1901 1978 2035 2210 2227 2257 2274 2338 2386 2397 2464 2601 2624 2713 2731 2768 2772 2922 3116 3129 3194 3207 3317 3418 3520 3680 3843 3890 3917 3965 3987 4040 4117 4157 4234 4272 4313 4326 4338 4358 4416 4485 4522 4553 4726 4731 4770 4796 4936 4957 5013 5015 5017 5070 5081 5105 5107 5159 5178 5225 5397 5405 5532 5648 5653 5657 5698 5725 5792 5802 5809 5825 5847 6083 6101 6102 6109 6119 6290 6292 6367 6369 6381 6421 6427 6453 6482 6492 6508 6526 6533 6556 6579 6584 6702 6713 6731 6738 6790 6794 6829 6851 6916 6939 6946 6974 7017 7058 7070 7110 7132 7146 7148 7209 7212 7220 7221 7253 7283 7325 7326 7327 7342 7409 7435 7443 7463 7522 7542 7566 7591 7623 7664 7727 7788 7824 7837 7846 7852 7864 7894 7927 7992 7995 8010 8036 8037 8107 8124 8135 8150 8154 8157 8170 8177 8223 8243 8248 8255 8276 8283 8285 8298 8300 8316 8320 8324 8331 8344 8384 8390 8422 8439 8449 8466 8468 8502 8525 8560 8585 8595 8596 8628 8633 8638 8643 8645 8646 8650 8667 8685 8712 8734 8736 8768 8770 8780 8812 8818 8824 8839 8871 8873 8875 8884 8885 8888 8890 8924 8963 8967 8975 8977 8987 9037 9053 9066 9076 9086 9089 9111 9121 9136 9192 9195 9198 9223 9231 9234 9240 9251 9257 9275 9278 9292 9293 9296 9316 9325 9329 9340 9348 9352 9355 9357 9363 9368 9374 9385 9398 9400 9425 9428 9438 9446 9450 9451 9452 9456 9459 9460 9464
33 54 88 232 302 405 416 421 424 458 631 632 671 687 893 920 922 928 994 1278 1319 1438 1491 1553 1558 1563 1567 1673 1775 1861 1897 1997 2012 2103 2206 2235 2260 2269 2599 2668 2669 2727 2731 2732 2838 2909 2927 3003 3060 3102 3113 3144 3192 3326 3336 3499 3519 3549 3598 3635 3663 3821 3907 3929 3957 4086 4232 4239 4284 4399 4452 4503 4573 4684 4688 4716 4717 4886 4935 4998 5002 5029 5042 5085 5152 5158 5202 5379 5412 5464 5504 5632 5640 5642 5652 5668 5692 5785 5788 5802 5809 5821 5834 5865 5966 6023 6093 6148 6276 6297 6341 6355 6356 6382 6407 6414 6432 6443 6480 6483 6494 6512 6525 6608 6646 6691 6721 6731 6744 6770 6789 6827 6833 6900 6916 6935 6942 6952 6961 6976 7024 7046 7107 7121 7128 7140 7161 7211 7216 7226 7282 7324 7326 7337 7427 7460 7485 7529 7536 7538 7555 7619 7658 7661 7780 7785 7815 7816 7817 7821 7833 7845 7867 7933 7986 8018 8022 8034 8105 8121 8125 8132 8135 8137 8144 8148 8151 8155 8168 8189 8218 8221 8230 8263 8264 8270 8274 8281 8303 8304 8309 8313 8321 8363 8382 8407 8429 8432 8456 8458 8465 8488 8493 8513 8518 8541 8542 8591 8625 8634 8635 8642 8644 8656 8666 8697 8734 8760 8765 8766 8791 8806 8810 8818 8824 8837 8864 8872 8875 8883 8885 8914 8939 8947 8960 8974 8975 8977 8987 9008 9032 9051 9065 9074 9075 9082 9089 9097 9114 9116 9118 9133 9135 9145 9195 9198 9199 9222 9230 9232 9238 9244 9250 9254 9256 9268 9270 9273 9281 9283 9312 9315 9320 9323 9329 9331 9347 9352 9356 9363 9370 9377 9385 9396 9397 9398 9413 9416 9441 9443 9450 9451 9453 9457 9459
26 134 302 394 423 582 600 603 686 798 815 909 914 1147 1172 1272 1289 1329 1393 1428 1538 1624 1727 1730 1823 1884 1970 2181 2187 2212 2239 2263 2457 2566 2596 2613 2625 2669 2709 2846 3001 3097 3123 3177 3191 3324 3397 3431 3468 3583 3596 3710 3809 3850 3855 3931 3952 4041 4078 4134 4186 4187 4261 4262 4271 4347 4422 4435 4636 4645 4649 4651 4661 4814 4855 4915 4953 4957 4972 4986 4994 5002 5036 5040 5096 5118 5218 5279 5330 5359 5388 5428 5443 5573 5611 5613 5622 5635 5665 5694 5753 5788 5805 5965 5976 6013 6033 6059 6234 6247 6253 6255 6259 6321 6323 6378 6396 6420 6468 6480 6487 6508 6521 6641 6671 6707 6728 6731 6766 6801 6813 6888 6891 6927 6948 7018 7088 7101 7105 7133 7142 7148 7190 7205 7211 7221 7258 7262 7287 7312 7357 7367 7390 7459 7465 7481 7529 7544 7552 7554 7598 7608 7632 7644 7647 7698 7757 7770 7773 7774 7790 7803 7811 7813 7816 7830 7841 7898 7946 7949 7963 7986 7991 7999 8007 8028 8091 8102 8116 8135 8141 8152 8156 8170 8203 8218 8226 8233 8254 8264 8272 8277 8294 8303 8308 8317 8350 8353 8358 8404 8413 8431 8446 8448 8465 8483 8486 8504 8531 8540 8560 8569 8570 8581 8608 8620 8623 8633 8641 8644 8655 8659 8676 8745 8755 8757 8763 8781 8811 8815 8823 8851 8854 8862 8868 8877 8882 8883 8911 8912 8935 8967 8974 8999 9032 9036 9046 9055 9058 9063 9086 9097 9110 9123 9127 9129 9130 9131 9134 9135 9164 9170 9181 9188 9193 9194 9197 9211 9222 9228 9236 9239 9253 9264 9273 9309 9311 9314 9320 9329 9346 9347 9351 9356 9362 9370 9376 9383 9384 9396 9398 9403 9405 9409 9435 9441 9443 9446 9447 9449 9450 9459
206 240 385 393 470 549 554 572 595 646 649 783 835 1155 1183 1228 1279 1309 1342 1447 1617 1654 1657 1730 1820 1915 1976 2050 2171 2176 2202 2217 2321 2511 2536 2599 2600 2605 2632 2639 2700 2963 2982 3048 3053 3074 3184 3247 3303 3312 3325 3424 3430 3513 3525 3692 3750 3771 3789 3836 3850 3876 3968 4038 4039 4063 4077 4134 4140 4235 4310 4394 4415 4479 4568 4627 4637 4680 4802 4829 4888 4901 4947 4968 5027 5030 5059 5076 5180 5319 5325 5335 5338 5353 5412 5500 5525 5577 5595 5658 5664 5689 5712 5786 5801 5848 5922 5974 6028 6047 6160 6199 6222 6291 6312 6321 6367 6373 6393 6401 6403 6468 6475 6499 6573 6627 6664 6690 6691 6697 6723 6798 6809 6888 6891 6932 6941 6945 7012 7076 7094 7104 7154 7157 7178 7190 7208 7211 7244 7286 7292 7294 7299 7330 7385 7419 7438 7443 7452 7467 7504 7542 7553 7559 7563 7581 7638 7680 7728 7746 7774 7797 7803 7852 7869 7941 7969 7979 8004 8010 8039 8065 8090 8099 8106 8121 8135 8149 8206 8214 8218 8231 8244 8253 8269 8272 8281 8283 8292 8299 8352 8378 8395 8399 8427 8431 8460 8483 8503 8520 8566 8574 8609 8610 8633 8641 8642 8721 8726 8736 8749 8790 8801 8805 8825 8849 8861 8865 8876 8883 8886 8896 8900 8919 8922 8937 8954 8973 8974 8977 8996 9027 9029 9050 9056 9063 9073 9089 9093 9102 9107 9108 9111 9116 9128 9130 9132 9161 9165 9168 9180 9190 9205 9214 9221 9226 9227 9233 9250 9262 9266 9294 9300 9302 9314 9317 9326 9331 9341 9343 9346 9355 9364 9372 9373 9380 9382 9386 9391 9396 9403 9427 9433 9440 9443 9446 9449 9451 9456
173 206 316 328 378 397 425 447 591 620 680 722 737 742 776 777 993 1145 1157 1199 1282 1473 1545 1566 1708 1798 1900 1905 1950 1991 1994 2073 2077 2115 2136 2218 2405 2597 2615 2620 2652 2669 2686 2896 2969 3027 3149 3209 3231 3248 3283 3418 3510 3592 3617 3624 3739 3747 3769 3825 3862 3876 3951 3989 4012 4072 4094 4114 4121 4161 4187 4294 4308 4327 4438 4592 4634 4642 4809 4880 4929 4947 4953 4959 5089 5103 5136 5185 5218 5257 5258 5281 5321 5377 5401 5421 5444 5488 5506 5552 5593 5645 5658 5663 5764 5766 5767 5772 5901 5942 5979 6003 6015 6016 6057 6074 6146 6218 6248 6272 6286 6333 6341 6356 6390 6446 6453 6458 6468 6485 6486 6549 6554 6575 6598 6662 6682 6697 6704 6746 6765 6771 6782 6866 6887 6888 6909 6911 7035 7066 7094 7102 7148 7156 7169 7174 7182 7189 7283 7286 7380 7385 7416 7431 7442 7443 7451 7457 7519 7522 7531 7551 7561 7681 7708 7734 7748 7756 7770 7773 7775 7792 7803 7917 7918 7930 7963 7982 7999 8000 8016 8046 8048 8087 8088 8091 8102 8122 8128 8132 8135 8145 8147 8201 8206 8215 8226 8248 8251 8252 8263 8273 8283 8332 8340 8352 8361 8385 8411 8457 8463 8474 8482 8490 8492 8518 8556 8565 8576 8605 8610 8633 8653 8705 8723 8730 8749 8763 8789 8829 8857 8869 8871 8875 8876 8877 8882 8916 8923 8925 8935 8943 8950 8957 8961 8977 9001 9010 9021 9032 9033 9053 9067 9068 9083 9091 9100 9103 9124 9128 9131 9154 9161 9165 9179 9188 9192 9197 9211 9221 9224 9230 9248 9262 9279 9294 9297 9312 9314 9325 9326 9331 9342 9345 9353 9355 9366 9370 9372 9380 9381 9384 9388 9396 9403 9423 9424 9425 9434 9438 9443 9445 9446
132 171 270 289 295 297 318 355 364 373 391 494 509 616 687 761 764 838 946 1041 1167 1201 1379 1482 1489 1685 1762 1772 1785 1823 1898 1975 2014 2073 2081 2104 2115 2358 2476 2482 2512 2575 2587 2619 2774 2811 2828 2906 2907 2956 3021 3128 3191 3216 3233 3287 3388 3447 3455 3496 3565 3572 3662 3690 3762 3781 3986 3990 4010 4077 4110 4293 4338 4472 4510 4588 4616 4681 4707 4752 4762 4788 4796 4828 4864 4928 4937 4941 4949 5170 5176 5257 5304 5305 5391 5392 5444 5494 5640 5641 5653 5732 5737 5750 5767 5782 5847 5892 5928 5976 6012 6051 6144 6177 6208 6210 6246 6281 6331 6344 6361 6385 6418 6435 6439 6460 6467 6483 6506 6545 6660 6669 6672 6744 6767 6833 6884 6887 6900 6902 6911 6914 7003 7044 7050 7072 7095 7097 7131 7141 7148 7177 7183 7278 7280 7348 7379 7392 7417 7435 7440 7443 7451 7503 7527 7528 7540 7551 7669 7674 7701 7746 7756 7757 7758 7775 7777 7802 7880 7886 7905 7958 7995 8006 8086 8091 8092 8113 8115 8120 8131 8132 8143 8145 8159 8178 8200 8203 8215 8220 8227 8238 8242 8247 8259 8268 8283 8317 8330 8336 8340 8372 8391 8395 8444 8459 8482 8506 8508 8509 8517 8531 8536 8549 8551 8559 8597 8602 8604 8622 8623 8631 8648 8720 8730 8735 8738 8746 8767 8842 8844 8852 8856 8860 8864 8868 8876 8878 8881 8914 8929 8939 8948 8958 9006 9019 9024 9042 9044 9061 9067 9069 9070 9096 9102 9110 9122 9123 9126 9137 9141 9157 9163 9176 9179 9192 9198 9202 9207 9220 9221 9222 9241 9247 9254 9277 9292 9300 9302 9307 9325 9329 9332 9337 9348 9350 9351 9360 9369 9381 9383 9390 9395 9402 9409 9410 9416 9428 9429 9432 9435 9439 9443 9445
81 225 283 340 375 450 493 584 603 609 619 684 739 757 805 823 910 1030 1201 1242 1439 1466 1574 1752 1773 1864 1865 1895 1896 1958 2062 2102 2141 2272 2430 2563 2611 2622 2686 2862 2916 2919 2978 3046 3094 3142 3147 3174 3365 3370 3397 3526 3563 3582 3623 3682 3760 3877 3951 3958 4002 4061 4089 4262 4269 4274 4431 4457 4507 4721 4732 4736 4765 4768 4782 4828 4836 4868 4919 4922 4923 4938 5077 5120 5153 5199 5252 5261 5288 5313 5441 5474 5610 5611 5630 5641 5718 5737 5759 5761 5882 5934 5955 6130 6138 6166 6171 6175 6184 6200 6251 6263 6277 6327 6341 6367 6408 6428 6432 6435 6458 6460 6467 6514 6626 6648 6658 6668 6736 6803 6818 6831 6846 6853 6882 6893 6898 7039 7055 7067 7069 7092 7097 7106 7114 7130 7133 7146 7148 7150 7164 7172 7273 7282 7325 7347 7372 7395 7400 7405 7436 7439 7446 7500 7523 7527 7651 7695 7698 7734 7752 7843 7858 7894 7958 7985 7987 7994 8029 8046 8055 8078 8082 8086 8102 8106 8111 8115 8116 8183 8187 8196 8197 8201 8208 8227 8244 8248 8253 8265 8266 8302 8304 8337 8339 8340 8353 8373 8384 8394 8398 8405 8406 8455 8475 8504 8509 8516 8533 8557 8565 8585 8604 8615 8617 8627 8628 8645 8648 8673 8678 8722 8726 8730 8735 8746 8749 8750 8752 8801 8822 8836 8848 8853 8862 8863 8869 8872 8906 8912 8929 8937 8995 9004 9022 9023 9027 9034 9044 9049 9061 9067 9069 9088 9092 9097 9099 9112 9120 9123 9128 9131 9137 9150 9168 9172 9178 9179 9199 9202 9207 9221 9233 9239 9240 9241 9271 9273 9277 9291 9293 9303 9320 9324 9327 9332 9333 9341 9350 9351 9352 9363 9368 9375 9380 9381 9390 9395 9408 9413 9426 9435 9443 9445
64 303 337 353 487 524 540 646 747 957 1005 1014 1048 1192 1316 1402 1429 1513 1575 1705 1753 1838 1859 2039 2075 2088 2282 2388 2537 2542 2545 2569 2619 2794 2838 2971 3047 3048 3058 3085 3145 3164 3278 3313 3420 3444 3497 3566 3574 3650 3722 3756 3758 3833 3847 3894 3923 4083 4174 4202 4269 4405 4456 4479 4563 4616 4691 4716 4733 4761 4772 4825 4906 4909 5049 5068 5114 5123 5138 5178 5241 5265 5297 5338 5363 5423 5461 5532 5548 5555 5591 5634 5690 5708 5713 5730 5753 5879 5916 5933 5994 6099 6164 6170 6174 6246 6292 6316 6318 6331 6332 6367 6432 6434 6456 6464 6483 6497 6605 6611 6620 6637 6648 6655 6726 6802 6815 6871 6872 6879 6974 6984 7015 7021 7027 7058 7083 7096 7100 7124 7130 7143 7171 7208 7255 7296 7307 7351 7371 7391 7434 7438 7498 7520 7525 7609 7611 7631 7645 7663 7683 7694 7697 7716 7721 7732 7749 7817 7848 7904 7909 7913 7925 7955 7969 7980 7998 7999 8030 8078 8084 8102 8111 8112 8181 8193 8201 8205 8217 8242 8244 8253 8262 8266 8286 8330 8338 8345 8348 8365 8378 8383 8386 8393 8398 8449 8457 8500 8512 8534 8541 8568 8579 8597 8602 8616 8623 8629 8644 8673 8689 8692 8716 8743 8745 8810 8820 8825 8844 8851 8852 8863 8865 8867 8871 8905 8915 8921 8927 8928 8937 8976 9004 9006 9018 9022 9028 9043 9055 9056 9064 9069 9082 9099 9108 9110 9118 9120 9140 9150 9155 9159 9163 9166 9176 9178 9198 9200 9215 9216 9218 9226 9230 9237 9254 9268 9285 9287 9291 9310 9318 9320 9322 9327 9333 9340 9346 9352 9362 9367 9375 9376 9387 9395 9407 9410 9412 9424 9426 9428 9435 9439 9441 9443
32 223 261 263 309 316 341 461 480 540 625 712 760 875 1172 1206 1289 1334 1473 1554 1773 1838 1919 1930 1934 2033 2049 2271 2502 2525 2578 2700 2755 2771 2832 2949 2994 3026 3027 3045 3121 3205 3246 3326 3377 3410 3463 3535 3546 3552 3643 3714 3748 3782 3797 3852 3871 4055 4078 4210 4239 4260 4429 4440 4461 4548 4587 4714 4717 4810 4890 4933 4947 5025 5027 5089 5095 5114 5162 5172 5178 5189 5231 5269 5283 5290 5292 5325 5327 5381 5393 5408 5473 5505 5553 5580 5625 5657 5674 5710 5764 5821 5861 5919 6002 6093 6140 6150 6215 6230 6244 6310 6312 6323 6393 6395 6422 6445 6472 6487 6579 6589 6617 6635 6641 6659 6715 6746 6772 6790 6863 6866 6925 6975 6980 7002 7043 7050 7078 7091 7104 7114 7120 7126 7135 7142 7143 7158 7177 7193 7208 7237 7295 7323 7389 7426 7475 7489 7497 7519 7524 7603 7652 7693 7704 7718 7732 7735 7740 7761 7790 7832 7840 7904 7928 7962 7975 7993 8023 8044 8047 8056 8073 8078 8084 8097 8100 8107 8111 8175 8177 8179 8187 8199 8211 8241 8250 8253 8260 8311 8323 8345 8364 8383 8405 8407 8409 8500 8502 8504 8511 8527 8530 8559 8589 8601 8610 8622 8649 8650 8661 8671 8676 8686 8715 8722 8733 8795 8810 8820 8837 8838 8839 8843 8846 8862 8869 8870 8885 8897 8901 8918 8923 8933 8965 8982 8984 8988 9003 9010 9022 9036 9042 9061 9067 9077 9088 9105 9116 9117 9120 9137 9140 9149 9174 9178 9197 9206 9208 9217 9231 9261 9274 9285 9288 9291 9295 9319 9326 9327 9329 9335 9340 9346 9347 9362 9364 9373 9376 9382 9389 9394 9395 9399 9400 9420 9424 9435 9436 9438 9441 9442
127 155 159 163 168 235 285 291 324 435 442 512 623 729 756 1167 1189 1286 1340 1414 1466 1626 1771 1837 1857 1963 1991 2004 2160 2456 2496 2504 2521 2523 2550 2595 2669 2723 2822 3009 3020 3026 3036 3059 3120 3203 3282 3336 3403 3413 3467 3496 3504 3592 3633 3726 3769 3784 3796 3805 3818 3886 3906 4049 4232 4257 4410 4412 4444 4460 4584 4690 4714 4737 4783 4794 4809 4840 4887 5000 5145 5164 5195 5258 5268 5278 5329 5382 5398 5403 5466 5546 5557 5613 5638 5651 5670 5704 5710 5716 5763 5782 5833 5837 5927 6047 6124 6135 6142 6177 6211 6225 6243 6249 6286 6287 6292 6338 6342 6410 6419 6428 6431 6446 6486 6588 6615 6628 6635 6703 6715 6761 6779 6780 6820 6845 6864 6875 6928 6969 6971 6990 7001 7025 7034 7050 7067 7073 7082 7103 7111 7115 7118 7139 7185 7193 7194 7206 7277 7309 7323 7365 7377 7407 7460 7469 7497 7529 7543 7591 7622 7653 7682 7696 7722 7730 7734 7756 7784 7788 7835 7836 7852 7921 7946 7957 7958 7969 7980 7984 8018 8025 8045 8053 8062 8072 8079 8093 8096 8101 8106 8122 8128 8147 8170 8183 8196 8209 8227 8238 8239 8253 8255 8278 8316 8328 8332 8350 8356 8359 8362 8379 8385 8394 8463 8493 8498 8500 8502 8508 8523 8554 8573 8591 8592 8614 8621 8642 8644 8649 8651 8669 8708 8727 8743 8754 8759 8798 8805 8816 8819 8823 8824 8829 8850 8861 8862 8863 8885 8890 8910 8922 8925 8933 8943 8956 8965 8974 8976 8988 9014 9016 9017 9027 9057 9061 9079 9101 9102 9108 9114 9118 9131 9138 9147 9148 9167 9172 9178 9193 9194 9202 9203 9207 9216 9217 9222 9254 9263 9278 9285 9299 9301 9320 9327 9328 9333 9342 9346 9352 9359 9362 9373 9377 9378 9388 9389 9396 9399 9406 9418 9419 9422 9431 9435 9437
14 119 197 253 304 352 371 404 565 611 673 720 1043 1113 1167 1171 1400 1406 1458 1464 1683 1728 1758 1834 1988 2141 2177 2326 2375 2419 2436 2452 2456 2465 2501 2517 2633 2680 2681 2720 2792 2924 2973 2993 3002 3004 3027 3124 3189 3276 3289 3433 3443 3496 3503 3652 3680 3724 3730 3735 3749 3753 3886 4231 4337 4398 4423 4503 4594 4606 4650 4679 4733 4741 4807 4809 4836 4848 4864 4871 4970 4990 5029 5140 5172 5214 5276 5293 5322 5323 5358 5380 5435 5501 5567 5580 5597 5660 5706 5733 5790 5795 6006 6025 6039 6115 6134 6155 6172 6180 6219 6262 6272 6277 6299 6387 6393 6419 6420 6458 6470 6497 6599 6610 6651 6662 6698 6756 6766 6776 6830 6855 6868 6916 6941 6950 6990 6995 7013 7023 7045 7057 7061 7077 7103 7114 7178 7181 7218 7250 7289 7325 7335 7337 7377 7390 7395 7437 7446 7461 7495 7535 7544 7563 7589 7614 7642 7670 7682 7701 7709 7754 7782 7801 7813 7837 7890 7909 7935 7952 7965 7973 8009 8015 8034 8048 8054 8061 8074 8092 8102 8121 8167 8175 8188 8195 8226 8234 8236 8238 8253 8264 8286 8299 8322 8355 8361 8378 8471 8491 8497 8507 8517 8533 8548 8555 8559 8568 8587 8591 8605 8609 8613 8620 8633 8638 8645 8667 8699 8708 8716 8720 8733 8770 8791 8814 8816 8819 8836 8843 8857 8862 8884 8886 8906 8921 8924 8973 8978 8985 9001 9003 9009 9013 9015 9019 9022 9031 9048 9050 9057 9058 9077 9080 9083 9084 9088 9090 9097 9112 9121 9122 9137 9142 9146 9155 9166 9185 9188 9197 9205 9207 9209 9215 9221 9255 9278 9285 9308 9320 9327 9330 9335 9341 9346 9353 9359 9360 9372 9376 9388 9397 9398 9417 9421 9422 9431 9433
1 87 186 199 203 212 238 263 556 599 673 772 905 962 1027 1036 1037 1160 1171 1244 1441 1689 1737 1739 1746 1942 1948 2106 2294 2327 2344 2389 2424 2426 2436 2493 2613 2624 2659 2835 2894 2970 2981 3001 3002 3018 3124 3240 3247 3284 3436 3479 3544 3608 3711 3713 3733 3856 4181 4217 4231 4325 4359 4395 4485 4540 4594 4646 4673 4731 4751 4767 4789 4827 4862 4871 4969 5024 5040 5089 5230 5248 5307 5312 5313 5377 5485 5557 5559 5625 5675 5732 5757 5785 5820 5859 6015 6022 6026 6044 6067 6132 6142 6212 6233 6263 6383 6411 6446 6580 6583 6593 6603 6613 6623 6646 6678 6688 6727 6747 6796 6800 6808 6848 6850 6886 6916 6922 6923 6935 6952 6989 6991 7017 7040 7059 7060 7084 7086 7099 7104 7131 7177 7196 7244 7281 7288 7311 7354 7369 7380 7418 7431 7451 7535 7536 7552 7566 7573 7623 7629 7654 7664 7673 7702 7725 7747 7773 7800 7803 7831 7855 7887 7899 7904 7932 7965 7992 8008 8011 8030 8048 8052 8060 8064 8066 8069 8091 8112 8122 8166 8175 8186 8187 8191 8202 8227 8234 8243 8251 8273 8281 8307 8314 8334 8353 8356 8361 8367 8441 8474 8490 8503 8505 8507 8509 8529 8548 8568 8586 8591 8606 8607 8619 8623 8650 8684 8697 8706 8725 8726 8727 8788 8791 8801 8811 8818 8820 8822 8842 8850 8856 8857 8860 8882 8885 8891 8893 8920 8940 8947 8971 8976 8979 8992 8999 9010 9015 9018 9030 9038 9049 9050 9055 9079 9082 9083 9089 9100 9105 9113 9120 9125 9132 9138 9142 9150 9157 9159 9166 9172 9179 9181 9183 9185 9191 9192 9193 9205 9209 9274 9278 9283 9285 9319 9325 9327 9332 9338 9345 9347 9355 9359 9364 9374 9376 9379 9381 9384 9387 9391 9397 9406 9414 9417 9418
16 142 159 178 229 240 285 416 511 548 552 559 585 606 769 826 888 1043 1106 1163 1166 1183 1230 1234 1240 1289 1430 1650 1716 1818 1888 1931 2001 2040 2237 2259 2336 2365 2412 2417 2433 2445 2548 2592 2659 2862 2877 2923 2957 2974 3079 3165 3188 3272 3354 3398 3409 3450 3457 3558 3650 3657 3690 3730 3751 3846 3996 4099 4153 4184 4215 4239 4283 4325 4458 4481 4505 4574 4648 4714 4754 4760 4787 4788 4854 4968 5008 5049 5074 5184 5187 5214 5250 5286 5359 5468 5516 5536 5548 5623 5647 5707 5741 5981 5993 6010 6025 6038 6109 6117 6136 6153 6168 6226 6255 6329 6345 6354 6377 6392 6393 6401 6575 6587 6593 6607 6609 6677 6684 6734 6738 6793 6847 6869 6873 6916 6928 6948 6968 6974 6981 7010 7014 7048 7066 7072 7077 7082 7094 7117 7120 7158 7204 7228 7237 7266 7285 7318 7331 7375 7383 7430 7443 7456 7474 7498 7509 7517 7538 7552 7568 7606 7611 7630 7641 7654 7674 7689 7700 7719 7756 7770 7821 7870 7881 7916 7925 7956 7990 8021 8030 8036 8041 8046 8059 8060 8067 8089 8100 8123 8160 8162 8165 8176 8185 8197 8207 8212 8230 8231 8254 8272 8277 8286 8288 8307 8316 8318 8336 8343 8348 8357 8443 8449 8464 8473 8475 8477 8480 8489 8500 8532 8561 8587 8591 8602 8606 8616 8641 8690 8692 8707 8714 8777 8784 8808 8809 8813 8836 8849 8855 8875 8885 8888 8892 8901 8912 8939 8963 8977 8987 9000 9013 9015 9016 9026 9036 9047 9049 9055 9060 9065 9074 9099 9104 9124 9126 9127 9131 9150 9179 9182 9202 9203 9209 9217 9272 9274 9278 9285 9299 9307 9311 9316 9319 9321 9322 9323 9328 9331 9336 9338 9344 9353 9356 9359 9363 9373 9378 9385 9389 9397 9404 9407 9409 9411 9415 9417
8 70 126 132 160 174 274 419 511 531 619 702 734 801 970 981 1039 1090 1146 1233 1238 1372 1394 1552 1590 1621 1677 1708 1744 1781 1905 2187 2224 2229 2250 2288 2305 2321 2374 2377 2396 2519 2577 2634 2857 2917 3012 3056 3109 3170 3329 3398 3407 3422 3432 3433 3445 3467 3516 3593 3633 3672 3941 4132 4226 4238 4281 4317 4329 4426 4460 4691 4730 4741 4760 4780 4786 4824 4827 4830 4864 4919 4922 4938 4984 4998 5044 5095 5143 5144 5166 5217 5286 5358 5425 5461 5465 5496 5500 5522 5538 5558 5595 5616 5694 5707 5774 5920 5988 6006 6016 6031 6053 6109 6111 6133 6150 6154 6183 6206 6301 6375 6388 6460 6543 6574 6584 6630 6656 6682 6706 6722 6728 6730 6757 6788 6828 6842 6846 6860 6863 6875 6908 6922 6934 6941 6959 6978 6979 6984 7006 7012 7016 7039 7047 7075 7091 7101 7151 7154 7194 7197 7203 7212 7248 7272 7329 7337 7356 7388 7393 7458 7462 7473 7474 7501 7537 7555 7560 7585 7610 7623 7639 7671 7677 7716 7726 7747 7796 7821 7822 7853 7872 7880 7907 7912 7925 7976 7991 8001 8015 8031 8039 8049 8059 8060 8084 8120 8156 8160 8165 8175 8179 8195 8196 8222 8268 8271 8285 8307 8310 8335 8393 8417 8431 8443 8475 8480 8489 8492 8493 8511 8562 8570 8587 8597 8612 8636 8655 8669 8671 8675 8679 8703 8733 8771 8804 8813 8814 8822 8826 8844 8848 8849 8859 8882 8883 8885 8896 8898 8936 8951 8954 8956 8963 8964 8972 8986 9013 9021 9048 9053 9060 9069 9076 9083 9117 9130 9144 9147 9155 9170 9172 9174 9177 9199 9203 9206 9211 9247 9251 9270 9273 9282 9285 9299 9300 9302 9304 9306 9309 9318 9325 9327 9334 9337 9338 9340 9353 9357 9358 9359 9368 9385 9390 9392 9396 9401 9404 9405 9408 9412
80 103 134 161 331 368 461 494 516 542 650 900 945 962 984 1069 1163 1225 1235 1258 1399 1544 1549 1590 1678 1776 1883 1891 2031 2148 2228 2259 2337 2396 2490 2702 2895 2917 2950 2976 3042 3060 3154 3200 3327 3417 3605 3650 4033 4058 4065 4097 4131 4280 4312 4454 4540 4604 4632 4669 4698 4717 4741 4755 4774 4821 4854 4904 4966 5045 5115 5191 5203 5236 5312 5338 5353 5410 5436 5447 5485 5511 5519 5524 5580 5650 5666 5673 5883 5914 5961 5969 5979 6010 6013 6028 6098 6105 6129 6133 6144 6206 6268 6274 6277 6367 6373 6379 6417 6421 6522 6560 6574 6575 6616 6673 6677 6706 6710 6733 6769 6817 6832 6838 6858 6898 6920 6938 6990 6994 7018 7028 7030 7043 7049 7066 7068 7083 7087 7137 7145 7153 7163 7165 7204 7205 7222 7246 7247 7268 7337 7347 7353 7436 7447 7519 7533 7534 7540 7557 7563 7577 7622 7623 7652 7656 7658 7702 7714 7715 7774 7778 7805 7821 7845 7854 7857 7870 7874 7894 7908 7964 7970 8006 8031 8032 8039 8046 8058 8080 8136 8153 8160 8174 8195 8219 8220 8221 8228 8261 8270 8279 8301 8406 8426 8456 8470 8473 8487 8489 8491 8510 8551 8558 8565 8567 8575 8576 8577 8584 8593 8596 8597 8625 8647 8669 8673 8688 8742 8758 8762 8769 8777 8797 8804 8808 8816 8822 8844 8845 8848 8877 8882 8888 8897 8914 8950 8955 8963 8967 8971 8994 9008 9010 9013 9018 9044 9047 9051 9052 9055 9065 9115 9128 9137 9144 9156 9162 9163 9170 9173 9190 9195 9198 9205 9208 9209 9229 9236 9245 9256 9257 9261 9264 9265 9270 9279 9284 9296 9303 9306 9307 9308 9316 9319 9322 9329 9349 9354 9357 9362 9365 9373 9375 9376 9377 9380 9388 9389 9391 9400 9401 9403 9408 9412
47 52 75 85 96 313 315 319 427 508 554 620 765 805 859 868 1154 1174 1294 1495 1539 1583 1600 1611 1665 1831 2013 2043 2154 2275 2317 2324 2378 2391 2486 2631 2727 2753 2836 2911 2924 2951 2982 3013 3115 3209 3214 3326 3381 3413 3571 3585 3594 3608 3637 3638 3810 3894 4013 4014 4046 4240 4283 4308 4361 4403 4434 4524 4534 4544 4631 4646 4705 4737 4753 4760 4817 4818 4898 4904 4983 4984 5023 5093 5099 5190 5205 5254 5345 5377 5380 5446 5483 5515 5543 5564 5574 5620 5621 5727 5774 5802 5866 5872 5939 5959 5965 6008 6071 6073 6091 6110 6137 6199 6228 6250 6260 6328 6362 6370 6411 6473 6506 6521 6544 6556 6563 6573 6580 6617 6640 6702 6743 6765 6817 6819 6822 6835 6850 6868 6894 6918 6920 6954 6968 6969 6971 7024 7028 7059 7066 7073 7085 7087 7109 7131 7148 7186 7194 7241 7242 7299 7325 7329 7335 7337 7347 7401 7413 7460 7498 7508 7557 7571 7620 7652 7654 7671 7707 7712 7755 7767 7788 7816 7823 7830 7834 7847 7921 7935 7942 7962 8002 8025 8030 8045 8049 8050 8080 8110 8148 8151 8152 8155 8157 8170 8172 8178 8202 8204 8205 8216 8257 8272 8274 8287 8295 8327 8359 8360 8390 8394 8413 8425 8447 8453 8470 8484 8492 8512 8518 8520 8535 8554 8563 8568 8573 8576 8577 8587 8595 8604 8634 8667 8689 8744 8761 8768 8782 8793 8796 8801 8804 8839 8840 8841 8843 8861 8872 8877 8890 8913 8946 8949 8959 8962 8990 8998 9007 9029 9033 9039 9042 9048 9058 9088 9098 9108 9117 9119 9121 9124 9142 9145 9151 9155 9164 9165 9168 9179 9183 9189 9193 9197 9204 9229 9237 9238 9250 9254 9263 9264 9265 9277 9284 9290 9302 9305 9308 9310 9315 9325 9339 9344 9348 9349 9356 9358 9362 9373 9377 9380 9385 9387 9388 9391 9394 9396 9398 9405 9412
34 38 95 153 243 284 345 464 493 495 611 678 710 845 922 990 1111 1117 1144 1213 1235 1243 1282 1446 1468 1518 1544 1575 1598 1624 1760 1773 1898 1988 2013 2049 2054 2221 2279 2319 2367 2375 2443 2490 2635 2770 2810 2833 2866 2894 2952 2953 2969 3014 3072 3093 3109 3115 3168 3273 3329 3337 3379 3399 3562 3573 3600 3611 3805 3916 4032 4091 4190 4236 4268 4355 4398 4513 4556 4679 4688 4718 4733 4747 4785 4812 4857 4874 4882 4943 4994 5093 5129 5139 5140 5145 5166 5195 5292 5326 5368 5374 5462 5525 5527 5542 5561 5599 5728 5741 5796 5802 5840 5868 5899 5906 5912 5927 5943 6000 6040 6057 6085 6090 6137 6186 6194 6198 6236 6244 6302 6303 6333 6347 6406 6427 6460 6467 6540 6559 6560 6567 6596 6608 6610 6635 6733 6763 6796 6797 6799 6827 6838 6884 6892 6899 6906 6922 6938 7018 7021 7060 7069 7128 7139 7180 7192 7228 7250 7325 7336 7342 7369 7411 7413 7435 7450 7457 7479 7484 7533 7544 7551 7562 7568 7606 7612 7614 7674 7686 7737 7761 7807 7815 7825 7903 7934 7959 8019 8023 8029 8034 8037 8072 8076 8140 8146 8149 8151 8160 8161 8165 8177 8180 8189 8201 8248 8252 8268 8281 8285 8304 8334 8335 8338 8364 8399 8401 8417 8434 8450 8459 8467 8481 8482 8486 8499 8503 8544 8550 8559 8565 8572 8595 8596 8635 8636 8643 8661 8678 8743 8753 8768 8776 8794 8839 8840 8860 8872 8875 8877 8887 8889 8891 8907 8931 8953 8959 8986 8992 9007 9024 9030 9033 9035 9042 9043 9053 9075 9080 9099 9103 9118 9124 9125 9130 9146 9153 9160 9162 9164 9177 9189 9192 9226 9228 9238 9256 9260 9264 9272 9280 9290 9295 9299 9301 9305 9323 9324 9339 9342 9353 9355 9357 9358 9364 9374 9387 9388 9396 9400
77 121 222 258 299 477 536 783 832 991 1018 1132 1167 1430 1445 1492 1757 1927 1934 2053 2219 2225 2255 2278 2312 2347 2400 2447 2586 2595 2773 2854 2928 2934 2948 3003 3044 3194 3259 3296 3301 3522 3525 3680 3822 3916 4010 4170 4176 4311 4314 4348 4396 4398 4402 4423 4501 4508 4547 4555 4598 4626 4677 4685 4698 4731 4739 4784 4840 4852 4867 4874 4905 4963 5031 5071 5108 5115 5118 5119 5148 5277 5318 5333 5352 5355 5412 5441 5499 5542 5579 5586 5680 5700 5767 5790 5849 5874 5925 5932 5975 5976 6009 6016 6027 6057 6058 6090 6120 6123 6137 6162 6208 6260 6330 6332 6347 6411 6451 6503 6512 6523 6540 6543 6566 6568 6606 6629 6630 6633 6651 6676 6712 6750 6751 6794 6795 6796 6815 6847 6865 6879 6917 6970 6995 7010 7013 7015 7044 7053 7054 7111 7114 7146 7155 7189 7227 7244 7321 7322 7337 7362 7364 7387 7413 7432 7449 7457 7467 7469 7543 7544 7561 7595 7596 7612 7629 7670 7698 7711 7713 7757 7778 7796 7803 7808 7818 7823 7846 7858 7859 7929 7931 7971 7993 8011 8019 8021 8022 8033 8064 8107 8111 8118 8151 8153 8164 8173 8179 8188 8196 8237 8239 8240 8250 8263 8265 8267 8268 8278 8286 8307 8312 8323 8336 8354 8355 8380 8382 8403 8405 8419 8424 8432 8450 8452 8462 8471 8499 8506 8530 8558 8572 8590 8594 8613 8625 8643 8663 8677 8723 8736 8739 8768 8775 8787 8791 8804 8805 8836 8837 8863 8864 8868 8877 8899 8912 8915 8947 8948 8951 8956 8959 8960 8967 8981 8993 8999 9015 9022 9028 9041 9045 9066 9096 9097 9100 9109 9120 9122 9139 9151 9158 9164 9165 9176 9178 9188 9205 9218 9222 9228 9246 9263 9264 9267 9272 9282 9289 9293 9294 9298 9305 9306 9316 9318 9337 9342 9344 9345 9352 9354 9355 9356 9361 9373 9386 9389 9396 9399
77 90 260 331 434 445 472 749 780 820 1025 1129 1140 1270 1296 1377 1447 1467 1554 1757 1924 1957 1963 2129 2193 2241 2254 2275 2285 2336 2399 2438 2532 2547 2600 2618 2666 2693 2764 2772 2791 2814 2832 2848 2907 2924 2940 3025 3049 3121 3245 3267 3279 3286 3481 3491 3493 3584 3624 3795 3913 3959 3977 4163 4211 4274 4304 4345 4386 4395 4402 4445 4502 4519 4528 4568 4629 4652 4684 4716 4729 4773 4852 4879 4933 4941 4974 4978 5028 5093 5115 5224 5234 5310 5404 5412 5420 5473 5528 5541 5657 5744 5758 5841 5869 5871 5906 5920 5973 5992 6008 6029 6046 6060 6064 6108 6119 6132 6137 6145 6330 6405 6407 6425 6493 6512 6531 6539 6563 6566 6589 6591 6611 6658 6666 6688 6728 6743 6791 6813 6835 6837 6860 6863 6870 6903 6929 6980 6990 6991 6994 7012 7033 7049 7090 7097 7138 7178 7191 7205 7307 7320 7355 7411 7413 7430 7462 7495 7523 7541 7555 7562 7573 7577 7612 7616 7652 7679 7693 7722 7746 7795 7807 7826 7846 7853 7927 7990 7993 7995 7999 8021 8030 8060 8098 8100 8110 8149 8151 8159 8165 8174 8179 8229 8231 8233 8240 8262 8265 8273 8300 8302 8317 8332 8355 8401 8422 8447 8450 8469 8495 8512 8519 8534 8555 8558 8559 8562 8569 8581 8593 8642 8684 8699 8721 8723 8755 8759 8764 8779 8785 8802 8834 8835 8859 8868 8874 8877 8878 8901 8909 8913 8916 8948 8952 8966 8969 8973 8992 9008 9010 9011 9014 9020 9024 9027 9041 9060 9067 9089 9091 9095 9104 9116 9132 9146 9149 9150 9153 9156 9162 9174 9183 9209 9218 9233 9239 9245 9250 9259 9266 9274 9277 9285 9287 9291 9292 9297 9311 9338 9340 9343 9349 9355 9368 9373 9379 9385 9387 9395
24 38 52 154 296 407 469 646 779 834 959 988 1119 1196 1249 1334 1344 1407 1446 1509 1717 1866 1907 1908 1918 2005 2037 2072 2181 2238 2329 2343 2364 2394 2437 2512 2519 2535 2602 2792 2836 2884 2892 2913 2928 2968 3110 3159 3183 3238 3267 3325 3369 3460 3463 3484 3722 3732 3943 3968 4104 4171 4199 4260 4292 4410 4422 4429 4444 4512 4555 4581 4600 4635 4649 4651 4665 4719 4750 4771 4825 4833 4835 4852 4867 4897 4911 4925 4963 4972 5052 5066 5109 5184 5210 5224 5226 5296 5340 5383 5468 5533 5557 5576 5645 5651 5720 5762 5860 5870 5914 5918 5936 5947 5960 5971 6036 6061 6063 6084 6093 6113 6120 6228 6250 6259 6273 6315 6323 6405 6420 6450 6477 6484 6498 6501 6507 6563 6564 6617 6694 6708 6710 6711 6717 6776 6810 6814 6853 6869 6902 6962 6979 6981 6984 7002 7018 7020 7085 7092 7123 7133 7145 7182 7247 7305 7317 7368 7377 7396 7419 7422 7456 7540 7543 7548 7557 7563 7613 7631 7633 7635 7650 7678 7681 7685 7696 7710 7720 7789 7790 7801 7839 7842 7912 7988 7990 7991 8003 8004 8016 8020 8022 8023 8037 8042 8046 8057 8065 8098 8101 8143 8151 8156 8209 8220 8257 8263 8273 8286 8299 8332 8335 8342 8383 8386 8394 8397 8417 8423 8438 8440 8441 8452 8465 8496 8497 8519 8520 8540 8562 8568 8572 8578 8579 8580 8602 8639 8653 8680 8692 8757 8772 8779 8785 8798 8804 8813 8834 8835 8841 8856 8868 8872 8874 8900 8913 8916 8939 8960 8975 8978 8991 8995 8997 9009 9012 9013 9015 9018 9027 9039 9040 9047 9048 9056 9075 9090 9091 9092 9095 9100 9107 9116 9118 9125 9129 9145 9150 9152 9160 9163 9168 9170 9174 9176 9185 9193 9197 9206 9207 9217 9220 9233 9236 9248 9252 9255 9269 9277 9286 9287 9292 9299 9308 9332 9335 9339 9344 9345 9348 9361 9368 9370 9372 9374 9379 9395
117 152 283 403 599 762 817 858 1064 1081 1168 1299 1323 1369 1405 1418 1473 1687 1814 1865 1877 1948 2034 2035 2040 2074 2080 2116 2181 2186 2212 2327 2414 2461 2479 2515 2537 2557 2592 2717 2810 2813 2865 2908 2909 2926 3032 3083 3157 3159 3213 3233 3238 3251 3351 3369 3433 3456 3470 3606 3614 3671 3699 3805 3876 4012 4018 4049 4058 4165 4168 4199 4325 4499 4505 4540 4558 4565 4566 4642 4649 4670 4679 4791 4815 4852 4858 4865 4923 4984 5011 5046 5052 5102 5214 5219 5254 5371 5436 5463 5618 5624 5639 5653 5691 5693 5707 5750 5755 5853 5887 5902 5910 5927 5956 6010 6020 6033 6034 6067 6223 6290 6304 6315 6337 6406 6413 6463 6497 6505 6522 6530 6548 6557 6581 6631 6640 6646 6682 6683 6744 6746 6761 6806 6843 6902 6947 6971 6991 6996 6997 7006 7020 7067 7078 7123 7129 7137 7158 7165 7243 7272 7278 7291 7300 7309 7320 7335 7366 7395 7410 7437 7442 7532 7549 7550 7554 7603 7638 7665 7678 7749 7766 7770 7795 7864 7901 7904 7976 7988 7998 8015 8017 8018 8031 8032 8062 8063 8080 8094 8106 8151 8153 8182 8188 8204 8207 8220 8249 8254 8258 8264 8272 8287 8297 8318 8330 8344 8373 8379 8404 8409 8432 8436 8460 8472 8490 8496 8531 8544 8565 8577 8615 8621 8637 8670 8715 8726 8753 8757 8778 8795 8816 8825 8831 8847 8852 8854 8863 8870 8885 8887 8894 8895 8937 8939 8959 8964 8977 8992 8995 9003 9005 9018 9031 9037 9074 9079 9090 9100 9101 9106 9109 9114 9122 9143 9145 9153 9163 9171 9174 9193 9215 9233 9238 9247 9268 9270 9280 9281 9285 9291 9292 9293 9296 9298 9299 9313 9318 9325 9329 9330 9338 9344 9348 9353 9363 9369 9374 9390
107 269 316 379 434 490 507 543 752 810 967 1035 1159 1269 1366 1465 1476 1629 1695 1864 1885 2031 2102 2135 2159 2186 2205 2319 2322 2381 2404 2459 2492 2590 2658 2700 2714 2804 2811 2883 2891 3004 3024 3062 3088 3128 3144 3185 3203 3245 3329 3454 3577 3607 3622 3795 3796 3962 3979 4041 4072 4149 4156 4193 4196 4207 4255 4317 4476 4499 4526 4553 4616 4640 4651 4728 4742 4787 4799 4821 4918 4949 4968 5020 5026 5109 5195 5204 5218 5350 5356 5414 5432 5439 5440 5591 5639 5734 5754 5755 5841 5853 5887 5892 5897 5922 5942 6014 6029 6053 6067 6187 6195 6263 6280 6286 6292 6300 6335 6374 6390 6436 6455 6474 6479 6490 6497 6504 6510 6539 6554 6594 6619 6631 6668 6726 6749 6790 6796 6814 6836 6877 6932 6959 6960 6971 6978 7005 7035 7097 7130 7141 7247 7258 7268 7283 7286 7330 7382 7387 7407 7435 7437 7439 7508 7527 7534 7591 7599 7605 7607 7633 7634 7744 7747 7763 7764 7778 7792 7825 7841 7883 7896 7903 7956 7969 7971 7981 7993 8017 8036 8039 8055 8082 8084 8093 8101 8149 8151 8188 8189 8193 8194 8236 8244 8251 8260 8270 8287 8344 8367 8379 8385 8392 8430 8435 8453 8455 8521 8527 8552 8571 8586 8602 8631 8638 8664 8668 8756 8761 8766 8778 8786 8808 8826 8830 8831 8842 8847 8850 8862 8868 8893 8894 8919 8935 8954 8959 8962 8971 8974 8984 8989 8992 8996 8997 9003 9027 9030 9044 9050 9065 9088 9096 9112 9113 9122 9143 9144 9168 9178 9199 9200 9214 9225 9226 9227 9230 9233 9234 9241 9247 9256 9266 9269 9276 9278 9289 9293 9303 9311 9325 9329 9334 9344 9349 9360 9368 9369 9373 9374
81 235 335 375 491 658 752 772 790 847 917 951 1087 1174 1302 1356 1364 1576 1606 1675 1832 1837 1866 1867 1942 1994 1995 2099 2143 2250 2305 2316 2397 2403 2418 2457 2570 2765 2785 2791 2811 2830 2889 2902 2966 3036 3114 3170 3200 3203 3235 3314 3351 3433 3454 3467 3502 3586 3731 3960 3989 4032 4071 4105 4136 4166 4194 4246 4473 4475 4497 4550 4589 4605 4609 4706 4780 4826 4943 4944 4945 4958 4981 5065 5191 5283 5322 5330 5357 5418 5437 5468 5521 5572 5594 5668 5708 5740 5768 5834 5891 5908 5988 6023 6036 6056 6089 6108 6123 6195 6199 6232 6237 6283 6284 6300 6325 6341 6358 6392 6473 6484 6491 6499 6543 6585 6596 6658 6666 6717 6745 6749 6786 6791 6812 6822 6871 6889 6936 6960 6969 7003 7016 7078 7081 7090 7119 7121 7129 7144 7210 7242 7243 7285 7286 7319 7330 7356 7396 7447 7496 7497 7505 7523 7581 7584 7617 7618 7620 7725 7740 7751 7764 7766 7771 7791 7832 7840 7862 7865 7891 7898 7946 7981 7989 7993 8007 8009 8015 8030 8038 8048 8077 8085 8105 8113 8151 8159 8168 8178 8217 8234 8263 8275 8343 8375 8377 8379 8411 8413 8421 8422 8434 8448 8449 8450 8479 8507 8515 8550 8551 8566 8569 8627 8628 8643 8659 8694 8701 8736 8756 8762 8764 8768 8774 8802 8814 8819 8827 8828 8830 8842 8844 8848 8850 8855 8891 8892 8913 8917 8933 8946 8961 8964 8977 8981 8993 8996 9017 9023 9030 9043 9064 9073 9074 9090 9106 9110 9113 9119 9122 9129 9140 9141 9143 9146 9153 9167 9176 9196 9200 9205 9224 9225 9230 9242 9243 9255 9259 9265 9269 9278 9282 9288 9292 9299 9302 9314 9324 9329 9344 9355 9370 9372
15 90 94 152 186 311 486 752 808 841 863 942 1127 1213 1324 1466 1487 1497 1517 1808 1811 1824 1860 1933 1987 2021 2122 2136 2196 2224 2225 2266 2393 2401 2405 2463 2658 2754 2806 2855 2955 2980 3018 3081 3093 3107 3113 3193 3305 3408 3419 3540 3596 3710 3722 3971 3977 4047 4052 4103 4111 4154 4165 4188 4227 4368 4390 4429 4434 4474 4497 4499 4571 4728 4756 4776 4817 4907 4914 4915 4945 4951 5110 5148 5179 5189 5271 5308 5338 5398 5411 5413 5414 5424 5512 5544 5583 5624 5640 5715 5742 5757 5792 5809 5858 5874 5954 6021 6047 6059 6176 6182 6206 6234 6252 6281 6295 6307 6358 6375 6421 6452 6471 6535 6543 6572 6659 6666 6689 6720 6790 6799 6863 6877 6889 6909 6928 6935 6963 6984 6994 7036 7060 7061 7119 7163 7174 7180 7203 7235 7237 7239 7248 7272 7274 7286 7350 7473 7516 7518 7519 7523 7545 7547 7548 7572 7583 7590 7608 7641 7684 7687 7717 7730 7738 7741 7747 7789 7822 7839 7847 7879 7922 7925 7937 7971 7972 7978 7987 7992 7994 8005 8006 8024 8036 8043 8077 8078 8096 8107 8109 8146 8147 8149 8150 8155 8165 8180 8190 8230 8258 8260 8272 8337 8363 8400 8421 8443 8445 8447 8485 8523 8526 8543 8545 8550 8605 8622 8628 8638 8665 8674 8683 8685 8744 8756 8762 8768 8781 8813 8832 8842 8850 8886 8900 8902 8917 8932 8944 8950 8968 8977 8979 8985 8987 8996 9023 9029 9039 9041 9070 9073 9096 9101 9102 9103 9112 9134 9137 9143 9167 9174 9178 9197 9210 9222 9224 9238 9246 9259 9260 9262 9264 9266 9269 9279 9285 9287 9291 9300 9301 9324 9326 9339 9344 9351 9353 9366 9370
39 42 102 133 162 285 394 470 483 717 779 828 1050 1072 1205 1235 1250 1272 1447 1805 1833 1918 1925 1970 1981 2121 2145 2181 2218 2239 2252 2287 2366 2392 2424 2459 2471 2750 2794 2954 2987 3110 3146 3179 3250 3268 3392 3492 3693 3719 3722 3820 3882 3916 3967 4038 4093 4176 4226 4336 4340 4388 4398 4457 4484 4490 4569 4647 4666 4723 4761 4776 4790 4810 4901 4942 5005 5149 5154 5165 5266 5295 5325 5391 5397 5405 5473 5555 5596 5624 5715 5725 5808 5819 5874 5917 5965 5968 5992 6135 6161 6223 6280 6283 6317 6382 6418 6464 6507 6523 6559 6611 6644 6664 6700 6713 6729 6754 6789 6809 6824 6880 6904 6906 6935 6943 6963 6968 7031 7044 7076 7085 7154 7160 7162 7172 7188 7220 7256 7267 7278 7323 7455 7478 7488 7508 7520 7523 7548 7599 7603 7631 7715 7723 7731 7733 7762 7770 7837 7911 7933 7959 7970 7971 7974 7977 7982 7989 7998 8000 8001 8024 8034 8043 8060 8091 8098 8126 8127 8128 8142 8147 8165 8169 8217 8226 8239 8248 8251 8260 8308 8324 8331 8341 8394 8419 8441 8444 8448 8452 8542 8545 8614 8619 8628 8674 8679 8753 8755 8756 8764 8772 8778 8785 8811 8816 8822 8829 8841 8845 8870 8874 8879 8892 8895 8897 8899 8905 8920 8926 8932 8943 8962 8966 8985 8990 9015 9023 9028 9029 9036 9038 9041 9070 9071 9076 9093 9102 9106 9110 9118 9122 9127 9134 9135 9156 9162 9172 9190 9192 9206 9209 9216 9217 9226 9247 9258 9262 9266 9267 9268 9269 9272 9273 9277 9283 9284 9289 9290 9301 9304 9312 9321 9323 9333 9337 9344 9345 9358 9362 9363 9365
144 250 315 343 410 619 647 702 785 919 1010 1046 1162 1188 1203 1218 1227 1246 1275 1407 1800 1899 1918 1962 1964 2017 2118 2155 2190 2289 2324 2701 2706 2742 2788 2903 2910 2931 3070 3103 3109 3144 3191 3329 3371 3689 3743 3783 3803 3847 3864 3894 3966 3981 3987 4016 4066 4085 4145 4283 4313 4317 4337 4365 4371 4447 4534 4557 4563 4617 4704 4725 4753 4760 4768 4790 4861 4872 4907 4941 5093 5102 5120 5144 5155 5164 5208 5261 5320 5350 5377 5389 5398 5507 5605 5613 5660 5698 5736 5770 5781 5784 5786 5831 5869 5962 5975 5990 6084 6085 6158 6211 6222 6252 6265 6266 6295 6366 6416 6447 6452 6454 6461 6463 6506 6573 6664 6696 6697 6730 6785 6839 6866 6867 6880 6896 6898 6923 6930 6939 6953 6974 6990 7014 7028 7076 7100 7125 7131 7152 7163 7177 7217 7232 7420 7431 7455 7456 7483 7489 7492 7501 7516 7548 7585 7663 7705 7715 7725 7728 7770 7784 7791 7818 7837 7854 7908 7937 7943 7968 7970 7971 7980 7981 7988 7997 8012 8027 8060 8073 8075 8117 8125 8141 8146 8188 8191 8195 8220 8223 8225 8237 8297 8302 8314 8365 8399 8417 8421 8441 8471 8528 8541 8583 8617 8627 8629 8664 8746 8749 8777 8785 8798 8806 8811 8827 8838 8856 8863 8870 8877 8894 8896 8897 8906 8923 8926 8943 8955 8962 8974 8978 8986 8998 9004 9022 9023 9024 9036 9043 9062 9070 9072 9093 9099 9104 9117 9120 9131 9146 9152 9159 9163 9171 9186 9196 9215 9217 9227 9245 9258 9264 9268 9272 9275 9283 9286 9301 9308 9320 9328 9333 9337 9341 9344 9348 9359
247 312 403 619 640 688 743 784 883 1007 1050 1179 1212 1351 1385 1454 1660 1766 1768 1924 1959 1962 2014 2068 2071 2097 2103 2155 2167 2257 2281 2307 2347 2584 2643 2740 2773 2817 2882 2894 2947 3052 3088 3144 3241 3264 3371 3485 3541 3598 3634 3666 3727 3742 3760 3797 3881 3909 3920 3953 3979 3984 3993 4079 4097 4111 4169 4248 4289 4305 4349 4367 4393 4438 4468 4476 4553 4555 4624 4665 4739 4746 4758 4760 4763 4830 4864 4906 4938 5045 5073 5080 5093 5094 5109 5122 5303 5317 5320 5345 5367 5372 5484 5584 5605 5611 5631 5679 5691 5706 5747 5783 5829 5840 5866 5897 5930 5960 5985 6013 6091 6134 6178 6188 6207 6212 6220 6230 6248 6252 6253 6261 6294 6363 6410 6440 6444 6447 6451 6461 6471 6498 6604 6643 6653 6660 6684 6688 6780 6837 6859 6872 6878 6896 6913 6931 6939 6942 6949 6956 7028 7041 7062 7110 7129 7153 7169 7207 7210 7365 7405 7418 7455 7476 7499 7505 7507 7513 7523 7572 7594 7627 7651 7659 7681 7710 7712 7716 7726 7760 7762 7781 7799 7809 7815 7868 7890 7932 7945 7963 7969 7971 7986 7992 8005 8006 8009 8014 8025 8041 8044 8063 8072 8107 8125 8131 8139 8140 8145 8160 8165 8184 8205 8206 8210 8231 8232 8233 8240 8292 8295 8297 8304 8317 8359 8399 8414 8417 8468 8477 8495 8509 8515 8523 8534 8540 8541 8571 8595 8597 8617 8624 8626 8636 8733 8740 8743 8766 8791 8794 8800 8804 8815 8849 8870 8889 8890 8925 8926 8940 8941 8958 8961 8975 8981 8982 8991 9015 9019 9034 9052 9067 9084 9096 9097 9099 9113 9115 9129 9139 9146 9156 9172 9176 9183 9189 9215 9217 9219 9220 9237 9247 9248 9250 9254 9255 9263 9265 9269 9277 9299 9300 9317 9329 9333 9334 9343 9351 9356
51 139 314 317 594 618 659 729 768 974 1001 1101 1174 1177 1191 1351 1356 1399 1474 1661 1705 1746 1750 1779 1886 1907 1943 1956 1962 2004 2018 2088 2143 2178 2255 2293 2390 2471 2606 2712 2733 2735 2754 2783 2803 2873 2892 2945 3034 3064 3101 3202 3244 3321 3351 3467 3482 3530 3574 3607 3686 3733 3907 3912 4008 4069 4207 4213 4277 4292 4343 4346 4378 4436 4500 4528 4601 4710 4743 4754 4815 4816 4852 5012 5058 5060 5083 5088 5171 5303 5366 5401 5577 5596 5619 5624 5646 5670 5708 5759 5805 5820 5849 5876 5930 5940 5982 5983 5987 6004 6156 6172 6179 6201 6202 6248 6328 6349 6386 6396 6397 6426 6443 6459 6461 6489 6629 6651 6665 6674 6688 6733 6743 6834 6858 6872 6875 6902 6914 6932 6945 6987 7017 7061 7108 7128 7146 7159 7192 7206 7229 7291 7328 7352 7388 7394 7409 7428 7441 7448 7472 7477 7480 7498 7512 7521 7527 7545 7635 7698 7699 7710 7725 7726 7743 7751 7775 7791 7859 7910 7921 7922 7923 7927 7953 7956 7959 7960 7969 7979 7981 7983 7989 7995 8015 8023 8031 8053 8068 8070 8103 8104 8127 8129 8131 8137 8149 8152 8157 8170 8176 8194 8198 8210 8224 8226 8259 8284 8295 8351 8357 8370 8381 8412 8420 8469 8483 8492 8505 8519 8526 8530 8540 8577 8586 8588 8597 8618 8619 8634 8676 8684 8737 8740 8741 8761 8771 8794 8795 8797 8799 8803 8815 8847 8861 8870 8878 8887 8893 8907 8914 8920 8922 8934 8940 8943 8949 8955 8970 8971 8981 8982 8989 8991 8998 9016 9017 9019 9032 9046 9049 9063 9067 9075 9086 9095 9096 9100 9127 9140 9142 9143 9153 9154 9155 9175 9180 9184 9200 9204 9207 9215 9235 9245 9248 9250 9253 9255 9261 9266 9267 9269 9270 9273 9296 9300 9304 9307 9315 9316 9318 9326 9332 9335 9338 9350 9356
121 297 306 429 546 560 950 952 993 1015 1105 1150 1183 1319 1364 1584 1686 1720 1729 1895 1916 1949 2005 2017 2073 2124 2125 2157 2246 2276 2285 2415 2471 2533 2540 2592 2679 2732 2830 2852 2888 2965 3027 3096 3162 3178 3219 3266 3393 3412 3500 3509 3588 3600 3695 3697 3889 3895 3973 4000 4057 4213 4235 4248 4252 4269 4312 4360 4477 4492 4519 4530 4685 4696 4701 4725 4738 4851 4926 5000 5045 5049 5108 5303 5319 5332 5342 5368 5411 5441 5480 5521 5576 5585 5617 5642 5789 5820 5832 5842 5861 5890 5908 5921 5954 5976 5985 6002 6093 6156 6176 6179 6183 6185 6202 6209 6234 6300 6327 6329 6333 6381 6428 6439 6460 6464 6568 6609 6624 6648 6664 6688 6732 6770 6783 6820 6833 6837 6848 6893 6895 6945 6949 7008 7009 7043 7095 7117 7127 7132 7139 7154 7185 7192 7336 7345 7382 7408 7431 7440 7459 7470 7473 7497 7502 7543 7586 7615 7618 7673 7689 7696 7697 7699 7708 7717 7769 7775 7783 7788 7901 7905 7919 7942 7955 7958 7965 7980 8004 8005 8006 8007 8011 8031 8052 8064 8066 8069 8070 8087 8089 8095 8104 8118 8125 8134 8136 8145 8151 8152 8167 8179 8193 8194 8198 8258 8293 8348 8353 8391 8406 8429 8453 8464 8487 8508 8519 8520 8533 8538 8564 8576 8579 8582 8588 8619 8631 8642 8722 8734 8736 8737 8739 8740 8757 8784 8787 8792 8795 8799 8842 8843 8847 8852 8863 8864 8887 8891 8897 8902 8934 8947 8949 8950 8963 8980 8992 8996 8999 9004 9012 9044 9064 9065 9067 9070 9085 9094 9117 9125 9126 9137 9147 9156 9162 9173 9174 9195 9196 9203 9210 9211 9212 9227 9229 9239 9243 9247 9250 9252 9254 9258 9265 9268 9273 9278 9280 9283 9298 9300 9316 9318 9323 9328 9332 9335 9351
66 112 143 344 388 468 524 835 878 1014 1044 1045 1048 1098 1166 1199 1468 1524 1565 1666 1726 1786 1880 1886 1910 1949 1964 1985 2064 2092 2197 2255 2271 2307 2368 2499 2618 2620 2624 2628 2801 2853 2860 2886 2938 2947 2985 3055 3160 3175 3218 3255 3280 3393 3483 3487 3506 3565 3577 3607 3610 3822 3872 3882 3883 3965 3977 4044 4154 4156 4173 4246 4291 4307 4309 4330 4377 4428 4492 4596 4672 4676 4684 4703 4705 4711 4828 4836 4849 4981 5030 5081 5098 5269 5272 5295 5322 5330 5368 5390 5456 5462 5513 5521 5585 5596 5642 5703 5756 5820 5880 5885 5891 5951 5956 6041 6118 6122 6138 6156 6174 6184 6222 6284 6287 6322 6357 6376 6399 6432 6496 6520 6570 6603 6622 6625 6631 6633 6656 6679 6686 6698 6740 6747 6782 6801 6817 6832 6839 6880 6883 6899 6919 6925 6984 6998 7024 7038 7069 7113 7125 7141 7186 7222 7291 7306 7345 7387 7392 7425 7429 7459 7468 7487 7494 7506 7524 7527 7565 7569 7591 7680 7693 7697 7718 7759 7858 7890 7902 7905 7909 7912 7949 7951 7956 7969 8002 8010 8031 8040 8064 8066 8091 8094 8095 8106 8112 8113 8128 8142 8157 8166 8171 8172 8179 8237 8258 8283 8290 8313 8323 8329 8336 8339 8390 8401 8416 8418 8430 8481 8486 8504 8514 8521 8555 8560 8567 8575 8585 8620 8625 8687 8719 8724 8732 8733 8736 8737 8742 8755 8772 8773 8780 8788 8797 8798 8799 8817 8830 8841 8844 8845 8846 8854 8859 8862 8869 8886 8895 8915 8918 8934 8939 8948 8954 8958 8963 8976 8979 8980 8991 9004 9014 9019 9064 9088 9092 9099 9110 9118 9121 9125 9145 9147 9155 9174 9180 9184 9193 9198 9200 9213 9220 9223 9234 9237 9241 9243 9248 9260 9264 9268 9269 9280 9291 9296 9297 9309 9315 9326 9327 9332 9333
53 366 430 520 772 859 991 1003 1013 1077 1435 1445 1456 1473 1650 1723 1738 1762 1839 1884 1885 1888 1940 1982 2027 2070 2146 2250 2474 2614 2777 2800 2901 2927 2992 3037 3143 3253 3378 3405 3463 3472 3509 3572 3593 3599 3811 3816 3864 3920 3951 3964 4034 4081 4122 4160 4233 4245 4266 4278 4281 4285 4286 4290 4342 4431 4480 4482 4620 4666 4669 4682 4730 4801 4828 4975 4999 5029 5088 5263 5264 5269 5290 5298 5301 5326 5353 5389 5412 5438 5454 5526 5564 5580 5609 5614 5625 5670 5746 5765 5815 5818 5819 5855 5941 6049 6111 6121 6125 6141 6163 6181 6214 6261 6298 6317 6323 6329 6362 6370 6397 6417 6418 6422 6431 6448 6502 6561 6572 6605 6612 6614 6622 6641 6679 6694 6745 6796 6803 6815 6823 6858 6868 6875 6984 7063 7069 7115 7141 7153 7162 7172 7221 7273 7288 7299 7321 7336 7360 7362 7398 7399 7413 7438 7462 7464 7468 7484 7538 7612 7633 7662 7670 7678 7684 7712 7741 7759 7778 7785 7857 7888 7895 7945 7947 7949 7951 7958 7960 8001 8022 8055 8060 8094 8108 8113 8136 8142 8176 8216 8243 8265 8266 8281 8287 8313 8322 8332 8368 8374 8379 8382 8384 8394 8396 8401 8461 8463 8475 8503 8511 8528 8540 8547 8562 8566 8568 8582 8608 8613 8645 8678 8686 8710 8722 8723 8725 8733 8737 8746 8766 8773 8780 8788 8801 8830 8841 8859 8885 8890 8904 8908 8927 8946 8955 8970 8976 8978 8981 8988 9005 9030 9064 9083 9090 9092 9115 9118 9141 9142 9147 9167 9173 9180 9185 9186 9189 9199 9200 9205 9207 9213 9230 9234 9238 9243 9247 9253 9264 9276 9277 9290 9296 9303 9324 9326 9331
41 53 349 415 417 465 472 686 779 829 955 958 1037 1346 1362 1434 1446 1448 1514 1562 1637 1669 1703 1713 1724 1796 1813 1836 1886 1887 1894 1920 1956 1995 2057 2093 2094 2101 2161 2189 2233 2427 2472 2609 2644 2698 2730 2746 2760 2776 2784 2875 3002 3017 3032 3044 3228 3297 3365 3381 3549 3563 3572 3602 3769 3789 3930 3949 4116 4132 4212 4278 4317 4361 4448 4463 4556 4588 4602 4635 4710 4787 4815 4835 4852 4908 4938 4960 4989 5005 5034 5079 5108 5198 5203 5224 5246 5269 5407 5480 5528 5554 5574 5612 5676 5686 5778 5804 5812 5826 5850 5940 5971 6069 6089 6092 6110 6128 6154 6168 6211 6214 6224 6244 6284 6297 6306 6307 6309 6320 6323 6345 6372 6373 6415 6417 6438 6503 6524 6566 6569 6607 6611 6613 6652 6654 6712 6746 6776 6779 6788 6802 6854 6861 6865 6931 6970 6980 7037 7043 7056 7074 7105 7107 7124 7134 7197 7253 7298 7307 7379 7397 7407 7421 7425 7462 7467 7542 7619 7624 7647 7661 7671 7675 7700 7713 7729 7777 7785 7847 7877 7879 7880 7897 7920 7934 7943 7950 7958 7980 7995 8000 8007 8033 8039 8051 8056 8092 8093 8100 8103 8114 8115 8120 8212 8236 8245 8255 8265 8286 8320 8355 8369 8383 8390 8427 8439 8462 8463 8470 8472 8481 8488 8500 8526 8536 8558 8565 8611 8638 8671 8702 8718 8729 8733 8749 8759 8766 8774 8775 8785 8788 8811 8827 8838 8857 8880 8884 8885 8888 8896 8899 8918 8927 8929 8940 8943 8955 8960 8972 8974 8988 8991 9015 9019 9041 9043 9064 9079 9084 9089 9112 9113 9123 9133 9141 9145 9150 9164 9165 9181 9187 9197 9200 9201 9230 9235 9236 9241 9243 9247 9248 9256 9259 9276 9279 9282 9297 9300 9307 9315 9321 9325 9328 9329 9331
35 172 217 218 221 387 388 417 774 817 950 957 1301 1312 1431 1443 1455 1531 1557 1631 1693 1713 1802 1836 1892 1946 1984 2091 2123 2126 2174 2202 2218 2425 2524 2544 2585 2672 2726 2745 2785 2811 2956 3052 3199 3224 3256 3320 3360 3381 3400 3430 3447 3560 3649 3744 3916 3922 3942 3947 3987 4034 4059 4172 4189 4202 4255 4276 4284 4388 4429 4436 4553 4559 4589 4594 4600 4626 4707 4779 4813 4814 4852 4857 4921 4923 4963 4965 5041 5051 5093 5107 5169 5231 5253 5256 5257 5404 5423 5497 5545 5597 5599 5680 5752 5793 5802 5823 5853 5900 5909 5920 5927 6001 6107 6108 6116 6139 6147 6151 6185 6210 6214 6225 6282 6298 6308 6317 6340 6371 6382 6388 6407 6410 6564 6604 6608 6611 6642 6648 6712 6744 6777 6798 6801 6857 6884 6940 6944 6959 7016 7021 7059 7062 7089 7090 7116 7150 7187 7252 7257 7304 7383 7401 7407 7420 7435 7446 7455 7458 7513 7627 7628 7648 7655 7669 7683 7745 7750 7774 7828 7829 7847 7858 7875 7898 7903 7904 7908 7912 7930 7944 7950 7952 7962 7974 7976 8000 8018 8034 8043 8055 8078 8092 8095 8100 8108 8113 8118 8143 8179 8205 8220 8236 8256 8258 8284 8314 8316 8317 8319 8321 8365 8369 8381 8388 8416 8433 8443 8459 8464 8471 8483 8484 8489 8490 8491 8518 8529 8543 8556 8564 8565 8603 8614 8648 8701 8717 8718 8732 8752 8753 8770 8774 8781 8787 8807 8812 8825 8835 8846 8856 8879 8886 8896 8900 8912 8917 8918 8931 8942 8948 8951 8964 8967 8970 8979 8981 9028 9039 9056 9062 9063 9064 9070 9080 9085 9089 9112 9140 9160 9165 9168 9180 9181 9189 9206 9219 9226 9235 9240 9243 9255 9259 9269 9275 9279 9292 9300 9315 9317 9325
35 129 189 196 203 286 495 529 788 809 852 900 1101 1112 1246 1292 1421 1487 1575 1669 1683 1711 1751 1754 1784 1796 1814 1843 1849 1916 1917 1954 1964 2069 2115 2169 2311 2394 2519 2531 2588 2665 2733 2751 2806 2944 3016 3055 3175 3183 3193 3316 3347 3350 3369 3429 3444 3465 3479 3566 3568 3638 3704 3734 3823 3903 3915 3986 4008 4040 4066 4157 4160 4187 4254 4380 4427 4520 4538 4585 4590 4688 4697 4699 4744 4845 4913 5010 5038 5051 5092 5095 5098 5155 5216 5233 5244 5263 5300 5392 5420 5460 5464 5486 5527 5582 5586 5719 5730 5778 5801 5813 5829 5895 5922 5939 5967 6098 6101 6104 6137 6139 6145 6179 6221 6241 6268 6280 6296 6300 6327 6359 6374 6389 6395 6546 6557 6585 6603 6638 6696 6726 6728 6734 6749 6757 6765 6767 6779 6784 6823 6848 6854 6872 6882 6924 6950 6955 6989 7033 7051 7054 7056 7077 7133 7143 7216 7256 7258 7270 7272 7374 7395 7404 7409 7445 7452 7467 7489 7539 7560 7571 7602 7608 7629 7645 7648 7665 7740 7748 7767 7825 7842 7845 7869 7881 7892 7918 7928 7947 7948 7950 7970 7976 8012 8020 8027 8030 8055 8073 8088 8089 8099 8109 8111 8113 8197 8200 8209 8220 8223 8235 8275 8315 8347 8349 8362 8371 8376 8395 8412 8449 8451 8469 8470 8475 8483 8488 8508 8529 8536 8540 8547 8556 8563 8592 8603 8606 8616 8682 8698 8699 8711 8717 8724 8734 8738 8745 8748 8763 8768 8772 8805 8834 8841 8845 8874 8877 8880 8911 8915 8916 8928 8936 8944 8960 8969 8972 8980 9009 9046 9053 9055 9060 9063 9064 9079 9082 9088 9110 9140 9146 9151 9159 9162 9175 9177 9178 9184 9206 9215 9225 9226 9238 9239 9240 9246 9248 9259 9277 9282 9295 9296 9297 9315 9316 9317 9321
139 156 159 232 241 283 478 552 699 772 773 799 877 895 1068 1184 1205 1398 1466 1570 1651 1709 1762 1765 1772 1787 1891 1900 1926 1947 1978 2055 2061 2100 2150 2300 2391 2501 2509 2522 2647 2650 2670 2722 2781 2798 2895 2989 3034 3068 3315 3346 3370 3374 3400 3583 3613 3698 3718 3871 3893 3900 3944 4070 4075 4111 4142 4151 4179 4229 4394 4437 4521 4576 4581 4663 4673 4688 4809 4882 4939 5001 5046 5070 5099 5127 5221 5361 5363 5379 5445 5453 5523 5524 5549 5701 5716 5747 5775 5782 5784 5824 5879 5905 5914 5962 6059 6092 6101 6136 6139 6168 6178 6237 6249 6274 6291 6318 6346 6363 6366 6375 6440 6479 6522 6536 6568 6591 6598 6633 6636 6727 6760 6767 6792 6818 6825 6854 6861 6912 6935 6955 7028 7033 7069 7088 7118 7214 7270 7282 7301 7347 7364 7368 7374 7379 7438 7470 7496 7553 7588 7600 7643 7660 7696 7741 7743 7747 7756 7766 7805 7816 7833 7836 7844 7859 7862 7886 7889 7890 7892 7905 7909 7944 7945 7948 7950 7974 7976 7997 8011 8030 8054 8056 8069 8073 8084 8091 8093 8098 8109 8163 8172 8183 8192 8202 8204 8217 8235 8273 8276 8291 8311 8339 8359 8368 8370 8394 8402 8406 8420 8425 8444 8448 8453 8468 8485 8497 8515 8526 8545 8577 8588 8596 8599 8655 8694 8697 8707 8721 8728 8745 8756 8757 8771 8777 8804 8826 8833 8842 8845 8868 8869 8876 8890 8915 8930 8943 8944 8952 8959 8965 8973 8979 9009 9037 9052 9057 9058 9060 9070 9075 9081 9098 9099 9105 9140 9146 9161 9172 9177 9183 9209 9213 9217 9222 9224 9226 9235 9236 9238 9241 9248 9249 9253 9266 9274 9282 9291 9314 9316
9 79 131 153 253 268 401 583 668 713 760 770 831 1060 1115 1302 1362 1372 1563 1638 1759 1840 1846 1887 1943 2040 2134 2154 2295 2374 2479 2489 2506 2567 2591 2633 2636 2704 2726 2753 2765 2776 2860 2975 3025 3218 3295 3342 3362 3479 3523 3577 3675 3705 3725 3811 3827 3852 3889 3977 3994 4055 4126 4147 4192 4202 4272 4309 4359 4364 4375 4518 4538 4569 4580 4682 4741 4792 4804 4850 4868 4882 4900 4969 4972 5022 5052 5103 5125 5141 5170 5185 5198 5287 5358 5378 5440 5445 5468 5492 5517 5660 5663 5722 5737 5741 5767 5770 5772 5776 5818 5855 6012 6026 6067 6090 6092 6113 6116 6130 6178 6181 6226 6243 6260 6279 6289 6314 6339 6413 6504 6531 6580 6588 6596 6603 6613 6625 6675 6690 6693 6700 6715 6739 6742 6744 6758 6815 6856 6880 6902 7010 7020 7052 7087 7145 7151 7204 7245 7246 7337 7349 7352 7359 7364 7373 7390 7393 7429 7434 7443 7454 7490 7515 7541 7559 7567 7574 7575 7601 7628 7659 7667 7695 7724 7747 7823 7826 7828 7831 7842 7854 7889 7890 7892 7900 7906 7917 7939 7941 7942 7947 7964 8000 8003 8007 8011 8039 8043 8045 8060 8067 8072 8076 8080 8082 8090 8092 8095 8096 8104 8172 8198 8216 8227 8261 8296 8297 8300 8304 8332 8363 8375 8388 8402 8404 8445 8446 8481 8482 8487 8519 8520 8521 8565 8566 8583 8584 8590 8635 8639 8676 8692 8700 8701 8710 8719 8721 8732 8735 8750 8756 8771 8783 8821 8825 8827 8836 8844 8864 8866 8867 8871 8874 8899 8908 8914 8921 8925 8931 8936 8952 8957 8962 8978 8999 9013 9033 9035 9049 9072 9075 9091 9101 9103 9105 9132 9138 9152 9154 9160 9172 9180 9189 9192 9201 9210 9223 9225 9231 9234 9235 9242 9244 9272 9274 9279 9286 9313 9314
60 69 199 271 446 450 643 696 699 756 772 897 990 1008 1107 1199 1228 1345 1400 1561 1589 1636 1637 1643 1716 1737 1838 1843 1844 1865 1888 1963 1965 1992 2016 2088 2131 2286 2315 2354 2364 2377 2396 2468 2498 2551 2621 2631 2646 2669 2697 2747 2940 2997 3040 3119 3267 3282 3292 3306 3353 3415 3479 3595 3686 3755 3765 3816 3830 3990 3998 4062 4178 4189 4197 4212 4258 4318 4348 4485 4511 4513 4538 4573 4578 4650 4665 4737 4778 4788 4797 4812 4869 4963 5001 5075 5076 5085 5171 5173 5177 5220 5321 5338 5354 5358 5421 5430 5515 5552 5653 5719 5730 5732 5766 5771 5791 5797 5968 5969 6054 6073 6090 6105 6119 6192 6239 6243 6277 6310 6331 6333 6386 6409 6497 6500 6554 6577 6585 6587 6595 6632 6646 6674 6688 6711 6717 6728 6758 6763 6773 6776 6785 6787 6854 6874 6895 6906 6929 6972 6981 7004 7038 7052 7067 7124 7203 7243 7258 7280 7304 7308 7341 7344 7354 7362 7363 7373 7384 7427 7431 7478 7491 7508 7555 7587 7592 7605 7644 7711 7735 7787 7815 7820 7825 7888 7890 7893 7918 7923 7925 7946 7954 7972 7980 7981 7994 8040 8055 8067 8076 8087 8094 8101 8175 8193 8215 8223 8226 8240 8259 8267 8287 8304 8324 8347 8361 8390 8393 8446 8480 8482 8505 8508 8509 8512 8541 8544 8581 8588 8622 8629 8632 8648 8661 8687 8692 8694 8717 8720 8729 8735 8749 8752 8761 8763 8810 8815 8822 8832 8836 8854 8864 8897 8902 8908 8910 8911 8922 8924 8928 8948 8950 8952 8969 8987 8996 9016 9031 9032 9036 9037 9047 9049 9057 9059 9061 9064 9074 9079 9080 9089 9096 9099 9130 9132 9145 9159 9164 9172 9173 9178 9198 9203 9204 9216 9217 9223 9227 9233 9234 9236 9239 9267 9275 9280 9295 9297 9312 9313
10 53 117 176 270 390 443 595 609 651 678 689 735 893 914 958 1003 1255 1508 1556 1595 1609 1634 1643 1673 1714 1773 1838 1858 1992 2000 2108 2177 2322 2334 2402 2458 2467 2476 2530 2573 2608 2659 2665 2730 2933 3030 3151 3201 3294 3326 3348 3357 3535 3583 3662 3727 3748 3798 3829 3900 3949 3995 4066 4067 4171 4194 4272 4301 4310 4347 4472 4478 4486 4538 4565 4601 4640 4643 4732 4760 4772 4796 4813 4878 4959 4982 5052 5131 5149 5285 5353 5368 5404 5409 5418 5477 5486 5511 5595 5676 5705 5716 5719 5732 5768 5781 5796 5959 5991 6005 6007 6038 6053 6097 6118 6183 6232 6238 6243 6252 6298 6330 6375 6387 6388 6469 6492 6538 6552 6553 6560 6578 6582 6594 6671 6675 6701 6715 6722 6741 6760 6767 6778 6845 6870 6901 6955 6991 7037 7069 7201 7237 7242 7262 7291 7307 7310 7334 7348 7360 7370 7383 7395 7420 7440 7449 7451 7504 7543 7568 7569 7580 7597 7639 7685 7705 7730 7739 7783 7809 7825 7832 7877 7884 7916 7923 7942 7946 7969 7971 7972 7976 7988 8022 8029 8040 8064 8076 8086 8093 8134 8159 8180 8195 8203 8210 8220 8232 8237 8278 8283 8288 8294 8319 8343 8361 8370 8379 8441 8447 8468 8469 8476 8479 8505 8508 8567 8617 8624 8673 8676 8685 8690 8706 8714 8717 8723 8728 8729 8733 8736 8742 8744 8746 8753 8761 8804 8813 8821 8825 8826 8831 8844 8863 8864 8869 8881 8890 8893 8907 8916 8922 8934 8941 8942 8947 8949 8954 8963 8985 8987 9001 9025 9030 9039 9041 9048 9051 9058 9061 9070 9072 9074 9081 9084 9104 9114 9123 9127 9149 9162 9173 9176 9196 9198 9213 9215 9221 9233 9261 9267 9276 9285 9298 9299 9312
41 104 252 326 456 571 679 686 755 768 937 985 988 1420 1446 1453 1488 1497 1522 1581 1600 1601 1613 1615 1695 1711 1735 1814 1827 1916 1984 2125 2213 2254 2298 2332 2359 2370 2458 2485 2525 2554 2589 2624 2693 2724 2913 2950 3034 3058 3196 3233 3266 3317 3322 3342 3344 3507 3543 3558 3572 3668 3700 3722 3738 3774 3816 3825 3827 3896 3912 4115 4158 4176 4189 4200 4220 4227 4281 4465 4475 4479 4505 4559 4596 4608 4723 4746 4778 4829 4933 4936 5118 5122 5252 5267 5351 5361 5393 5408 5429 5444 5633 5693 5707 5731 5735 5738 5744 5751 5760 5762 5765 5808 5895 5927 5975 6001 6050 6093 6105 6113 6155 6185 6221 6226 6283 6326 6387 6403 6456 6518 6541 6557 6566 6576 6577 6591 6612 6621 6659 6690 6700 6707 6712 6713 6758 6830 6839 6863 6893 6915 6931 6940 6952 6989 6996 7080 7188 7190 7197 7202 7220 7227 7228 7286 7299 7323 7324 7357 7377 7393 7396 7402 7417 7435 7447 7492 7523 7529 7554 7567 7590 7637 7696 7712 7775 7803 7811 7820 7857 7862 7875 7882 7886 7902 7913 7916 7920 7938 7939 7955 7959 7973 7980 7985 8006 8029 8032 8064 8070 8093 8098 8122 8147 8179 8193 8218 8224 8265 8280 8285 8287 8288 8317 8327 8335 8361 8379 8408 8443 8447 8453 8472 8473 8481 8491 8505 8532 8555 8599 8615 8669 8676 8681 8699 8703 8705 8713 8714 8722 8730 8734 8746 8777 8787 8798 8806 8812 8815 8823 8826 8844 8845 8862 8877 8882 8886 8905 8907 8918 8927 8941 8943 8949 8967 8984 9000 9001 9009 9012 9013 9040 9041 9055 9056 9058 9070 9072 9081 9100 9105 9114 9125 9126 9132 9143 9145 9150 9154 9165 9181 9182 9188 9210 9214 9218 9230 9231 9232 9250 9258 9259 9263 9273 9293 9307 9312
9 38 175 240 390 561 563 675 677 804 820 972 1293 1299 1415 1441 1476 1487 1506 1520 1534 1554 1613 1645 1653 1695 1763 1800 1854 1901 1960 2061 2077 2193 2203 2244 2320 2359 2417 2431 2490 2538 2550 2623 2722 2883 2956 2967 3130 3189 3235 3303 3305 3347 3378 3387 3400 3484 3569 3594 3710 3729 3762 3765 3799 3801 3873 4096 4110 4112 4149 4158 4159 4175 4351 4419 4464 4468 4485 4571 4616 4640 4661 4671 4710 4745 4753 4756 4778 4931 5023 5116 5213 5233 5252 5318 5331 5385 5406 5421 5532 5548 5622 5655 5677 5708 5725 5733 5743 5754 5855 5924 5925 5934 5937 5998 6029 6047 6088 6103 6141 6161 6163 6183 6207 6212 6223 6234 6249 6275 6280 6282 6284 6364 6456 6457 6479 6500 6511 6531 6538 6559 6565 6596 6600 6620 6656 6663 6684 6692 6695 6734 6753 6822 6833 6887 6917 6943 6949 6983 6991 7097 7178 7185 7213 7257 7321 7334 7342 7360 7378 7383 7392 7429 7488 7493 7520 7557 7572 7586 7683 7689 7693 7726 7735 7765 7779 7781 7783 7790 7797 7828 7830 7862 7882 7907 7908 7912 7922 7936 7947 7951 7962 7969 7971 7987 8032 8034 8039 8053 8064 8066 8067 8068 8070 8072 8090 8108 8113 8123 8135 8187 8212 8215 8219 8261 8268 8272 8276 8305 8318 8320 8358 8361 8399 8415 8449 8468 8470 8505 8508 8530 8553 8577 8592 8610 8613 8656 8666 8668 8672 8688 8696 8710 8714 8716 8724 8728 8740 8771 8801 8810 8814 8822 8826 8843 8849 8853 8874 8877 8901 8907 8913 8926 8932 8935 8940 8944 8951 8968 8970 8986 8991 9009 9018 9024 9034 9037 9052 9053 9056 9061 9069 9093 9103 9114 9118 9130 9140 9147 9165 9167 9175 9181 9199 9205 9212 9213 9214 9217 9218 9226 9231 9251 9258 9259 9275 9281 9297
8 16 29 62 233 478 550 560 591 592 622 749 834 950 961 1151 1294 1317 1406 1431 1438 1469 1505 1508 1513 1576 1586 1760 1799 1846 1874 1928 2171 2267 2340 2345 2388 2399 2421 2484 2485 2506 2525 2530 2537 2578 2606 2719 2738 2777 2856 2875 2929 2964 3089 3145 3173 3198 3255 3361 3538 3581 3716 3793 3846 3848 3870 3923 4044 4072 4132 4143 4192 4196 4331 4457 4468 4521 4568 4598 4602 4620 4658 4671 4700 4735 4907 4908 4996 5000 5083 5093 5101 5113 5202 5239 5247 5310 5317 5367 5368 5377 5385 5397 5418 5484 5495 5539 5589 5677 5686 5694 5717 5733 5750 5772 5789 5814 5826 5883 5921 5925 5928 5977 6011 6039 6041 6057 6064 6065 6123 6150 6159 6166 6202 6203 6221 6229 6234 6253 6270 6276 6318 6350 6396 6430 6523 6524 6529 6531 6532 6559 6564 6581 6605 6611 6639 6661 6674 6681 6703 6714 6804 6819 6836 6858 6925 6926 6944 6955 6975 7038 7151 7178 7200 7229 7238 7316 7318 7337 7364 7392 7425 7439 7504 7508 7531 7555 7569 7619 7643 7680 7683 7724 7766 7777 7779 7784 7790 7796 7810 7811 7821 7860 7867 7869 7901 7935 7939 7941 7946 7967 7980 8011 8025 8029 8044 8045 8046 8055 8065 8083 8091 8106 8112 8117 8158 8182 8185 8197 8206 8231 8241 8266 8271 8275 8305 8306 8329 8379 8391 8402 8431 8446 8454 8458 8464 8468 8506 8524 8525 8559 8579 8591 8593 8610 8633 8649 8657 8662 8664 8682 8696 8701 8710 8714 8728 8730 8760 8762 8772 8790 8791 8796 8810 8812 8813 8818 8826 8847 8853 8859 8866 8867 8868 8898 8906 8909 8912 8916 8920 8924 8928 8944 8965 8972 8985 8986 9002 9031 9032 9034 9052 9055 9068 9075 9084 9092 9108 9109 9115 9130 9137 9146 9152 9153 9157 9163 9185 9191 9192 9208 9210 9214 9216 9225 9249 9250 9271 9274
27 193 241 365 528 538 585 785 793 808 899 1326 1346 1391 1455 1459 1479 1538 1729 1748 1782 1797 1822 1826 1886 2090 2108 2162 2322 2331 2369 2396 2464 2480 2490 2502 2620 2656 2714 2800 2836 2938 2941 3002 3114 3118 3188 3190 3194 3215 3244 3268 3290 3360 3500 3511 3712 3714 3725 3769 3781 3789 3816 3827 3953 4017 4022 4082 4142 4313 4325 4385 4398 4453 4473 4495 4528 4535 4553 4564 4616 4646 4694 4701 4707 4765 4878 4889 4892 4963 5090 5116 5135 5149 5283 5302 5313 5352 5381 5469 5548 5566 5588 5676 5710 5719 5720 5723 5736 5770 5867 5869 5900 5908 5926 5948 5975 6004 6024 6050 6103 6104 6125 6130 6139 6144 6157 6200 6216 6227 6249 6254 6280 6324 6343 6361 6390 6392 6397 6515 6521 6522 6554 6556 6562 6583 6599 6609 6635 6650 6660 6668 6686 6700 6772 6777 6818 6843 6893 6916 6954 6956 6983 7017 7079 7117 7173 7176 7187 7214 7233 7237 7238 7288 7289 7300 7318 7326 7333 7367 7388 7412 7422 7436 7464 7521 7531 7532 7543 7544 7604 7613 7617 7621 7630 7673 7685 7717 7746 7764 7780 7794 7819 7833 7851 7857 7860 7865 7898 7918 7924 7935 7958 7966 7988 8016 8023 8032 8041 8042 8049 8056 8064 8066 8073 8076 8089 8110 8146 8181 8184 8195 8201 8238 8256 8264 8271 8296 8298 8315 8327 8346 8361 8374 8401 8408 8411 8426 8433 8455 8463 8498 8501 8503 8512 8545 8551 8572 8595 8597 8601 8629 8641 8642 8662 8682 8684 8699 8703 8707 8710 8713 8716 8723 8737 8749 8779 8790 8808 8812 8813 8842 8847 8865 8886 8898 8906 8912 8914 8918 8921 8935 8962 8967 8985 8995 9002 9022 9028 9030 9050 9055 9061 9064 9068 9083 9109 9129 9132 9134 9147 9156 9157 9166 9188 9189 9196 9202 9210 9216 9224 9225 9228 9239 9247 9249 9262
321 389 434 455 467 515 521 571 583 755 861 1139 1246 1271 1333 1402 1439 1448 1477 1503 1529 1568 1699 1712 1782 1823 2019 2062 2088 2239 2324 2452 2463 2583 2672 2727 2750 2808 2835 2895 2950 2997 3101 3168 3180 3187 3266 3285 3401 3416 3487 3599 3699 3705 3707 3709 3764 3811 3949 4017 4057 4069 4123 4187 4313 4340 4357 4409 4415 4440 4446 4526 4538 4544 4563 4598 4612 4650 4705 4718 4745 4819 4872 4873 4884 4944 5030 5079 5084 5100 5115 5176 5247 5290 5294 5301 5363 5380 5419 5445 5485 5525 5556 5566 5568 5574 5621 5634 5666 5706 5711 5767 5775 5844 5849 5865 5907 5921 5987 5999 6018 6103 6111 6166 6186 6202 6214 6238 6240 6272 6323 6339 6349 6375 6431 6442 6461 6513 6521 6552 6560 6578 6595 6609 6627 6628 6683 6732 6809 6817 6830 6858 6941 6947 6986 7001 7003 7035 7085 7156 7175 7186 7219 7287 7291 7313 7331 7333 7356 7386 7409 7437 7492 7524 7533 7592 7604 7669 7674 7714 7735 7739 7755 7770 7772 7777 7808 7830 7853 7859 7865 7883 7895 7905 7911 7924 7928 7956 7968 7979 7988 7996 8001 8037 8040 8049 8050 8051 8069 8138 8175 8185 8230 8236 8239 8259 8284 8289 8295 8310 8354 8364 8369 8391 8393 8401 8432 8443 8452 8453 8454 8459 8461 8468 8472 8473 8486 8503 8546 8569 8570 8572 8584 8593 8632 8640 8644 8654 8668 8676 8679 8696 8699 8705 8708 8712 8722 8730 8749 8764 8772 8798 8800 8802 8808 8812 8821 8842 8847 8849 8857 8863 8876 8882 8885 8904 8913 8917 8918 8965 8970 8977 8984 8987 8996 9024 9029 9030 9047 9052 9057 9058 9059 9063 9082 9084 9085 9105 9106 9108 9115 9123 9131 9148 9153 9159 9180 9186 9199 9201 9208 9213 9215 9216 9223 9224 9231 9247
308 312 445 461 469 504 516 542 750 773 1092 1259 1270 1383 1392 1473 1662 1751 1778 1781 1782 1924 1990 2005 2142 2276 2298 2311 2370 2425 2437 2452 2563 2576 2593 2634 2706 2746 2816 2960 2997 3065 3094 3107 3146 3164 3187 3234 3278 3290 3587 3690 3704 3749 3764 3905 3916 3943 4041 4066 4067 4114 4119 4215 4244 4309 4337 4353 4417 4518 4525 4587 4695 4704 4721 4742 4805 4836 4852 4865 4879 4942 4943 5025 5041 5070 5081 5115 5134 5193 5209 5233 5255 5261 5263 5271 5281 5316 5324 5376 5404 5520 5536 5564 5628 5656 5657 5680 5692 5789 5803 5822 5845 5855 5886 5957 6016 6070 6094 6127 6142 6171 6195 6218 6321 6337 6360 6430 6454 6494 6505 6518 6521 6531 6552 6563 6568 6587 6600 6603 6657 6676 6721 6741 6755 6762 6779 6791 6801 6804 6816 6919 6933 7013 7069 7078 7083 7131 7138 7156 7175 7206 7264 7274 7295 7310 7328 7329 7332 7383 7397 7416 7447 7485 7486 7494 7511 7518 7587 7603 7667 7707 7721 7742 7748 7777 7782 7802 7805 7836 7843 7851 7857 7863 7866 7894 7905 7922 7924 7939 7944 7970 7982 7998 8027 8031 8046 8049 8050 8055 8123 8136 8149 8160 8168 8218 8236 8248 8285 8287 8293 8307 8320 8322 8331 8362 8378 8383 8395 8432 8433 8450 8452 8460 8469 8472 8507 8526 8534 8560 8566 8578 8585 8625 8627 8640 8643 8647 8652 8654 8685 8696 8702 8706 8710 8735 8759 8765 8780 8781 8791 8792 8793 8795 8805 8813 8818 8845 8853 8874 8876 8881 8882 8894 8904 8908 8916 8918 8963 8976 8984 8991 8996 9011 9025 9028 9047 9052 9062 9079 9100 9102 9106 9117 9119 9122 9127 9144 9145 9153 9161 9165 9167 9177 9180 9184 9197 9212 9214 9220 9222 9224 9242
127 292 305 375 438 456 502 672 713 742 925 994 996 1173 1235 1284 1382 1451 1656 1678 1723 1769 1796 1886 1907 1945 1971 1972 2158 2184 2190 2231 2292 2342 2356 2365 2402 2438 2587 2660 2675 2907 2911 2960 2978 3038 3039 3073 3091 3157 3186 3201 3240 3257 3598 3686 3696 3703 3715 3724 3746 3781 3828 3894 3937 3985 4022 4029 4056 4074 4106 4189 4271 4287 4298 4345 4382 4427 4483 4484 4566 4581 4657 4677 4795 4800 4823 4847 4866 4889 5010 5075 5077 5078 5094 5131 5198 5268 5347 5358 5377 5386 5463 5464 5517 5520 5549 5651 5653 5667 5726 5763 5796 5809 5817 5830 5833 5837 5838 5868 5886 5924 5929 5967 5971 6016 6063 6092 6125 6130 6193 6206 6266 6276 6299 6399 6454 6477 6480 6497 6508 6514 6521 6539 6551 6553 6563 6576 6603 6672 6736 6738 6756 6774 6775 6778 6790 6808 6839 6855 6894 6997 7018 7032 7100 7112 7120 7131 7152 7174 7203 7205 7260 7271 7297 7316 7327 7348 7376 7446 7451 7469 7509 7551 7588 7603 7605 7640 7653 7664 7680 7704 7712 7717 7731 7751 7774 7800 7813 7823 7838 7857 7877 7898 7899 7902 7917 7929 7933 7948 7980 7998 8021 8026 8037 8044 8050 8109 8110 8128 8141 8144 8159 8208 8216 8229 8235 8239 8244 8263 8271 8278 8298 8326 8329 8350 8351 8429 8435 8455 8485 8495 8498 8504 8509 8549 8584 8595 8634 8647 8649 8650 8656 8671 8675 8678 8686 8692 8695 8701 8703 8708 8723 8733 8757 8776 8780 8790 8802 8813 8818 8832 8839 8846 8852 8868 8869 8874 8883 8900 8912 8917 8931 8961 8965 8970 8980 8996 9020 9024 9028 9033 9047 9050 9056 9058 9072 9099 9101 9106 9116 9126 9128 9142 9153 9154 9159 9160 9165 9169 9170 9173 9175 9178 9189 9191 9193 9206 9207 9209 9210 9213 9214 9218 9221 9225 9232
90 204 255 369 422 428 451 671 682 709 711 847 872 1116 1217 1264 1305 1358 1437 1529 1566 1606 1638 1690 1708 1735 1769 1874 1929 1977 1984 2057 2063 2218 2221 2252 2257 2314 2365 2367 2417 2430 2436 2521 2581 2646 2657 2774 2790 2946 2950 3025 3153 3182 3183 3207 3568 3594 3676 3690 3691 3695 3702 3805 3848 3876 3978 3995 4001 4005 4043 4053 4098 4186 4236 4238 4249 4279 4342 4344 4353 4378 4382 4469 4525 4559 4569 4625 4628 4667 4690 4816 4844 4866 4943 4945 5046 5057 5073 5130 5199 5252 5256 5329 5332 5358 5433 5502 5517 5599 5609 5640 5656 5710 5748 5786 5817 5835 5865 5900 5946 5988 6006 6007 6059 6078 6096 6177 6191 6197 6200 6205 6244 6276 6286 6297 6371 6373 6384 6453 6454 6461 6496 6512 6547 6563 6573 6587 6624 6696 6745 6770 6773 6802 6826 6882 6898 6918 6972 6977 7097 7116 7167 7193 7195 7225 7253 7254 7257 7260 7268 7269 7279 7293 7305 7320 7352 7396 7409 7439 7443 7450 7493 7503 7539 7544 7570 7584 7620 7640 7659 7677 7718 7734 7735 7740 7759 7810 7817 7825 7856 7858 7869 7878 7893 7900 7904 7914 7921 7923 7934 7965 7971 7972 7980 7986 7992 8000 8014 8022 8026 8029 8043 8048 8140 8147 8154 8199 8201 8204 8239 8240 8278 8298 8322 8337 8345 8351 8402 8421 8424 8429 8447 8483 8504 8535 8580 8588 8595 8598 8613 8638 8647 8648 8649 8658 8660 8669 8688 8694 8696 8733 8745 8751 8754 8767 8768 8782 8784 8796 8798 8816 8839 8858 8861 8863 8868 8895 8898 8915 8916 8929 8949 8951 8958 8961 8967 9017 9019 9024 9025 9037 9042 9047 9053 9058 9072 9077 9097 9110 9112 9114 9120 9124 9141 9148 9151 9157 9158 9164 9170 9172 9181 9192 9201 9213 9220
101 185 306 350 362 446 493 568 707 715 778 906 994 1052 1090 1130 1183 1230 1345 1362 1369 1394 1582 1625 1678 1711 1730 1833 1851 1881 1908 1976 2031 2080 2168 2185 2216 2220 2255 2306 2360 2407 2408 2435 2581 2626 2630 2704 2709 2759 2800 2822 2838 2847 2977 3002 3009 3015 3118 3136 3166 3301 3305 3347 3471 3492 3659 3663 3673 3686 3804 3838 3949 3993 4021 4060 4083 4136 4179 4208 4233 4263 4297 4330 4334 4335 4356 4364 4445 4472 4526 4623 4651 4698 4706 4806 4832 4846 4860 5020 5046 5063 5073 5113 5127 5170 5226 5245 5248 5310 5340 5418 5423 5490 5500 5504 5506 5513 5557 5559 5574 5591 5649 5651 5756 5772 5785 5805 5825 5845 5957 5971 5995 6024 6042 6073 6075 6096 6111 6151 6167 6169 6184 6199 6265 6267 6334 6379 6440 6443 6477 6487 6501 6504 6509 6512 6513 6528 6529 6562 6568 6586 6598 6619 6621 6692 6737 6738 6756 6841 6879 6931 6956 6970 7052 7063 7102 7141 7157 7195 7250 7252 7256 7262 7286 7290 7348 7350 7385 7420 7476 7498 7518 7548 7569 7570 7595 7616 7659 7671 7674 7676 7685 7704 7705 7738 7752 7759 7773 7796 7811 7824 7849 7855 7856 7873 7881 7887 7902 7920 7937 7943 7956 7967 7980 7987 8002 8003 8005 8023 8029 8040 8042 8122 8133 8134 8150 8166 8168 8196 8197 8222 8236 8238 8244 8271 8302 8309 8314 8319 8330 8339 8343 8349 8353 8381 8385 8413 8422 8425 8428 8431 8479 8498 8505 8516 8536 8567 8573 8585 8591 8599 8620 8625 8635 8652 8653 8686 8688 8695 8747 8764 8780 8786 8796 8830 8831 8835 8856 8868 8872 8892 8894 8914 8916 8923 8928 8944 8956 8960 8963 9008 9014 9020 9023 9028 9032 9047 9054 9056 9060 9068 9069 9072 9079 9084 9097 9099 9100 9104 9119 9120 9128 9137 9138 9148 9157 9167 9169 9177 9179 9181 9187 9213 9216
87 172 295 332 392 434 467 622 634 688 704 720 906 977 1129 1168 1184 1226 1294 1340 1390 1546 1567 1630 1673 1680 1755 1820 1839 1852 1965 2010 2078 2149 2214 2233 2282 2312 2365 2406 2453 2537 2547 2575 2697 2773 2777 2791 2936 2946 2957 3012 3138 3144 3157 3172 3199 3221 3263 3421 3624 3650 3665 3673 3818 3898 3942 3950 4082 4090 4199 4202 4229 4238 4243 4266 4300 4316 4404 4514 4603 4605 4609 4632 4754 4794 4840 4847 5020 5029 5044 5045 5080 5100 5103 5191 5245 5259 5312 5364 5392 5450 5459 5472 5500 5504 5513 5571 5577 5649 5726 5754 5802 5835 5836 5893 5989 6032 6067 6068 6080 6118 6164 6183 6187 6188 6197 6218 6260 6388 6395 6433 6435 6452 6465 6474 6492 6503 6523 6526 6542 6558 6574 6594 6600 6665 6677 6686 6688 6690 6695 6706 6729 6745 6786 6904 6923 6940 7035 7041 7091 7138 7151 7176 7205 7244 7246 7257 7258 7284 7285 7298 7349 7407 7431 7458 7476 7517 7554 7652 7671 7675 7696 7718 7745 7749 7792 7809 7821 7826 7831 7842 7849 7854 7859 7861 7871 7885 7888 7898 7900 7934 7962 7975 7977 7985 8022 8024 8025 8027 8036 8097 8099 8125 8129 8134 8161 8167 8184 8188 8200 8226 8234 8279 8302 8304 8321 8337 8350 8378 8387 8402 8407 8411 8429 8466 8467 8492 8531 8551 8552 8562 8585 8624 8631 8633 8636 8645 8653 8660 8685 8686 8687 8688 8691 8703 8742 8744 8747 8753 8764 8780 8788 8793 8809 8818 8829 8849 8852 8858 8866 8878 8894 8905 8912 8915 8916 8920 8928 8937 8954 8960 8970 8988 9014 9039 9046 9049 9050 9055 9062 9063 9064 9073 9091 9092 9115 9117 9122 9125 9127 9131 9137 9145 9147 9152 9158 9161 9166 9170 9173 9185 9208 9212 9213
104 124 289 322 621 623 625 659 667 835 904 908 1058 1100 1112 1161 1166 1171 1183 1283 1305 1421 1460 1505 1517 1568 1625 1629 1654 1795 1799 1847 2077 2137 2207 2222 2258 2294 2302 2364 2455 2460 2552 2559 2713 2929 2941 2964 3038 3064 3115 3116 3158 3186 3205 3400 3613 3623 3636 3638 3640 3652 3657 3801 3873 3901 4054 4064 4075 4178 4189 4192 4194 4213 4224 4292 4302 4304 4396 4484 4493 4498 4600 4636 4717 4720 4775 4788 4843 4951 5011 5034 5043 5055 5081 5095 5241 5258 5286 5432 5443 5461 5482 5499 5503 5516 5542 5546 5579 5627 5637 5751 5762 5775 5784 5798 5834 5836 5884 5987 6026 6037 6046 6065 6066 6075 6108 6118 6162 6164 6167 6189 6190 6232 6255 6259 6292 6344 6420 6427 6444 6461 6465 6468 6484 6520 6521 6529 6531 6554 6558 6560 6584 6649 6656 6657 6676 6686 6687 6697 6736 6782 6845 6850 6878 6887 6898 6950 7028 7031 7078 7082 7116 7131 7151 7203 7233 7242 7266 7270 7276 7278 7301 7306 7342 7345 7385 7386 7393 7431 7450 7466 7511 7550 7553 7633 7656 7671 7691 7694 7732 7781 7806 7840 7845 7851 7868 7874 7880 7884 7894 7915 7936 7940 7965 7970 7971 8002 8011 8019 8029 8053 8092 8122 8125 8126 8169 8184 8186 8194 8196 8203 8211 8214 8221 8263 8279 8290 8317 8328 8337 8343 8378 8387 8393 8397 8406 8420 8429 8455 8466 8493 8519 8534 8542 8560 8574 8595 8596 8618 8622 8623 8627 8632 8639 8647 8648 8660 8668 8682 8684 8686 8687 8726 8737 8738 8747 8760 8770 8774 8775 8788 8808 8818 8847 8858 8862 8872 8873 8880 8887 8898 8910 8927 8935 8940 8945 8950 8984 9007 9010 9013 9017 9021 9042 9044 9048 9049 9057 9060 9062 9067 9072 9092 9094 9102 9114 9117 9118 9131 9145 9151 9156 9160 9162 9165 9168 9204 9209 9212
1 16 25 108 235 271 312 606 616 769 797 968 1004 1109 1133 1256 1262 1391 1437 1478 1526 1558 1581 1598 1608 1629 1795 1817 1840 1956 2116 2132 2133 2167 2215 2256 2335 2420 2476 2510 2532 2551 2707 2718 2808 2880 2909 2984 3099 3107 3143 3174 3270 3328 3412 3525 3613 3625 3627 3632 3640 3655 3785 3864 3895 3995 4025 4189 4194 4230 4250 4278 4286 4323 4341 4427 4432 4594 4630 4712 4720 4747 4760 4776 4965 4985 5027 5091 5190 5214 5228 5257 5280 5394 5459 5461 5463 5481 5496 5505 5509 5613 5618 5631 5632 5733 5742 5746 5759 5762 5798 5816 5833 5884 5911 5969 5983 5999 6008 6045 6059 6081 6120 6135 6137 6139 6141 6142 6163 6176 6185 6213 6222 6242 6266 6272 6381 6416 6419 6425 6444 6457 6461 6464 6494 6512 6533 6567 6574 6641 6642 6667 6689 6695 6704 6707 6730 6739 6747 6760 6761 6846 6853 6865 6873 6886 6941 7006 7036 7104 7131 7145 7186 7193 7203 7219 7241 7253 7294 7321 7345 7357 7369 7372 7393 7395 7422 7428 7448 7495 7531 7532 7539 7545 7580 7592 7597 7619 7628 7664 7691 7757 7803 7807 7810 7838 7847 7851 7855 7863 7865 7880 7887 7891 7915 7950 7956 7971 7986 8006 8015 8018 8025 8026 8087 8100 8121 8149 8154 8167 8173 8181 8184 8212 8213 8226 8268 8307 8319 8325 8328 8342 8362 8371 8374 8387 8390 8398 8401 8434 8445 8501 8519 8522 8527 8550 8566 8583 8598 8612 8617 8622 8624 8626 8638 8642 8644 8645 8663 8675 8684 8686 8718 8738 8740 8741 8742 8755 8768 8774 8791 8801 8802 8810 8829 8845 8847 8851 8866 8876 8893 8901 8910 8923 8926 8929 8943 8945 8974 8997 9012 9015 9026 9037 9040 9047 9048 9049 9055 9057 9059 9090 9102 9113 9119 9123 9129 9136 9142 9145 9148 9155 9160 9166 9178 9184 9193 9206 9212
31 123 166 265 417 542 575 586 689 744 756 934 979 987 1091 1094 1178 1243 1255 1362 1420 1453 1518 1636 1666 1732 1757 1759 1808 1840 1872 1883 1991 2078 2080 2098 2102 2256 2321 2396 2435 2522 2548 2686 2696 2718 2906 2980 2999 3070 3085 3119 3151 3180 3195 3355 3374 3483 3525 3547 3610 3625 3757 3759 3769 3773 3792 3819 3857 3879 3945 3983 3987 4009 4100 4182 4219 4246 4255 4306 4308 4342 4410 4484 4574 4712 4751 4756 4946 4959 5013 5018 5029 5068 5154 5173 5213 5300 5381 5418 5457 5478 5491 5493 5524 5575 5627 5743 5754 5782 5796 5803 5821 5825 5902 5912 5917 5924 5970 5971 6009 6032 6053 6114 6117 6149 6156 6166 6181 6235 6311 6316 6328 6354 6380 6400 6404 6424 6425 6428 6436 6456 6464 6503 6510 6528 6574 6592 6603 6634 6643 6667 6685 6710 6757 6761 6783 6786 6798 6843 7002 7031 7098 7101 7111 7120 7159 7191 7202 7233 7240 7248 7256 7268 7289 7312 7318 7329 7338 7365 7370 7435 7438 7443 7474 7500 7524 7527 7532 7564 7580 7592 7610 7659 7674 7675 7682 7714 7732 7756 7786 7791 7808 7818 7837 7850 7855 7856 7859 7876 7884 7905 7910 7912 7946 7954 7959 7961 7970 7982 8009 8011 8016 8018 8083 8085 8118 8119 8165 8181 8182 8187 8205 8247 8259 8277 8291 8317 8326 8349 8373 8376 8378 8382 8387 8391 8443 8458 8470 8504 8519 8520 8535 8558 8577 8582 8588 8611 8615 8618 8619 8634 8643 8645 8663 8669 8672 8678 8683 8686 8693 8713 8734 8737 8738 8766 8770 8788 8793 8796 8803 8807 8812 8845 8876 8897 8912 8923 8924 8938 8956 8988 8992 8994 9022 9034 9035 9038 9040 9042 9043 9053 9056 9057 9060 9090 9098 9111 9115 9116 9119 9124 9138 9146 9147 9148 9149 9153 9165 9168 9188 9194 9205 9210 9211
8 52 121 158 227 236 248 348 541 546 693 716 911 925 1071 1072 1076 1083 1238 1351 1363 1420 1479 1502 1632 1641 1731 1781 1788 1863 1889 2072 2088 2191 2231 2290 2305 2373 2435 2447 2527 2547 2645 2664 2868 2892 2931 2998 3115 3132 3173 3269 3342 3348 3451 3594 3602 3605 3607 3734 3813 3871 3987 4008 4049 4084 4101 4159 4164 4166 4177 4196 4198 4217 4232 4304 4335 4346 4369 4447 4484 4492 4671 4692 4725 4787 4806 4858 4868 4871 4901 4922 4931 4946 4963 5011 5028 5116 5150 5209 5280 5332 5356 5359 5404 5407 5414 5445 5457 5473 5492 5502 5559 5613 5733 5743 5755 5795 5803 5805 5831 5895 5900 5908 5962 5975 6015 6023 6031 6103 6155 6177 6178 6267 6269 6278 6300 6304 6364 6397 6399 6404 6415 6421 6453 6495 6507 6518 6610 6632 6636 6643 6679 6694 6699 6754 6755 6808 6809 6936 6947 6959 6997 7020 7026 7037 7073 7131 7154 7179 7190 7222 7233 7239 7240 7269 7279 7307 7311 7313 7318 7367 7372 7403 7428 7457 7467 7487 7504 7519 7538 7539 7576 7603 7629 7636 7647 7669 7670 7680 7716 7728 7744 7751 7753 7762 7804 7824 7836 7847 7850 7855 7863 7884 7896 7900 7927 7930 7937 7940 7952 7968 7988 7996 7998 8007 8019 8035 8076 8079 8085 8097 8104 8118 8165 8166 8168 8187 8204 8242 8247 8265 8317 8324 8330 8373 8378 8383 8385 8407 8430 8434 8464 8475 8495 8507 8509 8529 8561 8569 8586 8613 8614 8615 8620 8632 8662 8667 8668 8670 8678 8682 8683 8686 8696 8707 8718 8728 8733 8737 8748 8764 8779 8789 8794 8837 8838 8841 8846 8875 8888 8894 8896 8905 8920 8923 8925 8934 8938 8939 8958 8982 8984 8992 9021 9033 9036 9042 9050 9052 9053 9090 9096 9109 9111 9118 9121 9130 9140 9146 9148 9149 9150 9154 9155 9163 9176 9183 9193 9202 9205
48 97 161 232 235 326 503 534 614 656 712 714 895 902 1047 1071 1183 1193 1217 1235 1276 1281 1319 1324 1342 1476 1482 1609 1659 1711 1830 1878 1996 2023 2072 2138 2196 2222 2251 2275 2287 2428 2473 2581 2612 2628 2772 2779 2878 2902 2911 2966 2978 3103 3260 3326 3498 3590 3601 3607 3660 3824 3908 3928 3935 3941 4048 4055 4098 4100 4144 4162 4173 4205 4226 4264 4313 4430 4491 4672 4733 4845 4926 4950 4999 5008 5013 5103 5173 5176 5273 5350 5391 5425 5427 5432 5436 5444 5490 5491 5524 5529 5542 5579 5583 5694 5731 5735 5739 5745 5766 5770 5780 5801 5810 5889 5953 5954 5972 5973 6022 6074 6083 6132 6136 6262 6265 6338 6368 6386 6396 6420 6428 6452 6488 6494 6496 6538 6581 6585 6622 6635 6676 6706 6734 6799 6823 6927 6938 6981 7017 7067 7069 7075 7162 7167 7175 7184 7209 7218 7232 7235 7236 7244 7278 7354 7407 7430 7456 7480 7499 7502 7523 7558 7600 7613 7619 7639 7640 7655 7660 7665 7686 7732 7739 7740 7750 7752 7780 7790 7798 7814 7820 7830 7845 7848 7852 7862 7867 7883 7888 7937 7939 7943 7949 7975 7987 7998 8001 8051 8079 8083 8091 8111 8118 8159 8160 8161 8178 8184 8185 8199 8209 8215 8230 8241 8258 8272 8297 8298 8303 8310 8354 8365 8376 8420 8465 8479 8480 8481 8489 8493 8498 8529 8546 8571 8585 8589 8611 8614 8625 8628 8650 8661 8675 8682 8685 8691 8705 8712 8722 8732 8736 8742 8751 8758 8759 8762 8768 8769 8788 8818 8823 8826 8827 8831 8845 8863 8864 8865 8882 8889 8897 8902 8915 8918 8921 8923 8940 8950 8972 8980 8986 9025 9033 9034 9037 9040 9041 9044 9049 9051 9056 9061 9073 9082 9094 9095 9111 9114 9115 9116 9124 9125 9132 9138 9144 9153 9158 9160 9172 9176 9177 9188 9197 9198 9201
83 114 182 198 245 317 491 611 667 711 748 875 1019 1044 1065 1094 1168 1237 1291 1308 1312 1462 1527 1535 1538 1605 1643 1645 1812 1928 1944 2005 2071 2129 2155 2220 2284 2314 2401 2430 2578 2603 2677 2801 2894 2898 2942 3103 3243 3493 3502 3578 3579 3597 3653 3654 3691 3906 3925 3933 4019 4052 4149 4168 4184 4220 4238 4260 4273 4277 4354 4384 4458 4629 4660 4670 4725 4824 4894 4895 4906 4924 4989 5008 5095 5118 5136 5221 5313 5350 5363 5376 5405 5428 5440 5444 5490 5501 5511 5526 5622 5639 5666 5669 5731 5755 5761 5764 5775 5787 5915 5919 5930 5948 5978 6008 6053 6065 6079 6113 6134 6142 6147 6211 6258 6322 6326 6331 6372 6384 6431 6451 6467 6480 6549 6566 6578 6618 6632 6646 6675 6720 6734 6770 6771 6793 6908 6927 6954 6976 7009 7013 7047 7061 7116 7161 7167 7191 7215 7216 7232 7250 7263 7271 7337 7338 7367 7393 7415 7438 7446 7470 7479 7508 7557 7589 7601 7607 7609 7632 7656 7663 7678 7725 7729 7733 7741 7749 7774 7798 7819 7823 7832 7837 7842 7845 7850 7853 7862 7883 7919 7929 7930 7936 7944 7987 7996 8045 8051 8065 8071 8091 8094 8106 8108 8111 8120 8143 8145 8160 8167 8190 8194 8219 8240 8273 8276 8310 8311 8348 8354 8364 8387 8415 8458 8464 8468 8471 8486 8528 8536 8577 8582 8586 8608 8610 8611 8618 8645 8650 8672 8674 8689 8704 8728 8730 8731 8733 8754 8757 8759 8788 8817 8819 8820 8821 8843 8845 8847 8849 8863 8878 8884 8900 8904 8918 8922 8935 8948 8966 8972 8982 8984 9014 9024 9030 9032 9033 9037 9041 9048 9070 9072 9081 9088 9090 9106 9111 9112 9122 9134 9138 9142 9145 9152 9167 9170 9173 9177 9189 9198 9200
166 182 267 394 466 506 604 619 694 695 1015 1037 1046 1149 1156 1158 1218 1227 1240 1263 1311 1400 1407 1416 1454 1462 1517 1537 1578 1750 1805 1814 1839 1845 1883 2052 2090 2211 2300 2312 2533 2542 2547 2575 2665 2684 2764 2862 2884 2904 3067 3242 3459 3472 3485 3572 3575 3579 3588 3858 3884 3901 3921 3933 3966 3967 4006 4030 4035 4078 4095 4116 4149 4164 4178 4366 4419 4550 4626 4643 4648 4653 4682 4692 4867 4894 4952 4960 4961 5003 5007 5021 5076 5109 5123 5124 5254 5318 5327 5354 5386 5425 5433 5490 5499 5616 5678 5708 5716 5729 5757 5767 5787 5899 5916 5919 5950 5995 5999 6006 6013 6044 6063 6082 6097 6104 6127 6161 6186 6308 6325 6343 6359 6366 6383 6385 6399 6423 6439 6467 6480 6526 6578 6595 6611 6627 6629 6682 6747 6828 6892 6909 6940 6946 6982 7006 7016 7039 7115 7128 7136 7151 7181 7185 7210 7214 7223 7232 7236 7259 7326 7330 7376 7389 7397 7404 7420 7435 7488 7519 7542 7589 7604 7642 7652 7672 7710 7726 7731 7738 7753 7795 7798 7801 7831 7841 7844 7851 7861 7867 7883 7914 7917 7927 7934 7944 7979 7990 7994 8003 8042 8066 8090 8097 8134 8141 8154 8160 8170 8172 8180 8203 8217 8221 8236 8239 8250 8274 8276 8298 8311 8341 8358 8390 8396 8409 8459 8468 8476 8482 8519 8527 8574 8595 8607 8610 8616 8639 8642 8647 8662 8666 8673 8675 8688 8725 8730 8731 8744 8745 8751 8755 8758 8761 8777 8783 8798 8815 8818 8820 8824 8829 8839 8840 8843 8846 8863 8865 8879 8887 8889 8896 8913 8925 8933 8957 8964 8969 8971 8978 9019 9023 9024 9032 9035 9039 9043 9051 9065 9075 9080 9082 9097 9104 9109 9110 9112 9122 9133 9136 9139 9142 9145 9152 9163 9168 9173 9177
23 79 171 216 308 458 521 527 608 635 652 725 757 891 980 993 1004 1040 1041 1114 1153 1168 1176 1237 1307 1322 1342 1449 1479 1491 1500 1576 1732 1739 1750 1878 1881 2033 2037 2136 2143 2295 2305 2511 2527 2528 2546 2649 2668 2695 2698 2774 2813 2823 2838 3041 3054 3159 3177 3415 3427 3433 3536 3551 3565 3579 3685 3710 3863 3881 3906 3920 3923 3932 3970 3988 3995 3999 4033 4147 4151 4212 4402 4440 4482 4483 4518 4594 4597 4617 4644 4654 4767 4861 4938 4946 4950 4968 4980 5006 5034 5107 5113 5140 5278 5286 5313 5317 5330 5345 5360 5379 5408 5438 5443 5458 5463 5468 5593 5610 5633 5691 5703 5712 5742 5750 5760 5810 5841 5848 5887 5889 5901 5909 5942 5987 5991 5996 6020 6054 6062 6090 6095 6113 6125 6146 6182 6255 6313 6344 6376 6383 6387 6411 6417 6439 6442 6476 6477 6484 6489 6548 6587 6591 6604 6621 6627 6628 6655 6671 6692 6792 6808 6863 6864 6925 6929 6938 6941 6997 7011 7014 7029 7049 7126 7136 7143 7178 7180 7200 7202 7220 7225 7238 7257 7311 7328 7380 7388 7392 7399 7409 7423 7426 7460 7478 7514 7539 7579 7593 7596 7611 7637 7657 7672 7699 7706 7721 7726 7738 7792 7794 7796 7799 7812 7823 7833 7837 7838 7840 7842 7850 7851 7860 7905 7912 7930 7942 7954 7988 8007 8023 8025 8039 8042 8043 8052 8060 8062 8075 8089 8140 8153 8179 8183 8190 8196 8233 8260 8272 8276 8277 8294 8311 8323 8336 8353 8373 8456 8458 8459 8464 8502 8510 8518 8542 8571 8588 8593 8595 8604 8609 8614 8631 8633 8634 8650 8663 8678 8721 8725 8727 8728 8732 8739 8745 8749 8764 8765 8766 8775 8776 8793 8795 8808 8815 8828 8837 8840 8859 8878 8891 8912 8914 8921 8929 8939 8954 8959 8968 8978 9003 9016 9018 9019 9025 9032 9036 9046 9064 9065 9074 9076 9086 9089 9109 9110 9115 9122 9123 9127 9137 9140 9156 9158 9177
44 103 121 126 207 277 317 396 417 505 532 642 724 746 887 921 952 974 1006 1097 1105 1147 1150 1163 1203 1216 1392 1422 1424 1484 1493 1506 1663 1719 1807 1847 2003 2012 2020 2120 2266 2297 2338 2448 2484 2521 2533 2568 2636 2637 2686 2788 2819 3038 3049 3086 3107 3149 3409 3493 3517 3542 3547 3561 3566 3680 3756 3794 3885 3899 3916 3918 3922 3939 3987 3992 4061 4097 4139 4147 4296 4402 4579 4593 4594 4641 4650 4698 4812 4840 4877 4928 4962 4998 5032 5140 5263 5293 5347 5353 5397 5408 5410 5435 5449 5591 5610 5643 5697 5705 5706 5711 5739 5744 5755 5805 5813 5850 5866 5922 5973 5990 5996 6003 6008 6043 6050 6080 6093 6096 6100 6107 6161 6237 6275 6341 6343 6352 6361 6363 6403 6435 6439 6459 6477 6505 6585 6586 6591 6615 6621 6639 6671 6752 6769 6847 6919 6931 6935 6941 6996 7035 7070 7082 7130 7136 7151 7158 7163 7177 7199 7210 7212 7220 7238 7239 7248 7285 7305 7313 7357 7378 7381 7383 7385 7410 7469 7473 7503 7504 7511 7552 7582 7594 7629 7634 7651 7680 7689 7704 7708 7713 7733 7734 7786 7792 7797 7798 7804 7809 7830 7839 7841 7891 7899 7924 7925 7928 7939 7946 7955 7988 8002 8011 8030 8034 8048 8051 8057 8068 8122 8129 8139 8140 8144 8178 8206 8211 8212 8227 8260 8288 8309 8333 8347 8351 8441 8459 8490 8507 8532 8534 8559 8571 8586 8587 8593 8600 8602 8637 8648 8658 8663 8673 8709 8721 8723 8748 8762 8766 8791 8808 8814 8815 8818 8834 8836 8847 8857 8878 8886 8911 8912 8932 8936 8944 8955 8972 8975 8991 9015 9016 9017 9031 9034 9037 9040 9059 9069 9079 9083 9094 9105 9108 9111 9120 9121 9136 9137 9154 9155 9163 9174
2 136 158 205 404 435 525 612 793 806 887 897 902 929 966 994 1048 1090 1099 1140 1156 1171 1379 1419 1429 1471 1658 1668 1675 1711 1721 1891 1903 1982 2001 2010 2043 2072 2163 2203 2258 2292 2450 2459 2470 2525 2617 2672 2863 3249 3300 3394 3400 3498 3501 3505 3514 3522 3534 3609 3657 3791 3870 3881 3894 3926 4009 4046 4072 4089 4092 4139 4140 4250 4376 4401 4587 4642 4668 4712 4759 4836 4886 4894 4925 4927 4942 4970 5003 5017 5032 5048 5145 5206 5270 5280 5298 5307 5320 5368 5370 5403 5405 5423 5445 5515 5586 5587 5599 5649 5659 5693 5725 5790 5846 5862 5948 5969 5976 5981 5991 5996 6007 6046 6071 6079 6088 6095 6129 6221 6333 6337 6342 6351 6359 6425 6436 6439 6469 6473 6494 6580 6588 6609 6657 6747 6807 6826 6871 6919 6926 6956 6967 6994 7016 7030 7033 7045 7074 7088 7104 7111 7153 7165 7177 7188 7210 7212 7213 7242 7244 7277 7292 7308 7315 7349 7368 7386 7396 7467 7486 7495 7500 7514 7551 7565 7583 7593 7610 7617 7618 7623 7626 7683 7702 7708 7722 7758 7770 7774 7789 7796 7797 7799 7808 7823 7835 7838 7841 7842 7865 7878 7889 7917 7921 7934 7937 7979 7984 8005 8019 8030 8051 8064 8124 8127 8134 8138 8177 8193 8206 8209 8229 8237 8246 8256 8264 8286 8324 8336 8344 8353 8396 8447 8450 8452 8456 8465 8472 8495 8542 8546 8553 8556 8587 8589 8591 8601 8602 8624 8642 8647 8659 8668 8703 8707 8712 8717 8725 8738 8745 8762 8784 8791 8794 8804 8813 8815 8817 8818 8828 8832 8839 8849 8872 8881 8885 8892 8930 8933 8937 8951 9013 9017 9025 9032 9058 9068 9083 9089 9102 9106 9107 9120 9126 9134 9135 9136 9154 9174
71 393 402 512 518 780 856 890 928 957 970 1039 1075 1078 1099 1132 1302 1365 1374 1415 1432 1448 1611 1621 1647 1766 1797 1870 1894 1904 1950 1958 1971 1982 2010 2030 2223 2289 2333 2391 2432 2452 2529 2566 2636 2767 2796 2832 2856 3010 3158 3212 3325 3368 3369 3393 3418 3475 3476 3480 3483 3504 3516 3533 3587 3630 3716 3736 3746 3776 3847 3862 3871 3904 3949 3978 4018 4026 4087 4088 4300 4375 4390 4443 4578 4639 4687 4739 4765 4795 4865 4876 4888 4901 4921 4925 4927 4931 4959 4991 4997 5055 5099 5237 5243 5273 5275 5291 5308 5319 5332 5396 5437 5468 5571 5577 5578 5592 5617 5623 5646 5654 5674 5691 5725 5805 5838 5846 5849 5857 5861 5936 5955 5967 5980 5988 6006 6012 6051 6054 6084 6090 6147 6285 6325 6342 6352 6357 6376 6418 6420 6429 6455 6466 6566 6572 6582 6584 6596 6623 6665 6718 6743 6755 6767 6776 6850 6854 6890 6923 6930 6941 6944 6987 6994 6996 7019 7021 7027 7063 7068 7080 7120 7127 7129 7143 7150 7159 7166 7199 7204 7208 7282 7286 7340 7375 7379 7383 7441 7474 7544 7550 7571 7609 7613 7620 7639 7659 7663 7688 7708 7730 7743 7758 7768 7783 7785 7791 7794 7805 7821 7827 7835 7866 7877 7887 7915 7919 7929 7950 7988 8000 8016 8032 8049 8073 8080 8120 8127 8133 8156 8171 8181 8199 8209 8210 8249 8261 8322 8337 8398 8402 8406 8444 8446 8449 8474 8489 8522 8525 8532 8551 8579 8588 8593 8595 8601 8624 8628 8637 8645 8655 8658 8691 8694 8701 8704 8707 8712 8716 8719 8737 8752 8771 8782 8791 8800 8812 8814 8816 8828 8840 8851 8864 8879 8883 8888 8905 8911 8933 8947 8980 8998 9005 9010 9011 9017 9022 9025 9039 9048 9058 9066 9082 9086 9094 9095 9106 9117 9126 9131 9133 9135 9147 9151 9152
37 304 334 373 503 698 819 859 878 1010 1017 1031 1072 1081 1087 1111 1246 1294 1348 1359 1360 1425 1601 1609 1650 1712 1832 1851 1904 1946 1974 1979 1987 2203 2292 2348 2386 2411 2432 2491 2502 2742 2831 2897 3051 3110 3332 3353 3354 3364 3388 3447 3472 3476 3512 3515 3568 3590 3592 3700 3704 3781 3812 3858 3862 3886 3889 3924 3953 4007 4013 4041 4072 4097 4292 4339 4361 4425 4513 4541 4544 4548 4573 4663 4671 4732 4735 4770 4791 4886 4919 4923 4937 4966 4990 5004 5075 5156 5171 5204 5251 5255 5317 5330 5389 5424 5432 5457 5502 5545 5565 5577 5649 5688 5689 5698 5704 5730 5760 5835 5852 5861 5879 5928 5944 5945 5976 6007 6020 6061 6078 6122 6188 6250 6314 6325 6331 6337 6348 6356 6405 6414 6446 6447 6456 6498 6509 6520 6547 6561 6565 6567 6588 6593 6614 6688 6715 6747 6749 6763 6773 6839 6862 6909 6922 6935 6955 6986 6988 6999 7020 7116 7134 7144 7152 7153 7156 7189 7190 7204 7257 7278 7330 7335 7337 7354 7364 7381 7436 7458 7474 7535 7542 7549 7606 7617 7626 7659 7665 7689 7698 7702 7740 7754 7774 7781 7783 7791 7803 7820 7821 7823 7829 7840 7887 7906 7907 7932 7945 7969 7985 8000 8003 8038 8050 8087 8103 8110 8115 8119 8123 8132 8156 8164 8172 8173 8180 8185 8189 8196 8203 8228 8240 8305 8316 8320 8321 8325 8368 8381 8400 8415 8424 8435 8456 8468 8510 8521 8574 8579 8581 8582 8589 8594 8595 8601 8604 8605 8635 8643 8649 8656 8683 8698 8704 8706 8707 8715 8727 8729 8731 8735 8738 8754 8769 8772 8773 8776 8787 8791 8801 8811 8812 8823 8840 8846 8851 8868 8870 8874 8877 8882 8887 8907 8940 8978 8982 8998 9006 9010 9011 9014 9018 9022 9025 9026 9047 9048 9053 9059 9076 9094 9095 9100 9104 9107 9109 9111 9115 9122 9123 9130 9133 9134 9148
277 359 391 474 619 700 784 822 858 966 1044 1061 1080 1098 1111 1155 1171 1255 1333 1342 1396 1529 1812 1840 1863 1964 2079 2130 2220 2383 2392 2414 2444 2487 2665 2728 2891 3042 3048 3096 3236 3303 3315 3359 3421 3449 3471 3472 3482 3496 3502 3551 3586 3631 3646 3658 3684 3749 3758 3766 3773 3829 3830 3855 3862 3910 3923 3950 4050 4067 4128 4313 4337 4459 4472 4513 4537 4559 4565 4671 4688 4732 4742 4855 4866 4902 4920 4922 4933 4938 4993 4994 5127 5133 5190 5234 5236 5287 5315 5325 5389 5412 5423 5428 5498 5551 5560 5623 5636 5637 5667 5678 5700 5728 5765 5766 5807 5861 5871 5928 5940 5957 5970 6006 6020 6048 6050 6093 6111 6186 6227 6235 6267 6313 6322 6326 6328 6356 6396 6400 6408 6438 6447 6459 6509 6530 6554 6559 6682 6700 6735 6757 6784 6838 6876 6911 6920 6931 6944 6968 6980 6991 7012 7086 7113 7116 7143 7148 7169 7174 7183 7185 7249 7270 7316 7324 7328 7348 7351 7353 7384 7434 7459 7492 7497 7498 7520 7526 7586 7589 7592 7604 7618 7662 7681 7695 7735 7747 7749 7773 7774 7784 7786 7798 7810 7812 7840 7841 7871 7879 7880 7884 7891 7928 7985 8011 8015 8019 8091 8104 8114 8117 8127 8132 8162 8166 8178 8183 8199 8236 8270 8301 8305 8315 8320 8339 8363 8374 8377 8406 8428 8431 8435 8506 8555 8574 8575 8576 8581 8591 8601 8603 8630 8648 8701 8704 8712 8723 8725 8742 8757 8758 8760 8770 8772 8801 8807 8816 8817 8845 8848 8851 8866 8879 8884 8886 8940 8974 8990 8997 9001 9002 9011 9013 9020 9021 9024 9035 9043 9045 9050 9052 9059 9069 9091 9095 9103 9104 9114 9120 9122 9127 9129 9130 9145 9146
57 108 122 267 295 326 396 467 614 617 672 713 804 844 876 886 1012 1014 1054 1116 1255 1313 1327 1330 1374 1394 1444 1451 1655 1749 1780 1812 1856 1905 1949 2109 2181 2271 2282 2318 2319 2373 2380 2430 2452 2466 2617 2775 2828 2965 3036 3095 3142 3309 3312 3333 3347 3412 3417 3427 3460 3492 3576 3624 3678 3683 3754 3778 3826 3848 3849 3853 3891 3913 3920 4025 4028 4056 4268 4306 4384 4409 4445 4482 4511 4553 4610 4624 4657 4667 4677 4728 4753 4771 4825 4856 4889 4900 4902 4929 4954 4984 4987 5080 5114 5129 5155 5224 5235 5297 5304 5321 5336 5380 5401 5424 5528 5558 5559 5580 5616 5617 5668 5674 5677 5704 5727 5794 5849 5926 5929 5945 5959 5996 6008 6010 6040 6049 6151 6250 6251 6305 6311 6345 6351 6366 6388 6398 6400 6401 6408 6409 6417 6425 6482 6505 6530 6531 6547 6582 6723 6728 6814 6836 6893 6897 6916 6942 6949 6967 6985 7010 7096 7100 7115 7134 7137 7144 7148 7166 7183 7242 7250 7256 7269 7301 7320 7322 7340 7353 7431 7492 7500 7575 7579 7584 7595 7666 7690 7700 7710 7713 7733 7744 7767 7768 7770 7774 7794 7796 7811 7836 7840 7868 7869 7874 7883 7885 7921 7965 7974 7985 8010 8018 8056 8063 8072 8088 8089 8111 8113 8124 8128 8153 8154 8162 8174 8175 8185 8187 8225 8228 8253 8280 8299 8308 8313 8329 8348 8362 8403 8404 8409 8416 8429 8472 8503 8547 8573 8575 8576 8580 8588 8590 8599 8601 8607 8644 8666 8697 8698 8702 8704 8719 8742 8753 8765 8794 8798 8804 8805 8811 8831 8838 8839 8864 8874 8881 8893 8907 8961 8966 8973 8984 8995 8997 9005 9006 9010 9014 9032 9042 9049 9051 9054 9059 9095 9096 9097 9100 9114 9116 9125 9126 9128 9133 9139 9143 9146
46 173 194 217 241 304 386 532 568 603 635 703 776 796 837 930 1007 1011 1055 1137 1190 1239 1311 1329 1355 1500 1573 1775 1780 1786 1814 1832 1834 1889 1903 1986 2047 2085 2095 2122 2176 2192 2328 2332 2419 2435 2494 2584 2699 2864 2873 2919 2993 3129 3158 3306 3324 3342 3372 3426 3456 3483 3493 3531 3558 3668 3695 3769 3805 3816 3838 3848 3868 4024 4032 4183 4270 4284 4306 4332 4390 4397 4443 4480 4500 4576 4600 4727 4820 4839 4851 4858 4871 4899 4975 5039 5091 5102 5161 5166 5204 5206 5223 5246 5272 5293 5316 5326 5363 5390 5403 5432 5466 5551 5555 5610 5624 5626 5627 5637 5671 5723 5781 5821 5833 5842 5865 5897 5917 5920 5935 5936 5955 6002 6005 6033 6034 6042 6118 6229 6294 6311 6335 6388 6396 6469 6495 6518 6527 6538 6690 6696 6720 6766 6806 6836 6871 6911 6942 6949 6965 7009 7071 7113 7134 7136 7138 7150 7169 7205 7217 7235 7270 7275 7288 7290 7300 7304 7321 7327 7418 7429 7447 7479 7502 7554 7566 7569 7581 7666 7668 7686 7690 7700 7733 7743 7753 7766 7768 7773 7801 7811 7836 7849 7855 7861 7878 7909 7912 7944 7971 7984 7993 8000 8004 8012 8038 8081 8083 8095 8108 8122 8148 8152 8170 8196 8219 8253 8292 8299 8307 8333 8365 8374 8389 8395 8399 8401 8418 8428 8464 8478 8499 8535 8542 8545 8566 8567 8570 8575 8579 8580 8588 8593 8595 8636 8640 8644 8653 8673 8695 8699 8703 8715 8725 8734 8741 8749 8753 8755 8762 8786 8791 8795 8798 8804 8810 8811 8830 8846 8855 8861 8873 8906 8909 8917 8960 8966 8969 8994 8996 9004 9006 9007 9008 9009 9012 9018 9026 9027 9032 9038 9058 9071 9092 9099 9114 9122 9124 9127 9138 9139 9146
28 84 179 190 316 434 445 519 526 562 579 635 740 780 821 835 992 1005 1007 1110 1137 1272 1283 1290 1302 1400 1407 1548 1569 1631 1699 1779 1784 1792 1797 1814 1838 1840 1863 2037 2052 2135 2148 2193 2215 2267 2293 2426 2428 2476 2547 2566 2607 2732 2819 2868 2888 2937 3041 3111 3153 3196 3257 3276 3308 3330 3362 3411 3418 3447 3450 3482 3513 3656 3661 3724 3734 3790 3813 3817 3831 3837 3915 4018 4019 4058 4078 4177 4218 4269 4387 4397 4399 4435 4470 4487 4514 4561 4583 4621 4634 4809 4831 4834 4849 4869 4881 5000 5080 5083 5183 5227 5282 5289 5298 5362 5425 5440 5549 5552 5605 5609 5611 5622 5658 5669 5695 5706 5770 5771 5803 5809 5860 5870 5903 5904 5917 5928 5932 5952 5972 6018 6031 6036 6068 6081 6136 6166 6202 6205 6286 6296 6306 6322 6331 6364 6368 6387 6417 6431 6490 6517 6522 6620 6668 6685 6729 6769 6833 6911 6931 6946 6954 6990 7031 7033 7099 7109 7134 7135 7153 7222 7276 7283 7302 7307 7313 7329 7332 7373 7397 7456 7466 7520 7522 7528 7533 7566 7567 7574 7619 7640 7660 7674 7679 7689 7694 7698 7728 7729 7736 7745 7756 7779 7790 7795 7803 7835 7840 7853 7859 7860 7872 7874 7898 7909 7921 7962 7971 7975 7982 7998 8023 8024 8035 8077 8082 8083 8108 8110 8132 8140 8146 8160 8210 8234 8288 8292 8322 8323 8327 8359 8365 8375 8379 8396 8421 8462 8502 8520 8538 8542 8551 8553 8563 8577 8588 8589 8592 8622 8631 8637 8647 8653 8690 8691 8698 8702 8725 8727 8740 8744 8772 8776 8791 8795 8802 8806 8822 8824 8846 8853 8865 8869 8871 8893 8920 8929 8962 8965 8968 8980 8993 8995 8996 9002 9005 9008 9015 9032 9054 9071 9081 9084 9091 9092 9118 9119 9120 9124 9134 9138
35 97 149 181 274 286 288 351 358 458 577 696 707 729 734 757 758 774 929 979 988 1100 1109 1241 1256 1265 1267 1377 1545 1568 1673 1768 1780 1831 1854 2044 2049 2087 2211 2243 2372 2416 2523 2528 2584 2714 2759 2799 2844 3022 3066 3075 3218 3244 3331 3333 3438 3445 3453 3502 3589 3631 3650 3654 3668 3725 3802 3803 3808 3961 3988 4007 4177 4216 4251 4256 4330 4362 4433 4465 4511 4514 4560 4563 4618 4743 4766 4831 4845 4879 4999 5058 5060 5117 5137 5172 5178 5191 5215 5252 5261 5272 5293 5315 5394 5500 5501 5533 5592 5610 5666 5678 5731 5765 5770 5792 5870 5903 5916 5938 5963 6015 6038 6188 6268 6287 6299 6303 6307 6321 6348 6349 6366 6369 6372 6386 6413 6444 6453 6484 6513 6515 6614 6633 6646 6654 6679 6688 6723 6730 6800 6818 6823 6898 6912 6924 7060 7090 7093 7134 7183 7191 7201 7219 7220 7261 7270 7304 7309 7324 7335 7372 7454 7463 7518 7565 7573 7611 7639 7652 7662 7685 7697 7725 7728 7732 7743 7745 7751 7754 7769 7771 7777 7785 7788 7795 7807 7810 7814 7823 7826 7842 7845 7853 7896 7925 7940 7975 7976 7977 7985 7992 7993 8011 8015 8054 8077 8095 8104 8132 8139 8170 8171 8198 8210 8213 8215 8223 8272 8287 8288 8313 8315 8344 8367 8391 8399 8414 8443 8455 8466 8485 8493 8527 8536 8562 8576 8585 8586 8592 8604 8635 8636 8670 8685 8691 8697 8702 8707 8714 8725 8728 8729 8737 8740 8751 8759 8775 8791 8794 8797 8802 8814 8819 8846 8855 8860 8893 8944 8952 8953 8964 8972 8976 8988 8994 8998 9000 9003 9005 9006 9020 9031 9060 9068 9076 9090 9091 9118 9127 9128
11 159 394 462 570 699 725 832 914 973 987 992 1176 1254 1303 1421 1472 1536 1594 1600 1608 1661 1690 1706 1749 1824 1884 2014 2035 2128 2157 2207 2410 2420 2471 2478 2712 2734 2861 3019 3131 3183 3239 3311 3321 3384 3423 3437 3548 3642 3643 3657 3664 3711 3719 3773 3787 3792 3795 3798 3801 3845 3933 3940 4017 4096 4183 4232 4233 4312 4327 4331 4429 4481 4503 4542 4550 4687 4729 4741 4813 4831 4858 4948 4982 4987 5045 5091 5116 5125 5154 5171 5193 5206 5222 5242 5264 5265 5273 5313 5315 5384 5435 5468 5513 5559 5581 5604 5653 5666 5709 5762 5763 5766 5768 5783 5812 5827 5885 5896 5906 5914 5943 5995 6054 6099 6130 6208 6213 6248 6266 6287 6289 6297 6298 6327 6346 6359 6362 6372 6390 6392 6443 6478 6483 6486 6607 6623 6626 6637 6639 6659 6672 6703 6799 6800 6843 6878 6907 6912 6999 7015 7078 7087 7122 7123 7130 7153 7164 7175 7218 7267 7308 7406 7448 7454 7513 7538 7543 7565 7601 7604 7620 7631 7639 7662 7679 7694 7720 7723 7724 7742 7746 7756 7764 7770 7781 7786 7807 7824 7825 7830 7840 7846 7849 7861 7877 7881 7900 7921 7933 7968 7969 7972 7977 7989 8005 8052 8067 8070 8077 8082 8127 8131 8132 8181 8189 8197 8203 8224 8261 8264 8279 8293 8326 8336 8341 8359 8361 8365 8381 8389 8394 8453 8471 8492 8513 8548 8549 8559 8583 8585 8590 8598 8609 8611 8612 8615 8634 8635 8640 8662 8681 8690 8696 8702 8708 8735 8736 8761 8791 8793 8800 8809 8832 8837 8844 8855 8867 8890 8891 8904 8942 8948 8951 8964 8994 8997 9001 9002 9003 9018 9028 9031 9034 9049 9063 9070 9074 9075 9078 9079 9081 9086 9091 9117
15 145 357 436 475 678 685 722 737 789 848 886 901 949 980 1159 1233 1251 1254 1337 1575 1582 1636 1672 1800 1823 2012 2014 2107 2122 2234 2309 2314 2317 2329 2355 2393 2415 2707 2887 2996 3111 3175 3220 3252 3260 3307 3308 3346 3401 3415 3437 3537 3572 3626 3652 3689 3709 3721 3724 3733 3790 3932 4021 4089 4173 4183 4291 4429 4438 4472 4484 4542 4600 4707 4715 4779 4792 4803 4808 4809 4823 4845 4914 4979 5012 5024 5081 5109 5113 5154 5172 5182 5217 5228 5231 5237 5245 5299 5314 5381 5408 5509 5513 5528 5572 5581 5600 5640 5649 5658 5735 5762 5772 5814 5878 5880 5884 5885 5893 5956 5969 5973 6108 6112 6165 6183 6201 6206 6242 6250 6251 6260 6276 6278 6322 6339 6359 6373 6390 6424 6439 6440 6441 6470 6484 6576 6598 6619 6640 6668 6681 6693 6788 6791 6869 6897 6904 6940 6977 7036 7047 7048 7086 7110 7125 7138 7149 7211 7217 7250 7308 7360 7397 7415 7452 7508 7535 7554 7564 7582 7592 7605 7637 7662 7683 7701 7702 7711 7717 7720 7728 7742 7746 7750 7757 7767 7769 7772 7780 7787 7820 7823 7831 7832 7834 7857 7866 7886 7968 7986 8001 8015 8027 8029 8038 8044 8054 8057 8061 8065 8071 8074 8080 8111 8123 8128 8130 8136 8181 8190 8191 8231 8255 8258 8263 8278 8279 8287 8314 8349 8364 8408 8411 8418 8488 8490 8500 8519 8540 8551 8558 8583 8584 8600 8613 8625 8627 8649 8670 8678 8680 8683 8689 8695 8734 8766 8770 8791 8793 8796 8803 8820 8827 8830 8831 8835 8838 8843 8847 8850 8858 8874 8885 8898 8931 8937 8948 8960 8976 8983 8987 8989 8991 8993 8994 9000 9003 9022 9026 9031 9043 9046 9060 9072 9073 9089 9094 9111 9113
92 183 326 339 367 466 632 646 715 872 917 935 971 977 1121 1216 1220 1233 1250 1544 1556 1621 1660 1717 1788 2005 2041 2051 2061 2089 2120 2195 2233 2264 2289 2316 2324 2327 2451 2548 2581 2626 2647 2707 2760 2981 3057 3098 3159 3258 3294 3379 3411 3416 3478 3514 3582 3617 3638 3656 3660 3665 3697 3721 3728 3778 3908 3929 3992 4079 4131 4214 4233 4284 4359 4365 4438 4447 4461 4470 4498 4504 4537 4556 4675 4752 4777 4780 4804 4806 4859 4917 4940 4958 4963 4989 5099 5130 5135 5140 5200 5219 5226 5259 5275 5297 5327 5338 5390 5491 5517 5527 5549 5557 5569 5620 5651 5715 5728 5753 5790 5874 5880 5884 5890 5955 6014 6094 6096 6128 6181 6200 6206 6210 6213 6220 6238 6246 6251 6271 6272 6301 6335 6340 6343 6352 6398 6422 6484 6558 6573 6600 6604 6611 6762 6768 6776 6841 6843 6861 6866 6885 6923 6935 6964 6993 6997 7005 7015 7039 7071 7095 7109 7113 7115 7116 7145 7151 7193 7197 7199 7209 7233 7235 7260 7293 7314 7331 7384 7451 7502 7534 7551 7558 7561 7630 7637 7648 7663 7669 7688 7706 7717 7718 7736 7745 7758 7768 7769 7774 7776 7796 7797 7801 7803 7810 7818 7828 7857 7929 7947 7949 7968 7983 7985 7993 7995 8010 8038 8050 8059 8069 8110 8115 8123 8124 8165 8181 8185 8212 8227 8254 8272 8273 8277 8281 8287 8303 8304 8310 8319 8358 8360 8414 8432 8455 8476 8490 8533 8543 8582 8583 8587 8615 8617 8639 8641 8658 8668 8674 8677 8687 8692 8695 8702 8713 8721 8727 8731 8734 8736 8759 8770 8774 8785 8791 8798 8820 8825 8834 8835 8836 8861 8892 8936 8942 8947 8967 8968 8986 8987 8988 8991 8996 9011 9019 9021 9022 9025 9038 9051 9060 9063 9073 9076 9087 9088 9089 9101 9111
92 321 470 525 544 604 645 687 732 761 862 897 899 977 994 1117 1206 1208 1220 1226 1453 1509 1519 1598 1604 1759 1891 1899 1948 1976 2049 2116 2191 2278 2296 2303 2308 2394 2433 2444 2489 2586 2687 3010 3047 3056 3091 3126 3176 3183 3200 3224 3248 3253 3288 3378 3384 3511 3554 3564 3615 3635 3662 3696 3698 3702 3710 3741 3765 3775 3893 3925 3972 4100 4195 4282 4345 4371 4459 4481 4518 4553 4644 4735 4767 4777 4793 4818 4824 4884 4906 4914 4928 5036 5041 5044 5049 5085 5100 5103 5215 5219 5241 5244 5263 5318 5348 5377 5460 5480 5525 5548 5561 5650 5688 5727 5752 5784 5804 5853 5861 5878 5911 5929 5951 5963 6083 6091 6193 6199 6234 6267 6269 6272 6285 6325 6332 6336 6337 6414 6417 6418 6460 6475 6509 6533 6584 6719 6757 6768 6798 6830 6835 6850 6854 6872 6875 6915 6927 6954 6988 7030 7038 7060 7062 7101 7109 7138 7160 7168 7176 7220 7257 7269 7280 7376 7384 7413 7430 7442 7447 7491 7494 7498 7504 7521 7526 7555 7558 7561 7603 7618 7628 7632 7648 7656 7679 7685 7688 7705 7715 7728 7735 7749 7767 7793 7798 7801 7816 7817 7819 7856 7857 7909 7918 7964 7966 7971 7983 8033 8047 8067 8082 8105 8111 8113 8124 8156 8179 8207 8239 8260 8269 8275 8280 8285 8300 8344 8351 8368 8369 8400 8451 8454 8460 8474 8480 8484 8489 8513 8526 8532 8538 8567 8569 8575 8576 8577 8583 8596 8610 8617 8622 8634 8639 8648 8649 8656 8667 8668 8670 8672 8687 8691 8702 8722 8726 8727 8756 8766 8780 8782 8789 8795 8797 8810 8817 8825 8828 8833 8844 8894 8904 8934 8942 8973 8987 8990 8991 8994 8996 9015 9019 9021 9024 9036 9042 9046 9053 9062 9074 9087
38 79 267 275 284 354 432 455 525 536 554 624 662 669 709 723 766 885 890 905 933 986 1069 1199 1210 1217 1371 1424 1432 1500 1521 1575 1601 1702 1776 1816 1891 1930 2006 2080 2169 2204 2248 2291 2457 2475 2494 2683 2997 3030 3034 3059 3090 3119 3126 3213 3281 3369 3385 3413 3473 3536 3569 3586 3590 3596 3597 3625 3639 3651 3691 3694 3730 3748 3754 3814 3899 3909 3961 4180 4232 4315 4345 4350 4402 4441 4458 4513 4584 4598 4675 4696 4744 4753 4812 4894 4934 4971 5014 5019 5024 5035 5093 5094 5144 5160 5211 5213 5259 5266 5294 5298 5341 5422 5444 5450 5483 5510 5518 5535 5547 5639 5648 5650 5675 5677 5715 5743 5747 5748 5773 5835 5863 5914 6061 6122 6136 6176 6191 6193 6209 6239 6251 6254 6266 6318 6320 6325 6339 6387 6391 6392 6398 6415 6458 6520 6660 6692 6710 6726 6728 6748 6763 6806 6809 6830 6852 6861 6869 6877 6920 6954 6967 6973 7026 7027 7073 7084 7093 7100 7120 7125 7141 7148 7173 7178 7195 7202 7253 7407 7417 7442 7443 7480 7485 7487 7490 7525 7534 7541 7557 7575 7590 7614 7626 7643 7647 7661 7662 7664 7674 7697 7703 7723 7734 7767 7775 7778 7792 7797 7805 7808 7837 7877 7904 7914 7939 7944 7957 7963 7974 7979 8029 8035 8049 8059 8099 8108 8115 8121 8142 8179 8183 8194 8233 8238 8248 8262 8268 8277 8297 8312 8326 8339 8348 8350 8356 8425 8426 8460 8463 8467 8484 8503 8516 8520 8521 8545 8554 8567 8568 8575 8579 8581 8585 8601 8616 8617 8630 8636 8666 8669 8683 8687 8702 8710 8716 8722 8744 8754 8759 8766 8786 8787 8788 8789 8793 8825 8832 8841 8850 8872 8879 8884 8911 8915 8933 8934 8941 8942 8966 8974 8987 8991 8996 9011 9015 9017 9019 9024 9039 9043 9059 9066 9074 9087
9 16 49 73 165 216 237 350 428 494 554 558 565 568 603 612 659 690 695 710 844 860 863 880 900 981 1170 1171 1181 1185 1187 1202 1288 1303 1423 1428 1465 1505 1566 1616 1665 1698 1868 1874 1912 1992 1996 2058 2171 2174 2260 2280 2443 2473 2643 2758 2975 3000 3021 3051 3111 3153 3169 3182 3266 3311 3337 3361 3470 3489 3507 3513 3539 3552 3589 3611 3612 3632 3655 3686 3692 3693 3737 3799 3835 3884 3933 4034 4069 4169 4300 4332 4426 4443 4455 4456 4639 4724 4744 4745 4756 4811 4868 4874 4911 4913 5009 5040 5071 5077 5122 5192 5195 5247 5323 5332 5406 5437 5451 5492 5521 5528 5529 5625 5649 5667 5671 5711 5725 5763 5812 5831 5832 5849 5861 5878 5902 5905 6040 6044 6062 6135 6143 6165 6170 6183 6185 6190 6237 6263 6275 6286 6303 6308 6344 6389 6398 6402 6411 6454 6474 6488 6500 6512 6594 6633 6660 6689 6705 6717 6762 6782 6789 6798 6824 6849 6855 6864 6882 6916 6956 6980 7006 7012 7065 7066 7068 7071 7090 7100 7126 7139 7159 7188 7207 7228 7253 7360 7399 7404 7406 7428 7431 7479 7482 7497 7520 7523 7547 7549 7565 7581 7631 7640 7641 7652 7662 7665 7680 7681 7694 7695 7706 7712 7723 7758 7764 7789 7790 7794 7800 7808 7834 7896 7908 7913 7945 7949 7955 7968 7972 8005 8021 8029 8030 8076 8084 8087 8113 8115 8167 8170 8175 8179 8193 8229 8262 8275 8322 8331 8340 8356 8384 8406 8437 8452 8456 8474 8485 8511 8513 8514 8525 8554 8559 8562 8563 8565 8568 8577 8579 8601 8619 8625 8636 8663 8669 8676 8677 8685 8689 8692 8721 8726 8738 8753 8762 8764 8767 8772 8775 8783 8788 8790 8792 8793 8797 8820 8824 8829 8840 8850 8872 8930 8931 8932 8933 8941 8958 8969 8970 8972 8984 8987 8991 9005 9013 9014 9024 9032 9057 9067 9068 9069 9075 9077
185 197 340 500 515 561 586 611 680 688 693 699 800 834 963 1032 1126 1144 1174 1177 1353 1388 1390 1461 1491 1494 1508 1539 1746 1776 1806 1869 1990 2081 2131 2230 2234 2360 2385 2460 2612 2945 2970 3051 3087 3150 3232 3305 3351 3359 3467 3547 3566 3576 3609 3611 3658 3670 3689 3703 3758 3783 3861 3918 3993 4065 4135 4161 4243 4250 4259 4420 4436 4455 4544 4654 4743 4837 4858 4866 4873 4890 4970 4971 4986 4999 5014 5067 5086 5091 5115 5163 5173 5182 5198 5245 5262 5296 5371 5373 5414 5450 5466 5471 5488 5522 5555 5591 5631 5645 5660 5665 5711 5787 5812 5826 5831 5834 5848 5861 5863 5873 5955 5996 6002 6018 6035 6117 6136 6138 6141 6164 6173 6177 6190 6207 6208 6259 6285 6298 6306 6328 6330 6348 6356 6386 6451 6453 6456 6492 6565 6656 6674 6707 6733 6781 6785 6801 6820 6851 6882 6917 6954 6987 6998 7039 7055 7064 7066 7067 7085 7088 7109 7150 7155 7183 7231 7249 7305 7338 7397 7399 7402 7413 7437 7455 7471 7479 7482 7511 7513 7520 7527 7532 7563 7581 7612 7625 7642 7650 7662 7690 7705 7706 7716 7719 7742 7754 7759 7771 7778 7788 7793 7800 7831 7840 7880 7907 7936 7938 7962 7968 7973 8000 8008 8017 8024 8030 8046 8052 8069 8074 8082 8101 8105 8149 8164 8171 8180 8201 8222 8261 8274 8285 8309 8316 8320 8324 8329 8422 8436 8450 8454 8466 8478 8499 8500 8507 8513 8544 8546 8554 8557 8570 8571 8581 8582 8599 8613 8616 8624 8627 8649 8660 8661 8664 8669 8676 8677 8684 8692 8716 8720 8745 8759 8763 8770 8772 8778 8779 8780 8787 8818 8849 8865 8909 8931 8932 8940 8948 8958 8959 8968 8983 8986 8988 8991 9000 9004 9023 9030 9049 9056 9060 9071 9075
196 202 291 296 335 440 466 494 572 653 829 869 935 1023 1116 1135 1331 1364 1378 1418 1458 1477 1486 1498 1594 1631 1741 1757 1759 1842 1949 1962 1989 2005 2040 2119 2127 2179 2184 2210 2218 2323 2341 2391 2709 2880 2943 2964 3018 3047 3113 3127 3141 3149 3289 3300 3309 3341 3435 3461 3464 3511 3565 3608 3658 3678 3723 3745 3838 3851 3909 4069 4102 4173 4223 4259 4307 4417 4430 4433 4509 4574 4694 4721 4730 4770 4798 4810 4852 4931 4968 4974 5016 5043 5048 5063 5079 5135 5166 5254 5289 5313 5340 5344 5370 5446 5466 5477 5488 5514 5535 5578 5587 5611 5631 5636 5657 5691 5695 5766 5773 5814 5815 5838 5857 5862 5988 6016 6104 6119 6132 6133 6172 6190 6249 6277 6285 6293 6295 6300 6353 6361 6388 6423 6433 6451 6455 6541 6552 6599 6608 6626 6653 6700 6717 6737 6753 6764 6776 6816 6849 6879 6909 6985 7014 7025 7062 7072 7081 7103 7142 7152 7180 7224 7238 7376 7396 7398 7403 7431 7453 7466 7476 7503 7520 7533 7553 7579 7610 7612 7620 7622 7629 7645 7654 7657 7662 7688 7703 7714 7727 7735 7748 7775 7780 7790 7812 7819 7850 7861 7879 7883 7935 7949 7961 7997 8010 8017 8042 8054 8061 8066 8067 8081 8091 8126 8137 8162 8192 8252 8261 8282 8313 8318 8369 8387 8434 8439 8443 8449 8475 8494 8500 8503 8523 8524 8529 8543 8545 8547 8553 8567 8575 8593 8609 8612 8616 8633 8644 8647 8661 8664 8668 8674 8684 8692 8713 8740 8755 8757 8767 8770 8773 8774 8788 8799 8806 8825 8834 8835 8893 8903 8911 8929 8930 8932 8938 8947 8957 8980 8985 8989 8997 9000 9023 9034 9035 9052 9055 9056 9059 9069 9074
192 279 281 308 374 429 483 556 646 651 784 799 824 825 865 929 933 972 1017 1086 1094 1102 1114 1122 1182 1224 1256 1353 1374 1409 1447 1470 1473 1543 1612 1613 1697 1790 1903 1974 1991 2090 2115 2116 2165 2203 2259 2332 2443 2490 2607 2812 2891 2962 2990 3003 3042 3081 3121 3175 3271 3286 3313 3357 3367 3387 3409 3456 3467 3510 3536 3537 3590 3607 3608 3639 3642 3668 3684 3818 3909 4001 4014 4217 4234 4407 4416 4507 4553 4612 4691 4696 4709 4787 4798 4894 4914 4926 4953 5002 5028 5031 5040 5073 5106 5159 5166 5179 5257 5330 5334 5347 5363 5376 5445 5455 5464 5467 5476 5483 5501 5510 5573 5612 5625 5632 5647 5650 5663 5668 5720 5727 5776 5807 5838 5840 5857 5939 5962 5994 6001 6022 6099 6102 6104 6121 6122 6131 6185 6186 6248 6256 6271 6278 6329 6343 6350 6353 6358 6399 6440 6443 6447 6546 6627 6644 6699 6734 6778 6846 6892 6894 6937 6938 6952 7006 7016 7046 7061 7076 7135 7142 7149 7198 7234 7361 7393 7395 7435 7451 7461 7465 7466 7497 7518 7533 7594 7610 7612 7619 7652 7653 7688 7695 7703 7722 7727 7729 7735 7744 7771 7786 7788 7804 7849 7865 7869 7873 7883 7901 7929 7938 7954 7986 8008 8010 8023 8026 8044 8058 8059 8061 8063 8077 8087 8125 8134 8160 8168 8169 8236 8244 8248 8256 8280 8291 8309 8310 8314 8356 8426 8438 8439 8444 8454 8463 8484 8488 8491 8496 8513 8543 8547 8553 8556 8558 8566 8592 8597 8613 8628 8641 8642 8649 8653 8660 8665 8669 8672 8690 8707 8728 8730 8739 8751 8752 8768 8769 8773 8794 8796 8800 8806 8821 8828 8855 8893 8898 8910 8914 8928 8930 8934 8942 8957 8969 8985 8989 8991 8993 8998 9021 9022 9033 9049 9060 9069
2 25 29 78 229 244 443 451 460 552 623 634 637 640 647 669 673 712 730 820 823 865 921 954 1008 1083 1087 1100 1104 1110 1176 1199 1214 1230 1338 1430 1457 1589 1776 1788 1839 1903 1930 1949 1965 2009 2053 2074 2077 2162 2255 2440 2524 2562 2704 2805 2955 2984 3046 3074 3118 3123 3143 3160 3232 3265 3284 3295 3343 3388 3465 3496 3523 3531 3559 3577 3602 3608 3624 3632 3634 3649 3776 3815 3888 3891 4125 4190 4211 4217 4305 4342 4362 4376 4445 4545 4626 4669 4681 4702 4703 4738 4780 4786 4824 4908 4912 4961 5021 5026 5055 5105 5108 5129 5156 5161 5191 5277 5285 5334 5343 5407 5459 5460 5474 5506 5546 5556 5569 5622 5629 5632 5635 5669 5715 5724 5781 5793 5796 5833 5838 5852 5952 5972 6000 6014 6029 6074 6097 6115 6119 6128 6163 6171 6182 6242 6246 6257 6268 6272 6326 6327 6337 6342 6349 6393 6441 6494 6503 6511 6521 6532 6534 6590 6681 6689 6693 6724 6749 6763 6826 6830 6846 6873 6887 6917 6944 7001 7007 7027 7052 7061 7067 7069 7132 7176 7322 7387 7388 7406 7435 7465 7477 7487 7523 7551 7605 7612 7622 7640 7642 7652 7695 7698 7699 7709 7714 7724 7729 7735 7749 7768 7771 7782 7807 7814 7865 7873 7879 7919 7921 7922 7934 7976 7997 7998 8007 8008 8010 8019 8020 8047 8049 8058 8075 8102 8121 8136 8154 8160 8189 8221 8239 8241 8253 8263 8269 8270 8276 8302 8311 8325 8424 8433 8437 8458 8471 8474 8477 8484 8512 8537 8538 8543 8545 8546 8553 8557 8565 8567 8569 8591 8605 8611 8636 8640 8660 8664 8685 8702 8707 8728 8733 8752 8755 8765 8769 8774 8785 8795 8808 8813 8821 8857 8877 8894 8917 8919 8920 8930 8933 8951 8957 8969 8976 8979 8982 8985 8991 8997 9008 9022 9030 9040 9043 9063
3 13 106 147 154 237 301 330 395 407 434 580 603 626 697 700 712 748 820 822 899 900 967 1037 1075 1087 1109 1137 1160 1171 1220 1262 1307 1312 1336 1345 1391 1419 1448 1563 1570 1770 1852 1866 1890 1893 2040 2055 2107 2127 2243 2537 2760 2761 2776 2927 2954 2958 2986 3033 3063 3118 3142 3246 3283 3369 3375 3388 3453 3479 3481 3499 3514 3574 3577 3595 3597 3626 3721 3751 3790 3916 4018 4149 4187 4202 4205 4270 4288 4354 4464 4469 4509 4520 4582 4611 4633 4660 4665 4675 4681 4729 4775 4820 4847 4906 4909 4911 4918 4926 5017 5069 5079 5091 5100 5122 5128 5147 5271 5332 5354 5378 5438 5443 5463 5505 5532 5533 5550 5560 5588 5604 5608 5635 5666 5694 5750 5791 5826 5828 5838 5846 5926 5953 6005 6056 6060 6079 6084 6094 6095 6099 6116 6121 6166 6193 6206 6208 6233 6256 6264 6301 6320 6321 6348 6374 6419 6492 6533 6589 6658 6663 6676 6714 6716 6748 6769 6803 6818 6826 6866 6870 6907 6960 6974 6979 6992 7005 7022 7040 7059 7100 7110 7128 7160 7165 7272 7306 7363 7373 7377 7386 7421 7425 7432 7448 7461 7477 7492 7493 7497 7583 7596 7597 7611 7619 7623 7624 7640 7650 7688 7711 7716 7718 7724 7750 7761 7764 7767 7777 7805 7807 7867 7868 7890 7901 7915 7918 7929 7971 7979 7994 7995 7997 7998 8004 8012 8047 8096 8133 8139 8209 8213 8230 8241 8245 8251 8253 8254 8293 8305 8424 8425 8434 8436 8458 8470 8482 8504 8536 8539 8540 8545 8563 8564 8570 8577 8611 8635 8636 8637 8656 8657 8661 8663 8694 8710 8725 8728 8731 8745 8748 8752 8765 8770 8789 8817 8820 8863 8868 8883 8914 8915 8916 8930 8941 8954 8957 8975 8977 8979 8984 8985 8989 8992 8997 8998 9016 9021 9029 9035 9047 9054
90 123 128 142 203 226 315 364 400 401 495 553 604 700 968 1059 1068 1104 1162 1204 1297 1335 1360 1430 1506 1554 1558 1695 1758 1766 1846 1872 2040 2056 2084 2100 2136 2228 2667 2720 2743 2764 2908 2926 2952 2956 3043 3053 3109 3149 3175 3183 3273 3369 3385 3397 3440 3466 3468 3496 3514 3569 3576 3595 3739 3744 3759 3847 3909 3954 4046 4133 4181 4193 4257 4267 4273 4283 4315 4316 4327 4385 4449 4490 4572 4591 4606 4661 4670 4705 4766 4819 4826 4831 4857 5000 5014 5036 5047 5073 5106 5139 5140 5251 5305 5313 5318 5333 5349 5356 5411 5419 5437 5442 5459 5516 5527 5528 5584 5633 5652 5657 5734 5745 5790 5816 5824 5825 5835 5913 5930 5951 5965 6021 6038 6069 6081 6088 6149 6164 6193 6232 6248 6261 6296 6297 6306 6314 6319 6335 6389 6404 6410 6488 6616 6619 6628 6662 6667 6700 6734 6775 6795 6856 6946 6955 6962 6979 6994 7040 7051 7055 7094 7097 7110 7138 7217 7289 7339 7349 7359 7383 7404 7422 7429 7457 7458 7462 7474 7483 7491 7511 7532 7541 7546 7573 7588 7589 7603 7611 7619 7620 7622 7643 7663 7678 7681 7686 7713 7716 7743 7751 7757 7761 7762 7798 7841 7844 7857 7865 7910 7911 7916 7958 7963 7989 7992 7994 8001 8025 8037 8046 8084 8093 8111 8133 8135 8209 8222 8240 8284 8286 8355 8389 8398 8401 8410 8421 8455 8456 8473 8499 8502 8509 8515 8525 8531 8540 8543 8551 8553 8559 8564 8610 8631 8633 8637 8639 8641 8658 8661 8662 8687 8689 8695 8725 8742 8744 8759 8760 8764 8766 8768 8769 8785 8816 8821 8831 8837 8846 8864 8870 8906 8910 8914 8916 8919 8920 8930 8931 8943 8949 8957 8968 8974 8979 8995 8996 8997 9015 9019 9024 9027 9031 9046
45 78 105 116 190 218 223 336 360 372 454 500 505 536 576 592 678 694 696 735 917 1025 1043 1052 1059 1060 1062 1065 1135 1161 1189 1233 1290 1313 1350 1409 1474 1482 1539 1540 1695 1724 1808 1817 1914 1985 2045 2395 2464 2576 2581 2675 2786 2881 2904 2930 2971 3051 3052 3075 3088 3179 3209 3227 3235 3248 3262 3291 3314 3327 3328 3338 3385 3423 3450 3491 3510 3537 3559 3569 3587 3668 3677 3693 3694 3707 3892 4033 4074 4098 4112 4178 4230 4243 4287 4362 4409 4464 4549 4554 4603 4625 4654 4656 4660 4722 4810 4820 4828 4829 4890 4986 4989 4991 5014 5054 5133 5197 5273 5308 5314 5318 5345 5417 5440 5514 5575 5581 5631 5639 5657 5708 5770 5788 5794 5798 5815 5823 5825 5903 5949 5954 5972 6060 6067 6083 6129 6133 6163 6164 6244 6259 6283 6302 6318 6383 6395 6471 6486 6540 6607 6628 6640 6645 6665 6671 6702 6771 6778 6780 6841 6939 6961 6971 6986 6999 7049 7057 7061 7071 7076 7208 7270 7278 7288 7294 7295 7332 7350 7370 7377 7383 7404 7406 7425 7445 7457 7480 7491 7539 7550 7561 7570 7579 7598 7616 7617 7637 7675 7676 7677 7681 7683 7704 7710 7714 7737 7742 7751 7757 7762 7763 7783 7810 7816 7850 7886 7906 7914 7965 7987 8001 8005 8030 8032 8038 8049 8054 8055 8079 8096 8133 8178 8205 8206 8217 8221 8266 8278 8284 8303 8323 8334 8390 8395 8416 8450 8452 8454 8476 8486 8498 8499 8501 8514 8515 8535 8537 8545 8551 8564 8599 8606 8609 8610 8629 8630 8631 8639 8642 8648 8658 8676 8685 8701 8715 8720 8724 8725 8740 8758 8759 8765 8782 8808 8833 8844 8909 8914 8916 8930 8931 8932 8933 8936 8955 8965 8968 8976 8983 8992 8993 9000 9005 9016 9026 9028
73 102 113 199 208 289 350 354 450 520 523 588 687 693 695 989 1043 1056 1135 1187 1226 1246 1298 1327 1372 1439 1450 1528 1534 1569 1594 1690 1696 1720 1790 1901 1962 2001 2364 2376 2515 2519 2580 2610 2641 2708 2802 2851 2901 2911 3002 3043 3050 3140 3180 3186 3200 3280 3290 3312 3380 3423 3424 3486 3509 3518 3560 3645 3664 3689 3692 3828 3835 4026 4078 4092 4138 4140 4177 4199 4237 4382 4544 4563 4595 4622 4651 4657 4746 4763 4793 4797 4816 4863 4869 4870 4937 4946 4987 4989 5003 5007 5011 5027 5089 5105 5117 5121 5156 5195 5233 5249 5283 5307 5402 5410 5416 5479 5483 5513 5527 5573 5574 5630 5692 5699 5701 5732 5739 5762 5773 5780 5781 5807 5811 5816 5835 5866 5876 5895 5947 5971 5997 6057 6065 6074 6128 6131 6144 6160 6232 6233 6241 6257 6268 6300 6319 6389 6442 6466 6470 6497 6529 6554 6596 6611 6614 6647 6655 6659 6686 6723 6729 6764 6771 6815 6824 6832 6845 6895 6923 6942 6982 6996 7023 7030 7036 7043 7049 7068 7102 7254 7262 7278 7332 7334 7355 7382 7396 7438 7442 7449 7473 7478 7535 7537 7545 7568 7580 7585 7590 7591 7596 7607 7608 7650 7661 7673 7676 7679 7689 7694 7710 7715 7742 7744 7760 7761 7809 7840 7879 7891 7905 7909 7975 7991 8017 8032 8036 8051 8066 8093 8122 8171 8173 8183 8185 8199 8219 8240 8247 8264 8282 8292 8328 8348 8391 8395 8400 8409 8446 8447 8451 8468 8487 8489 8498 8511 8515 8531 8535 8548 8551 8556 8561 8564 8596 8626 8629 8630 8654 8656 8657 8665 8670 8688 8701 8721 8725 8728 8745 8746 8748 8757 8779 8795 8804 8824 8862 8891 8898 8899 8913 8916 8925 8926 8928 8931 8932 8953 8955 8964 8967 8970 8982 8989 8990 9000 9013 9016
191 232 241 311 313 439 442 449 529 566 573 637 670 682 700 726 750 872 1034 1053 1180 1216 1246 1250 1305 1391 1458 1511 1545 1626 1645 1682 1713 1827 1851 1950 1987 1998 2068 2270 2371 2447 2456 2515 2557 2652 2782 2849 2877 2908 2943 2988 3030 3046 3120 3148 3159 3196 3200 3245 3288 3289 3302 3329 3403 3414 3438 3549 3557 3591 3654 3663 3745 3978 4011 4048 4108 4130 4136 4193 4305 4336 4361 4372 4479 4522 4578 4582 4629 4639 4656 4791 4792 4806 4824 4908 4938 4986 5005 5017 5068 5100 5103 5142 5189 5226 5230 5260 5305 5366 5378 5402 5474 5475 5510 5515 5538 5543 5554 5608 5687 5688 5693 5738 5757 5761 5773 5779 5861 5873 5905 5967 6019 6050 6051 6061 6063 6070 6113 6122 6124 6128 6147 6167 6179 6185 6208 6219 6237 6257 6277 6286 6294 6332 6440 6470 6485 6490 6508 6593 6594 6599 6644 6655 6675 6679 6700 6719 6764 6830 6893 6915 6947 6970 6981 6983 6984 7018 7031 7055 7099 7179 7204 7236 7272 7313 7328 7336 7380 7389 7395 7399 7422 7442 7468 7475 7477 7526 7540 7541 7554 7569 7574 7604 7617 7642 7656 7660 7671 7679 7690 7694 7697 7709 7711 7733 7739 7755 7760 7806 7808 7854 7860 7861 7869 7904 7974 7998 8017 8020 8027 8035 8049 8078 8090 8093 8142 8162 8181 8193 8194 8197 8213 8230 8234 8240 8264 8266 8329 8347 8386 8403 8406 8414 8419 8445 8446 8452 8480 8481 8497 8501 8514 8515 8528 8534 8560 8564 8582 8590 8629 8637 8648 8654 8666 8668 8685 8711 8716 8718 8720 8724 8745 8757 8764 8791 8801 8804 8819 8839 8851 8857 8889 8893 8904 8915 8922 8924 8932 8939 8945 8952 8964 8970 8987 9006 9016
134 167 189 195 232 370 409 429 527 562 616 636 657 677 715 750 834 987 1001 1033 1047 1109 1139 1153 1236 1237 1275 1285 1339 1418 1436 1451 1521 1539 1682 1713 1732 1845 1879 1912 1960 2141 2340 2400 2408 2446 2458 2528 2563 2679 2761 2813 2833 2848 2870 2940 3016 3040 3135 3166 3171 3216 3232 3275 3403 3425 3453 3512 3526 3547 3650 3651 3673 3898 3938 4010 4019 4022 4106 4112 4125 4128 4281 4284 4293 4340 4351 4441 4522 4536 4563 4624 4636 4638 4640 4748 4786 4796 4800 4818 4834 4895 4910 4973 4983 5004 5018 5047 5076 5110 5141 5156 5205 5262 5268 5340 5348 5353 5361 5455 5465 5484 5494 5526 5551 5574 5579 5605 5607 5669 5675 5677 5689 5707 5731 5740 5771 5844 5885 5929 5943 6014 6050 6051 6056 6094 6107 6109 6110 6131 6190 6197 6227 6232 6237 6246 6269 6271 6277 6330 6364 6427 6455 6459 6474 6493 6497 6586 6594 6616 6618 6648 6712 6718 6719 6734 6778 6915 6945 6965 6974 6996 6997 7017 7028 7043 7143 7149 7201 7230 7263 7267 7294 7302 7306 7307 7326 7371 7379 7381 7396 7439 7472 7479 7520 7526 7545 7547 7550 7554 7567 7589 7602 7604 7611 7657 7660 7663 7665 7668 7682 7687 7693 7706 7717 7726 7728 7734 7738 7739 7743 7747 7790 7794 7860 7904 7972 7974 7979 8010 8034 8036 8042 8089 8118 8122 8176 8184 8185 8188 8191 8209 8212 8240 8262 8277 8331 8336 8337 8338 8344 8380 8411 8440 8444 8460 8465 8478 8485 8486 8487 8489 8515 8516 8522 8545 8550 8552 8559 8624 8625 8629 8636 8645 8648 8650 8653 8655 8658 8667 8703 8706 8709 8710 8714 8716 8735 8741 8755 8758 8784 8794 8813 8825 8832 8853 8870 8889 8897 8914 8917 8920 8923 8930 8931 8939 8941 8945 8955 8958 8960 8970 8986 9003 9006 9013 9016
31 156 220 362 402 492 520 599 631 663 670 930 968 994 1003 1016 1027 1035 1124 1228 1258 1278 1367 1425 1463 1518 1607 1664 1682 1702 1712 1846 1889 1896 1953 1965 2103 2135 2337 2394 2418 2458 2690 2732 2750 2825 2842 2898 2986 2997 3005 3012 3070 3082 3133 3147 3151 3198 3217 3218 3361 3363 3401 3423 3472 3516 3574 3606 3615 3937 3957 3983 3997 4008 4018 4027 4037 4087 4133 4201 4249 4275 4336 4342 4343 4529 4533 4539 4598 4612 4624 4673 4718 4744 4785 4819 4825 4865 4885 4950 4973 4993 5057 5074 5084 5109 5154 5164 5165 5198 5205 5248 5295 5331 5342 5343 5345 5391 5402 5440 5462 5471 5503 5514 5515 5542 5549 5563 5600 5639 5645 5659 5669 5687 5718 5720 5733 5762 5832 5856 5919 5921 6013 6022 6027 6030 6090 6104 6108 6120 6129 6143 6232 6246 6252 6267 6277 6279 6330 6339 6408 6421 6426 6459 6529 6549 6589 6611 6630 6643 6667 6695 6705 6709 6728 6776 6867 6877 6884 6893 6902 6940 6960 6970 6972 6983 6988 6990 7017 7043 7152 7182 7198 7211 7223 7234 7259 7266 7296 7311 7342 7361 7363 7375 7379 7396 7428 7439 7456 7463 7478 7486 7504 7513 7519 7541 7547 7577 7586 7595 7600 7641 7646 7652 7653 7657 7664 7665 7689 7698 7705 7717 7727 7783 7785 7808 7835 7842 7885 7889 7958 7962 7970 7974 7998 8009 8029 8072 8082 8111 8116 8121 8172 8180 8182 8211 8252 8262 8285 8314 8318 8334 8339 8362 8366 8379 8429 8432 8436 8437 8443 8454 8458 8467 8479 8483 8485 8503 8514 8526 8543 8544 8585 8620 8625 8626 8628 8644 8650 8653 8662 8679 8680 8701 8703 8710 8720 8731 8733 8734 8735 8753 8757 8790 8802 8806 8807 8833 8862 8873 8895 8900 8908 8913 8919 8920 8926 8927 8937 8954 8957 8960 8966 8969 8970 8981 8986 8999 9001 9003 9015
45 123 166 356 373 509 545 624 658 721 833 914 940 961 977 980 998 999 1002 1003 1207 1228 1235 1325 1343 1356 1445 1505 1540 1564 1654 1658 1672 1683 1761 1837 1869 1888 2234 2275 2282 2288 2360 2402 2423 2438 2447 2479 2773 2817 2824 2843 2886 2911 2951 2977 2995 3079 3122 3129 3189 3206 3282 3337 3361 3371 3394 3401 3422 3452 3462 3570 3591 3874 3879 3965 3999 4036 4077 4144 4159 4175 4226 4281 4340 4361 4506 4509 4610 4611 4615 4616 4730 4735 4769 4785 4813 4855 4873 4950 4953 4987 5013 5037 5070 5075 5136 5163 5192 5208 5317 5335 5343 5354 5423 5432 5449 5480 5485 5519 5522 5545 5585 5616 5645 5663 5665 5702 5708 5757 5818 5873 5881 5940 6005 6014 6033 6082 6088 6098 6106 6133 6140 6197 6227 6228 6243 6245 6270 6292 6421 6423 6425 6451 6485 6528 6539 6543 6590 6603 6628 6650 6690 6693 6701 6756 6855 6865 6872 6893 6896 6913 6935 6952 6962 6965 6969 6973 6987 6992 7004 7032 7142 7147 7159 7161 7186 7223 7252 7304 7342 7347 7371 7372 7401 7424 7451 7462 7494 7500 7512 7515 7518 7545 7547 7560 7561 7576 7595 7604 7637 7643 7651 7654 7656 7673 7682 7702 7714 7715 7723 7754 7765 7795 7817 7819 7827 7838 7881 7884 7937 7939 7959 7963 7967 7994 8008 8021 8023 8029 8060 8072 8079 8105 8110 8125 8142 8159 8169 8173 8176 8178 8179 8184 8198 8223 8237 8244 8256 8260 8296 8314 8317 8319 8347 8349 8390 8428 8429 8433 8440 8456 8468 8479 8481 8498 8508 8509 8541 8542 8573 8584 8621 8622 8627 8633 8634 8650 8658 8671 8687 8693 8710 8713 8715 8718 8726 8728 8734 8743 8745 8746 8749 8750 8756 8789 8797 8803 8833 8857 8862 8871 8872 8876 8880 8896 8913 8916 8926 8937 8949 8951 8956 8958 8964 8969 8976 8978 8981 8998
93 95 107 116 264 349 354 367 391 399 400 455 487 512 619 648 650 856 893 933 966 1195 1210 1231 1276 1445 1470 1481 1554 1649 1659 1744 1795 2159 2217 2219 2274 2316 2331 2349 2413 2625 2717 2761 2809 2823 2860 2889 2930 2936 3051 3071 3107 3147 3162 3174 3193 3269 3311 3356 3359 3372 3399 3408 3421 3537 3566 3604 3788 3851 3871 3910 3964 3997 4021 4055 4058 4158 4240 4297 4488 4489 4504 4522 4579 4584 4588 4614 4635 4706 4707 4718 4781 4782 4852 4859 4936 4942 5010 5015 5056 5057 5115 5192 5202 5239 5334 5336 5415 5417 5419 5485 5503 5520 5600 5611 5635 5642 5644 5649 5674 5689 5755 5787 5815 5959 5996 6005 6029 6083 6097 6107 6148 6198 6243 6262 6279 6318 6402 6422 6429 6503 6507 6513 6542 6552 6619 6632 6637 6649 6663 6688 6699 6702 6742 6855 6867 6881 6896 6952 6963 6970 6971 6980 7006 7048 7127 7134 7158 7164 7172 7189 7203 7208 7235 7241 7282 7293 7319 7325 7346 7364 7412 7424 7444 7451 7458 7482 7492 7507 7510 7543 7553 7556 7566 7586 7621 7637 7639 7653 7655 7694 7700 7701 7708 7710 7740 7745 7772 7799 7827 7844 7869 7873 7927 7933 7957 7958 7961 7962 7986 8001 8004 8010 8024 8046 8082 8103 8124 8156 8158 8162 8166 8180 8195 8201 8246 8248 8250 8283 8292 8295 8316 8322 8342 8359 8411 8424 8425 8429 8436 8444 8448 8458 8469 8472 8475 8478 8479 8480 8481 8497 8498 8503 8507 8537 8539 8595 8600 8602 8604 8605 8607 8614 8617 8627 8634 8641 8649 8687 8695 8699 8702 8704 8710 8711 8728 8730 8735 8744 8784 8786 8788 8807 8850 8863 8865 8874 8876 8877 8878 8880 8884 8894 8900 8910 8912 8913 8917 8921 8930 8934 8944 8949 8952 8954 8958 8964 8968 8991
66 236 310 339 397 430 477 480 552 555 592 630 764 770 874 904 927 959 972 1056 1133 1143 1195 1230 1274 1349 1391 1427 1483 1515 1554 1620 1646 1727 1786 2084 2139 2290 2312 2327 2388 2639 2644 2759 2795 2801 2822 2823 2841 2855 2862 2876 2913 2922 3004 3057 3103 3118 3126 3138 3225 3293 3304 3329 3348 3366 3398 3399 3472 3533 3542 3573 3824 3860 3900 3911 3938 3946 3960 3997 4022 4045 4103 4128 4139 4268 4355 4373 4472 4481 4484 4508 4561 4588 4696 4717 4756 4829 4919 4941 4995 5003 5043 5104 5112 5180 5271 5301 5333 5380 5393 5398 5401 5412 5417 5438 5444 5462 5483 5490 5596 5603 5621 5630 5631 5634 5638 5648 5663 5685 5698 5710 5754 5757 5802 5815 5939 5969 5995 6003 6029 6066 6075 6078 6086 6097 6109 6182 6186 6188 6191 6216 6219 6240 6242 6258 6304 6324 6385 6415 6418 6422 6443 6490 6492 6513 6614 6643 6647 6658 6670 6680 6681 6691 6740 6802 6817 6841 6860 6881 6895 6896 6904 6948 6961 6965 7009 7030 7031 7062 7114 7121 7160 7177 7199 7229 7235 7268 7288 7317 7341 7346 7358 7362 7370 7400 7410 7424 7440 7467 7489 7494 7506 7538 7539 7549 7555 7601 7624 7633 7647 7694 7697 7699 7765 7773 7805 7824 7826 7835 7853 7882 7932 7934 7955 7973 7974 7984 7990 8000 8039 8040 8085 8119 8162 8179 8200 8239 8241 8278 8312 8320 8324 8349 8422 8423 8429 8468 8470 8477 8488 8496 8527 8530 8595 8600 8608 8619 8627 8629 8631 8634 8646 8653 8672 8676 8684 8703 8709 8729 8730 8744 8765 8786 8848 8851 8865 8872 8878 8888 8908 8909 8910 8912 8913 8921 8930 8943 8947 8954 8965 8970 8981
39 196 197 228 266 285 321 377 411 457 572 800 850 870 919 929 934 942 1065 1135 1143 1200 1223 1252 1381 1426 1435 1570 1573 1638 1652 1661 1785 1987 2048 2056 2289 2362 2371 2448 2681 2772 2787 2792 2795 2810 2812 2814 2884 2996 3001 3022 3115 3136 3268 3275 3282 3297 3299 3357 3361 3366 3370 3372 3442 3463 3484 3536 3604 3777 3824 3873 3882 3954 3981 3994 4051 4129 4231 4239 4313 4334 4391 4416 4460 4513 4535 4558 4584 4653 4656 4664 4682 4704 4749 4752 4818 4920 4935 4957 4968 4993 5018 5028 5058 5121 5134 5162 5177 5253 5276 5291 5332 5348 5397 5466 5471 5487 5517 5589 5592 5595 5616 5636 5642 5669 5676 5709 5734 5740 5744 5796 5808 5906 5963 5980 5995 6001 6016 6033 6070 6082 6137 6163 6171 6178 6204 6226 6230 6272 6316 6373 6409 6417 6420 6443 6449 6484 6503 6588 6602 6641 6654 6655 6669 6672 6721 6740 6831 6838 6867 6875 6887 6890 6940 6949 6965 7030 7089 7107 7120 7182 7191 7226 7238 7260 7329 7341 7345 7349 7351 7377 7398 7420 7427 7452 7469 7482 7494 7507 7523 7530 7536 7555 7589 7597 7619 7627 7632 7649 7674 7682 7695 7697 7727 7757 7807 7817 7823 7827 7858 7874 7883 7905 7908 7918 7953 7960 7965 7979 7984 7989 7999 8005 8024 8025 8036 8057 8067 8109 8118 8120 8152 8158 8159 8167 8180 8234 8235 8241 8258 8278 8286 8311 8315 8405 8408 8422 8425 8435 8453 8454 8458 8472 8476 8477 8484 8486 8491 8496 8503 8519 8527 8546 8580 8595 8600 8621 8629 8631 8632 8639 8670 8678 8682 8694 8696 8699 8709 8712 8713 8718 8730 8765 8773 8775 8777 8816 8843 8863 8868 8877 8881 8890 8894 8907 8914 8917 8920 8930 8933 8943 8944 8949 8953 8958 8981
7 28 62 130 177 181 224 253 310 317 414 437 536 546 617 791 795 832 918 938 939 1005 1084 1133 1136 1195 1226 1367 1391 1530 1558 1617 1659 1764 1919 2004 2170 2262 2277 2283 2308 2360 2447 2486 2680 2729 2758 2781 2813 2855 2929 2939 2996 3037 3073 3103 3110 3127 3246 3249 3278 3300 3351 3352 3363 3449 3482 3522 3578 3711 3804 3869 3880 3895 3909 3924 3949 3959 3991 3995 4026 4038 4112 4188 4286 4330 4395 4435 4558 4577 4650 4698 4729 4786 4809 4890 4896 4935 4974 5009 5117 5136 5140 5173 5175 5232 5243 5314 5359 5396 5441 5451 5457 5547 5583 5588 5591 5604 5611 5675 5686 5687 5702 5712 5745 5870 5913 5939 5952 5955 5982 5989 5998 6004 6054 6073 6109 6134 6171 6202 6220 6222 6262 6267 6297 6330 6347 6362 6363 6372 6404 6406 6428 6438 6450 6451 6507 6557 6588 6598 6641 6668 6671 6724 6742 6819 6835 6853 6864 6881 6908 6931 6938 6948 6982 7085 7169 7172 7180 7208 7209 7215 7252 7264 7279 7284 7319 7335 7342 7347 7350 7386 7391 7403 7406 7417 7476 7480 7482 7487 7514 7530 7533 7549 7578 7585 7596 7612 7624 7625 7640 7668 7682 7694 7720 7723 7747 7778 7805 7813 7821 7874 7895 7908 7912 7930 7953 7959 7960 7965 7967 7971 7982 7994 8022 8028 8033 8092 8101 8138 8143 8159 8167 8186 8189 8201 8229 8239 8274 8276 8285 8291 8371 8401 8403 8408 8416 8417 8418 8420 8421 8424 8426 8458 8468 8476 8477 8478 8480 8486 8505 8535 8574 8584 8594 8600 8611 8613 8620 8629 8630 8642 8665 8673 8680 8698 8702 8706 8712 8717 8722 8764 8775 8776 8794 8823 8833 8840 8848 8866 8871 8885 8887 8890 8895 8905 8913 8914 8919 8929 8942 8946 8947 8953 8955 8958
28 110 146 171 184 216 234 245 374 397 472 483 537 538 617 676 726 744 776 781 783 872 905 906 939 1072 1119 1132 1195 1220 1272 1347 1358 1376 1550 1600 1603 1643 1656 1670 1764 1806 1849 1938 2200 2240 2276 2277 2282 2365 2436 2678 2700 2703 2734 2761 2774 2775 2810 2935 3001 3079 3085 3102 3107 3180 3200 3238 3245 3246 3300 3336 3350 3372 3396 3420 3435 3436 3572 3607 3732 3799 3831 3843 3863 3880 3883 3951 3975 3985 4165 4281 4286 4301 4312 4390 4424 4471 4480 4557 4572 4582 4629 4643 4691 4701 4756 4804 4809 4837 4870 4881 4917 4922 4934 4971 5068 5083 5117 5132 5151 5208 5279 5285 5307 5333 5339 5388 5391 5432 5560 5580 5586 5589 5593 5603 5605 5610 5647 5688 5781 5924 5947 5951 5978 5983 5993 6072 6106 6126 6186 6200 6206 6252 6273 6323 6340 6348 6359 6361 6384 6400 6436 6442 6540 6543 6558 6591 6617 6620 6661 6723 6730 6826 6832 6852 6866 6872 6874 6878 6881 6885 6895 6913 6917 6931 6943 7076 7148 7155 7181 7187 7188 7231 7244 7261 7273 7299 7313 7331 7341 7343 7344 7349 7351 7360 7385 7392 7467 7477 7498 7502 7506 7528 7535 7583 7607 7621 7646 7672 7679 7682 7685 7686 7689 7700 7732 7748 7777 7808 7811 7820 7845 7864 7871 7887 7908 7920 7940 7952 7953 7954 7969 7974 7982 8022 8062 8095 8132 8137 8142 8154 8164 8179 8209 8228 8229 8252 8274 8290 8367 8385 8387 8388 8397 8410 8411 8415 8419 8457 8462 8466 8470 8476 8485 8502 8508 8521 8555 8571 8574 8586 8589 8593 8594 8595 8598 8603 8620 8621 8627 8630 8632 8662 8664 8693 8696 8702 8710 8713 8721 8729 8753 8755 8791 8800 8813 8814 8820 8822 8834 8853 8867 8868 8873 8875 8879 8887 8894 8900 8906 8910 8912 8919 8920 8934 8936 8941 8944 8953 8955
16 167 202 228 245 335 370 379 450 553 600 743 749 775 810 905 917 952 983 1004 1022 1093 1102 1170 1242 1338 1365 1375 1406 1436 1528 1545 1566 1659 1713 1742 1760 1834 1951 1978 2043 2106 2143 2172 2237 2276 2633 2650 2670 2718 2753 2850 2902 2906 2961 2968 3002 3062 3064 3146 3219 3275 3290 3296 3350 3418 3605 3730 3758 3829 3834 3864 3943 3973 4016 4111 4130 4283 4300 4330 4352 4360 4367 4387 4466 4546 4548 4556 4566 4622 4633 4668 4718 4725 4756 4776 4783 4809 4830 4912 4950 4958 4968 5000 5057 5067 5144 5192 5247 5260 5275 5298 5359 5386 5387 5412 5431 5512 5553 5554 5557 5579 5590 5602 5616 5643 5646 5664 5675 5766 5836 5859 5887 5916 5936 5940 5958 5983 5993 6046 6052 6053 6081 6091 6113 6183 6184 6185 6187 6198 6205 6235 6283 6339 6393 6426 6428 6502 6509 6530 6605 6609 6616 6632 6648 6649 6703 6707 6720 6748 6815 6827 6834 6850 6862 6867 6874 6880 6891 6907 6908 6920 6925 6967 7000 7004 7031 7051 7104 7128 7131 7169 7179 7196 7273 7288 7301 7310 7319 7331 7341 7360 7370 7385 7392 7435 7467 7474 7478 7484 7501 7506 7511 7516 7554 7564 7568 7605 7618 7620 7639 7642 7644 7662 7681 7692 7766 7774 7775 7784 7808 7809 7867 7906 7931 7932 7948 7952 7967 8003 8017 8026 8049 8061 8132 8142 8152 8164 8176 8193 8197 8227 8251 8264 8274 8290 8351 8374 8376 8389 8392 8397 8411 8415 8419 8443 8451 8462 8465 8466 8480 8482 8514 8542 8571 8576 8583 8593 8595 8614 8615 8618 8619 8626 8631 8662 8667 8684 8690 8696 8699 8709 8718 8746 8752 8769 8792 8798 8799 8800 8809 8816 8821 8833 8850 8867 8872 8881 8883 8890 8892 8912 8916 8917 8921 8936 8943 8950 8952
34 82 107 166 264 335 347 390 423 549 590 592 653 678 702 713 748 774 798 889 897 919 968 1015 1141 1199 1219 1317 1361 1363 1399 1408 1543 1563 1636 1708 2019 2056 2190 2200 2267 2527 2610 2630 2640 2650 2651 2677 2732 2749 2751 2798 2924 2959 3054 3070 3133 3145 3203 3210 3261 3264 3319 3327 3408 3528 3660 3686 3730 3822 3855 3912 3938 3965 4042 4078 4186 4229 4240 4265 4350 4380 4492 4499 4516 4529 4616 4618 4655 4678 4680 4747 4866 4881 4883 4888 4898 4915 4936 4949 5030 5032 5083 5093 5103 5131 5169 5179 5207 5212 5214 5217 5269 5296 5348 5370 5380 5408 5437 5457 5479 5517 5544 5560 5572 5574 5611 5642 5648 5656 5718 5885 5912 5938 5954 5963 5977 6040 6047 6075 6110 6112 6139 6145 6158 6172 6187 6198 6201 6242 6263 6267 6285 6295 6336 6368 6380 6390 6421 6510 6569 6602 6632 6642 6673 6686 6701 6717 6719 6801 6808 6814 6835 6844 6862 6892 6993 7003 7011 7025 7028 7091 7102 7124 7128 7133 7141 7160 7174 7225 7258 7259 7276 7314 7319 7320 7333 7357 7369 7381 7392 7409 7412 7458 7470 7472 7487 7500 7505 7527 7531 7555 7561 7577 7579 7589 7595 7604 7611 7617 7619 7630 7632 7635 7659 7662 7680 7684 7751 7758 7766 7798 7804 7815 7858 7859 7900 7902 7903 7921 7931 7949 7951 7952 7959 8014 8025 8040 8047 8122 8126 8133 8158 8160 8186 8195 8226 8246 8253 8255 8270 8294 8354 8374 8385 8386 8387 8393 8401 8406 8408 8416 8429 8431 8436 8445 8448 8462 8463 8476 8478 8479 8509 8528 8541 8554 8574 8592 8599 8606 8615 8619 8624 8626 8630 8638 8663 8665 8677 8684 8690 8693 8695 8697 8701 8707 8709 8746 8789 8791 8795 8796 8825 8833 8838 8863 8866 8881 8888 8890 8904 8910 8915 8918 8923 8935 8943 8944
95 131 185 221 303 328 380 382 495 547 576 633 645 674 713 744 796 829 891 969 982 988 1079 1083 1096 1190 1262 1280 1355 1381 1443 1530 1607 1675 1931 2176 2195 2243 2453 2492 2572 2638 2639 2674 2679 2684 2695 2701 2708 2723 2796 2886 2948 2959 3051 3052 3097 3111 3124 3170 3199 3264 3278 3327 3385 3642 3707 3765 3808 3813 3847 3879 3910 3931 3962 4077 4185 4219 4234 4255 4261 4334 4338 4350 4406 4429 4480 4499 4506 4520 4615 4621 4650 4698 4853 4871 4880 4887 4925 4947 4989 5019 5058 5095 5121 5170 5206 5255 5285 5360 5364 5397 5480 5482 5489 5550 5562 5570 5588 5605 5612 5648 5672 5733 5816 5825 5888 5910 5912 5926 5941 5945 5955 6033 6040 6050 6106 6117 6127 6134 6148 6158 6163 6198 6221 6258 6277 6331 6362 6413 6506 6555 6593 6597 6615 6697 6705 6787 6796 6811 6819 6855 6856 6860 6890 6960 6969 6984 7088 7097 7108 7109 7160 7184 7188 7243 7248 7270 7271 7318 7319 7338 7359 7363 7373 7375 7388 7412 7429 7439 7452 7469 7492 7498 7499 7514 7534 7544 7561 7577 7581 7588 7595 7597 7602 7614 7617 7626 7633 7658 7663 7678 7679 7682 7719 7731 7738 7745 7753 7784 7789 7794 7802 7832 7856 7892 7928 7947 8011 8017 8023 8049 8100 8124 8126 8129 8139 8150 8165 8200 8227 8229 8242 8257 8330 8353 8373 8374 8377 8387 8390 8391 8393 8425 8427 8433 8440 8453 8461 8464 8484 8514 8529 8565 8590 8596 8611 8612 8613 8620 8624 8636 8652 8665 8667 8677 8679 8682 8688 8691 8694 8697 8709 8716 8741 8759 8770 8781 8786 8794 8795 8797 8831 8833 8834 8851 8862 8881 8882 8900 8908 8911 8918 8927 8930 8942
47 117 318 345 491 526 641 677 686 720 772 778 885 888 897 919 1042 1118 1171 1243 1244 1327 1346 1435 1521 1527 1617 1618 1695 1794 1864 1902 1913 2063 2182 2205 2462 2502 2518 2550 2589 2616 2633 2635 2637 2666 2673 2699 2703 2717 2768 2784 2842 2859 2926 3044 3070 3102 3121 3169 3196 3200 3248 3254 3273 3276 3362 3606 3611 3710 3740 3755 3792 3799 3812 3829 3869 3945 3960 3974 4051 4153 4197 4221 4251 4309 4353 4405 4468 4478 4484 4518 4540 4550 4561 4604 4621 4630 4686 4821 4871 4899 4928 4947 4965 4992 5009 5016 5041 5063 5155 5165 5204 5253 5274 5293 5353 5362 5386 5458 5473 5478 5527 5580 5587 5596 5597 5641 5662 5788 5791 5874 5899 5905 5918 5933 5948 5953 6024 6037 6046 6047 6060 6078 6101 6113 6150 6168 6170 6197 6210 6253 6318 6320 6348 6365 6438 6492 6495 6503 6588 6590 6614 6684 6692 6703 6765 6784 6810 6843 6856 6909 6949 6969 7049 7068 7086 7109 7216 7231 7253 7266 7268 7308 7313 7350 7354 7369 7404 7408 7440 7458 7471 7494 7501 7516 7531 7578 7581 7587 7590 7594 7602 7603 7607 7644 7656 7663 7668 7674 7752 7785 7805 7813 7832 7848 7875 7878 7883 7928 7944 7962 8005 8011 8028 8034 8095 8115 8135 8137 8158 8180 8197 8200 8209 8226 8235 8267 8276 8297 8370 8372 8380 8383 8390 8391 8415 8425 8440 8444 8448 8455 8458 8461 8504 8544 8557 8570 8581 8588 8599 8606 8608 8610 8618 8619 8628 8635 8650 8663 8666 8674 8676 8681 8687 8690 8692 8693 8698 8713 8740 8779 8781 8782 8785 8793 8828 8848 8852 8854 8864 8866 8877 8880 8891 8896 8905 8918 8922 8925 8929 8930 8938
65 310 343 383 448 562 580 590 627 641 688 698 749 788 836 850 870 874 896 926 1023 1079 1141 1241 1253 1288 1294 1335 1390 1416 1467 1548 1605 1664 1878 1964 2148 2178 2360 2396 2420 2429 2430 2437 2462 2595 2598 2665 2671 2686 2690 2763 2767 2797 2812 2885 2917 3040 3044 3065 3069 3112 3116 3133 3139 3188 3200 3235 3254 3264 3292 3352 3588 3665 3692 3706 3781 3805 3853 3867 3919 3956 4120 4147 4198 4209 4217 4229 4301 4304 4375 4454 4459 4472 4508 4539 4585 4591 4607 4760 4773 4798 4841 4853 4893 4904 4911 4946 4963 4986 5010 5046 5105 5151 5161 5163 5178 5201 5251 5258 5344 5365 5376 5401 5414 5456 5458 5464 5517 5558 5575 5587 5646 5690 5740 5766 5775 5780 5876 5879 5886 5887 5898 5899 5935 5936 5979 6018 6037 6047 6052 6071 6101 6111 6142 6167 6170 6232 6239 6253 6266 6316 6337 6346 6365 6420 6462 6487 6490 6493 6515 6563 6585 6600 6606 6658 6695 6697 6731 6755 6770 6802 6808 6831 6833 6836 6842 6847 6853 6879 6937 6965 7019 7042 7082 7103 7106 7150 7206 7213 7251 7261 7265 7278 7306 7307 7337 7349 7357 7358 7369 7407 7426 7439 7463 7491 7493 7494 7500 7509 7513 7550 7557 7574 7576 7582 7590 7593 7601 7625 7631 7649 7660 7667 7705 7720 7732 7745 7774 7812 7847 7849 7868 7869 7888 7902 7904 7917 7922 7938 7942 7971 8001 8024 8066 8103 8127 8134 8142 8154 8168 8189 8196 8235 8308 8315 8323 8360 8369 8376 8377 8379 8389 8391 8393 8395 8416 8421 8433 8437 8441 8452 8454 8459 8461 8500 8515 8538 8570 8588 8595 8607 8608 8610 8620 8631 8655 8658 8680 8681 8683 8690 8691 8700 8710 8711 8767 8779 8784 8788 8804 8846 8849 8852 8854 8875 8878 8890 8894 8899 8903 8906 8909 8921 8922
47 48 195 251 292 444 492 511 516 521 583 636 739 802 813 930 975 987 1039 1044 1049 1137 1151 1238 1275 1319 1406 1434 1514 1601 1656 1753 1844 1959 1960 2009 2044 2111 2254 2342 2381 2461 2571 2576 2610 2637 2736 2757 2774 2793 2824 2910 2917 2922 2948 2984 3039 3043 3086 3128 3147 3166 3183 3211 3246 3255 3350 3456 3494 3528 3603 3608 3640 3643 3665 3683 3703 3709 3772 3801 3841 3847 3910 3954 4079 4081 4112 4115 4208 4256 4288 4322 4355 4441 4445 4492 4573 4585 4592 4711 4748 4819 4833 4851 4859 4878 4936 4941 4979 4982 5018 5062 5076 5085 5162 5223 5225 5239 5244 5290 5329 5335 5341 5349 5387 5410 5434 5449 5454 5460 5496 5497 5544 5552 5582 5606 5705 5707 5724 5762 5838 5850 5872 5885 5893 5992 6002 6031 6035 6046 6056 6064 6103 6107 6169 6240 6300 6312 6319 6335 6414 6460 6481 6568 6580 6582 6627 6654 6671 6678 6704 6746 6758 6767 6801 6804 6806 6819 6841 6842 6843 6941 6960 7000 7082 7096 7145 7153 7187 7189 7211 7256 7302 7307 7322 7349 7353 7426 7445 7453 7480 7486 7490 7494 7502 7515 7566 7588 7593 7599 7621 7644 7651 7663 7694 7765 7772 7782 7812 7814 7827 7867 7887 7897 7914 7931 7938 7939 7942 7963 7974 7979 7993 7996 8024 8054 8066 8084 8090 8092 8110 8123 8130 8142 8176 8182 8193 8195 8221 8296 8304 8308 8310 8318 8333 8340 8364 8367 8369 8378 8385 8387 8393 8394 8417 8429 8437 8442 8444 8448 8451 8456 8483 8500 8526 8561 8569 8574 8583 8585 8586 8604 8612 8617 8633 8649 8653 8666 8680 8701 8705 8737 8757 8762 8764 8770 8781 8784 8816 8845 8848 8866 8874 8878 8899 8903 8906 8909 8917 8919 8921
46 101 187 232 426 485 506 581 600 631 661 725 748 773 804 946 965 978 1127 1132 1156 1192 1203 1283 1313 1403 1494 1571 1577 1578 1631 1711 1746 1755 1772 1884 1952 1965 2029 2154 2202 2300 2362 2363 2488 2534 2549 2570 2599 2613 2618 2631 2633 2663 2674 2700 2709 2753 2909 2919 2969 3001 3024 3029 3039 3045 3092 3117 3141 3179 3206 3316 3480 3600 3680 3706 3712 3737 3741 3769 3815 3867 3902 3949 4033 4052 4053 4086 4087 4129 4134 4169 4184 4230 4244 4253 4428 4435 4447 4448 4479 4480 4575 4576 4584 4607 4656 4704 4725 4739 4764 4843 4936 4960 5037 5051 5110 5158 5192 5219 5225 5289 5335 5349 5423 5437 5487 5493 5543 5575 5597 5647 5710 5722 5727 5736 5744 5747 5806 5816 5847 5859 5867 5872 5911 5933 5993 5994 6029 6034 6039 6042 6094 6115 6132 6143 6169 6174 6202 6215 6240 6260 6298 6329 6335 6394 6399 6414 6451 6476 6526 6545 6548 6552 6566 6591 6603 6646 6670 6713 6719 6780 6801 6803 6805 6838 6842 6921 6938 6954 6971 6975 7070 7074 7078 7135 7140 7176 7243 7281 7302 7306 7307 7313 7349 7390 7406 7423 7426 7439 7447 7464 7472 7478 7483 7489 7501 7515 7528 7559 7577 7578 7596 7605 7606 7608 7610 7640 7644 7651 7687 7738 7750 7765 7768 7789 7790 7797 7806 7822 7865 7866 7867 7874 7894 7899 7918 7926 7933 7935 7940 7950 7961 7968 7980 7996 8003 8053 8057 8081 8087 8098 8105 8113 8133 8137 8174 8192 8217 8221 8264 8275 8280 8289 8290 8312 8350 8357 8359 8376 8383 8389 8394 8398 8420 8422 8423 8428 8429 8434 8440 8446 8451 8455 8473 8508 8566 8569 8573 8582 8583 8586 8595 8597 8604 8629 8644 8645 8660 8668 8678 8691 8697 8729 8741 8745 8748 8753 8757 8758 8777 8783 8797 8842 8846 8848 8851 8859 8864 8872 8876 8885 8895 8896 8903 8907
19 45 94 145 152 154 184 213 224 403 407 424 432 485 562 575 598 694 723 744 772 796 832 884 1055 1119 1178 1202 1375 1394 1522 1574 1617 1690 1727 1753 1806 1808 1813 2029 2063 2114 2151 2262 2308 2333 2351 2412 2518 2523 2562 2578 2590 2611 2629 2706 2724 2784 2907 2935 2943 2988 2993 3016 3025 3053 3080 3083 3113 3145 3197 3198 3219 3298 3314 3436 3487 3517 3589 3636 3658 3674 3705 3730 3740 3766 3796 3914 3927 3996 4067 4120 4121 4133 4144 4165 4228 4301 4311 4354 4395 4408 4434 4557 4575 4597 4675 4684 4729 4759 4820 4855 4864 4892 4920 4957 5023 5025 5045 5103 5136 5137 5179 5217 5218 5250 5256 5276 5287 5303 5314 5317 5328 5333 5367 5393 5420 5450 5453 5489 5493 5568 5577 5674 5707 5720 5811 5837 5858 5861 5871 5919 5955 5994 6015 6020 6028 6033 6052 6053 6111 6141 6148 6215 6260 6291 6296 6325 6329 6357 6392 6405 6451 6462 6502 6512 6520 6532 6552 6565 6583 6586 6667 6698 6747 6769 6795 6817 6828 6833 6835 6838 6895 6905 6949 6965 7066 7067 7072 7083 7128 7176 7196 7233 7240 7268 7296 7306 7337 7344 7347 7348 7362 7422 7434 7439 7453 7472 7478 7492 7496 7535 7536 7573 7587 7594 7603 7605 7639 7748 7764 7773 7792 7844 7855 7858 7866 7878 7911 7922 7924 7931 7933 7939 7942 7954 7960 7974 7984 7996 8017 8034 8068 8083 8089 8092 8100 8148 8163 8167 8215 8225 8266 8267 8297 8307 8342 8356 8357 8375 8383 8390 8392 8396 8398 8419 8423 8430 8435 8446 8448 8450 8479 8494 8545 8548 8558 8566 8571 8577 8581 8592 8602 8604 8629 8641 8643 8652 8656 8675 8677 8689 8693 8714 8719 8745 8747 8771 8789 8832 8838 8844 8847 8853 8857 8872 8895 8897 8902 8906
41 86 141 176 279 376 404 509 544 595 668 691 748 775 778 784 800 835 861 1029 1055 1062 1139 1172 1191 1209 1340 1390 1393 1476 1478 1503 1603 1613 1749 1792 1794 1805 2081 2102 2133 2250 2279 2358 2411 2455 2469 2559 2561 2572 2581 2584 2610 2817 2828 2903 3007 3014 3018 3071 3090 3123 3172 3185 3203 3236 3289 3377 3381 3384 3445 3547 3571 3639 3655 3705 3721 3725 3867 3916 3980 3994 4067 4119 4128 4184 4185 4250 4271 4278 4308 4363 4383 4384 4416 4434 4547 4569 4613 4642 4668 4683 4710 4725 4752 4786 4820 4833 4853 4856 4861 4945 4956 5005 5061 5099 5105 5127 5174 5193 5202 5229 5246 5287 5292 5299 5301 5323 5353 5390 5437 5465 5485 5542 5613 5683 5704 5727 5823 5841 5851 5855 5864 5867 5868 5982 6002 6015 6018 6028 6032 6038 6049 6103 6141 6142 6215 6223 6275 6288 6317 6323 6390 6407 6438 6448 6451 6462 6495 6527 6533 6553 6568 6665 6712 6733 6743 6747 6779 6788 6791 6792 6804 6824 6827 6830 6870 6895 6898 7054 7057 7064 7077 7115 7120 7221 7264 7267 7273 7289 7299 7315 7327 7336 7340 7343 7406 7421 7427 7456 7457 7463 7468 7470 7474 7490 7515 7565 7570 7587 7591 7594 7596 7605 7633 7708 7710 7726 7760 7763 7780 7783 7823 7829 7866 7868 7878 7885 7886 7891 7932 7941 7949 7950 7981 8028 8068 8083 8092 8139 8146 8206 8212 8213 8240 8254 8265 8294 8304 8329 8348 8358 8367 8373 8383 8389 8393 8419 8421 8423 8435 8439 8442 8452 8529 8554 8559 8565 8566 8569 8575 8580 8599 8603 8604 8628 8630 8640 8642 8652 8668 8671 8673 8695 8738 8740 8749 8762 8765 8822 8824 8831 8836 8837 8841 8847 8856 8882 8892 8894 8896 8898
59 116 172 269 296 340 349 393 413 474 501 543 558 656 682 695 746 784 842 862 869 936 976 991 1030 1055 1071 1095 1175 1310 1357 1362 1406 1417 1427 1546 1603 1606 1748 1792 1905 2215 2224 2247 2370 2380 2392 2398 2421 2480 2530 2532 2561 2581 2598 2902 2948 2967 2971 3024 3070 3083 3116 3164 3170 3211 3313 3356 3395 3503 3564 3568 3630 3643 3677 3702 3709 3716 3823 3867 3895 3954 4004 4014 4020 4101 4173 4252 4264 4290 4371 4382 4400 4431 4461 4520 4524 4533 4542 4568 4613 4684 4703 4717 4718 4728 4746 4765 4808 4815 4924 4933 4952 4957 4968 4991 5004 5077 5078 5101 5102 5114 5122 5124 5138 5169 5193 5237 5244 5285 5296 5320 5323 5335 5341 5369 5390 5404 5419 5467 5482 5522 5535 5539 5598 5659 5661 5693 5766 5821 5845 5854 5858 5867 5965 5996 6002 6013 6019 6024 6026 6043 6117 6138 6177 6192 6195 6202 6212 6240 6272 6291 6317 6333 6373 6380 6421 6423 6428 6471 6484 6492 6510 6511 6544 6591 6628 6659 6661 6714 6728 6746 6773 6780 6813 6827 6849 6863 6913 6955 6993 7026 7047 7064 7071 7103 7183 7234 7243 7287 7326 7337 7390 7405 7412 7423 7427 7460 7466 7468 7469 7489 7493 7502 7532 7533 7554 7556 7558 7566 7583 7588 7589 7600 7627 7633 7691 7706 7710 7753 7755 7778 7803 7813 7818 7850 7864 7867 7886 7916 7920 7928 7937 7950 7976 7997 8021 8035 8037 8060 8073 8077 8083 8089 8107 8145 8191 8195 8197 8205 8206 8234 8250 8254 8268 8289 8293 8297 8304 8323 8324 8334 8342 8353 8357 8360 8366 8372 8376 8390 8397 8416 8419 8421 8431 8433 8477 8478 8526 8534 8541 8545 8548 8564 8571 8578 8594 8597 8602 8603 8621 8627 8630 8636 8639 8649 8664 8666 8667 8693 8700 8720 8737 8739 8742 8745 8819 8829 8834 8835 8839 8844 8864 8871 8890 8893
44 152 164 253 314 340 367 403 473 476 528 547 556 604 649 660 666 690 701 715 755 775 831 877 967 980 998 1023 1052 1082 1113 1174 1300 1317 1348 1480 1582 1603 1654 1668 1686 1752 2205 2392 2414 2448 2458 2526 2553 2568 2574 2581 2717 2799 2866 2888 2902 2925 2932 2942 2944 2971 2984 3016 3037 3073 3074 3094 3112 3143 3169 3172 3265 3322 3372 3435 3454 3500 3516 3552 3603 3635 3638 3667 3800 3807 3858 3866 3882 3949 3965 4009 4059 4101 4235 4252 4337 4360 4397 4427 4459 4492 4520 4535 4556 4613 4628 4689 4708 4710 4713 4752 4783 4790 4812 4846 4883 4922 4927 4946 5038 5090 5097 5106 5130 5148 5181 5192 5212 5266 5269 5316 5317 5329 5367 5382 5392 5412 5424 5430 5468 5499 5522 5531 5568 5613 5646 5671 5688 5690 5720 5785 5834 5836 5843 5852 5859 5864 5879 5899 5962 5972 5986 5998 6004 6005 6016 6021 6116 6153 6185 6193 6200 6215 6234 6253 6278 6308 6311 6332 6372 6426 6427 6435 6455 6477 6499 6568 6590 6626 6637 6680 6686 6699 6720 6724 6743 6747 6756 6777 6804 6828 6838 6850 6877 6976 7007 7026 7064 7070 7078 7092 7180 7181 7199 7221 7226 7244 7279 7283 7312 7317 7326 7331 7333 7363 7388 7407 7415 7416 7426 7443 7462 7478 7484 7493 7548 7551 7556 7562 7579 7580 7582 7583 7607 7615 7623 7627 7658 7702 7750 7751 7758 7770 7799 7809 7844 7848 7851 7863 7865 7887 7898 7920 7925 7926 7932 7967 7992 8004 8015 8061 8074 8076 8077 8106 8137 8194 8202 8241 8249 8284 8291 8294 8316 8324 8329 8331 8343 8356 8362 8363 8367 8368 8371 8376 8392 8393 8416 8420 8421 8427 8430 8446 8524 8525 8539 8544 8550 8559 8561 8563 8578 8585 8590 8595 8602 8603 8620 8627 8633 8647 8661 8681 8684 8722 8737 8815 8819 8823 8837 8840 8844 8867 8880 8890 8893
44 92 108 121 164 283 299 331 418 450 524 528 554 635 653 698 760 774 819 851 917 938 1014 1079 1149 1211 1318 1330 1477 1583 1636 1679 2130 2164 2172 2264 2339 2385 2398 2516 2523 2526 2530 2659 2691 2866 2897 2941 2957 2959 3021 3092 3103 3111 3122 3140 3254 3324 3450 3462 3536 3541 3575 3601 3666 3742 3758 3762 3809 3827 3860 3939 3965 3977 3991 3992 4014 4032 4092 4232 4234 4251 4271 4290 4310 4323 4412 4439 4513 4518 4524 4546 4688 4701 4718 4743 4804 4845 4854 4874 4908 4922 4930 4955 5019 5046 5084 5099 5164 5185 5196 5239 5257 5261 5300 5312 5329 5360 5376 5397 5457 5514 5546 5608 5612 5644 5669 5749 5786 5825 5836 5849 5892 5931 5945 5948 5949 5951 5978 5981 5997 6005 6064 6088 6113 6145 6187 6192 6214 6240 6295 6309 6327 6362 6368 6374 6403 6415 6419 6434 6447 6459 6489 6498 6499 6546 6575 6590 6605 6614 6655 6656 6702 6710 6726 6731 6738 6746 6769 6770 6796 6802 6850 6952 6956 6976 6991 7001 7013 7025 7035 7039 7053 7070 7073 7078 7090 7102 7178 7186 7218 7220 7236 7272 7301 7310 7323 7349 7399 7401 7402 7409 7414 7448 7474 7475 7508 7541 7543 7545 7553 7562 7573 7575 7598 7620 7642 7650 7694 7710 7728 7731 7732 7739 7749 7797 7798 7816 7844 7846 7854 7859 7882 7917 7924 7925 7929 7940 7979 7988 8031 8054 8073 8076 8082 8085 8104 8118 8123 8183 8197 8205 8221 8240 8266 8272 8282 8291 8293 8308 8324 8328 8346 8351 8352 8362 8368 8410 8415 8420 8425 8429 8438 8439 8481 8500 8510 8526 8537 8542 8549 8554 8560 8562 8564 8571 8582 8602 8626 8630 8650 8654 8660 8679 8680 8683 8693 8700 8729 8737 8778 8796 8798 8799 8802 8806 8812 8817 8821 8825 8827 8838 8853 8865 8871 8874 8883
91 99 116 252 274 361 444 448 517 547 565 597 637 697 757 760 768 775 830 858 879 929 932 1141 1145 1205 1287 1314 1446 1566 1608 1797 1809 1945 2155 2161 2299 2339 2495 2510 2516 2525 2533 2671 2729 2746 2820 2881 2887 2904 2909 2924 2925 2933 3012 3066 3097 3120 3122 3195 3196 3293 3294 3343 3393 3483 3491 3592 3616 3632 3652 3663 3674 3701 3758 3809 3819 3826 3918 3938 3952 3992 4007 4025 4063 4068 4169 4216 4229 4260 4306 4312 4389 4439 4488 4515 4676 4687 4692 4719 4745 4790 4797 4826 4845 4900 4904 4980 4988 5007 5052 5064 5168 5183 5243 5260 5290 5301 5303 5326 5341 5356 5369 5392 5414 5434 5447 5479 5510 5526 5548 5560 5622 5628 5665 5737 5742 5815 5818 5822 5841 5860 5896 5903 5936 5937 5956 5959 5970 5990 5996 6100 6125 6128 6134 6171 6174 6203 6212 6293 6327 6328 6338 6356 6363 6406 6427 6468 6469 6479 6485 6516 6542 6560 6586 6603 6625 6648 6662 6686 6697 6706 6722 6728 6759 6769 6786 6796 6821 6826 6874 6882 6949 6974 7030 7068 7087 7161 7174 7176 7192 7218 7249 7250 7251 7264 7310 7317 7321 7323 7364 7377 7389 7397 7398 7405 7409 7437 7472 7475 7539 7552 7561 7573 7583 7610 7642 7648 7649 7695 7697 7710 7711 7716 7761 7796 7802 7809 7829 7840 7842 7858 7880 7887 7915 7962 7984 8013 8017 8031 8063 8068 8069 8082 8091 8115 8173 8176 8183 8193 8238 8267 8278 8280 8282 8287 8291 8294 8298 8333 8343 8344 8360 8361 8391 8405 8410 8416 8425 8428 8456 8501 8508 8517 8531 8541 8543 8552 8554 8558 8559 8563 8574 8576 8587 8600 8601 8623 8624 8626 8637 8646 8650 8669 8676 8682 8699 8700 8705 8722 8734 8737 8771 8793 8796 8805 8815 8817 8818 8820 8827 8829 8831 8855 8856 8864 8873 8874 8875 8876
60 102 137 209 236 247 296 403 460 465 521 536 550 562 611 645 717 765 809 922 963 1110 1132 1144 1168 1223 1303 1433 1441 1476 1533 1536 1626 1863 2010 2073 2120 2284 2286 2297 2311 2324 2461 2494 2505 2704 2740 2748 2815 2831 2867 2875 2911 2941 2949 2968 3030 3070 3089 3106 3126 3157 3251 3301 3341 3344 3431 3465 3471 3485 3488 3557 3559 3584 3645 3652 3683 3750 3753 3771 3822 3890 3894 3911 3923 3948 4006 4065 4134 4137 4180 4182 4190 4207 4277 4281 4298 4342 4346 4362 4376 4428 4455 4484 4668 4669 4692 4745 4787 4898 4974 4988 5007 5031 5033 5050 5052 5134 5140 5172 5177 5202 5213 5221 5228 5245 5278 5288 5308 5338 5355 5356 5377 5382 5396 5442 5448 5460 5503 5527 5540 5561 5583 5586 5602 5647 5654 5670 5696 5728 5742 5805 5810 5814 5833 5834 5840 5852 5867 5871 5874 5918 5928 5940 5961 5966 5972 5990 6056 6085 6091 6119 6156 6170 6181 6207 6284 6285 6286 6298 6309 6326 6348 6360 6370 6391 6462 6476 6506 6548 6555 6587 6625 6635 6678 6679 6687 6692 6700 6718 6730 6743 6785 6786 6798 6799 6803 6822 6849 6962 6965 6970 6984 7025 7039 7041 7044 7082 7153 7172 7186 7192 7210 7238 7240 7260 7261 7281 7303 7308 7309 7321 7337 7395 7396 7398 7403 7433 7449 7472 7475 7537 7539 7550 7554 7562 7565 7566 7600 7635 7665 7682 7713 7716 7750 7786 7788 7797 7819 7828 7836 7841 7849 7853 7857 7880 7902 7913 7914 7921 7944 7970 7990 8025 8067 8069 8075 8155 8175 8187 8214 8238 8256 8273 8289 8290 8327 8343 8352 8359 8361 8380 8382 8404 8412 8415 8416 8421 8431 8449 8457 8490 8496 8530 8534 8548 8552 8553 8563 8576 8586 8595 8597 8599 8614 8615 8617 8623 8626 8643 8664 8666 8674 8675 8688 8693 8733 8759 8789 8793 8798 8799 8810 8811 8825 8842 8856 8863 8871 8872
6 50 100 112 232 240 246 267 328 351 359 456 466 523 534 542 557 609 678 709 733 770 785 888 901 922 1076 1163 1281 1368 1439 1448 1512 1527 1557 1840 1853 1912 2025 2038 2116 2176 2225 2257 2297 2322 2408 2437 2442 2457 2490 2548 2703 2795 2804 2844 2878 2907 2934 2975 3009 3036 3040 3043 3060 3062 3069 3089 3146 3148 3306 3446 3490 3576 3647 3681 3704 3714 3853 3871 3902 3946 3959 4001 4055 4138 4177 4186 4197 4284 4338 4354 4418 4422 4449 4666 4685 4690 4723 4737 4744 4763 4766 4786 4892 4964 4995 5015 5040 5051 5119 5139 5148 5157 5167 5195 5235 5252 5256 5263 5301 5324 5325 5379 5401 5413 5441 5447 5498 5535 5581 5600 5638 5639 5646 5772 5797 5801 5827 5858 5910 5919 5925 5935 5936 5957 5963 5990 6028 6055 6069 6135 6142 6155 6176 6182 6190 6263 6271 6297 6316 6349 6382 6385 6419 6430 6445 6484 6504 6519 6552 6588 6598 6632 6659 6663 6665 6678 6713 6726 6729 6741 6782 6785 6786 6792 6818 6933 6937 6952 6958 7024 7034 7042 7080 7139 7150 7166 7172 7201 7202 7235 7243 7255 7268 7295 7302 7321 7325 7369 7379 7396 7411 7462 7469 7504 7534 7542 7543 7555 7557 7596 7597 7615 7633 7646 7671 7702 7712 7718 7723 7745 7758 7770 7774 7778 7799 7827 7837 7839 7843 7852 7857 7874 7906 7915 7935 7963 7980 8015 8024 8048 8066 8133 8141 8146 8150 8166 8173 8185 8219 8271 8272 8283 8301 8326 8327 8328 8339 8351 8366 8374 8381 8385 8399 8400 8412 8416 8431 8481 8488 8492 8495 8516 8526 8527 8530 8536 8540 8545 8548 8562 8564 8569 8573 8580 8592 8600 8610 8617 8626 8638 8646 8662 8675 8677 8691 8699 8700 8716 8729 8770 8779 8783 8791 8792 8799 8802 8803 8824 8826 8830 8841 8852 8853 8855 8863 8867 8868
11 28 79 159 182 208 232 315 344 358 504 534 537 578 691 723 770 785 875 879 885 1053 1136 1257 1272 1326 1387 1407 1439 1541 1663 1728 1837 1840 1898 1939 1949 2025 2117 2145 2183 2196 2223 2231 2325 2358 2426 2432 2444 2474 2692 2750 2778 2791 2837 2840 2893 2909 2944 2960 2972 3030 3045 3069 3090 3233 3290 3295 3382 3429 3496 3499 3613 3658 3679 3698 3826 3865 3889 3927 3998 4051 4071 4077 4113 4170 4267 4281 4306 4331 4370 4412 4419 4485 4556 4655 4660 4685 4689 4716 4750 4763 4889 4943 4956 4986 5027 5082 5108 5180 5184 5199 5229 5246 5287 5302 5305 5320 5364 5424 5431 5461 5490 5511 5577 5589 5606 5635 5636 5689 5706 5760 5789 5807 5809 5846 5902 5924 5925 5945 5947 5961 5986 6013 6021 6053 6064 6084 6086 6108 6114 6127 6169 6255 6262 6268 6280 6296 6316 6321 6369 6375 6427 6482 6518 6537 6549 6586 6629 6659 6665 6688 6705 6711 6733 6776 6782 6790 6922 6923 6924 6930 6950 6980 6996 7018 7024 7034 7037 7051 7059 7067 7138 7141 7153 7159 7172 7188 7216 7226 7253 7295 7300 7304 7311 7355 7364 7378 7387 7393 7395 7406 7453 7459 7486 7488 7518 7522 7523 7533 7536 7549 7562 7612 7617 7619 7638 7644 7651 7664 7709 7710 7715 7725 7747 7763 7765 7792 7812 7826 7828 7831 7837 7839 7866 7872 7882 7886 7951 7956 7960 7963 7986 8019 8035 8054 8077 8090 8125 8138 8147 8152 8168 8175 8192 8216 8239 8247 8253 8273 8277 8288 8297 8300 8311 8327 8338 8344 8366 8381 8382 8388 8390 8397 8399 8400 8401 8414 8421 8424 8445 8477 8486 8488 8499 8525 8529 8535 8540 8549 8560 8569 8580 8582 8589 8604 8613 8638 8657 8670 8674 8678 8682 8719 8765 8770 8776 8777 8790 8792 8824 8829 8844 8845 8854 8868
63 76 119 166 181 250 291 433 467 495 515 533 534 552 684 687 739 747 806 820 827 919 964 1003 1066 1154 1217 1248 1277 1288 1315 1357 1361 1392 1455 1457 1749 1769 1855 2004 2009 2118 2144 2177 2216 2309 2424 2451 2504 2631 2686 2720 2762 2786 2826 2873 2928 2929 2990 3017 3048 3199 3211 3229 3237 3360 3367 3377 3408 3447 3498 3540 3610 3685 3687 3694 3806 3836 3857 3886 4056 4132 4223 4238 4248 4270 4283 4306 4329 4343 4410 4413 4415 4430 4458 4474 4484 4487 4594 4607 4621 4639 4657 4676 4701 4714 4805 4844 4853 4877 4883 4931 4964 4985 5010 5065 5082 5098 5177 5180 5204 5210 5226 5286 5299 5300 5356 5361 5423 5425 5429 5446 5487 5506 5508 5509 5516 5524 5564 5572 5588 5695 5713 5741 5767 5774 5779 5782 5784 5813 5817 5831 5897 5908 5910 5917 5939 5970 6000 6043 6045 6084 6108 6147 6165 6168 6218 6236 6252 6261 6275 6310 6329 6337 6342 6370 6375 6379 6392 6398 6475 6517 6536 6560 6604 6632 6639 6685 6701 6720 6740 6747 6771 6773 6777 6868 6879 6891 6915 6919 6960 6991 7006 7012 7018 7035 7080 7112 7146 7170 7185 7201 7211 7215 7216 7236 7263 7288 7290 7303 7349 7353 7361 7372 7386 7388 7440 7445 7454 7467 7468 7481 7511 7521 7524 7528 7535 7587 7599 7603 7642 7698 7746 7747 7755 7756 7791 7793 7795 7803 7805 7821 7823 7831 7846 7860 7871 7872 7948 7957 7972 7975 7997 8028 8035 8039 8050 8053 8094 8110 8119 8122 8135 8144 8147 8172 8184 8208 8214 8230 8268 8291 8297 8300 8310 8312 8321 8337 8344 8380 8388 8399 8400 8409 8417 8421 8425 8474 8504 8511 8520 8522 8535 8536 8537 8539 8541 8543 8548 8549 8560 8562 8564 8567 8582 8585 8602 8603 8609 8632 8648 8659 8669 8670 8676 8712 8748 8761 8775 8786 8787 8790 8821 8822 8838 8852 8854 8861 8867
45 62 66 131 160 200 225 240 250 278 284 349 436 486 502 517 518 557 632 675 712 740 783 791 792 859 910 957 1031 1040 1145 1151 1183 1207 1250 1254 1290 1347 1413 1455 1475 1644 1662 1665 1706 1768 1775 1785 1988 2130 2186 2209 2219 2287 2299 2387 2404 2410 2424 2426 2428 2454 2543 2592 2597 2666 2715 2725 2750 2780 2801 2845 2859 2882 2905 3017 3104 3167 3221 3270 3272 3404 3408 3433 3521 3540 3582 3622 3667 3730 3789 3795 3824 3831 3843 4045 4215 4246 4254 4288 4394 4404 4419 4522 4539 4643 4668 4672 4675 4689 4710 4713 4808 4862 4876 4945 4957 4984 4993 5053 5065 5068 5073 5155 5173 5174 5261 5264 5274 5346 5383 5419 5468 5506 5513 5520 5559 5685 5743 5757 5762 5814 5846 5880 5891 5908 5916 5917 5928 5935 5947 5963 5969 5998 6041 6076 6099 6110 6117 6156 6245 6250 6256 6273 6279 6338 6351 6354 6356 6371 6395 6419 6452 6462 6512 6517 6528 6570 6572 6578 6629 6630 6635 6675 6695 6701 6719 6735 6758 6766 6773 6841 6858 6888 6911 6953 6974 6980 7012 7073 7097 7134 7160 7170 7184 7200 7209 7224 7259 7275 7284 7288 7301 7335 7342 7354 7357 7358 7380 7383 7425 7439 7454 7510 7514 7520 7523 7526 7530 7535 7570 7589 7591 7593 7598 7599 7629 7679 7692 7709 7746 7751 7770 7780 7784 7789 7803 7813 7829 7834 7851 7864 7883 7899 7920 7946 7947 7958 7968 7994 8006 8012 8022 8030 8036 8039 8058 8101 8102 8105 8115 8130 8141 8171 8189 8196 8200 8224 8226 8242 8293 8301 8307 8314 8334 8337 8342 8360 8370 8372 8373 8395 8398 8399 8403 8419 8425 8446 8452 8467 8468 8476 8501 8518 8521 8535 8539 8540 8545 8548 8553 8559 8562 8574 8579 8580 8586 8601 8607 8615 8656 8662 8666 8667 8670 8707 8727 8747 8752 8756 8758 8761 8780 8782 8783 8788 8800 8809 8810 8811 8834 8835 8844 8860
16 27 34 112 151 154 179 235 249 264 335 411 468 499 513 538 594 621 636 709 740 756 770 789 793 860 944 1091 1132 1190 1235 1287 1333 1342 1372 1562 1646 1718 1980 1987 2110 2150 2239 2268 2310 2332 2336 2385 2422 2510 2544 2606 2632 2649 2677 2692 2777 2798 2821 2865 2877 2927 2930 3006 3010 3035 3057 3101 3129 3253 3351 3383 3413 3451 3503 3540 3646 3650 3664 3704 3730 3810 3820 3823 3825 3912 3953 3990 4027 4028 4045 4070 4167 4208 4233 4236 4244 4249 4283 4359 4380 4401 4486 4504 4505 4521 4639 4642 4659 4667 4709 4793 4803 4873 4944 4947 4963 4977 5022 5053 5061 5169 5171 5176 5184 5259 5260 5269 5276 5419 5439 5495 5519 5536 5547 5558 5616 5661 5670 5679 5682 5736 5787 5798 5815 5820 5878 5883 5892 5904 5924 5938 5963 5965 5978 6031 6069 6095 6114 6141 6186 6234 6260 6271 6337 6345 6351 6391 6393 6401 6411 6418 6488 6526 6539 6569 6611 6615 6635 6652 6680 6699 6706 6737 6749 6760 6796 6826 6844 6860 6880 6903 6924 6934 6937 6940 6972 6975 6993 7054 7055 7069 7077 7112 7157 7198 7242 7251 7257 7263 7269 7284 7296 7300 7329 7338 7341 7347 7355 7362 7369 7375 7389 7421 7433 7438 7453 7498 7506 7517 7518 7532 7563 7568 7585 7591 7592 7615 7620 7666 7676 7678 7706 7728 7744 7750 7760 7787 7801 7811 7819 7834 7837 7855 7862 7879 7901 7921 7949 7976 8002 8023 8026 8031 8044 8052 8085 8091 8092 8104 8116 8136 8165 8186 8195 8210 8215 8222 8280 8282 8293 8296 8300 8313 8334 8336 8339 8348 8359 8368 8375 8390 8397 8399 8420 8429 8463 8464 8486 8497 8513 8516 8523 8533 8537 8541 8542 8551 8568 8573 8578 8584 8585 8601 8608 8627 8655 8656 8662 8668 8701 8717 8719 8752 8754 8758 8768 8777 8780 8781 8788 8808 8832 8852
6 61 137 142 209 222 257 350 403 468 518 542 552 610 686 719 852 1036 1055 1103 1151 1157 1238 1284 1292 1325 1336 1541 1632 1660 1709 1985 1995 2063 2075 2084 2129 2234 2294 2354 2371 2395 2442 2489 2542 2604 2663 2689 2772 2795 2815 2849 2867 2905 2918 2984 3029 3078 3095 3111 3150 3219 3330 3344 3428 3469 3520 3643 3675 3721 3730 3760 3764 3781 3795 3803 3888 3932 3940 3949 3975 3991 4035 4047 4048 4188 4201 4218 4249 4346 4367 4427 4487 4576 4594 4633 4642 4653 4709 4765 4768 4790 4851 4867 4915 4947 4962 4965 4972 4997 5016 5019 5054 5120 5170 5194 5207 5225 5245 5269 5298 5400 5415 5419 5430 5431 5449 5470 5531 5540 5547 5553 5563 5575 5676 5689 5710 5712 5722 5730 5759 5781 5784 5806 5836 5863 5887 5893 5917 5934 5941 5958 5961 5990 5997 6051 6075 6082 6089 6102 6185 6191 6228 6254 6255 6295 6315 6318 6336 6400 6420 6454 6471 6479 6504 6522 6564 6607 6610 6619 6629 6633 6649 6662 6667 6697 6715 6742 6789 6802 6828 6868 6872 6889 6901 6903 6910 6920 6968 6974 6990 7016 7028 7038 7063 7096 7155 7229 7246 7262 7263 7266 7270 7280 7289 7300 7310 7328 7332 7345 7348 7368 7405 7421 7438 7461 7495 7497 7506 7517 7524 7563 7584 7596 7620 7660 7671 7700 7701 7704 7738 7742 7781 7804 7806 7816 7824 7837 7848 7918 7942 7949 7973 7978 7995 8000 8004 8007 8021 8025 8052 8069 8091 8092 8097 8128 8129 8163 8173 8177 8183 8190 8205 8211 8218 8220 8250 8258 8263 8290 8299 8310 8325 8329 8336 8352 8355 8365 8366 8384 8388 8390 8397 8416 8422 8453 8463 8464 8495 8496 8511 8514 8515 8526 8530 8536 8538 8543 8563 8572 8578 8601 8647 8648 8652 8660 8679 8692 8709 8750 8759 8775 8777 8784 8793 8807 8808 8827 8831 8832 8837 8842 8849
10 64 127 206 250 344 378 461 467 532 539 592 805 834 854 864 941 943 998 1054 1156 1170 1176 1308 1484 1562 1569 1879 1914 1928 1985 2028 2031 2078 2160 2172 2193 2289 2295 2371 2420 2449 2500 2512 2560 2571 2661 2713 2747 2771 2794 2844 2848 2850 2884 2888 2926 2948 3000 3110 3194 3207 3260 3290 3317 3332 3336 3385 3415 3463 3468 3529 3613 3658 3712 3745 3771 3775 3793 3833 3896 3930 3991 4015 4042 4060 4062 4127 4137 4158 4172 4185 4231 4294 4298 4325 4339 4361 4421 4433 4462 4542 4588 4605 4622 4636 4694 4706 4708 4752 4789 4835 4860 4934 4959 4962 5000 5008 5044 5095 5147 5163 5168 5202 5238 5247 5259 5380 5398 5422 5439 5459 5463 5535 5639 5672 5679 5717 5725 5730 5774 5783 5825 5843 5867 5881 5907 5935 5952 5991 6066 6078 6162 6176 6222 6224 6225 6247 6283 6291 6303 6305 6308 6311 6319 6386 6469 6487 6493 6555 6580 6601 6608 6612 6655 6661 6694 6702 6706 6772 6783 6806 6812 6860 6872 6886 6891 6912 6957 6964 6986 6993 7007 7011 7013 7064 7089 7107 7110 7155 7216 7217 7249 7254 7261 7288 7295 7326 7329 7339 7345 7347 7363 7364 7413 7422 7459 7490 7494 7503 7505 7516 7517 7546 7580 7582 7615 7655 7668 7686 7694 7702 7708 7727 7729 7730 7769 7770 7772 7796 7810 7814 7821 7834 7835 7898 7930 7942 7973 7984 7992 7999 8008 8050 8067 8089 8092 8128 8157 8178 8179 8180 8184 8197 8205 8241 8266 8274 8283 8298 8303 8313 8324 8329 8337 8352 8355 8365 8373 8381 8385 8390 8393 8396 8442 8451 8457 8459 8482 8487 8503 8511 8521 8533 8536 8538 8554 8562 8565 8576 8599 8619 8634 8636 8642 8651 8660 8679 8740 8749 8750 8775 8776 8780 8782 8788 8796 8805 8814 8830 8832 8848
52 198 334 368 450 501 505 539 571 591 671 693 807 849 929 931 1032 1126 1131 1222 1231 1303 1442 1470 1558 1559 1864 1952 1978 1995 2055 2058 2085 2156 2157 2192 2280 2284 2285 2322 2336 2367 2391 2430 2463 2534 2551 2629 2725 2735 2736 2747 2792 2809 2824 2882 2890 2911 2962 3085 3173 3290 3293 3307 3336 3365 3408 3410 3455 3457 3583 3627 3699 3703 3712 3745 3777 3778 3782 3825 3828 3919 3998 4005 4047 4057 4129 4153 4169 4171 4177 4216 4274 4286 4295 4373 4399 4402 4408 4460 4496 4552 4558 4590 4607 4635 4636 4659 4676 4679 4706 4734 4745 4767 4798 4934 4944 4949 4977 4985 4987 5042 5071 5144 5146 5158 5175 5184 5200 5218 5238 5293 5345 5394 5413 5429 5465 5491 5495 5580 5595 5646 5696 5711 5723 5758 5810 5828 5841 5852 5861 5867 5896 5923 5935 5940 5944 5951 5991 6014 6065 6075 6076 6131 6142 6213 6214 6221 6227 6260 6271 6289 6303 6306 6335 6373 6440 6448 6456 6463 6477 6514 6540 6541 6543 6549 6599 6629 6647 6649 6654 6674 6676 6758 6777 6799 6850 6882 6903 6930 6963 6969 6980 6996 6997 7083 7085 7098 7149 7152 7191 7200 7210 7235 7246 7248 7293 7295 7308 7315 7332 7347 7355 7393 7394 7405 7451 7490 7504 7508 7517 7546 7557 7570 7575 7576 7581 7592 7644 7646 7658 7665 7667 7669 7679 7706 7716 7719 7730 7768 7793 7795 7796 7811 7816 7823 7828 7830 7838 7852 7880 7919 7922 7940 7954 7955 7963 7968 7969 7970 7981 7997 8004 8013 8050 8065 8087 8092 8117 8135 8164 8175 8176 8196 8197 8255 8258 8263 8273 8275 8277 8286 8295 8300 8303 8308 8313 8316 8319 8326 8333 8342 8345 8346 8360 8371 8372 8375 8377 8390 8425 8428 8450 8457 8474 8482 8486 8501 8507 8510 8526 8532 8534 8535 8560 8564 8566 8573 8574 8575 8596 8618 8621 8628 8642 8645 8660 8730 8742 8748 8750 8766 8768 8769 8776 8777 8781 8784 8797 8825 8831 8838
124 158 164 184 198 306 445 529 554 634 690 780 911 913 1011 1027 1082 1201 1251 1404 1439 1458 1551 1553 1763 1850 1901 1928 2009 2012 2054 2059 2069 2079 2115 2137 2194 2277 2356 2385 2422 2433 2471 2531 2617 2678 2721 2722 2734 2744 2798 2801 2850 2868 2897 3068 3090 3172 3259 3262 3267 3280 3285 3337 3442 3488 3536 3555 3605 3616 3646 3683 3699 3714 3736 3738 3742 3746 3764 3768 3853 3875 3916 3994 4082 4126 4134 4155 4158 4175 4192 4203 4302 4339 4376 4403 4454 4463 4503 4511 4524 4556 4581 4589 4640 4646 4651 4663 4795 4848 4849 4885 4933 4935 4965 4983 5077 5135 5136 5174 5184 5333 5351 5378 5381 5388 5406 5410 5461 5491 5552 5564 5596 5638 5639 5707 5709 5752 5817 5820 5834 5842 5854 5862 5883 5935 5936 5950 5991 6031 6055 6124 6192 6210 6219 6244 6257 6269 6303 6360 6389 6425 6445 6454 6462 6485 6522 6556 6567 6591 6599 6609 6611 6615 6642 6654 6674 6712 6753 6845 6858 6867 6893 6899 6902 6905 6960 6962 6971 6980 6992 6997 7025 7039 7076 7098 7146 7147 7151 7187 7191 7197 7202 7228 7243 7278 7288 7291 7297 7345 7347 7353 7380 7385 7404 7426 7433 7467 7471 7491 7502 7512 7545 7570 7628 7640 7645 7651 7679 7686 7694 7705 7721 7754 7768 7790 7795 7800 7825 7829 7837 7853 7854 7869 7874 7913 7937 7952 7960 7963 7969 7975 8040 8061 8085 8107 8111 8112 8128 8153 8154 8159 8170 8191 8224 8237 8246 8260 8276 8287 8294 8298 8311 8314 8326 8332 8345 8354 8365 8382 8389 8404 8422 8427 8434 8449 8450 8470 8482 8485 8498 8517 8532 8555 8558 8559 8570 8572 8575 8586 8589 8607 8608 8623 8629 8635 8637 8647 8669 8686 8730 8745 8747 8749 8761 8775 8788 8795 8800 8801 8821 8823
125 144 148 150 169 297 306 371 432 445 485 579 606 682 801 890 912 913 1002 1025 1155 1316 1355 1431 1435 1453 1543 1551 1583 1629 1732 1768 1769 1836 1873 1890 1893 1946 1988 2014 2046 2058 2082 2128 2160 2248 2264 2355 2372 2387 2430 2495 2608 2661 2673 2687 2715 2733 2756 2783 2817 2830 2887 2889 3062 3071 3152 3160 3262 3280 3323 3381 3386 3529 3554 3555 3610 3639 3662 3707 3728 3895 3947 3986 4068 4123 4134 4139 4148 4160 4202 4255 4266 4269 4373 4459 4496 4503 4505 4512 4572 4640 4646 4662 4753 4787 4843 4884 4917 4932 4933 4960 4977 5019 5074 5076 5125 5136 5166 5169 5304 5341 5363 5375 5384 5424 5435 5437 5468 5500 5505 5540 5569 5614 5635 5636 5669 5695 5715 5749 5751 5795 5811 5821 5825 5855 5871 5875 5878 5890 5921 6013 6046 6053 6118 6182 6195 6203 6212 6219 6223 6225 6249 6258 6266 6279 6300 6320 6334 6384 6387 6411 6419 6423 6428 6442 6452 6461 6495 6500 6510 6578 6589 6597 6605 6641 6643 6655 6660 6703 6707 6800 6825 6854 6863 6892 6902 6926 6935 6952 6972 6980 6990 6998 7023 7035 7070 7111 7141 7150 7165 7179 7208 7219 7222 7224 7227 7229 7260 7285 7290 7331 7333 7338 7339 7373 7397 7422 7429 7485 7499 7502 7542 7567 7591 7616 7633 7679 7692 7705 7718 7767 7774 7789 7793 7820 7829 7849 7875 7877 7901 7930 7935 7950 7962 8026 8083 8093 8095 8121 8124 8127 8163 8165 8201 8205 8231 8234 8235 8240 8244 8256 8276 8298 8309 8323 8325 8335 8344 8365 8386 8387 8398 8400 8427 8448 8462 8469 8480 8490 8492 8501 8504 8508 8511 8524 8531 8540 8553 8555 8562 8566 8575 8591 8592 8621 8624 8660 8692 8697 8731 8734 8738 8743 8748 8773 8782 8791 8797 8809 8821
37 104 363 412 420 445 450 553 562 579 592 632 716 731 813 866 926 947 956 968 983 1154 1180 1201 1259 1305 1363 1427 1498 1534 1733 1810 1876 1898 1908 1993 2006 2053 2077 2083 2129 2207 2222 2224 2346 2362 2417 2515 2582 2642 2651 2673 2726 2745 2775 2814 2815 3050 3054 3063 3173 3225 3269 3316 3326 3355 3512 3524 3548 3599 3622 3668 3711 3716 3779 3807 3862 3892 3932 4043 4045 4060 4092 4110 4126 4136 4189 4214 4235 4249 4264 4480 4489 4490 4500 4518 4521 4531 4537 4581 4638 4653 4676 4757 4836 4841 4880 4918 4927 4958 4970 4975 5018 5033 5054 5114 5122 5134 5145 5157 5169 5254 5307 5324 5336 5355 5373 5381 5390 5422 5435 5440 5453 5494 5529 5544 5595 5634 5655 5687 5702 5708 5732 5743 5762 5788 5809 5828 5836 5842 5861 5863 5907 5911 5912 5990 5992 6021 6041 6092 6102 6114 6155 6169 6189 6213 6254 6260 6276 6300 6330 6407 6412 6428 6437 6447 6453 6495 6504 6527 6563 6594 6601 6604 6640 6646 6658 6676 6698 6699 6713 6724 6740 6809 6816 6838 6841 6881 6890 6933 6963 6988 6997 7020 7022 7037 7106 7114 7132 7139 7141 7162 7178 7183 7204 7205 7221 7260 7279 7280 7288 7320 7324 7333 7372 7373 7390 7395 7405 7422 7425 7427 7475 7485 7488 7493 7494 7500 7532 7538 7558 7594 7624 7626 7663 7669 7677 7680 7682 7713 7753 7765 7781 7787 7795 7836 7858 7878 7907 7926 7936 7937 7954 7962 7992 8000 8026 8065 8078 8081 8093 8095 8097 8103 8107 8120 8132 8154 8160 8163 8164 8198 8220 8222 8233 8242 8258 8272 8275 8287 8307 8309 8321 8325 8336 8338 8354 8359 8368 8373 8395 8414 8438 8439 8447 8479 8480 8492 8499 8508 8509 8518 8542 8548 8551 8555 8559 8574 8587 8589 8606 8619 8643 8644 8653 8674 8676 8686 8709 8711 8712 8722 8734 8737 8743 8744 8748 8769 8773 8786 8789 8793
66 72 80 244 343 361 373 389 397 416 432 438 546 663 690 830 881 903 917 975 1107 1192 1279 1333 1479 1556 1649 1734 1778 1814 1865 1969 2009 2024 2063 2076 2103 2127 2216 2316 2324 2399 2567 2585 2599 2658 2665 2701 2719 2725 2766 2789 2801 3011 3024 3038 3060 3150 3161 3172 3178 3212 3257 3269 3315 3332 3384 3497 3511 3525 3534 3541 3547 3576 3609 3630 3680 3687 3799 3903 3926 3927 4012 4035 4083 4105 4108 4122 4149 4182 4214 4220 4325 4347 4475 4480 4624 4627 4628 4667 4669 4785 4818 4873 4914 4920 4958 4964 4977 4991 5004 5041 5070 5101 5106 5112 5127 5156 5224 5241 5322 5340 5364 5366 5383 5405 5412 5456 5479 5524 5556 5566 5629 5631 5645 5676 5721 5726 5743 5749 5753 5771 5776 5786 5801 5806 5866 5909 5959 6015 6027 6029 6048 6051 6090 6129 6153 6160 6188 6203 6213 6230 6267 6322 6364 6404 6407 6437 6449 6476 6485 6524 6527 6549 6563 6571 6585 6594 6633 6667 6670 6681 6716 6782 6831 6880 6892 6899 6907 6908 6920 6978 6995 7002 7022 7025 7037 7056 7083 7106 7123 7128 7132 7165 7170 7175 7191 7196 7202 7237 7248 7274 7275 7321 7324 7325 7327 7361 7364 7379 7416 7422 7424 7482 7485 7492 7493 7517 7557 7593 7603 7609 7619 7660 7667 7670 7672 7721 7752 7760 7780 7781 7794 7826 7848 7850 7899 7900 7933 7954 7960 7974 7985 7995 8000 8013 8060 8070 8083 8085 8089 8099 8104 8116 8129 8150 8172 8174 8203 8218 8226 8230 8242 8247 8267 8285 8297 8307 8317 8318 8331 8353 8359 8370 8374 8384 8405 8412 8447 8470 8477 8478 8487 8489 8497 8509 8517 8534 8541 8545 8559 8561 8567 8568 8569 8577 8588 8611 8632 8657 8669 8685 8692 8697 8698 8702 8703 8720 8727 8729 8732 8739 8741 8745 8748 8752 8759 8762 8764 8780
19 25 267 359 360 373 386 434 475 585 635 706 712 905 962 1021 1073 1084 1116 1155 1158 1202 1287 1338 1351 1367 1377 1427 1448 1455 1500 1594 1687 1819 1847 1863 1916 1945 2014 2054 2075 2106 2124 2157 2179 2288 2324 2364 2428 2523 2550 2552 2570 2633 2656 2663 2679 2691 2713 2749 2764 2822 2921 2987 3000 3157 3160 3167 3189 3196 3199 3259 3273 3317 3466 3468 3500 3520 3522 3544 3552 3569 3600 3608 3647 3652 3686 3722 3739 3926 3955 3987 4010 4032 4037 4074 4095 4118 4131 4182 4187 4201 4210 4310 4395 4420 4452 4480 4501 4576 4605 4609 4628 4638 4709 4723 4782 4789 4808 4852 4869 4911 4913 4943 4960 4971 5017 5065 5082 5101 5119 5136 5216 5221 5230 5320 5325 5333 5337 5358 5408 5429 5453 5479 5484 5518 5527 5624 5628 5632 5648 5721 5724 5742 5746 5761 5775 5798 5814 5832 5908 5911 5995 6001 6035 6037 6059 6083 6134 6163 6179 6186 6207 6228 6300 6320 6356 6382 6396 6399 6432 6458 6460 6494 6501 6510 6521 6522 6546 6567 6584 6586 6640 6658 6688 6722 6798 6802 6876 6878 6908 6918 6976 6977 6985 7014 7071 7079 7101 7112 7116 7118 7127 7131 7165 7191 7192 7193 7196 7221 7240 7241 7269 7285 7302 7312 7315 7319 7350 7402 7409 7411 7419 7461 7482 7484 7486 7497 7503 7516 7534 7555 7585 7599 7603 7628 7643 7653 7687 7697 7742 7746 7760 7761 7777 7780 7789 7802 7835 7838 7883 7895 7918 7928 7943 7947 7950 7956 7960 7993 8042 8079 8097 8102 8115 8126 8136 8147 8190 8191 8208 8223 8244 8260 8270 8283 8303 8306 8312 8315 8316 8341 8370 8383 8400 8410 8440 8444 8468 8477 8483 8484 8489 8491 8507 8509 8513 8534 8540 8557 8558 8564 8576 8587 8609 8662 8663 8666 8678 8696 8698 8706 8729 8734 8737 8739 8751 8752 8759 8780
25 250 267 353 388 424 449 625 655 660 680 693 882 896 947 996 1142 1290 1404 1433 1485 1552 1659 1781 1800 1869 1930 1945 1952 1977 2057 2065 2072 2081 2089 2206 2249 2256 2261 2270 2311 2521 2533 2541 2555 2624 2659 2662 2665 2667 2691 2695 2703 2717 2913 2920 2971 2977 2983 3090 3145 3154 3167 3232 3452 3467 3498 3517 3518 3540 3548 3561 3587 3652 3675 3681 3688 3720 3791 3869 3895 3912 3952 3981 3985 3989 3994 4052 4064 4094 4114 4139 4208 4254 4289 4329 4367 4379 4388 4546 4604 4618 4635 4688 4693 4696 4732 4763 4776 4806 4856 4882 4905 4916 4917 4921 4962 4996 5055 5056 5078 5109 5206 5311 5312 5318 5322 5328 5336 5338 5356 5436 5478 5508 5599 5611 5626 5638 5649 5695 5729 5741 5753 5756 5795 5817 5886 5889 5898 5968 5980 5998 6027 6033 6039 6125 6131 6169 6186 6206 6215 6226 6258 6347 6350 6385 6387 6392 6468 6491 6499 6528 6547 6568 6582 6583 6586 6590 6599 6640 6653 6668 6670 6684 6705 6738 6770 6797 6830 6876 6878 6885 6905 6909 6914 6926 6947 6950 6969 6983 6998 7006 7034 7089 7101 7109 7113 7118 7164 7186 7190 7197 7211 7226 7257 7267 7274 7294 7305 7306 7307 7312 7317 7334 7390 7394 7408 7437 7457 7468 7474 7483 7506 7510 7517 7520 7527 7530 7573 7582 7585 7617 7619 7641 7647 7652 7682 7719 7731 7733 7744 7745 7751 7760 7767 7769 7805 7807 7874 7877 7882 7894 7910 7929 7932 7936 7938 7957 7964 8027 8041 8042 8071 8072 8091 8094 8097 8119 8142 8170 8191 8200 8211 8220 8241 8256 8270 8272 8286 8298 8309 8310 8315 8331 8337 8340 8347 8349 8352 8369 8388 8391 8395 8401 8426 8430 8432 8466 8474 8484 8505 8514 8540 8541 8558 8562 8564 8587 8601 8633 8641 8656 8663 8682 8705 8706 8729 8736 8739 8745 8751 8759 8778
218 258 319 322 335 339 353 363 405 463 510 596 611 643 654 798 805 856 1178 1232 1360 1365 1414 1456 1534 1606 1747 1799 1816 1862 1867 1910 1938 1976 2036 2181 2195 2223 2242 2243 2255 2298 2524 2526 2540 2541 2551 2578 2618 2654 2656 2660 2681 2698 2703 2854 2855 2971 2982 3077 3078 3138 3147 3221 3276 3436 3482 3496 3498 3526 3528 3548 3585 3669 3681 3697 3756 3778 3823 3849 3912 3947 3982 4047 4060 4070 4074 4075 4124 4138 4196 4250 4269 4344 4364 4513 4574 4602 4617 4632 4663 4707 4723 4743 4760 4796 4814 4856 4904 4910 4986 5049 5066 5106 5201 5202 5262 5281 5289 5306 5318 5349 5396 5434 5436 5541 5563 5574 5593 5607 5631 5674 5705 5711 5727 5732 5788 5790 5856 5867 5869 5879 5884 5894 5957 5959 5969 6033 6036 6118 6158 6169 6178 6192 6199 6247 6254 6330 6343 6377 6378 6379 6380 6452 6461 6488 6490 6519 6525 6560 6563 6614 6626 6633 6649 6663 6677 6728 6773 6791 6798 6843 6863 6870 6876 6906 6907 6913 6935 6944 6961 6971 6973 7033 7077 7105 7108 7109 7169 7185 7188 7190 7219 7220 7222 7255 7299 7302 7303 7311 7315 7357 7382 7394 7412 7421 7431 7452 7470 7471 7473 7475 7482 7495 7504 7562 7570 7585 7586 7616 7640 7648 7667 7672 7696 7721 7733 7740 7744 7746 7749 7765 7801 7859 7865 7883 7901 7903 7908 7931 7943 7946 7955 8002 8029 8040 8065 8068 8075 8081 8095 8115 8119 8136 8175 8183 8197 8204 8251 8264 8293 8295 8296 8308 8324 8337 8338 8346 8349 8354 8386 8393 8401 8420 8428 8449 8466 8472 8479 8483 8484 8489 8500 8504 8512 8519 8534 8536 8537 8553 8574 8581 8620 8627 8649 8654 8678 8688 8691 8698 8703 8721 8733 8736 8738 8757 8778
10 255 301 309 316 338 339 417 418 436 439 582 717 778 841 843 1121 1167 1218 1256 1353 1445 1511 1537 1652 1747 1754 1822 1851 1882 1901 1945 1982 1990 2175 2217 2225 2266 2321 2505 2521 2556 2645 2692 2704 2729 2881 2888 2925 2986 3062 3080 3127 3131 3140 3209 3270 3401 3435 3442 3477 3494 3502 3515 3525 3628 3631 3657 3750 3754 3844 3912 3967 3979 4004 4036 4051 4070 4080 4097 4191 4237 4264 4285 4352 4358 4461 4473 4513 4514 4530 4533 4578 4604 4606 4642 4660 4665 4674 4700 4776 4794 4877 4886 4895 4906 4998 5020 5033 5046 5089 5177 5198 5215 5256 5271 5272 5288 5305 5317 5331 5405 5432 5510 5543 5591 5593 5604 5606 5629 5654 5696 5710 5719 5723 5774 5796 5836 5851 5852 5856 5868 5869 5958 5965 6011 6020 6103 6142 6158 6172 6178 6189 6192 6198 6246 6271 6289 6302 6316 6326 6331 6353 6373 6408 6421 6488 6504 6522 6528 6552 6554 6557 6592 6598 6616 6625 6628 6639 6668 6681 6772 6779 6789 6826 6845 6846 6853 6867 6902 6903 6916 6918 6937 6966 6997 7025 7034 7049 7098 7166 7177 7186 7189 7211 7212 7233 7238 7239 7243 7266 7284 7287 7302 7307 7321 7353 7375 7382 7384 7406 7431 7435 7461 7466 7468 7472 7494 7495 7502 7531 7550 7584 7593 7604 7613 7617 7619 7638 7659 7683 7687 7700 7715 7726 7747 7759 7764 7765 7847 7856 7867 7882 7887 7892 7901 7929 7933 7964 8025 8030 8037 8062 8064 8090 8097 8129 8164 8172 8183 8191 8234 8241 8243 8259 8271 8283 8293 8308 8311 8328 8334 8336 8340 8349 8364 8381 8384 8410 8412 8424 8434 8464 8470 8479 8493 8494 8500 8506 8510 8528 8536 8543 8552 8566 8576 8577 8595 8602 8612 8628 8631 8639 8667 8681 8688 8696 8702 8716 8719 8720 8724 8726 8729 8734 8735 8744 8749 8759 8762 8771
214 278 290 302 328 333 369 494 567 572 668 723 814 836 1127 1156 1170 1208 1223 1333 1344 1393 1507 1509 1523 1658 1737 1808 1839 1910 1935 1939 1989 2032 2066 2166 2181 2213 2220 2245 2455 2456 2473 2480 2484 2494 2502 2524 2621 2632 2642 2681 2754 2860 2913 3127 3134 3140 3208 3225 3236 3357 3416 3466 3493 3515 3621 3625 3641 3681 3683 3734 3747 3857 3876 3893 3900 3913 3943 3960 3978 3993 4010 4043 4047 4066 4077 4129 4188 4219 4225 4236 4257 4326 4333 4336 4356 4392 4473 4483 4507 4532 4595 4599 4641 4644 4650 4656 4689 4761 4766 4769 4831 4833 4886 4948 5021 5022 5038 5041 5148 5196 5203 5215 5258 5291 5296 5316 5317 5358 5428 5454 5484 5485 5577 5586 5592 5614 5624 5690 5693 5704 5714 5720 5729 5739 5767 5769 5786 5840 5845 5867 5901 5941 6005 6009 6016 6086 6091 6157 6182 6204 6207 6210 6275 6277 6282 6290 6294 6320 6341 6343 6395 6415 6419 6441 6450 6484 6486 6513 6522 6538 6549 6593 6606 6620 6649 6670 6754 6771 6778 6788 6835 6848 6856 6861 6885 6893 6894 6907 6915 6926 6966 6994 7033 7076 7089 7090 7128 7130 7160 7164 7185 7211 7226 7228 7230 7264 7277 7293 7307 7308 7336 7373 7378 7409 7411 7458 7464 7486 7492 7511 7539 7544 7570 7581 7603 7604 7618 7623 7656 7674 7697 7712 7715 7740 7747 7749 7764 7799 7830 7837 7844 7847 7874 7887 7893 7897 7928 7932 7975 8013 8021 8025 8027 8060 8063 8075 8090 8094 8120 8125 8153 8177 8179 8237 8240 8241 8259 8270 8274 8281 8282 8284 8300 8308 8309 8314 8326 8327 8339 8351 8362 8379 8386 8416 8464 8470 8474 8477 8486 8494 8514 8532 8533 8541 8544 8554 8557 8589 8610 8622 8627 8629 8638 8643 8651 8654 8688 8719 8724 8725 8728 8733 8735 8737 8739 8749
21 124 172 232 236 274 279 316 320 477 485 496 617 629 631 697 835 882 906 1096 1121 1174 1188 1213 1316 1361 1401 1446 1560 1574 1634 1701 1709 1716 1789 1870 1950 1960 1990 2105 2153 2210 2218 2389 2422 2449 2471 2472 2489 2492 2522 2633 2636 2667 2669 2672 2774 2780 2851 2860 3035 3059 3115 3119 3122 3187 3205 3341 3369 3459 3463 3481 3484 3489 3567 3582 3587 3805 3850 3851 3875 3932 3945 3971 4009 4037 4163 4187 4219 4232 4304 4336 4366 4413 4430 4483 4531 4537 4564 4571 4589 4594 4599 4601 4660 4723 4745 4758 4808 4815 4828 4860 4878 4885 4957 4962 4976 5004 5027 5129 5167 5197 5211 5226 5283 5290 5306 5310 5362 5421 5461 5484 5517 5555 5560 5608 5609 5616 5628 5642 5657 5660 5696 5701 5708 5710 5717 5735 5838 5858 5921 5957 6002 6004 6006 6016 6043 6060 6071 6078 6090 6101 6138 6168 6195 6206 6273 6325 6331 6335 6367 6392 6403 6407 6411 6439 6474 6496 6537 6548 6575 6584 6601 6607 6611 6635 6660 6719 6754 6816 6817 6830 6839 6841 6877 6895 6914 6978 7026 7071 7074 7082 7132 7147 7149 7164 7204 7211 7212 7223 7243 7256 7266 7294 7302 7322 7332 7334 7352 7378 7387 7392 7441 7446 7451 7464 7470 7537 7543 7569 7587 7589 7603 7610 7617 7626 7654 7666 7678 7680 7682 7694 7710 7737 7742 7761 7829 7844 7862 7869 7880 7890 7918 7921 7923 7939 7983 8008 8018 8027 8029 8042 8057 8059 8088 8092 8119 8120 8140 8142 8144 8153 8161 8171 8174 8231 8232 8244 8264 8267 8283 8287 8291 8292 8308 8312 8318 8322 8329 8345 8359 8372 8378 8386 8388 8399 8413 8442 8444 8453 8455 8457 8458 8475 8477 8479 8481 8490 8499 8505 8519 8523 8531 8533 8539 8541 8553 8580 8608 8613 8623 8639 8658 8681 8684 8695 8705 8721 8724 8728 8733 8735 8737
1 66 70 125 134 245 254 266 268 296 304 313 442 464 551 567 597 819 820 829 892 1012 1186 1249 1295 1296 1326 1395 1541 1593 1713 1772 1867 1873 1906 1988 2026 2071 2097 2105 2153 2209 2211 2348 2412 2430 2433 2448 2460 2475 2476 2491 2500 2610 2619 2630 2665 2746 2777 2824 2950 3009 3015 3053 3079 3095 3143 3150 3321 3337 3364 3365 3394 3402 3452 3484 3519 3580 3583 3717 3804 3809 3825 3845 3875 3897 3903 3918 3944 3953 3961 3973 3993 4007 4085 4120 4130 4218 4302 4311 4325 4347 4357 4404 4460 4476 4487 4513 4519 4527 4558 4579 4616 4731 4756 4773 4850 4876 4883 4919 4939 4965 4994 4996 5003 5021 5078 5089 5090 5129 5198 5270 5272 5283 5300 5302 5303 5316 5352 5362 5418 5419 5452 5552 5599 5612 5652 5655 5667 5794 5813 5826 5880 5890 5903 5996 6003 6005 6016 6082 6085 6109 6117 6122 6146 6181 6183 6236 6240 6265 6281 6321 6405 6409 6425 6433 6436 6456 6490 6506 6514 6537 6542 6573 6587 6601 6635 6667 6704 6716 6745 6747 6750 6812 6825 6839 6858 6864 6895 6944 6957 6971 6982 7020 7031 7069 7081 7088 7110 7143 7152 7156 7158 7204 7214 7217 7224 7252 7266 7283 7297 7301 7326 7341 7367 7371 7390 7397 7437 7461 7463 7531 7550 7585 7597 7601 7604 7630 7634 7665 7669 7674 7678 7698 7734 7761 7824 7829 7843 7864 7873 7882 7884 7886 7922 7979 7992 8004 8011 8012 8031 8036 8045 8047 8058 8062 8066 8077 8080 8099 8112 8132 8133 8142 8159 8170 8195 8221 8228 8232 8238 8253 8260 8267 8280 8285 8286 8292 8299 8305 8322 8325 8349 8355 8364 8366 8369 8375 8387 8398 8413 8418 8444 8447 8448 8452 8454 8472 8477 8485 8514 8515 8519 8535 8541 8548 8567 8597 8607 8618 8632 8643 8654 8674 8691 8695 8712 8718 8719 8727
1 68 70 130 240 245 251 290 337 417 543 717 756 795 810 828 1019 1175 1231 1239 1281 1318 1347 1442 1505 1534 1587 1608 1706 1754 1770 1836 1868 1905 1952 1963 2059 2097 2173 2179 2189 2348 2395 2402 2413 2455 2473 2511 2531 2568 2607 2623 2638 2705 2779 2936 2954 2957 2963 3066 3077 3131 3142 3146 3179 3344 3360 3368 3384 3434 3505 3535 3557 3560 3617 3632 3673 3760 3768 3820 3825 3834 3853 3900 3928 3931 3967 3975 4003 4108 4129 4189 4190 4293 4347 4377 4378 4432 4486 4502 4526 4528 4534 4548 4575 4576 4704 4743 4784 4834 4857 4873 4879 4938 4992 4995 5004 5068 5072 5104 5128 5143 5206 5225 5227 5272 5273 5282 5302 5344 5441 5448 5509 5520 5543 5574 5596 5601 5604 5616 5629 5648 5654 5664 5665 5685 5793 5811 5843 5870 5872 5901 5991 6004 6047 6084 6099 6110 6135 6138 6139 6173 6217 6228 6233 6268 6380 6390 6396 6418 6420 6439 6449 6481 6506 6508 6533 6541 6568 6587 6614 6700 6715 6743 6787 6800 6817 6822 6831 6889 6937 6960 6961 6971 6981 7041 7049 7067 7074 7077 7110 7117 7150 7156 7177 7186 7190 7191 7192 7198 7203 7206 7232 7255 7264 7278 7293 7321 7350 7352 7373 7377 7397 7419 7433 7436 7440 7444 7455 7459 7462 7463 7474 7495 7524 7544 7547 7567 7585 7596 7598 7601 7628 7634 7655 7667 7716 7722 7728 7754 7759 7773 7810 7818 7846 7877 7879 7884 7904 7909 7966 7986 7999 8028 8035 8048 8053 8054 8067 8073 8101 8129 8131 8132 8168 8175 8191 8206 8214 8219 8231 8237 8252 8257 8269 8280 8284 8287 8288 8297 8303 8306 8322 8342 8344 8352 8356 8371 8378 8418 8428 8434 8447 8452 8454 8464 8465 8469 8476 8484 8499 8507 8508 8509 8511 8512 8515 8535 8537 8545 8574 8582 8587 8590 8607 8629 8639 8642 8674 8685 8686 8688 8691 8706 8711 8713 8726 8727
2 37 100 164 168 239 249 250 264 304 353 356 446 538 556 734 790 794 978 983 1009 1046 1280 1378 1385 1492 1516 1538 1664 1684 1729 1734 1756 1811 1863 1933 2028 2097 2124 2145 2204 2346 2358 2383 2408 2426 2441 2453 2522 2597 2611 2657 2706 2765 2828 2916 3023 3065 3102 3111 3119 3125 3184 3196 3312 3317 3332 3345 3388 3473 3485 3496 3507 3526 3595 3601 3757 3810 3820 3826 3851 3855 3903 3914 3933 3948 3951 3961 4021 4148 4159 4166 4286 4335 4401 4479 4487 4498 4506 4531 4567 4612 4683 4695 4725 4726 4747 4787 4816 4819 4826 4867 4891 4921 4926 4951 4976 4991 5027 5049 5052 5103 5137 5179 5206 5237 5262 5273 5277 5301 5315 5383 5416 5439 5471 5487 5499 5540 5579 5591 5592 5630 5656 5676 5779 5788 5798 5802 5808 5828 5848 5856 5864 5940 5946 5977 5991 6001 6010 6018 6027 6078 6124 6162 6171 6183 6184 6193 6223 6307 6339 6379 6389 6411 6491 6494 6507 6531 6552 6561 6587 6623 6649 6690 6715 6739 6784 6796 6806 6809 6829 6877 6889 6955 6970 7017 7030 7034 7039 7041 7050 7075 7076 7083 7109 7149 7167 7173 7177 7185 7197 7198 7200 7214 7216 7248 7271 7277 7286 7303 7331 7350 7358 7393 7394 7408 7436 7442 7444 7447 7450 7456 7458 7464 7466 7521 7567 7580 7590 7596 7605 7618 7621 7655 7665 7676 7681 7695 7699 7705 7718 7723 7749 7759 7773 7789 7797 7803 7818 7836 7866 7871 7872 7883 7899 7912 7956 7961 7969 7978 7984 7992 7996 7997 8013 8020 8023 8028 8045 8046 8051 8064 8067 8072 8088 8114 8125 8157 8167 8214 8218 8226 8236 8245 8252 8254 8280 8287 8288 8298 8302 8306 8317 8325 8331 8337 8344 8360 8369 8378 8386 8402 8415 8420 8434 8442 8444 8446 8454 8463 8465 8476 8484 8507 8508 8509 8511 8531 8532 8535 8536 8546 8570 8587 8592 8604 8606 8622 8637 8660 8662 8664 8670 8672 8686 8688 8700 8716 8719 8726
104 126 235 314 356 394 526 533 637 683 729 768 884 995 1027 1120 1180 1238 1265 1274 1300 1469 1534 1602 1667 1749 1759 1770 1810 1877 1911 1925 1931 1937 2009 2052 2057 2087 2121 2232 2332 2366 2433 2446 2459 2512 2579 2605 2646 2726 2865 2935 3010 3054 3100 3114 3143 3304 3330 3331 3336 3373 3396 3441 3458 3475 3505 3542 3577 3755 3756 3801 3802 3816 3817 3825 3826 3863 3899 3903 3961 4050 4099 4240 4252 4276 4314 4325 4376 4380 4388 4435 4458 4474 4500 4501 4555 4571 4609 4668 4682 4724 4777 4786 4813 4851 4853 4923 4924 4943 4973 4994 5041 5070 5126 5130 5182 5251 5254 5290 5294 5298 5300 5307 5403 5441 5463 5493 5528 5545 5568 5582 5609 5622 5624 5633 5638 5641 5716 5721 5737 5770 5772 5778 5810 5869 5953 5967 5970 5990 5995 6012 6021 6076 6083 6126 6133 6143 6167 6179 6210 6214 6298 6326 6347 6367 6376 6382 6385 6414 6432 6440 6456 6467 6470 6502 6505 6524 6527 6534 6553 6556 6594 6607 6627 6729 6731 6735 6760 6780 6784 6791 6801 6812 6862 6889 6894 6909 6951 6959 7012 7021 7027 7042 7044 7062 7079 7093 7138 7150 7190 7198 7210 7215 7226 7246 7264 7269 7277 7280 7287 7295 7329 7341 7355 7389 7392 7401 7434 7436 7438 7452 7454 7464 7472 7512 7518 7547 7548 7577 7581 7592 7596 7597 7612 7616 7648 7663 7676 7690 7716 7721 7731 7764 7790 7818 7824 7834 7842 7861 7873 7911 7930 7969 7991 8006 8020 8022 8037 8039 8042 8046 8057 8087 8101 8111 8125 8131 8136 8141 8149 8152 8155 8205 8224 8228 8230 8233 8244 8249 8256 8274 8276 8287 8290 8299 8302 8317 8327 8341 8344 8358 8359 8364 8368 8374 8415 8416 8429 8443 8444 8457 8476 8502 8504 8510 8511 8531 8538 8548 8569 8604 8629 8631 8650 8655 8660 8664 8666 8686 8695 8716 8717
84 89 125 194 217 218 226 235 294 306 352 356 492 587 619 707 848 1035 1126 1163 1238 1274 1277 1279 1293 1342 1389 1460 1531 1576 1585 1626 1650 1661 1711 1734 1767 1784 1791 1900 1904 2054 2115 2187 2290 2329 2348 2420 2436 2441 2468 2508 2536 2545 2569 2597 2628 2731 2739 2784 2808 2864 2917 2994 3029 3078 3105 3132 3246 3262 3291 3305 3320 3340 3398 3436 3494 3572 3593 3663 3669 3726 3735 3798 3809 3820 3846 3868 3882 3931 3941 4051 4056 4166 4189 4196 4235 4274 4279 4296 4348 4389 4432 4443 4468 4470 4481 4498 4537 4547 4577 4580 4645 4684 4692 4709 4786 4790 4839 4850 4871 4890 4914 4922 4923 4949 4950 4954 4969 4977 5035 5040 5117 5171 5174 5212 5241 5253 5260 5294 5298 5386 5438 5461 5479 5521 5537 5580 5621 5633 5671 5720 5769 5797 5857 5923 5928 5960 5970 5986 6014 6023 6032 6041 6056 6066 6074 6082 6134 6136 6143 6150 6169 6192 6206 6208 6282 6325 6331 6359 6366 6371 6411 6413 6439 6468 6492 6497 6522 6524 6540 6648 6714 6728 6750 6755 6758 6762 6771 6776 6788 6810 6865 6876 6892 6903 6946 6954 6985 7008 7022 7023 7034 7053 7071 7135 7142 7145 7174 7175 7180 7186 7196 7209 7245 7262 7267 7277 7292 7313 7333 7342 7374 7383 7402 7419 7422 7428 7449 7454 7459 7464 7498 7510 7518 7528 7533 7555 7578 7582 7590 7595 7600 7645 7680 7682 7685 7688 7710 7717 7722 7749 7756 7789 7796 7815 7841 7858 7921 7939 7940 7966 7968 7969 8013 8034 8045 8067 8099 8121 8132 8145 8148 8200 8204 8219 8222 8233 8242 8243 8253 8265 8267 8269 8286 8289 8292 8319 8340 8344 8346 8354 8366 8401 8414 8415 8427 8442 8447 8453 8456 8465 8466 8472 8475 8476 8486 8499 8503 8511 8530 8531 8558 8588 8598 8627 8639 8656 8659 8665 8678 8689 8709
42 72 82 159 178 208 253 270 292 341 460 464 476 487 562 681 749 757 943 1093 1188 1228 1240 1264 1279 1451 1590 1655 1660 1694 1699 1748 1898 1941 1995 2015 2062 2192 2218 2293 2318 2328 2354 2402 2422 2437 2465 2491 2511 2565 2569 2626 2742 2808 2858 2951 3000 3058 3061 3189 3226 3275 3287 3292 3305 3313 3317 3340 3434 3474 3478 3517 3592 3624 3633 3635 3686 3700 3763 3793 3809 3816 3833 3841 3852 3857 3929 3949 4026 4111 4223 4268 4276 4277 4339 4347 4355 4371 4384 4409 4422 4444 4458 4467 4483 4522 4532 4572 4627 4628 4655 4679 4693 4725 4757 4760 4839 4890 4896 4910 4944 4998 5024 5033 5090 5103 5105 5108 5129 5198 5205 5235 5239 5243 5256 5274 5292 5335 5403 5439 5520 5550 5572 5574 5617 5719 5758 5759 5761 5790 5793 5810 5835 5839 5886 5924 5956 5957 5975 6009 6020 6038 6047 6074 6113 6135 6167 6178 6267 6271 6318 6321 6333 6337 6354 6365 6388 6413 6456 6466 6492 6496 6517 6527 6590 6639 6646 6678 6698 6717 6731 6746 6758 6762 6770 6772 6785 6797 6800 6810 6830 6836 6858 6864 6885 6927 6967 6988 6995 6999 7008 7018 7036 7037 7083 7101 7126 7131 7133 7167 7168 7170 7172 7180 7189 7198 7211 7228 7247 7266 7274 7275 7282 7288 7307 7371 7387 7399 7413 7422 7426 7428 7448 7463 7466 7476 7496 7498 7516 7517 7529 7535 7566 7578 7581 7593 7619 7634 7644 7681 7704 7707 7715 7779 7785 7793 7808 7824 7831 7844 7899 7939 7943 7964 7996 8009 8010 8026 8028 8045 8047 8067 8069 8088 8129 8140 8167 8198 8219 8241 8249 8264 8285 8286 8289 8294 8313 8331 8343 8354 8380 8392 8414 8415 8416 8423 8432 8439 8441 8451 8456 8464 8465 8484 8488 8490 8511 8522 8530 8557 8558 8560 8584 8592 8598 8612 8619 8625 8626 8656 8658 8664 8671 8702 8706
52 58 101 138 154 193 212 223 247 267 292 319 430 560 667 702 744 787 999 1060 1185 1191 1215 1220 1372 1403 1508 1568 1611 1643 1691 1695 1706 1713 1765 1855 1895 1965 2040 2149 2179 2267 2304 2309 2315 2322 2394 2433 2464 2471 2492 2493 2496 2556 2560 2623 2714 2737 2778 2790 2795 2891 2897 2936 2965 3033 3073 3219 3274 3290 3356 3412 3465 3467 3469 3504 3523 3599 3614 3619 3685 3697 3716 3739 3792 3811 3828 3832 3842 3863 3869 3886 3934 4004 4016 4017 4116 4207 4232 4247 4250 4253 4255 4259 4317 4351 4379 4395 4410 4439 4469 4480 4531 4548 4571 4623 4629 4670 4720 4738 4745 4747 4772 4821 4893 4930 4958 4963 5015 5083 5193 5196 5197 5231 5242 5254 5281 5282 5291 5321 5328 5338 5364 5431 5515 5516 5525 5553 5597 5602 5616 5634 5672 5724 5758 5765 5787 5799 5825 5900 5915 5935 5944 5948 5964 5986 6000 6009 6013 6041 6062 6070 6098 6116 6132 6134 6167 6189 6200 6262 6271 6312 6318 6360 6407 6440 6457 6460 6464 6486 6496 6507 6515 6524 6604 6632 6674 6717 6729 6740 6769 6770 6775 6851 6853 6887 6899 6914 6925 6936 6959 6993 7005 7016 7017 7028 7074 7080 7116 7121 7126 7129 7133 7139 7161 7174 7179 7180 7212 7245 7264 7265 7271 7272 7286 7319 7370 7384 7398 7411 7416 7445 7454 7459 7489 7490 7503 7504 7517 7534 7546 7575 7583 7592 7593 7605 7615 7619 7658 7663 7664 7670 7673 7681 7706 7707 7714 7721 7747 7765 7772 7779 7781 7788 7798 7803 7821 7822 7825 7827 7829 7889 7917 7933 7936 7990 7995 8022 8026 8041 8059 8072 8103 8109 8129 8157 8177 8196 8211 8220 8234 8238 8240 8244 8249 8278 8282 8285 8286 8298 8316 8326 8327 8330 8343 8352 8356 8357 8394 8413 8423 8436 8437 8439 8441 8442 8463 8464 8477 8484 8486 8496 8498 8519 8541 8545 8549 8591 8592 8593 8599 8611 8618 8653 8656 8659 8671 8699 8703
93 123 139 214 229 254 408 416 424 434 551 582 588 648 653 729 975 1023 1088 1155 1214 1297 1324 1331 1508 1535 1575 1591 1609 1671 1676 1701 1834 1886 1902 1937 1975 1980 2039 2265 2303 2319 2329 2385 2402 2475 2578 2586 2597 2722 2746 2782 2797 2873 2878 2901 2935 3007 3076 3111 3271 3274 3281 3292 3319 3337 3384 3432 3486 3499 3508 3512 3545 3584 3651 3686 3715 3724 3735 3756 3772 3781 3806 3813 3857 3886 3929 3955 3987 4026 4095 4175 4238 4251 4263 4343 4362 4390 4434 4459 4501 4531 4558 4610 4616 4634 4643 4709 4731 4762 4799 4890 4914 4920 4930 4942 4979 4983 5079 5086 5114 5138 5152 5183 5212 5221 5223 5242 5280 5281 5311 5332 5396 5421 5428 5432 5450 5499 5513 5524 5541 5595 5602 5605 5711 5721 5758 5763 5766 5787 5821 5847 5861 5886 5900 5904 5936 5948 5951 5970 6007 6036 6056 6059 6069 6112 6132 6140 6146 6147 6153 6154 6160 6236 6265 6283 6310 6312 6313 6331 6364 6437 6442 6452 6483 6494 6503 6629 6640 6663 6701 6704 6705 6716 6744 6753 6757 6850 6911 6913 6928 6984 6985 6987 6990 7003 7050 7054 7076 7117 7122 7124 7140 7142 7156 7165 7192 7229 7236 7240 7270 7271 7281 7350 7355 7357 7372 7397 7408 7414 7416 7445 7446 7457 7478 7484 7502 7515 7568 7573 7604 7607 7619 7639 7651 7666 7670 7698 7703 7709 7717 7760 7780 7788 7802 7815 7824 7826 7834 7910 7913 7919 7921 7931 7961 7969 7989 7991 7995 8019 8022 8023 8026 8032 8038 8041 8050 8057 8061 8067 8083 8113 8120 8127 8130 8146 8155 8186 8193 8209 8211 8219 8220 8228 8236 8243 8254 8272 8275 8278 8281 8285 8286 8294 8297 8322 8323 8341 8367 8388 8404 8406 8411 8422 8437 8438 8445 8448 8459 8464 8473 8484 8491 8492 8501 8518 8539 8540 8584 8587 8592 8602 8607 8611 8641 8655 8656 8679 8686
60 92 122 138 206 238 253 355 386 391 418 511 536 597 679 680 690 697 773 865 868 937 1020 1142 1148 1191 1332 1504 1571 1616 1619 1631 1653 1659 1817 1865 1898 1976 2036 2259 2282 2309 2353 2395 2415 2420 2446 2451 2473 2531 2551 2584 2692 2703 2729 2795 2799 2917 2981 2999 3004 3044 3271 3291 3363 3389 3423 3485 3519 3532 3556 3573 3628 3641 3712 3718 3757 3769 3772 3781 3801 3868 3880 3908 3943 4113 4168 4194 4207 4235 4248 4256 4262 4284 4298 4360 4362 4367 4368 4407 4453 4457 4501 4563 4622 4689 4705 4713 4728 4760 4888 4889 4912 4932 4956 4972 5012 5032 5067 5073 5078 5088 5133 5148 5152 5178 5191 5204 5210 5226 5267 5275 5310 5351 5403 5407 5408 5435 5442 5498 5500 5506 5530 5569 5584 5680 5700 5719 5726 5728 5749 5783 5796 5802 5804 5884 5927 5945 5954 5960 5994 5998 6007 6052 6053 6054 6063 6108 6112 6116 6148 6165 6220 6251 6258 6270 6286 6299 6301 6330 6341 6349 6414 6429 6478 6483 6493 6503 6576 6614 6634 6643 6646 6647 6666 6686 6710 6743 6759 6781 6801 6819 6836 6850 6864 6911 6925 6929 6982 6985 6995 7037 7044 7117 7142 7162 7175 7224 7270 7348 7368 7386 7398 7404 7410 7441 7444 7476 7483 7494 7505 7515 7532 7538 7570 7573 7575 7596 7603 7624 7642 7653 7658 7686 7694 7701 7708 7714 7732 7733 7741 7782 7784 7796 7803 7832 7869 7879 7924 7932 7949 7970 7974 7984 7985 8005 8022 8025 8045 8113 8126 8134 8150 8178 8190 8192 8218 8219 8227 8228 8238 8246 8275 8279 8280 8285 8309 8315 8333 8372 8382 8394 8410 8414 8416 8420 8434 8435 8436 8437 8445 8453 8471 8484 8492 8504 8512 8514 8519 8521 8523 8542 8576 8588 8591 8593 8601 8616 8624 8633 8642 8647 8655 8659 8672
15 60 81 102 116 126 138 193 229 336 375 479 654 682 735 763 821 833 838 856 1098 1120 1181 1186 1327 1448 1453 1533 1571 1596 1806 1835 2127 2238 2246 2249 2274 2282 2309 2340 2397 2430 2462 2472 2505 2517 2521 2564 2634 2641 2777 2820 2850 2909 2910 2987 3004 3054 3217 3266 3278 3284 3356 3410 3413 3472 3503 3509 3631 3636 3698 3755 3765 3786 3841 3872 3880 3909 3934 3951 4085 4169 4198 4207 4224 4231 4238 4261 4288 4313 4353 4366 4396 4417 4421 4501 4551 4556 4606 4649 4666 4693 4695 4696 4725 4746 4824 4851 4859 4882 4886 4895 4905 4907 4936 5011 5016 5032 5035 5039 5072 5077 5114 5142 5191 5198 5199 5210 5222 5262 5274 5308 5322 5358 5368 5433 5481 5489 5500 5543 5584 5613 5641 5642 5695 5713 5719 5750 5756 5785 5851 5879 5882 5895 5916 5939 5944 5949 6002 6043 6058 6094 6105 6113 6118 6165 6229 6237 6252 6278 6299 6307 6316 6325 6348 6374 6404 6410 6411 6416 6426 6464 6467 6486 6493 6563 6564 6586 6656 6683 6707 6708 6721 6733 6749 6764 6780 6788 6800 6818 6861 6882 6895 6946 6977 6978 7003 7114 7115 7116 7117 7127 7129 7160 7161 7164 7198 7199 7204 7221 7244 7256 7262 7270 7330 7331 7343 7354 7384 7388 7415 7430 7443 7472 7474 7478 7501 7527 7530 7531 7535 7556 7588 7594 7608 7614 7629 7648 7656 7680 7684 7685 7692 7693 7700 7731 7768 7773 7786 7788 7792 7818 7838 7881 7907 7920 7921 7925 7949 7967 7968 7981 7985 7993 7997 8004 8015 8037 8044 8096 8117 8125 8136 8162 8176 8185 8219 8220 8222 8228 8232 8270 8274 8275 8277 8278 8281 8317 8345 8355 8362 8391 8402 8405 8408 8414 8418 8428 8432 8433 8437 8449 8452 8455 8464 8473 8476 8483 8489 8490 8507 8515 8519 8540 8554 8561 8579 8580 8593 8599 8616 8639 8648
44 57 131 143 151 179 260 335 447 454 509 653 675 832 856 1096 1161 1299 1432 1502 1508 1564 1570 1584 1596 1747 1776 1826 2116 2136 2216 2235 2239 2274 2277 2305 2340 2355 2389 2423 2457 2458 2492 2505 2530 2552 2771 2820 2824 2988 3014 3064 3179 3225 3248 3249 3254 3298 3301 3352 3360 3404 3442 3481 3578 3619 3642 3680 3686 3690 3703 3716 3721 3753 3795 3810 3821 3838 3859 4022 4041 4047 4163 4202 4205 4222 4267 4271 4342 4349 4382 4396 4399 4419 4496 4513 4517 4528 4546 4551 4623 4671 4696 4724 4796 4842 4875 4891 4912 5004 5031 5044 5051 5094 5137 5155 5183 5204 5212 5250 5272 5308 5334 5350 5477 5481 5498 5533 5537 5602 5607 5682 5692 5702 5719 5754 5838 5845 5877 5891 5892 5898 5899 5902 5917 5993 5994 6038 6043 6080 6097 6107 6112 6130 6132 6210 6230 6251 6265 6280 6293 6344 6351 6374 6387 6408 6449 6461 6493 6514 6546 6550 6568 6570 6598 6639 6668 6678 6699 6700 6709 6723 6776 6779 6817 6852 6891 6900 6957 6968 6973 6993 6999 7033 7081 7098 7100 7113 7127 7194 7219 7242 7257 7265 7323 7327 7329 7333 7339 7348 7351 7356 7361 7382 7386 7387 7417 7440 7446 7455 7462 7470 7487 7506 7522 7526 7538 7553 7556 7576 7591 7602 7609 7628 7640 7648 7650 7651 7661 7678 7687 7690 7698 7711 7736 7743 7749 7765 7779 7782 7785 7897 7916 7927 7942 7953 7965 7974 8004 8026 8040 8075 8124 8159 8172 8183 8184 8200 8205 8214 8215 8217 8224 8257 8259 8270 8274 8278 8313 8334 8338 8362 8364 8398 8401 8406 8411 8415 8416 8427 8435 8445 8451 8454 8455 8472 8474 8480 8489 8507 8508 8515 8543 8564 8574 8576 8603 8604 8614 8638
24 39 74 103 159 212 361 408 536 552 582 663 760 802 819 977 1066 1084 1088 1119 1122 1247 1410 1422 1473 1475 1491 1499 1514 1544 1656 1687 1708 1727 1771 1803 1824 1861 2097 2110 2227 2232 2261 2292 2303 2331 2337 2341 2380 2419 2437 2472 2491 2527 2723 2747 2758 2820 2883 2955 3007 3038 3147 3224 3226 3237 3251 3305 3315 3345 3396 3400 3413 3414 3446 3461 3475 3585 3621 3693 3733 3747 3775 3798 3808 3982 3994 4157 4186 4200 4215 4249 4255 4303 4325 4346 4373 4376 4418 4492 4494 4500 4510 4540 4584 4615 4640 4664 4687 4710 4722 4748 4821 4827 4874 4879 4898 4926 4939 4975 5037 5080 5096 5145 5147 5176 5204 5216 5252 5254 5266 5308 5348 5349 5372 5430 5440 5459 5468 5492 5530 5600 5651 5662 5674 5682 5707 5714 5760 5797 5842 5854 5858 5910 5937 5973 5993 6032 6051 6065 6097 6112 6127 6184 6202 6209 6225 6234 6242 6267 6269 6321 6353 6370 6387 6389 6396 6441 6449 6450 6457 6473 6537 6543 6545 6563 6586 6611 6639 6654 6657 6667 6678 6722 6756 6788 6812 6833 6852 6866 6920 6955 6963 6984 7005 7007 7043 7062 7073 7088 7093 7094 7107 7110 7116 7122 7123 7173 7175 7193 7196 7201 7202 7205 7242 7247 7252 7304 7315 7326 7328 7336 7351 7355 7361 7374 7407 7433 7440 7461 7464 7472 7494 7501 7549 7574 7601 7604 7629 7645 7656 7662 7677 7687 7703 7726 7738 7777 7785 7895 7913 7924 7958 7965 7968 7981 8025 8032 8049 8077 8118 8119 8154 8159 8180 8199 8200 8213 8221 8229 8256 8268 8272 8291 8298 8302 8308 8321 8358 8368 8383 8385 8386 8391 8403 8410 8426 8431 8436 8438 8444 8445 8446 8451 8453 8454 8459 8466 8479 8488 8490 8502 8506 8540 8564 8569 8589 8614 8631 8638
20 22 67 101 123 134 139 266 279 299 323 413 437 539 564 586 653 682 730 838 1060 1084 1088 1144 1182 1210 1264 1332 1380 1387 1420 1446 1453 1455 1484 1516 1561 1604 1615 1670 1769 1782 1996 2068 2139 2152 2214 2217 2221 2260 2282 2292 2307 2325 2355 2409 2454 2493 2503 2657 2725 2789 2797 2818 2846 2864 2899 2931 3036 3068 3136 3157 3208 3243 3249 3281 3327 3366 3442 3459 3468 3564 3584 3592 3608 3616 3631 3649 3679 3681 3734 3743 3782 3785 3954 3963 4061 4110 4116 4171 4176 4184 4188 4221 4228 4311 4315 4351 4358 4360 4367 4460 4470 4591 4621 4651 4655 4705 4706 4820 4821 4848 4862 4873 4920 4974 5013 5055 5056 5069 5075 5101 5133 5134 5154 5175 5184 5209 5211 5232 5233 5262 5283 5288 5349 5365 5415 5421 5482 5490 5492 5509 5575 5589 5594 5607 5673 5680 5681 5691 5699 5764 5810 5840 5900 5908 5951 6006 6017 6030 6080 6101 6126 6138 6175 6188 6202 6228 6233 6236 6254 6317 6361 6370 6387 6413 6423 6448 6517 6522 6540 6548 6609 6613 6639 6662 6667 6672 6705 6707 6728 6753 6783 6820 6887 6916 6940 6952 6954 6967 7062 7078 7091 7105 7106 7113 7117 7163 7165 7188 7192 7215 7235 7237 7239 7276 7291 7308 7309 7326 7327 7336 7342 7356 7372 7381 7395 7406 7423 7434 7440 7442 7446 7462 7479 7496 7501 7546 7573 7599 7602 7623 7651 7677 7700 7724 7772 7773 7780 7816 7843 7875 7890 7900 7943 7946 7949 7954 7958 7960 8022 8101 8103 8138 8148 8154 8158 8180 8187 8189 8190 8191 8196 8199 8205 8208 8213 8221 8259 8262 8267 8269 8271 8272 8274 8280 8295 8307 8349 8354 8356 8382 8384 8402 8408 8422 8426 8435 8438 8461 8462 8479 8488 8490 8504 8530 8538 8549 8556 8563 8569 8575 8593 8616 8635
2 18 70 72 86 170 210 280 313 384 494 503 561 642 643 773 791 946 966 1053 1075 1083 1089 1131 1343 1372 1386 1416 1430 1442 1477 1478 1507 1658 1703 1755 1811 1859 2049 2115 2141 2146 2153 2197 2206 2233 2251 2274 2279 2289 2298 2329 2339 2356 2389 2400 2406 2428 2516 2668 2691 2697 2857 2865 3032 3083 3138 3183 3189 3193 3195 3201 3202 3234 3281 3340 3361 3363 3419 3482 3548 3594 3614 3615 3652 3681 3730 3734 3774 3826 3828 3877 3919 3998 4017 4062 4147 4156 4163 4169 4178 4188 4193 4231 4251 4309 4314 4343 4346 4375 4421 4445 4461 4468 4521 4564 4593 4640 4697 4802 4815 4857 4858 4873 4896 4914 4917 4979 5010 5041 5048 5057 5077 5096 5135 5154 5160 5181 5188 5223 5259 5267 5280 5329 5338 5370 5418 5421 5449 5459 5474 5487 5490 5553 5564 5588 5600 5669 5673 5682 5775 5777 5805 5836 5879 5884 5908 5980 6013 6021 6026 6028 6059 6061 6093 6094 6125 6126 6139 6140 6150 6154 6157 6204 6215 6235 6317 6333 6377 6384 6412 6429 6432 6441 6463 6496 6509 6519 6531 6595 6606 6620 6644 6669 6670 6691 6692 6711 6718 6742 6784 6790 6814 6819 6833 6859 6876 6877 6885 6915 6929 6933 6938 6952 7015 7057 7058 7074 7077 7085 7093 7098 7105 7121 7140 7142 7186 7187 7194 7213 7225 7242 7249 7278 7282 7306 7316 7324 7336 7340 7341 7349 7369 7379 7382 7423 7424 7427 7434 7442 7496 7511 7522 7523 7539 7569 7570 7582 7598 7608 7640 7650 7661 7685 7722 7769 7770 7778 7833 7866 7872 7880 7894 7937 7945 7956 8003 8097 8111 8123 8145 8150 8159 8162 8164 8175 8176 8179 8180 8186 8209 8211 8235 8257 8262 8265 8266 8267 8271 8297 8301 8303 8341 8345 8366 8375 8395 8407 8412 8418 8426 8431 8443 8460 8462 8463 8471 8478 8490 8511 8538 8546 8548 8552 8556 8576 8633 8634 8635
12 13 28 58 69 192 205 264 302 415 513 560 615 632 735 766 805 906 1018 1052 1060 1249 1264 1326 1384 1414 1420 1472 1475 1476 1492 1520 1692 1737 1741 1768 2031 2042 2093 2103 2148 2200 2246 2258 2290 2303 2368 2378 2430 2593 2656 2677 2690 2785 2849 2963 3021 3054 3076 3157 3175 3176 3179 3185 3206 3250 3315 3333 3361 3418 3458 3519 3581 3608 3618 3666 3672 3708 3752 3857 3890 3986 4008 4102 4159 4166 4170 4184 4263 4302 4304 4329 4370 4388 4407 4444 4450 4505 4518 4555 4557 4561 4566 4696 4742 4790 4798 4799 4856 4901 5003 5032 5049 5079 5084 5090 5109 5114 5141 5142 5165 5167 5182 5223 5255 5313 5332 5357 5409 5415 5417 5424 5433 5457 5484 5487 5560 5564 5584 5599 5651 5656 5668 5672 5758 5784 5809 5822 5834 5865 5872 5885 5902 5926 5974 6004 6007 6020 6027 6066 6070 6116 6139 6140 6172 6215 6304 6306 6320 6370 6375 6408 6428 6431 6488 6489 6503 6593 6594 6606 6642 6661 6679 6688 6707 6740 6743 6783 6791 6816 6869 6882 6890 6906 6909 6923 6926 6928 6935 6976 7001 7049 7056 7064 7069 7078 7088 7094 7105 7120 7127 7135 7175 7181 7203 7223 7243 7248 7257 7258 7277 7289 7316 7326 7337 7347 7357 7365 7377 7411 7420 7431 7490 7492 7500 7506 7519 7544 7552 7563 7564 7585 7597 7598 7609 7616 7635 7645 7649 7677 7679 7696 7702 7713 7741 7756 7768 7820 7866 7868 7927 7932 7934 7945 7949 7952 7953 7994 8029 8067 8081 8098 8125 8128 8145 8157 8158 8173 8181 8204 8217 8254 8262 8264 8292 8315 8327 8341 8350 8355 8377 8383 8389 8405 8415 8422 8424 8426 8430 8460 8461 8468 8477 8487 8494 8525 8535 8542 8547 8551 8555 8565 8573 8576 8619 8622 8624 8630
9 25 29 157 184 217 430 456 503 558 560 639 677 687 826 892 952 955 1038 1040 1099 1235 1247 1320 1364 1365 1401 1449 1459 1483 1597 1717 2005 2047 2056 2089 2101 2135 2194 2198 2199 2214 2245 2254 2284 2292 2327 2358 2371 2395 2487 2489 2567 2578 2674 2697 2722 2903 2947 2957 3022 3059 3095 3098 3169 3185 3192 3240 3258 3296 3337 3341 3401 3428 3478 3490 3531 3578 3588 3665 3685 3686 3687 3707 3716 3747 3870 3887 3960 4086 4091 4135 4149 4156 4170 4195 4200 4279 4298 4314 4319 4383 4392 4400 4443 4478 4493 4505 4515 4542 4622 4670 4685 4694 4729 4787 4856 4919 4974 4978 4984 4996 5018 5025 5054 5079 5084 5105 5120 5126 5136 5150 5211 5218 5223 5279 5281 5282 5307 5327 5348 5408 5409 5447 5451 5498 5553 5563 5599 5618 5627 5650 5669 5687 5731 5760 5766 5780 5795 5815 5834 5865 5882 5924 5947 6003 6008 6015 6016 6075 6079 6097 6114 6127 6140 6213 6234 6266 6310 6330 6373 6403 6409 6422 6428 6474 6590 6592 6595 6655 6671 6771 6786 6797 6827 6857 6864 6901 6920 6930 7004 7037 7049 7050 7064 7075 7085 7112 7127 7129 7158 7182 7185 7193 7213 7217 7221 7245 7271 7286 7314 7321 7342 7351 7359 7361 7414 7427 7480 7494 7508 7529 7539 7593 7596 7597 7613 7627 7637 7658 7692 7718 7730 7737 7760 7821 7829 7858 7906 7917 7920 7924 7940 7946 7952 7984 7992 8028 8041 8068 8073 8076 8082 8089 8105 8116 8145 8150 8173 8176 8198 8201 8214 8242 8248 8249 8253 8254 8255 8285 8289 8311 8325 8344 8354 8380 8382 8383 8387 8397 8399 8410 8411 8415 8417 8430 8450 8456 8459 8474 8477 8481 8498 8524 8534 8536 8548 8554 8571 8573 8580 8585 8601 8609 8613
8 17 20 84 130 321 479 503 552 622 668 809 845 877 900 944 946 1018 1034 1040 1235 1301 1309 1361 1388 1430 1449 1462 1505 1668 1676 1713 1751 1960 2003 2034 2098 2123 2127 2165 2179 2195 2213 2229 2230 2345 2362 2448 2474 2506 2570 2626 2672 2701 2707 2752 2871 2895 2901 2932 2961 2991 3026 3045 3074 3138 3145 3150 3174 3202 3212 3233 3253 3261 3291 3322 3341 3354 3391 3439 3471 3475 3529 3556 3559 3583 3587 3632 3661 3682 3842 3874 4130 4138 4147 4156 4167 4198 4233 4271 4275 4369 4373 4398 4473 4491 4527 4575 4616 4637 4643 4662 4720 4742 4771 4780 4782 4841 4843 4851 4902 4958 4975 4978 5012 5018 5079 5099 5106 5123 5133 5143 5174 5215 5219 5276 5304 5312 5351 5371 5382 5384 5417 5430 5449 5532 5550 5553 5566 5581 5598 5616 5645 5647 5651 5716 5744 5762 5765 5766 5775 5781 5814 5823 5880 5916 5934 5970 5993 5998 6002 6008 6012 6078 6087 6123 6138 6194 6214 6256 6298 6300 6307 6311 6363 6368 6388 6390 6406 6456 6463 6499 6571 6587 6595 6605 6614 6636 6643 6663 6688 6718 6719 6782 6785 6795 6842 6855 6860 6862 6900 7022 7029 7049 7053 7063 7073 7074 7079 7082 7083 7090 7122 7174 7205 7209 7216 7239 7257 7269 7270 7273 7276 7309 7319 7321 7323 7345 7382 7398 7399 7405 7412 7413 7421 7449 7469 7489 7529 7535 7590 7610 7613 7618 7636 7684 7687 7707 7709 7732 7757 7759 7807 7844 7851 7854 7880 7904 7921 7922 7928 7933 7971 7986 7988 7991 8005 8015 8034 8056 8074 8077 8102 8130 8141 8150 8164 8165 8168 8169 8173 8179 8197 8201 8234 8240 8241 8246 8248 8250 8253 8275 8277 8291 8313 8342 8379 8382 8392 8399 8406 8408 8411 8416 8420 8426 8445 8458 8466 8477 8498 8533 8534 8545 8554 8567 8582 8589 8600
7 11 51 149 383 392 396 413 438 466 748 809 866 916 932 994 1082 1228 1244 1279 1286 1295 1303 1398 1419 1439 1544 1561 1568 1599 1619 1655 1662 1743 1874 1922 1945 2023 2084 2104 2162 2170 2177 2206 2208 2243 2321 2344 2391 2414 2462 2484 2615 2649 2669 2690 2737 2862 2892 2905 2955 2997 3121 3125 3152 3191 3194 3233 3272 3321 3324 3409 3451 3475 3511 3524 3529 3557 3581 3584 3642 3678 3794 3819 3867 4098 4126 4144 4194 4227 4245 4267 4303 4309 4358 4400 4419 4441 4446 4540 4574 4587 4600 4642 4683 4716 4727 4730 4776 4778 4782 4816 4838 4845 4968 4971 5055 5073 5090 5096 5132 5135 5146 5206 5212 5216 5269 5312 5322 5334 5363 5429 5471 5516 5546 5555 5566 5602 5635 5642 5675 5723 5741 5745 5765 5786 5800 5818 5819 5854 5856 5907 5933 5950 5993 6002 6011 6065 6074 6084 6096 6110 6111 6153 6157 6182 6186 6236 6274 6283 6334 6358 6386 6394 6429 6443 6480 6493 6535 6551 6576 6578 6585 6595 6599 6605 6627 6630 6633 6641 6684 6694 6714 6716 6778 6792 6853 6886 6898 6937 6999 7027 7042 7043 7047 7054 7072 7079 7083 7105 7117 7158 7167 7174 7179 7198 7202 7230 7248 7268 7269 7290 7301 7309 7310 7329 7341 7382 7384 7391 7396 7405 7420 7421 7440 7444 7458 7478 7521 7525 7526 7534 7540 7541 7543 7578 7584 7587 7589 7592 7603 7618 7634 7636 7643 7655 7692 7718 7727 7736 7739 7764 7787 7841 7845 7850 7874 7898 7910 7914 7918 7922 7928 7968 7975 8006 8007 8033 8043 8050 8054 8060 8088 8095 8097 8123 8135 8139 8154 8164 8166 8172 8175 8194 8213 8225 8228 8229 8244 8251 8252 8263 8266 8268 8309 8333 8337 8340 8376 8379 8382 8385 8398 8399 8403 8406 8413 8418 8443 8455 8459 8476 8482 8518 8521 8526 8530 8532 8534 8537 8545 8550 8564 8567 8576 8594
260 317 389 427 626 652 708 792 852 875 960 964 1041 1112 1147 1174 1273 1293 1404 1422 1432 1443 1559 1574 1609 1617 1876 1926 1931 1972 2039 2055 2100 2102 2123 2148 2152 2165 2198 2230 2337 2342 2382 2410 2446 2532 2576 2621 2656 2821 2859 2874 2949 2986 3051 3092 3114 3115 3117 3159 3171 3182 3195 3207 3231 3280 3302 3322 3398 3444 3475 3489 3508 3511 3541 3579 3602 3620 3637 3652 3656 3657 3672 3688 3773 3799 3815 3999 4106 4124 4139 4190 4217 4258 4291 4309 4319 4338 4358 4380 4382 4433 4487 4513 4523 4633 4706 4782 4832 4833 4834 4845 4919 4953 4962 4980 5047 5079 5095 5121 5134 5164 5194 5201 5205 5221 5240 5269 5297 5326 5342 5352 5409 5422 5433 5475 5511 5514 5522 5553 5555 5572 5590 5639 5709 5712 5740 5745 5783 5784 5792 5853 5867 5903 5960 5992 5995 6050 6065 6071 6101 6102 6126 6184 6227 6245 6280 6325 6326 6356 6370 6380 6393 6421 6433 6487 6535 6553 6577 6591 6605 6616 6684 6731 6747 6748 6769 6778 6790 6807 6830 6861 6904 6998 7008 7025 7034 7071 7076 7083 7104 7115 7142 7157 7169 7193 7202 7205 7213 7251 7259 7264 7282 7299 7303 7308 7309 7334 7335 7360 7370 7389 7401 7449 7450 7455 7473 7494 7498 7524 7533 7566 7581 7583 7585 7599 7609 7636 7643 7647 7684 7689 7708 7710 7725 7726 7738 7739 7763 7785 7834 7836 7842 7866 7896 7915 7916 7922 7925 7934 7935 7944 7952 7954 7967 7972 7978 8005 8023 8054 8073 8081 8132 8153 8162 8170 8172 8173 8181 8184 8192 8206 8212 8224 8233 8242 8250 8251 8261 8264 8278 8302 8323 8335 8352 8379 8380 8384 8397 8399 8401 8413 8437 8442 8455 8470 8507 8524 8532 8534 8537 8540 8545 8555 8593
4 123 267 274 279 309 386 404 429 553 605 640 652 670 676 722 766 856 885 1041 1091 1144 1272 1277 1354 1387 1401 1409 1497 1569 1858 1941 2005 2018 2027 2067 2076 2102 2149 2160 2165 2168 2191 2215 2333 2385 2486 2562 2602 2624 2663 2700 2782 2808 2812 2872 2901 2937 2941 2962 2987 3012 3014 3044 3053 3114 3143 3155 3163 3191 3222 3299 3300 3347 3408 3450 3455 3569 3617 3625 3634 3651 3654 3708 3792 3801 3868 3879 3963 4101 4110 4119 4122 4157 4165 4182 4257 4275 4318 4377 4433 4474 4496 4601 4604 4627 4633 4694 4700 4741 4774 4776 4778 4809 4826 4874 4893 4915 4946 5024 5036 5038 5063 5079 5082 5099 5102 5142 5185 5200 5205 5229 5268 5271 5277 5319 5328 5345 5398 5404 5421 5425 5469 5481 5486 5494 5502 5505 5518 5523 5528 5546 5548 5555 5634 5638 5703 5708 5738 5743 5748 5788 5792 5849 5897 5911 5942 5964 5987 5992 5996 6044 6065 6070 6101 6122 6152 6162 6191 6244 6313 6352 6360 6370 6394 6400 6422 6481 6502 6577 6578 6588 6600 6733 6740 6743 6762 6774 6805 6822 6853 6858 6886 6936 6973 7004 7018 7032 7038 7067 7068 7070 7075 7079 7090 7097 7104 7114 7131 7136 7140 7144 7149 7157 7160 7184 7195 7196 7257 7259 7261 7277 7286 7299 7306 7309 7324 7340 7342 7343 7370 7384 7385 7421 7435 7447 7448 7477 7511 7522 7531 7553 7562 7581 7587 7589 7592 7612 7620 7621 7640 7641 7648 7673 7678 7706 7708 7737 7738 7740 7803 7830 7834 7835 7866 7893 7894 7897 7903 7914 7942 7948 7958 7985 7992 8010 8046 8060 8070 8074 8131 8132 8140 8144 8149 8155 8160 8162 8184 8188 8191 8202 8204 8223 8228 8241 8245 8250 8262 8283 8285 8299 8335 8348 8363 8379 8383 8389 8396 8397 8399 8404 8410 8432 8437 8439 8447 8450 8464 8466 8470 8505 8507 8529 8540 8543 8545
12 54 98 256 345 386 495 630 634 710 739 778 830 884 935 1093 1117 1132 1155 1232 1250 1263 1331 1387 1409 1569 1717 1753 1803 1930 1941 1958 2006 2017 2053 2076 2123 2128 2139 2143 2147 2153 2178 2297 2317 2320 2454 2484 2559 2659 2680 2795 2854 2860 2938 2940 2961 2989 3005 3033 3044 3051 3060 3087 3094 3155 3211 3216 3270 3271 3281 3296 3315 3324 3345 3411 3479 3514 3549 3585 3612 3624 3636 3653 3742 3788 3798 3909 3998 4013 4073 4096 4122 4165 4218 4226 4246 4255 4274 4285 4314 4369 4410 4427 4438 4439 4456 4463 4583 4688 4696 4714 4760 4775 4804 4807 4810 4824 4825 4870 4893 4907 4996 5023 5077 5098 5142 5157 5161 5168 5188 5203 5209 5213 5229 5252 5262 5265 5270 5294 5298 5344 5356 5357 5371 5404 5417 5454 5478 5499 5517 5518 5526 5532 5610 5630 5701 5702 5725 5732 5735 5772 5847 5882 5894 5927 5966 5979 5987 5991 6026 6064 6079 6100 6107 6133 6151 6217 6235 6281 6291 6300 6340 6343 6363 6385 6464 6494 6505 6559 6576 6593 6714 6724 6757 6766 6821 6836 6842 6845 6848 6881 6905 6964 6991 7000 7018 7019 7060 7061 7067 7072 7124 7126 7134 7137 7157 7170 7174 7181 7208 7232 7253 7254 7277 7281 7284 7296 7297 7298 7305 7333 7345 7361 7372 7392 7413 7427 7440 7443 7448 7482 7509 7522 7543 7553 7572 7573 7620 7633 7651 7656 7665 7688 7694 7707 7733 7784 7793 7805 7810 7832 7842 7852 7870 7873 7880 7890 7901 7912 7936 7971 7975 7984 7999 8044 8045 8061 8063 8131 8137 8140 8147 8156 8180 8184 8185 8193 8200 8202 8205 8221 8228 8235 8238 8245 8249 8253 8283 8287 8293 8316 8346 8359 8369 8379 8383 8390 8396 8398 8401 8409 8410 8425 8427 8434 8443 8488 8494 8507 8516 8523 8525 8535 8544
165 281 282 306 484 556 576 609 761 849 1057 1076 1102 1128 1143 1164 1181 1218 1223 1264 1270 1318 1328 1417 1493 1522 1560 1563 1665 1781 1844 1857 1913 1916 1971 2024 2076 2103 2110 2122 2138 2148 2166 2293 2311 2331 2348 2411 2416 2463 2523 2535 2543 2646 2714 2792 2806 2875 2920 2961 2993 3016 3051 3055 3070 3075 3131 3144 3210 3249 3260 3297 3330 3377 3391 3441 3474 3511 3539 3580 3588 3601 3612 3649 3682 3768 3769 3921 4044 4045 4078 4107 4121 4162 4195 4233 4234 4245 4250 4287 4357 4366 4377 4426 4527 4549 4597 4639 4649 4652 4691 4722 4743 4773 4798 4815 4816 4846 4864 4886 4889 4903 4961 5006 5070 5083 5095 5108 5135 5184 5190 5204 5205 5246 5267 5292 5295 5339 5370 5404 5453 5490 5491 5492 5495 5504 5513 5553 5580 5610 5627 5691 5710 5716 5732 5749 5763 5839 5874 5913 5920 5962 5976 5989 6017 6018 6025 6034 6064 6074 6081 6103 6136 6200 6208 6225 6243 6252 6273 6324 6326 6327 6331 6384 6447 6451 6486 6541 6558 6570 6591 6593 6615 6673 6713 6715 6718 6748 6753 6786 6819 6828 6831 6836 6841 6867 6879 6929 6991 7011 7017 7033 7045 7057 7060 7068 7071 7112 7116 7152 7170 7181 7202 7249 7255 7280 7282 7283 7291 7305 7319 7332 7344 7346 7355 7366 7367 7397 7433 7460 7505 7510 7511 7549 7555 7569 7570 7593 7601 7617 7623 7635 7643 7649 7655 7677 7679 7702 7711 7724 7744 7747 7795 7812 7822 7846 7898 7905 7908 7930 7967 7968 7995 8024 8034 8043 8055 8056 8082 8123 8126 8130 8133 8134 8142 8149 8153 8156 8171 8181 8199 8204 8220 8235 8237 8272 8312 8322 8335 8343 8346 8358 8364 8365 8375 8376 8379 8382 8383 8389 8397 8398 8401 8402 8405 8408 8425 8426 8437 8469 8483 8492 8515 8516 8520 8527
121 208 404 453 555 564 584 754 785 1007 1083 1130 1189 1192 1207 1270 1506 1564 1648 1742 1756 1766 1868 2000 2020 2096 2103 2104 2136 2258 2289 2297 2303 2310 2378 2383 2441 2537 2614 2637 2748 2754 2757 2826 2861 2880 2889 2948 2957 2975 2990 3036 3040 3110 3129 3170 3181 3210 3239 3245 3286 3373 3411 3413 3472 3534 3566 3593 3647 3673 3677 3722 3742 3884 3920 3935 3940 3982 4066 4094 4096 4119 4121 4156 4225 4240 4286 4309 4411 4481 4519 4595 4652 4674 4684 4702 4745 4794 4807 4857 4868 4882 4981 5003 5034 5060 5094 5123 5166 5169 5189 5216 5228 5231 5241 5260 5337 5338 5350 5402 5415 5427 5443 5452 5477 5481 5489 5496 5536 5600 5604 5666 5683 5713 5742 5753 5788 5819 5872 5894 5936 5937 5974 6004 6013 6018 6039 6070 6106 6111 6128 6136 6160 6203 6231 6255 6269 6299 6300 6311 6317 6324 6337 6363 6420 6451 6472 6556 6562 6569 6577 6587 6604 6638 6688 6690 6700 6720 6734 6769 6791 6792 6801 6814 6816 6821 6832 6851 6873 6874 6898 6971 6990 6991 6997 7002 7017 7025 7030 7041 7054 7060 7069 7090 7107 7113 7115 7134 7150 7177 7185 7217 7234 7248 7254 7259 7270 7278 7291 7293 7300 7318 7325 7329 7332 7365 7382 7424 7427 7505 7507 7514 7516 7529 7540 7541 7545 7554 7556 7564 7582 7596 7611 7618 7635 7670 7677 7704 7747 7757 7765 7767 7795 7801 7819 7829 7836 7840 7878 7886 7892 7896 7910 7919 7930 7937 7948 7959 7999 8017 8043 8059 8122 8132 8142 8153 8160 8172 8178 8179 8210 8217 8232 8233 8236 8261 8293 8298 8305 8310 8337 8341 8365 8371 8375 8378 8380 8385 8394 8401 8408 8424 8429 8450 8454 8472 8489 8506 8508
72 198 235 506 538 544 553 557 628 735 763 780 797 891 1010 1039 1064 1125 1126 1143 1147 1187 1189 1249 1260 1287 1476 1542 1551 1576 1626 1645 1691 1727 1762 1908 1930 1931 1950 2005 2016 2067 2073 2102 2104 2141 2234 2281 2298 2382 2445 2503 2562 2612 2715 2720 2847 2859 2874 2944 2953 2960 2964 2965 3000 3023 3036 3051 3164 3219 3228 3274 3282 3330 3351 3356 3364 3369 3439 3500 3531 3546 3559 3571 3602 3631 3653 3672 3891 3905 3933 4027 4035 4064 4078 4082 4093 4144 4166 4180 4197 4240 4290 4298 4337 4368 4406 4409 4430 4470 4486 4490 4516 4537 4590 4630 4635 4637 4672 4780 4782 4792 4799 4804 4830 4859 4875 4881 4950 4957 4959 5031 5055 5084 5147 5164 5166 5182 5223 5225 5248 5321 5329 5359 5375 5406 5445 5461 5468 5470 5476 5479 5485 5491 5516 5540 5665 5681 5696 5698 5739 5741 5750 5772 5830 5838 5868 5930 5943 5961 5965 5997 6003 6008 6034 6052 6080 6094 6190 6198 6215 6239 6262 6294 6297 6322 6393 6403 6416 6423 6442 6445 6453 6528 6544 6547 6555 6560 6575 6624 6670 6679 6689 6723 6729 6788 6790 6803 6808 6825 6842 6848 6868 6898 6907 6944 6963 6966 6988 7011 7016 7033 7050 7053 7058 7075 7102 7112 7146 7150 7154 7202 7214 7242 7254 7261 7262 7268 7285 7291 7296 7303 7311 7324 7327 7332 7361 7368 7381 7382 7421 7432 7474 7499 7538 7540 7553 7580 7592 7602 7605 7608 7640 7644 7663 7666 7684 7743 7745 7747 7753 7755 7769 7789 7793 7799 7819 7822 7834 7858 7881 7890 7893 7904 7909 7919 7925 7934 7981 7994 7999 8037 8041 8043 8049 8093 8121 8132 8134 8162 8179 8216 8217 8219 8222 8230 8250 8261 8274 8282 8296 8310 8318 8333 8338 8340 8343 8350 8364 8369 8373 8377 8381 8384 8401 8403 8406 8415 8420 8423 8437 8444 8456 8463 8464 8485 8505
43 155 354 390 446 469 470 555 569 723 727 832 979 1039 1095 1113 1116 1138 1142 1173 1253 1394 1429 1433 1452 1458 1485 1575 1596 1607 1613 1652 1660 1664 1673 1685 1729 1753 1781 1853 1922 1945 1950 2001 2038 2063 2074 2094 2234 2255 2277 2278 2284 2292 2347 2364 2404 2600 2710 2712 2732 2790 2825 2832 2857 2901 2925 2938 2946 2948 2966 2993 3024 3028 3033 3066 3086 3120 3139 3226 3254 3292 3336 3344 3359 3486 3494 3563 3595 3642 3750 3759 3900 4003 4027 4050 4073 4092 4093 4101 4127 4164 4169 4239 4263 4296 4396 4405 4438 4480 4498 4505 4590 4622 4635 4654 4687 4727 4735 4743 4746 4775 4788 4790 4846 4870 4922 4954 4969 5008 5013 5026 5043 5051 5070 5098 5116 5153 5159 5166 5201 5205 5273 5317 5343 5348 5394 5402 5435 5467 5511 5622 5627 5653 5669 5678 5689 5696 5736 5738 5747 5766 5800 5842 5867 5894 5895 5906 5925 5949 5992 6000 6004 6007 6046 6050 6083 6170 6182 6187 6214 6263 6280 6292 6314 6372 6374 6426 6439 6476 6479 6536 6537 6546 6549 6607 6670 6682 6709 6727 6728 6780 6805 6812 6832 6906 6909 6940 6942 6956 6959 6972 7006 7014 7023 7030 7039 7042 7050 7058 7070 7104 7112 7141 7145 7149 7202 7208 7238 7254 7263 7264 7275 7282 7303 7315 7354 7408 7418 7431 7436 7467 7482 7488 7498 7537 7538 7540 7546 7552 7591 7604 7614 7631 7663 7672 7722 7744 7752 7764 7775 7785 7810 7811 7814 7821 7853 7878 7879 7883 7885 7890 7891 7907 7912 7915 7968 7988 7994 8000 8031 8033 8068 8082 8089 8124 8127 8133 8150 8151 8155 8156 8161 8213 8217 8219 8243 8268 8271 8298 8321 8328 8338 8354 8357 8366 8392 8397 8402 8406 8421 8432 8443 8458 8503 8504
14 127 153 256 396 443 554 588 688 732 787 873 890 1019 1068 1078 1101 1131 1136 1157 1253 1297 1391 1398 1488 1512 1522 1537 1587 1650 1690 1698 1718 1746 1844 1881 1916 1971 2023 2038 2058 2061 2222 2274 2276 2286 2350 2377 2384 2571 2593 2610 2648 2687 2706 2716 2760 2826 2914 2921 2933 2940 2992 3000 3002 3044 3097 3107 3122 3133 3185 3216 3218 3225 3254 3257 3311 3316 3356 3401 3425 3456 3486 3493 3507 3516 3553 3565 3569 3637 3735 3775 3969 3985 3992 4001 4022 4048 4070 4093 4123 4124 4132 4211 4235 4238 4242 4282 4362 4372 4386 4423 4447 4516 4544 4615 4617 4706 4723 4730 4770 4778 4809 4839 4853 4859 4907 4919 4928 4980 5002 5011 5020 5022 5046 5058 5071 5073 5095 5153 5159 5196 5204 5256 5272 5295 5312 5335 5339 5353 5385 5399 5436 5461 5497 5507 5584 5623 5667 5673 5676 5680 5698 5732 5736 5754 5762 5827 5885 5891 5917 5989 5992 6016 6027 6138 6143 6147 6206 6259 6263 6286 6287 6311 6339 6349 6400 6418 6494 6529 6532 6534 6539 6573 6610 6666 6705 6733 6735 6769 6779 6790 6798 6831 6903 6937 6938 6942 6965 6998 7012 7014 7022 7027 7035 7042 7048 7101 7112 7119 7125 7130 7195 7219 7232 7239 7242 7245 7264 7276 7303 7307 7314 7323 7337 7349 7383 7406 7417 7429 7473 7535 7536 7544 7574 7597 7613 7620 7630 7642 7646 7712 7724 7742 7773 7804 7812 7816 7831 7875 7879 7891 7900 7901 7913 7932 7945 7948 7951 7984 7987 7989 8025 8063 8074 8079 8087 8095 8102 8112 8121 8123 8127 8141 8150 8156 8185 8210 8214 8215 8217 8230 8257 8264 8265 8282 8291 8292 8304 8315 8325 8326 8350 8354 8357 8359 8362 8363 8365 8368 8374 8376 8381 8384 8386 8405 8420 8424 8429 8430 8441 8443 8498 8504
1 2 116 153 232 317 364 374 497 603 661 873 975 1014 1073 1078 1101 1116 1272 1397 1425 1486 1498 1501 1577 1579 1611 1689 1758 1844 1915 1920 1942 1985 2007 2037 2039 2058 2182 2186 2223 2267 2277 2374 2504 2576 2665 2685 2717 2720 2818 2901 2912 2915 2932 2997 3073 3121 3147 3164 3183 3240 3241 3244 3247 3260 3350 3372 3394 3423 3521 3529 3532 3627 3730 3765 3885 3985 4007 4035 4093 4101 4206 4279 4286 4322 4382 4385 4395 4404 4458 4479 4491 4524 4583 4609 4706 4710 4716 4719 4767 4821 4856 4903 4904 4932 4996 5021 5023 5038 5055 5068 5087 5133 5144 5179 5215 5217 5252 5274 5293 5313 5327 5336 5350 5383 5436 5447 5457 5469 5483 5505 5550 5562 5595 5634 5635 5646 5669 5679 5685 5745 5837 5840 5888 5962 5991 5992 6063 6087 6124 6137 6145 6178 6180 6216 6254 6269 6285 6286 6289 6294 6300 6395 6445 6449 6462 6492 6526 6538 6547 6565 6616 6629 6649 6650 6656 6698 6720 6728 6732 6770 6773 6778 6781 6783 6784 6817 6884 6888 6897 6908 6927 6928 6935 6958 6972 6974 6982 7001 7006 7014 7027 7031 7034 7041 7046 7089 7092 7102 7115 7119 7130 7180 7187 7202 7207 7230 7234 7237 7238 7254 7264 7301 7302 7303 7314 7321 7331 7338 7344 7390 7401 7407 7421 7423 7457 7467 7469 7489 7519 7534 7537 7567 7584 7602 7604 7606 7646 7705 7722 7726 7739 7741 7800 7804 7805 7829 7855 7873 7881 7891 7898 7903 7930 7935 7961 7967 8008 8024 8065 8072 8077 8084 8102 8111 8113 8126 8134 8136 8141 8149 8150 8166 8188 8199 8215 8219 8259 8264 8287 8295 8308 8313 8322 8348 8349 8355 8356 8361 8363 8365 8374 8376 8382 8393 8397 8408 8413 8414 8429 8434 8484 8491 8501
51 99 146 173 178 333 352 457 611 660 801 825 840 913 948 974 976 1043 1074 1095 1102 1363 1450 1467 1488 1564 1633 1664 1912 1933 1946 1974 1996 2028 2126 2169 2208 2253 2256 2491 2548 2665 2694 2703 2718 2747 2754 2804 2863 2880 2903 2927 2997 3047 3072 3114 3158 3164 3228 3287 3310 3318 3328 3375 3385 3392 3418 3473 3477 3526 3563 3608 3669 3703 3803 3832 3844 3852 3860 3866 3933 3934 3965 3980 4007 4027 4090 4196 4205 4245 4276 4295 4361 4373 4377 4394 4485 4489 4525 4531 4543 4559 4562 4608 4694 4696 4746 4755 4763 4765 4790 4821 4874 4894 4987 4989 4992 5001 5018 5030 5047 5065 5118 5126 5128 5201 5214 5215 5246 5319 5347 5349 5369 5376 5434 5437 5439 5449 5456 5478 5500 5542 5623 5628 5633 5645 5664 5669 5683 5710 5720 5740 5809 5818 5836 5887 5909 5918 5944 5947 5980 5983 5991 5998 6038 6083 6107 6117 6126 6132 6199 6230 6243 6254 6283 6288 6347 6379 6384 6389 6390 6425 6438 6492 6496 6526 6537 6614 6639 6644 6651 6715 6752 6757 6788 6793 6872 6873 6874 6885 6905 6920 6926 6956 6960 6967 6979 6990 7002 7011 7021 7028 7029 7042 7045 7064 7068 7075 7088 7092 7107 7109 7116 7165 7186 7195 7198 7229 7231 7234 7249 7261 7267 7276 7301 7309 7315 7321 7336 7384 7397 7402 7460 7511 7517 7532 7537 7564 7574 7583 7597 7619 7628 7649 7677 7688 7704 7735 7778 7791 7802 7829 7872 7881 7887 7896 7916 7933 7938 7958 7981 7983 8004 8017 8070 8081 8085 8088 8105 8110 8111 8126 8130 8133 8141 8144 8182 8185 8201 8202 8207 8213 8248 8273 8283 8302 8307 8313 8326 8335 8347 8350 8352 8353 8358 8361 8382 8402 8406 8408 8414 8418 8425 8431 8434 8452 8480 8495
22 166 288 297 436 437 580 622 633 692 786 850 912 975 978 985 1070 1072 1078 1092 1355 1384 1385 1447 1549 1578 1595 1629 1636 1900 1964 1994 2010 2110 2124 2144 2165 2228 2238 2240 2253 2402 2463 2542 2652 2663 2701 2741 2803 2818 2830 2842 2847 2850 2855 2874 2880 2895 2912 2916 2958 2985 3000 3058 3100 3139 3163 3205 3223 3233 3293 3333 3343 3353 3401 3402 3411 3456 3503 3515 3579 3598 3631 3692 3697 3776 3817 3936 3963 3967 3986 4002 4063 4068 4090 4196 4202 4233 4298 4331 4367 4370 4388 4393 4472 4477 4482 4485 4551 4594 4620 4663 4676 4695 4742 4755 4786 4796 4799 4816 4827 4855 4875 4927 4929 4984 4999 5010 5011 5106 5117 5122 5125 5150 5201 5242 5245 5262 5274 5348 5358 5420 5427 5433 5448 5480 5537 5583 5596 5620 5622 5653 5662 5669 5671 5675 5701 5717 5739 5756 5803 5808 5822 5928 5941 5972 5976 6011 6014 6073 6103 6107 6230 6233 6254 6280 6281 6282 6357 6386 6394 6413 6478 6517 6522 6611 6616 6638 6687 6692 6745 6746 6773 6777 6822 6840 6865 6881 6897 6917 6925 6954 6975 6992 7005 7020 7039 7059 7075 7088 7104 7107 7148 7186 7195 7199 7213 7225 7227 7239 7246 7249 7266 7288 7306 7308 7316 7335 7336 7371 7375 7405 7438 7452 7466 7501 7511 7516 7520 7523 7552 7558 7577 7590 7627 7664 7695 7699 7702 7728 7735 7748 7759 7772 7783 7801 7829 7833 7868 7872 7883 7886 7887 7896 7909 7937 7943 7948 7967 8004 8064 8080 8102 8103 8110 8114 8125 8133 8182 8187 8200 8207 8210 8211 8231 8240 8278 8283 8307 8312 8322 8341 8346 8349 8353 8361 8373 8379 8393 8396 8409 8414 8416 8431 8432 8474 8475
133 178 202 253 271 502 540 619 713 829 904 966 1039 1069 1084 1137 1311 1331 1344 1374 1438 1463 1467 1516 1525 1536 1549 1550 1601 1813 1868 1890 1892 1915 1955 1988 2068 2078 2165 2170 2213 2223 2337 2422 2476 2494 2512 2628 2630 2642 2684 2703 2716 2735 2786 2802 2824 2840 2857 2890 2897 2909 2980 3012 3029 3072 3178 3191 3211 3231 3246 3284 3339 3384 3404 3480 3492 3519 3527 3538 3567 3598 3651 3697 3817 3881 3934 3959 3992 4028 4060 4069 4085 4129 4136 4157 4198 4231 4248 4364 4403 4434 4441 4449 4460 4498 4500 4570 4610 4612 4624 4627 4671 4681 4684 4687 4753 4775 4807 4813 4814 4829 4865 4886 4898 4914 4966 4968 4969 4983 4997 5006 5008 5034 5091 5094 5095 5112 5132 5185 5233 5290 5308 5313 5387 5389 5391 5399 5421 5477 5506 5549 5579 5614 5620 5649 5664 5672 5700 5759 5816 5818 5864 5899 5911 5920 5923 5929 5942 5951 6003 6010 6044 6062 6065 6097 6102 6104 6203 6230 6254 6279 6281 6293 6370 6385 6463 6484 6502 6509 6515 6517 6522 6558 6583 6598 6599 6629 6630 6671 6685 6700 6729 6747 6753 6823 6847 6868 6873 6908 6914 6915 6922 6934 6950 6957 6965 6970 6974 6985 6996 7025 7027 7045 7074 7085 7105 7178 7179 7185 7202 7203 7211 7219 7244 7254 7257 7288 7292 7301 7331 7338 7348 7368 7373 7406 7419 7432 7435 7439 7450 7454 7483 7498 7505 7508 7520 7537 7545 7572 7637 7652 7699 7717 7718 7748 7770 7789 7815 7862 7867 7879 7883 7885 7892 7901 7910 7915 7938 8002 8005 8059 8070 8081 8101 8110 8114 8117 8119 8122 8133 8160 8172 8180 8185 8197 8202 8204 8208 8231 8251 8261 8268 8276 8282 8298 8305 8308 8320 8330 8341 8344 8345 8346 8349 8353 8360 8377 8390 8400 8416 8418 8431 8458 8475
106 127 164 233 251 516 592 707 840 874 914 1007 1047 1068 1070 1154 1193 1206 1218 1236 1362 1406 1459 1476 1524 1531 1544 1560 1612 1640 1840 1881 1918 1974 2011 2092 2141 2159 2186 2212 2296 2374 2402 2409 2434 2457 2490 2504 2603 2617 2671 2705 2715 2738 2766 2797 2830 2878 2894 2975 3015 3019 3063 3091 3117 3140 3161 3175 3220 3223 3272 3279 3295 3348 3453 3474 3484 3487 3542 3564 3708 3807 3883 3892 3901 3926 3934 3956 3963 3986 4022 4054 4056 4073 4099 4141 4144 4165 4190 4193 4354 4358 4359 4383 4391 4412 4425 4442 4452 4520 4537 4610 4624 4634 4639 4703 4740 4752 4808 4813 4850 4918 4951 4983 4988 4993 5032 5059 5069 5081 5105 5106 5124 5166 5197 5204 5262 5301 5373 5375 5379 5411 5433 5460 5490 5516 5562 5595 5614 5619 5640 5657 5662 5700 5736 5785 5844 5910 5921 5929 5971 6049 6052 6068 6089 6093 6166 6194 6240 6244 6276 6278 6282 6307 6363 6444 6448 6493 6505 6514 6515 6516 6517 6541 6550 6589 6593 6616 6625 6677 6711 6726 6805 6862 6869 6908 6917 6929 6948 6953 6956 6970 6972 6975 6980 6985 7013 7022 7024 7038 7060 7067 7070 7088 7131 7154 7177 7181 7182 7203 7210 7213 7239 7241 7242 7254 7271 7278 7296 7326 7331 7334 7354 7369 7388 7417 7421 7443 7445 7487 7504 7505 7511 7521 7536 7565 7608 7632 7655 7661 7682 7696 7708 7717 7738 7741 7770 7790 7805 7845 7865 7867 7883 7884 7889 7895 7899 7904 7915 7918 7931 7932 7977 7985 7989 7999 8035 8040 8048 8062 8067 8069 8099 8108 8113 8116 8118 8131 8151 8163 8184 8187 8188 8191 8192 8203 8224 8258 8260 8270 8298 8304 8305 8311 8318 8335 8339 8346 8347 8357 8374 8376 8400 8407 8418 8443 8452 8474
13 23 101 159 170 283 419 442 526 613 704 853 880 937 1044 1051 1060 1068 1153 1201 1334 1357 1390 1408 1464 1477 1499 1506 1562 1564 1753 1790 1805 1825 1853 1955 1970 1972 1979 2047 2089 2112 2125 2155 2205 2236 2267 2277 2342 2398 2401 2429 2574 2577 2589 2603 2604 2708 2710 2742 2770 2786 2829 2830 2846 2865 2937 2950 3013 3070 3097 3116 3128 3212 3229 3279 3283 3288 3305 3427 3471 3505 3622 3759 3771 3827 3861 3900 3937 3981 3994 4055 4081 4122 4125 4159 4166 4186 4276 4324 4337 4356 4367 4387 4391 4393 4429 4442 4497 4561 4568 4606 4612 4613 4627 4669 4723 4740 4744 4800 4844 4909 4912 4923 4932 4969 4990 4996 5051 5062 5097 5161 5166 5186 5247 5254 5331 5377 5378 5401 5422 5426 5480 5507 5557 5588 5595 5611 5614 5622 5637 5686 5708 5732 5734 5783 5784 5785 5805 5852 5906 5915 5923 5939 5979 6015 6085 6088 6166 6169 6228 6238 6249 6257 6268 6280 6345 6391 6436 6462 6488 6492 6514 6532 6544 6580 6589 6615 6622 6647 6670 6706 6710 6712 6717 6724 6735 6793 6852 6859 6869 6877 6892 6893 6898 6928 6932 6934 6937 6951 6984 7013 7016 7020 7021 7035 7063 7085 7089 7147 7175 7176 7189 7194 7195 7197 7203 7234 7239 7244 7261 7272 7282 7283 7311 7316 7321 7341 7347 7380 7408 7411 7424 7443 7458 7485 7486 7496 7505 7509 7563 7625 7641 7656 7675 7688 7692 7713 7731 7736 7741 7752 7768 7784 7799 7824 7834 7839 7843 7844 7850 7853 7860 7862 7882 7883 7895 7900 7951 7955 7970 7994 8016 8040 8041 8051 8054 8055 8058 8073 8094 8101 8104 8105 8109 8116 8125 8142 8155 8162 8180 8188 8202 8212 8238 8251 8260 8267 8295 8298 8306 8308 8314 8329 8332 8333 8334 8339 8344 8348 8358 8373 8379 8384 8389 8408 8439 8443 8444 8450 8451
96 258 441 559 600 780 825 827 833 845 897 1046 1047 1058 1137 1259 1351 1463 1485 1490 1614 1666 1681 1757 1781 1827 1840 1866 1886 1962 1988 2026 2073 2110 2196 2251 2369 2390 2401 2519 2546 2553 2554 2567 2621 2634 2637 2679 2722 2725 2730 2731 2757 2783 2801 2811 2824 2847 2854 2883 2893 2904 2913 3000 3003 3054 3126 3197 3199 3223 3252 3277 3329 3419 3430 3537 3618 3684 3765 3768 3857 3883 3908 3915 3974 3980 3991 4008 4032 4119 4126 4137 4166 4229 4256 4306 4325 4328 4344 4405 4435 4452 4468 4534 4540 4541 4579 4610 4682 4723 4725 4738 4769 4773 4777 4798 4890 4906 4934 4977 4987 4992 4993 5014 5076 5090 5109 5149 5164 5180 5224 5277 5303 5319 5377 5378 5394 5396 5506 5555 5565 5588 5595 5615 5625 5676 5682 5688 5734 5737 5780 5805 5812 5842 5865 5894 5904 5951 6013 6068 6085 6094 6133 6149 6218 6227 6233 6238 6247 6251 6256 6264 6320 6331 6341 6406 6409 6433 6436 6466 6485 6512 6547 6578 6588 6614 6618 6634 6655 6660 6695 6709 6722 6748 6766 6790 6852 6877 6893 6913 6924 6932 6934 6946 6968 6982 6998 7024 7033 7055 7075 7083 7111 7138 7164 7169 7183 7190 7191 7202 7203 7215 7223 7224 7230 7242 7253 7263 7301 7303 7309 7315 7356 7382 7401 7414 7442 7481 7503 7559 7592 7631 7669 7675 7682 7684 7698 7731 7764 7769 7803 7816 7834 7840 7841 7842 7858 7880 7895 7908 7938 7945 7988 8043 8049 8058 8062 8086 8087 8093 8105 8108 8131 8139 8151 8161 8165 8168 8177 8179 8185 8186 8197 8201 8233 8246 8262 8264 8265 8267 8297 8298 8303 8310 8313 8314 8325 8330 8331 8333 8336 8339 8340 8344 8356 8360 8362 8366 8375 8379 8385 8400 8414 8432
31 87 190 260 296 398 507 548 564 726 813 822 824 855 884 1030 1046 1097 1126 1137 1216 1329 1340 1359 1452 1478 1480 1487 1510 1557 1591 1606 1668 1716 1772 1777 1788 1805 1825 1886 1890 1892 1917 1921 2006 2054 2074 2195 2267 2270 2293 2385 2447 2488 2505 2546 2553 2560 2581 2614 2619 2622 2683 2724 2769 2774 2795 2809 2818 2839 2848 2998 3030 3066 3119 3123 3211 3252 3254 3257 3277 3362 3364 3382 3390 3414 3418 3447 3539 3618 3641 3649 3653 3667 3805 3810 3859 3912 3930 3964 3974 3979 3981 4022 4030 4076 4093 4109 4112 4123 4249 4255 4328 4330 4382 4402 4436 4521 4523 4540 4564 4577 4582 4609 4643 4660 4690 4696 4723 4739 4750 4777 4787 4795 4849 4929 4932 4955 4968 4980 4981 4989 4993 4999 5000 5045 5051 5063 5098 5113 5123 5157 5164 5170 5207 5223 5273 5298 5328 5348 5366 5367 5380 5381 5481 5510 5554 5570 5572 5591 5595 5610 5658 5673 5682 5766 5802 5863 5899 5944 5961 6044 6084 6103 6125 6129 6172 6186 6216 6219 6242 6244 6279 6286 6295 6312 6329 6337 6385 6396 6413 6427 6428 6483 6506 6571 6599 6603 6628 6638 6647 6670 6687 6691 6833 6842 6848 6870 6881 6889 6918 6927 6963 6976 6978 6998 7001 7008 7042 7052 7072 7116 7134 7151 7155 7167 7183 7193 7201 7208 7217 7220 7231 7235 7273 7275 7284 7289 7315 7328 7375 7404 7416 7434 7481 7500 7501 7505 7516 7532 7562 7590 7619 7667 7700 7701 7705 7721 7727 7731 7816 7823 7832 7841 7858 7861 7876 7879 7890 7928 7940 7967 7988 8000 8014 8036 8040 8050 8075 8088 8096 8099 8101 8104 8108 8110 8138 8149 8158 8160 8166 8169 8180 8183 8199 8200 8220 8223 8230 8237 8246 8250 8259 8283 8296 8297 8298 8309 8324 8328 8330 8337 8341 8374 8378 8379 8389 8394 8407 8420
13 138 155 237 374 496 564 783 795 813 842 1017 1019 1035 1065 1134 1159 1203 1245 1255 1315 1320 1344 1450 1533 1647 1667 1682 1718 1748 1788 1791 1799 1824 1840 1853 1878 1887 1945 1997 2038 2098 2130 2168 2171 2194 2195 2247 2260 2343 2346 2432 2457 2486 2531 2535 2608 2625 2657 2707 2763 2803 2816 2831 2847 2851 2978 2993 3002 3006 3030 3032 3055 3105 3185 3235 3257 3282 3380 3382 3404 3582 3617 3618 3691 3755 3767 3772 3790 3891 3945 3953 3957 3981 3989 4019 4106 4110 4111 4184 4267 4299 4316 4321 4341 4346 4372 4374 4384 4427 4433 4434 4498 4504 4524 4526 4553 4580 4607 4646 4667 4685 4697 4727 4765 4773 4815 4857 4902 4928 4940 4957 4964 4967 4974 4992 5025 5043 5050 5060 5076 5131 5138 5152 5190 5210 5225 5271 5297 5339 5356 5376 5442 5449 5467 5501 5540 5545 5551 5564 5570 5608 5628 5653 5672 5678 5713 5729 5742 5757 5760 5780 5787 5801 5843 5845 5857 5868 5882 5896 5928 6022 6035 6067 6077 6080 6108 6127 6208 6222 6226 6240 6257 6268 6269 6311 6399 6423 6436 6449 6459 6477 6506 6535 6536 6556 6595 6618 6621 6634 6643 6666 6673 6679 6687 6690 6793 6831 6841 6842 6847 6853 6885 6895 6907 6924 6948 6956 6975 7005 7010 7040 7060 7099 7108 7131 7146 7150 7158 7182 7216 7223 7234 7235 7247 7260 7283 7295 7312 7323 7324 7358 7427 7428 7452 7469 7495 7497 7498 7537 7538 7547 7574 7611 7619 7634 7640 7657 7683 7700 7701 7727 7766 7813 7815 7816 7827 7828 7831 7838 7839 7856 7857 7876 7913 7919 7923 7944 7949 7977 8035 8036 8045 8064 8069 8088 8089 8093 8096 8097 8099 8107 8114 8125 8145 8148 8163 8166 8177 8181 8196 8217 8224 8246 8252 8270 8275 8280 8297 8306 8314 8325 8328 8336 8338 8372 8376 8381 8405
26 59 143 197 240 493 697 709 715 733 796 805 814 841 925 983 998 999 1020 1058 1062 1203 1245 1264 1443 1447 1509 1543 1584 1665 1730 1732 1769 1776 1789 1791 1822 1823 1840 1857 1861 1912 1978 1990 2076 2129 2140 2148 2164 2203 2268 2274 2316 2413 2449 2489 2581 2603 2644 2754 2759 2797 2805 2815 2826 2891 2910 2925 2960 2963 2983 3033 3096 3098 3122 3130 3200 3244 3261 3320 3371 3376 3493 3499 3584 3606 3702 3716 3721 3739 3763 3780 3840 3944 3953 4008 4025 4083 4098 4177 4215 4246 4292 4305 4322 4373 4416 4425 4496 4505 4539 4548 4593 4620 4676 4688 4726 4749 4812 4896 4903 4914 4936 4955 4967 4974 5023 5033 5036 5070 5103 5142 5168 5208 5248 5279 5306 5314 5355 5361 5406 5498 5508 5526 5559 5561 5603 5621 5645 5649 5669 5718 5735 5750 5784 5865 5874 5890 5903 5995 6011 6038 6077 6112 6130 6165 6207 6214 6216 6247 6258 6341 6378 6390 6402 6436 6457 6461 6478 6493 6514 6584 6608 6619 6630 6639 6640 6687 6760 6786 6830 6831 6839 6842 6850 6860 6862 6868 6878 6879 6890 6944 6954 6955 6960 6963 6967 6986 7003 7037 7038 7053 7129 7132 7143 7150 7159 7176 7178 7181 7189 7190 7211 7224 7229 7245 7260 7271 7302 7306 7314 7331 7350 7357 7404 7424 7429 7443 7483 7493 7514 7534 7536 7543 7553 7567 7607 7620 7655 7662 7677 7689 7691 7708 7709 7764 7777 7789 7797 7816 7827 7836 7838 7849 7853 7856 7873 7875 7899 7909 7914 7925 7963 7996 8000 8013 8021 8024 8028 8044 8059 8062 8070 8072 8083 8092 8097 8098 8099 8140 8142 8143 8155 8161 8181 8202 8234 8245 8249 8251 8273 8274 8293 8295 8300 8306 8311 8318 8323 8327 8329 8335 8372
131 350 468 601 610 638 659 695 712 747 781 784 825 973 999 1019 1084 1172 1182 1210 1263 1439 1501 1558 1591 1658 1745 1754 1776 1782 1831 1835 1848 1944 1951 1958 1970 2050 2128 2143 2156 2254 2370 2393 2431 2449 2457 2461 2478 2495 2565 2606 2735 2740 2744 2758 2764 2799 2803 2824 2890 2894 2950 3042 3092 3097 3118 3127 3181 3237 3243 3292 3300 3358 3367 3470 3483 3566 3593 3609 3675 3684 3748 3755 3821 3944 3972 4002 4054 4076 4080 4091 4095 4170 4191 4231 4254 4256 4298 4303 4344 4407 4418 4465 4472 4488 4589 4592 4624 4657 4662 4667 4681 4692 4702 4709 4719 4722 4726 4728 4748 4782 4802 4805 4812 4828 4889 4919 4928 4952 4969 4987 5004 5011 5020 5083 5100 5122 5153 5201 5225 5237 5246 5270 5272 5275 5286 5304 5320 5355 5377 5391 5435 5491 5538 5549 5554 5582 5596 5618 5660 5669 5704 5716 5721 5731 5778 5817 5863 5870 5877 5879 5902 5976 5994 6000 6023 6035 6076 6109 6180 6199 6208 6213 6216 6269 6369 6385 6412 6423 6428 6443 6470 6473 6476 6513 6518 6528 6552 6559 6562 6570 6594 6617 6629 6663 6666 6673 6685 6749 6750 6798 6828 6840 6844 6867 6868 6877 6884 6908 6909 6951 6954 6956 6959 6962 6983 7036 7119 7120 7147 7150 7155 7165 7180 7181 7182 7189 7192 7198 7206 7207 7212 7221 7235 7245 7283 7301 7303 7313 7315 7318 7355 7356 7389 7391 7402 7416 7429 7465 7480 7482 7491 7505 7525 7543 7547 7565 7574 7597 7613 7646 7654 7659 7666 7684 7686 7702 7730 7774 7780 7797 7809 7810 7827 7834 7835 7839 7848 7867 7874 7895 7906 7908 7913 7946 7947 8009 8010 8017 8035 8036 8038 8053 8058 8076 8084 8091 8114 8120 8124 8125 8141 8142 8146 8155 8160 8169 8181 8197 8224 8225 8240 8241 8247 8277 8293 8294 8295 8296 8302 8319 8327 8329 8331 8365 8371
56 116 424 467 552 624 625 643 709 721 739 769 804 807 928 933 963 1144 1162 1194 1229 1363 1373 1382 1387 1391 1429 1432 1467 1477 1479 1504 1549 1558 1588 1608 1622 1632 1636 1640 1709 1738 1745 1829 1832 1906 1916 1958 2110 2126 2129 2238 2287 2331 2353 2365 2408 2431 2448 2557 2572 2591 2634 2718 2734 2738 2759 2772 2775 2834 2905 2941 2981 3001 3037 3077 3105 3127 3210 3225 3228 3277 3294 3318 3445 3576 3577 3651 3652 3672 3701 3723 3724 3745 3817 3915 3936 3944 3964 3994 4031 4045 4071 4139 4157 4163 4179 4225 4248 4281 4310 4339 4367 4376 4386 4471 4517 4556 4562 4587 4619 4640 4680 4710 4718 4762 4797 4878 4882 4896 4909 4925 4944 4963 4994 5001 5009 5068 5098 5129 5187 5212 5226 5233 5283 5285 5297 5371 5444 5477 5482 5484 5493 5531 5546 5552 5580 5596 5616 5651 5668 5686 5697 5703 5737 5850 5863 5874 5880 5894 5896 5975 5987 5997 6033 6081 6095 6126 6133 6148 6178 6182 6193 6214 6236 6320 6342 6364 6385 6405 6407 6413 6417 6439 6460 6469 6472 6513 6548 6567 6574 6580 6618 6661 6670 6706 6710 6742 6799 6823 6843 6856 6867 6876 6878 6883 6912 6939 6960 7036 7040 7042 7091 7103 7115 7134 7143 7146 7148 7149 7159 7163 7177 7191 7198 7208 7234 7281 7283 7291 7297 7336 7351 7390 7400 7416 7440 7461 7479 7491 7546 7554 7587 7595 7597 7638 7644 7673 7682 7693 7733 7753 7757 7809 7822 7823 7827 7837 7847 7850 7889 7903 7904 7912 8004 8008 8018 8048 8062 8075 8085 8108 8110 8116 8118 8133 8153 8154 8158 8168 8181 8194 8209 8224 8225 8236 8257 8278 8284 8288 8289 8295 8297 8305 8306 8314 8323 8327 8339 8348
109 194 396 451 548 623 639 698 719 762 778 884 891 947 956 963 1110 1293 1314 1339 1366 1371 1373 1429 1508 1587 1631 1679 1701 1726 1731 1762 1799 1804 1862 1885 1916 1954 2046 2067 2095 2099 2120 2172 2186 2221 2250 2315 2423 2545 2551 2604 2656 2659 2697 2726 2727 2749 2753 2766 2772 2839 2858 2912 2962 3018 3026 3046 3075 3137 3213 3249 3256 3259 3283 3287 3310 3416 3502 3505 3571 3600 3630 3658 3686 3722 3733 3839 3896 3911 3917 3920 3921 3922 3937 3993 4017 4130 4153 4186 4228 4245 4248 4282 4347 4366 4468 4493 4551 4556 4613 4640 4644 4676 4705 4754 4797 4867 4869 4879 4893 4895 4904 4923 4932 4986 4994 5030 5063 5093 5148 5170 5185 5202 5240 5268 5271 5288 5312 5359 5369 5412 5443 5463 5467 5524 5544 5548 5568 5594 5610 5665 5687 5731 5824 5827 5829 5853 5900 5955 5977 5986 6005 6031 6095 6101 6106 6173 6178 6186 6204 6213 6319 6344 6353 6354 6362 6366 6369 6385 6394 6396 6400 6404 6406 6432 6435 6448 6465 6467 6538 6546 6554 6559 6571 6572 6574 6633 6665 6708 6737 6790 6818 6840 6847 6851 6859 6870 6878 6899 6908 6913 6936 6939 6957 7022 7030 7032 7068 7094 7112 7125 7131 7145 7146 7147 7156 7162 7163 7182 7194 7201 7216 7219 7224 7227 7260 7268 7344 7370 7390 7408 7411 7412 7414 7431 7443 7471 7473 7475 7483 7545 7629 7637 7639 7642 7671 7678 7751 7755 7757 7785 7806 7822 7824 7837 7843 7862 7890 7891 7910 8003 8004 8007 8015 8039 8046 8050 8059 8074 8082 8090 8109 8130 8150 8151 8157 8167 8193 8199 8222 8224 8230 8247 8255 8275 8279 8282 8291 8306 8307 8308 8313 8326 8327 8343 8345
81 101 380 408 410 414 471 499 675 697 707 717 777 788 853 900 930 946 957 1020 1105 1244 1265 1287 1307 1366 1372 1393 1413 1422 1427 1501 1523 1547 1643 1692 1708 1711 1790 1831 1836 1890 1934 2020 2027 2084 2109 2138 2193 2309 2354 2395 2519 2531 2577 2608 2631 2659 2695 2696 2723 2752 2753 2769 2779 2926 3006 3013 3020 3030 3046 3088 3168 3186 3196 3198 3204 3216 3327 3412 3496 3555 3560 3595 3602 3638 3646 3712 3719 3893 3904 3920 3921 3929 3944 3965 3974 4012 4124 4141 4152 4171 4212 4226 4234 4236 4239 4262 4268 4313 4330 4337 4463 4468 4548 4578 4598 4637 4664 4704 4729 4748 4785 4857 4865 4896 4902 4918 4919 4922 4928 4953 4954 4962 4998 5011 5086 5089 5112 5167 5169 5184 5213 5218 5236 5288 5330 5360 5405 5424 5426 5455 5481 5490 5500 5519 5538 5545 5552 5553 5557 5582 5622 5629 5655 5660 5663 5706 5757 5787 5806 5819 5849 5963 5973 5975 5984 5988 5993 6000 6012 6056 6071 6092 6105 6154 6173 6176 6237 6354 6359 6416 6440 6452 6461 6497 6530 6544 6549 6557 6566 6571 6628 6655 6680 6691 6692 6700 6789 6790 6813 6831 6833 6864 6865 6868 6917 6932 6933 6955 7010 7024 7025 7027 7032 7072 7099 7110 7117 7120 7123 7146 7154 7162 7165 7178 7188 7189 7231 7248 7258 7323 7383 7390 7392 7414 7469 7470 7493 7515 7536 7549 7578 7618 7627 7630 7668 7687 7714 7753 7784 7787 7791 7806 7815 7822 7827 7834 7837 7840 7847 7867 7887 7891 7899 7906 8003 8004 8025 8031 8035 8041 8056 8081 8090 8095 8098 8116 8126 8127 8131 8146 8148 8162 8177 8181 8183 8222 8264 8266 8271 8278 8290 8301 8325 8327
95 334 362 384 406 433 470 476 519 625 658 715 768 837 900 1058 1097 1101 1102 1142 1173 1181 1235 1248 1282 1353 1357 1397 1418 1477 1506 1546 1569 1637 1652 1689 1696 1706 1730 1776 1782 1789 1882 1891 1915 1916 1929 1997 2013 2049 2058 2104 2126 2249 2326 2371 2386 2390 2442 2486 2530 2531 2558 2573 2656 2659 2668 2709 2748 2772 2795 2952 2968 3010 3019 3023 3055 3084 3089 3106 3130 3146 3173 3184 3296 3435 3445 3482 3491 3588 3618 3627 3689 3716 3858 3881 3886 3918 3928 3960 3962 3980 4018 4123 4180 4212 4223 4237 4261 4291 4334 4361 4418 4423 4441 4443 4467 4503 4547 4578 4627 4650 4690 4691 4708 4712 4721 4752 4789 4809 4813 4840 4888 4890 4900 4909 4938 4945 4986 5007 5067 5108 5145 5180 5183 5199 5203 5211 5234 5267 5325 5337 5340 5423 5426 5430 5433 5458 5493 5538 5552 5558 5571 5591 5631 5633 5650 5680 5748 5757 5786 5806 5824 5842 5944 5967 5980 5996 6050 6142 6148 6162 6165 6168 6230 6254 6268 6352 6415 6416 6421 6433 6452 6461 6484 6519 6544 6545 6551 6566 6596 6618 6619 6625 6677 6682 6684 6685 6734 6762 6763 6770 6826 6833 6845 6854 6858 6863 6867 6887 6930 6953 6980 6986 6999 7022 7024 7026 7046 7051 7093 7101 7117 7129 7138 7145 7151 7157 7159 7162 7170 7175 7176 7177 7193 7196 7241 7248 7255 7262 7308 7369 7376 7409 7438 7454 7459 7468 7485 7522 7525 7590 7597 7598 7624 7641 7658 7680 7713 7732 7759 7770 7782 7784 7797 7805 7806 7814 7825 7835 7839 7882 7926 7986 7988 7994 7999 8003 8004 8037 8052 8059 8073 8081 8083 8084 8090 8098 8100 8104 8125 8137 8146 8173 8175 8186 8195 8198 8208 8222 8249 8260 8265 8272 8274 8287 8289 8295 8303 8313 8318 8322
66 69 228 232 249 345 380 493 565 585 606 649 657 685 760 764 781 824 828 894 898 967 1075 1111 1118 1180 1231 1326 1351 1372 1413 1443 1458 1498 1501 1574 1616 1636 1733 1762 1836 1861 1915 1987 1996 2010 2028 2089 2110 2122 2217 2302 2339 2460 2471 2494 2551 2554 2595 2651 2662 2666 2667 2671 2703 2739 2771 2884 2925 2953 2968 2974 3008 3055 3058 3121 3125 3265 3348 3427 3436 3512 3588 3607 3622 3678 3694 3739 3763 3843 3872 3916 3945 3958 4060 4115 4203 4204 4210 4231 4404 4408 4419 4427 4441 4454 4458 4484 4542 4616 4625 4626 4644 4686 4706 4738 4764 4792 4806 4821 4833 4840 4876 4888 4897 4935 4975 5020 5024 5056 5139 5168 5180 5197 5211 5292 5318 5391 5398 5408 5444 5445 5474 5484 5504 5508 5521 5528 5531 5539 5542 5565 5628 5631 5634 5638 5648 5732 5750 5785 5797 5802 5841 5881 5931 5935 5952 5988 5992 6034 6091 6102 6106 6155 6160 6167 6208 6225 6242 6275 6298 6313 6339 6412 6415 6451 6461 6507 6510 6537 6545 6567 6606 6614 6617 6657 6682 6697 6735 6756 6763 6788 6824 6834 6841 6844 6854 6858 6859 6860 6891 6892 6899 6914 6920 6928 6953 6982 6986 6987 7016 7019 7026 7078 7080 7097 7113 7117 7124 7136 7139 7144 7159 7171 7172 7173 7191 7219 7245 7283 7285 7353 7364 7370 7373 7403 7447 7456 7461 7466 7468 7506 7530 7597 7626 7643 7668 7672 7697 7703 7709 7713 7745 7756 7765 7775 7791 7795 7805 7806 7820 7835 7870 7910 7940 7964 7994 7998 8019 8027 8028 8043 8072 8078 8081 8083 8091 8111 8126 8144 8161 8167 8170 8182 8190 8207 8234 8248 8249 8260 8261 8269 8272 8283 8287 8289 8302 8304 8315 8319
32 39 157 210 227 325 327 353 466 541 632 636 647 692 694 702 723 800 825 864 865 867 921 982 1007 1119 1134 1157 1278 1306 1331 1357 1393 1447 1448 1484 1594 1619 1622 1675 1744 1789 1811 1822 1936 1977 1979 2008 2012 2025 2075 2174 2270 2292 2294 2368 2445 2471 2493 2507 2546 2567 2600 2651 2657 2671 2702 2759 2789 2911 2929 2937 2955 2968 2976 2995 3032 3040 3056 3070 3082 3114 3119 3202 3269 3390 3416 3529 3543 3570 3614 3662 3668 3737 3811 3846 3868 3878 3880 3894 3909 3925 3927 3942 4050 4053 4067 4070 4078 4115 4157 4178 4222 4328 4334 4353 4400 4415 4438 4483 4538 4583 4601 4618 4620 4621 4625 4632 4662 4698 4723 4736 4792 4821 4825 4861 4879 4883 4887 4892 4903 5018 5020 5054 5058 5125 5128 5161 5175 5208 5276 5292 5309 5316 5367 5395 5425 5467 5491 5502 5506 5515 5547 5597 5610 5613 5619 5715 5750 5754 5789 5813 5836 5885 5905 5914 5918 5929 5936 5985 6001 6019 6078 6150 6151 6156 6161 6165 6225 6273 6331 6334 6371 6397 6402 6410 6411 6446 6450 6486 6507 6536 6545 6586 6611 6640 6676 6731 6744 6774 6800 6818 6829 6833 6839 6854 6859 6875 6908 6939 6949 6970 6995 7012 7018 7030 7049 7050 7097 7101 7102 7114 7121 7136 7137 7143 7159 7165 7202 7208 7221 7246 7254 7257 7322 7323 7342 7361 7372 7377 7401 7409 7417 7429 7449 7452 7458 7463 7465 7466 7480 7506 7552 7586 7617 7620 7633 7638 7642 7676 7707 7715 7722 7729 7763 7765 7772 7795 7798 7805 7811 7836 7849 7869 7874 7886 7912 7930 7942 7954 7976 7994 8016 8020 8023 8024 8042 8047 8054 8068 8077 8079 8089 8103 8124 8140 8141 8142 8167 8188 8231 8246 8260 8265 8273 8281 8287 8289 8301 8312 8315
25 125 163 195 227 303 526 530 552 593 594 646 709 816 820 830 864 921 950 967 973 1006 1007 1012 1051 1225 1250 1299 1326 1386 1446 1587 1591 1618 1626 1739 1767 1809 1886 1954 1961 1985 2008 2019 2064 2075 2117 2133 2261 2352 2385 2421 2443 2503 2563 2573 2601 2644 2651 2695 2741 2925 2976 3027 3030 3070 3098 3156 3237 3375 3434 3501 3513 3541 3571 3578 3602 3618 3628 3659 3663 3753 3788 3820 3838 3858 3868 3870 3892 3919 3948 3959 4032 4042 4138 4176 4248 4277 4328 4351 4400 4426 4451 4462 4490 4513 4578 4608 4617 4632 4687 4710 4711 4737 4743 4750 4792 4812 4850 4861 4867 4875 4888 4894 4930 4939 4962 4994 5035 5121 5129 5140 5161 5178 5185 5204 5206 5238 5250 5267 5318 5326 5372 5395 5396 5421 5471 5488 5498 5509 5518 5547 5605 5656 5715 5750 5768 5787 5793 5795 5810 5845 5905 5913 5914 5936 5976 5986 6046 6049 6057 6058 6088 6119 6137 6140 6142 6147 6154 6197 6216 6220 6221 6267 6272 6280 6332 6373 6381 6392 6400 6401 6436 6479 6485 6503 6516 6527 6530 6576 6586 6591 6611 6624 6638 6651 6660 6680 6725 6730 6793 6808 6810 6829 6839 6852 6855 6857 6867 6882 6902 6939 6960 6962 6968 7005 7017 7021 7048 7093 7097 7106 7125 7135 7141 7142 7144 7156 7177 7198 7199 7237 7239 7320 7337 7352 7356 7357 7367 7406 7449 7455 7462 7495 7527 7577 7586 7599 7607 7621 7705 7710 7731 7749 7791 7803 7805 7829 7854 7861 7865 7903 7916 7920 7976 7993 7994 8018 8022 8023 8034 8042 8072 8074 8075 8076 8078 8083 8084 8103 8119 8134 8154 8163 8164 8183 8188 8194 8211 8227 8246 8259 8263 8267 8272 8282 8301 8312
118 141 172 175 288 445 518 531 541 573 578 587 670 725 752 828 859 878 947 971 998 1141 1157 1200 1298 1384 1405 1439 1506 1557 1575 1586 1590 1593 1595 1618 1667 1725 1737 1770 1852 1948 1958 1966 1985 2054 2066 2247 2254 2260 2322 2381 2393 2422 2441 2483 2484 2498 2499 2559 2592 2640 2649 2688 2697 2754 2800 2840 2955 2970 2976 3013 3063 3066 3346 3479 3540 3572 3626 3736 3752 3772 3815 3822 3858 3870 3873 3885 3889 4011 4028 4029 4127 4133 4149 4156 4168 4253 4324 4341 4391 4407 4417 4470 4509 4514 4575 4577 4586 4596 4599 4614 4627 4628 4660 4703 4708 4755 4796 4830 4836 4848 4860 4882 4889 4896 4949 4981 5086 5109 5116 5135 5146 5156 5181 5194 5209 5250 5321 5354 5364 5376 5413 5477 5482 5488 5507 5540 5549 5650 5715 5738 5744 5814 5854 5901 5914 5935 5972 6021 6051 6078 6097 6126 6132 6135 6151 6217 6227 6250 6268 6272 6319 6320 6335 6351 6354 6355 6361 6389 6428 6434 6451 6460 6476 6479 6500 6520 6527 6569 6577 6631 6636 6644 6652 6725 6758 6792 6802 6803 6809 6819 6828 6835 6836 6846 6847 6855 6885 6889 6924 6953 6954 6961 6992 7000 7014 7015 7024 7062 7091 7098 7103 7105 7111 7118 7122 7130 7139 7144 7150 7153 7156 7183 7186 7210 7224 7304 7333 7342 7356 7366 7385 7392 7423 7435 7453 7455 7456 7459 7470 7499 7561 7570 7571 7592 7596 7597 7610 7687 7692 7703 7718 7731 7776 7777 7788 7791 7795 7802 7808 7814 7815 7839 7858 7866 7917 7942 7943 7962 7992 8011 8018 8033 8050 8053 8056 8071 8078 8079 8090 8094 8096 8099 8110 8120 8134 8149 8154 8155 8172 8201 8220 8245 8256 8266 8267 8272 8274 8275 8292 8294 8297 8311
129 153 228 259 383 510 520 526 549 557 586 630 633 824 835 867 904 933 962 968 1140 1156 1263 1294 1356 1381 1404 1405 1422 1462 1554 1566 1611 1661 1683 1723 1753 1871 1900 1915 1947 1973 1996 2011 2013 2061 2187 2246 2296 2359 2373 2384 2440 2460 2468 2485 2502 2537 2541 2548 2634 2636 2638 2678 2745 2879 2904 2973 3010 3017 3050 3064 3275 3315 3325 3393 3459 3511 3517 3540 3710 3758 3827 3829 3835 3862 3863 3882 3883 3970 4017 4099 4100 4150 4166 4331 4376 4381 4406 4407 4411 4447 4491 4515 4553 4577 4603 4616 4628 4663 4674 4689 4729 4735 4778 4792 4838 4842 4847 4853 4874 4879 4913 4944 4972 5000 5015 5085 5096 5113 5116 5126 5144 5169 5177 5193 5200 5236 5275 5337 5354 5367 5408 5472 5477 5483 5500 5524 5529 5551 5603 5608 5632 5698 5709 5715 5731 5733 5748 5837 5898 5899 5942 5997 6014 6063 6068 6078 6086 6118 6123 6126 6132 6135 6214 6223 6255 6257 6317 6335 6349 6380 6420 6421 6434 6468 6478 6490 6494 6504 6526 6549 6550 6605 6622 6627 6638 6699 6708 6710 6719 6765 6772 6789 6797 6812 6824 6835 6836 6840 6847 6852 6860 6866 6885 6954 6974 6982 6984 6993 7011 7076 7081 7086 7098 7101 7110 7111 7115 7116 7125 7126 7129 7131 7144 7150 7155 7221 7297 7299 7317 7321 7340 7363 7368 7377 7385 7392 7423 7434 7447 7449 7455 7460 7463 7473 7476 7560 7569 7578 7585 7658 7678 7684 7702 7712 7726 7743 7770 7774 7786 7787 7789 7794 7797 7800 7823 7828 7831 7838 7907 7927 7937 7938 7991 7992 7996 8006 8011 8013 8023 8026 8063 8066 8074 8089 8105 8115 8119 8122 8128 8131 8135 8147 8154 8161 8172 8180 8211 8243 8245 8247 8254 8255 8265 8267 8284 8291 8309
114 172 236 381 477 495 525 578 632 764 809 823 853 903 931 932 939 949 1082 1115 1260 1338 1344 1376 1377 1414 1448 1533 1538 1545 1549 1581 1608 1652 1676 1677 1699 1879 1900 1919 1945 1995 2006 2041 2057 2133 2159 2274 2339 2340 2440 2448 2470 2475 2519 2585 2629 2658 2662 2720 2750 2821 2829 2887 2894 2938 2955 2958 2964 2994 3032 3033 3169 3250 3290 3310 3335 3423 3477 3483 3528 3538 3548 3694 3714 3744 3769 3797 3809 3832 3834 3855 3876 3880 3916 3943 3991 4060 4080 4093 4150 4184 4218 4232 4308 4334 4360 4364 4370 4390 4401 4413 4434 4461 4464 4474 4492 4494 4561 4563 4572 4596 4625 4671 4676 4718 4797 4818 4845 4847 4850 4853 4856 4861 4889 4904 4932 4972 4981 5069 5086 5092 5122 5139 5167 5168 5201 5243 5263 5281 5314 5340 5344 5356 5364 5401 5410 5433 5473 5481 5483 5505 5506 5509 5515 5522 5563 5698 5700 5708 5711 5738 5810 5829 5837 5840 5880 5891 5896 5897 5898 5920 5945 5961 5967 6040 6075 6084 6108 6126 6145 6198 6203 6208 6217 6242 6317 6325 6377 6396 6404 6413 6456 6464 6465 6481 6490 6499 6514 6515 6520 6526 6532 6603 6612 6618 6693 6706 6760 6768 6785 6794 6818 6831 6835 6846 6849 6863 6915 6964 6989 6992 6993 7007 7039 7047 7072 7075 7089 7090 7091 7101 7109 7121 7125 7126 7133 7137 7139 7146 7150 7207 7249 7288 7297 7301 7306 7315 7329 7340 7354 7365 7376 7414 7433 7436 7439 7460 7475 7510 7540 7553 7557 7559 7560 7573 7583 7658 7666 7669 7676 7699 7708 7732 7741 7772 7779 7782 7794 7812 7817 7835 7861 7921 7923 7928 7991 8001 8003 8006 8023 8056 8057 8061 8077 8103 8111 8122 8127 8142 8152 8162 8202 8216 8218 8220 8227 8245 8247 8255 8263 8266 8282 8290
9 100 109 117 176 369 440 465 495 617 793 810 863 895 934 1014 1029 1146 1211 1222 1242 1259 1321 1322 1323 1393 1409 1438 1439 1529 1543 1647 1809 1814 1863 1873 1943 1958 1986 1990 2015 2041 2097 2151 2258 2290 2315 2352 2417 2424 2461 2462 2468 2606 2620 2628 2638 2644 2668 2724 2771 2833 2912 2936 2937 2942 2962 2973 3111 3113 3125 3134 3179 3186 3222 3291 3351 3475 3496 3509 3523 3526 3606 3681 3687 3732 3766 3797 3831 3833 3847 3871 3914 3938 3943 4054 4075 4097 4130 4145 4212 4252 4304 4359 4380 4390 4428 4435 4463 4476 4496 4512 4519 4540 4560 4564 4565 4567 4625 4673 4675 4714 4742 4786 4805 4813 4833 4847 4848 4852 4866 4957 4973 5020 5085 5086 5117 5136 5139 5154 5155 5195 5248 5285 5317 5324 5339 5387 5409 5445 5473 5477 5502 5514 5625 5691 5693 5704 5711 5776 5799 5808 5825 5830 5836 5849 5887 5891 5900 5965 6023 6033 6037 6062 6084 6121 6128 6187 6199 6227 6240 6266 6308 6375 6399 6402 6405 6410 6432 6451 6461 6462 6465 6473 6506 6514 6560 6585 6612 6650 6702 6718 6724 6731 6784 6792 6793 6818 6830 6834 6844 6849 6903 6943 6944 6980 6981 6983 7004 7005 7010 7036 7050 7064 7089 7108 7109 7122 7127 7137 7141 7143 7177 7192 7209 7284 7293 7305 7331 7344 7346 7353 7390 7410 7422 7429 7433 7437 7438 7453 7492 7536 7544 7573 7579 7582 7598 7651 7660 7662 7664 7671 7674 7689 7693 7702 7740 7745 7771 7778 7790 7792 7807 7808 7816 7895 7907 7973 7987 7988 8000 8004 8010 8012 8016 8021 8040 8052 8061 8072 8079 8103 8109 8118 8124 8125 8155 8157 8193 8199 8213 8216 8223 8238 8242 8244 8248 8257 8259 8263 8265 8266 8271 8276 8279
72 94 185 247 378 396 451 457 473 482 494 545 563 656 738 788 790 804 894 954 1081 1107 1204 1235 1244 1275 1305 1308 1326 1363 1416 1493 1510 1542 1645 1646 1657 1766 1844 1862 1869 1910 1952 1980 2013 2053 2061 2083 2086 2195 2254 2275 2295 2311 2369 2409 2414 2460 2535 2595 2599 2610 2620 2638 2662 2700 2817 2833 2842 2856 2898 2961 3107 3184 3297 3319 3343 3431 3506 3511 3660 3680 3705 3713 3749 3750 3758 3821 3825 3831 3844 3867 3899 3903 3929 3941 4042 4059 4108 4128 4203 4252 4275 4289 4320 4336 4359 4382 4401 4417 4431 4454 4470 4477 4493 4541 4557 4560 4619 4672 4732 4756 4811 4818 4821 4829 4843 4851 4857 4883 4884 5019 5070 5079 5081 5105 5118 5182 5186 5236 5271 5312 5313 5318 5320 5337 5394 5445 5461 5473 5476 5485 5489 5618 5644 5649 5667 5673 5677 5693 5771 5788 5793 5815 5863 5878 5880 5921 5924 5964 6010 6023 6040 6071 6078 6083 6087 6182 6186 6211 6214 6232 6299 6306 6311 6358 6360 6374 6396 6427 6436 6464 6481 6501 6503 6515 6595 6612 6619 6635 6643 6675 6711 6718 6732 6736 6764 6783 6791 6802 6808 6821 6828 6834 6880 6909 6936 6975 6992 7004 7008 7030 7031 7034 7046 7083 7086 7087 7096 7107 7131 7136 7160 7235 7252 7256 7298 7302 7325 7348 7390 7406 7407 7410 7418 7433 7438 7475 7528 7531 7544 7568 7579 7589 7644 7658 7660 7664 7687 7697 7720 7736 7750 7778 7792 7804 7805 7876 7902 7932 7964 7980 7981 7987 7998 8005 8008 8011 8018 8030 8036 8038 8047 8059 8069 8071 8072 8077 8089 8093 8115 8121 8156 8185 8198 8223 8227 8229 8230 8231 8239 8247 8248 8260 8274 8276 8279
39 48 169 192 240 296 347 349 399 475 492 521 532 635 697 710 746 761 763 784 892 948 1090 1193 1221 1234 1244 1250 1279 1327 1396 1474 1492 1508 1536 1543 1622 1752 1774 1804 1838 1852 1891 1935 1973 2013 2056 2113 2196 2241 2273 2287 2290 2322 2374 2403 2419 2433 2448 2470 2478 2535 2567 2583 2604 2614 2640 2658 2773 2803 2831 2885 2912 2943 2955 2994 2997 3033 3183 3259 3310 3383 3441 3498 3506 3636 3656 3693 3701 3772 3778 3817 3828 3834 3860 3888 3900 3928 4022 4036 4039 4082 4084 4102 4123 4155 4175 4186 4229 4283 4302 4311 4334 4339 4350 4354 4357 4373 4381 4413 4522 4526 4551 4565 4598 4611 4667 4687 4744 4753 4791 4810 4814 4817 4838 4841 4850 4855 4857 4871 4893 5061 5065 5067 5076 5096 5180 5184 5234 5302 5323 5337 5347 5405 5461 5471 5563 5577 5579 5620 5691 5770 5777 5836 5850 5874 5921 5936 5963 6001 6018 6036 6068 6074 6077 6078 6080 6175 6178 6188 6265 6283 6291 6320 6330 6350 6352 6353 6368 6370 6388 6405 6411 6435 6473 6484 6500 6574 6591 6630 6658 6674 6693 6710 6712 6764 6777 6780 6787 6794 6799 6809 6814 6821 6826 6860 6874 6891 6904 6953 6963 6971 6995 6997 7003 7011 7022 7031 7070 7073 7080 7096 7099 7101 7107 7130 7160 7175 7182 7248 7250 7268 7299 7322 7324 7336 7375 7376 7393 7406 7415 7436 7450 7513 7521 7525 7577 7588 7639 7660 7668 7672 7683 7685 7691 7716 7720 7729 7744 7768 7774 7778 7783 7794 7815 7845 7874 7892 7897 7956 7973 7974 7980 7985 7986 7987 7989 7991 8009 8017 8046 8049 8057 8064 8070 8079 8099 8120 8134 8141 8190 8197 8205 8223 8227 8231 8241 8254 8255 8260 8278
75 222 234 236 273 283 358 413 423 461 480 495 529 585 645 673 718 751 879 1099 1170 1211 1233 1250 1326 1385 1393 1417 1484 1500 1526 1551 1557 1659 1718 1724 1776 1828 1848 1910 1953 1981 1994 2025 2117 2182 2230 2272 2273 2350 2382 2437 2455 2538 2572 2589 2641 2755 2803 2811 2813 2827 2871 2908 2934 2941 2942 2952 3004 3128 3286 3289 3307 3333 3436 3448 3485 3608 3613 3617 3642 3649 3650 3694 3716 3764 3799 3810 3814 3819 3855 3860 3877 3879 3913 3914 3923 3935 4005 4006 4026 4055 4092 4099 4132 4139 4185 4243 4310 4334 4346 4356 4363 4369 4370 4473 4498 4526 4544 4568 4581 4648 4657 4663 4675 4751 4753 4758 4769 4799 4807 4817 4826 4840 4842 5059 5061 5068 5071 5091 5112 5160 5248 5278 5282 5296 5324 5339 5379 5443 5449 5451 5456 5465 5466 5539 5569 5585 5647 5689 5767 5787 5792 5821 5831 5832 5865 5874 5905 5928 5972 5996 6061 6067 6071 6110 6144 6158 6183 6197 6279 6280 6285 6315 6347 6349 6362 6366 6377 6403 6404 6432 6465 6469 6470 6476 6487 6490 6493 6496 6537 6565 6581 6624 6668 6687 6691 6749 6772 6774 6777 6791 6794 6795 6797 6812 6818 6822 6838 6845 6879 6897 6902 6940 6945 6947 6961 6993 7001 7002 7018 7022 7054 7072 7080 7090 7100 7104 7116 7126 7235 7236 7247 7257 7261 7281 7315 7326 7349 7387 7395 7397 7402 7404 7415 7421 7424 7430 7452 7512 7518 7573 7583 7610 7628 7639 7668 7672 7688 7694 7711 7723 7738 7762 7768 7778 7794 7859 7865 7883 7892 7914 7949 7953 7973 7974 7977 7979 7980 7981 7986 8002 8006 8019 8031 8044 8046 8050 8060 8078 8084 8096 8131 8189 8190 8194 8224 8227 8231 8234 8235 8259 8273 8277 8278
190 216 245 341 394 399 400 425 442 642 698 710 744 808 831 878 967 1046 1063 1130 1141 1166 1222 1246 1292 1302 1337 1379 1412 1462 1487 1489 1502 1520 1541 1577 1712 1819 1840 1870 1883 1899 1924 1928 1993 2004 2047 2060 2118 2154 2158 2210 2212 2215 2216 2235 2265 2323 2371 2377 2401 2408 2423 2443 2538 2568 2579 2742 2784 2786 2813 2865 2915 2937 2991 3063 3192 3273 3288 3326 3342 3365 3448 3607 3642 3643 3652 3659 3679 3684 3734 3741 3762 3790 3800 3808 3842 3876 3985 4008 4050 4080 4083 4091 4122 4137 4166 4208 4292 4303 4308 4309 4334 4345 4407 4426 4507 4522 4547 4571 4647 4658 4681 4744 4747 4774 4789 4793 4802 4817 4826 4977 5030 5042 5049 5051 5055 5123 5158 5294 5314 5318 5418 5434 5448 5463 5507 5568 5579 5609 5676 5719 5762 5786 5798 5826 5830 5874 5965 5978 5981 6038 6060 6079 6131 6146 6164 6174 6277 6316 6334 6343 6352 6357 6365 6388 6391 6399 6425 6433 6466 6486 6511 6524 6573 6618 6637 6666 6667 6724 6743 6757 6761 6767 6775 6776 6782 6793 6806 6817 6818 6821 6844 6847 6900 6905 6938 6948 6971 6987 7013 7014 7046 7049 7066 7071 7079 7080 7083 7096 7099 7102 7103 7106 7223 7224 7230 7234 7239 7292 7311 7330 7335 7343 7370 7395 7406 7418 7481 7483 7506 7509 7515 7528 7553 7614 7628 7635 7645 7670 7674 7677 7690 7719 7733 7746 7760 7765 7774 7775 7779 7781 7816 7842 7869 7911 7941 7951 7954 7959 7976 7978 7983 7984 7994 8000 8017 8022 8024 8028 8044 8054 8074 8092 8095 8130 8149 8152 8156 8184 8187 8197 8220 8225 8227 8228 8245 8269
57 177 201 217 238 317 373 415 470 637 647 667 687 697 708 814 817 819 873 876 979 994 1030 1068 1095 1110 1127 1218 1226 1228 1330 1343 1346 1351 1451 1482 1494 1530 1552 1695 1703 1795 1805 1839 1850 1863 1874 1886 1978 1987 2037 2050 2107 2171 2179 2181 2183 2184 2214 2236 2237 2345 2376 2398 2408 2413 2415 2417 2510 2554 2574 2590 2701 2713 2716 2729 2746 2767 2862 2902 2965 3204 3256 3281 3307 3431 3440 3455 3588 3599 3674 3689 3723 3772 3773 3781 3796 3808 3826 3827 3859 3962 3968 4000 4073 4089 4101 4108 4147 4179 4241 4274 4299 4300 4306 4312 4315 4316 4326 4342 4403 4406 4468 4486 4516 4567 4570 4641 4657 4682 4744 4773 4775 4784 4791 4808 4820 4863 5030 5036 5049 5122 5141 5148 5281 5291 5312 5367 5404 5410 5432 5445 5477 5535 5558 5566 5578 5607 5670 5717 5752 5754 5765 5770 5776 5815 5829 5849 5872 5905 5928 5941 5972 5990 5994 6009 6029 6043 6079 6131 6144 6235 6243 6257 6264 6272 6295 6304 6329 6331 6347 6354 6389 6408 6411 6459 6483 6496 6511 6571 6579 6628 6639 6662 6729 6737 6738 6747 6748 6760 6765 6766 6780 6785 6787 6788 6804 6814 6869 6892 6905 6910 6923 6930 6936 6945 6977 6981 6994 7001 7002 7024 7040 7062 7066 7068 7069 7070 7078 7083 7095 7101 7160 7192 7213 7214 7219 7226 7232 7270 7278 7301 7315 7322 7338 7351 7393 7395 7409 7413 7444 7474 7483 7491 7511 7518 7528 7596 7621 7626 7644 7672 7681 7698 7704 7738 7758 7764 7766 7771 7830 7855 7866 7886 7892 7938 7946 7950 7953 7964 7970 7973 7983 7987 7997 8000 8009 8032 8042 8053 8055 8056 8058 8080 8089 8094 8113 8124 8147 8166 8182 8183 8193 8212 8214 8220 8222 8226 8228 8237 8249 8257
11 85 129 200 291 370 415 438 477 559 584 627 667 699 730 803 815 926 969 995 1003 1063 1073 1206 1214 1321 1371 1425 1429 1461 1549 1572 1652 1654 1658 1697 1756 1761 1775 1815 1861 1959 1985 1991 2058 2176 2180 2181 2182 2228 2253 2254 2288 2325 2411 2446 2480 2489 2563 2564 2567 2581 2699 2705 2712 2741 2796 2827 2877 2897 2968 3152 3171 3188 3248 3290 3397 3433 3566 3571 3589 3621 3632 3698 3742 3771 3796 3806 3830 3918 3948 3989 4010 4040 4047 4072 4086 4089 4131 4139 4176 4230 4231 4263 4298 4299 4320 4347 4389 4397 4463 4478 4556 4559 4591 4624 4633 4649 4673 4712 4743 4765 4767 4787 4793 4805 5015 5025 5027 5033 5037 5048 5082 5114 5126 5215 5218 5259 5270 5301 5348 5395 5406 5434 5436 5437 5442 5497 5538 5548 5560 5645 5684 5716 5730 5753 5766 5784 5811 5814 5829 5902 5960 5962 5988 5989 6027 6057 6091 6125 6128 6133 6212 6234 6246 6283 6286 6294 6328 6332 6346 6366 6382 6383 6409 6447 6465 6474 6490 6497 6509 6555 6604 6633 6637 6642 6671 6701 6732 6737 6741 6743 6766 6774 6786 6789 6795 6814 6816 6841 6905 6910 6914 6964 6965 6968 6975 7001 7018 7045 7047 7054 7064 7066 7072 7085 7093 7113 7147 7162 7178 7194 7203 7205 7227 7236 7254 7258 7261 7262 7293 7299 7300 7310 7316 7380 7391 7424 7462 7464 7481 7484 7485 7487 7493 7501 7506 7545 7556 7598 7618 7620 7629 7632 7642 7652 7711 7713 7740 7749 7751 7753 7759 7766 7808 7835 7837 7860 7888 7924 7937 7945 7946 7956 7959 7977 7986 7996 8001 8019 8030 8043 8053 8064 8076 8086 8092 8126 8138 8175 8178 8181 8182 8192 8197 8217 8220 8226
69 192 194 204 216 313 356 365 417 569 576 624 634 644 686 729 765 770 800 813 919 920 971 1043 1067 1153 1202 1208 1274 1311 1320 1365 1394 1430 1431 1452 1515 1574 1617 1640 1643 1716 1736 1787 1839 1852 1872 1969 2125 2150 2151 2153 2159 2162 2196 2215 2238 2288 2295 2321 2327 2393 2482 2486 2505 2561 2668 2682 2696 2737 2749 2756 2812 2862 3087 3113 3199 3242 3285 3286 3427 3568 3569 3576 3589 3620 3654 3676 3757 3770 3780 3791 3792 3806 3858 3935 3974 3997 4045 4047 4069 4082 4091 4123 4167 4207 4250 4279 4293 4294 4301 4316 4379 4429 4443 4462 4468 4531 4580 4590 4615 4632 4654 4670 4685 4689 4705 4713 4787 4793 4805 4867 5006 5016 5024 5029 5049 5112 5125 5169 5192 5216 5249 5268 5275 5293 5340 5385 5388 5389 5411 5427 5433 5486 5495 5532 5680 5708 5715 5730 5750 5780 5801 5807 5825 5829 5844 5891 5907 5930 5938 5957 5983 5986 5989 6027 6036 6125 6163 6170 6232 6273 6280 6310 6319 6364 6376 6377 6443 6467 6469 6524 6531 6532 6589 6632 6704 6711 6730 6736 6741 6758 6760 6762 6773 6780 6785 6788 6795 6808 6811 6889 6893 6923 6934 6950 6953 6955 6968 6998 7007 7011 7028 7040 7060 7063 7067 7081 7083 7086 7091 7143 7157 7159 7190 7194 7221 7227 7244 7258 7289 7292 7302 7377 7387 7389 7400 7420 7454 7459 7467 7480 7487 7490 7514 7525 7532 7573 7597 7610 7613 7615 7628 7641 7646 7705 7733 7735 7759 7760 7785 7794 7803 7805 7830 7850 7858 7924 7934 7938 7953 7957 7964 7974 7993 7994 8016 8018 8022 8028 8052 8053 8058 8085 8115 8119 8121 8164 8165 8167 8180 8183 8187 8198 8201 8203 8220
50 156 162 192 201 256 272 276 289 357 503 621 625 636 668 694 708 722 753 756 763 866 880 952 1009 1044 1169 1182 1183 1195 1257 1285 1294 1305 1306 1342 1393 1412 1450 1515 1566 1598 1614 1622 1630 1716 1743 1780 1835 1846 1900 1910 1927 1940 2123 2142 2147 2227 2289 2304 2368 2391 2418 2448 2525 2537 2551 2645 2674 2676 2682 2711 2785 2817 2856 2950 3026 3144 3187 3208 3250 3277 3368 3402 3440 3525 3557 3566 3649 3659 3681 3725 3726 3755 3756 3771 3788 3790 3791 3792 3805 3837 3854 3905 3920 3992 4034 4040 4068 4075 4099 4132 4150 4176 4199 4274 4293 4315 4356 4435 4466 4521 4522 4553 4587 4588 4604 4631 4653 4667 4670 4700 4764 4769 4780 4781 4788 4870 4944 4959 4996 5008 5018 5019 5023 5037 5110 5149 5170 5180 5199 5213 5229 5241 5270 5283 5340 5374 5402 5409 5416 5418 5427 5436 5450 5480 5525 5528 5638 5680 5689 5699 5747 5797 5800 5812 5838 5866 5918 5921 5975 5988 6024 6042 6061 6089 6096 6119 6168 6226 6231 6235 6238 6251 6268 6277 6283 6289 6308 6315 6342 6351 6405 6411 6413 6420 6423 6428 6468 6493 6502 6555 6632 6669 6723 6725 6729 6736 6747 6750 6754 6756 6769 6781 6782 6805 6807 6860 6869 6884 6888 6916 6938 6940 6953 6974 6982 6987 6995 7003 7005 7038 7045 7052 7055 7062 7063 7077 7084 7091 7150 7158 7177 7189 7192 7202 7221 7228 7234 7267 7269 7291 7303 7308 7366 7371 7381 7387 7391 7432 7436 7437 7447 7449 7463 7475 7482 7521 7531 7554 7558 7559 7584 7587 7592 7602 7618 7621 7626 7704 7731 7747 7758 7804 7831 7844 7864 7875 7911 7930 7931 7932 7948 7951 7960 7969 7973 7976 7992 8018 8023 8024 8038 8048 8054 8056 8084 8089 8117 8122 8145 8161 8171 8178 8200 8220
40 47 136 147 174 186 211 269 308 328 345 484 607 631 634 653 685 702 757 765 833 872 892 976 984 1114 1145 1152 1159 1183 1209 1219 1246 1259 1266 1301 1335 1360 1404 1413 1457 1479 1520 1551 1599 1618 1619 1706 1750 1765 1895 1933 2074 2079 2109 2127 2213 2257 2277 2301 2347 2356 2396 2403 2431 2516 2545 2551 2620 2664 2672 2696 2733 2796 2824 2909 2910 2977 3012 3067 3103 3169 3179 3191 3204 3212 3257 3349 3373 3389 3459 3544 3549 3629 3636 3694 3714 3725 3755 3785 3805 3806 3814 3894 3976 4023 4040 4066 4095 4133 4158 4159 4260 4289 4303 4350 4400 4402 4406 4469 4494 4533 4542 4594 4609 4617 4656 4666 4670 4676 4707 4763 4771 4772 4779 4918 4925 4975 4980 4997 4999 5005 5016 5037 5103 5110 5123 5193 5194 5197 5212 5262 5273 5308 5358 5390 5406 5408 5416 5446 5510 5523 5556 5625 5664 5677 5687 5699 5787 5798 5816 5819 5833 5856 5907 5911 5948 5964 6022 6023 6081 6094 6203 6217 6220 6224 6230 6269 6274 6279 6283 6305 6344 6400 6412 6414 6417 6422 6447 6465 6492 6553 6602 6612 6620 6662 6670 6673 6715 6716 6727 6751 6756 6757 6771 6772 6803 6837 6851 6862 6882 6884 6888 6914 6929 6949 6972 6984 7000 7002 7017 7038 7040 7051 7058 7059 7063 7071 7080 7088 7089 7128 7177 7187 7200 7214 7217 7258 7263 7282 7291 7364 7368 7372 7376 7380 7403 7407 7440 7469 7471 7482 7513 7521 7535 7556 7572 7577 7579 7602 7603 7606 7704 7711 7722 7729 7731 7743 7746 7748 7754 7755 7765 7818 7839 7847 7909 7918 7927 7930 7931 7937 7959 7960 7973 7977 7983 7984 7990 7992 8003 8018 8021 8044 8045 8046 8075 8088 8111 8130 8143 8145 8154 8156 8169 8173 8178 8191 8194 8195 8202 8217 8219
47 64 87 90 152 250 257 388 450 525 604 618 645 656 677 748 760 860 865 942 957 974 980 1009 1124 1152 1174 1242 1259 1344 1356 1358 1375 1410 1523 1546 1557 1595 1692 1731 1745 1835 1923 2068 2072 2097 2109 2114 2136 2166 2200 2207 2227 2235 2255 2262 2336 2402 2492 2511 2512 2529 2599 2603 2663 2674 2688 2719 2738 2746 2966 2976 2986 3015 3093 3119 3167 3184 3193 3295 3304 3331 3349 3440 3477 3506 3531 3535 3540 3672 3718 3755 3764 3785 3788 3813 3838 3880 4000 4010 4019 4023 4031 4039 4041 4048 4104 4157 4159 4172 4204 4238 4247 4255 4286 4324 4343 4387 4466 4493 4498 4518 4541 4556 4604 4646 4650 4657 4661 4662 4674 4705 4721 4727 4754 4778 4920 4944 4995 4999 5013 5021 5051 5105 5106 5177 5201 5252 5259 5307 5336 5357 5367 5370 5387 5396 5415 5428 5489 5511 5559 5643 5644 5663 5665 5680 5692 5753 5767 5797 5852 5870 5884 5902 5945 5954 6009 6010 6021 6024 6063 6073 6083 6110 6191 6196 6201 6204 6213 6214 6243 6247 6271 6277 6298 6339 6355 6411 6445 6457 6462 6465 6519 6560 6563 6589 6619 6661 6663 6664 6710 6711 6715 6724 6726 6738 6746 6747 6753 6754 6789 6795 6817 6841 6862 6874 6883 6905 6940 6943 6969 6981 7002 7007 7009 7014 7025 7034 7041 7049 7061 7069 7110 7138 7150 7153 7191 7193 7238 7279 7287 7313 7342 7355 7362 7369 7371 7376 7386 7391 7409 7433 7452 7454 7471 7480 7485 7514 7519 7563 7574 7591 7596 7601 7605 7656 7673 7696 7707 7712 7719 7731 7737 7744 7788 7811 7907 7915 7924 7925 7930 7931 7934 7937 7947 7959 7975 7976 7988 7990 7996 7998 8012 8029 8042 8045 8054 8072 8085 8101 8106 8123 8127 8133 8153 8154 8159 8164 8169 8187 8194 8199 8203 8217 8218 8219
24 28 36 48 106 142 150 193 216 219 243 248 353 375 446 447 462 463 492 575 589 603 645 704 710 857 905 923 1098 1165 1221 1240 1343 1348 1389 1403 1408 1446 1474 1494 1510 1595 1622 1663 1668 1745 1815 1903 1993 2065 2081 2090 2094 2095 2096 2097 2102 2155 2210 2233 2239 2256 2295 2296 2364 2479 2489 2503 2583 2601 2641 2649 2652 2673 2691 2733 2889 2960 3043 3148 3158 3171 3273 3290 3308 3310 3436 3450 3458 3462 3512 3528 3640 3663 3670 3688 3711 3747 3756 3758 3776 3779 3810 3813 3827 3875 3953 3968 3982 4012 4027 4048 4101 4133 4134 4196 4206 4224 4276 4282 4283 4286 4315 4362 4367 4380 4450 4497 4541 4593 4624 4633 4637 4652 4699 4707 4709 4772 4900 4901 4937 4941 4965 4978 4989 5002 5010 5021 5039 5061 5081 5147 5167 5174 5233 5253 5264 5329 5335 5353 5377 5384 5411 5481 5532 5555 5628 5648 5678 5680 5691 5741 5761 5790 5841 5879 5915 5945 5956 5993 6000 6019 6025 6051 6060 6083 6189 6192 6211 6225 6234 6243 6275 6294 6298 6321 6326 6377 6395 6396 6430 6449 6465 6501 6538 6562 6582 6607 6627 6638 6644 6654 6685 6692 6697 6701 6704 6707 6708 6743 6746 6748 6768 6776 6836 6873 6879 6882 6887 6936 6942 6948 6957 6979 6991 6996 7002 7014 7017 7020 7041 7050 7054 7055 7061 7064 7118 7167 7175 7188 7223 7225 7257 7259 7269 7316 7321 7343 7353 7361 7362 7369 7375 7383 7385 7413 7418 7425 7453 7467 7504 7516 7539 7562 7568 7578 7580 7581 7591 7593 7600 7672 7696 7705 7707 7725 7732 7738 7783 7805 7900 7902 7914 7920 7925 7926 7931 7941 7954 7957 7963 7964 7971 7973 7974 7990 7994 7996 8007 8009 8025 8028 8041 8045 8051 8070 8081 8102 8104 8113 8125 8142 8152 8153 8164 8166 8186 8187 8193 8198 8199 8209 8216
12 41 105 112 160 275 310 377 501 564 582 607 675 680 703 761 854 922 945 1085 1126 1184 1193 1198 1205 1241 1273 1322 1342 1380 1444 1453 1496 1576 1579 1591 1597 1635 1696 1798 1827 1887 1982 2030 2034 2047 2068 2088 2096 2115 2194 2205 2227 2293 2303 2339 2416 2457 2460 2467 2562 2629 2639 2643 2644 2651 2703 2742 2811 2850 2865 2934 3027 3088 3096 3148 3161 3203 3226 3261 3268 3299 3439 3455 3478 3485 3505 3518 3576 3616 3647 3668 3729 3734 3742 3760 3810 3816 3822 3926 3963 3970 3989 4004 4005 4025 4069 4085 4091 4095 4121 4130 4189 4250 4259 4276 4280 4348 4399 4443 4450 4493 4495 4531 4536 4576 4577 4607 4623 4637 4638 4642 4644 4697 4742 4765 4799 4844 4887 4919 4934 4969 4983 4987 5000 5055 5060 5076 5126 5158 5205 5251 5303 5312 5335 5350 5376 5377 5379 5408 5438 5474 5580 5594 5619 5626 5632 5652 5716 5746 5749 5762 5766 5840 5870 5886 5908 5921 5927 5945 5979 6014 6188 6192 6196 6235 6242 6260 6275 6277 6280 6295 6304 6345 6394 6396 6440 6450 6469 6527 6537 6546 6589 6595 6597 6598 6638 6650 6675 6689 6692 6701 6738 6742 6747 6774 6805 6840 6857 6866 6884 6896 6929 6938 6942 6945 6981 6988 6995 7002 7012 7014 7034 7044 7045 7050 7054 7056 7116 7158 7166 7213 7223 7225 7253 7255 7293 7341 7344 7358 7366 7380 7383 7390 7391 7397 7438 7452 7469 7483 7494 7504 7514 7559 7560 7576 7580 7588 7591 7629 7669 7688 7700 7713 7728 7732 7778 7797 7831 7861 7870 7881 7885 7897 7900 7910 7917 7918 7920 7933 7934 7941 7949 7955 7957 7971 7977 8007 8009 8016 8018 8028 8043 8047 8059 8098 8118 8122 8138 8144 8153 8181 8186 8188 8193 8196 8212
10 31 97 145 170 191 262 350 374 408 419 503 520 533 539 630 641 693 728 825 850 903 918 1042 1060 1092 1184 1190 1213 1256 1266 1312 1317 1342 1361 1396 1456 1495 1564 1580 1627 1798 1940 1956 1969 2023 2030 2057 2062 2085 2161 2165 2187 2197 2228 2284 2301 2326 2436 2452 2453 2529 2582 2618 2625 2631 2638 2643 2721 2792 2824 2835 2879 2894 2960 3057 3058 3133 3144 3189 3232 3234 3305 3427 3456 3469 3494 3517 3574 3641 3645 3663 3668 3721 3729 3736 3755 3788 3811 3854 3944 3959 3963 3979 4055 4083 4089 4092 4173 4174 4182 4246 4254 4327 4328 4391 4426 4460 4518 4522 4604 4623 4650 4672 4717 4742 4810 4855 4887 4897 4916 4923 4932 4973 4984 5020 5036 5060 5110 5133 5155 5156 5177 5185 5188 5196 5298 5309 5328 5329 5349 5353 5361 5366 5371 5378 5388 5469 5504 5521 5526 5594 5602 5606 5616 5647 5658 5659 5673 5680 5713 5743 5828 5843 5927 5968 5988 6005 6006 6130 6154 6174 6184 6192 6193 6212 6228 6233 6266 6272 6282 6311 6322 6362 6378 6391 6392 6393 6433 6511 6535 6569 6571 6573 6590 6616 6619 6661 6666 6689 6693 6699 6702 6735 6737 6738 6742 6789 6814 6833 6843 6862 6877 6901 6905 6929 6932 6933 6965 6983 6995 7002 7004 7008 7027 7034 7036 7047 7050 7056 7103 7112 7115 7126 7131 7154 7168 7199 7228 7235 7241 7257 7272 7276 7288 7339 7344 7358 7365 7366 7367 7370 7389 7418 7444 7477 7551 7560 7574 7587 7591 7612 7616 7649 7671 7674 7693 7699 7707 7732 7753 7771 7793 7844 7876 7892 7908 7910 7914 7918 7919 7930 7934 7944 7945 7948 7953 7956 7968 7996 7997 8004 8008 8017 8026 8028 8031 8038 8049 8080 8087 8096 8137 8151 8154 8183 8184 8185 8191 8202 8203
3 31 43 54 134 163 255 264 328 342 387 461 476 534 537 637 656 668 761 802 817 827 902 918 1020 1038 1049 1089 1152 1167 1172 1226 1248 1292 1295 1331 1336 1349 1381 1545 1564 1620 1776 1796 1841 1930 1945 1948 1969 2047 2051 2079 2081 2091 2105 2158 2165 2167 2186 2249 2413 2456 2483 2506 2540 2542 2549 2620 2636 2637 2811 2814 2844 2856 2940 2970 3028 3075 3103 3125 3166 3268 3388 3390 3400 3454 3466 3581 3636 3670 3697 3704 3715 3723 3724 3737 3754 3760 3766 3770 3785 3797 3827 3892 3909 3943 3951 3956 3961 3991 4055 4077 4088 4134 4147 4152 4157 4161 4165 4196 4214 4230 4239 4244 4323 4331 4379 4385 4399 4411 4434 4475 4504 4581 4599 4650 4704 4733 4801 4805 4817 4861 4878 4883 4892 4898 4916 4968 4972 4974 4979 4983 5007 5032 5101 5113 5155 5180 5188 5194 5283 5288 5311 5342 5344 5348 5371 5378 5398 5468 5482 5483 5520 5553 5599 5637 5646 5659 5668 5749 5793 5800 5827 5898 5919 5928 5942 5969 5970 6004 6013 6035 6060 6130 6159 6177 6182 6184 6187 6188 6189 6205 6228 6290 6308 6336 6360 6367 6387 6390 6425 6432 6443 6463 6494 6521 6562 6569 6588 6597 6651 6674 6685 6700 6718 6724 6739 6773 6779 6819 6832 6833 6856 6873 6877 6901 6905 6918 6925 6933 6946 6959 6965 6994 7001 7004 7005 7008 7031 7036 7043 7050 7055 7071 7084 7103 7122 7123 7129 7153 7165 7175 7190 7199 7215 7244 7267 7297 7317 7343 7344 7357 7360 7362 7374 7408 7443 7448 7453 7477 7525 7534 7538 7545 7549 7550 7582 7652 7665 7680 7694 7700 7704 7706 7713 7740 7763 7774 7783 7786 7860 7868 7877 7883 7891 7908 7913 7920 7922 7943 7951 7953 7967 7980 7998 8001 8002 8004 8031 8039 8061 8068 8096 8129 8143 8150 8152 8180 8185 8188
15 16 31 75 169 172 191 274 329 458 521 527 592 598 603 708 722 750 791 819 832 884 971 1015 1016 1026 1084 1140 1143 1163 1177 1274 1327 1495 1513 1526 1558 1673 1782 1787 1789 1817 1910 1930 1959 1966 1974 1981 2029 2037 2044 2045 2085 2148 2155 2235 2257 2319 2358 2400 2497 2505 2518 2546 2557 2631 2632 2702 2795 2803 2906 3002 3074 3102 3106 3127 3190 3206 3303 3378 3445 3446 3465 3622 3667 3671 3683 3700 3707 3732 3739 3752 3768 3792 3898 3901 3915 3918 3959 3976 4030 4036 4055 4113 4147 4163 4179 4202 4212 4218 4235 4297 4301 4321 4355 4373 4377 4388 4389 4457 4458 4517 4566 4570 4584 4597 4598 4617 4646 4682 4721 4754 4798 4809 4857 4884 4901 4938 4972 4973 5025 5087 5097 5118 5138 5167 5175 5196 5225 5286 5302 5337 5364 5366 5454 5457 5463 5478 5514 5568 5576 5593 5626 5629 5645 5650 5728 5729 5736 5765 5807 5880 5912 5917 5926 5929 5939 6005 6028 6061 6114 6150 6157 6185 6203 6210 6271 6277 6286 6297 6300 6356 6378 6380 6407 6409 6416 6425 6436 6455 6504 6522 6526 6554 6581 6593 6618 6654 6668 6678 6695 6700 6701 6710 6717 6722 6725 6732 6737 6746 6769 6800 6823 6854 6870 6875 6896 6911 6917 6925 6989 6994 7000 7003 7014 7029 7034 7046 7050 7051 7099 7122 7137 7160 7165 7179 7195 7226 7228 7247 7314 7334 7336 7342 7345 7420 7436 7443 7472 7476 7509 7548 7562 7589 7652 7665 7668 7690 7693 7695 7696 7703 7711 7756 7782 7805 7847 7853 7883 7907 7908 7911 7912 7914 7923 7939 7943 7945 7948 7989 7991 7992 7995 8001 8004 8031 8032 8038 8078 8091 8108 8112 8116 8124 8145 8169 8175 8179 8181 8182 8188
10 29 30 59 138 161 189 205 229 329 452 474 514 548 572 692 706 758 807 831 870 966 995 1016 1041 1054 1124 1152 1170 1217 1240 1254 1261 1266 1293 1306 1484 1486 1499 1504 1518 1635 1712 1730 1795 1830 1837 1877 1945 2033 2067 2082 2136 2145 2201 2216 2247 2248 2355 2396 2486 2492 2508 2626 2693 2714 2730 2766 2790 2822 2986 2998 2999 3038 3048 3126 3174 3298 3303 3344 3346 3433 3444 3569 3609 3628 3657 3666 3686 3709 3713 3716 3723 3730 3762 3788 3871 3875 3902 3911 3922 3957 4027 4079 4121 4125 4179 4211 4227 4244 4249 4277 4323 4371 4388 4404 4448 4463 4478 4482 4568 4580 4588 4596 4617 4638 4639 4672 4738 4753 4772 4796 4809 4820 4879 4909 4946 4956 4967 4968 5000 5087 5122 5150 5163 5165 5208 5223 5228 5252 5269 5329 5340 5359 5427 5454 5455 5458 5510 5516 5531 5565 5576 5596 5605 5619 5632 5635 5718 5722 5736 5798 5869 5891 5897 5905 5988 5991 6041 6042 6064 6144 6153 6185 6193 6270 6287 6299 6302 6313 6335 6351 6367 6373 6415 6422 6426 6469 6482 6502 6524 6586 6613 6647 6666 6667 6670 6678 6699 6722 6724 6737 6775 6785 6789 6809 6813 6816 6821 6865 6869 6900 6902 6919 6953 6971 6974 6978 6988 7000 7003 7013 7015 7020 7046 7047 7051 7093 7109 7114 7156 7164 7189 7194 7223 7238 7252 7262 7333 7334 7339 7341 7345 7414 7415 7441 7470 7504 7525 7539 7542 7544 7546 7550 7584 7612 7649 7665 7667 7673 7683 7687 7689 7697 7701 7703 7709 7729 7764 7779 7801 7830 7836 7841 7855 7859 7860 7878 7879 7887 7902 7908 7909 7923 7932 7938 7939 7946 7974 7987 7997 7999 8026 8041 8094 8098 8108 8126 8139 8156 8166 8174 8179
5 22 38 169 196 205 225 265 310 334 426 462 488 528 552 557 598 629 665 723 764 788 837 871 979 996 1009 1034 1108 1119 1123 1134 1136 1146 1171 1199 1228 1241 1247 1257 1456 1479 1481 1524 1565 1634 1650 1711 1730 1761 1771 1849 1909 1995 2009 2019 2030 2074 2100 2101 2168 2170 2200 2281 2341 2380 2442 2444 2504 2538 2557 2607 2702 2729 2731 2786 2787 2788 2800 2954 2996 3041 3056 3142 3220 3239 3248 3298 3345 3365 3410 3444 3556 3608 3640 3656 3684 3685 3712 3731 3749 3769 3839 3901 3942 3963 3967 3972 3988 4009 4019 4060 4125 4168 4205 4211 4243 4249 4265 4321 4349 4362 4506 4550 4568 4577 4592 4658 4715 4718 4734 4759 4787 4800 4803 4820 4852 4862 4893 4955 4957 4963 4964 4966 4974 5067 5112 5124 5157 5184 5197 5253 5256 5291 5303 5324 5328 5361 5403 5422 5490 5496 5569 5570 5586 5591 5632 5720 5730 5746 5775 5808 5878 5879 5891 5900 5986 6027 6033 6047 6081 6119 6144 6163 6183 6191 6232 6258 6261 6266 6269 6286 6327 6330 6345 6349 6358 6361 6371 6393 6416 6468 6480 6517 6541 6611 6619 6643 6652 6660 6669 6685 6718 6771 6815 6816 6820 6841 6853 6863 6893 6898 6913 6961 6972 6990 6997 7012 7038 7044 7108 7111 7132 7146 7147 7150 7161 7182 7194 7197 7217 7260 7308 7323 7324 7333 7339 7380 7415 7427 7450 7468 7471 7486 7536 7539 7543 7558 7595 7640 7664 7668 7677 7691 7696 7698 7716 7727 7779 7793 7795 7856 7859 7861 7864 7879 7882 7897 7899 7901 7904 7914 7936 7939 7944 7946 7971 7974 7986 7991 7995 7999 8012 8018 8041 8064 8089 8097 8098 8110 8116 8120 8130 8137 8149 8163 8176 8178
143 162 254 310 426 451 540 559 605 669 674 714 727 828 921 923 941 1088 1102 1113 1131 1133 1145 1166 1194 1236 1247 1341 1433 1456 1460 1464 1489 1552 1598 1752 1849 1880 1902 1961 1968 1976 2023 2039 2083 2123 2149 2205 2256 2264 2315 2367 2379 2382 2398 2440 2500 2505 2581 2588 2603 2618 2666 2685 2703 2723 2726 2777 2798 2898 2962 2978 2993 3009 3049 3066 3131 3212 3222 3233 3288 3295 3362 3389 3407 3412 3504 3576 3639 3641 3645 3651 3656 3699 3709 3756 3812 3829 3887 3897 3940 3956 3964 4004 4017 4051 4077 4109 4122 4164 4165 4204 4206 4216 4238 4310 4332 4359 4497 4524 4568 4591 4627 4635 4687 4699 4751 4777 4795 4797 4827 4828 4843 4860 4926 4928 4946 4948 4961 4962 4965 5061 5080 5092 5095 5102 5151 5172 5174 5210 5234 5251 5275 5300 5314 5324 5371 5381 5411 5444 5490 5494 5566 5568 5584 5622 5623 5656 5686 5762 5783 5807 5852 5853 5858 5881 5883 5884 5957 6022 6036 6041 6054 6081 6082 6093 6118 6138 6140 6142 6163 6167 6178 6211 6221 6247 6273 6316 6320 6330 6336 6359 6404 6434 6494 6501 6508 6571 6576 6608 6621 6634 6656 6665 6676 6715 6770 6779 6799 6803 6815 6818 6826 6847 6850 6852 6854 6883 6889 6898 6900 6922 6929 6957 6983 6987 6996 7001 7010 7022 7036 7043 7068 7108 7111 7121 7138 7153 7162 7179 7180 7192 7208 7278 7294 7311 7318 7326 7329 7356 7376 7383 7409 7411 7416 7444 7452 7529 7537 7541 7579 7593 7594 7607 7626 7652 7656 7664 7674 7675 7680 7686 7694 7761 7785 7807 7851 7878 7899 7914 7927 7931 7938 7970 7974 7993 8018 8073 8090 8099 8101 8113 8125 8133 8148 8163 8166
74 82 84 111 142 205 214 245 277 380 382 388 451 477 534 542 568 609 648 756 804 824 856 864 883 890 916 1088 1116 1125 1142 1150 1151 1181 1203 1375 1397 1423 1452 1594 1707 1718 1778 1787 1847 1853 1891 1975 1999 2017 2025 2045 2116 2156 2225 2314 2332 2366 2415 2456 2476 2542 2621 2709 2760 2789 2836 2931 2992 3044 3049 3076 3247 3307 3349 3394 3402 3409 3479 3576 3624 3629 3658 3694 3703 3746 3752 3783 3824 3853 3876 3879 3887 3892 3954 3956 4004 4041 4044 4069 4154 4185 4214 4239 4272 4274 4285 4351 4353 4465 4482 4509 4512 4564 4567 4568 4570 4572 4621 4630 4667 4677 4686 4691 4746 4772 4783 4810 4814 4849 4851 4876 4878 4912 4935 4945 4949 4965 5042 5046 5075 5149 5167 5172 5222 5230 5231 5248 5250 5298 5307 5312 5323 5362 5366 5402 5406 5467 5533 5565 5571 5573 5575 5620 5648 5669 5673 5711 5713 5770 5847 5853 5873 5950 5963 6016 6036 6066 6073 6079 6092 6119 6132 6140 6149 6151 6160 6195 6232 6237 6264 6296 6314 6330 6352 6393 6404 6434 6489 6523 6529 6543 6553 6567 6573 6614 6619 6626 6627 6659 6663 6675 6689 6711 6712 6746 6752 6781 6793 6798 6800 6803 6832 6844 6867 6890 6893 6902 6925 6937 6948 6954 6958 6961 6971 6984 6985 6994 7009 7017 7020 7034 7039 7040 7065 7082 7086 7104 7110 7112 7120 7140 7189 7193 7209 7250 7293 7294 7305 7318 7322 7329 7335 7392 7411 7437 7491 7529 7540 7594 7619 7623 7629 7632 7633 7640 7653 7656 7672 7692 7704 7722 7749 7760 7805 7814 7839 7845 7848 7850 7854 7864 7866 7872 7897 7898 7907 7910 7915 7932 7950 7954 7966 7968 7972 7991 7992 8018 8051 8070 8082 8104 8105 8121 8129 8136 8141 8153 8160
97 115 203 347 440 449 474 536 568 645 763 787 788 824 847 913 951 1069 1072 1101 1122 1150 1152 1169 1202 1275 1331 1366 1397 1413 1433 1435 1436 1457 1502 1551 1585 1600 1702 1716 1775 1777 1787 1799 1837 1839 1851 1971 1977 2010 2022 2095 2112 2116 2127 2138 2225 2229 2244 2296 2324 2380 2444 2449 2458 2462 2542 2580 2600 2659 2681 2684 2743 2748 2990 3014 3156 3178 3222 3237 3284 3309 3375 3377 3388 3402 3448 3527 3615 3620 3623 3626 3675 3680 3721 3788 3823 3852 3869 3883 3946 3989 4004 4017 4042 4060 4118 4129 4142 4169 4180 4225 4227 4241 4258 4259 4334 4341 4403 4433 4461 4506 4562 4564 4578 4611 4698 4744 4762 4763 4828 4855 4911 4943 5028 5030 5070 5098 5117 5139 5140 5162 5180 5187 5221 5224 5274 5285 5296 5303 5339 5356 5393 5475 5500 5510 5543 5546 5550 5569 5570 5588 5619 5669 5670 5697 5721 5839 5845 5872 5939 5942 5957 5987 6002 6038 6057 6058 6059 6101 6119 6127 6131 6135 6140 6225 6248 6251 6258 6263 6267 6276 6290 6301 6325 6329 6345 6373 6379 6383 6425 6433 6449 6522 6530 6539 6547 6593 6613 6630 6659 6668 6689 6712 6745 6756 6765 6769 6782 6787 6788 6789 6801 6839 6856 6870 6892 6901 6914 6917 6934 6945 6946 6948 6950 6983 6995 6999 7003 7034 7036 7040 7048 7075 7077 7084 7091 7115 7137 7172 7180 7181 7184 7193 7289 7290 7291 7296 7305 7313 7322 7332 7367 7403 7409 7411 7436 7486 7490 7493 7524 7533 7552 7581 7590 7595 7608 7626 7652 7661 7667 7686 7692 7708 7743 7762 7784 7801 7812 7828 7829 7831 7833 7838 7859 7871 7885 7889 7897 7900 7906 7914 7921 7949 7966 7987 7991 8010 8016 8047 8068 8070 8082 8099 8102 8104 8111 8131 8139 8142 8147 8151
13 84 128 155 164 170 274 418 436 445 477 508 530 731 753 774 827 875 886 1067 1109 1116 1121 1129 1168 1242 1257 1325 1351 1361 1421 1448 1534 1583 1690 1709 1749 1846 1851 1876 1967 1980 1992 2007 2020 2034 2057 2090 2153 2206 2234 2290 2341 2431 2448 2513 2517 2559 2601 2644 2664 2698 2720 2743 2877 2941 2975 2980 3125 3173 3193 3219 3273 3281 3323 3338 3346 3376 3440 3598 3602 3623 3631 3659 3671 3676 3716 3745 3806 3807 3819 3858 3864 3873 3887 3944 3952 3988 4003 4005 4031 4037 4116 4127 4132 4178 4242 4252 4326 4410 4427 4478 4506 4516 4560 4698 4720 4724 4735 4757 4760 4762 4804 4841 4848 4860 4864 4865 4931 4940 4948 4973 5005 5024 5071 5079 5122 5160 5168 5264 5268 5291 5295 5296 5331 5393 5422 5444 5473 5493 5521 5547 5557 5570 5611 5650 5654 5695 5745 5815 5836 5846 5865 5912 5951 5969 5981 6031 6053 6055 6074 6093 6100 6118 6121 6138 6175 6207 6221 6232 6245 6247 6257 6294 6312 6341 6370 6384 6510 6522 6530 6542 6544 6553 6595 6613 6624 6648 6650 6653 6671 6674 6682 6691 6706 6726 6745 6751 6762 6766 6770 6772 6776 6780 6783 6821 6833 6840 6848 6881 6895 6900 6903 6909 6912 6941 6942 6973 6980 6989 6997 7020 7031 7032 7047 7059 7066 7084 7090 7115 7130 7158 7165 7183 7186 7268 7274 7287 7292 7297 7308 7322 7352 7355 7363 7383 7399 7405 7430 7463 7503 7506 7513 7518 7523 7530 7542 7573 7580 7596 7619 7627 7650 7651 7659 7667 7691 7718 7736 7798 7815 7822 7829 7838 7856 7859 7869 7870 7881 7888 7895 7897 7901 7911 7940 7957 7966 7973 7985 7990 8008 8064 8071 8099 8102 8116 8139
11 105 158 165 212 216 335 381 397 432 483 538 654 705 706 749 769 773 799 823 859 1050 1055 1105 1114 1142 1153 1168 1235 1292 1298 1348 1384 1414 1484 1509 1517 1523 1530 1681 1705 1738 1799 1809 1810 1850 1901 1920 1937 1948 1956 1963 1981 1986 1989 2031 2081 2083 2168 2202 2205 2276 2305 2382 2427 2432 2444 2508 2552 2591 2644 2732 2734 2820 2939 2972 3025 3066 3082 3184 3193 3201 3208 3238 3347 3369 3443 3528 3572 3623 3626 3668 3669 3674 3709 3724 3725 3785 3835 3842 3845 3858 3868 3892 3920 3947 3964 3971 4004 4054 4105 4118 4138 4161 4176 4226 4307 4310 4397 4423 4500 4529 4547 4549 4698 4754 4776 4830 4838 4839 4861 4923 4931 4933 5005 5025 5047 5056 5072 5090 5156 5225 5259 5260 5268 5292 5318 5324 5344 5359 5372 5383 5395 5453 5484 5517 5540 5557 5612 5643 5810 5814 5815 5821 5841 5865 5912 5938 5955 5970 6040 6085 6086 6092 6097 6117 6125 6127 6169 6194 6207 6212 6226 6257 6270 6272 6275 6337 6366 6382 6506 6513 6528 6537 6539 6606 6625 6628 6640 6642 6645 6651 6671 6682 6698 6715 6733 6741 6743 6744 6756 6775 6781 6792 6806 6815 6840 6859 6876 6895 6896 6898 6912 6918 6939 6946 6949 6963 6978 6988 6996 7025 7028 7032 7045 7051 7084 7124 7135 7145 7147 7162 7192 7240 7253 7267 7273 7277 7292 7294 7297 7302 7304 7307 7352 7354 7363 7401 7422 7425 7430 7501 7509 7512 7517 7520 7524 7534 7577 7590 7609 7615 7631 7645 7647 7649 7665 7677 7688 7716 7719 7726 7763 7803 7806 7811 7813 7814 7839 7847 7853 7859 7860 7871 7877 7880 7886 7888 7891 7895 7910 7928 7938 7946 7951 7961 7964 7985 7990 8004 8046 8053 8055 8084 8092 8096 8100 8133 8136 8139
7 96 175 190 259 325 344 428 458 460 479 519 558 582 651 680 683 727 728 751 997 1026 1045 1064 1097 1108 1110 1133 1281 1327 1332 1346 1400 1460 1495 1541 1591 1658 1663 1731 1736 1762 1774 1785 1841 1870 1900 1902 1917 1923 1963 1978 2016 2049 2054 2062 2149 2170 2205 2236 2296 2298 2430 2431 2485 2491 2549 2612 2631 2688 2705 2716 2732 2849 2902 2921 2949 2993 3007 3041 3090 3170 3171 3204 3218 3290 3327 3366 3381 3463 3558 3583 3598 3619 3623 3629 3647 3667 3674 3683 3686 3697 3782 3832 3834 3836 3868 3884 3901 3912 3944 3951 3962 4099 4100 4109 4131 4137 4161 4241 4268 4283 4306 4397 4423 4435 4505 4525 4533 4549 4588 4689 4694 4739 4763 4769 4799 4825 4839 4861 4913 4924 4931 4982 4988 5000 5020 5024 5078 5084 5154 5257 5258 5270 5288 5310 5353 5382 5394 5404 5455 5471 5502 5505 5509 5513 5546 5547 5624 5798 5800 5804 5819 5842 5894 5920 5922 5946 6040 6065 6070 6075 6093 6119 6149 6152 6178 6195 6219 6222 6271 6275 6321 6324 6361 6382 6463 6493 6506 6519 6564 6587 6588 6593 6635 6645 6659 6662 6667 6676 6698 6737 6741 6754 6780 6802 6813 6815 6845 6861 6866 6869 6876 6883 6889 6895 6922 6945 6969 6973 6979 6985 6987 7008 7021 7030 7037 7070 7075 7081 7083 7117 7132 7139 7155 7162 7200 7203 7211 7228 7239 7263 7266 7280 7287 7290 7292 7295 7337 7349 7376 7380 7421 7432 7433 7506 7510 7514 7515 7518 7530 7552 7577 7620 7646 7655 7661 7669 7670 7680 7686 7711 7716 7725 7736 7772 7800 7803 7809 7837 7854 7858 7877 7879 7882 7904 7927 7933 7938 7941 7950 7961 7980 7990 7998 8006 8053 8066 8083 8086 8090 8092 8117 8128 8135 8139
76 80 169 184 296 299 322 382 442 452 557 659 680 716 718 732 771 1017 1026 1032 1037 1044 1073 1126 1175 1235 1280 1293 1298 1340 1368 1377 1378 1405 1454 1563 1591 1626 1649 1662 1682 1731 1765 1773 1798 1846 1870 1889 1891 1900 1917 1962 1969 1994 2034 2058 2090 2097 2174 2230 2244 2260 2428 2470 2538 2608 2696 2819 2827 2886 2899 2904 2906 2934 2986 3090 3135 3136 3192 3299 3327 3373 3426 3467 3552 3596 3604 3619 3658 3677 3702 3730 3747 3816 3835 3851 3855 3872 3898 3900 3920 3948 4083 4098 4127 4137 4228 4294 4298 4301 4326 4388 4421 4458 4485 4494 4498 4511 4516 4527 4548 4565 4570 4610 4632 4643 4655 4694 4698 4747 4788 4795 4805 4819 4861 4879 4889 4913 4916 4953 4971 4976 4981 4989 5008 5079 5107 5135 5150 5175 5224 5244 5245 5263 5299 5371 5381 5386 5484 5496 5503 5506 5519 5529 5545 5602 5783 5795 5808 5816 5818 5821 5845 5862 5896 5905 5919 5941 6022 6041 6064 6065 6081 6085 6088 6092 6103 6125 6173 6212 6218 6220 6307 6360 6399 6442 6449 6467 6478 6492 6495 6515 6530 6573 6574 6591 6615 6626 6631 6632 6633 6635 6654 6667 6680 6717 6738 6754 6762 6779 6780 6786 6796 6806 6812 6833 6862 6864 6866 6873 6884 6898 6906 6937 6938 6965 6977 6988 7001 7004 7012 7018 7021 7036 7037 7061 7064 7073 7086 7093 7117 7125 7133 7145 7149 7160 7215 7225 7251 7264 7280 7288 7296 7302 7324 7326 7330 7362 7408 7420 7429 7471 7495 7506 7509 7514 7536 7545 7565 7572 7588 7609 7617 7628 7645 7655 7683 7710 7713 7724 7765 7800 7807 7818 7841 7845 7854 7860 7863 7868 7878 7880 7899 7919 7926 7930 7943 7953 7958 7980 7990 7991 7996 8044 8047 8082 8089 8094 8111 8115 8135
10 78 122 159 178 235 280 302 318 425 426 428 533 555 598 611 620 697 734 865 968 971 975 1026 1043 1056 1126 1249 1283 1295 1303 1354 1448 1556 1561 1642 1651 1708 1728 1830 1875 1922 1958 1994 2002 2022 2053 2058 2076 2080 2170 2411 2462 2534 2595 2604 2647 2657 2673 2737 2792 2811 2819 2855 2881 2898 2904 2950 3060 3088 3107 3124 3171 3210 3297 3307 3310 3381 3409 3414 3516 3559 3579 3580 3612 3617 3630 3664 3729 3787 3797 3840 3848 3851 3857 3867 3878 3882 3917 3937 3947 4079 4092 4125 4130 4274 4287 4320 4334 4360 4371 4430 4431 4443 4471 4492 4498 4503 4539 4548 4619 4639 4687 4690 4727 4769 4791 4808 4852 4857 4891 4896 4910 4931 4961 4986 4989 5055 5087 5104 5133 5136 5224 5233 5244 5245 5299 5308 5344 5358 5375 5445 5465 5476 5481 5485 5502 5504 5547 5558 5781 5875 5905 5916 5976 6020 6022 6050 6063 6069 6077 6090 6121 6167 6170 6187 6210 6216 6261 6277 6306 6329 6330 6359 6393 6399 6417 6441 6446 6477 6487 6494 6526 6551 6567 6574 6606 6620 6625 6628 6645 6646 6692 6715 6721 6735 6736 6745 6765 6767 6792 6807 6810 6829 6857 6865 6894 6903 6922 6938 6959 6973 6981 6991 6999 7002 7011 7013 7037 7045 7057 7070 7073 7096 7110 7120 7129 7130 7144 7145 7213 7215 7219 7234 7250 7256 7261 7278 7279 7299 7308 7309 7325 7352 7357 7372 7384 7447 7473 7477 7488 7491 7498 7505 7506 7546 7553 7557 7567 7589 7603 7611 7617 7626 7630 7631 7634 7637 7646 7657 7660 7676 7685 7723 7751 7765 7799 7805 7814 7839 7852 7858 7861 7866 7867 7875 7895 7918 7933 7941 7951 7967 7987 7991 8039 8048 8052 8070 8076 8078 8091 8107 8122
7 41 97 143 154 213 246 258 307 317 371 386 389 390 415 423 485 542 551 558 649 840 919 959 970 1004 1013 1039 1055 1102 1105 1166 1190 1202 1217 1276 1396 1450 1487 1554 1641 1693 1704 1784 1822 1855 1871 1935 1938 1939 1992 2048 2052 2064 2160 2166 2285 2337 2339 2391 2408 2442 2454 2508 2510 2527 2568 2610 2635 2723 2737 2775 2846 2857 2878 2909 2959 3050 3078 3086 3101 3155 3251 3288 3355 3453 3496 3499 3501 3522 3523 3573 3594 3598 3613 3654 3720 3780 3781 3784 3796 3814 3829 3850 3859 3877 3903 3908 3913 4022 4034 4077 4114 4116 4120 4140 4190 4274 4287 4294 4347 4380 4384 4392 4419 4459 4468 4478 4481 4485 4524 4534 4570 4609 4633 4651 4655 4662 4685 4689 4709 4731 4777 4781 4788 4804 4833 4839 4879 4889 4891 4899 4925 4931 4945 4973 5049 5073 5094 5110 5210 5214 5217 5221 5222 5229 5241 5242 5278 5290 5337 5341 5412 5436 5460 5468 5476 5494 5501 5503 5541 5718 5771 5775 5777 5778 5779 5889 5906 5908 5942 5988 6015 6027 6043 6049 6057 6060 6067 6069 6080 6092 6094 6103 6117 6170 6184 6198 6203 6223 6275 6281 6304 6313 6316 6384 6412 6414 6415 6456 6460 6490 6500 6512 6551 6571 6594 6606 6616 6628 6645 6650 6673 6700 6734 6741 6755 6782 6808 6823 6827 6831 6853 6854 6855 6856 6870 6900 6919 6933 6959 6963 6975 6978 6993 7001 7011 7020 7035 7051 7062 7066 7073 7102 7111 7114 7179 7204 7212 7243 7256 7278 7287 7293 7308 7312 7313 7351 7366 7399 7457 7463 7475 7483 7490 7498 7499 7533 7577 7605 7614 7629 7636 7686 7721 7747 7757 7760 7786 7795 7798 7801 7836 7837 7847 7860 7870 7889 7909 7915 7927 7930 7934 7943 7962 7966 7969 7977 7979 8011 8019 8027 8037 8040 8049 8059 8063 8071 8102 8105 8106 8113 8119
3 91 129 145 154 156 221 225 241 268 382 385 480 519 541 646 782 802 910 952 1023 1042 1043 1057 1064 1082 1183 1189 1230 1262 1366 1385 1414 1541 1550 1635 1671 1680 1782 1793 1801 1809 1830 1866 1867 1889 1901 1909 1982 2016 2029 2063 2123 2127 2378 2388 2438 2447 2457 2504 2549 2656 2696 2735 2791 2800 2832 3070 3100 3109 3127 3233 3249 3300 3354 3355 3403 3426 3474 3522 3556 3573 3580 3584 3586 3622 3635 3647 3652 3675 3742 3765 3780 3787 3827 3856 3886 3900 3902 3966 3967 3981 4026 4029 4052 4068 4072 4084 4094 4096 4103 4231 4248 4267 4299 4324 4332 4415 4430 4448 4464 4473 4495 4524 4605 4629 4645 4665 4674 4676 4679 4684 4697 4706 4728 4734 4750 4779 4807 4824 4866 4877 4885 4899 4905 4943 4944 4965 4968 5015 5035 5081 5166 5175 5186 5202 5204 5217 5230 5272 5294 5321 5337 5346 5402 5448 5465 5471 5477 5484 5488 5564 5597 5764 5768 5772 5774 5886 5888 5908 5921 5926 5945 5993 6023 6038 6052 6053 6055 6057 6090 6093 6117 6134 6142 6182 6198 6208 6258 6289 6296 6301 6316 6367 6378 6390 6396 6397 6410 6439 6446 6454 6489 6498 6499 6522 6549 6571 6587 6608 6616 6622 6627 6676 6684 6692 6693 6729 6737 6782 6814 6830 6838 6842 6844 6851 6853 6864 6896 6901 6911 6935 6954 6956 6961 6978 7003 7009 7011 7038 7061 7064 7076 7079 7095 7103 7104 7163 7169 7208 7225 7243 7252 7258 7269 7271 7284 7298 7299 7345 7355 7401 7452 7461 7465 7475 7485 7513 7526 7564 7570 7594 7599 7604 7620 7627 7662 7692 7723 7736 7753 7770 7794 7809 7817 7837 7843 7847 7858 7865 7884 7899 7900 7910 7929 7943 7947 7955 7962 7979 8036 8064 8066 8077 8090 8095 8099
13 28 82 118 149 158 237 249 342 369 440 466 487 521 657 753 834 842 924 950 977 978 1001 1009 1019 1041 1053 1167 1178 1180 1199 1217 1226 1310 1315 1363 1392 1537 1627 1640 1665 1676 1742 1762 1771 1820 1843 1896 1966 2009 2018 2050 2069 2072 2102 2138 2242 2259 2266 2323 2376 2418 2419 2438 2453 2470 2500 2538 2546 2660 2775 2800 2815 2961 2998 3046 3051 3061 3093 3170 3183 3213 3214 3265 3306 3348 3356 3394 3400 3470 3503 3508 3556 3579 3622 3673 3682 3729 3732 3758 3763 3808 3820 3836 3850 3861 3866 3869 3888 3890 3961 3978 4026 4042 4074 4085 4126 4232 4242 4251 4255 4320 4415 4436 4447 4461 4462 4486 4514 4520 4535 4573 4610 4619 4667 4669 4694 4708 4713 4735 4765 4820 4830 4840 4866 4874 4888 4939 4942 4952 4970 4993 5015 5016 5064 5093 5161 5172 5174 5202 5205 5217 5265 5276 5315 5332 5376 5402 5435 5447 5461 5464 5478 5569 5679 5703 5760 5764 5771 5881 5906 5909 5927 5960 5975 5998 6018 6033 6036 6041 6049 6050 6071 6094 6169 6179 6188 6189 6195 6196 6199 6242 6285 6289 6297 6338 6364 6397 6403 6414 6433 6439 6456 6498 6509 6522 6549 6575 6590 6609 6620 6623 6650 6651 6678 6683 6704 6705 6722 6724 6730 6736 6777 6785 6821 6839 6847 6872 6888 6889 6907 6916 6939 6942 6948 6953 6954 6955 6959 6965 7009 7030 7037 7049 7062 7068 7085 7092 7102 7117 7161 7202 7217 7243 7258 7268 7279 7297 7322 7345 7366 7368 7378 7397 7427 7450 7454 7480 7523 7537 7558 7564 7574 7592 7596 7606 7612 7625 7643 7653 7658 7738 7747 7769 7777 7789 7792 7816 7827 7837 7838 7839 7843 7854 7855 7858 7859 7861 7883 7893 7897 7903 7929 7930 7933 7947 7950 7969 7976 7979 8007 8036 8040 8058 8088 8099
8 80 115 169 201 230 234 276 410 460 486 656 704 747 772 836 842 845 847 905 930 988 1009 1049 1154 1163 1175 1176 1211 1228 1259 1359 1413 1485 1607 1622 1645 1716 1741 1769 1817 1828 1859 1861 1893 1898 1913 1990 1996 2062 2096 2109 2229 2245 2301 2329 2343 2364 2384 2387 2422 2428 2437 2536 2545 2637 2761 2782 2787 2813 2900 2936 3024 3027 3035 3054 3110 3115 3118 3135 3299 3325 3338 3440 3446 3485 3532 3555 3563 3588 3591 3654 3724 3725 3747 3809 3816 3819 3851 3884 3945 3947 3958 3989 4018 4035 4051 4055 4067 4123 4170 4213 4228 4243 4250 4301 4309 4312 4317 4407 4409 4432 4433 4503 4512 4579 4595 4617 4658 4659 4670 4714 4723 4725 4740 4755 4860 4865 4888 4933 4948 5055 5144 5146 5150 5184 5248 5268 5281 5302 5318 5359 5374 5396 5425 5448 5457 5474 5478 5566 5596 5654 5682 5727 5753 5755 5761 5763 5878 5884 5900 5902 5907 5932 5956 5957 5994 6011 6016 6036 6041 6053 6143 6167 6170 6182 6193 6195 6222 6270 6282 6284 6303 6334 6357 6362 6384 6387 6392 6417 6441 6483 6490 6525 6537 6547 6548 6576 6608 6614 6648 6682 6690 6699 6703 6712 6715 6718 6728 6750 6771 6778 6780 6795 6799 6825 6836 6837 6844 6859 6898 6939 6941 6953 6954 6969 6981 6984 6999 7005 7016 7036 7038 7057 7072 7090 7100 7127 7140 7200 7223 7243 7261 7262 7279 7303 7331 7339 7344 7359 7374 7421 7448 7463 7476 7480 7517 7521 7542 7573 7596 7610 7623 7626 7650 7664 7696 7715 7728 7760 7783 7788 7791 7804 7816 7818 7828 7835 7837 7838 7844 7847 7856 7878 7890 7897 7901 7914 7915 7925 7927 7929 7931 7932 7947 7954 7966 7974 7975 8006 8011 8035 8038 8058 8067 8083
16 28 60 109 123 126 140 146 204 224 287 370 398 399 466 471 608 655 659 731 834 840 902 923 982 984 986 1002 1006 1035 1041 1053 1121 1142 1151 1171 1179 1227 1351 1470 1541 1571 1604 1626 1635 1696 1703 1752 1781 1810 1819 1825 1850 1854 1892 1958 1976 1991 1997 2077 2184 2245 2328 2359 2367 2387 2388 2418 2427 2516 2519 2614 2625 2780 2810 2820 2916 2944 3012 3028 3036 3061 3074 3131 3175 3287 3289 3332 3379 3393 3439 3484 3538 3549 3551 3554 3556 3563 3593 3607 3666 3721 3725 3728 3750 3785 3802 3814 3818 3850 3853 3884 3885 3927 3931 3992 3996 4002 4027 4065 4089 4135 4160 4212 4230 4243 4295 4372 4402 4432 4502 4555 4655 4656 4668 4677 4712 4735 4830 4838 4840 4855 4857 4878 4883 4919 4924 4948 4985 5023 5027 5033 5069 5131 5136 5146 5239 5255 5260 5306 5353 5363 5415 5440 5464 5469 5522 5562 5629 5713 5738 5748 5750 5766 5842 5865 5886 5900 5909 5910 5935 5946 6007 6013 6033 6038 6043 6049 6087 6111 6151 6163 6170 6181 6192 6193 6276 6285 6298 6317 6325 6344 6353 6375 6411 6431 6432 6483 6530 6546 6564 6602 6604 6621 6624 6629 6632 6644 6647 6653 6665 6679 6688 6709 6714 6757 6759 6761 6782 6798 6831 6835 6847 6853 6880 6891 6900 6921 6926 6953 6963 6984 6987 6991 7002 7004 7012 7030 7031 7048 7066 7070 7074 7096 7099 7120 7124 7174 7184 7217 7223 7230 7237 7244 7261 7275 7279 7331 7346 7351 7400 7424 7446 7447 7449 7496 7502 7514 7520 7548 7555 7578 7596 7600 7627 7700 7710 7735 7749 7767 7779 7791 7796 7798 7807 7811 7832 7837 7847 7851 7854 7856 7860 7881 7882 7885 7897 7913 7924 7927 7958 7959 7962 7974 7994 8010 8016 8025 8028 8035 8052
10 121 122 198 236 344 376 399 435 471 574 605 615 725 730 760 802 824 830 885 929 954 1002 1033 1119 1131 1146 1170 1196 1216 1310 1464 1509 1529 1573 1581 1613 1635 1641 1649 1700 1728 1730 1743 1761 1773 1801 1853 1880 1883 1923 1942 1957 1990 2026 2033 2133 2143 2153 2273 2279 2293 2343 2347 2373 2396 2407 2412 2484 2510 2513 2610 2650 2702 2715 2764 2869 2898 3012 3015 3019 3070 3092 3109 3224 3267 3331 3374 3477 3484 3532 3548 3551 3602 3660 3673 3700 3714 3719 3736 3781 3799 3805 3828 3839 3855 3876 3880 3889 3951 3960 3993 4002 4021 4024 4056 4069 4070 4078 4125 4149 4154 4226 4281 4285 4302 4354 4424 4471 4491 4546 4553 4634 4648 4664 4711 4714 4715 4723 4835 4841 4863 4864 4906 4924 5002 5007 5089 5092 5096 5113 5122 5126 5130 5133 5228 5237 5291 5302 5348 5357 5380 5412 5414 5424 5463 5530 5558 5617 5636 5651 5685 5713 5740 5744 5752 5768 5792 5812 5859 5890 5934 5993 6013 6014 6017 6027 6028 6030 6048 6053 6138 6167 6183 6184 6258 6273 6274 6280 6297 6335 6360 6369 6370 6379 6410 6438 6449 6451 6530 6531 6534 6540 6543 6558 6573 6597 6599 6602 6612 6628 6634 6639 6641 6649 6662 6675 6709 6710 6751 6753 6766 6774 6794 6802 6818 6829 6832 6843 6864 6867 6894 6918 6919 6943 6954 6987 7005 7010 7016 7028 7065 7068 7079 7090 7099 7106 7122 7170 7173 7210 7220 7237 7244 7257 7275 7279 7284 7310 7313 7318 7333 7378 7381 7386 7396 7409 7445 7461 7481 7490 7502 7511 7513 7534 7547 7574 7575 7577 7580 7586 7589 7593 7595 7609 7623 7686 7695 7718 7721 7738 7739 7749 7762 7784 7788 7793 7795 7797 7807 7808 7812 7833 7834 7840 7853 7856 7865 7873 7886 7894 7912 7914 7921 7926 7954 7972 7974 8000 8010 8020 8027 8030 8044
6 99 284 299 311 339 373 422 467 537 662 739 770 795 828 852 913 915 949 956 958 976 980 995 1022 1033 1058 1087 1119 1122 1196 1376 1462 1549 1612 1672 1682 1709 1729 1757 1838 1877 1883 1910 1985 1990 2118 2123 2156 2162 2343 2345 2357 2416 2431 2575 2672 2710 2714 2760 2791 2897 3001 3013 3033 3111 3115 3200 3263 3266 3299 3351 3401 3466 3476 3481 3509 3542 3549 3596 3654 3657 3669 3687 3693 3705 3744 3768 3795 3797 3823 3825 3827 3841 3863 3949 3967 3972 3987 3991 4005 4102 4130 4133 4152 4196 4206 4265 4298 4310 4365 4403 4404 4421 4422 4444 4491 4541 4627 4637 4648 4654 4702 4705 4819 4823 4824 4831 4838 4862 4870 4879 4881 4912 4982 5003 5056 5088 5116 5119 5127 5151 5201 5205 5216 5223 5260 5318 5337 5346 5387 5402 5412 5417 5462 5507 5594 5635 5685 5694 5708 5718 5719 5754 5794 5852 5871 5894 5917 5977 5984 5985 6002 6027 6030 6035 6117 6138 6156 6157 6159 6160 6204 6256 6260 6263 6268 6299 6300 6302 6310 6333 6339 6367 6370 6406 6432 6433 6437 6440 6518 6524 6553 6565 6590 6599 6614 6634 6647 6665 6673 6683 6707 6708 6748 6756 6768 6791 6817 6821 6824 6843 6861 6873 6891 6918 6923 6939 6948 6951 6957 6968 6983 6984 7001 7005 7007 7020 7025 7074 7081 7103 7164 7166 7171 7187 7217 7227 7238 7244 7249 7253 7257 7290 7309 7317 7375 7388 7415 7435 7444 7482 7510 7530 7533 7542 7548 7564 7571 7575 7578 7595 7617 7636 7676 7685 7709 7748 7757 7760 7794 7805 7813 7833 7837 7839 7846 7850 7855 7860 7873 7880 7891 7911 7921 7943 7969 7996 8002 8015 8027
90 99 164 260 306 346 414 418 421 479 595 606 662 734 736 769 785 854 890 904 910 937 938 944 974 977 991 1010 1028 1042 1065 1111 1122 1192 1375 1377 1402 1428 1452 1462 1471 1549 1577 1589 1629 1633 1727 1739 1752 1762 1830 1843 1859 1865 1909 1961 1990 2019 2067 2106 2107 2108 2262 2320 2327 2343 2372 2381 2415 2420 2539 2659 2665 2686 2874 2897 2991 3001 3003 3005 3030 3095 3176 3204 3206 3292 3308 3418 3465 3468 3485 3508 3542 3557 3583 3631 3632 3650 3669 3687 3745 3762 3768 3797 3806 3838 3910 3947 3956 3964 3970 3975 4062 4083 4094 4117 4135 4167 4193 4238 4288 4303 4401 4429 4456 4461 4483 4488 4511 4536 4620 4622 4629 4648 4660 4686 4689 4778 4817 4857 4862 4863 4865 4879 4882 4939 4959 4962 5052 5086 5102 5107 5115 5181 5188 5192 5200 5236 5307 5310 5316 5323 5359 5389 5395 5411 5415 5481 5586 5605 5669 5685 5707 5716 5720 5739 5764 5845 5848 5860 5882 5903 5916 5947 5949 5956 5957 5995 6027 6030 6110 6111 6132 6146 6152 6183 6228 6230 6234 6236 6246 6256 6322 6337 6351 6368 6371 6407 6424 6428 6493 6500 6519 6540 6546 6569 6575 6590 6602 6605 6630 6632 6635 6642 6671 6682 6699 6704 6724 6745 6753 6758 6759 6783 6790 6798 6805 6810 6828 6843 6856 6877 6917 6927 6938 6948 6977 6996 7003 7007 7011 7015 7016 7050 7063 7073 7093 7119 7137 7146 7152 7153 7161 7172 7219 7222 7232 7244 7290 7294 7305 7307 7348 7373 7378 7392 7419 7427 7441 7507 7541 7547 7560 7577 7590 7595 7673 7674 7677 7685 7697 7707 7728 7740 7748 7756 7784 7791 7801 7820 7832 7836 7838 7850 7853 7861 7869 7871 7894 7902 7913 7929 7933 7955 7958 7986 7993 8027
81 98 133 232 292 338 341 416 593 733 747 840 882 899 937 944 972 975 980 1013 1024 1056 1151 1172 1303 1427 1439 1448 1470 1547 1566 1606 1613 1651 1714 1735 1738 1750 1751 1805 1829 1858 1885 1887 1958 1960 1967 1971 1984 2074 2077 2097 2195 2234 2259 2291 2304 2315 2317 2340 2357 2394 2409 2471 2538 2578 2655 2760 2862 2961 2971 2998 3009 3025 3059 3086 3189 3195 3235 3251 3252 3275 3337 3383 3419 3441 3448 3463 3468 3472 3477 3492 3504 3508 3524 3541 3583 3593 3645 3647 3649 3667 3684 3690 3743 3756 3806 3811 3832 3863 3933 3938 3946 3954 4060 4063 4102 4147 4194 4209 4270 4316 4364 4371 4388 4389 4418 4425 4430 4459 4478 4489 4533 4575 4604 4648 4682 4776 4787 4808 4815 4854 4869 4909 5031 5055 5074 5076 5100 5105 5109 5176 5182 5225 5235 5248 5287 5304 5309 5357 5369 5376 5393 5410 5455 5532 5546 5559 5561 5605 5606 5654 5681 5707 5715 5733 5738 5832 5836 5837 5845 5884 5894 5945 5948 5959 5995 6015 6026 6027 6089 6108 6119 6144 6145 6188 6210 6214 6236 6242 6258 6262 6312 6321 6326 6356 6413 6415 6417 6447 6499 6531 6543 6544 6569 6570 6578 6583 6615 6631 6678 6699 6703 6708 6743 6752 6756 6764 6779 6796 6816 6819 6820 6863 6882 6886 6887 6916 6931 6933 6944 6951 6957 6990 6991 6992 6994 7007 7025 7048 7090 7123 7139 7151 7152 7172 7214 7221 7231 7232 7280 7290 7333 7336 7353 7372 7374 7388 7398 7420 7424 7425 7441 7480 7488 7505 7527 7532 7560 7565 7575 7588 7592 7650 7654 7663 7669 7715 7732 7740 7745 7753 7773 7784 7800 7813 7819 7820 7831 7839 7841 7848 7853 7859 7861 7886 7894 7897 7909 7912 7935 7963 7991 8018 8027
40 96 109 163 224 331 337 345 627 641 717 720 730 733 794 827 878 912 928 948 969 975 1016 1027 1073 1272 1358 1370 1404 1420 1438 1448 1518 1537 1540 1589 1608 1646 1689 1711 1727 1766 1772 1855 1915 1935 2025 2053 2064 2125 2197 2244 2278 2300 2383 2404 2645 2826 2906 2937 2958 2962 2981 3029 3083 3136 3180 3215 3333 3417 3438 3460 3471 3498 3515 3533 3535 3570 3582 3602 3619 3632 3642 3665 3671 3686 3743 3753 3797 3805 3837 3917 3930 3937 4052 4063 4083 4100 4130 4137 4145 4195 4254 4280 4330 4344 4360 4363 4388 4420 4457 4464 4559 4565 4586 4598 4607 4612 4625 4635 4636 4660 4671 4734 4762 4772 4798 4812 4845 4848 4853 4862 4873 4958 5015 5021 5033 5056 5062 5079 5093 5094 5171 5191 5220 5254 5277 5291 5292 5337 5354 5398 5418 5437 5539 5558 5607 5646 5649 5671 5679 5699 5706 5821 5882 5908 5926 5944 5953 5968 5995 6008 6011 6024 6090 6102 6105 6110 6127 6134 6163 6191 6197 6229 6232 6259 6321 6323 6408 6426 6468 6477 6496 6498 6503 6528 6529 6537 6551 6553 6566 6573 6588 6593 6620 6628 6645 6673 6695 6698 6703 6704 6710 6730 6738 6740 6742 6774 6780 6788 6813 6849 6853 6879 6887 6909 6914 6916 6926 6929 6935 6948 6966 6967 6980 6986 7026 7041 7078 7103 7120 7132 7139 7150 7170 7210 7212 7213 7215 7224 7270 7283 7302 7329 7367 7387 7394 7424 7468 7503 7507 7530 7555 7575 7579 7588 7590 7649 7653 7663 7667 7670 7680 7687 7711 7726 7743 7750 7773 7793 7795 7810 7829 7830 7841 7843 7844 7845 7861 7878 7885 7890 7903 7904 7909 7910 7920 7930 7964 7978 7988 8000 8002 8021 8025
21 42 55 198 242 276 329 332 387 496 640 702 717 749 781 802 870 871 892 910 954 971 980 1020 1069 1342 1345 1359 1396 1444 1492 1511 1536 1632 1655 1691 1692 1756 1844 1851 1911 1926 2002 2012 2018 2070 2126 2162 2202 2211 2221 2236 2265 2281 2331 2379 2386 2583 2609 2611 2738 2774 2873 2917 2956 2962 3015 3135 3143 3153 3219 3225 3334 3340 3414 3427 3444 3456 3468 3481 3504 3508 3523 3526 3542 3544 3593 3594 3626 3654 3658 3667 3675 3696 3721 3769 3794 3817 3829 3838 3929 3936 4041 4079 4084 4185 4191 4235 4247 4250 4289 4339 4357 4382 4385 4416 4420 4437 4439 4447 4564 4572 4608 4641 4647 4654 4715 4726 4760 4827 4828 4843 4848 4860 4881 4945 4978 4990 5036 5051 5070 5071 5073 5162 5169 5202 5218 5271 5327 5337 5385 5400 5460 5466 5525 5571 5618 5646 5672 5689 5726 5817 5821 5869 5884 5905 5912 5913 5944 5958 5960 5990 6008 6017 6020 6022 6086 6095 6101 6102 6115 6128 6146 6150 6177 6190 6196 6254 6284 6298 6300 6316 6326 6348 6362 6374 6390 6411 6454 6465 6502 6519 6521 6523 6529 6542 6545 6548 6566 6567 6572 6573 6586 6590 6600 6612 6623 6625 6644 6660 6671 6698 6711 6721 6727 6737 6746 6759 6770 6779 6806 6810 6812 6818 6849 6865 6884 6895 6899 6906 6919 6924 6926 6944 6960 6976 6978 6983 6993 7021 7027 7033 7059 7096 7104 7106 7114 7115 7126 7132 7134 7162 7179 7200 7202 7203 7222 7234 7235 7248 7252 7266 7314 7338 7350 7362 7373 7410 7415 7465 7468 7476 7478 7493 7508 7509 7523 7552 7561 7575 7576 7637 7645 7650 7677 7695 7706 7707 7715 7724 7743 7747 7773 7782 7795 7810 7826 7829 7830 7831 7842 7856 7860 7865 7867 7873 7887 7898 7925 7949 7951 7987 7990 8002 8015 8020 8025
16 24 160 266 281 322 357 507 533 628 634 665 679 694 724 806 826 850 888 900 908 913 948 962 970 1022 1082 1304 1321 1336 1355 1416 1467 1475 1529 1535 1553 1627 1641 1666 1667 1673 1786 1839 1916 1922 1924 2010 2028 2033 2112 2114 2124 2146 2202 2236 2239 2259 2334 2368 2458 2459 2517 2563 2610 2649 2683 2708 2753 2866 2926 2941 2949 2960 3095 3130 3142 3209 3307 3372 3387 3422 3431 3447 3448 3456 3461 3496 3505 3519 3525 3541 3575 3580 3590 3591 3612 3619 3647 3664 3676 3696 3763 3777 3824 3837 3892 3927 3928 3958 4034 4044 4067 4080 4096 4131 4205 4218 4268 4305 4358 4360 4374 4383 4387 4414 4420 4423 4486 4542 4565 4574 4604 4606 4645 4709 4710 4715 4731 4736 4746 4755 4763 4809 4826 4829 4844 4857 4940 4941 5035 5037 5051 5059 5061 5064 5148 5157 5194 5198 5226 5263 5278 5331 5335 5336 5375 5384 5432 5452 5468 5483 5523 5559 5609 5630 5761 5773 5774 5800 5848 5859 5892 5900 5909 5921 5923 5975 6018 6020 6039 6052 6085 6090 6098 6101 6103 6111 6120 6123 6171 6180 6186 6198 6240 6278 6313 6319 6337 6349 6363 6364 6396 6411 6425 6431 6434 6488 6502 6509 6520 6532 6563 6568 6586 6599 6604 6620 6637 6671 6692 6696 6697 6710 6721 6741 6745 6749 6760 6772 6780 6803 6847 6849 6874 6875 6892 6895 6899 6919 6932 6967 6968 6978 6993 7023 7026 7032 7082 7089 7104 7125 7130 7132 7162 7201 7217 7252 7261 7303 7313 7319 7347 7357 7359 7372 7374 7400 7407 7414 7423 7438 7450 7451 7455 7475 7514 7540 7553 7611 7634 7651 7674 7691 7706 7731 7762 7773 7787 7791 7801 7824 7827 7828 7830 7841 7842 7863 7865 7868 7887 7891 7898 7930 7968 7975 7982 7983 7993
6 149 159 184 187 230 236 306 309 466 486 523 578 665 685 693 766 800 840 868 871 899 944 945 968 1241 1297 1302 1342 1414 1428 1435 1504 1542 1589 1604 1610 1635 1638 1646 1758 1835 1839 1878 1913 2002 2064 2085 2105 2115 2145 2154 2155 2227 2234 2236 2252 2365 2435 2446 2494 2520 2585 2662 2680 2699 2798 2851 2857 2874 2896 2913 2947 2951 3031 3109 3119 3138 3301 3368 3385 3443 3454 3467 3468 3497 3513 3516 3523 3527 3534 3543 3556 3587 3647 3661 3679 3695 3758 3763 3766 3793 3908 3921 3925 3995 4010 4017 4045 4131 4155 4157 4163 4218 4223 4347 4370 4373 4376 4386 4394 4395 4412 4418 4520 4564 4596 4629 4638 4646 4693 4720 4737 4751 4790 4796 4805 4834 4892 4899 4937 4956 5012 5027 5028 5050 5062 5112 5131 5145 5154 5193 5195 5218 5327 5329 5335 5336 5380 5381 5417 5424 5439 5469 5477 5513 5529 5546 5587 5606 5609 5613 5620 5626 5677 5707 5794 5856 5887 5892 5921 5940 5959 5971 5974 6015 6061 6085 6088 6091 6104 6141 6150 6172 6183 6209 6235 6274 6288 6307 6322 6332 6334 6361 6388 6420 6424 6498 6511 6520 6560 6590 6609 6666 6673 6675 6683 6692 6696 6698 6706 6716 6721 6732 6764 6777 6789 6799 6821 6825 6832 6837 6867 6887 6889 6893 6904 6911 6928 6959 6961 6965 6973 7014 7072 7127 7137 7161 7186 7200 7212 7215 7285 7346 7353 7359 7391 7402 7404 7448 7449 7510 7528 7538 7540 7541 7551 7569 7618 7625 7634 7638 7639 7650 7664 7683 7691 7725 7731 7735 7739 7763 7766 7770 7773 7795 7797 7802 7816 7820 7825 7828 7839 7842 7844 7846 7861 7867 7882 7890 7891 7898 7903 7941 7951 7962 7982
56 99 151 154 164 237 292 308 389 460 518 568 680 783 803 852 897 920 931 939 1080 1189 1226 1244 1293 1329 1335 1427 1435 1462 1468 1528 1562 1604 1631 1637 1668 1703 1731 1759 1829 1850 1861 1910 1926 1977 1982 1996 2072 2096 2119 2151 2152 2232 2337 2423 2471 2584 2602 2675 2698 2749 2766 2863 2910 2929 3013 3028 3103 3110 3289 3360 3373 3377 3383 3434 3441 3442 3445 3509 3540 3578 3645 3651 3658 3662 3742 3744 3754 3762 3863 3871 3896 3910 3915 3924 3958 3979 3986 4009 4041 4128 4201 4202 4209 4218 4227 4340 4360 4369 4412 4463 4501 4508 4520 4545 4559 4566 4581 4608 4665 4687 4693 4705 4714 4732 4744 4781 4805 4807 4833 4842 4884 4894 4924 4936 5015 5021 5030 5037 5048 5056 5071 5092 5116 5129 5153 5191 5193 5211 5254 5265 5280 5311 5318 5328 5329 5333 5357 5365 5427 5433 5479 5549 5601 5610 5613 5623 5671 5711 5790 5827 5856 5885 5887 5909 5959 5966 6005 6008 6050 6082 6083 6117 6144 6157 6183 6217 6224 6226 6275 6281 6283 6301 6304 6315 6353 6385 6402 6420 6462 6485 6493 6514 6520 6538 6546 6547 6560 6639 6657 6665 6676 6679 6685 6698 6703 6704 6711 6730 6733 6740 6767 6769 6788 6802 6820 6837 6843 6860 6872 6885 6888 6893 6906 6933 6941 7011 7056 7057 7065 7106 7113 7114 7122 7158 7162 7186 7198 7199 7227 7235 7257 7309 7340 7344 7351 7358 7364 7391 7401 7445 7449 7495 7496 7509 7522 7525 7537 7549 7558 7580 7607 7611 7613 7634 7688 7690 7725 7732 7733 7748 7760 7761 7780 7783 7788 7807 7809 7819 7823 7838 7839 7844 7855 7875 7880 7885 7886 7891 7916 7921 7962 7968
49 118 148 167 249 288 308 409 472 496 529 535 550 603 657 749 765 782 844 847 858 894 899 901 936 991 1055 1123 1129 1183 1194 1216 1236 1242 1311 1324 1333 1393 1411 1421 1443 1523 1559 1576 1615 1629 1665 1781 1812 1817 1829 1896 1909 1948 2006 2050 2093 2111 2138 2183 2195 2228 2316 2418 2464 2509 2569 2656 2690 2696 2735 2761 2859 2904 2928 2991 3012 3086 3162 3289 3345 3419 3434 3436 3473 3504 3513 3523 3537 3633 3646 3660 3662 3674 3727 3740 3750 3831 3842 3849 3883 3893 3896 3922 3944 3983 3999 4006 4017 4022 4033 4074 4096 4169 4185 4189 4207 4325 4331 4336 4362 4367 4369 4410 4440 4492 4494 4509 4519 4535 4564 4575 4608 4619 4654 4672 4681 4687 4708 4721 4740 4764 4787 4791 4798 4805 4812 4817 4825 4826 4833 4863 4907 5007 5019 5036 5095 5109 5148 5174 5177 5245 5254 5257 5317 5417 5418 5425 5432 5497 5540 5574 5600 5601 5605 5655 5657 5686 5699 5730 5771 5783 5808 5832 5842 5848 5905 5914 5951 5958 5970 5990 5992 5999 6013 6044 6068 6074 6082 6092 6109 6123 6125 6135 6157 6197 6232 6279 6291 6311 6368 6412 6413 6429 6445 6455 6475 6484 6491 6520 6523 6538 6540 6547 6557 6595 6602 6633 6662 6668 6685 6694 6709 6725 6727 6740 6744 6766 6780 6781 6798 6800 6826 6834 6852 6854 6857 6865 6878 6879 6887 6891 6903 6906 6921 6924 6925 6988 6995 7011 7025 7030 7043 7094 7121 7152 7182 7188 7189 7220 7249 7304 7331 7332 7338 7342 7349 7357 7397 7400 7416 7426 7438 7441 7445 7478 7496 7509 7522 7527 7559 7576 7607 7611 7623 7659 7667 7683 7693 7719 7743 7752 7756 7760 7768 7776 7799 7803 7807 7809 7819 7827 7837 7880 7881 7882 7892 7904 7906 7927 7946 7962
141 154 155 298 393 440 491 522 524 576 604 656 685 701 712 764 782 784 831 843 873 884 933 970 1090 1110 1135 1289 1308 1322 1325 1395 1450 1451 1487 1488 1545 1587 1639 1643 1720 1798 1815 1816 1891 1896 1897 1922 1975 1982 2014 2077 2095 2106 2182 2194 2227 2257 2321 2433 2491 2527 2622 2629 2641 2643 2680 2733 2806 2813 2833 2857 2876 2891 2925 2995 3047 3082 3084 3226 3263 3286 3313 3325 3339 3373 3406 3430 3503 3509 3600 3627 3632 3654 3697 3718 3725 3734 3812 3821 3861 3890 3920 3936 3944 3992 3999 4012 4081 4130 4159 4185 4193 4206 4264 4318 4325 4350 4351 4410 4488 4493 4495 4528 4558 4636 4638 4647 4657 4681 4683 4689 4735 4758 4759 4768 4804 4824 4868 4871 4887 4994 5000 5048 5068 5102 5109 5138 5147 5163 5220 5238 5300 5369 5423 5428 5455 5483 5542 5586 5589 5603 5609 5624 5683 5726 5759 5782 5815 5819 5831 5835 5846 5896 5948 5953 5969 5982 5987 6036 6061 6064 6073 6075 6078 6080 6109 6115 6143 6165 6173 6190 6246 6247 6270 6294 6309 6354 6397 6414 6428 6444 6465 6479 6503 6519 6534 6536 6538 6539 6540 6541 6546 6556 6592 6604 6621 6624 6626 6639 6666 6682 6689 6694 6702 6706 6727 6733 6743 6755 6787 6796 6809 6844 6864 6875 6887 6902 6905 6911 6918 6952 6960 6964 6975 6997 7010 7011 7047 7081 7082 7149 7163 7176 7185 7216 7235 7250 7286 7292 7298 7333 7345 7352 7356 7357 7386 7390 7414 7432 7433 7448 7493 7504 7516 7517 7526 7543 7586 7591 7605 7607 7675 7678 7690 7713 7719 7726 7732 7755 7759 7772 7793 7798 7802 7805 7806 7807 7813 7814 7819 7825 7832 7875 7879 7880 7896 7928 7952
136 143 144 219 254 293 323 402 403 418 425 487 582 623 624 750 770 829 832 869 876 883 884 895 927 932 961 1000 1078 1116 1117 1129 1206 1270 1298 1318 1388 1393 1427 1429 1434 1459 1498 1583 1638 1697 1768 1794 1814 1817 1869 1873 1920 1932 2021 2077 2082 2096 2107 2222 2252 2268 2373 2477 2620 2689 2697 2705 2811 2825 2871 2924 2958 2965 3032 3069 3212 3223 3282 3313 3323 3339 3401 3413 3414 3421 3487 3493 3494 3502 3503 3524 3529 3597 3617 3689 3711 3720 3763 3767 3799 3806 3818 3857 3879 3882 3947 3999 4036 4054 4055 4104 4188 4193 4245 4258 4297 4313 4337 4390 4403 4410 4464 4478 4490 4504 4506 4525 4533 4598 4617 4636 4639 4649 4650 4671 4678 4684 4723 4745 4783 4801 4824 4863 4887 4896 4982 4991 4994 5032 5037 5057 5107 5135 5160 5213 5219 5229 5284 5288 5297 5298 5382 5413 5414 5415 5428 5455 5513 5580 5581 5583 5591 5674 5679 5710 5715 5735 5759 5807 5825 5827 5832 5892 5914 5921 5927 5946 5957 5962 5978 6012 6034 6044 6052 6056 6057 6062 6064 6066 6087 6104 6113 6152 6166 6169 6223 6224 6250 6273 6282 6323 6346 6376 6392 6395 6410 6417 6432 6440 6456 6473 6476 6479 6494 6514 6531 6534 6569 6599 6621 6625 6633 6644 6658 6666 6668 6679 6685 6698 6703 6715 6719 6731 6767 6785 6802 6803 6821 6840 6858 6863 6873 6880 6895 6908 6920 6937 6963 6971 6983 6999 7000 7043 7056 7058 7079 7098 7113 7131 7148 7152 7177 7180 7185 7247 7288 7319 7330 7342 7356 7368 7384 7390 7413 7426 7430 7470 7486 7492 7505 7514 7521 7598 7601 7617 7646 7666 7716 7717 7726 7732 7735 7740 7754 7787 7792 7799 7804 7810 7823 7853 7877 7894 7905 7917
4 29 75 98 134 172 298 378 412 546 578 604 740 756 764 797 869 920 1050 1082 1089 1260 1278 1306 1388 1421 1449 1529 1546 1560 1598 1678 1700 1728 1742 1745 1781 1792 1806 1809 1819 1821 1825 1843 1862 1903 1906 1920 1970 2003 2073 2087 2199 2202 2298 2426 2435 2619 2684 2801 2867 2908 2924 3055 3065 3132 3188 3211 3212 3218 3299 3300 3337 3367 3393 3400 3402 3403 3406 3420 3463 3474 3479 3490 3491 3559 3617 3680 3684 3706 3713 3760 3798 3841 3843 3868 3877 3881 3975 3994 3998 4021 4072 4078 4167 4176 4202 4244 4266 4282 4284 4299 4323 4328 4379 4436 4462 4474 4480 4514 4524 4583 4615 4617 4630 4663 4674 4676 4682 4701 4721 4779 4805 4816 4823 4880 4950 4970 4980 5009 5018 5031 5033 5090 5122 5152 5208 5212 5216 5222 5265 5270 5291 5345 5368 5373 5405 5422 5487 5569 5609 5639 5655 5661 5685 5712 5718 5740 5811 5816 5843 5852 5857 5877 5901 5937 5956 5963 5974 6000 6019 6031 6039 6047 6051 6059 6060 6065 6069 6096 6097 6127 6141 6151 6160 6178 6180 6203 6207 6211 6246 6288 6317 6361 6382 6384 6387 6443 6447 6461 6463 6483 6492 6493 6499 6507 6509 6512 6517 6522 6531 6567 6596 6597 6619 6629 6635 6646 6664 6672 6689 6702 6704 6709 6728 6750 6774 6799 6802 6809 6811 6814 6850 6871 6874 6892 6897 6907 6918 6923 6952 6963 6979 6981 7037 7042 7053 7070 7116 7147 7148 7167 7168 7173 7175 7176 7271 7279 7304 7322 7324 7337 7346 7348 7359 7383 7394 7422 7425 7484 7487 7508 7534 7584 7592 7596 7600 7601 7624 7626 7637 7663 7666 7691 7697 7705 7718 7728 7734 7751 7753 7772 7787 7788 7789 7798 7810 7813 7814 7829 7838 7846 7869 7876 7882
69 116 163 351 379 409 522 574 586 674 752 797 832 848 872 884 891 981 1013 1034 1059 1086 1121 1174 1177 1266 1268 1271 1287 1299 1307 1358 1367 1376 1387 1405 1443 1545 1678 1691 1709 1729 1757 1783 1817 1838 1871 1873 1884 1897 1937 1980 1982 2063 2066 2109 2182 2185 2188 2294 2373 2525 2601 2620 2670 2682 2722 2795 2863 2882 2894 2908 2987 3044 3098 3129 3159 3211 3299 3330 3331 3384 3389 3408 3410 3414 3464 3471 3477 3486 3515 3580 3601 3615 3626 3632 3633 3646 3668 3706 3743 3753 3810 3832 3839 3870 3964 3981 3995 4015 4146 4150 4159 4160 4197 4225 4226 4230 4238 4262 4271 4279 4283 4296 4318 4333 4341 4373 4375 4423 4433 4444 4447 4458 4472 4474 4504 4521 4556 4599 4606 4612 4626 4653 4658 4666 4670 4674 4684 4694 4728 4747 4778 4809 4815 4888 4919 4969 5008 5009 5030 5085 5099 5126 5142 5147 5181 5192 5196 5212 5227 5240 5260 5265 5287 5311 5334 5357 5398 5404 5441 5541 5552 5559 5610 5648 5676 5736 5752 5792 5811 5821 5836 5869 5883 5937 5940 5960 5985 6003 6015 6025 6028 6036 6038 6041 6091 6096 6098 6123 6149 6153 6174 6211 6212 6231 6301 6321 6357 6375 6378 6386 6410 6420 6440 6451 6488 6500 6512 6513 6525 6539 6546 6589 6590 6594 6604 6607 6608 6635 6648 6658 6659 6698 6701 6722 6768 6770 6796 6801 6805 6811 6822 6830 6837 6841 6849 6851 6869 6871 6892 6893 6913 6940 6945 6968 7032 7042 7052 7053 7067 7114 7123 7141 7168 7215 7267 7289 7292 7306 7311 7325 7335 7336 7340 7345 7347 7356 7364 7378 7389 7410 7468 7470 7496 7509 7527 7544 7559 7588 7624 7642 7646 7648 7651 7664 7687 7698 7718 7724 7743 7745 7746 7750 7762 7780 7781 7785 7787 7802 7805 7808 7828 7836 7861 7865 7876 7878
10 31 84 100 113 145 206 260 311 336 347 354 408 439 517 524 566 570 577 712 738 746 768 786 821 836 846 873 929 959 1049 1070 1107 1120 1240 1255 1271 1275 1295 1310 1362 1491 1527 1559 1684 1707 1746 1777 1797 1800 1834 1836 1847 1859 1882 1923 1936 2007 2009 2030 2061 2064 2101 2123 2181 2360 2362 2379 2443 2569 2587 2591 2628 2763 2777 2841 2877 2896 2968 2990 3010 3019 3140 3154 3156 3157 3289 3291 3297 3320 3362 3384 3387 3408 3413 3434 3440 3462 3479 3483 3552 3603 3614 3621 3685 3726 3779 3797 3824 3826 3865 3903 3908 3979 4012 4028 4080 4085 4114 4135 4149 4154 4159 4225 4229 4243 4248 4260 4280 4358 4403 4410 4415 4438 4458 4472 4508 4570 4580 4608 4614 4630 4635 4660 4680 4682 4710 4745 4768 4778 4791 4809 4917 4948 4955 4967 4983 5007 5026 5075 5080 5097 5138 5188 5210 5230 5249 5372 5382 5403 5416 5435 5527 5536 5557 5626 5643 5712 5734 5735 5741 5811 5835 5867 5877 5924 5926 5939 5959 5973 6019 6024 6029 6033 6060 6068 6087 6099 6123 6136 6145 6165 6166 6204 6210 6245 6255 6280 6292 6340 6351 6354 6376 6418 6428 6484 6492 6497 6509 6559 6580 6581 6586 6599 6617 6639 6649 6650 6682 6697 6709 6759 6761 6771 6793 6795 6796 6799 6801 6803 6826 6839 6858 6862 6863 6868 6880 6891 6896 6899 6904 6916 6923 6927 6938 6961 6969 6995 7025 7031 7049 7083 7101 7103 7109 7122 7136 7137 7163 7210 7246 7253 7261 7274 7280 7298 7301 7306 7320 7326 7360 7364 7376 7378 7385 7399 7400 7423 7427 7456 7467 7487 7488 7518 7522 7525 7531 7564 7578 7579 7580 7588 7610 7632 7650 7682 7685 7693 7713 7718 7729 7731 7737 7738 7745 7748 7755 7768 7775 7776 7785 7794 7801 7807 7819 7824 7833 7834 7846 7858 7861 7864
16 18 61 62 97 198 235 284 322 392 408 476 487 513 524 557 573 575 596 695 721 754 755 773 792 794 846 847 885 901 909 1012 1058 1095 1111 1139 1202 1219 1253 1270 1276 1301 1360 1476 1485 1530 1538 1633 1661 1725 1743 1785 1786 1831 1852 1854 1855 1862 1867 1881 1904 1913 1949 1975 2094 2180 2295 2457 2517 2549 2565 2616 2624 2731 2757 2761 2808 2825 2843 2864 2868 2872 2916 2973 3093 3126 3150 3256 3283 3287 3336 3353 3373 3376 3377 3385 3400 3423 3432 3439 3469 3533 3549 3572 3594 3604 3614 3664 3676 3722 3723 3728 3770 3839 3861 3874 3894 3937 3977 3994 4019 4130 4133 4159 4203 4216 4221 4238 4245 4250 4274 4294 4310 4324 4401 4403 4406 4455 4468 4471 4486 4517 4548 4578 4588 4608 4623 4627 4631 4633 4657 4682 4725 4765 4788 4801 4807 4901 4938 4940 4941 4952 4959 4961 5013 5038 5055 5072 5082 5095 5113 5128 5133 5157 5174 5199 5227 5249 5301 5384 5385 5388 5431 5433 5452 5505 5507 5514 5527 5530 5532 5600 5625 5677 5696 5766 5804 5834 5860 5867 5880 5895 5916 5926 5949 5962 6007 6019 6022 6067 6093 6098 6124 6126 6153 6189 6190 6238 6279 6286 6348 6373 6384 6410 6413 6432 6440 6482 6504 6506 6524 6549 6554 6577 6581 6614 6621 6626 6633 6634 6664 6676 6686 6687 6697 6698 6701 6738 6783 6790 6793 6841 6849 6851 6852 6859 6875 6883 6897 6901 6911 6933 6943 6962 7008 7011 7018 7066 7075 7109 7124 7160 7162 7172 7219 7250 7270 7279 7280 7301 7312 7316 7324 7330 7353 7356 7369 7384 7419 7431 7449 7487 7506 7519 7544 7571 7575 7576 7579 7595 7646 7668 7674 7681 7693 7705 7714 7717 7723 7724 7737 7743 7747 7772 7784 7787 7790 7792 7793 7799 7806 7812 7823 7838 7844 7845 7857 7858
29 36 85 126 263 299 356 459 488 511 517 545 638 670 708 716 778 813 830 836 859 983 997 1029 1057 1063 1080 1134 1136 1188 1216 1219 1254 1264 1279 1286 1383 1397 1428 1448 1469 1474 1499 1552 1594 1624 1649 1662 1696 1733 1742 1786 1813 1838 1861 1871 1937 2086 2090 2099 2102 2112 2175 2276 2486 2488 2533 2542 2614 2629 2755 2759 2776 2818 2829 2863 2864 2971 3102 3164 3188 3196 3201 3236 3286 3290 3317 3352 3383 3405 3411 3435 3507 3533 3537 3548 3567 3593 3599 3605 3606 3666 3712 3716 3754 3769 3775 3799 3811 3835 3861 3891 3940 3946 3986 3990 4017 4106 4116 4120 4143 4147 4151 4192 4196 4232 4250 4251 4300 4301 4386 4390 4391 4457 4460 4461 4477 4499 4512 4558 4561 4577 4579 4591 4594 4613 4615 4621 4628 4638 4656 4735 4757 4761 4804 4848 4898 4914 4923 4943 4956 4959 4975 5024 5051 5059 5081 5084 5099 5108 5124 5156 5171 5175 5227 5235 5283 5354 5380 5463 5486 5522 5527 5585 5600 5611 5673 5694 5695 5718 5736 5799 5849 5865 5874 5904 5923 5938 6004 6009 6019 6022 6052 6053 6069 6109 6185 6187 6275 6288 6343 6367 6371 6401 6411 6435 6440 6443 6452 6466 6472 6473 6496 6497 6501 6530 6549 6550 6563 6566 6568 6585 6591 6606 6617 6629 6632 6672 6697 6698 6723 6736 6745 6771 6773 6776 6789 6794 6851 6862 6878 6888 6896 6903 6917 6948 6951 7003 7062 7064 7072 7075 7109 7122 7134 7147 7151 7154 7185 7201 7202 7238 7265 7268 7274 7277 7278 7301 7313 7320 7333 7362 7363 7372 7379 7406 7419 7448 7449 7484 7485 7499 7506 7536 7540 7565 7575 7579 7581 7592 7627 7661 7679 7681 7689 7701 7702 7708 7718 7733 7740 7741 7767 7784 7789 7791 7792 7803 7804 7814 7824 7831 7832 7844
21 23 107 119 140 184 247 285 353 419 452 466 505 536 606 628 680 706 714 747 754 793 811 908 926 1026 1055 1088 1121 1151 1162 1197 1226 1235 1250 1314 1366 1463 1467 1523 1531 1570 1605 1625 1724 1727 1772 1781 1782 1793 1829 1833 1841 1873 1933 2035 2059 2062 2157 2211 2314 2357 2374 2425 2434 2466 2494 2517 2524 2556 2563 2576 2621 2627 2716 2729 2735 2782 2788 2796 2807 2864 2901 3025 3051 3082 3120 3127 3145 3153 3163 3231 3233 3242 3288 3323 3350 3382 3407 3431 3479 3516 3553 3590 3593 3642 3650 3667 3689 3700 3717 3721 3733 3747 3753 3789 3798 3830 3891 3975 3979 3992 4085 4120 4134 4167 4175 4180 4184 4223 4292 4374 4377 4447 4451 4460 4482 4540 4560 4563 4593 4604 4616 4622 4631 4638 4672 4703 4737 4738 4758 4775 4824 4842 4869 4877 4882 4890 4891 4906 4910 4942 4946 4948 4970 4975 4986 5020 5068 5108 5142 5147 5162 5206 5218 5366 5373 5377 5389 5408 5418 5421 5515 5517 5518 5545 5560 5580 5588 5599 5624 5672 5677 5765 5781 5798 5832 5855 5861 5864 5902 5907 5909 5915 5970 5975 6002 6010 6015 6019 6034 6039 6042 6062 6107 6161 6164 6266 6273 6274 6328 6338 6346 6382 6392 6433 6458 6470 6472 6480 6485 6494 6542 6546 6564 6584 6597 6609 6629 6631 6632 6650 6679 6691 6696 6743 6764 6767 6773 6783 6791 6799 6817 6840 6848 6854 6863 6865 6876 6888 6894 6898 6929 6993 6999 7024 7057 7058 7070 7072 7109 7113 7134 7143 7153 7184 7194 7249 7260 7264 7269 7273 7274 7280 7306 7322 7355 7359 7363 7389 7400 7425 7431 7435 7442 7472 7475 7480 7506 7514 7515 7557 7558 7571 7573 7611 7624 7644 7655 7657 7666 7672 7675 7683 7689 7696 7708 7714 7718 7720 7724 7730 7741 7755 7758 7761 7770 7782 7784 7785 7792 7804 7807 7814 7820 7832 7843
5 9 11 91 95 118 216 337 385 421 449 468 510 538 678 702 707 720 745 805 854 868 903 972 1025 1026 1043 1048 1066 1132 1147 1178 1225 1278 1318 1366 1380 1437 1442 1460 1489 1560 1672 1710 1725 1759 1766 1774 1816 1819 1852 1856 1927 1931 1937 1958 2017 2021 2024 2036 2108 2114 2123 2181 2241 2385 2406 2425 2485 2492 2501 2502 2533 2551 2605 2659 2699 2717 2722 2740 2795 2855 2899 3015 3093 3094 3104 3106 3121 3147 3150 3224 3231 3232 3260 3261 3286 3297 3329 3341 3350 3373 3394 3418 3462 3466 3503 3515 3585 3589 3616 3648 3649 3672 3726 3766 3782 3803 3805 3897 3937 4019 4073 4095 4109 4113 4131 4135 4162 4166 4185 4214 4241 4313 4362 4376 4388 4447 4506 4535 4590 4591 4605 4616 4628 4636 4665 4697 4738 4754 4757 4813 4861 4877 4900 4932 4934 4941 4947 4960 4972 5011 5102 5131 5132 5144 5187 5191 5351 5358 5366 5370 5418 5447 5493 5528 5543 5557 5565 5583 5590 5624 5627 5652 5671 5730 5762 5763 5796 5797 5820 5848 5855 5864 5901 5902 5919 5978 5981 5987 5993 6011 6025 6041 6079 6102 6135 6142 6190 6223 6247 6263 6305 6310 6314 6327 6350 6373 6382 6421 6441 6452 6468 6493 6518 6530 6533 6543 6564 6582 6622 6629 6632 6656 6669 6671 6675 6680 6733 6739 6758 6765 6766 6776 6780 6819 6824 6847 6848 6854 6858 6860 6877 6883 6896 6911 6946 6979 6985 7040 7044 7048 7052 7100 7104 7111 7118 7138 7165 7167 7182 7189 7239 7246 7250 7266 7284 7301 7312 7321 7333 7341 7351 7359 7364 7376 7409 7425 7441 7446 7454 7458 7464 7480 7505 7506 7508 7509 7555 7560 7573 7579 7602 7613 7627 7631 7643 7664 7668 7670 7675 7680 7686 7688 7713 7722 7757 7764 7771 7772 7784 7793 7804 7814 7830
8 75 116 127 156 241 273 331 357 377 386 389 449 465 524 598 637 683 687 704 725 726 732 734 736 800 846 1021 1040 1070 1074 1093 1167 1181 1190 1261 1288 1360 1420 1437 1441 1442 1505 1511 1540 1703 1708 1723 1750 1763 1781 1817 1850 1924 1989 2076 2077 2150 2282 2379 2396 2419 2423 2440 2483 2501 2506 2534 2537 2589 2619 2651 2716 2718 2738 2768 2832 2843 2975 3002 3010 3055 3091 3100 3117 3137 3159 3168 3199 3226 3260 3273 3281 3283 3298 3316 3339 3354 3358 3369 3388 3405 3414 3468 3476 3490 3493 3503 3539 3559 3568 3576 3581 3646 3656 3706 3723 3780 3800 3890 3928 3997 4042 4063 4065 4075 4077 4086 4099 4128 4147 4152 4154 4162 4185 4208 4222 4258 4301 4320 4325 4361 4386 4393 4447 4451 4457 4484 4523 4527 4566 4576 4589 4603 4625 4645 4675 4720 4735 4754 4770 4786 4816 4844 4879 4894 4923 4936 4953 4954 4995 5003 5035 5091 5092 5113 5120 5128 5175 5327 5338 5361 5384 5418 5434 5440 5525 5540 5542 5564 5588 5616 5628 5665 5669 5738 5752 5754 5762 5764 5766 5767 5815 5831 5848 5851 5862 5872 5880 5891 5897 5905 5912 5930 5940 5965 5986 5999 6001 6007 6010 6027 6031 6036 6099 6123 6130 6134 6161 6198 6261 6283 6308 6313 6322 6339 6354 6377 6420 6446 6467 6469 6478 6489 6496 6502 6504 6532 6548 6551 6554 6556 6604 6612 6624 6641 6654 6670 6673 6706 6722 6739 6742 6763 6793 6801 6802 6803 6820 6822 6827 6846 6848 6851 6863 6865 6881 6895 6922 6931 6946 6997 7022 7025 7031 7100 7104 7126 7136 7165 7203 7218 7229 7248 7260 7266 7272 7284 7287 7290 7297 7299 7311 7319 7343 7363 7380 7425 7448 7461 7472 7479 7488 7552 7566 7576 7600 7623 7626 7638 7659 7665 7670 7675 7686 7700 7717 7718 7721 7730 7731 7755 7771 7776 7783 7796 7802 7813 7814
56 66 120 122 233 286 366 372 413 509 522 582 584 601 628 637 652 704 744 794 991 1028 1048 1052 1070 1117 1118 1187 1225 1348 1355 1406 1423 1437 1467 1501 1512 1659 1666 1682 1699 1734 1779 1801 1821 1914 1954 2053 2056 2074 2208 2269 2331 2336 2385 2401 2439 2468 2469 2504 2641 2695 2735 2793 2828 2903 2972 2974 3001 3051 3094 3107 3133 3170 3184 3200 3219 3228 3263 3264 3276 3315 3325 3348 3352 3359 3378 3383 3389 3398 3430 3489 3537 3550 3552 3560 3607 3628 3647 3679 3693 3721 3746 3760 3769 3792 3806 3820 3903 3906 3971 3982 4006 4062 4063 4077 4127 4144 4156 4170 4195 4217 4233 4269 4361 4377 4445 4446 4534 4566 4567 4583 4603 4611 4613 4636 4641 4750 4761 4773 4809 4815 4875 4877 4896 4918 4922 4934 4961 4964 4982 5032 5081 5086 5109 5111 5171 5303 5349 5418 5431 5472 5511 5524 5526 5558 5563 5585 5623 5669 5675 5676 5750 5783 5818 5831 5841 5877 5885 5889 5923 5968 5973 5990 5998 6015 6031 6068 6073 6099 6125 6154 6165 6221 6269 6280 6306 6316 6317 6320 6324 6331 6355 6384 6392 6399 6408 6415 6429 6442 6458 6460 6476 6481 6484 6487 6517 6521 6526 6537 6541 6548 6553 6555 6567 6593 6601 6605 6622 6644 6648 6662 6705 6706 6709 6713 6715 6739 6760 6773 6780 6803 6809 6817 6818 6821 6825 6826 6830 6836 6844 6880 6895 6929 6942 6963 7016 7041 7098 7114 7118 7132 7133 7199 7215 7218 7228 7255 7288 7291 7336 7356 7416 7447 7451 7477 7539 7546 7554 7585 7607 7612 7619 7626 7632 7657 7667 7668 7686 7687 7709 7720 7726 7746 7756 7766 7777 7781 7794 7800 7810
11 45 62 111 223 287 303 348 391 401 413 477 559 603 604 626 680 696 779 821 836 852 864 893 924 947 972 1018 1024 1044 1117 1123 1146 1166 1187 1211 1311 1365 1386 1428 1436 1456 1582 1618 1642 1651 1692 1719 1763 1775 1777 1778 1801 1814 1902 1912 1939 2019 2153 2255 2330 2376 2392 2434 2469 2564 2566 2620 2629 2706 2731 2787 2810 2828 2854 2947 2973 2987 2990 3024 3039 3066 3082 3093 3199 3249 3251 3304 3314 3316 3332 3345 3366 3378 3482 3512 3518 3523 3550 3558 3590 3598 3607 3658 3720 3734 3752 3760 3801 3819 3841 3862 3987 4050 4059 4062 4127 4129 4134 4142 4152 4157 4213 4231 4299 4302 4316 4334 4360 4393 4410 4413 4420 4426 4440 4442 4483 4517 4533 4547 4562 4563 4567 4581 4603 4611 4612 4615 4618 4730 4733 4739 4744 4803 4809 4855 4868 4891 4897 4901 4918 4920 4922 4961 4966 5012 5022 5032 5053 5070 5082 5100 5137 5157 5301 5305 5309 5346 5366 5415 5425 5487 5498 5515 5517 5526 5545 5547 5584 5611 5624 5664 5666 5719 5741 5751 5773 5780 5830 5833 5839 5875 5883 5884 5890 5908 5964 5971 5973 5985 6010 6014 6016 6048 6063 6070 6077 6093 6095 6098 6123 6183 6218 6237 6265 6298 6312 6317 6336 6352 6385 6396 6412 6436 6445 6447 6472 6476 6491 6492 6526 6527 6534 6541 6550 6551 6573 6588 6602 6604 6607 6614 6641 6656 6696 6705 6711 6739 6755 6757 6772 6784 6803 6804 6806 6820 6829 6870 6880 6893 6903 6907 7005 7008 7014 7015 7088 7095 7111 7137 7176 7201 7215 7216 7225 7228 7252 7255 7259 7283 7287 7329 7381 7410 7433 7446 7473 7533 7535 7543 7577 7581 7591 7624 7638 7642 7644 7657 7666 7668 7673 7678 7704 7707 7716 7723 7732 7735 7740 7743 7752 7764 7770 7776 7780 7781 7787 7793 7796 7800
37 48 172 173 271 276 351 358 408 440 515 541 559 604 615 658 696 820 838 864 1007 1032 1076 1165 1292 1306 1352 1378 1383 1411 1474 1490 1566 1585 1618 1630 1652 1681 1737 1776 1801 1849 1869 1895 1897 1937 1955 1976 2027 2137 2326 2347 2364 2392 2423 2454 2459 2525 2552 2564 2568 2571 2587 2609 2674 2702 2717 2775 2797 2816 2923 2970 2978 3033 3042 3080 3090 3147 3199 3212 3241 3244 3249 3295 3302 3310 3326 3349 3377 3421 3445 3469 3486 3491 3499 3503 3522 3529 3569 3579 3582 3586 3596 3653 3673 3693 3726 3759 3795 3841 3952 3980 4049 4053 4057 4117 4126 4152 4168 4189 4194 4240 4244 4273 4310 4347 4350 4413 4417 4423 4440 4463 4493 4531 4532 4547 4598 4608 4657 4719 4726 4786 4805 4822 4832 4840 4882 4892 4916 4956 5005 5019 5048 5062 5097 5111 5141 5211 5291 5298 5301 5328 5338 5343 5346 5412 5415 5484 5508 5521 5537 5546 5570 5576 5594 5596 5605 5656 5729 5763 5796 5817 5821 5830 5875 5878 5906 5957 5964 5970 5986 5998 6006 6053 6061 6076 6083 6092 6163 6183 6208 6286 6295 6300 6331 6365 6393 6394 6412 6419 6444 6469 6475 6479 6489 6502 6521 6527 6533 6538 6549 6569 6570 6573 6584 6592 6597 6632 6650 6668 6700 6703 6709 6749 6756 6757 6771 6784 6801 6805 6813 6814 6825 6842 6867 6873 6879 6884 6891 6933 6972 7002 7005 7014 7031 7090 7174 7178 7192 7197 7201 7225 7234 7238 7254 7257 7280 7307 7323 7324 7327 7339 7365 7381 7385 7400 7433 7440 7441 7444 7458 7461 7509 7522 7524 7528 7563 7579 7594 7623 7627 7629 7655 7662 7665 7674 7700 7708 7723 7729 7732 7751 7757 7764 7765 7770 7771 7774 7792
72 134 136 164 169 250 258 325 330 348 425 480 492 510 513 519 522 553 558 635 653 691 796 825 854 894 993 995 998 1002 1015 1044 1047 1048 1075 1164 1265 1296 1372 1523 1532 1563 1599 1644 1668 1674 1703 1711 1723 1743 1753 1802 1844 1866 1898 2027 2068 2275 2319 2342 2343 2349 2352 2359 2369 2377 2447 2481 2511 2518 2547 2578 2594 2655 2658 2662 2705 2728 2799 2894 2913 2916 2946 2949 2955 3035 3090 3145 3156 3187 3196 3225 3228 3288 3290 3316 3329 3333 3339 3369 3389 3420 3438 3444 3475 3495 3502 3510 3518 3570 3572 3573 3580 3586 3591 3601 3712 3762 3867 3900 3954 3969 3988 4001 4017 4018 4022 4029 4077 4108 4117 4121 4137 4138 4143 4159 4165 4170 4207 4240 4246 4265 4302 4342 4352 4412 4414 4425 4456 4490 4513 4531 4544 4589 4597 4655 4697 4701 4752 4763 4766 4796 4810 4813 4873 4878 4881 4935 4954 4964 5005 5007 5038 5062 5064 5079 5094 5111 5123 5136 5209 5216 5252 5257 5297 5299 5336 5360 5399 5400 5415 5438 5477 5483 5494 5497 5501 5517 5525 5526 5578 5649 5662 5679 5683 5717 5729 5761 5762 5790 5804 5807 5813 5824 5860 5872 5896 5940 5946 5951 5959 5960 5967 5976 5985 5992 6009 6021 6041 6050 6058 6077 6148 6151 6207 6218 6221 6248 6273 6281 6282 6292 6295 6313 6322 6327 6373 6378 6417 6429 6430 6450 6457 6472 6478 6485 6501 6506 6512 6514 6520 6522 6526 6565 6569 6578 6590 6609 6626 6650 6669 6696 6701 6753 6770 6778 6800 6825 6858 6876 6888 6894 6922 6972 6973 6977 6985 6994 7027 7036 7079 7086 7089 7140 7146 7187 7193 7204 7217 7226 7230 7234 7239 7242 7272 7278 7283 7311 7335 7375 7391 7399 7429 7431 7433 7441 7473 7487 7490 7504 7506 7526 7531 7532 7540 7541 7572 7590 7593 7623 7642 7656 7663 7672 7695 7700 7718 7721 7744 7749 7750 7755 7760 7765 7770
7 35 90 134 150 165 258 268 279 299 418 490 499 511 529 565 568 615 646 687 700 759 760 811 833 908 981 1007 1015 1043 1128 1155 1182 1201 1227 1260 1351 1529 1563 1604 1610 1660 1664 1708 1742 1782 1783 1823 1865 1985 2053 2077 2119 2140 2218 2254 2262 2320 2345 2437 2448 2538 2547 2567 2627 2640 2682 2693 2731 2796 2882 2908 2941 2957 3033 3046 3089 3129 3134 3193 3198 3221 3283 3288 3290 3294 3296 3312 3324 3369 3371 3396 3401 3451 3474 3493 3567 3568 3578 3661 3699 3738 3743 3753 3801 3863 3905 3909 3962 3980 3990 4016 4019 4040 4074 4098 4109 4111 4132 4170 4194 4215 4222 4268 4269 4320 4328 4337 4342 4368 4388 4393 4395 4404 4412 4484 4500 4517 4530 4531 4543 4550 4552 4591 4594 4625 4663 4670 4678 4688 4701 4725 4728 4731 4749 4764 4782 4821 4838 4850 4877 4893 4927 4938 4947 4980 4999 5057 5059 5071 5095 5097 5114 5123 5135 5152 5230 5247 5258 5298 5380 5393 5394 5416 5431 5482 5501 5514 5545 5608 5647 5710 5723 5746 5796 5800 5804 5815 5846 5858 5871 5872 5883 5914 5929 5934 5958 5961 6005 6023 6040 6061 6108 6146 6203 6221 6233 6241 6279 6281 6284 6293 6327 6410 6417 6424 6426 6447 6458 6467 6475 6496 6501 6508 6520 6533 6565 6567 6578 6600 6623 6630 6652 6668 6677 6694 6700 6751 6764 6785 6797 6800 6807 6811 6813 6823 6848 6852 6867 6873 6878 6922 6955 6958 6989 7050 7070 7081 7116 7129 7150 7180 7182 7189 7216 7229 7230 7231 7240 7245 7257 7273 7279 7294 7304 7332 7387 7430 7433 7462 7474 7503 7517 7521 7533 7570 7581 7606 7639 7640 7641 7653 7661 7662 7665 7666 7691 7709 7710 7716 7723 7736 7743 7747 7759 7760
86 98 137 150 227 236 247 266 408 414 489 509 540 559 607 614 621 630 662 682 748 774 809 845 854 909 951 968 980 992 1036 1158 1173 1185 1250 1319 1326 1331 1338 1351 1385 1485 1556 1598 1610 1656 1663 1671 1697 1759 1956 2100 2145 2203 2219 2309 2314 2328 2400 2478 2517 2521 2540 2558 2563 2593 2621 2654 2668 2674 2729 2790 2870 2887 2892 2908 2940 3008 3025 3040 3071 3108 3190 3231 3235 3270 3305 3319 3320 3351 3360 3388 3437 3438 3470 3481 3510 3550 3553 3563 3566 3658 3667 3697 3735 3753 3906 3951 3983 3992 3998 4105 4107 4108 4169 4208 4228 4229 4270 4295 4297 4299 4326 4371 4378 4389 4427 4429 4466 4508 4517 4520 4531 4565 4580 4589 4602 4622 4648 4672 4713 4766 4811 4844 4849 4876 4880 4884 4946 4957 4968 4980 4982 4985 5054 5074 5078 5085 5211 5247 5273 5278 5284 5289 5325 5327 5375 5376 5381 5408 5444 5460 5493 5506 5512 5559 5622 5623 5694 5696 5715 5723 5737 5750 5780 5812 5841 5853 5862 5864 5876 5928 5929 5948 5950 5976 6024 6029 6070 6180 6196 6204 6214 6229 6236 6272 6278 6279 6299 6301 6309 6310 6406 6409 6424 6432 6435 6440 6441 6452 6474 6475 6495 6504 6509 6536 6537 6549 6563 6567 6600 6617 6666 6689 6700 6705 6726 6729 6731 6750 6796 6797 6801 6806 6814 6822 6846 6851 6868 6929 6952 6990 7042 7070 7080 7116 7119 7132 7178 7189 7192 7214 7235 7248 7269 7274 7297 7346 7388 7426 7432 7456 7460 7494 7520 7522 7527 7541 7580 7604 7611 7622 7632 7633 7641 7653 7671 7677 7689 7691 7704 7708 7709 7739 7743 7746 7750
23 26 48 102 182 211 214 221 222 284 395 408 485 490 522 555 572 605 612 652 662 666 725 790 845 849 904 949 966 972 986 1019 1085 1102 1148 1220 1235 1304 1317 1331 1338 1343 1345 1356 1506 1543 1582 1589 1627 1649 1650 1670 1683 1692 1697 1719 1731 1733 1758 1847 1865 1868 1902 2033 2064 2171 2179 2191 2302 2348 2365 2378 2474 2617 2637 2649 2658 2719 2761 2790 2857 2860 2863 2905 2906 2913 2944 3004 3018 3024 3086 3101 3142 3151 3161 3182 3223 3234 3256 3308 3309 3310 3315 3338 3371 3403 3428 3470 3476 3478 3495 3514 3533 3549 3554 3561 3631 3632 3643 3671 3675 3700 3732 3733 3893 3922 3939 3946 3989 3993 4006 4018 4079 4101 4107 4121 4208 4215 4226 4227 4253 4264 4278 4296 4311 4335 4376 4399 4453 4461 4478 4515 4516 4525 4555 4576 4580 4592 4599 4617 4655 4670 4690 4708 4737 4766 4785 4809 4817 4838 4843 4846 4852 4878 4933 4936 4952 4962 5043 5045 5075 5077 5104 5185 5201 5251 5264 5279 5294 5345 5369 5383 5418 5439 5466 5482 5495 5504 5512 5561 5590 5688 5694 5714 5732 5745 5763 5769 5773 5809 5820 5831 5832 5844 5859 5861 5918 5919 5948 5969 5973 5998 6002 6006 6065 6070 6127 6146 6169 6186 6212 6222 6249 6259 6264 6275 6276 6291 6378 6394 6399 6406 6428 6432 6435 6437 6450 6453 6473 6488 6495 6496 6503 6508 6534 6560 6564 6565 6604 6666 6679 6680 6690 6705 6728 6743 6747 6785 6786 6801 6805 6814 6821 6841 6863 6920 6952 6991 6992 7026 7058 7069 7070 7103 7107 7115 7128 7165 7166 7175 7187 7198 7209 7213 7221 7230 7253 7275 7287 7297 7343 7366 7370 7377 7418 7433 7451 7455 7465 7486 7491 7492 7522 7566 7571 7591 7604 7611 7616 7617 7623 7631 7632 7652 7664 7670 7692 7694 7701 7708 7726 7745 7747
19 71 163 185 331 348 369 404 455 480 507 569 570 592 639 648 765 769 780 837 928 947 959 963 995 1070 1122 1148 1206 1244 1253 1269 1293 1327 1437 1480 1508 1571 1642 1681 1725 1742 1814 1956 2100 2135 2168 2221 2272 2390 2433 2439 2462 2476 2596 2639 2696 2701 2793 2810 2814 2853 2900 2934 2982 3017 3057 3103 3122 3135 3159 3210 3231 3234 3246 3310 3311 3315 3323 3332 3407 3419 3441 3450 3475 3501 3528 3545 3624 3630 3644 3652 3661 3717 3790 3920 3932 3942 3956 3980 3994 4005 4050 4062 4088 4109 4182 4213 4223 4266 4284 4285 4362 4444 4471 4486 4511 4514 4516 4517 4553 4578 4590 4597 4605 4640 4662 4705 4708 4734 4755 4782 4794 4821 4842 4843 4845 4851 4861 4932 4944 4948 4982 5024 5036 5055 5074 5168 5185 5193 5262 5265 5275 5342 5344 5345 5363 5388 5395 5403 5414 5418 5441 5462 5471 5481 5495 5535 5538 5652 5659 5674 5675 5687 5692 5728 5756 5769 5815 5824 5829 5831 5842 5871 5902 5904 5906 5918 5946 5968 5975 5993 6002 6070 6140 6160 6204 6226 6228 6262 6271 6280 6375 6382 6396 6408 6411 6427 6442 6457 6481 6506 6508 6529 6543 6547 6549 6557 6564 6586 6650 6654 6665 6669 6675 6696 6700 6705 6713 6716 6737 6738 6747 6756 6758 6780 6786 6790 6813 6832 6859 6862 6883 6937 6945 6964 6986 7016 7044 7064 7065 7075 7091 7097 7113 7115 7148 7176 7187 7195 7204 7207 7208 7212 7213 7218 7226 7233 7251 7276 7313 7327 7333 7340 7341 7407 7413 7426 7438 7453 7463 7466 7484 7491 7497 7519 7532 7552 7568 7570 7574 7592 7611 7623 7629 7630 7647 7652 7662 7690 7692 7699 7700 7719 7738 7739 7741 7744 7745
14 18 163 192 236 279 367 434 436 469 495 567 579 635 644 734 741 759 819 833 922 929 940 1009 1089 1092 1122 1176 1177 1247 1254 1279 1327 1409 1480 1493 1498 1556 1563 1641 1666 1734 1768 1818 1952 1992 2099 2149 2150 2218 2231 2248 2251 2252 2260 2270 2314 2406 2439 2440 2453 2544 2585 2608 2634 2678 2771 2773 2808 2832 2836 2887 2893 2969 3005 3011 3027 3095 3120 3124 3131 3198 3226 3231 3242 3255 3315 3316 3321 3375 3396 3402 3403 3406 3438 3468 3509 3528 3537 3543 3556 3570 3620 3627 3643 3721 3737 3741 3880 3935 3939 3978 3984 4003 4007 4051 4155 4165 4168 4217 4247 4259 4280 4327 4354 4361 4380 4433 4450 4454 4473 4495 4496 4502 4512 4518 4526 4537 4563 4566 4575 4627 4674 4684 4686 4716 4719 4755 4780 4782 4793 4815 4834 4841 4848 4851 4930 4946 4972 5001 5021 5036 5039 5128 5137 5156 5173 5174 5252 5259 5275 5280 5293 5312 5339 5345 5347 5392 5414 5417 5423 5462 5463 5494 5518 5574 5614 5632 5635 5659 5666 5674 5687 5727 5747 5757 5767 5802 5821 5829 5891 5897 5898 5908 5915 5939 5940 5941 5945 5958 5977 5978 5999 6057 6064 6069 6082 6149 6153 6161 6198 6232 6241 6247 6250 6262 6277 6284 6339 6342 6345 6377 6381 6395 6396 6408 6427 6431 6444 6468 6478 6501 6502 6521 6532 6546 6552 6563 6569 6602 6619 6632 6647 6669 6677 6708 6716 6734 6736 6744 6746 6780 6784 6785 6789 6811 6833 6836 6843 6934 6949 6983 6995 7036 7044 7059 7079 7085 7088 7108 7127 7174 7180 7181 7193 7194 7205 7207 7208 7225 7232 7257 7263 7279 7292 7311 7322 7338 7404 7406 7409 7411 7431 7445 7480 7496 7499 7509 7512 7541 7558 7585 7586 7610 7614 7647 7651 7652 7660 7690 7700 7706 7734 7737 7742
13 125 154 175 348 426 427 462 498 550 566 578 590 644 680 700 744 793 879 883 917 924 1084 1122 1134 1239 1244 1286 1294 1406 1433 1475 1556 1568 1620 1630 1666 1673 1814 1826 1865 1885 1945 1971 2062 2137 2144 2164 2169 2199 2214 2226 2239 2299 2416 2432 2433 2437 2460 2502 2511 2582 2631 2652 2771 2798 2828 2885 2943 2947 2981 3007 3021 3073 3083 3105 3124 3174 3182 3206 3241 3246 3289 3294 3314 3390 3398 3402 3405 3419 3431 3447 3467 3497 3536 3551 3566 3602 3624 3704 3794 3839 3855 3874 3910 3926 3956 3968 3975 4000 4007 4040 4122 4140 4147 4155 4156 4161 4187 4222 4228 4230 4241 4249 4253 4278 4279 4289 4357 4358 4417 4430 4435 4440 4479 4496 4497 4527 4528 4571 4595 4663 4698 4703 4708 4715 4745 4769 4780 4790 4798 4800 4836 4842 4849 4909 4943 4944 4960 4977 5001 5003 5016 5027 5061 5111 5143 5144 5173 5240 5257 5270 5312 5321 5324 5366 5369 5387 5390 5392 5401 5409 5419 5450 5490 5537 5550 5551 5573 5589 5627 5645 5654 5666 5699 5709 5745 5759 5793 5811 5821 5851 5852 5861 5865 5891 5896 5930 5940 5975 5977 5984 5994 6002 6045 6052 6121 6149 6158 6175 6214 6234 6241 6251 6260 6329 6335 6348 6357 6362 6393 6403 6410 6427 6432 6445 6477 6478 6486 6490 6496 6502 6506 6522 6528 6546 6616 6637 6657 6658 6675 6680 6715 6719 6731 6733 6736 6768 6776 6783 6795 6811 6822 6824 6926 6933 6970 6995 7009 7012 7013 7020 7054 7058 7076 7085 7103 7105 7112 7127 7172 7178 7201 7204 7205 7208 7220 7226 7237 7262 7264 7269 7272 7320 7388 7402 7406 7411 7427 7428 7446 7461 7473 7475 7486 7500 7507 7534 7537 7539 7557 7564 7583 7585 7587 7600 7609 7623 7646 7649 7651 7660 7674 7690 7693 7725 7731 7735
4 82 110 119 311 313 347 392 417 422 425 456 518 561 566 604 623 634 688 724 727 741 754 872 891 898 924 1083 1089 1104 1175 1237 1274 1283 1401 1459 1556 1627 1660 1670 1809 1858 1897 1926 2001 2039 2158 2187 2214 2217 2232 2258 2283 2348 2418 2444 2451 2524 2554 2570 2633 2662 2699 2779 2791 2874 2884 2949 2951 2972 2978 3002 3005 3076 3096 3101 3106 3138 3169 3182 3198 3234 3242 3278 3290 3294 3303 3325 3329 3353 3363 3365 3386 3430 3435 3460 3467 3468 3496 3512 3528 3529 3582 3586 3621 3683 3703 3733 3769 3853 3868 3900 3923 3952 3954 3968 3992 4031 4130 4209 4226 4246 4252 4257 4260 4262 4312 4327 4328 4332 4344 4362 4429 4443 4494 4513 4559 4567 4595 4648 4651 4656 4697 4723 4737 4749 4764 4791 4831 4839 4868 4928 4940 4948 4953 4960 4970 4988 5022 5093 5098 5138 5151 5159 5225 5229 5251 5303 5307 5312 5317 5366 5375 5383 5397 5442 5449 5489 5522 5534 5577 5611 5619 5641 5660 5661 5699 5709 5745 5746 5747 5758 5778 5796 5813 5817 5861 5879 5913 5919 5932 5938 5961 5968 5990 6043 6083 6090 6124 6144 6147 6219 6237 6243 6320 6327 6340 6381 6383 6390 6393 6402 6405 6413 6414 6422 6465 6476 6479 6497 6504 6507 6540 6546 6566 6612 6652 6658 6668 6675 6686 6713 6729 6731 6732 6739 6741 6752 6768 6769 6770 6780 6797 6814 6881 6901 6912 6925 6959 6986 7007 7009 7030 7032 7041 7069 7084 7102 7124 7163 7173 7178 7193 7200 7201 7216 7223 7227 7236 7256 7367 7392 7401 7404 7410 7427 7428 7439 7462 7477 7486 7523 7533 7581 7585 7619 7622 7637 7640 7648 7651 7654 7667 7682 7686 7707 7720 7723 7729 7730
2 91 113 280 307 348 406 437 449 534 546 563 594 600 621 657 689 721 723 740 810 814 871 879 902 929 1006 1018 1070 1082 1178 1186 1187 1201 1221 1283 1355 1453 1454 1458 1506 1508 1521 1556 1627 1633 1636 1660 1812 1851 1895 1947 1970 2141 2158 2170 2203 2229 2320 2353 2415 2429 2447 2463 2494 2510 2518 2525 2551 2573 2622 2697 2758 2855 2873 2926 2935 2979 3057 3067 3092 3112 3116 3124 3162 3182 3197 3233 3261 3279 3323 3327 3335 3362 3369 3430 3433 3454 3457 3490 3525 3544 3578 3582 3596 3722 3785 3811 3841 3853 3897 3917 3930 3941 3942 3947 3978 3985 3989 3990 4127 4206 4209 4218 4227 4252 4259 4316 4326 4357 4407 4438 4440 4478 4488 4499 4553 4567 4581 4598 4609 4655 4668 4681 4706 4721 4743 4756 4776 4820 4866 4923 4959 4963 4982 5008 5115 5137 5151 5220 5229 5251 5268 5303 5357 5370 5371 5395 5416 5426 5451 5488 5515 5527 5573 5592 5600 5657 5676 5724 5727 5747 5758 5767 5777 5789 5812 5861 5878 5910 5911 5916 5921 5925 5946 5954 5963 5972 5995 6023 6069 6122 6140 6142 6227 6234 6268 6327 6340 6364 6377 6392 6393 6398 6422 6437 6468 6471 6478 6488 6492 6496 6502 6525 6542 6545 6551 6567 6618 6634 6643 6647 6652 6653 6685 6707 6714 6721 6730 6745 6768 6776 6792 6794 6856 6878 6893 6911 6932 6939 6962 6996 7009 7012 7023 7061 7062 7100 7123 7140 7163 7169 7175 7178 7198 7199 7255 7344 7367 7374 7375 7380 7388 7410 7420 7424 7435 7441 7473 7488 7511 7521 7557 7580 7585 7594 7598 7605 7617 7630 7644 7647 7650 7651 7653 7663 7674 7688 7692 7693 7713 7714 7717
28 47 90 102 154 242 256 386 393 405 449 497 533 546 554 564 650 660 678 684 705 740 813 864 901 993 1015 1031 1055 1059 1114 1121 1167 1168 1188 1204 1256 1322 1423 1447 1472 1484 1490 1543 1551 1624 1627 1647 1801 1805 1872 1946 1996 2054 2154 2173 2187 2196 2232 2331 2349 2410 2445 2468 2507 2547 2569 2570 2612 2657 2667 2821 2828 2860 2861 2898 2924 2999 3022 3079 3088 3121 3169 3175 3183 3206 3254 3259 3276 3316 3319 3355 3362 3421 3422 3444 3445 3453 3465 3493 3506 3521 3554 3562 3578 3580 3681 3708 3774 3793 3794 3818 3872 3881 3899 3907 3941 3982 4078 4120 4125 4176 4205 4221 4237 4256 4274 4303 4310 4311 4320 4321 4344 4404 4424 4488 4498 4528 4542 4565 4591 4651 4655 4660 4689 4764 4775 4802 4864 4865 4912 4915 4960 4972 4986 5014 5063 5081 5084 5102 5116 5127 5182 5209 5219 5285 5337 5364 5384 5387 5395 5414 5459 5462 5463 5544 5546 5555 5567 5589 5617 5647 5654 5677 5701 5722 5738 5776 5788 5839 5845 5851 5857 5867 5891 5893 5903 5905 5909 5923 5929 5953 6016 6046 6061 6064 6111 6131 6169 6219 6224 6231 6233 6302 6321 6331 6338 6345 6349 6361 6385 6390 6392 6408 6430 6451 6465 6485 6492 6517 6526 6533 6535 6602 6607 6612 6614 6618 6631 6640 6645 6656 6659 6675 6677 6682 6685 6715 6722 6724 6731 6755 6773 6790 6846 6862 6867 6886 6926 6949 6951 6969 6975 6979 6987 6991 7006 7039 7046 7052 7063 7089 7110 7113 7132 7160 7163 7176 7194 7198 7237 7239 7244 7265 7270 7302 7304 7311 7335 7355 7372 7374 7383 7410 7412 7424 7435 7463 7500 7504 7506 7527 7547 7554 7561 7563 7571 7575 7604 7626 7646 7647 7652 7670 7672 7688 7700 7708 7711
89 142 174 318 326 355 378 431 466 472 497 517 540 541 561 589 598 657 660 699 725 779 835 852 854 899 990 999 1023 1077 1112 1155 1197 1221 1290 1418 1438 1459 1483 1537 1544 1562 1568 1585 1590 1619 1667 1677 1728 1746 1799 1804 1867 1931 1945 1946 2023 2149 2154 2187 2191 2249 2305 2360 2435 2436 2448 2529 2549 2575 2584 2608 2749 2774 2809 2828 2833 2848 2850 2900 2993 3008 3034 3070 3073 3097 3104 3132 3158 3174 3176 3186 3252 3273 3299 3311 3335 3342 3409 3421 3433 3441 3442 3462 3486 3500 3555 3666 3675 3750 3785 3789 3866 3888 3923 3940 4074 4109 4115 4202 4210 4220 4227 4244 4277 4289 4301 4322 4335 4398 4446 4472 4487 4518 4557 4558 4582 4601 4607 4618 4658 4685 4743 4747 4766 4791 4864 4872 4903 4920 4945 4951 5005 5054 5101 5111 5121 5217 5218 5231 5263 5279 5328 5348 5359 5364 5375 5407 5432 5535 5538 5550 5568 5645 5669 5686 5688 5728 5732 5744 5749 5774 5780 5834 5837 5867 5875 5907 5919 5927 5941 5959 5968 6001 6015 6059 6081 6086 6118 6129 6166 6217 6225 6231 6268 6307 6318 6340 6377 6381 6382 6387 6388 6391 6445 6448 6449 6457 6473 6479 6509 6520 6526 6534 6543 6584 6606 6620 6624 6626 6630 6636 6662 6679 6692 6700 6715 6723 6730 6742 6750 6753 6755 6783 6835 6845 6864 6885 6920 6923 6945 6949 6990 6998 7001 7041 7083 7089 7094 7114 7126 7155 7160 7165 7192 7226 7232 7236 7300 7364 7370 7374 7400 7413 7420 7434 7458 7488 7495 7504 7524 7546 7547 7555 7556 7575 7597 7619 7626 7645 7646 7650 7659 7668 7676 7691
51 76 139 214 223 246 353 373 425 498 513 522 573 644 647 657 665 694 747 784 795 815 953 968 1002 1061 1110 1153 1176 1257 1369 1414 1433 1441 1452 1487 1530 1580 1608 1656 1678 1721 1730 1907 1924 1964 1997 2121 2129 2174 2322 2421 2498 2536 2565 2571 2620 2624 2750 2778 2781 2831 2845 2846 2847 2856 2907 2944 2967 2973 2980 3011 3045 3050 3056 3062 3070 3097 3107 3110 3157 3180 3244 3249 3277 3289 3375 3404 3409 3433 3440 3460 3477 3500 3549 3621 3657 3750 3765 3785 3788 3801 3809 3826 3832 3853 3856 3858 3878 3895 3914 3950 4038 4042 4096 4106 4107 4169 4183 4186 4188 4201 4218 4220 4238 4273 4274 4307 4334 4354 4387 4414 4441 4452 4474 4480 4516 4529 4548 4549 4552 4554 4565 4580 4598 4617 4635 4637 4639 4642 4661 4678 4743 4761 4837 4849 4870 4937 4939 4996 5014 5100 5180 5182 5194 5207 5245 5254 5261 5286 5342 5351 5360 5391 5397 5431 5482 5491 5495 5524 5527 5535 5548 5572 5643 5659 5667 5675 5711 5727 5734 5769 5784 5789 5832 5833 5862 5863 5866 5868 5870 5902 5906 5912 5916 5931 5943 5953 5999 6000 6006 6042 6074 6108 6111 6148 6186 6208 6210 6221 6254 6306 6316 6339 6341 6347 6355 6359 6362 6378 6384 6443 6447 6456 6470 6508 6514 6517 6530 6566 6574 6580 6613 6618 6629 6630 6650 6656 6657 6661 6674 6690 6693 6708 6728 6749 6750 6778 6782 6822 6826 6841 6871 6912 6913 6943 6975 6983 6987 6989 7055 7064 7081 7125 7127 7148 7157 7161 7183 7189 7192 7215 7226 7229 7267 7269 7279 7291 7300 7347 7364 7365 7368 7376 7397 7401 7407 7416 7417 7445 7477 7484 7485 7494 7495 7531 7544 7546 7548 7572 7575 7603 7614 7622 7623 7628 7642 7644 7648 7659 7680
30 59 90 131 139 198 277 300 369 415 445 486 493 508 546 620 628 724 744 764 792 846 931 952 963 967 968 1044 1106 1122 1151 1158 1170 1174 1299 1302 1408 1414 1474 1483 1523 1568 1572 1585 1593 1636 1757 1810 1838 1890 2094 2113 2118 2133 2191 2235 2282 2383 2397 2420 2424 2463 2465 2529 2620 2628 2712 2723 2734 2759 2772 2780 2792 2900 2926 2940 2967 2970 2974 2985 3000 3039 3045 3046 3056 3068 3084 3109 3134 3180 3194 3223 3244 3271 3277 3289 3403 3432 3433 3446 3490 3498 3539 3544 3614 3644 3646 3729 3744 3745 3751 3779 3787 3851 3852 3856 3876 3891 3899 3926 4003 4029 4062 4067 4090 4135 4160 4171 4195 4210 4225 4266 4267 4272 4278 4285 4325 4358 4389 4410 4431 4432 4441 4460 4497 4503 4506 4507 4537 4573 4577 4586 4624 4635 4703 4704 4706 4707 4718 4719 4757 4805 4806 4823 4836 4854 4921 4922 4939 4945 4978 4984 5005 5094 5110 5131 5166 5168 5196 5218 5234 5259 5262 5282 5337 5356 5366 5391 5467 5469 5470 5524 5529 5530 5535 5545 5626 5636 5640 5643 5706 5708 5718 5725 5749 5793 5832 5858 5886 5899 5902 5915 5921 5968 5971 5975 5999 6041 6056 6088 6096 6105 6140 6144 6167 6169 6190 6204 6213 6216 6241 6287 6300 6332 6346 6347 6349 6362 6368 6375 6378 6382 6404 6443 6444 6457 6465 6480 6508 6510 6514 6551 6565 6568 6583 6600 6615 6622 6629 6630 6658 6663 6687 6693 6718 6721 6724 6744 6747 6758 6814 6837 6868 6889 6894 6896 6928 6930 6933 6945 6970 7041 7051 7057 7096 7116 7119 7124 7125 7143 7159 7166 7172 7176 7184 7189 7195 7205 7238 7250 7253 7311 7317 7328 7360 7376 7380 7385 7392 7403 7452 7480 7481 7494 7499 7527 7534 7568 7569 7578 7588 7601 7603 7612 7614 7621 7627 7628 7629 7638 7643 7656 7658
32 59 121 148 171 209 348 371 373 412 416 420 443 483 542 562 564 581 605 648 672 693 726 766 848 917 919 952 953 965 998 1008 1055 1063 1077 1097 1145 1160 1287 1386 1397 1439 1480 1514 1543 1545 1584 1599 1689 1742 1788 1887 2015 2048 2079 2088 2108 2111 2132 2297 2332 2358 2393 2415 2449 2515 2600 2607 2631 2713 2724 2769 2776 2777 2782 2784 2834 2859 2868 2920 2981 2987 3005 3012 3017 3055 3093 3158 3188 3205 3210 3255 3261 3337 3338 3384 3385 3401 3415 3424 3425 3428 3468 3515 3528 3533 3575 3592 3618 3647 3722 3743 3785 3789 3820 3830 3843 3869 3879 3888 4014 4023 4036 4095 4152 4153 4192 4220 4232 4235 4280 4297 4317 4399 4432 4446 4449 4459 4488 4489 4502 4528 4542 4551 4552 4584 4634 4646 4675 4698 4755 4762 4768 4802 4816 4861 4895 4906 4919 4922 4939 4954 4998 5024 5129 5163 5166 5192 5217 5224 5326 5346 5347 5380 5404 5465 5484 5518 5573 5611 5632 5636 5640 5652 5663 5683 5695 5713 5717 5738 5767 5790 5822 5827 5828 5838 5865 5890 5899 5906 5949 5950 5999 6004 6083 6104 6105 6112 6115 6148 6187 6200 6276 6285 6294 6296 6318 6319 6323 6332 6357 6374 6394 6402 6442 6443 6445 6447 6458 6464 6488 6507 6512 6514 6524 6532 6536 6560 6571 6599 6603 6604 6617 6656 6660 6679 6686 6717 6718 6720 6721 6738 6747 6803 6806 6814 6815 6820 6839 6888 6908 6924 6925 6926 6956 6968 7002 7037 7050 7052 7089 7107 7114 7125 7127 7143 7144 7150 7162 7171 7182 7192 7204 7224 7225 7247 7297 7302 7307 7342 7350 7369 7380 7394 7403 7422 7432 7472 7493 7527 7528 7530 7533 7574 7580 7595 7613 7621 7626 7628 7638 7652 7656
5 60 117 185 303 338 341 367 399 406 416 457 481 518 574 583 592 599 652 680 721 878 879 884 901 909 946 999 1051 1065 1140 1194 1264 1325 1347 1365 1389 1434 1448 1471 1507 1537 1652 1699 1798 1839 1859 1932 1946 1976 1982 2077 2082 2102 2128 2169 2290 2304 2316 2386 2390 2402 2416 2493 2503 2517 2562 2678 2762 2768 2769 2773 2838 2917 2919 2952 2959 2973 3002 3006 3032 3057 3075 3091 3176 3190 3200 3223 3259 3263 3276 3295 3329 3365 3370 3393 3422 3428 3431 3502 3560 3584 3602 3617 3640 3678 3710 3737 3768 3769 3798 3801 3816 3827 3836 3861 3878 3916 3965 4028 4118 4135 4162 4174 4183 4185 4226 4229 4251 4277 4290 4313 4333 4383 4388 4392 4434 4441 4456 4502 4509 4527 4533 4582 4593 4624 4646 4692 4725 4729 4740 4800 4815 4835 4869 4875 4892 4935 4938 4940 5024 5064 5118 5122 5124 5152 5159 5160 5172 5192 5199 5218 5278 5292 5325 5330 5334 5336 5360 5368 5380 5411 5412 5429 5473 5519 5545 5579 5627 5661 5680 5708 5710 5729 5772 5781 5817 5824 5826 5831 5864 5885 5893 5895 5906 5922 5939 5950 5962 5972 5980 6029 6069 6081 6100 6126 6138 6162 6176 6196 6274 6283 6294 6303 6308 6309 6330 6348 6367 6368 6394 6419 6421 6429 6442 6446 6461 6501 6507 6520 6567 6599 6635 6658 6663 6665 6674 6684 6712 6713 6729 6743 6765 6785 6804 6806 6837 6881 6888 6908 6917 6932 6948 6949 7006 7025 7050 7075 7083 7092 7103 7120 7140 7143 7162 7166 7170 7175 7180 7182 7204 7221 7228 7251 7276 7302 7312 7320 7321 7339 7344 7346 7369 7370 7378 7398 7400 7421 7462 7482 7501 7505 7527 7532 7574 7577 7592 7594 7612 7622 7623 7638 7649
70 89 95 99 148 165 244 335 360 394 433 447 493 559 580 591 623 675 684 689 705 734 736 761 878 913 936 994 1043 1052 1132 1182 1244 1308 1336 1352 1364 1411 1454 1481 1512 1529 1533 1602 1650 1678 1782 1913 2009 2049 2101 2102 2119 2123 2261 2271 2297 2300 2318 2344 2386 2401 2502 2506 2586 2745 2748 2764 2817 2889 2893 2909 2925 2926 2930 2935 2990 3002 3023 3034 3043 3091 3172 3175 3183 3185 3214 3235 3248 3255 3261 3283 3301 3316 3326 3332 3386 3402 3415 3420 3422 3427 3566 3585 3635 3673 3680 3756 3757 3758 3770 3773 3808 3829 3837 3865 3915 3924 3927 3941 3994 4098 4140 4165 4177 4189 4196 4207 4233 4267 4286 4294 4363 4371 4387 4419 4443 4444 4465 4511 4519 4523 4558 4585 4601 4604 4616 4625 4646 4649 4683 4740 4759 4782 4790 4796 4846 4865 4883 4902 4918 4932 4935 4937 4974 5040 5096 5107 5145 5149 5159 5209 5213 5227 5234 5256 5293 5321 5326 5349 5377 5404 5425 5482 5492 5493 5584 5622 5625 5634 5643 5660 5704 5706 5757 5774 5815 5823 5859 5863 5875 5893 5906 5932 6012 6036 6041 6064 6096 6100 6106 6119 6121 6162 6163 6193 6195 6258 6269 6277 6286 6295 6299 6308 6329 6334 6336 6341 6357 6364 6377 6400 6408 6421 6428 6435 6446 6448 6463 6484 6489 6508 6519 6540 6541 6567 6595 6615 6624 6626 6654 6656 6657 6695 6701 6705 6708 6725 6798 6806 6830 6860 6886 6888 6907 6930 6948 6998 7004 7010 7031 7068 7075 7083 7088 7091 7095 7129 7135 7149 7152 7162 7181 7202 7274 7291 7307 7310 7316 7366 7388 7393 7428 7435 7444 7448 7457 7481 7504 7513 7523 7525 7527 7543 7557 7567 7573 7579 7589 7609 7610 7620 7622 7625 7629 7649
85 94 157 246 299 306 322 325 355 385 391 421 422 452 486 500 530 578 650 673 878 902 946 993 994 1048 1052 1122 1144 1235 1299 1341 1376 1442 1449 1470 1486 1495 1511 1522 1530 1644 1708 1792 1900 1998 2007 2046 2061 2076 2112 2133 2237 2260 2293 2308 2326 2353 2363 2367 2377 2378 2455 2477 2480 2542 2659 2728 2748 2785 2808 2828 2878 2882 2905 2923 2990 2992 3002 3061 3109 3118 3167 3171 3183 3203 3245 3249 3251 3252 3262 3267 3295 3312 3318 3347 3357 3395 3400 3412 3414 3415 3457 3503 3566 3617 3632 3667 3673 3688 3743 3747 3754 3771 3791 3819 3900 3929 3962 3963 3982 4064 4090 4129 4156 4160 4176 4210 4219 4225 4281 4285 4289 4348 4356 4365 4419 4444 4448 4462 4502 4506 4507 4542 4543 4575 4602 4615 4618 4632 4729 4744 4788 4842 4860 4887 4916 4921 4925 4934 4958 4964 4989 5025 5050 5087 5101 5141 5185 5206 5240 5274 5285 5293 5302 5308 5312 5314 5334 5364 5367 5390 5402 5403 5439 5462 5484 5511 5555 5559 5622 5623 5642 5647 5692 5702 5724 5741 5763 5782 5798 5811 5821 5857 5862 5864 5924 5992 6029 6074 6089 6113 6114 6122 6167 6173 6175 6193 6234 6254 6270 6277 6285 6302 6304 6311 6318 6348 6359 6370 6392 6405 6416 6421 6438 6445 6475 6488 6508 6547 6554 6557 6581 6583 6584 6587 6603 6607 6631 6643 6651 6652 6688 6704 6787 6797 6806 6837 6861 6882 6885 6890 6920 6924 6934 6987 7002 7071 7078 7081 7087 7090 7091 7121 7131 7135 7144 7145 7156 7174 7180 7184 7186 7187 7233 7282 7288 7293 7304 7338 7346 7350 7354 7365 7368 7373 7387 7394 7412 7435 7438 7440 7457 7458 7491 7513 7522 7525 7539 7553 7558 7572 7595 7596 7608 7618 7620 7646
37 65 87 200 288 302 310 315 325 349 359 375 388 413 438 471 520 578 610 668 858 884 897 961 982 1027 1104 1105 1120 1153 1262 1263 1291 1292 1306 1370 1429 1461 1466 1487 1516 1529 1645 1718 1773 1783 1798 1854 1950 2042 2086 2130 2172 2206 2280 2291 2319 2324 2438 2495 2635 2660 2698 2704 2738 2739 2782 2877 2900 2904 2917 2936 2977 2986 3001 3163 3199 3215 3228 3243 3246 3266 3277 3289 3303 3338 3341 3358 3380 3394 3409 3423 3462 3470 3538 3548 3564 3576 3611 3631 3647 3689 3728 3745 3748 3749 3764 3818 3894 3899 3916 3953 4063 4090 4096 4119 4120 4156 4172 4186 4206 4208 4262 4275 4343 4352 4368 4407 4413 4424 4434 4436 4490 4491 4502 4537 4581 4606 4630 4695 4736 4754 4779 4788 4812 4826 4846 4847 4909 4959 4962 5035 5075 5093 5129 5132 5177 5191 5193 5199 5204 5237 5276 5290 5291 5302 5304 5333 5341 5351 5397 5436 5471 5475 5524 5612 5619 5637 5642 5646 5680 5686 5692 5693 5706 5710 5805 5810 5847 5855 5861 5921 5963 5964 5971 6056 6066 6108 6145 6150 6193 6198 6214 6250 6257 6266 6275 6294 6319 6335 6352 6359 6367 6385 6416 6465 6466 6482 6487 6522 6533 6558 6560 6586 6593 6600 6627 6649 6658 6672 6679 6695 6701 6703 6740 6761 6769 6775 6810 6841 6853 6856 6870 6875 6880 6889 6890 6901 6903 6923 6929 6939 6992 7000 7002 7023 7063 7072 7076 7107 7112 7129 7131 7137 7147 7156 7157 7174 7184 7199 7227 7272 7276 7281 7287 7299 7303 7315 7338 7345 7352 7364 7394 7402 7433 7434 7455 7463 7464 7490 7513 7518 7526 7556 7566 7595 7606 7608 7617 7618
3 19 69 105 284 299 322 356 370 385 426 440 460 471 578 608 647 678 731 819 857 882 894 956 975 1088 1105 1215 1262 1416 1419 1441 1445 1501 1514 1677 1685 1869 1883 1887 1894 1993 1999 2029 2041 2066 2122 2188 2278 2279 2337 2420 2444 2510 2670 2688 2704 2718 2737 2773 2801 2858 2866 2892 2893 2929 2942 2966 2979 2982 2994 3016 3026 3099 3141 3150 3196 3211 3218 3229 3237 3326 3347 3350 3378 3393 3404 3444 3467 3472 3491 3507 3551 3572 3580 3614 3686 3688 3731 3736 3762 3763 3883 3901 3912 3927 4004 4026 4035 4036 4047 4065 4072 4092 4112 4141 4143 4178 4189 4246 4249 4254 4283 4351 4406 4411 4475 4477 4487 4494 4524 4581 4594 4615 4622 4677 4694 4701 4713 4731 4738 4774 4783 4786 4795 4804 4821 4837 4889 4900 4908 4912 5008 5020 5074 5096 5129 5182 5219 5230 5258 5266 5285 5288 5290 5291 5311 5313 5327 5342 5392 5446 5451 5504 5528 5530 5588 5616 5621 5631 5655 5658 5662 5666 5683 5695 5704 5778 5779 5807 5825 5845 5850 5855 5858 5859 5869 5879 5899 5903 5915 5916 5934 5943 5999 6042 6058 6130 6132 6139 6143 6163 6167 6181 6196 6205 6241 6243 6255 6274 6294 6319 6332 6338 6356 6364 6380 6382 6384 6416 6422 6465 6466 6486 6517 6524 6551 6571 6572 6584 6591 6594 6602 6604 6620 6626 6627 6629 6631 6635 6639 6668 6676 6700 6742 6753 6772 6809 6815 6825 6834 6841 6858 6865 6867 6870 6872 6874 6898 6924 6980 7009 7044 7068 7069 7093 7099 7102 7117 7124 7128 7132 7145 7171 7174 7177 7178 7203 7268 7283 7299 7302 7310 7313 7324 7349 7362 7408 7426 7451 7453 7459 7474 7477 7489 7507 7508 7511 7515 7544 7550 7556 7564 7572 7583 7591 7598 7610 7612
55 91 158 171 265 285 289 322 335 337 360 460 560 595 610 622 623 666 782 791 868 885 917 964 999 1016 1060 1068 1088 1141 1181 1204 1208 1255 1359 1365 1410 1439 1447 1463 1493 1652 1669 1691 1775 1834 1878 1982 1986 2011 2023 2024 2032 2094 2145 2171 2177 2259 2270 2337 2359 2395 2542 2670 2736 2816 2865 2887 2892 2895 2918 2981 3004 3016 3022 3074 3079 3093 3133 3164 3186 3194 3217 3229 3305 3317 3318 3350 3373 3389 3423 3424 3472 3523 3570 3588 3650 3685 3721 3750 3755 3772 3869 3891 4019 4074 4087 4091 4099 4127 4136 4141 4160 4182 4232 4237 4258 4261 4273 4323 4347 4363 4404 4468 4477 4485 4490 4515 4545 4560 4575 4619 4620 4629 4652 4654 4690 4697 4701 4716 4726 4764 4774 4786 4803 4840 4850 4852 4877 4894 4963 4996 5020 5029 5036 5039 5043 5093 5119 5122 5148 5167 5215 5223 5243 5266 5287 5304 5332 5351 5443 5459 5517 5557 5574 5576 5615 5636 5647 5778 5799 5806 5808 5843 5844 5848 5856 5898 5901 5907 5988 6002 6014 6024 6039 6056 6116 6130 6156 6166 6173 6176 6199 6229 6247 6254 6270 6271 6272 6280 6318 6327 6333 6335 6342 6362 6386 6392 6417 6439 6460 6465 6478 6518 6520 6524 6548 6550 6561 6567 6573 6576 6580 6598 6607 6610 6620 6627 6628 6649 6689 6737 6738 6751 6790 6792 6826 6840 6842 6862 6869 6887 6895 6909 6914 6917 6937 6966 7002 7029 7063 7066 7072 7085 7090 7107 7114 7121 7145 7170 7171 7172 7196 7217 7239 7281 7297 7315 7318 7319 7320 7348 7378 7425 7445 7448 7449 7450 7463 7487 7489 7496 7506 7541 7542 7555 7563 7566 7573 7587 7610
9 15 48 108 158 234 243 255 289 313 323 330 353 462 464 476 507 518 527 535 570 679 694 718 758 781 840 857 861 899 906 971 1018 1063 1107 1167 1178 1189 1200 1207 1231 1267 1406 1408 1425 1428 1453 1597 1666 1758 1833 1842 1941 1977 1984 1998 2020 2025 2064 2101 2119 2166 2178 2256 2300 2341 2395 2576 2592 2658 2718 2730 2734 2779 2798 2857 2869 2875 2904 2910 2916 2935 3010 3039 3078 3095 3116 3178 3194 3217 3221 3257 3304 3335 3340 3363 3364 3374 3444 3516 3560 3584 3612 3627 3629 3641 3661 3680 3684 3699 3706 3717 3742 3819 3838 3859 3864 3877 3878 3886 3992 4008 4086 4123 4133 4134 4160 4182 4234 4278 4300 4330 4347 4360 4363 4374 4437 4466 4474 4487 4528 4538 4554 4572 4574 4590 4627 4680 4686 4698 4771 4791 4848 4849 4865 4909 4938 4996 5004 5013 5028 5048 5098 5101 5119 5158 5194 5197 5212 5216 5219 5243 5265 5276 5300 5325 5339 5401 5436 5441 5471 5493 5510 5519 5612 5615 5625 5695 5706 5776 5796 5797 5798 5800 5840 5843 5844 5853 5888 5897 5907 5969 5989 6020 6027 6033 6065 6095 6114 6121 6136 6165 6167 6173 6211 6229 6244 6260 6280 6293 6308 6314 6315 6317 6318 6333 6338 6341 6387 6425 6438 6444 6446 6460 6473 6489 6491 6505 6518 6522 6524 6538 6566 6568 6578 6580 6593 6600 6610 6617 6624 6625 6630 6681 6682 6684 6691 6734 6748 6763 6775 6783 6787 6809 6810 6834 6836 6864 6877 6884 6909 6924 6937 6938 6946 6988 7013 7015 7017 7021 7044 7056 7083 7095 7113 7125 7133 7136 7145 7153 7160 7177 7218 7223 7279 7292 7296 7305 7306 7315 7341 7365 7371 7402 7444 7449 7472 7485 7504 7531 7532 7542 7561 7600 7606 7609 7610
3 30 85 174 200 219 243 245 271 292 307 323 327 465 530 538 540 558 560 582 604 650 671 695 716 727 740 788 796 836 837 857 858 969 992 1097 1143 1171 1378 1381 1399 1422 1488 1553 1565 1649 1751 1753 1799 1821 1822 1825 1889 1931 1947 1962 1967 1973 1979 2033 2091 2094 2097 2101 2127 2255 2527 2627 2653 2677 2694 2724 2782 2816 2835 2844 2850 2868 2914 2934 2954 2999 3046 3062 3097 3124 3173 3175 3178 3193 3213 3264 3282 3302 3320 3321 3325 3340 3359 3367 3508 3537 3538 3548 3616 3623 3667 3690 3703 3831 3848 3851 3875 3987 3991 3997 4045 4080 4104 4123 4151 4169 4180 4200 4258 4327 4339 4343 4350 4373 4451 4457 4464 4522 4557 4582 4588 4591 4627 4644 4669 4685 4709 4712 4717 4750 4761 4779 4841 4848 4898 4922 4947 4969 4998 5002 5005 5018 5027 5061 5076 5095 5137 5143 5160 5177 5188 5230 5242 5261 5266 5297 5312 5372 5411 5436 5507 5510 5589 5605 5608 5615 5660 5680 5766 5771 5775 5784 5794 5814 5832 5835 5844 5883 5893 5906 5957 5962 5981 6008 6027 6050 6077 6098 6112 6132 6159 6166 6169 6179 6201 6205 6241 6252 6273 6275 6278 6288 6308 6330 6333 6339 6359 6360 6371 6384 6420 6423 6428 6460 6489 6490 6491 6518 6521 6544 6575 6578 6588 6601 6612 6618 6621 6633 6657 6675 6717 6722 6725 6729 6759 6777 6804 6809 6814 6819 6851 6860 6865 6877 6927 6930 6975 7001 7003 7016 7040 7070 7079 7112 7144 7146 7159 7172 7184 7213 7254 7278 7281 7282 7291 7301 7308 7321 7354 7387 7390 7395 7444 7447 7466 7470 7480 7482 7502 7517 7519 7526 7528 7536 7538 7539 7544 7568 7593 7600 7608
22 61 160 165 169 214 219 254 256 264 265 280 310 317 402 438 452 506 542 563 602 657 718 775 789 831 917 956 981 1001 1141 1148 1162 1219 1369 1371 1380 1389 1414 1472 1503 1708 1773 1877 1880 1888 1941 1957 1977 2002 2018 2069 2109 2159 2243 2246 2347 2433 2449 2470 2569 2651 2662 2669 2675 2691 2707 2815 2832 2866 2904 2910 2930 2969 3041 3060 3161 3162 3200 3213 3231 3254 3276 3289 3298 3348 3436 3445 3482 3496 3508 3528 3548 3563 3573 3618 3677 3679 3682 3688 3700 3788 3845 3949 3974 3986 4013 4059 4072 4102 4116 4134 4146 4158 4166 4172 4177 4188 4327 4338 4373 4386 4427 4433 4434 4444 4456 4457 4473 4547 4557 4569 4592 4669 4686 4707 4730 4799 4846 4848 4889 4901 4943 4959 4984 5054 5082 5139 5148 5167 5205 5226 5235 5245 5247 5266 5291 5366 5391 5404 5465 5580 5586 5590 5602 5610 5624 5749 5753 5767 5778 5815 5832 5833 5841 5856 5880 5888 5905 5907 5953 6007 6015 6020 6027 6038 6077 6079 6094 6101 6106 6112 6128 6138 6143 6157 6169 6194 6216 6227 6229 6247 6262 6263 6300 6302 6309 6327 6336 6347 6350 6351 6375 6389 6414 6420 6446 6451 6455 6475 6504 6514 6515 6519 6521 6522 6523 6532 6571 6575 6577 6578 6592 6605 6615 6616 6620 6630 6648 6651 6658 6663 6664 6711 6719 6722 6726 6728 6737 6739 6783 6791 6809 6816 6832 6836 6848 6856 6861 6914 6968 6987 7002 7058 7078 7093 7104 7108 7127 7141 7146 7159 7171 7183 7221 7244 7245 7259 7266 7278 7289 7300 7310 7321 7349 7387 7406 7438 7443 7450 7466 7480 7497 7500 7501 7523 7526 7540 7572 7592 7595 7599
6 52 135 138 171 200 237 245 256 261 264 275 316 356 411 422 505 551 595 617 644 661 749 829 911 971 1103 1130 1135 1199 1321 1354 1367 1391 1420 1445 1491 1587 1671 1749 1771 1864 1876 1924 1955 1983 2007 2021 2115 2140 2199 2235 2398 2442 2561 2577 2649 2651 2684 2690 2771 2774 2799 2815 2819 2833 2884 2890 2894 2919 2955 2988 3024 3046 3066 3104 3151 3153 3162 3185 3211 3273 3278 3284 3333 3338 3348 3454 3470 3520 3563 3609 3616 3642 3669 3677 3687 3697 3771 3780 3782 3819 3843 3909 3922 3948 3972 3998 4026 4100 4116 4119 4153 4156 4184 4235 4290 4302 4307 4324 4355 4358 4373 4408 4415 4433 4450 4484 4503 4546 4547 4618 4621 4639 4658 4661 4675 4688 4703 4770 4797 4813 4830 4831 4866 4925 4926 4949 4965 5006 5069 5070 5104 5114 5115 5130 5146 5196 5209 5232 5236 5241 5267 5288 5362 5363 5398 5411 5415 5428 5447 5514 5515 5545 5565 5572 5585 5592 5595 5627 5687 5745 5754 5755 5757 5764 5775 5780 5794 5825 5828 5845 5850 5863 5866 5871 5941 5984 6020 6026 6027 6052 6096 6106 6124 6125 6135 6165 6188 6216 6260 6265 6267 6279 6298 6299 6310 6314 6319 6327 6331 6344 6360 6362 6394 6400 6403 6420 6434 6436 6443 6451 6457 6459 6484 6493 6507 6539 6575 6589 6594 6600 6633 6709 6712 6713 6716 6761 6783 6793 6797 6826 6846 6849 6856 6889 6914 6932 6955 6958 6959 6977 6978 6979 6992 7052 7056 7075 7087 7099 7100 7136 7146 7154 7158 7164 7170 7208 7212 7224 7232 7254 7270 7274 7276 7277 7281 7299 7316 7384 7388 7417 7423 7431 7441 7442 7461 7466 7474 7485 7515 7525 7540 7544 7560 7572 7582 7583 7591 7592
52 125 135 165 192 199 237 284 315 371 387 468 539 585 598 825 873 881 926 957 967 1070 1075 1103 1308 1318 1331 1342 1359 1367 1387 1478 1504 1545 1625 1735 1801 1846 1869 1922 1938 1975 2002 2026 2029 2097 2162 2233 2257 2363 2406 2421 2454 2569 2582 2631 2641 2661 2669 2773 2777 2801 2809 2877 2883 2927 2975 2996 3098 3123 3127 3136 3153 3155 3239 3262 3272 3315 3331 3336 3445 3452 3518 3555 3559 3560 3601 3609 3671 3673 3691 3745 3770 3787 3810 3818 3839 3841 3922 3933 3943 3959 3962 4075 4099 4123 4137 4153 4175 4222 4279 4302 4314 4347 4356 4357 4368 4408 4425 4427 4447 4483 4520 4530 4535 4547 4578 4591 4634 4657 4674 4689 4776 4789 4807 4915 4931 4943 4960 4998 5063 5101 5140 5179 5235 5241 5269 5330 5353 5387 5402 5489 5511 5547 5563 5572 5577 5583 5660 5672 5719 5723 5727 5751 5752 5755 5766 5771 5799 5801 5809 5810 5848 5857 5934 5952 5978 6021 6050 6052 6096 6105 6149 6169 6180 6182 6185 6186 6207 6227 6252 6253 6264 6267 6284 6293 6300 6305 6319 6341 6358 6374 6395 6397 6431 6434 6442 6450 6451 6455 6458 6477 6489 6493 6495 6523 6530 6535 6554 6558 6562 6586 6618 6626 6678 6705 6739 6758 6769 6781 6808 6828 6834 6838 6844 6848 6853 6889 6900 6910 6939 6955 6968 6969 7013 7018 7040 7048 7056 7058 7068 7084 7088 7125 7126 7135 7149 7154 7168 7180 7191 7199 7235 7242 7252 7268 7280 7286 7314 7316 7356 7382 7410 7416 7428 7437 7446 7461 7464 7472 7507 7511 7513 7523 7527 7551 7552 7566 7577
17 23 51 87 96 112 137 190 192 208 235 282 295 307 364 387 440 480 504 539 582 701 809 812 818 853 894 930 980 993 996 1012 1065 1072 1077 1260 1327 1337 1344 1361 1390 1393 1471 1530 1686 1750 1827 1830 1837 1856 1862 1895 1923 1924 1927 1940 1973 1975 2114 2220 2394 2446 2517 2562 2621 2649 2651 2664 2714 2751 2769 2784 2792 2800 2843 2876 2909 2939 3115 3121 3144 3146 3237 3242 3256 3257 3299 3330 3408 3427 3476 3478 3511 3525 3527 3576 3592 3596 3647 3654 3673 3732 3733 3769 3832 3833 3839 3918 3929 3956 3958 4044 4074 4080 4085 4104 4144 4184 4278 4295 4298 4310 4344 4388 4393 4439 4470 4506 4510 4513 4520 4532 4567 4574 4584 4586 4589 4631 4636 4689 4714 4789 4800 4855 4868 4913 4927 4953 4959 4984 4987 5020 5078 5081 5094 5136 5193 5226 5235 5236 5239 5310 5319 5335 5350 5369 5465 5486 5487 5500 5512 5526 5537 5560 5565 5659 5661 5662 5694 5749 5751 5760 5800 5804 5845 5906 5921 5963 5973 5993 6034 6046 6086 6090 6143 6144 6172 6176 6193 6227 6229 6239 6262 6277 6295 6301 6306 6315 6332 6373 6382 6395 6396 6401 6404 6415 6432 6434 6440 6444 6453 6487 6491 6518 6533 6539 6544 6547 6553 6560 6584 6606 6613 6678 6681 6684 6695 6702 6705 6723 6753 6775 6808 6813 6828 6860 6892 6896 6897 6905 6921 6934 6952 6962 6980 7036 7056 7057 7066 7077 7083 7084 7118 7124 7127 7148 7172 7192 7198 7233 7249 7258 7272 7280 7282 7299 7304 7341 7369 7371 7374 7386 7409 7413 7437 7450 7454 7464 7468 7485 7495 7505 7513 7515 7533 7545 7577
37 74 109 140 172 176 184 203 221 256 263 282 359 415 448 483 485 499 529 576 736 740 774 787 809 822 833 867 961 969 1037 1147 1213 1248 1315 1385 1511 1637 1664 1789 1809 1821 1850 1857 1898 1924 1965 2018 2088 2146 2166 2213 2287 2315 2370 2394 2427 2442 2529 2535 2561 2596 2642 2644 2650 2719 2745 2789 2797 2829 2840 2856 2869 2888 2899 2920 3043 3046 3050 3101 3106 3142 3143 3168 3177 3210 3229 3248 3250 3273 3299 3301 3344 3427 3435 3437 3449 3499 3514 3541 3547 3594 3616 3628 3727 3741 3786 3828 3905 3911 3948 3957 4017 4020 4065 4075 4097 4101 4126 4156 4232 4234 4264 4272 4278 4283 4285 4323 4336 4381 4392 4450 4468 4503 4520 4530 4550 4567 4570 4579 4588 4602 4653 4689 4702 4786 4854 4891 4896 4925 4965 5013 5039 5052 5066 5088 5122 5128 5135 5136 5140 5222 5226 5230 5238 5264 5315 5328 5366 5477 5484 5488 5518 5532 5534 5557 5631 5641 5685 5711 5715 5738 5751 5784 5798 5822 5838 5862 5864 5893 5911 5925 5949 5981 5994 6002 6033 6034 6067 6073 6085 6104 6124 6132 6143 6169 6171 6176 6190 6213 6224 6254 6257 6272 6286 6292 6302 6311 6326 6362 6393 6396 6400 6415 6427 6433 6438 6439 6443 6447 6487 6490 6512 6538 6540 6541 6545 6548 6550 6567 6574 6576 6583 6590 6597 6599 6609 6612 6615 6686 6687 6699 6701 6750 6764 6770 6797 6818 6824 6826 6843 6887 6905 6918 6962 7030 7032 7034 7035 7056 7057 7066 7081 7082 7096 7102 7145 7172 7219 7224 7228 7235 7249 7258 7275 7280 7340 7357 7405 7408 7424 7432 7435 7447 7457 7500 7502 7504 7509 7534 7542 7543 7554 7574
41 69 129 136 152 163 197 206 243 327 390 418 458 509 512 559 697 735 803 814 851 912 918 926 966 985 1015 1191 1228 1257 1300 1311 1314 1362 1385 1461 1497 1552 1662 1696 1705 1717 1813 1864 1948 1954 1968 2033 2119 2143 2145 2146 2171 2351 2448 2474 2530 2541 2556 2565 2595 2631 2640 2684 2705 2708 2712 2786 2797 2841 2888 2889 2915 2958 3002 3021 3060 3090 3097 3103 3132 3156 3157 3212 3216 3245 3259 3271 3329 3360 3367 3373 3413 3513 3514 3524 3526 3554 3586 3590 3599 3621 3693 3715 3731 3752 3803 3891 3905 3911 3940 4005 4007 4049 4082 4123 4153 4208 4234 4236 4245 4258 4263 4278 4279 4282 4301 4315 4348 4367 4374 4383 4387 4390 4455 4463 4475 4493 4509 4511 4547 4560 4562 4569 4597 4630 4633 4642 4674 4684 4736 4779 4780 4784 4835 4885 4891 4900 4915 4922 4990 4997 5045 5062 5132 5133 5135 5169 5176 5223 5225 5228 5245 5246 5256 5373 5462 5475 5476 5490 5511 5514 5522 5524 5557 5562 5624 5671 5679 5704 5719 5744 5776 5821 5845 5865 5941 5948 5990 5996 6017 6067 6070 6091 6136 6138 6154 6172 6173 6176 6190 6191 6216 6217 6236 6260 6262 6269 6276 6290 6305 6324 6362 6378 6395 6397 6409 6418 6419 6423 6424 6440 6441 6487 6528 6538 6540 6545 6550 6559 6569 6595 6607 6631 6673 6682 6696 6700 6725 6731 6763 6805 6812 6816 6837 6838 6839 6867 6881 6898 6926 6951 6957 6959 7024 7029 7037 7052 7058 7066 7078 7079 7089 7093 7099 7111 7138 7149 7171 7194 7210 7213 7216 7227 7253 7280 7326 7331 7345 7352 7384 7387 7404 7416 7418 7420 7445 7452 7478 7490 7495 7502 7535 7540 7546 7561
7 12 55 64 90 103 105 106 123 179 190 198 308 348 410 439 456 496 498 707 722 744 802 803 863 870 979 990 1017 1178 1184 1300 1308 1313 1335 1394 1424 1540 1620 1652 1666 1679 1690 1713 1781 1785 1791 1793 1936 2090 2119 2126 2132 2187 2344 2353 2362 2439 2502 2525 2530 2537 2539 2545 2554 2574 2587 2595 2634 2652 2701 2738 2786 2801 2860 2870 2945 3067 3082 3083 3087 3101 3108 3127 3132 3161 3197 3212 3226 3251 3290 3301 3333 3484 3489 3512 3562 3585 3618 3681 3688 3699 3780 3783 3793 3885 3901 3914 3935 3937 3990 4010 4045 4049 4083 4117 4174 4211 4226 4230 4236 4246 4252 4273 4339 4347 4367 4384 4423 4432 4459 4469 4495 4501 4544 4565 4622 4648 4706 4735 4777 4810 4862 4886 4889 4901 4914 4939 4975 4985 4998 5041 5095 5118 5121 5134 5161 5209 5220 5235 5243 5419 5450 5466 5471 5487 5493 5509 5520 5548 5552 5584 5613 5615 5641 5667 5685 5714 5715 5739 5741 5742 5746 5747 5775 5817 5821 5833 5874 5899 5988 6014 6059 6062 6066 6076 6084 6088 6150 6151 6190 6214 6227 6249 6259 6261 6271 6278 6282 6294 6357 6378 6384 6388 6390 6406 6417 6422 6439 6456 6484 6487 6514 6516 6517 6520 6525 6527 6534 6537 6544 6545 6559 6566 6578 6594 6631 6667 6682 6684 6688 6691 6702 6731 6763 6809 6823 6824 6831 6857 6892 6893 6912 6933 6955 6956 7004 7017 7027 7048 7052 7060 7082 7088 7119 7129 7136 7149 7161 7171 7189 7194 7204 7215 7231 7232 7244 7296 7320 7353 7377 7397 7401 7412 7414 7417 7427 7428 7444 7446 7448 7451 7475 7481 7487 7494 7536 7539 7545 7549
3 4 7 33 67 71 84 129 179 182 248 274 291 342 390 435 461 702 708 779 799 811 827 838 873 1132 1167 1196 1279 1281 1303 1331 1384 1571 1604 1702 1703 1709 1732 1766 1773 1848 1894 1918 1926 1976 1994 2019 2035 2044 2116 2121 2125 2314 2349 2357 2455 2468 2536 2563 2577 2598 2613 2622 2627 2630 2679 2684 2719 2760 2781 2834 2864 2909 2924 2929 3013 3074 3080 3117 3126 3167 3176 3211 3232 3238 3309 3329 3452 3484 3556 3568 3577 3587 3588 3607 3636 3662 3694 3765 3781 3827 3873 3874 3882 3885 3903 3920 3927 3932 3987 4018 4036 4037 4039 4135 4164 4184 4221 4223 4251 4271 4307 4330 4336 4347 4377 4419 4421 4450 4453 4466 4480 4541 4551 4608 4674 4727 4768 4809 4814 4840 4846 4861 4886 4956 4970 4985 4995 5058 5094 5095 5107 5124 5152 5170 5196 5204 5209 5216 5235 5252 5428 5446 5454 5459 5467 5474 5501 5502 5508 5513 5519 5539 5566 5571 5603 5635 5644 5658 5675 5715 5730 5736 5781 5784 5800 5805 5851 5865 5896 5966 5990 5998 6003 6023 6058 6061 6063 6084 6085 6106 6123 6129 6142 6144 6151 6163 6173 6189 6212 6221 6231 6243 6258 6268 6283 6291 6319 6342 6367 6384 6386 6396 6405 6409 6413 6418 6429 6455 6458 6463 6469 6471 6472 6476 6491 6527 6530 6544 6564 6587 6620 6634 6660 6684 6689 6730 6734 6737 6746 6768 6805 6826 6844 6892 6927 7001 7007 7026 7027 7047 7051 7060 7082 7101 7109 7161 7180 7184 7185 7206 7212 7220 7238 7315 7320 7347 7362 7372 7381 7396 7414 7427 7429 7441 7443 7454 7461 7462 7467 7478 7483 7496 7521 7530
2 14 43 74 175 248 265 268 288 312 368 420 563 630 692 734 753 768 794 805 868 872 952 1132 1150 1265 1266 1269 1272 1297 1333 1371 1425 1436 1591 1595 1609 1670 1679 1694 1705 1758 1772 1920 1952 1985 1998 2110 2277 2389 2455 2513 2528 2533 2542 2556 2577 2604 2606 2631 2672 2682 2710 2715 2733 2767 2778 2826 2852 2867 2910 2948 3001 3012 3050 3080 3101 3116 3149 3206 3207 3211 3223 3257 3277 3328 3367 3470 3482 3519 3543 3560 3563 3576 3590 3601 3603 3632 3660 3693 3747 3774 3802 3815 3837 3864 3883 3888 3891 3912 3913 3915 3928 3974 4011 4014 4017 4073 4100 4117 4119 4149 4157 4192 4219 4221 4254 4271 4281 4316 4318 4343 4368 4375 4379 4415 4439 4445 4473 4491 4549 4604 4605 4696 4723 4750 4764 4787 4843 4858 4860 4886 4914 4926 4951 4961 4965 4968 4977 5071 5076 5089 5123 5163 5184 5204 5210 5224 5251 5308 5329 5425 5443 5453 5467 5484 5501 5508 5516 5538 5584 5626 5627 5635 5636 5644 5657 5693 5704 5705 5714 5728 5729 5773 5797 5837 5879 5891 5950 5984 5992 6020 6038 6043 6052 6053 6061 6069 6085 6086 6096 6109 6137 6164 6175 6179 6214 6223 6228 6246 6255 6268 6282 6283 6284 6307 6334 6342 6359 6385 6406 6413 6423 6440 6446 6458 6467 6469 6504 6519 6521 6524 6536 6543 6545 6553 6559 6580 6584 6620 6682 6708 6724 6726 6742 6795 6798 6809 6858 6884 6887 6935 6941 6959 6989 7003 7021 7023 7033 7036 7039 7042 7049 7054 7093 7116 7153 7157 7179 7187 7219 7231 7232 7260 7283 7290 7299 7315 7345 7368 7376 7383 7384 7390 7410 7423 7426 7437 7450 7458 7529
2 40 42 68 142 170 175 177 184 264 312 419 420 429 566 604 605 673 754 788 802 804 1060 1084 1113 1150 1193 1231 1260 1263 1265 1326 1373 1469 1487 1489 1500 1620 1662 1682 1749 1762 1875 1888 1958 1978 2104 2108 2196 2202 2245 2274 2288 2292 2308 2366 2461 2482 2489 2493 2496 2527 2528 2530 2549 2553 2583 2595 2625 2658 2691 2731 2754 2767 2806 2846 2848 2858 2988 3010 3031 3044 3069 3078 3097 3125 3158 3206 3207 3233 3293 3308 3358 3462 3463 3465 3485 3513 3572 3588 3590 3673 3713 3747 3750 3777 3795 3810 3833 3853 3856 3861 3907 3913 3923 3956 3962 3980 3984 3994 4010 4049 4089 4136 4161 4162 4167 4186 4211 4233 4270 4271 4287 4294 4313 4314 4315 4362 4391 4429 4472 4489 4504 4535 4538 4577 4589 4604 4629 4726 4748 4751 4759 4760 4766 4803 4831 4841 4845 4864 4877 4884 4922 4950 4952 4975 5013 5036 5041 5067 5081 5111 5149 5169 5187 5207 5243 5272 5283 5350 5390 5417 5426 5438 5448 5509 5534 5574 5599 5632 5647 5688 5720 5722 5725 5729 5756 5765 5786 5793 5867 5934 5945 5954 6035 6041 6044 6061 6068 6071 6076 6117 6139 6147 6177 6208 6209 6233 6236 6265 6268 6296 6304 6334 6346 6354 6358 6359 6380 6390 6404 6407 6431 6443 6445 6456 6484 6487 6513 6518 6520 6531 6535 6558 6585 6640 6658 6675 6677 6678 6696 6715 6781 6786 6797 6798 6836 6883 6902 6949 6976 6989 7020 7033 7034 7036 7039 7093 7110 7114 7136 7145 7150 7153 7173 7210 7212 7231 7284 7289 7291 7303 7342 7349 7357 7371 7372 7373 7399 7408 7450 7454 7474 7483
25 113 148 169 202 226 232 245 260 307 369 402 415 505 548 622 666 703 716 742 772 776 777 997 1014 1070 1097 1139 1184 1227 1231 1241 1252 1317 1404 1620 1668 1669 1719 1867 1871 1948 1968 1978 2051 2053 2111 2158 2219 2235 2250 2348 2384 2396 2458 2487 2514 2529 2573 2582 2583 2592 2616 2650 2668 2700 2743 2746 2760 2802 2829 2831 2861 3016 3021 3026 3040 3047 3065 3074 3095 3119 3132 3147 3161 3195 3200 3203 3272 3426 3435 3447 3460 3462 3473 3563 3567 3575 3579 3680 3690 3738 3799 3807 3810 3835 3838 3844 3864 3881 3922 3929 3953 3954 3977 4136 4163 4183 4206 4214 4269 4272 4296 4306 4326 4354 4355 4367 4372 4377 4410 4413 4438 4472 4500 4513 4527 4670 4684 4747 4757 4764 4792 4823 4838 4840 4873 4888 4907 4934 4942 4953 5032 5073 5106 5125 5129 5141 5172 5189 5245 5280 5311 5400 5402 5424 5436 5438 5447 5460 5490 5512 5534 5558 5609 5612 5616 5636 5640 5671 5716 5717 5721 5724 5728 5759 5760 5767 5772 5779 5786 5818 5845 5891 5934 5981 5985 5989 6015 6041 6057 6060 6062 6073 6102 6137 6138 6158 6165 6166 6171 6182 6208 6210 6219 6227 6255 6265 6268 6289 6303 6326 6355 6369 6370 6375 6378 6386 6412 6420 6428 6446 6456 6481 6485 6512 6517 6519 6522 6555 6567 6608 6633 6647 6658 6666 6668 6673 6688 6739 6760 6783 6787 6794 6796 6803 6879 6880 6886 6909 6958 6974 6988 6991 7017 7029 7035 7068 7069 7070 7082 7105 7127 7140 7146 7147 7151 7154 7210 7212 7256 7262 7287 7305 7317 7371 7378 7381 7396 7398 7411 7432 7449 7451 7454
21 72 76 122 148 150 157 180 226 251 348 372 395 408 459 471 486 586 653 680 682 725 729 747 767 774 813 855 892 938 962 1015 1037 1059 1137 1142 1178 1186 1187 1199 1229 1245 1247 1403 1496 1570 1618 1621 1623 1648 1668 1676 1708 1866 1930 1933 1962 1983 2021 2043 2056 2108 2148 2203 2304 2336 2376 2469 2496 2570 2583 2602 2630 2643 2653 2667 2696 2730 2732 2735 2743 2753 2824 2994 3015 3042 3044 3063 3066 3088 3114 3138 3169 3243 3249 3419 3437 3446 3486 3514 3562 3570 3609 3667 3736 3757 3779 3819 3824 3828 3832 3838 3841 3845 3865 3903 3921 3935 3939 3976 4132 4156 4165 4179 4222 4253 4264 4266 4287 4305 4352 4354 4404 4407 4444 4452 4468 4487 4497 4506 4522 4670 4681 4709 4713 4743 4749 4766 4807 4828 4851 4865 4868 4924 4957 5024 5053 5057 5104 5106 5111 5123 5128 5158 5164 5168 5185 5231 5288 5346 5393 5423 5426 5436 5523 5531 5537 5547 5606 5607 5612 5616 5628 5671 5680 5709 5719 5720 5745 5753 5775 5843 5878 5889 5921 5971 5997 5998 6011 6018 6019 6033 6051 6053 6061 6088 6093 6106 6108 6114 6157 6160 6180 6196 6207 6212 6259 6262 6265 6271 6301 6319 6354 6369 6373 6419 6424 6444 6474 6478 6502 6509 6517 6522 6550 6557 6566 6643 6644 6648 6661 6670 6731 6764 6776 6778 6793 6808 6858 6868 6879 6927 6950 6953 6957 6968 7011 7015 7030 7067 7077 7097 7125 7134 7142 7152 7153 7170 7210 7219 7260 7263 7273 7285 7287 7329 7348 7369 7370 7387 7394 7425 7449 7450 7453
17 58 63 64 92 105 117 147 162 176 178 198 258 272 339 388 408 430 576 585 622 653 663 691 721 728 752 764 777 933 959 1077 1105 1139 1168 1198 1208 1211 1226 1239 1441 1564 1595 1624 1692 1856 1858 1880 1920 1932 1935 2098 2102 2146 2197 2277 2334 2387 2410 2467 2494 2569 2572 2598 2613 2647 2650 2656 2692 2728 2744 2765 2824 2966 2968 2984 2999 3011 3016 3021 3055 3066 3081 3088 3108 3166 3168 3230 3244 3333 3378 3394 3405 3417 3431 3434 3455 3467 3475 3503 3510 3546 3560 3619 3702 3724 3761 3816 3828 3837 3856 3892 3904 3912 3929 3945 3972 3987 4006 4055 4123 4126 4144 4153 4235 4265 4276 4279 4283 4320 4349 4354 4389 4393 4441 4467 4474 4494 4500 4502 4638 4693 4698 4720 4735 4739 4750 4770 4820 4846 4873 4917 4977 4983 4997 5019 5078 5087 5096 5101 5113 5116 5135 5151 5189 5208 5287 5350 5367 5382 5418 5422 5430 5454 5517 5522 5542 5545 5551 5581 5617 5704 5720 5744 5756 5815 5842 5844 5891 5894 5911 5954 5966 5979 5992 5998 6006 6032 6050 6071 6084 6085 6107 6125 6127 6135 6173 6181 6182 6201 6203 6206 6231 6240 6249 6263 6270 6279 6291 6323 6338 6353 6358 6365 6403 6404 6414 6424 6440 6450 6459 6489 6500 6508 6516 6521 6543 6585 6594 6614 6625 6634 6661 6668 6708 6712 6754 6759 6764 6778 6785 6810 6829 6838 6857 6858 6877 6906 6913 6935 6952 6965 6992 6998 7002 7004 7013 7022 7027 7029 7038 7059 7065 7093 7103 7104 7125 7132 7139 7152 7153 7160 7209 7220 7238 7262 7268 7295 7340 7352 7367 7382 7393 7414 7446 7452
9 10 50 99 102 146 191 197 237 302 374 382 396 403 512 519 555 585 608 629 653 717 763 838 889 909 924 1011 1026 1090 1102 1161 1174 1220 1392 1561 1586 1610 1626 1689 1836 1851 1909 2017 2077 2095 2122 2174 2300 2328 2329 2408 2419 2437 2459 2482 2504 2563 2603 2605 2610 2683 2724 2725 2816 2823 2965 2976 3006 3015 3044 3069 3141 3166 3229 3403 3428 3429 3456 3513 3523 3573 3614 3647 3655 3665 3723 3749 3757 3781 3813 3817 3840 3872 3908 3919 3972 3997 3999 4052 4064 4088 4121 4124 4132 4138 4144 4229 4245 4256 4260 4277 4294 4314 4332 4345 4358 4387 4435 4436 4463 4484 4487 4515 4612 4627 4663 4691 4694 4726 4739 4766 4779 4828 4829 4880 4965 4978 5006 5031 5090 5091 5116 5119 5135 5150 5187 5266 5359 5363 5364 5374 5380 5388 5407 5409 5422 5426 5457 5487 5490 5535 5541 5543 5561 5572 5573 5665 5696 5701 5719 5743 5754 5764 5795 5803 5832 5868 5882 5935 5955 5969 5979 5984 5999 6024 6074 6084 6090 6109 6115 6132 6140 6146 6177 6185 6192 6199 6202 6206 6207 6234 6238 6246 6254 6258 6270 6285 6319 6330 6332 6339 6353 6362 6379 6384 6417 6467 6484 6499 6500 6511 6515 6518 6519 6526 6533 6566 6585 6594 6621 6649 6660 6664 6668 6682 6687 6697 6709 6735 6741 6753 6763 6773 6794 6797 6802 6821 6822 6857 6892 6906 6923 6945 6947 6956 6985 6998 6999 7001 7002 7011 7013 7050 7060 7069 7072 7085 7117 7125 7126 7143 7170 7205 7206 7215 7222 7229 7266 7308 7339 7347 7351 7366 7377 7381 7390 7425 7438 7450
13 40 49 95 102 117 140 179 182 297 358 366 489 514 532 554 585 602 625 637 681 698 714 734 757 785 849 890 908 983 1002 1026 1139 1154 1157 1171 1241 1332 1527 1530 1560 1568 1599 1822 1860 1892 1896 1981 2051 2078 2125 2190 2192 2260 2304 2408 2432 2443 2476 2563 2576 2580 2585 2608 2655 2663 2664 2709 2716 2720 2785 2799 2821 2878 2917 2950 2960 3013 3032 3036 3042 3057 3142 3156 3166 3186 3201 3248 3366 3415 3416 3445 3513 3552 3563 3573 3629 3657 3717 3804 3808 3828 3860 3869 3919 3951 3971 3976 4011 4017 4105 4116 4180 4201 4219 4226 4234 4258 4294 4295 4301 4321 4340 4374 4433 4476 4500 4614 4663 4680 4688 4696 4712 4718 4730 4749 4755 4814 4818 4849 4958 4968 5028 5065 5070 5087 5093 5132 5134 5145 5259 5303 5319 5345 5385 5404 5420 5424 5430 5451 5468 5485 5500 5505 5514 5525 5542 5570 5601 5697 5712 5715 5743 5800 5827 5842 5859 5877 5884 5898 5930 5957 5965 5974 5977 5982 5987 5999 6002 6020 6024 6032 6040 6059 6082 6098 6113 6139 6162 6173 6195 6196 6236 6242 6249 6250 6264 6282 6328 6332 6342 6352 6362 6379 6384 6398 6417 6455 6458 6460 6473 6504 6511 6512 6515 6583 6594 6602 6614 6629 6647 6665 6682 6718 6742 6745 6751 6757 6787 6800 6804 6818 6898 6922 6937 6945 6956 6994 7011 7046 7060 7062 7081 7086 7098 7107 7124 7169 7174 7178 7181 7194 7211 7232 7266 7312 7336 7342 7365 7366 7373 7378 7404 7429
42 81 85 108 120 136 290 358 412 472 523 597 624 672 673 691 814 871 901 938 959 966 967 987 1031 1057 1072 1135 1152 1156 1165 1208 1505 1527 1560 1807 1818 1820 1845 1892 1938 1952 2007 2036 2056 2067 2169 2176 2231 2289 2401 2471 2514 2519 2547 2552 2560 2562 2647 2704 2708 2710 2712 2757 2763 2818 2819 2902 2942 2950 2989 3005 3010 3035 3040 3099 3124 3151 3172 3346 3357 3372 3408 3442 3445 3465 3477 3493 3550 3577 3713 3750 3764 3779 3794 3869 3911 3913 3917 3927 3987 3989 4004 4012 4085 4090 4092 4109 4133 4192 4198 4202 4215 4226 4233 4246 4275 4304 4325 4336 4340 4432 4444 4446 4469 4473 4491 4603 4608 4621 4665 4684 4687 4693 4696 4706 4707 4725 4738 4746 4812 4816 4883 4922 4934 4959 4973 5023 5048 5055 5068 5091 5092 5121 5134 5227 5250 5292 5298 5316 5400 5401 5413 5415 5419 5447 5448 5452 5497 5512 5533 5540 5566 5588 5655 5656 5694 5697 5733 5740 5751 5791 5809 5838 5886 5926 5928 5945 5946 5982 5984 5986 6003 6017 6023 6069 6079 6081 6086 6110 6123 6161 6173 6183 6185 6190 6234 6237 6249 6250 6259 6325 6327 6332 6352 6357 6367 6384 6427 6432 6454 6469 6471 6475 6476 6497 6500 6512 6514 6552 6583 6594 6628 6630 6631 6634 6647 6658 6666 6667 6702 6716 6724 6729 6759 6776 6796 6798 6800 6828 6860 6890 6914 6949 6950 6989 6992 7011 7025 7043 7062 7072 7077 7094 7103 7106 7119 7120 7134 7141 7152 7156 7175 7187 7207 7220 7235 7250 7306 7310 7329 7332 7333 7346 7347 7354 7365 7378 7395 7399 7424
24 31 39 71 80 88 120 133 160 325 346 401 431 593 603 628 632 646 683 695 752 758 794 830 867 897 932 933 941 1053 1116 1144 1148 1151 1156 1353 1406 1515 1527 1550 1558 1774 1775 1839 1885 1921 1931 2045 2148 2323 2390 2391 2449 2507 2510 2536 2561 2645 2687 2700 2701 2703 2705 2720 2760 2778 2903 2928 2935 2949 2986 3005 3012 3029 3037 3049 3116 3148 3178 3287 3346 3354 3379 3402 3440 3467 3516 3522 3545 3563 3702 3706 3749 3759 3769 3782 3812 3835 3860 3871 3903 3973 4075 4079 4105 4196 4212 4220 4239 4249 4255 4302 4320 4326 4337 4420 4463 4469 4581 4591 4664 4683 4685 4690 4717 4734 4780 4816 4849 4858 4867 4881 4901 4928 4994 5035 5047 5077 5091 5105 5114 5121 5127 5189 5236 5238 5257 5286 5341 5376 5393 5398 5415 5447 5495 5515 5517 5532 5539 5544 5565 5577 5655 5660 5672 5685 5688 5689 5705 5730 5742 5759 5772 5783 5797 5803 5816 5832 5848 5857 5924 5938 5941 5963 5968 5971 5980 5997 6008 6046 6047 6063 6102 6106 6160 6173 6182 6185 6215 6234 6250 6299 6322 6330 6332 6341 6344 6346 6352 6376 6381 6425 6439 6445 6461 6465 6471 6475 6479 6483 6484 6486 6494 6508 6543 6574 6582 6591 6619 6628 6631 6636 6654 6669 6675 6686 6709 6712 6721 6729 6748 6766 6773 6775 6782 6822 6835 6857 6870 6900 6903 6933 6975 6991 6992 7002 7023 7025 7035 7036 7058 7078 7095 7111 7123 7167 7171 7205 7220 7225 7300 7317 7328 7334 7346 7349 7378 7390
4 21 25 78 104 115 288 294 359 403 414 438 496 501 581 590 709 773 818 890 1028 1041 1097 1120 1146 1147 1368 1385 1402 1425 1517 1522 1668 1741 1763 1811 1813 1816 1818 1848 1855 1870 1921 1967 1977 1982 1996 2091 2105 2110 2134 2277 2309 2365 2386 2390 2431 2444 2449 2473 2486 2488 2507 2513 2552 2675 2683 2701 2744 2864 2913 2923 2976 2982 2997 3013 3049 3091 3108 3144 3196 3248 3332 3341 3350 3355 3394 3397 3408 3415 3463 3511 3537 3600 3618 3646 3663 3691 3704 3727 3733 3776 3841 3852 3894 3956 3957 3973 4025 4049 4083 4099 4136 4181 4187 4198 4204 4215 4231 4235 4256 4271 4291 4304 4326 4382 4419 4456 4462 4519 4578 4654 4661 4664 4666 4668 4714 4783 4803 4848 4921 4938 4959 4992 4999 5022 5042 5048 5081 5093 5109 5143 5167 5209 5232 5316 5322 5324 5327 5351 5394 5396 5402 5423 5471 5489 5515 5521 5530 5558 5642 5685 5704 5717 5795 5875 5910 5915 5921 5929 5939 5946 5961 5964 5977 5986 5996 5997 6010 6025 6045 6102 6105 6110 6111 6157 6158 6171 6172 6173 6212 6224 6236 6242 6292 6299 6314 6315 6321 6333 6337 6348 6362 6423 6437 6457 6459 6462 6469 6471 6472 6481 6482 6484 6486 6532 6566 6579 6580 6597 6599 6605 6626 6638 6664 6679 6690 6710 6727 6752 6756 6760 6803 6822 6855 6886 6887 6919 6945 6984 7022 7029 7034 7044 7080 7085 7088 7092 7110 7117 7153 7162 7166 7181 7201 7249 7293 7299 7310 7316 7317 7343 7345 7357 7374 7375 7385
2 77 83 103 116 275 389 450 498 516 561 579 651 741 771 842 882 1024 1096 1113 1137 1196 1330 1346 1356 1361 1382 1390 1430 1432 1498 1502 1512 1516 1536 1718 1732 1742 1743 1756 1759 1799 1801 1853 1906 1934 1963 2072 2096 2098 2101 2121 2259 2339 2370 2383 2390 2418 2438 2450 2461 2484 2506 2526 2536 2538 2654 2664 2672 2677 2690 2712 2807 2900 2910 2911 2913 2927 2968 2975 2993 3008 3023 3026 3040 3086 3102 3121 3135 3228 3241 3245 3261 3264 3283 3314 3340 3343 3367 3368 3369 3373 3409 3444 3467 3489 3502 3617 3639 3660 3663 3666 3681 3697 3720 3762 3771 3792 3833 3846 3880 3931 3953 3971 3993 4017 4034 4063 4079 4093 4161 4180 4190 4224 4226 4232 4237 4242 4288 4324 4327 4350 4410 4421 4444 4453 4455 4470 4521 4645 4658 4663 4686 4707 4709 4770 4778 4779 4787 4829 4838 4902 4917 4938 4995 5008 5017 5030 5072 5109 5144 5193 5225 5316 5342 5361 5386 5390 5396 5403 5413 5431 5478 5482 5510 5515 5565 5594 5600 5607 5613 5627 5657 5669 5676 5682 5703 5708 5711 5774 5784 5810 5829 5886 5891 5903 5907 5908 5929 5945 5958 5962 5972 5978 5984 5991 5995 6013 6053 6062 6081 6093 6142 6155 6163 6172 6173 6184 6202 6221 6225 6236 6268 6287 6310 6313 6322 6327 6340 6362 6380 6407 6410 6428 6459 6468 6471 6474 6484 6491 6508 6549 6557 6575 6585 6624 6628 6654 6677 6704 6710 6711 6752 6763 6807 6838 6851 6855 6884 6895 6912 6917 6919 6935 6948 6957 6963 6977 6982 7007 7028 7033 7044 7078 7080 7092 7097 7112 7147 7148 7165 7181 7192 7222 7231 7277 7278 7307 7314 7317 7339 7345 7348 7351 7355
52 66 102 150 175 200 233 252 257 380 422 478 519 540 577 639 667 706 839 863 870 883 909 992 1038 1087 1120 1189 1352 1470 1478 1546 1631 1637 1642 1740 1747 1754 1767 1791 1799 1832 1869 1905 1996 2012 2095 2232 2295 2317 2372 2379 2382 2417 2444 2448 2453 2463 2484 2498 2502 2625 2640 2657 2688 2755 2772 2883 2884 2896 2948 2949 2981 2989 2993 3022 3070 3107 3112 3133 3199 3239 3253 3282 3332 3339 3360 3369 3388 3429 3440 3474 3564 3575 3593 3612 3650 3655 3656 3676 3713 3727 3731 3732 3758 3831 3926 3937 3939 3954 3997 4001 4021 4069 4070 4120 4150 4168 4172 4188 4212 4218 4228 4283 4295 4313 4330 4342 4399 4400 4423 4445 4564 4583 4640 4658 4700 4705 4719 4733 4736 4748 4782 4824 4893 4898 4902 4934 4965 4967 4969 4998 5015 5027 5038 5060 5067 5081 5147 5160 5182 5310 5316 5339 5354 5357 5383 5385 5392 5396 5403 5430 5439 5469 5472 5475 5500 5502 5504 5506 5580 5589 5595 5626 5627 5644 5657 5667 5697 5702 5708 5740 5750 5774 5825 5828 5832 5848 5897 5902 5919 5941 5947 5978 5981 6001 6024 6042 6069 6076 6124 6128 6132 6142 6167 6168 6175 6178 6184 6210 6236 6242 6260 6294 6304 6307 6311 6327 6329 6330 6347 6372 6375 6425 6433 6458 6459 6461 6470 6482 6485 6497 6504 6545 6575 6585 6597 6641 6668 6691 6704 6705 6750 6791 6831 6834 6854 6876 6909 6912 6913 6925 6933 6956 6963 6975 6980 6982 7003 7024 7036 7048 7060 7070 7074 7080 7092 7095 7131 7151 7160 7175 7182 7187 7228 7251 7270 7276 7284 7295 7296 7297 7316 7323 7328 7331 7335 7341 7349
32 35 38 53 83 85 113 120 128 159 198 219 377 436 443 478 502 526 529 622 654 723 827 848 868 891 982 992 995 1029 1054 1119 1166 1242 1272 1320 1331 1345 1363 1399 1515 1520 1527 1582 1615 1645 1749 1754 1791 1825 1898 1936 2056 2073 2077 2229 2293 2302 2311 2313 2362 2374 2381 2387 2407 2439 2446 2461 2484 2598 2605 2642 2643 2654 2748 2852 2857 2863 2881 2884 2898 2920 2964 2977 2979 2989 3017 3063 3082 3100 3110 3159 3174 3175 3211 3301 3321 3332 3378 3413 3416 3492 3542 3552 3592 3615 3646 3650 3655 3657 3660 3667 3676 3698 3726 3727 3753 3793 3823 3828 3836 3876 3898 3903 3937 3963 3975 3978 3995 4061 4070 4074 4112 4142 4153 4161 4171 4212 4255 4259 4286 4306 4380 4384 4405 4428 4437 4440 4517 4568 4576 4594 4598 4627 4638 4646 4649 4698 4733 4736 4749 4789 4790 4871 4885 4894 4902 4955 4976 4980 5011 5015 5044 5064 5077 5152 5175 5281 5296 5312 5350 5351 5355 5384 5388 5394 5421 5458 5477 5502 5505 5538 5582 5594 5617 5624 5643 5655 5693 5695 5698 5705 5729 5737 5773 5819 5824 5840 5887 5888 5901 5908 5929 5930 5938 5973 5980 5987 6024 6032 6048 6108 6120 6127 6130 6138 6158 6166 6171 6202 6239 6244 6248 6262 6291 6295 6300 6305 6311 6315 6409 6422 6431 6445 6448 6455 6458 6460 6465 6478 6486 6496 6537 6544 6565 6567 6582 6595 6650 6653 6679 6683 6702 6740 6745 6748 6784 6800 6813 6816 6870 6875 6876 6882 6895 6903 6910 6919 6949 6963 6971 6972 7019 7024 7033 7048 7051 7053 7059 7080 7093 7099 7146 7155 7175 7226 7263 7266 7290 7312 7333
30 31 47 71 100 152 174 236 349 409 425 447 456 494 523 548 584 664 757 761 834 843 846 900 926 997 1012 1024 1036 1043 1071 1072 1108 1124 1204 1318 1343 1389 1511 1512 1547 1608 1638 1694 1707 1724 1729 1762 1790 1808 1878 1890 1899 1970 1996 2032 2041 2052 2101 2156 2272 2300 2353 2366 2368 2383 2395 2445 2576 2595 2613 2627 2644 2684 2701 2767 2856 2865 2872 2878 2891 2903 2909 2944 2965 2976 3063 3078 3101 3110 3161 3165 3172 3174 3177 3198 3206 3300 3304 3326 3328 3401 3409 3483 3525 3540 3642 3650 3669 3676 3680 3688 3713 3727 3816 3826 3871 3899 3917 3925 3970 3972 3981 4019 4038 4079 4094 4117 4124 4148 4150 4169 4176 4203 4212 4216 4225 4226 4254 4277 4281 4284 4292 4294 4317 4343 4369 4382 4402 4403 4467 4491 4553 4584 4594 4617 4637 4640 4642 4675 4680 4703 4720 4721 4732 4772 4783 4807 4820 4872 4901 4912 4935 4962 4995 5009 5024 5062 5133 5135 5178 5198 5271 5282 5293 5324 5348 5353 5371 5372 5389 5404 5441 5457 5475 5476 5490 5507 5535 5538 5559 5570 5577 5614 5622 5629 5652 5668 5676 5688 5691 5697 5705 5759 5772 5785 5801 5834 5870 5886 5887 5905 5923 5929 5930 5931 5960 5972 5976 5999 6008 6016 6023 6026 6057 6095 6115 6118 6125 6137 6148 6156 6158 6169 6171 6192 6196 6197 6198 6200 6216 6220 6241 6253 6260 6295 6305 6309 6350 6352 6402 6408 6410 6441 6445 6454 6458 6473 6486 6518 6523 6535 6564 6578 6633 6636 6639 6662 6696 6702 6704 6733 6738 6772 6807 6837 6866 6872 6886 6899 6911 6932 6941 6949 6953 6958 6970 7010 7013 7029 7030 7039 7071 7075 7082 7124 7126 7137 7157 7163 7167 7196 7197 7247 7252 7259 7263 7273 7306 7317 7332
20 34 37 53 65 75 92 125 289 354 375 422 430 482 516 563 733 742 747 780 825 894 954 979 984 1020 1034 1058 1156 1265 1295 1309 1314 1336 1339 1380 1493 1495 1575 1665 1671 1722 1767 1853 1861 1862 1917 1968 2042 2076 2100 2241 2300 2304 2354 2361 2372 2381 2382 2385 2441 2569 2594 2595 2601 2603 2623 2624 2643 2669 2698 2727 2766 2774 2815 2824 2863 2872 2899 2906 2955 2971 2976 3040 3055 3070 3077 3104 3107 3143 3166 3168 3198 3273 3277 3300 3322 3359 3386 3389 3401 3435 3514 3581 3587 3635 3637 3640 3664 3673 3709 3718 3774 3776 3801 3822 3826 3866 3912 3943 3968 4018 4039 4094 4120 4127 4129 4147 4166 4193 4203 4209 4211 4253 4315 4334 4343 4395 4443 4499 4578 4588 4599 4608 4636 4669 4696 4719 4734 4773 4829 4835 4877 4900 4931 4947 4978 4992 5014 5021 5029 5035 5049 5100 5121 5190 5195 5241 5276 5317 5322 5332 5334 5344 5351 5363 5365 5368 5369 5397 5429 5435 5437 5475 5524 5528 5546 5565 5566 5604 5609 5639 5642 5666 5675 5682 5688 5691 5749 5763 5773 5785 5800 5845 5863 5885 5887 5912 5919 5928 5950 5953 5958 5975 5976 5980 5991 6031 6039 6070 6083 6084 6089 6098 6103 6126 6129 6130 6136 6152 6170 6178 6183 6185 6190 6207 6220 6287 6293 6294 6303 6304 6322 6332 6353 6370 6373 6416 6421 6426 6432 6434 6440 6450 6456 6457 6461 6462 6471 6534 6539 6560 6570 6618 6621 6624 6631 6641 6652 6682 6693 6714 6722 6730 6792 6800 6827 6829 6837 6856 6872 6875 6896 6901 6903 6948 6952 6987 6992 7008 7018 7070 7072 7091 7120 7121 7141 7157 7167 7189 7198 7205 7223 7242 7247 7260 7281 7297 7300 7308 7313 7318 7332
53 87 180 264 292 318 364 367 388 408 502 539 730 740 766 777 798 867 972 1000 1004 1030 1049 1058 1156 1214 1262 1288 1312 1337 1352 1424 1453 1470 1492 1649 1660 1706 1743 1762 1861 1937 2026 2224 2293 2300 2354 2360 2395 2554 2589 2601 2616 2622 2631 2638 2657 2697 2776 2816 2848 2870 2873 2883 2896 2901 2907 2969 3023 3049 3084 3099 3104 3124 3163 3186 3229 3255 3276 3318 3320 3357 3388 3413 3511 3560 3578 3608 3635 3641 3651 3660 3665 3680 3703 3794 3796 3797 3821 3854 3873 3922 3956 4002 4012 4023 4037 4047 4065 4081 4112 4139 4155 4183 4200 4203 4222 4278 4341 4368 4376 4384 4460 4474 4543 4576 4583 4597 4602 4634 4635 4636 4657 4669 4675 4681 4695 4702 4706 4710 4724 4756 4811 4822 4827 4842 4879 4880 4897 4928 4931 4964 5005 5016 5019 5022 5025 5076 5189 5223 5246 5259 5267 5272 5308 5320 5328 5353 5354 5362 5391 5435 5437 5472 5473 5510 5544 5559 5604 5633 5654 5657 5658 5669 5676 5678 5709 5736 5743 5750 5771 5852 5855 5859 5884 5912 5917 5926 5942 5948 5958 5974 5984 5985 6019 6037 6065 6072 6079 6097 6124 6135 6148 6173 6178 6192 6211 6279 6284 6287 6299 6311 6345 6363 6367 6393 6415 6427 6429 6434 6442 6452 6470 6505 6531 6558 6581 6591 6601 6620 6638 6671 6687 6693 6718 6721 6759 6770 6792 6799 6805 6851 6854 6858 6871 6888 6895 6915 6930 6945 6984 6985 6994 6999 7007 7008 7013 7044 7070 7103 7120 7125 7141 7157 7169 7182 7193 7219 7224 7243 7246 7264 7286 7300 7308 7319
40 43 44 134 192 309 347 372 375 388 449 469 484 508 675 718 723 751 777 790 835 844 861 942 947 998 1031 1155 1162 1193 1213 1240 1269 1284 1300 1309 1392 1422 1436 1513 1581 1644 1651 1681 1689 1721 1749 1848 1861 1889 1896 1917 2022 2049 2071 2111 2214 2232 2257 2290 2308 2334 2345 2347 2353 2465 2507 2509 2513 2523 2580 2599 2600 2621 2685 2686 2748 2764 2798 2814 2815 2830 2841 2865 2869 2874 2883 2941 2951 2952 3049 3053 3058 3068 3094 3097 3113 3163 3166 3220 3232 3261 3262 3273 3290 3305 3307 3312 3317 3319 3328 3364 3406 3411 3458 3470 3479 3523 3524 3529 3596 3616 3628 3631 3686 3731 3768 3786 3804 3819 3825 3899 3928 3940 3956 3995 4024 4081 4096 4112 4132 4196 4217 4299 4330 4335 4352 4358 4363 4442 4443 4449 4506 4532 4564 4593 4602 4608 4629 4631 4636 4654 4688 4711 4753 4828 4844 4880 4925 4927 4956 4973 4987 5012 5073 5090 5156 5166 5218 5227 5248 5260 5272 5313 5320 5322 5352 5355 5358 5407 5419 5430 5431 5434 5466 5487 5493 5525 5534 5575 5604 5633 5646 5651 5654 5662 5666 5690 5701 5730 5731 5732 5837 5849 5860 5867 5872 5873 5900 5903 5933 5955 5971 5972 5978 6054 6075 6096 6119 6121 6150 6162 6172 6185 6188 6191 6204 6211 6273 6282 6284 6288 6289 6298 6334 6353 6390 6395 6411 6425 6427 6446 6447 6448 6465 6504 6530 6557 6585 6601 6618 6623 6640 6669 6687 6698 6720 6739 6758 6770 6774 6800 6817 6850 6864 6886 6897 6918 6923 6928 6943 6944 6950 6964 6972 6987 6996 7001 7030 7032 7059 7063 7064 7118 7125 7132 7140 7142 7146 7154 7168 7190 7212 7217 7223 7231 7244 7245 7267 7291 7297 7306
19 84 118 163 309 315 370 425 466 478 594 698 703 706 823 829 865 909 978 1024 1040 1175 1209 1211 1264 1267 1293 1363 1419 1571 1577 1590 1616 1664 1672 1692 1790 1858 1878 1898 1982 1991 2062 2157 2257 2262 2273 2291 2332 2347 2378 2395 2445 2499 2502 2524 2568 2579 2587 2588 2603 2726 2730 2752 2770 2804 2818 2820 2846 2850 2866 2876 2887 2909 2938 2945 3041 3047 3051 3073 3159 3192 3219 3260 3302 3308 3413 3427 3468 3469 3474 3510 3556 3596 3604 3618 3620 3627 3669 3738 3758 3768 3781 3792 3799 3811 3892 3904 3916 3942 3955 3971 3974 3980 4017 4075 4093 4102 4122 4147 4156 4184 4187 4287 4301 4323 4341 4347 4362 4446 4486 4535 4552 4583 4591 4621 4623 4627 4629 4631 4669 4704 4742 4793 4805 4915 4924 4927 4952 4955 4984 4994 5008 5068 5130 5141 5180 5208 5256 5275 5290 5316 5334 5346 5355 5394 5408 5424 5441 5458 5460 5473 5481 5503 5507 5521 5575 5577 5581 5615 5619 5628 5643 5662 5679 5711 5805 5812 5828 5831 5868 5871 5901 5908 5916 5926 5930 5934 5942 5958 5967 5969 5997 6007 6050 6063 6069 6077 6084 6086 6100 6101 6118 6127 6155 6165 6167 6170 6208 6243 6257 6281 6282 6294 6322 6337 6361 6385 6391 6411 6422 6423 6433 6448 6467 6473 6484 6503 6513 6521 6543 6548 6573 6579 6605 6610 6611 6619 6633 6640 6656 6664 6669 6708 6714 6724 6727 6750 6785 6796 6834 6844 6859 6883 6900 6902 6904 6926 6958 6972 6980 6991 6992 6999 7001 7017 7024 7058 7071 7078 7098 7105 7118 7169 7200 7211 7214 7220 7224 7242 7290 7306
1 24 46 100 283 288 305 322 335 380 457 474 617 706 779 832 865 884 940 1016 1088 1155 1173 1217 1236 1246 1264 1297 1344 1405 1414 1499 1531 1558 1559 1561 1574 1609 1624 1635 1694 1858 1864 1934 1977 1981 2060 2129 2244 2292 2324 2333 2347 2427 2479 2487 2495 2565 2570 2586 2603 2721 2725 2751 2787 2814 2826 2832 2868 2882 2900 2909 2917 2966 3015 3029 3038 3050 3071 3114 3136 3154 3165 3203 3220 3259 3277 3292 3300 3398 3400 3458 3480 3486 3493 3496 3522 3571 3572 3602 3607 3617 3627 3632 3697 3719 3733 3758 3760 3781 3791 3806 3807 3831 3840 3866 3872 3885 3921 3934 3951 3993 4011 4058 4074 4098 4099 4112 4163 4175 4258 4261 4312 4313 4339 4346 4358 4435 4476 4516 4543 4582 4610 4623 4654 4688 4691 4719 4741 4803 4866 4912 4915 4949 4977 5008 5026 5061 5123 5127 5173 5206 5235 5242 5268 5280 5313 5315 5333 5341 5361 5363 5378 5395 5424 5454 5459 5464 5473 5479 5500 5535 5537 5543 5568 5573 5598 5633 5657 5680 5705 5747 5818 5827 5862 5863 5865 5875 5909 5921 5924 5956 5963 5968 5969 6027 6060 6066 6078 6088 6154 6158 6165 6174 6208 6229 6239 6245 6251 6254 6256 6262 6268 6272 6282 6292 6313 6331 6354 6385 6387 6410 6417 6427 6442 6463 6502 6510 6537 6544 6571 6579 6610 6622 6627 6646 6667 6669 6688 6690 6698 6717 6721 6757 6767 6784 6786 6809 6812 6847 6856 6868 6878 6880 6919 6939 6947 6970 6971 6977 7002 7019 7034 7054 7069 7075 7099 7103 7114 7153 7163 7173 7190 7195 7209 7211 7220 7229 7238 7288
45 123 209 234 276 429 451 472 490 602 632 636 686 783 807 828 867 896 910 1015 1082 1088 1139 1163 1204 1245 1323 1402 1458 1528 1550 1602 1687 1828 1831 1848 1882 1906 1910 1965 2037 2041 2124 2149 2221 2230 2232 2251 2265 2289 2299 2316 2323 2340 2377 2416 2440 2487 2540 2550 2557 2558 2579 2594 2602 2690 2712 2747 2749 2788 2806 2809 2812 2831 2853 2858 2907 2919 2951 2953 3015 3025 3039 3048 3060 3077 3103 3117 3148 3161 3178 3232 3251 3252 3274 3283 3384 3391 3469 3535 3602 3604 3620 3621 3668 3731 3742 3754 3760 3770 3806 3859 3861 3866 3882 3890 3904 3933 3944 4011 4058 4074 4084 4094 4100 4107 4113 4165 4215 4218 4261 4298 4304 4313 4331 4336 4381 4410 4450 4492 4538 4539 4564 4608 4609 4619 4635 4677 4686 4701 4715 4794 4910 4932 4949 4963 4992 4996 5023 5050 5109 5159 5186 5200 5239 5250 5251 5273 5274 5288 5296 5310 5335 5356 5365 5376 5379 5414 5421 5447 5448 5521 5533 5568 5581 5589 5617 5619 5621 5622 5631 5636 5675 5704 5799 5807 5822 5823 5840 5846 5864 5881 5904 5917 5924 5951 5952 5955 5961 5995 6015 6030 6064 6072 6073 6083 6085 6110 6145 6149 6204 6235 6236 6239 6241 6246 6249 6250 6260 6264 6272 6280 6300 6308 6341 6379 6385 6402 6406 6410 6414 6420 6462 6467 6489 6501 6509 6537 6549 6566 6568 6593 6599 6613 6617 6642 6653 6682 6689 6705 6725 6740 6774 6785 6808 6815 6846 6851 6852 6876 6893 6899 6914 6927 6956 6977 6990 7003 7013 7023 7040 7042 7045 7064 7077 7099 7102 7106 7107 7130 7131 7194 7209 7212 7220 7270 7271 7279 7288
45 173 207 268 272 417 442 478 514 565 617 633 637 684 757 760 796 849 896 987 1008 1104 1114 1136 1149 1206 1223 1254 1352 1478 1480 1481 1485 1526 1540 1570 1596 1616 1745 1761 1825 1886 2095 2120 2137 2163 2165 2181 2194 2225 2228 2232 2269 2279 2283 2307 2316 2317 2340 2376 2425 2454 2473 2551 2580 2612 2656 2682 2685 2697 2700 2742 2786 2791 2806 2815 2839 2891 2927 2931 2941 2988 2993 3000 3068 3078 3134 3176 3222 3227 3244 3265 3270 3281 3363 3376 3462 3501 3516 3541 3570 3596 3597 3599 3612 3646 3715 3722 3737 3757 3766 3791 3841 3852 3863 3878 3884 3898 3915 3931 3984 4021 4052 4053 4063 4080 4093 4097 4176 4240 4281 4290 4298 4324 4334 4346 4384 4464 4509 4513 4536 4550 4557 4588 4594 4606 4612 4662 4663 4673 4700 4715 4753 4764 4790 4858 4875 4900 4905 4924 4942 4950 4980 4986 5003 5066 5100 5107 5119 5173 5175 5202 5208 5209 5219 5240 5272 5281 5292 5302 5304 5322 5333 5340 5341 5378 5398 5408 5426 5428 5431 5435 5458 5465 5483 5499 5503 5530 5564 5581 5590 5592 5607 5609 5625 5636 5675 5700 5783 5806 5822 5839 5844 5855 5863 5884 5897 5903 5923 5930 5946 5951 5994 6013 6055 6057 6066 6084 6127 6136 6139 6143 6234 6236 6237 6240 6241 6247 6249 6266 6270 6306 6311 6379 6388 6397 6406 6407 6419 6443 6501 6524 6535 6543 6549 6564 6565 6578 6618 6643 6678 6680 6694 6705 6725 6761 6792 6797 6800 6802 6804 6846 6874 6877 6887 6896 6905 6907 6943 6971 6981 6987 7013 7033 7051 7053 7086 7088 7101 7157 7185 7191 7197 7207 7208 7241 7252 7267 7288
25 33 92 182 231 238 272 276 414 470 527 608 628 723 737 748 774 783 790 852 874 923 971 1095 1123 1165 1178 1253 1265 1306 1366 1411 1476 1477 1495 1533 1540 1587 1607 1615 1755 1799 1811 1812 1823 1830 1965 2077 2119 2123 2178 2184 2188 2190 2212 2227 2243 2308 2316 2353 2417 2453 2475 2551 2652 2660 2774 2787 2806 2822 2829 2840 2874 2935 2973 2977 3013 3059 3116 3134 3166 3215 3224 3228 3250 3253 3258 3350 3417 3442 3467 3469 3476 3523 3559 3581 3582 3622 3722 3736 3766 3841 3862 3912 3951 3963 3964 3969 4036 4052 4087 4095 4103 4196 4224 4234 4275 4301 4331 4463 4484 4513 4545 4550 4570 4584 4603 4637 4648 4662 4752 4781 4822 4871 4884 4900 4928 4931 4950 4953 4969 4998 5046 5096 5108 5112 5157 5159 5162 5229 5263 5284 5295 5304 5320 5323 5324 5376 5390 5408 5416 5445 5540 5553 5574 5579 5597 5607 5618 5619 5632 5679 5699 5742 5757 5763 5805 5839 5843 5889 5891 5897 5915 5923 5936 5947 6009 6011 6042 6064 6071 6135 6142 6228 6233 6234 6242 6253 6266 6275 6278 6329 6388 6402 6403 6412 6483 6490 6500 6531 6533 6549 6557 6558 6559 6563 6610 6635 6664 6677 6691 6717 6718 6746 6755 6770 6776 6783 6800 6814 6839 6859 6863 6872 6878 6887 6897 6900 6901 6905 6929 6936 6939 6949 6969 7000 7003 7031 7051 7074 7087 7098 7160 7189 7197 7205 7279
106 126 154 160 223 231 236 252 367 373 378 409 516 581 586 599 603 606 613 648 701 708 753 776 779 829 868 908 926 993 1073 1085 1122 1149 1212 1230 1243 1373 1469 1494 1510 1542 1582 1587 1790 1793 1821 1948 1988 2010 2062 2115 2168 2173 2187 2221 2225 2266 2306 2316 2330 2427 2472 2507 2529 2541 2550 2626 2631 2652 2683 2755 2761 2774 2793 2802 2850 2899 2906 2934 2948 2950 2965 3005 3042 3053 3107 3115 3128 3153 3211 3222 3227 3255 3311 3344 3346 3389 3395 3425 3429 3433 3500 3517 3519 3551 3563 3574 3577 3593 3610 3677 3732 3751 3753 3759 3839 3861 3873 3904 3912 3936 3950 3960 4030 4042 4044 4059 4089 4165 4182 4229 4233 4260 4327 4331 4390 4439 4442 4456 4484 4496 4505 4541 4551 4560 4569 4574 4586 4597 4601 4621 4625 4638 4733 4740 4765 4838 4843 4860 4900 4917 4927 4945 4962 4969 4995 5047 5052 5091 5098 5108 5139 5155 5156 5160 5193 5239 5259 5260 5280 5291 5305 5323 5344 5346 5374 5377 5390 5416 5420 5432 5464 5517 5523 5548 5576 5579 5590 5597 5598 5605 5624 5636 5641 5723 5749 5757 5769 5793 5798 5805 5838 5839 5843 5872 5893 5914 5922 5940 5946 5960 5989 6041 6042 6070 6071 6133 6137 6141 6150 6156 6162 6222 6231 6236 6241 6261 6264 6267 6311 6329 6345 6348 6365 6373 6384 6387 6394 6397 6431 6440 6474 6500 6528 6538 6553 6561 6614 6628 6652 6661 6687 6713 6740 6743 6745 6760 6774 6780 6788 6797 6832 6845 6862 6865 6876 6882 6884 6885 6891 6895 6924 6931 6946 6966 6974 6994 6995 7017 7022 7024 7040 7069 7076 7089 7090 7126 7137 7180 7191 7200
29 142 213 253 278 348 351 358 375 487 490 563 565 579 615 645 696 759 766 770 789 856 877 915 977 999 1061 1081 1086 1141 1184 1185 1214 1233 1337 1353 1387 1391 1416 1480 1492 1552 1568 1605 1790 1852 1947 1980 2082 2157 2162 2209 2214 2241 2289 2306 2312 2405 2414 2418 2450 2521 2529 2618 2624 2630 2644 2693 2720 2747 2761 2762 2780 2781 2786 2795 2858 2884 2899 2926 2932 2996 3002 3038 3076 3091 3157 3203 3208 3222 3223 3257 3331 3359 3370 3406 3419 3476 3487 3488 3514 3542 3562 3570 3593 3594 3596 3602 3634 3660 3719 3731 3743 3809 3832 3858 3903 3915 3935 3936 3951 3990 3995 4000 4030 4036 4039 4074 4097 4163 4165 4167 4179 4203 4226 4258 4287 4296 4400 4452 4469 4474 4500 4510 4516 4532 4556 4567 4590 4595 4615 4678 4724 4731 4738 4763 4764 4777 4832 4845 4855 4892 4927 4928 4936 4957 4981 5071 5079 5136 5137 5140 5152 5214 5237 5251 5272 5281 5285 5300 5322 5343 5354 5373 5377 5411 5438 5497 5542 5544 5560 5565 5572 5590 5596 5622 5636 5722 5728 5750 5798 5803 5806 5823 5835 5870 5872 5891 5907 5909 5918 5932 5974 5983 6036 6039 6042 6050 6062 6084 6118 6130 6135 6218 6226 6237 6241 6245 6256 6306 6310 6325 6328 6345 6375 6379 6380 6383 6392 6410 6423 6484 6516 6522 6528 6549 6556 6593 6597 6606 6618 6628 6644 6645 6655 6662 6693 6713 6719 6733 6747 6756 6777 6780 6789 6794 6837 6841 6848 6859 6863 6879 6881 6889 6893 6898 6908 6920 6921 6946 6963 6968 6978 6989 7016 7020 7022 7032 7047 7067 7068 7079 7113 7124 7125 7136 7167 7172 7195 7196
135 140 195 197 229 286 320 335 433 471 491 525 554 561 569 582 678 684 696 698 716 727 764 823 855 904 949 1047 1066 1069 1076 1122 1135 1141 1189 1213 1258 1333 1334 1351 1361 1387 1501 1546 1552 1553 1562 1583 1749 1770 1844 1851 1875 1897 1917 1980 2045 2077 2102 2120 2135 2149 2152 2161 2204 2212 2216 2239 2250 2276 2305 2309 2368 2376 2432 2499 2520 2522 2597 2652 2690 2693 2716 2719 2723 2740 2744 2746 2773 2780 2836 2845 2871 2882 2891 2911 2917 3001 3054 3070 3130 3152 3194 3200 3208 3210 3243 3307 3313 3317 3363 3411 3424 3469 3496 3540 3569 3571 3577 3593 3635 3639 3689 3717 3719 3805 3812 3851 3857 3888 3893 3931 3936 3968 4000 4029 4032 4056 4149 4178 4218 4242 4270 4391 4404 4441 4448 4450 4452 4455 4500 4545 4564 4587 4674 4679 4685 4743 4746 4819 4832 4840 4886 4896 4933 4942 4950 5026 5055 5112 5115 5119 5131 5212 5215 5218 5244 5246 5263 5269 5299 5310 5322 5333 5347 5362 5370 5386 5494 5522 5542 5544 5549 5550 5552 5559 5589 5593 5621 5691 5692 5712 5718 5721 5726 5744 5750 5760 5771 5778 5780 5791 5795 5814 5861 5869 5876 5884 5898 5904 5970 5980 6012 6034 6038 6062 6084 6104 6121 6181 6205 6225 6234 6241 6292 6296 6299 6307 6319 6340 6373 6383 6384 6410 6416 6488 6506 6516 6517 6522 6528 6533 6535 6544 6549 6582 6589 6592 6617 6627 6628 6650 6654 6662 6666 6682 6710 6739 6783 6813 6824 6829 6837 6855 6874 6882 6892 6894 6937 6980 7008 7019 7020 7022 7058 7068 7075 7117 7133 7135 7148 7153 7164 7186 7192
90 92 107 132 173 186 222 276 285 393 468 501 517 546 600 671 675 685 710 762 800 882 890 1038 1058 1077 1097 1153 1260 1281 1327 1371 1373 1474 1526 1549 1562 1565 1724 1738 1752 1824 1851 1938 2014 2070 2074 2097 2113 2115 2167 2184 2186 2250 2302 2348 2374 2400 2428 2444 2470 2517 2525 2558 2561 2599 2624 2649 2687 2701 2767 2846 2867 2891 2912 2942 2985 2998 3041 3152 3173 3187 3200 3208 3252 3284 3288 3299 3301 3320 3369 3382 3406 3420 3427 3480 3481 3518 3550 3561 3563 3578 3588 3613 3665 3688 3692 3709 3796 3808 3811 3835 3850 3858 3870 3933 3992 4018 4027 4051 4072 4110 4115 4127 4128 4171 4175 4197 4209 4316 4319 4337 4354 4431 4448 4462 4484 4486 4491 4492 4541 4544 4562 4587 4606 4644 4667 4672 4704 4736 4757 4810 4823 4831 4843 4868 4923 4932 4936 4984 5010 5026 5088 5101 5104 5156 5193 5198 5213 5225 5241 5242 5252 5259 5287 5293 5298 5306 5318 5354 5360 5369 5376 5418 5458 5485 5518 5537 5552 5555 5568 5593 5631 5649 5668 5691 5699 5726 5746 5766 5777 5790 5812 5827 5844 5853 5855 5871 5899 5902 5907 5965 5994 6025 6026 6038 6061 6078 6095 6114 6121 6141 6144 6174 6189 6200 6202 6213 6220 6222 6286 6290 6293 6301 6307 6321 6334 6336 6365 6378 6383 6388 6390 6416 6473 6489 6498 6505 6517 6528 6546 6547 6568 6574 6576 6608 6619 6625 6627 6632 6643 6678 6699 6708 6729 6737 6762 6767 6792 6804 6820 6821 6825 6831 6847 6854 6873 6878 6880 6883 6894 6918 6923 6960 7002 7019 7058 7092 7105 7114 7119 7121 7134 7139 7144 7150 7161 7170 7173 7191
68 73 108 126 158 270 284 304 401 499 504 531 559 579 646 759 779 818 896 922 953 961 1037 1054 1066 1147 1251 1254 1257 1314 1319 1345 1347 1428 1472 1516 1537 1542 1616 1724 1743 1778 1816 1828 1874 1999 2041 2064 2103 2113 2146 2164 2177 2181 2183 2199 2202 2227 2238 2239 2250 2330 2334 2395 2463 2464 2465 2480 2483 2507 2508 2510 2543 2551 2566 2687 2693 2697 2716 2734 2744 2842 2851 2858 2865 2882 2891 2925 2950 2984 2993 3009 3037 3040 3042 3094 3112 3148 3177 3187 3205 3208 3229 3235 3284 3285 3294 3324 3366 3391 3392 3424 3445 3550 3560 3563 3595 3620 3677 3679 3689 3736 3786 3803 3829 3836 3840 3847 3863 3891 3913 3973 3976 3996 4013 4045 4047 4062 4067 4102 4117 4122 4153 4173 4197 4301 4312 4338 4339 4408 4410 4442 4473 4490 4498 4506 4524 4531 4547 4562 4569 4633 4718 4722 4753 4798 4810 4829 4839 4857 4928 4932 4969 4991 5014 5036 5068 5079 5086 5097 5110 5148 5171 5193 5198 5229 5237 5246 5255 5263 5276 5281 5285 5293 5323 5339 5348 5389 5404 5428 5450 5462 5475 5500 5507 5532 5535 5548 5549 5555 5624 5658 5668 5685 5689 5698 5720 5745 5748 5752 5764 5776 5786 5812 5825 5843 5890 5957 6021 6022 6024 6027 6057 6072 6073 6102 6120 6194 6199 6214 6218 6221 6255 6256 6263 6285 6287 6336 6343 6365 6379 6394 6468 6474 6480 6508 6517 6521 6541 6553 6605 6608 6612 6627 6630 6643 6702 6730 6750 6754 6771 6806 6807 6830 6845 6856 6868 6875 6879 6892 6907 6921 6933 6935 6968 6976 6988 7010 7015 7100 7104 7108 7111 7117 7130 7134 7154 7163
31 45 59 65 72 104 128 153 177 225 274 374 393 496 530 545 568 576 732 747 871 875 954 1017 1039 1047 1082 1134 1147 1243 1253 1316 1398 1463 1471 1495 1506 1597 1687 1709 1725 1727 1801 1828 1944 1994 2006 2059 2075 2105 2112 2113 2169 2182 2199 2206 2237 2251 2300 2333 2358 2388 2395 2444 2448 2461 2470 2500 2507 2522 2532 2536 2579 2656 2663 2684 2692 2728 2733 2806 2840 2841 2847 2857 2888 2942 3001 3007 3034 3112 3139 3174 3180 3183 3196 3206 3220 3236 3273 3294 3320 3344 3362 3442 3533 3545 3546 3548 3551 3651 3677 3678 3718 3736 3776 3789 3831 3850 3855 3873 3893 3919 3953 3985 4009 4057 4101 4156 4174 4189 4291 4305 4320 4334 4387 4423 4429 4467 4492 4513 4536 4558 4567 4609 4627 4666 4687 4758 4796 4806 4812 4837 4867 4881 4895 4926 4952 4954 4964 5002 5004 5014 5065 5066 5077 5086 5138 5166 5172 5191 5229 5237 5256 5274 5275 5280 5332 5339 5345 5351 5397 5415 5423 5431 5440 5464 5496 5526 5545 5548 5642 5666 5684 5700 5716 5723 5745 5757 5761 5764 5767 5773 5785 5808 5825 5862 5889 5898 5945 5946 5949 5975 6005 6015 6021 6022 6039 6044 6070 6072 6104 6111 6116 6175 6182 6193 6194 6210 6212 6221 6259 6283 6285 6307 6322 6334 6365 6371 6392 6443 6465 6468 6482 6494 6512 6529 6531 6536 6542 6584 6597 6611 6637 6696 6714 6732 6733 6765 6776 6780 6789 6811 6844 6868 6872 6877 6891 6916 6941 6945 6954 6962 6974 6978 6984 7006 7007 7047 7091 7095 7115 7133 7141 7160
20 25 58 69 135 157 211 217 219 253 267 302 307 390 458 482 514 549 690 701 715 786 798 823 859 860 881 959 1003 1012 1021 1030 1041 1243 1340 1434 1439 1453 1505 1539 1586 1633 1700 1867 1903 1945 1958 1961 1981 1995 2004 2010 2062 2092 2101 2168 2169 2194 2198 2230 2291 2329 2330 2345 2370 2379 2395 2417 2453 2467 2479 2493 2521 2527 2550 2554 2634 2637 2678 2680 2692 2715 2727 2769 2804 2848 2937 2950 2960 2975 3074 3103 3112 3113 3119 3123 3143 3164 3196 3271 3273 3338 3361 3381 3413 3504 3530 3535 3539 3571 3660 3667 3676 3698 3732 3747 3754 3770 3773 3789 3805 3815 3824 3825 3864 3885 3886 3888 3925 3928 3929 4006 4047 4066 4095 4164 4167 4210 4213 4282 4284 4292 4356 4370 4387 4395 4397 4458 4487 4498 4533 4555 4595 4660 4724 4729 4788 4800 4822 4826 4844 4884 4902 4910 4922 4924 4951 4974 4989 5026 5032 5045 5063 5132 5135 5143 5187 5206 5207 5227 5250 5265 5272 5277 5291 5311 5326 5342 5362 5391 5413 5448 5476 5488 5515 5522 5526 5541 5618 5638 5652 5681 5696 5699 5702 5722 5731 5736 5739 5742 5752 5753 5761 5770 5803 5806 5813 5815 5860 5867 5874 5883 5913 5946 5998 6000 6018 6019 6024 6048 6066 6091 6095 6109 6111 6115 6160 6162 6171 6186 6195 6206 6211 6257 6258 6274 6308 6359 6360 6365 6368 6371 6450 6456 6489 6503 6507 6521 6556 6592 6594 6599 6604 6605 6618 6624 6634 6646 6685 6691 6705 6740 6754 6763 6772 6781 6787 6809 6821 6855 6866 6867 6868 6901 6916 6941 6949 6951 6952 6971 6985 7006 7014 7049 7073 7076 7087 7093 7102 7106 7114 7125 7158
32 50 57 129 187 210 240 283 286 296 307 449 456 457 491 492 538 654 656 700 798 814 816 840 866 965 968 988 995 1015 1070 1098 1116 1157 1163 1207 1319 1379 1434 1495 1539 1586 1634 1673 1834 1850 1950 1955 1976 2006 2008 2042 2090 2092 2164 2166 2177 2179 2188 2193 2267 2306 2319 2411 2413 2419 2432 2439 2449 2467 2484 2507 2510 2563 2591 2633 2667 2677 2682 2703 2707 2734 2784 2812 2831 2906 2943 3090 3101 3104 3144 3146 3192 3237 3260 3268 3292 3313 3318 3356 3370 3464 3480 3482 3491 3504 3527 3531 3534 3544 3583 3610 3638 3642 3662 3674 3706 3722 3729 3735 3741 3768 3782 3784 3812 3813 3815 3845 3854 3873 3880 3917 3927 3994 4000 4045 4057 4061 4065 4074 4124 4163 4177 4192 4197 4281 4282 4319 4324 4329 4349 4365 4369 4383 4384 4415 4423 4436 4443 4481 4483 4518 4523 4529 4539 4542 4554 4558 4595 4629 4713 4734 4788 4795 4796 4815 4865 4880 4895 4897 4901 4915 4941 4944 4988 4989 5006 5041 5042 5055 5108 5126 5169 5205 5218 5222 5245 5248 5258 5265 5319 5320 5341 5342 5386 5403 5424 5442 5467 5518 5519 5525 5536 5555 5583 5598 5617 5630 5637 5647 5664 5694 5696 5702 5741 5747 5756 5759 5783 5788 5789 5796 5815 5848 5858 5867 5899 5905 5946 5961 5969 5989 6010 6020 6048 6054 6064 6097 6104 6143 6171 6175 6176 6186 6202 6238 6240 6255 6260 6312 6343 6353 6359 6364 6368 6395 6433 6441 6449 6480 6486 6506 6533 6576 6578 6599 6617 6621 6639 6663 6686 6694 6696 6701 6723 6740 6753 6782 6815 6864 6876 6884 6917 6936 6949 6962 6967 6970 7005 7034 7063 7079 7087 7125 7150
14 23 25 43 45 46 56 112 116 145 172 230 279 372 378 437 439 440 447 487 510 558 617 618 699 802 828 855 922 961 1015 1073 1151 1173 1275 1301 1366 1401 1418 1493 1630 1660 1706 1765 1839 1939 1953 1982 2054 2089 2155 2165 2176 2263 2266 2284 2313 2353 2382 2430 2435 2467 2468 2469 2483 2553 2559 2573 2599 2624 2639 2656 2664 2698 2722 2728 2749 2812 2814 2865 2868 2884 2889 2970 3084 3090 3100 3119 3178 3184 3219 3243 3255 3260 3296 3353 3464 3473 3500 3515 3528 3535 3595 3626 3639 3664 3670 3674 3676 3692 3729 3761 3786 3794 3797 3800 3838 3846 3859 3883 3901 3936 3980 3984 3991 3996 4026 4034 4064 4069 4116 4128 4143 4188 4189 4267 4278 4306 4314 4359 4406 4432 4466 4478 4514 4531 4539 4580 4590 4652 4735 4738 4749 4786 4809 4820 4861 4871 4911 4916 4950 4963 4968 5010 5011 5017 5030 5051 5053 5101 5126 5156 5203 5213 5214 5228 5242 5244 5265 5278 5330 5337 5356 5399 5442 5465 5519 5555 5612 5641 5672 5677 5683 5692 5698 5753 5764 5769 5799 5819 5844 5892 5936 5947 5981 5993 6004 6010 6019 6038 6052 6059 6092 6095 6119 6148 6162 6167 6179 6185 6211 6228 6245 6251 6285 6307 6336 6344 6354 6361 6388 6437 6454 6502 6506 6536 6567 6573 6575 6593 6596 6597 6615 6619 6650 6653 6697 6740 6753 6789 6808 6857 6862 6864 6865 6874 6881 6917 6918 6926 6932 6941 6977 6991 7000 7002 7004 7014 7037 7058 7076 7085 7093 7125
67 88 121 189 205 237 242 271 272 285 309 328 338 358 399 418 472 478 488 502 591 636 658 698 820 886 911 936 943 998 1012 1065 1068 1091 1259 1288 1290 1328 1353 1392 1412 1417 1481 1531 1578 1580 1622 1655 1674 1744 1931 1952 1968 1981 2041 2086 2111 2124 2128 2133 2142 2150 2162 2244 2248 2307 2308 2341 2348 2381 2385 2404 2449 2459 2467 2468 2543 2555 2556 2587 2615 2632 2640 2651 2660 2696 2714 2748 2763 2806 2864 2876 2933 3066 3083 3119 3142 3184 3201 3241 3252 3336 3411 3431 3439 3452 3469 3488 3501 3576 3587 3588 3651 3652 3673 3686 3713 3715 3750 3759 3784 3788 3795 3818 3819 3824 3897 3928 3971 3972 3978 3999 4095 4101 4154 4170 4190 4239 4251 4264 4270 4290 4345 4361 4403 4438 4439 4484 4510 4512 4526 4557 4648 4712 4777 4784 4785 4805 4852 4853 4866 4922 4932 4934 4964 4973 4995 5023 5039 5082 5089 5151 5196 5199 5204 5239 5281 5293 5307 5326 5356 5382 5383 5386 5433 5461 5466 5469 5511 5516 5606 5612 5636 5641 5682 5685 5687 5693 5708 5713 5725 5733 5734 5737 5748 5762 5769 5787 5818 5837 5843 5880 5908 5910 5922 5927 5928 5940 5962 5967 5988 6004 6009 6033 6046 6056 6068 6079 6099 6111 6117 6136 6138 6155 6162 6167 6170 6181 6240 6244 6281 6295 6299 6304 6326 6331 6333 6334 6337 6350 6351 6354 6355 6382 6416 6428 6482 6489 6494 6502 6506 6512 6519 6568 6576 6589 6593 6603 6605 6645 6665 6684 6685 6694 6742 6752 6772 6775 6791 6806 6838 6845 6856 6897 6900 6912 6968 6972 6976 6981 6997 7001 7031 7047 7054 7065 7075 7105
29 45 121 168 171 206 268 276 350 373 374 379 435 445 588 603 608 685 699 721 725 745 769 864 919 934 937 1005 1054 1060 1063 1065 1120 1210 1249 1265 1305 1364 1378 1389 1478 1538 1555 1557 1650 1716 1911 1921 1938 1958 2030 2039 2078 2086 2092 2111 2125 2138 2143 2216 2330 2344 2360 2373 2402 2422 2438 2443 2461 2541 2584 2608 2626 2644 2653 2659 2691 2702 2717 2730 2736 2742 2774 2781 2791 2841 2855 2926 2974 3016 3051 3078 3113 3115 3131 3141 3154 3168 3180 3185 3222 3224 3251 3257 3304 3326 3336 3366 3403 3443 3452 3454 3487 3495 3496 3530 3555 3567 3569 3580 3585 3603 3621 3639 3677 3711 3738 3745 3777 3779 3804 3817 3828 3856 3877 3889 3962 3969 3975 3977 3982 3986 3994 4005 4043 4125 4194 4226 4245 4264 4273 4286 4287 4332 4337 4352 4411 4423 4436 4481 4511 4524 4608 4657 4695 4722 4729 4757 4776 4796 4810 4826 4832 4870 4907 4940 4966 4988 4998 5022 5065 5083 5102 5142 5191 5192 5201 5237 5258 5285 5293 5312 5326 5341 5380 5386 5418 5440 5458 5494 5511 5551 5565 5595 5598 5628 5630 5674 5676 5685 5720 5729 5730 5746 5753 5759 5763 5768 5802 5822 5838 5841 5891 5926 5940 5948 5969 5988 5992 5997 6001 6009 6014 6032 6035 6075 6087 6093 6105 6130 6137 6167 6169 6209 6223 6229 6234 6236 6299 6326 6349 6350 6370 6394 6411 6414 6416 6434 6449 6469 6483 6487 6488 6504 6549 6554 6555 6567 6589 6621 6634 6640 6651 6666 6669 6682 6688 6738 6740 6782 6791 6817 6820 6846 6847 6856 6873 6876 6896 6941 6978 6996 7001 7002 7046 7051 7069
40 90 110 118 156 234 253 275 368 372 376 585 631 661 694 744 746 838 876 902 906 937 957 959 988 1042 1055 1105 1208 1209 1285 1326 1378 1454 1473 1474 1479 1487 1646 1712 1870 1887 1889 1913 1942 1944 1947 1988 2017 2051 2101 2127 2161 2176 2206 2227 2256 2279 2310 2333 2339 2350 2355 2371 2381 2399 2422 2432 2458 2461 2524 2528 2565 2584 2592 2626 2666 2685 2688 2697 2715 2732 2734 2755 2779 2791 2801 2966 2968 2973 3010 3022 3023 3027 3044 3077 3110 3133 3158 3173 3215 3216 3280 3290 3300 3397 3420 3443 3446 3474 3494 3507 3554 3573 3589 3607 3629 3633 3646 3657 3690 3706 3709 3756 3769 3773 3776 3816 3833 3874 3878 3959 3968 3974 3991 3995 4050 4109 4189 4212 4224 4234 4247 4267 4301 4374 4409 4412 4429 4432 4435 4441 4458 4481 4486 4492 4500 4506 4517 4549 4600 4656 4717 4729 4746 4757 4765 4795 4807 4821 4861 4908 4916 4938 4939 4943 4987 4991 4995 5002 5017 5046 5056 5082 5090 5121 5122 5129 5140 5149 5182 5211 5217 5232 5284 5289 5293 5301 5307 5314 5315 5343 5356 5384 5385 5400 5427 5456 5487 5492 5504 5532 5539 5551 5554 5588 5589 5594 5615 5630 5654 5665 5671 5698 5713 5716 5738 5740 5755 5767 5804 5806 5836 5840 5841 5890 5922 5925 5968 5970 5978 5980 5999 6014 6019 6064 6073 6119 6129 6155 6162 6169 6183 6197 6212 6231 6238 6318 6321 6322 6325 6331 6335 6383 6395 6403 6445 6446 6456 6463 6469 6474 6488 6494 6546 6551 6561 6575 6576 6577 6582 6597 6598 6612 6660 6662 6676 6681 6688 6694 6718 6755 6756 6774 6803 6804 6818 6821 6855 6878 6886 6889 6895 6926 6932 6974 6987 6995 6998 7025 7044 7061
10 88 115 129 209 226 356 358 361 363 376 430 489 563 582 632 698 702 738 773 816 832 840 878 897 934 986 1012 1045 1075 1076 1191 1281 1293 1399 1406 1429 1434 1442 1457 1473 1530 1621 1638 1653 1851 1861 1928 1946 1957 1974 2037 2046 2071 2077 2088 2122 2199 2228 2268 2306 2318 2332 2348 2382 2400 2419 2434 2450 2489 2500 2505 2541 2557 2571 2601 2626 2669 2675 2680 2701 2724 2733 2772 2926 2932 2935 2971 2985 3011 3018 3036 3063 3075 3091 3101 3127 3137 3141 3162 3164 3207 3210 3213 3271 3327 3378 3403 3432 3440 3471 3478 3551 3590 3619 3632 3649 3663 3671 3701 3704 3746 3757 3772 3776 3800 3852 3910 3951 3955 3988 4001 4004 4025 4077 4174 4201 4215 4240 4256 4293 4296 4351 4356 4381 4391 4426 4432 4471 4472 4477 4503 4504 4510 4574 4576 4650 4705 4711 4716 4731 4763 4770 4773 4790 4801 4807 4852 4857 4881 4887 4935 4984 5001 5009 5010 5035 5059 5087 5109 5114 5122 5171 5180 5193 5207 5224 5226 5230 5284 5287 5307 5309 5316 5341 5371 5376 5390 5439 5443 5480 5500 5525 5535 5541 5562 5569 5588 5627 5654 5660 5670 5671 5703 5708 5733 5738 5749 5764 5787 5809 5821 5822 5823 5830 5867 5918 5922 5968 5997 6019 6068 6098 6111 6115 6123 6127 6130 6132 6141 6142 6150 6151 6155 6164 6167 6179 6188 6207 6218 6220 6229 6269 6286 6319 6321 6361 6371 6375 6403 6428 6432 6436 6452 6457 6469 6474 6511 6520 6543 6545 6546 6555 6561 6570 6582 6596 6599 6630 6637 6656 6662 6684 6700 6711 6717 6751 6766 6777 6788 6802 6807 6847 6852 6869 6878 6883 6914 6973 6981 6997 6999 7037 7038 7048 7056
2 33 73 149 195 201 355 356 556 582 616 634 682 727 763 791 810 832 867 887 915 984 1019 1068 1163 1263 1273 1280 1388 1424 1447 1465 1537 1611 1619 1620 1765 1775 1839 1926 1931 1941 2014 2036 2037 2048 2092 2115 2156 2187 2252 2267 2295 2296 2301 2364 2381 2382 2412 2416 2429 2465 2504 2532 2551 2562 2579 2614 2616 2618 2620 2632 2666 2696 2702 2708 2714 2716 2762 2787 2849 2889 2924 2969 2981 2991 3054 3062 3085 3107 3118 3141 3158 3211 3259 3286 3314 3334 3375 3393 3416 3448 3477 3551 3591 3603 3640 3642 3665 3672 3676 3680 3684 3752 3756 3765 3774 3775 3848 3903 3935 3942 3987 3991 4020 4132 4181 4182 4188 4205 4209 4225 4226 4232 4284 4295 4342 4361 4379 4380 4387 4399 4426 4433 4451 4494 4501 4538 4586 4631 4678 4725 4756 4763 4798 4802 4827 4842 4856 4869 4895 4969 4982 5009 5027 5030 5034 5057 5082 5105 5146 5148 5171 5174 5178 5180 5208 5218 5222 5228 5252 5259 5263 5273 5290 5300 5302 5338 5347 5377 5403 5408 5418 5427 5477 5480 5489 5492 5533 5587 5622 5649 5651 5658 5666 5667 5691 5701 5721 5726 5746 5813 5815 5907 5968 5980 5987 5988 6018 6019 6094 6096 6123 6142 6150 6164 6179 6184 6215 6233 6251 6256 6275 6293 6309 6317 6319 6338 6354 6357 6395 6412 6415 6426 6443 6461 6462 6469 6485 6499 6504 6538 6546 6554 6559 6570 6585 6623 6629 6638 6652 6689 6711 6721 6760 6785 6796 6800 6843 6845 6850 6857 6873 6909 6936 6962 6973 6974 6978 6992 7019
32 59 83 140 144 177 272 275 355 356 489 523 568 574 589 668 675 678 716 825 879 908 942 956 975 1006 1010 1099 1136 1239 1262 1329 1343 1369 1371 1447 1464 1471 1539 1576 1752 1774 1788 1815 1846 1904 1914 1915 1969 1970 1972 1994 2026 2036 2087 2091 2102 2113 2122 2149 2193 2205 2232 2286 2300 2316 2323 2352 2369 2414 2421 2449 2460 2531 2551 2580 2600 2617 2628 2638 2664 2687 2706 2756 2873 2898 2931 2945 2956 2965 2970 3044 3048 3099 3105 3118 3131 3139 3184 3187 3197 3244 3283 3332 3366 3368 3386 3395 3442 3443 3475 3489 3504 3550 3582 3593 3600 3620 3628 3636 3643 3658 3694 3744 3752 3759 3767 3773 3793 3815 3831 3885 3898 3916 3940 3961 3982 3988 4081 4123 4146 4165 4205 4213 4216 4227 4277 4332 4337 4369 4394 4432 4440 4444 4461 4473 4508 4528 4562 4575 4602 4663 4672 4723 4751 4755 4756 4761 4762 4787 4788 4807 4847 4859 4891 4934 4936 4987 5025 5029 5047 5070 5077 5125 5139 5171 5200 5211 5228 5255 5260 5271 5323 5332 5334 5390 5393 5476 5517 5534 5582 5606 5615 5635 5638 5639 5651 5655 5659 5685 5702 5711 5712 5732 5768 5794 5800 5812 5834 5837 5905 5914 5957 5964 5974 5991 5999 6014 6080 6084 6114 6117 6123 6161 6178 6184 6186 6194 6212 6236 6285 6286 6308 6315 6341 6375 6381 6387 6405 6422 6440 6441 6456 6502 6516 6517 6531 6532 6545 6555 6566 6585 6619 6633 6639 6662 6665 6700 6714 6730 6760 6768 6792 6799 6824 6839 6844 6862 6885 6886 6891 6959 6962 6971 6995
30 53 74 115 136 149 222 259 319 334 434 478 512 533 548 559 614 619 685 698 733 755 809 825 829 896 922 926 937 989 1084 1142 1160 1187 1277 1288 1359 1362 1422 1457 1491 1532 1574 1658 1701 1756 1765 1777 1807 1896 1897 1942 2018 2023 2032 2102 2117 2121 2143 2152 2196 2281 2291 2318 2402 2410 2420 2427 2524 2528 2543 2551 2565 2592 2609 2617 2637 2655 2672 2677 2685 2702 2744 2828 2854 2893 2913 2933 2969 2981 3021 3027 3073 3089 3094 3104 3110 3163 3164 3194 3242 3301 3326 3378 3435 3440 3447 3449 3477 3495 3513 3548 3578 3601 3616 3642 3743 3750 3773 3791 3866 3904 3920 3934 3955 3982 4077 4078 4085 4089 4091 4126 4168 4196 4214 4245 4253 4274 4304 4316 4328 4346 4351 4358 4391 4416 4427 4439 4440 4459 4487 4555 4609 4669 4718 4720 4722 4743 4756 4781 4784 4811 4887 4898 4922 4965 4983 4989 4992 5014 5025 5066 5070 5083 5087 5133 5155 5164 5170 5189 5199 5211 5248 5251 5255 5281 5299 5326 5384 5462 5464 5473 5505 5513 5561 5563 5595 5600 5614 5617 5634 5651 5657 5678 5683 5708 5711 5729 5752 5799 5809 5844 5860 5885 5900 5952 5954 5956 5964 5991 5999 6012 6075 6080 6083 6086 6088 6093 6114 6117 6122 6156 6159 6166 6168 6179 6191 6268 6283 6284 6293 6310 6315 6341 6344 6374 6378 6380 6400 6425 6440 6454 6512 6513 6521 6528 6545 6546 6552 6579 6611 6619 6650 6699 6710 6727 6728 6750 6756 6760 6787 6792 6824 6837 6854 6936 6940 6943 6966 6979 6991
11 22 80 220 229 258 288 316 375 463 478 527 567 568 594 615 669 689 824 851 913 945 1070 1125 1181 1275 1337 1351 1383 1407 1503 1691 1739 1798 1807 1817 1818 1883 1891 1941 1949 1957 2002 2018 2022 2023 2086 2102 2134 2135 2231 2264 2271 2287 2298 2311 2371 2379 2391 2397 2448 2466 2518 2535 2547 2559 2574 2598 2602 2607 2613 2615 2629 2637 2643 2673 2698 2733 2895 2919 2921 2968 2991 3018 3027 3040 3053 3087 3094 3145 3150 3212 3235 3259 3283 3299 3347 3378 3440 3444 3548 3554 3593 3655 3670 3677 3732 3742 3743 3770 3772 3775 3809 3865 3868 3884 3895 3902 3915 3922 3932 3940 3953 3964 4018 4021 4024 4036 4092 4182 4203 4213 4277 4284 4299 4320 4321 4327 4408 4416 4435 4451 4471 4535 4621 4625 4660 4696 4701 4725 4742 4755 4765 4766 4781 4834 4849 4857 4863 4895 4915 4954 4961 4973 4988 5021 5025 5061 5081 5101 5110 5152 5159 5162 5165 5171 5194 5198 5223 5238 5244 5278 5346 5349 5372 5448 5461 5466 5471 5481 5486 5545 5562 5567 5593 5611 5622 5648 5652 5665 5669 5673 5687 5725 5785 5808 5813 5842 5878 5889 5939 5954 5964 5983 5985 5998 6050 6057 6077 6081 6088 6100 6109 6110 6115 6119 6120 6133 6148 6157 6164 6178 6182 6232 6236 6279 6283 6285 6287 6296 6315 6336 6356 6364 6372 6397 6430 6438 6443 6450 6494 6504 6520 6537 6543 6546 6559 6610 6614 6645 6660 6685 6701 6738 6743 6745 6747 6756 6783 6787 6788 6814 6822 6834 6842 6843 6851 6933 6949 6965 6977 6978
13 21 28 53 127 162 178 221 244 251 299 472 474 501 515 525 582 651 743 823 834 896 907 1009 1041 1052 1069 1074 1093 1166 1223 1249 1251 1272 1277 1340 1499 1685 1697 1702 1735 1790 1811 1849 1869 1876 1882 1934 1939 1947 1979 2012 2013 2015 2039 2072 2082 2129 2157 2225 2243 2265 2272 2366 2368 2380 2422 2504 2519 2529 2559 2569 2583 2590 2622 2639 2660 2704 2743 2774 2785 2893 2945 2950 2964 2998 3008 3025 3029 3031 3043 3051 3068 3086 3137 3150 3225 3232 3314 3348 3372 3439 3484 3518 3538 3548 3552 3655 3674 3712 3713 3724 3739 3743 3755 3756 3855 3857 3858 3865 3897 3913 3925 3959 3984 3989 4016 4084 4169 4182 4190 4208 4209 4281 4308 4309 4318 4402 4412 4415 4432 4442 4464 4490 4527 4591 4599 4650 4676 4687 4692 4738 4751 4765 4808 4828 4843 4894 4904 4956 5007 5016 5038 5057 5098 5099 5109 5115 5148 5158 5165 5168 5171 5191 5221 5222 5224 5233 5323 5327 5330 5387 5416 5424 5443 5460 5474 5530 5541 5575 5580 5604 5610 5612 5622 5639 5642 5648 5650 5687 5697 5711 5734 5750 5782 5806 5814 5835 5845 5934 5937 5938 5954 5957 5960 5962 5992 5993 6002 6022 6025 6032 6040 6042 6067 6070 6086 6091 6102 6107 6115 6125 6127 6134 6138 6147 6152 6157 6184 6208 6267 6275 6279 6280 6283 6294 6311 6333 6349 6355 6369 6375 6388 6390 6399 6425 6429 6430 6456 6468 6501 6513 6516 6537 6545 6552 6553 6567 6590 6597 6614 6637 6648 6651 6689 6697 6699 6732 6737 6748 6751 6787 6789 6810 6813 6815 6818 6867 6924 6928 6940 6949 6955 6959
28 41 52 60 111 170 218 240 446 475 502 510 615 627 785 801 803 822 843 857 896 923 960 996 1021 1024 1180 1240 1247 1311 1388 1442 1647 1672 1682 1692 1727 1764 1798 1822 1842 1859 1905 1921 1930 1940 1979 1982 2007 2035 2063 2070 2115 2129 2151 2219 2243 2250 2267 2282 2327 2354 2400 2413 2498 2522 2566 2575 2586 2619 2628 2649 2661 2707 2853 2873 2893 2962 2994 3017 3042 3050 3077 3129 3144 3176 3179 3189 3194 3200 3238 3289 3346 3350 3393 3417 3428 3430 3464 3526 3527 3529 3547 3641 3655 3671 3679 3702 3703 3713 3721 3741 3747 3797 3836 3862 3878 3894 3925 3931 3935 3953 3973 4004 4022 4106 4107 4146 4160 4185 4250 4284 4295 4314 4316 4393 4402 4470 4480 4548 4645 4657 4660 4710 4718 4739 4740 4749 4763 4806 4814 4836 4874 4900 4918 4941 4972 4994 4996 5034 5046 5052 5071 5087 5098 5114 5125 5128 5130 5150 5195 5199 5209 5220 5232 5239 5320 5371 5416 5434 5435 5440 5444 5454 5471 5509 5538 5548 5567 5574 5604 5605 5606 5634 5643 5644 5678 5682 5686 5704 5716 5727 5733 5767 5770 5777 5782 5792 5800 5814 5836 5874 5923 5929 5938 5952 5953 5960 5963 5988 5997 6015 6034 6041 6053 6076 6078 6081 6086 6095 6110 6124 6131 6151 6158 6171 6178 6266 6268 6270 6279 6307 6331 6350 6369 6375 6379 6386 6422 6429 6497 6500 6529 6532 6540 6546 6566 6571 6577 6587 6594 6644 6691 6695 6706 6713 6721 6732 6740 6784 6786 6808 6810 6814 6860 6913 6917 6937
17 33 71 110 209 213 232 281 290 430 442 459 467 487 589 608 759 800 804 807 820 847 848 992 997 1011 1095 1140 1172 1236 1292 1489 1584 1669 1694 1780 1817 1842 1896 1901 1925 1926 1963 1973 1987 1995 2035 2040 2061 2090 2093 2096 2104 2193 2223 2233 2307 2352 2410 2436 2442 2466 2489 2506 2556 2567 2568 2594 2597 2644 2656 2685 2691 2694 2785 2872 2881 2888 2969 2979 2985 2990 2997 3003 3040 3058 3128 3135 3147 3164 3177 3186 3301 3315 3347 3398 3401 3405 3407 3413 3445 3475 3492 3500 3517 3519 3529 3530 3611 3629 3650 3695 3705 3716 3719 3726 3730 3740 3759 3807 3817 3825 3849 3855 3871 3875 3921 3942 3973 3974 3994 4018 4127 4173 4175 4217 4266 4281 4290 4304 4312 4325 4341 4384 4386 4390 4399 4407 4472 4499 4610 4641 4651 4680 4693 4710 4713 4732 4734 4736 4785 4807 4817 4835 4856 4868 4893 4921 4978 4985 4986 5037 5081 5109 5113 5116 5130 5167 5170 5183 5203 5208 5209 5210 5233 5276 5343 5375 5389 5432 5434 5451 5506 5528 5540 5561 5567 5573 5600 5601 5616 5641 5650 5653 5660 5666 5671 5678 5682 5699 5706 5707 5708 5715 5743 5764 5768 5781 5828 5837 5847 5858 5863 5879 5935 5952 5965 5978 6009 6031 6032 6065 6070 6073 6094 6107 6115 6125 6131 6134 6149 6158 6168 6223 6233 6256 6270 6289 6292 6300 6306 6321 6337 6354 6370 6379 6381 6419 6420 6444 6491 6505 6509 6513 6532 6553 6584 6630 6672 6673 6689 6719 6781 6783 6785 6790 6801 6852 6858 6897 6899 6903 6912 6914 6923 6932 6937
3 11 56 72 202 208 235 250 372 434 435 466 661 719 790 797 799 806 969 1004 1058 1093 1100 1156 1227 1230 1385 1423 1510 1543 1596 1656 1658 1677 1704 1726 1761 1834 1896 1912 1915 1963 1969 1975 1989 2023 2025 2046 2047 2094 2158 2168 2190 2211 2225 2270 2338 2352 2406 2467 2468 2473 2547 2551 2583 2589 2636 2689 2740 2828 2860 2861 2868 2910 2954 2982 2997 3013 3029 3034 3110 3126 3130 3213 3264 3282 3300 3340 3361 3381 3392 3449 3459 3469 3479 3516 3525 3593 3594 3629 3637 3652 3674 3676 3680 3688 3712 3714 3723 3730 3742 3817 3839 3848 3863 3907 3948 3950 4015 4052 4116 4132 4143 4155 4156 4229 4260 4281 4289 4308 4327 4338 4365 4369 4438 4472 4548 4589 4631 4648 4700 4704 4729 4762 4781 4813 4842 4847 4873 4891 4893 4969 4978 4980 5007 5011 5025 5054 5056 5091 5106 5114 5122 5161 5176 5178 5183 5206 5207 5228 5299 5319 5374 5387 5413 5446 5458 5484 5525 5553 5573 5599 5616 5638 5656 5659 5663 5667 5669 5671 5678 5698 5699 5730 5745 5757 5784 5804 5834 5847 5857 5875 5923 5944 5987 5999 6030 6065 6067 6068 6078 6105 6106 6107 6114 6115 6117 6125 6144 6146 6156 6211 6221 6225 6248 6261 6270 6278 6279 6301 6303 6319 6354 6365 6372 6404 6406 6412 6413 6430 6488 6489 6498 6508 6529 6540 6544 6548 6563 6581 6601 6605 6622 6665 6669 6700 6702 6718 6768 6775 6782 6783 6788 6828 6871 6877 6898 6932
3 137 168 171 202 272 433 434 436 446 458 558 565 642 702 758 785 786 796 802 919 929 959 985 1034 1177 1184 1202 1217 1229 1318 1506 1568 1587 1623 1641 1647 1659 1711 1785 1797 1811 1830 1887 1895 1900 1915 1928 1935 1937 1938 1954 2016 2017 2022 2023 2051 2089 2090 2146 2168 2208 2260 2333 2337 2339 2342 2357 2362 2380 2431 2440 2458 2476 2530 2541 2543 2546 2564 2614 2655 2730 2787 2791 2838 2841 2842 2855 2916 2933 2937 2941 2970 2997 2998 3018 3107 3116 3118 3184 3188 3199 3259 3288 3305 3368 3377 3385 3420 3421 3446 3458 3488 3509 3522 3525 3577 3627 3649 3667 3669 3671 3674 3681 3686 3687 3700 3710 3771 3797 3812 3846 3848 3858 3903 3907 3922 3943 3949 3988 4032 4099 4129 4229 4259 4263 4273 4274 4290 4305 4308 4311 4327 4339 4350 4361 4366 4504 4532 4553 4576 4578 4616 4630 4679 4699 4706 4728 4762 4776 4806 4811 4816 4877 4929 4933 4952 4969 5005 5011 5023 5053 5055 5069 5098 5100 5112 5120 5158 5170 5173 5195 5201 5207 5246 5273 5316 5317 5365 5367 5400 5433 5482 5494 5519 5559 5561 5592 5610 5623 5638 5642 5650 5665 5669 5671 5692 5725 5745 5750 5775 5783 5818 5845 5889 5905 5907 5924 5934 5937 5939 5967 5975 5979 6020 6025 6026 6060 6062 6064 6065 6067 6072 6094 6105 6111 6151 6205 6236 6242 6255 6268 6272 6286 6294 6309 6340 6347 6359 6377 6390 6391 6395 6422 6428 6482 6486 6497 6521 6533 6551 6555 6569 6571 6604 6636 6668 6682 6690 6701 6714 6746 6766 6767 6773 6774 6782 6812 6862 6867 6870 6884 6889 6932
122 137 181 261 351 404 419 424 427 453 474 529 569 591 608 654 693 768 787 846 874 891 893 983 1165 1209 1315 1485 1504 1522 1530 1580 1615 1628 1640 1774 1883 1899 1914 1929 1931 1991 2005 2014 2019 2112 2134 2161 2178 2189 2228 2257 2305 2333 2334 2335 2342 2348 2377 2432 2439 2453 2460 2510 2521 2539 2570 2571 2649 2656 2768 2776 2812 2815 2852 2853 2863 2882 2928 2930 2966 2990 2996 3041 3112 3178 3196 3255 3300 3353 3368 3390 3420 3433 3486 3505 3511 3576 3619 3626 3640 3643 3668 3671 3692 3699 3701 3742 3800 3828 3844 3901 3903 3924 3966 4027 4034 4093 4112 4114 4219 4226 4253 4254 4288 4301 4327 4361 4492 4499 4505 4529 4566 4585 4595 4602 4619 4686 4693 4706 4715 4722 4728 4775 4804 4856 4919 4963 4977 4981 4982 5000 5034 5043 5049 5060 5081 5088 5096 5138 5142 5148 5168 5172 5193 5202 5226 5295 5333 5355 5364 5365 5369 5376 5404 5417 5480 5490 5496 5502 5543 5552 5585 5589 5621 5636 5646 5651 5668 5691 5716 5734 5747 5774 5795 5816 5832 5843 5877 5902 5914 5921 5928 5932 5974 6019 6022 6034 6061 6062 6071 6099 6101 6109 6110 6123 6128 6131 6188 6195 6228 6252 6256 6267 6271 6290 6307 6326 6346 6356 6371 6373 6381 6394 6420 6439 6454 6457 6471 6487 6496 6503 6508 6521 6533 6539 6555 6568 6579 6604 6621 6668 6671 6689 6702 6735 6762 6764 6767 6772 6774 6811 6843 6862 6867 6930
110 177 220 349 372 388 426 427 512 593 604 653 677 698 758 777 854 872 904 945 965 1131 1147 1154 1173 1185 1197 1300 1310 1388 1420 1441 1498 1503 1515 1523 1556 1608 1623 1736 1750 1752 1774 1881 1927 1981 1997 2009 2052 2066 2116 2128 2137 2139 2145 2164 2222 2278 2306 2333 2345 2363 2365 2412 2432 2445 2449 2468 2499 2502 2539 2541 2556 2618 2695 2743 2762 2774 2802 2807 2808 2815 2836 2891 2897 2922 2949 2950 2952 2991 3037 3038 3109 3160 3169 3212 3238 3244 3251 3301 3314 3316 3324 3336 3361 3394 3412 3428 3462 3466 3476 3499 3500 3505 3614 3619 3620 3652 3663 3693 3723 3731 3787 3805 3840 3841 3847 3854 3900 3909 4000 4008 4108 4178 4204 4208 4239 4247 4261 4287 4295 4309 4339 4345 4357 4386 4487 4492 4498 4558 4561 4579 4589 4651 4668 4671 4692 4708 4720 4722 4754 4772 4778 4799 4838 4856 4909 4921 4950 4978 5022 5024 5059 5069 5079 5085 5108 5109 5171 5193 5200 5234 5267 5320 5352 5357 5411 5479 5493 5499 5543 5582 5586 5617 5635 5643 5665 5666 5689 5700 5708 5724 5734 5739 5760 5763 5788 5824 5854 5867 5880 5888 5896 5901 5903 5913 5921 5931 5960 5971 6017 6022 6033 6043 6052 6055 6067 6097 6101 6108 6119 6149 6171 6188 6240 6251 6266 6271 6290 6293 6304 6326 6344 6350 6365 6367 6369 6413 6443 6447 6479 6485 6488 6506 6516 6531 6551 6576 6598 6604 6621 6625 6644 6689 6713 6734 6742 6751 6757 6767 6772 6826 6866 6883
76 80 163 206 239 343 355 369 393 403 444 465 520 610 628 661 665 724 745 749 814 843 920 1011 1077 1119 1134 1142 1147 1169 1298 1345 1478 1514 1520 1549 1574 1608 1622 1679 1732 1737 1857 1870 1927 1939 1977 1980 1984 1997 1999 2055 2108 2135 2160 2221 2236 2277 2322 2323 2330 2363 2389 2430 2435 2436 2440 2459 2473 2493 2538 2598 2671 2737 2768 2795 2798 2891 2926 2948 2968 2978 2984 3058 3083 3084 3092 3131 3143 3151 3193 3205 3213 3228 3295 3318 3335 3360 3370 3386 3391 3405 3458 3476 3493 3511 3583 3601 3630 3632 3647 3652 3661 3674 3684 3784 3798 3840 3846 3864 3985 3995 4065 4067 4073 4085 4104 4132 4146 4169 4170 4182 4218 4233 4250 4255 4267 4274 4331 4334 4336 4386 4404 4453 4485 4491 4502 4525 4546 4548 4554 4646 4651 4659 4685 4709 4715 4747 4772 4781 4786 4794 4798 4800 4824 4851 4902 4913 4928 4975 5001 5045 5046 5065 5077 5078 5098 5101 5135 5164 5167 5172 5183 5232 5258 5309 5338 5349 5391 5455 5467 5473 5534 5573 5579 5582 5602 5614 5620 5641 5682 5686 5693 5716 5720 5727 5788 5817 5836 5872 5894 5898 5901 5919 5930 6000 6011 6017 6021 6035 6039 6049 6055 6067 6086 6091 6095 6097 6119 6137 6155 6177 6213 6215 6235 6269 6274 6300 6308 6323 6346 6386 6404 6432 6438 6440 6467 6472 6475 6487 6494 6499 6519 6526 6531 6550 6553 6596 6600 6601 6612 6643 6658 6712 6718 6742 6758 6759 6765 6769 6772 6795 6804 6833 6848 6856
140 163 264 310 316 353 366 372 497 536 578 645 722 739 821 995 1064 1093 1103 1129 1146 1154 1253 1477 1502 1523 1546 1556 1585 1597 1607 1610 1618 1657 1684 1826 1830 1833 1844 1863 1868 1891 1900 1905 1927 1932 1965 1976 1988 2046 2098 2116 2130 2174 2291 2292 2294 2307 2317 2356 2367 2384 2387 2390 2421 2435 2452 2532 2617 2735 2739 2859 2887 2890 2943 2954 2961 2979 3051 3074 3082 3113 3125 3144 3159 3269 3273 3282 3332 3342 3346 3381 3382 3423 3445 3478 3489 3556 3568 3575 3612 3623 3627 3645 3651 3658 3671 3725 3744 3751 3799 3834 3839 3840 3848 3866 3956 3976 4017 4034 4038 4063 4066 4084 4132 4134 4143 4156 4212 4225 4228 4244 4254 4331 4359 4361 4421 4467 4471 4499 4552 4592 4616 4683 4703 4715 4751 4755 4776 4788 4797 4810 4843 4856 4888 4912 4947 4949 4968 5000 5039 5052 5057 5080 5085 5097 5133 5160 5177 5183 5213 5259 5265 5323 5343 5345 5347 5427 5439 5466 5473 5494 5495 5513 5514 5542 5570 5576 5577 5602 5615 5640 5650 5663 5669 5688 5798 5799 5836 5852 5858 5859 5871 5888 5922 5989 6017 6032 6042 6059 6065 6071 6074 6083 6088 6095 6097 6103 6139 6155 6161 6182 6191 6204 6205 6213 6252 6257 6259 6281 6305 6344 6346 6348 6351 6354 6415 6462 6465 6470 6473 6475 6482 6498 6516 6518 6534 6554 6587 6591 6601 6603 6605 6607 6608 6629 6642 6647 6699 6731 6744 6745 6751 6761 6769 6772 6779 6800 6815 6845
25 69 93 117 135 258 270 297 309 349 360 440 535 546 636 701 707 730 779 819 918 967 1027 1037 1141 1243 1443 1470 1545 1575 1580 1607 1623 1719 1784 1857 1861 1888 1903 1922 1940 1942 1988 2023 2060 2098 2116 2128 2166 2185 2282 2313 2324 2348 2367 2410 2428 2433 2460 2508 2524 2583 2633 2679 2727 2733 2772 2842 2849 2878 2916 2920 2951 2965 2975 3021 3054 3098 3114 3227 3246 3267 3280 3304 3332 3333 3348 3374 3387 3404 3424 3429 3454 3475 3545 3550 3557 3574 3582 3598 3625 3629 3641 3665 3701 3725 3735 3780 3798 3831 3840 3852 3944 3970 3980 4063 4098 4108 4117 4137 4164 4186 4198 4228 4230 4234 4236 4309 4321 4329 4337 4398 4407 4414 4461 4473 4475 4510 4573 4603 4609 4652 4671 4682 4687 4713 4751 4753 4776 4787 4826 4828 4869 4880 4929 4933 4944 4951 4973 4983 5011 5039 5042 5057 5097 5115 5134 5140 5144 5159 5172 5185 5224 5283 5322 5331 5342 5384 5393 5439 5454 5470 5479 5500 5531 5536 5542 5575 5581 5582 5591 5601 5604 5626 5632 5639 5648 5784 5788 5795 5797 5816 5820 5826 5835 5866 5886 5920 5927 5935 5982 5993 6005 6006 6017 6023 6028 6041 6077 6082 6083 6084 6127 6136 6144 6179 6187 6189 6201 6212 6213 6253 6263 6271 6293 6296 6334 6340 6343 6348 6413 6445 6462 6471 6475 6476 6493 6506 6583 6585 6590 6603 6620 6634 6661 6672 6679 6699 6710 6723 6724 6753 6757 6759 6799 6829 6836 6841
25 54 118 124 181 215 243 259 342 433 520 530 531 532 588 595 620 660 667 690 706 747 816 901 902 961 1015 1023 1034 1103 1141 1239 1420 1432 1443 1448 1479 1537 1555 1590 1604 1643 1713 1719 1753 1851 1879 1881 1885 1897 1898 1922 1948 1961 1985 2012 2019 2067 2071 2084 2089 2104 2116 2122 2163 2205 2279 2282 2320 2335 2351 2395 2408 2424 2452 2453 2493 2509 2511 2575 2597 2723 2727 2731 2808 2831 2845 2869 2884 2899 2920 2928 2991 3000 3030 3050 3061 3072 3105 3131 3240 3244 3253 3332 3337 3371 3398 3399 3424 3468 3471 3488 3532 3545 3571 3585 3597 3619 3624 3629 3636 3659 3669 3690 3702 3722 3770 3812 3817 3829 3831 3837 3843 3899 3958 4004 4050 4080 4083 4084 4096 4154 4191 4195 4197 4215 4234 4292 4329 4337 4338 4345 4353 4391 4420 4432 4457 4560 4620 4623 4626 4697 4699 4753 4771 4772 4775 4809 4812 4920 4943 4962 4993 5018 5035 5038 5047 5054 5063 5091 5133 5141 5144 5145 5150 5154 5224 5264 5309 5323 5340 5342 5360 5410 5425 5440 5446 5479 5534 5548 5552 5575 5592 5597 5599 5602 5629 5634 5638 5643 5646 5687 5723 5724 5741 5769 5774 5813 5842 5864 5865 5878 5882 5896 5913 5930 5936 5993 6004 6013 6015 6039 6061 6063 6071 6115 6139 6151 6168 6171 6189 6190 6207 6210 6233 6293 6323 6331 6335 6342 6366 6384 6405 6409 6423 6429 6462 6470 6493 6498 6506 6540 6566 6572 6590 6602 6614 6619 6622 6628 6653 6673 6711 6722 6753 6757 6794 6818 6828
7 80 171 252 332 341 474 482 557 566 577 604 667 669 686 696 721 737 873 920 929 964 1014 1024 1056 1072 1122 1170 1265 1278 1379 1394 1421 1426 1452 1461 1547 1572 1603 1622 1698 1700 1706 1804 1822 1837 1845 1879 1908 1913 1961 1990 2052 2103 2137 2268 2275 2307 2326 2360 2389 2399 2421 2437 2459 2491 2492 2500 2506 2538 2627 2699 2702 2724 2727 2785 2790 2798 2809 2839 2850 2860 2909 2916 2932 2974 2980 3038 3039 3081 3093 3206 3232 3243 3244 3250 3291 3332 3365 3370 3375 3384 3455 3529 3530 3544 3547 3549 3558 3561 3570 3612 3619 3626 3630 3633 3635 3638 3641 3675 3683 3706 3721 3745 3794 3825 3827 3876 3951 3990 4033 4056 4091 4109 4142 4162 4190 4200 4215 4224 4228 4236 4285 4340 4397 4425 4431 4445 4511 4605 4612 4621 4624 4646 4691 4696 4718 4769 4777 4778 4788 4805 4866 4870 4913 4927 4962 4981 4995 4999 5036 5041 5045 5049 5059 5060 5098 5116 5137 5144 5145 5187 5219 5297 5308 5312 5334 5382 5407 5412 5424 5425 5441 5443 5455 5460 5471 5476 5518 5557 5569 5572 5582 5595 5626 5632 5641 5646 5663 5668 5698 5713 5715 5735 5765 5784 5792 5843 5854 5865 5867 5872 5891 5898 5903 5905 5909 5924 5948 5975 5977 5982 5992 5993 6001 6003 6016 6021 6033 6051 6053 6055 6057 6067 6070 6095 6112 6132 6142 6151 6156 6160 6166 6203 6205 6221 6276 6282 6309 6312 6327 6331 6336 6367 6370 6373 6392 6393 6404 6411 6435 6438 6459 6469 6478 6498 6501 6535 6564 6567 6569 6608 6619 6621 6626 6644 6671 6698 6703 6704 6707 6735 6740 6753 6766 6786 6794 6813
62 84 106 160 163 177 315 319 337 344 424 461 555 556 559 599 653 719 796 836 849 876 922 958 991 1011 1082 1110 1127 1379 1388 1417 1421 1450 1529 1563 1569 1584 1683 1702 1731 1752 1757 1796 1819 1828 1832 1850 1879 1880 1957 1987 2019 2042 2067 2077 2244 2266 2272 2274 2293 2305 2307 2319 2373 2398 2407 2445 2461 2464 2490 2496 2516 2564 2614 2686 2711 2718 2730 2789 2807 2808 2835 2851 2889 2912 2914 2971 2983 2993 3087 3122 3133 3153 3230 3236 3309 3326 3372 3383 3433 3441 3496 3519 3547 3557 3569 3598 3611 3613 3625 3635 3666 3669 3699 3705 3711 3723 3735 3743 3745 3765 3772 3781 3790 3813 3820 3821 3868 3928 3962 3992 4040 4048 4053 4064 4142 4153 4175 4188 4189 4200 4215 4226 4245 4284 4337 4346 4405 4426 4466 4480 4530 4541 4542 4565 4573 4601 4624 4675 4678 4680 4688 4712 4716 4759 4766 4769 4879 4901 4909 4922 4924 4940 4950 4972 4979 4999 5020 5044 5064 5118 5144 5145 5210 5238 5260 5266 5276 5296 5313 5332 5391 5393 5407 5437 5444 5448 5454 5466 5475 5513 5517 5555 5558 5567 5571 5572 5590 5603 5628 5633 5639 5682 5692 5733 5764 5821 5829 5840 5846 5866 5870 5889 5890 5924 5947 5984 5993 6000 6002 6011 6023 6053 6055 6062 6066 6110 6116 6121 6122 6141 6142 6178 6188 6194 6203 6235 6240 6262 6269 6302 6305 6325 6334 6337 6396 6414 6428 6430 6441 6448 6453 6454 6455 6477 6549 6562 6564 6565 6575 6596 6600 6617 6620 6665 6697 6721 6737 6743 6753 6763
58 60 73 95 234 277 300 307 455 536 549 552 603 634 638 704 712 794 803 830 834 899 916 939 941 1076 1097 1323 1348 1398 1400 1505 1523 1601 1681 1698 1740 1763 1770 1796 1804 1831 1867 1870 1929 1937 1970 1983 2001 2065 2073 2085 2187 2236 2252 2271 2280 2289 2292 2310 2336 2376 2384 2385 2402 2411 2457 2472 2477 2483 2531 2584 2701 2716 2719 2736 2782 2795 2814 2819 2859 2863 2879 2890 2904 2969 2992 3009 3174 3222 3306 3326 3351 3369 3388 3421 3494 3499 3544 3548 3553 3563 3573 3589 3610 3618 3627 3633 3661 3688 3718 3730 3733 3755 3756 3767 3798 3803 3812 3813 3821 3866 3899 3937 3964 3974 3999 4003 4014 4081 4137 4182 4187 4198 4203 4215 4230 4252 4269 4334 4381 4404 4426 4444 4465 4474 4502 4503 4533 4539 4564 4589 4605 4618 4663 4678 4716 4750 4757 4769 4775 4839 4850 4878 4890 4896 4913 4931 4964 4991 4996 5024 5028 5038 5040 5058 5113 5130 5144 5146 5151 5167 5225 5228 5247 5256 5257 5267 5295 5304 5307 5318 5328 5363 5369 5384 5427 5429 5439 5452 5457 5462 5516 5520 5526 5530 5539 5554 5569 5582 5602 5618 5628 5630 5669 5678 5751 5753 5791 5820 5836 5838 5847 5862 5868 5871 5884 5947 5961 5988 6000 6004 6011 6023 6033 6047 6053 6054 6060 6086 6103 6121 6130 6134 6139 6160 6175 6201 6231 6243 6299 6303 6322 6333 6358 6370 6376 6396 6412 6417 6436 6449 6453 6454 6467 6543 6544 6551 6565 6568 6597 6608 6628 6689 6693 6704 6719 6723 6746 6763
29 66 160 190 242 272 288 297 388 508 513 539 589 634 685 690 737 813 916 1024 1058 1278 1315 1322 1335 1353 1393 1428 1491 1515 1602 1660 1679 1684 1701 1710 1736 1745 1749 1827 1835 1850 1870 1924 1945 1948 1950 1993 1994 2009 2038 2042 2102 2117 2217 2227 2257 2266 2267 2273 2284 2285 2309 2317 2326 2328 2372 2387 2409 2451 2457 2470 2539 2545 2659 2679 2680 2703 2714 2727 2744 2773 2775 2784 2787 2807 2814 2823 2824 2847 2864 2876 2881 2937 2957 2963 2993 3041 3089 3204 3214 3219 3222 3236 3258 3289 3305 3312 3361 3373 3418 3445 3472 3514 3518 3519 3522 3533 3563 3583 3586 3614 3638 3657 3686 3695 3710 3745 3751 3759 3763 3769 3780 3792 3820 3862 3863 3884 3887 3897 3942 3988 3990 3997 4010 4059 4095 4139 4181 4184 4210 4222 4235 4267 4317 4335 4367 4397 4425 4450 4455 4511 4514 4585 4613 4654 4662 4665 4666 4672 4700 4727 4744 4759 4760 4830 4833 4850 4858 4864 4893 4902 4959 4962 5015 5018 5055 5080 5087 5114 5131 5138 5142 5220 5238 5259 5286 5302 5327 5333 5343 5346 5376 5383 5403 5423 5445 5457 5504 5523 5542 5551 5576 5579 5601 5607 5618 5619 5622 5629 5653 5656 5700 5745 5750 5813 5820 5834 5845 5859 5870 5910 5943 5950 5965 5978 5985 5999 6008 6012 6022 6040 6046 6050 6051 6054 6059 6074 6075 6102 6114 6117 6185 6214 6242 6243 6276 6297 6314 6358 6385 6392 6400 6416 6433 6442 6481 6530 6534 6557 6581 6591 6605 6616 6644 6689 6692 6709 6736 6760
23 37 49 81 223 233 280 373 374 450 485 534 581 623 683 719 779 782 867 879 965 995 1248 1277 1288 1327 1328 1357 1432 1513 1591 1640 1664 1666 1686 1696 1699 1808 1814 1844 1864 1907 1921 1924 1993 1997 2026 2089 2100 2147 2192 2217 2241 2246 2261 2264 2266 2279 2308 2351 2370 2373 2380 2385 2405 2425 2474 2539 2657 2658 2661 2668 2686 2712 2724 2763 2767 2818 2823 2827 2834 2839 2875 2942 2951 2953 2954 2988 2995 3059 3123 3165 3213 3215 3263 3273 3305 3306 3312 3319 3356 3359 3471 3490 3496 3521 3557 3564 3578 3606 3642 3654 3675 3680 3731 3757 3775 3786 3798 3821 3867 3889 3891 3986 3988 4001 4004 4006 4030 4121 4129 4179 4188 4305 4346 4380 4389 4391 4402 4413 4449 4500 4573 4640 4659 4664 4721 4739 4742 4752 4789 4796 4835 4857 4879 4939 4959 4988 5004 5022 5085 5116 5122 5138 5161 5197 5232 5234 5268 5287 5311 5320 5331 5332 5335 5367 5384 5393 5407 5447 5501 5522 5540 5562 5569 5577 5590 5594 5601 5603 5629 5653 5702 5714 5721 5725 5736 5776 5811 5829 5833 5853 5858 5870 5909 5946 5964 5966 5974 5987 5989 5993 6004 6008 6020 6033 6036 6040 6048 6054 6070 6074 6097 6107 6112 6114 6130 6139 6159 6200 6217 6235 6242 6289 6294 6305 6352 6370 6375 6433 6441 6480 6484 6513 6517 6557 6563 6578 6586 6598 6599 6600 6671 6683 6688 6697 6700 6730
15 17 42 147 218 243 263 273 307 331 369 398 399 428 522 575 607 618 678 709 716 769 785 829 935 962 1128 1196 1211 1223 1232 1242 1247 1267 1272 1289 1295 1316 1321 1354 1480 1484 1497 1513 1516 1571 1578 1590 1628 1632 1684 1710 1761 1801 1802 1803 1839 1861 1891 1910 1923 1993 2052 2187 2205 2211 2229 2256 2302 2332 2334 2350 2377 2378 2388 2389 2415 2466 2491 2532 2545 2551 2592 2642 2656 2674 2681 2699 2707 2714 2718 2756 2771 2774 2818 2821 2879 2906 2907 2914 2948 2985 3035 3120 3182 3205 3208 3226 3227 3287 3294 3299 3347 3352 3357 3464 3482 3490 3498 3511 3546 3578 3620 3629 3649 3674 3725 3738 3771 3785 3798 3877 3921 3929 3952 3993 4103 4169 4171 4172 4178 4193 4335 4346 4390 4444 4539 4541 4564 4625 4642 4650 4664 4691 4694 4709 4730 4742 4758 4762 4814 4839 4842 4843 4877 4955 4961 4973 4999 5004 5007 5077 5078 5113 5124 5166 5185 5189 5226 5259 5267 5287 5331 5372 5380 5393 5461 5483 5519 5522 5535 5537 5559 5568 5581 5590 5596 5620 5622 5631 5700 5764 5770 5780 5811 5813 5827 5832 5848 5858 5906 5918 5964 5973 5974 5980 5986 5990 6019 6031 6046 6051 6067 6085 6095 6107 6110 6117 6144 6172 6236 6289 6301 6346 6357 6369 6374 6408 6429 6437 6440 6450 6465 6467 6480 6481 6505 6507 6545 6555 6560 6595 6603 6653 6681 6687 6688 6725 6727
9 21 96 121 183 214 223 261 303 338 358 369 511 550 573 583 654 671 680 696 720 737 906 926 927 973 1156 1211 1213 1249 1292 1325 1336 1338 1357 1430 1458 1482 1498 1551 1584 1586 1624 1690 1754 1799 1802 1858 1890 1903 1914 1948 1984 1986 1987 2035 2088 2146 2163 2168 2192 2198 2199 2209 2225 2252 2287 2305 2332 2341 2357 2361 2374 2404 2427 2524 2547 2573 2641 2648 2689 2705 2710 2736 2756 2802 2873 2900 2901 2908 2917 2967 3027 3116 3157 3164 3184 3185 3196 3204 3213 3255 3271 3284 3298 3345 3348 3358 3363 3412 3444 3459 3463 3481 3498 3503 3505 3572 3575 3582 3618 3632 3638 3671 3673 3674 3682 3697 3705 3748 3771 3789 3815 3912 3944 3945 4055 4074 4101 4164 4167 4169 4307 4320 4322 4323 4330 4364 4382 4397 4421 4511 4529 4556 4629 4632 4652 4658 4683 4686 4695 4721 4737 4744 4753 4760 4807 4852 4897 4942 4947 4960 4975 4977 4982 5073 5074 5110 5111 5134 5182 5203 5251 5253 5256 5274 5330 5341 5351 5450 5513 5522 5535 5556 5586 5600 5682 5746 5798 5800 5806 5811 5824 5832 5855 5856 5876 5877 5898 5942 5945 5960 5972 5973 5975 5980 5990 6001 6003 6011 6014 6021 6031 6035 6054 6055 6060 6073 6084 6099 6102 6103 6127 6167 6200 6222 6263 6268 6274 6283 6285 6298 6337 6340 6345 6353 6367 6373 6403 6406 6422 6426 6429 6431 6439 6442 6457 6463 6468 6484 6487 6498 6523 6535 6541 6557 6583 6584 6626 6658 6674 6676 6687 6704 6723
4 25 88 97 205 217 293 327 334 448 476 514 557 558 598 627 648 668 680 740 882 890 925 1153 1194 1215 1231 1247 1284 1432 1443 1452 1465 1534 1541 1582 1592 1720 1789 1797 1799 1806 1840 1845 1890 1896 1964 1971 1979 1987 2026 2045 2058 2074 2123 2132 2137 2190 2191 2223 2227 2246 2251 2268 2274 2318 2330 2334 2336 2339 2402 2415 2492 2536 2585 2634 2640 2643 2699 2704 2705 2732 2785 2794 2822 2856 2861 2875 2883 2884 2985 3047 3074 3086 3120 3159 3173 3175 3211 3241 3258 3262 3294 3297 3312 3344 3429 3459 3465 3488 3496 3498 3505 3511 3541 3547 3562 3564 3596 3609 3611 3625 3656 3661 3666 3693 3705 3741 3746 3752 3863 3905 3909 3926 4029 4069 4076 4089 4130 4160 4164 4175 4308 4313 4326 4340 4341 4343 4369 4405 4473 4493 4497 4505 4512 4545 4573 4576 4621 4628 4632 4644 4686 4720 4735 4740 4744 4784 4811 4906 4937 4940 4946 4958 5010 5057 5067 5101 5129 5161 5170 5173 5181 5249 5251 5252 5261 5286 5314 5316 5330 5349 5373 5402 5416 5438 5470 5493 5509 5527 5532 5569 5571 5579 5583 5605 5614 5648 5675 5679 5712 5732 5736 5748 5751 5787 5806 5819 5820 5846 5849 5856 5874 5877 5921 5942 5958 5971 5977 5994 6002 6006 6026 6033 6054 6060 6069 6080 6083 6084 6087 6100 6114 6154 6197 6214 6219 6254 6259 6277 6298 6320 6345 6353 6398 6404 6406 6416 6427 6431 6434 6446 6463 6465 6532 6554 6569 6577 6610 6617 6627 6649 6686 6693
37 88 96 200 248 279 306 317 459 471 488 535 550 572 597 664 735 808 872 1077 1084 1149 1157 1179 1222 1295 1427 1457 1473 1541 1579 1586 1699 1708 1796 1801 1831 1858 1878 1883 1895 1938 1958 1966 1975 1976 1978 2010 2113 2127 2171 2186 2187 2209 2233 2240 2264 2265 2293 2329 2330 2336 2403 2481 2509 2525 2529 2623 2637 2680 2690 2701 2712 2722 2733 2762 2764 2816 2847 2859 2861 2874 2875 2931 3009 3060 3116 3118 3147 3152 3173 3196 3205 3248 3288 3295 3324 3332 3398 3428 3453 3460 3491 3522 3524 3539 3548 3562 3585 3587 3602 3609 3612 3642 3653 3654 3659 3679 3709 3730 3735 3779 3826 3853 3881 3904 4006 4015 4044 4049 4152 4160 4193 4206 4224 4272 4286 4335 4368 4374 4457 4484 4486 4487 4501 4535 4548 4593 4616 4623 4633 4663 4682 4707 4716 4718 4726 4737 4739 4766 4767 4800 4805 4829 4887 4892 4938 4940 4991 5004 5014 5065 5082 5083 5119 5133 5152 5153 5217 5231 5249 5295 5310 5313 5371 5374 5385 5406 5449 5464 5484 5523 5524 5531 5532 5547 5561 5571 5573 5597 5626 5633 5665 5673 5708 5732 5735 5755 5784 5803 5811 5842 5845 5853 5858 5889 5924 5932 5937 5942 5961 5971 5990 5991 5995 5996 5997 6007 6008 6018 6022 6067 6080 6114 6130 6214 6251 6259 6273 6281 6282 6302 6305 6319 6329 6333 6343 6346 6379 6394 6411 6417 6422 6436 6438 6457 6463 6486 6497 6504 6511 6529 6550 6557 6561 6587 6589 6591 6598 6607 6617 6649 6656 6684 6686
7 58 81 159 177 194 250 279 398 444 489 513 570 596 603 647 779 861 1131 1144 1147 1156 1197 1370 1394 1420 1427 1449 1489 1500 1501 1515 1529 1563 1586 1644 1687 1700 1737 1786 1797 1811 1850 1861 1863 1875 1894 1898 1921 1958 1974 2081 2096 2110 2114 2129 2174 2180 2183 2200 2229 2235 2257 2268 2324 2329 2372 2383 2450 2496 2511 2542 2563 2628 2636 2637 2671 2691 2695 2717 2729 2746 2814 2841 2897 2923 3026 3060 3099 3122 3140 3143 3163 3184 3200 3229 3271 3272 3292 3350 3390 3404 3418 3449 3450 3472 3482 3484 3507 3536 3539 3562 3580 3587 3607 3633 3638 3654 3696 3706 3730 3731 3733 3789 3877 3917 3999 4021 4039 4082 4116 4141 4158 4159 4160 4201 4220 4246 4266 4290 4298 4316 4359 4387 4404 4427 4458 4483 4488 4496 4535 4588 4590 4602 4614 4655 4659 4706 4715 4720 4724 4738 4756 4784 4803 4817 4883 4889 4895 4933 4940 4972 4976 4999 5006 5034 5044 5057 5069 5070 5130 5139 5187 5212 5224 5239 5249 5277 5286 5330 5332 5415 5429 5457 5460 5477 5519 5528 5529 5560 5567 5570 5604 5615 5621 5631 5653 5720 5723 5730 5768 5797 5803 5824 5832 5842 5846 5916 5934 5937 5945 5957 5958 5970 5978 5982 5984 6000 6005 6033 6040 6053 6065 6074 6076 6077 6092 6129 6213 6217 6224 6242 6246 6255 6273 6302 6326 6328 6336 6359 6376 6404 6408 6411 6436 6437 6439 6458 6462 6468 6471 6486 6498 6511 6522 6540 6561 6570 6587 6645 6656 6658 6675 6680 6686
5 176 225 269 367 368 411 415 418 435 477 499 500 527 540 548 608 725 769 859 939 1011 1029 1094 1139 1149 1181 1198 1238 1294 1309 1399 1411 1421 1433 1472 1501 1539 1555 1578 1592 1627 1701 1743 1771 1778 1781 1798 1825 1851 1890 1891 1900 1974 2072 2075 2077 2082 2125 2132 2174 2176 2220 2244 2247 2248 2311 2326 2372 2485 2506 2516 2518 2564 2572 2610 2623 2654 2660 2684 2746 2792 2793 2794 2798 2822 2823 2825 2874 2895 2920 2928 3077 3079 3081 3103 3104 3118 3147 3149 3170 3190 3256 3278 3346 3405 3434 3451 3454 3470 3501 3514 3525 3542 3568 3578 3583 3653 3689 3713 3724 3731 3811 3835 3924 3971 4006 4028 4063 4154 4157 4158 4159 4207 4218 4236 4264 4283 4302 4331 4337 4350 4352 4442 4462 4477 4531 4568 4587 4600 4603 4645 4657 4679 4686 4695 4698 4711 4720 4815 4874 4904 4936 4939 4941 4970 4973 5001 5026 5027 5032 5038 5044 5066 5105 5126 5162 5166 5192 5215 5223 5233 5247 5271 5273 5282 5286 5325 5427 5435 5438 5449 5472 5515 5518 5520 5521 5525 5535 5547 5555 5561 5575 5598 5639 5711 5712 5728 5739 5766 5795 5803 5804 5819 5824 5844 5845 5846 5864 5905 5916 5930 5931 5933 5935 5943 5958 5966 5970 5978 5981 5984 5985 5998 6005 6018 6019 6038 6072 6089 6117 6129 6189 6215 6226 6246 6251 6271 6280 6314 6359 6375 6397 6425 6439 6456 6459 6471 6497 6513 6554 6567 6570 6584 6629 6656 6663 6685
4 70 99 120 128 136 165 196 241 253 334 367 378 388 422 474 481 518 588 600 626 799 820 834 1020 1030 1093 1104 1126 1153 1199 1257 1269 1276 1377 1410 1420 1421 1428 1449 1472 1547 1548 1570 1584 1664 1672 1676 1688 1716 1763 1769 1770 1825 1849 1850 1886 1925 1930 1972 2067 2069 2071 2075 2096 2171 2186 2238 2260 2266 2297 2317 2323 2345 2485 2501 2512 2561 2608 2614 2637 2654 2660 2678 2688 2693 2760 2770 2773 2794 2796 2803 2828 2833 2875 2981 3027 3072 3083 3094 3124 3129 3153 3162 3189 3240 3241 3249 3253 3298 3299 3322 3324 3325 3392 3402 3404 3432 3451 3454 3495 3496 3504 3524 3561 3567 3632 3644 3646 3653 3678 3705 3721 3758 3788 3849 3854 3900 3929 3967 4018 4022 4057 4081 4132 4157 4182 4188 4196 4215 4243 4309 4334 4340 4352 4413 4435 4442 4529 4562 4566 4587 4590 4591 4603 4604 4628 4632 4681 4698 4701 4704 4791 4837 4853 4873 4890 4895 4905 4927 4934 4970 4985 5004 5018 5044 5045 5056 5065 5109 5148 5213 5222 5226 5264 5271 5275 5283 5361 5409 5413 5458 5495 5499 5505 5512 5514 5519 5525 5538 5548 5554 5566 5569 5608 5647 5692 5725 5760 5779 5792 5801 5803 5819 5828 5890 5901 5922 5927 5939 5965 5966 5969 5985 5986 5997 6024 6029 6071 6087 6089 6154 6171 6195 6208 6226 6240 6260 6267 6273 6311 6354 6358 6359 6369 6386 6388 6419 6421 6432 6446 6451 6459 6463 6494 6527 6534 6537 6541 6553 6603 6611 6625 6641 6656
61 120 128 159 176 225 233 235 317 349 365 366 415 430 463 534 578 600 683 723 753 755 822 870 967 996 1090 1097 1152 1208 1216 1364 1404 1409 1413 1423 1427 1466 1533 1547 1592 1659 1670 1732 1735 1749 1766 1768 1769 1806 1809 1821 1850 1875 1883 1894 1972 1982 2042 2057 2069 2070 2152 2170 2172 2185 2210 2212 2247 2297 2306 2313 2456 2480 2499 2511 2514 2551 2574 2578 2601 2612 2629 2634 2650 2684 2733 2782 2783 2785 2813 2820 2827 2963 3002 3071 3078 3083 3118 3120 3121 3247 3249 3279 3282 3294 3384 3394 3416 3422 3445 3477 3481 3502 3521 3535 3553 3622 3628 3642 3643 3678 3707 3723 3733 3748 3762 3867 3927 3938 3999 4047 4049 4056 4058 4095 4104 4108 4139 4148 4157 4179 4190 4192 4236 4261 4330 4340 4408 4428 4434 4440 4471 4560 4572 4578 4615 4618 4681 4697 4703 4772 4784 4808 4843 4855 4861 4869 4872 4879 4908 4909 4910 4956 4984 4995 5042 5045 5075 5106 5112 5175 5181 5198 5220 5237 5246 5254 5269 5279 5281 5312 5345 5356 5406 5444 5463 5481 5486 5487 5499 5504 5509 5515 5522 5538 5552 5603 5675 5682 5694 5707 5709 5727 5765 5767 5773 5778 5796 5799 5801 5862 5874 5897 5900 5903 5912 5932 5933 5938 5948 5964 5965 5966 5983 6015 6048 6065 6071 6125 6132 6184 6189 6197 6207 6223 6225 6250 6260 6277 6297 6309 6315 6333 6340 6360 6365 6368 6384 6391 6410 6430 6432 6441 6450 6451 6464 6493 6535 6540 6598 6599 6610 6611 6618 6622
13 39 53 57 117 131 140 168 213 241 309 337 385 389 421 422 447 520 524 537 575 641 679 696 793 875 884 918 969 977 986 1070 1095 1133 1216 1389 1408 1423 1466 1509 1516 1618 1653 1655 1732 1745 1748 1820 1831 1853 1917 2004 2020 2043 2064 2069 2081 2138 2159 2161 2163 2194 2198 2205 2223 2244 2276 2291 2349 2428 2464 2475 2505 2543 2553 2581 2609 2611 2626 2648 2660 2699 2709 2723 2743 2780 2782 2903 2914 2933 2940 2992 3009 3053 3059 3066 3068 3078 3080 3104 3118 3192 3238 3240 3251 3285 3292 3314 3355 3362 3368 3410 3432 3443 3476 3495 3503 3530 3585 3627 3628 3656 3705 3747 3777 3781 3872 3923 3973 4028 4033 4073 4082 4112 4153 4163 4214 4266 4275 4311 4329 4396 4397 4405 4430 4431 4450 4555 4557 4570 4572 4590 4648 4657 4665 4680 4685 4696 4767 4800 4849 4867 4878 4885 4902 4909 4941 4948 4952 4973 4983 4994 5031 5033 5043 5106 5141 5146 5165 5170 5175 5220 5236 5302 5321 5365 5402 5418 5443 5451 5475 5495 5501 5508 5516 5528 5539 5542 5600 5644 5659 5676 5680 5681 5696 5760 5763 5779 5794 5796 5797 5799 5850 5864 5872 5878 5897 5924 5932 5940 5960 5961 5964 5966 5982 6007 6041 6063 6135 6160 6204 6213 6220 6222 6231 6240 6273 6300 6303 6327 6350 6357 6366 6369 6415 6436 6449 6452 6468 6485 6509 6530 6558 6571 6580 6605 6620
10 120 162 174 197 247 266 275 279 304 306 369 373 415 418 421 430 448 457 513 521 546 668 869 923 968 1008 1056 1090 1094 1156 1261 1363 1378 1402 1407 1414 1422 1480 1493 1593 1648 1680 1706 1726 1741 1746 1796 1816 1834 1901 1921 2003 2016 2044 2056 2122 2144 2151 2157 2167 2183 2239 2253 2266 2267 2287 2307 2415 2452 2500 2544 2550 2556 2571 2588 2597 2610 2643 2660 2674 2712 2716 2722 2775 2894 2897 2951 2969 3005 3041 3064 3065 3079 3084 3093 3106 3176 3204 3219 3247 3270 3272 3282 3284 3324 3332 3345 3366 3376 3398 3400 3408 3430 3454 3455 3464 3501 3514 3528 3554 3615 3622 3638 3644 3673 3681 3716 3822 3890 3920 3935 3988 4016 4069 4082 4090 4111 4123 4128 4151 4152 4159 4183 4243 4311 4394 4399 4416 4419 4433 4489 4497 4529 4535 4546 4550 4564 4567 4619 4632 4641 4656 4657 4671 4672 4678 4684 4695 4734 4742 4757 4841 4875 4900 4917 4924 4929 4947 4971 4980 4987 5016 5032 5035 5049 5054 5083 5105 5159 5165 5193 5217 5219 5226 5293 5319 5380 5392 5407 5427 5430 5436 5465 5474 5490 5492 5500 5509 5519 5527 5582 5604 5673 5695 5723 5756 5759 5773 5775 5780 5793 5795 5805 5816 5817 5835 5837 5869 5872 5876 5881 5929 5931 5932 5948 5951 5964 5982 6018 6019 6030 6054 6059 6135 6153 6166 6217 6219 6229 6234 6268 6275 6278 6299 6309 6327 6339 6345 6351 6354 6366 6374 6413 6416 6423 6429 6430 6438 6468 6469 6485 6494 6506 6545 6568 6571
110 144 152 223 228 266 304 380 418 422 457 458 482 590 650 837 867 875 965 966 991 1044 1094 1334 1343 1379 1406 1420 1432 1449 1465 1486 1491 1500 1511 1526 1540 1598 1611 1681 1712 1731 1732 1806 1813 1818 1832 1844 2014 2032 2043 2068 2110 2143 2149 2238 2246 2256 2258 2271 2393 2433 2440 2472 2480 2505 2528 2531 2549 2567 2574 2593 2635 2643 2649 2703 2706 2749 2770 2885 2917 2971 2987 3000 3011 3023 3038 3047 3049 3056 3068 3083 3150 3207 3215 3224 3254 3279 3309 3327 3338 3356 3363 3374 3424 3425 3451 3488 3490 3511 3526 3552 3568 3602 3603 3620 3666 3671 3706 3809 3888 3898 3917 3933 3980 3992 3997 4010 4035 4045 4053 4082 4086 4150 4180 4221 4266 4270 4301 4339 4342 4383 4393 4397 4413 4494 4508 4523 4529 4563 4582 4636 4644 4659 4664 4682 4688 4706 4738 4766 4838 4841 4867 4871 4917 4945 4970 4974 5005 5012 5072 5109 5142 5156 5189 5213 5214 5217 5245 5315 5323 5338 5360 5404 5415 5430 5456 5482 5490 5492 5507 5522 5552 5594 5615 5669 5670 5676 5718 5742 5755 5775 5776 5792 5816 5856 5864 5868 5869 5883 5901 5910 5930 5949 5952 5956 5973 5974 5975 6002 6009 6020 6053 6073 6081 6119 6123 6138 6139 6153 6172 6210 6216 6220 6247 6256 6258 6259 6277 6317 6341 6349 6361 6366 6410 6420 6447 6483 6530 6542 6555
6 40 125 126 135 166 248 249 320 359 390 416 442 448 469 597 695 816 848 955 1063 1065 1093 1224 1291 1297 1320 1338 1357 1405 1411 1471 1473 1575 1591 1675 1681 1687 1705 1717 1803 1815 1827 1831 1913 1958 1983 2011 2016 2021 2031 2107 2109 2125 2137 2237 2244 2249 2371 2380 2384 2394 2473 2479 2505 2522 2527 2537 2545 2557 2562 2620 2641 2669 2700 2744 2822 2878 2891 2942 2955 2989 3003 3046 3059 3076 3174 3194 3206 3254 3307 3309 3348 3355 3374 3402 3415 3448 3489 3508 3549 3556 3572 3600 3614 3618 3654 3658 3792 3836 3900 3905 3916 3960 4006 4031 4034 4053 4058 4064 4075 4084 4145 4177 4199 4234 4288 4297 4299 4378 4391 4420 4486 4492 4503 4525 4545 4548 4573 4610 4636 4638 4656 4658 4683 4698 4785 4816 4831 4844 4863 4869 4912 4924 5009 5012 5047 5094 5131 5156 5176 5189 5203 5209 5218 5311 5327 5328 5330 5353 5408 5456 5472 5474 5485 5488 5494 5541 5544 5565 5668 5670 5671 5683 5691 5699 5742 5747 5749 5752 5774 5810 5841 5857 5867 5869 5892 5914 5929 5945 5950 5952 5955 5957 5959 5971 5987 5991 5992 6017 6039 6043 6053 6117 6121 6139 6150 6170 6214 6248 6257 6262 6311 6313 6339 6341 6349 6363 6374 6376 6384 6418 6429 6432 6447 6451 6482 6541 6552
13 20 25 116 124 248 249 306 319 321 349 379 389 402 416 420 483 573 700 717 807 843 917 927 1058 1059 1074 1084 1166 1183 1295 1307 1340 1341 1344 1347 1393 1401 1435 1442 1482 1578 1664 1678 1766 1801 1810 1822 1837 1983 1991 1993 2097 2101 2110 2123 2137 2213 2230 2238 2315 2324 2366 2374 2431 2521 2526 2597 2612 2633 2636 2698 2717 2728 2730 2743 2786 2803 2832 2873 2876 2904 2946 2950 2966 3033 3045 3141 3152 3154 3161 3182 3187 3237 3253 3260 3273 3278 3333 3343 3354 3355 3400 3415 3440 3453 3481 3500 3530 3532 3551 3582 3599 3608 3614 3618 3646 3659 3790 3814 3888 3940 3995 4017 4020 4042 4053 4068 4075 4127 4128 4189 4230 4291 4326 4354 4367 4368 4401 4487 4491 4505 4516 4543 4551 4603 4630 4641 4653 4664 4673 4681 4782 4800 4812 4840 4848 4853 4859 4898 4908 4914 4916 4927 4954 4992 5001 5010 5069 5138 5156 5159 5165 5188 5200 5204 5311 5338 5341 5405 5434 5436 5448 5455 5463 5474 5481 5485 5488 5518 5666 5678 5698 5720 5727 5729 5735 5747 5753 5758 5765 5768 5776 5789 5809 5812 5854 5884 5913 5921 5923 5924 5928 5942 5945 5956 5964 5981 5986 6016 6017 6019 6032 6051 6053 6076 6083 6111 6116 6126 6141 6144 6157 6181 6201 6203 6211 6245 6251 6255 6257 6282 6299 6310 6338 6339 6349 6354 6360 6372 6391 6394 6404 6425 6438 6468 6482 6493 6511
110 184 226 227 248 266 317 333 349 382 602 738 788 796 812 820 878 917 1028 1050 1071 1084 1086 1092 1274 1282 1310 1340 1344 1345 1356 1388 1401 1416 1508 1518 1520 1533 1633 1651 1676 1694 1785 1797 1813 1944 1975 1984 1988 2010 2059 2083 2087 2094 2107 2120 2198 2206 2212 2214 2225 2229 2281 2364 2374 2411 2415 2512 2521 2529 2539 2547 2557 2609 2612 2614 2696 2716 2777 2786 2792 2839 2852 2858 2887 2898 2919 2928 2948 2997 2999 3024 3031 3038 3140 3148 3179 3182 3184 3221 3241 3255 3265 3298 3339 3348 3353 3387 3412 3424 3429 3449 3470 3483 3495 3515 3525 3579 3586 3587 3596 3629 3747 3750 3781 3789 3812 3828 3834 3873 3916 3987 4000 4016 4041 4043 4120 4127 4175 4204 4261 4287 4289 4322 4360 4380 4404 4406 4442 4445 4502 4540 4593 4614 4621 4625 4636 4651 4652 4653 4659 4759 4762 4798 4824 4826 4841 4847 4862 4893 4911 4917 4974 4984 4988 4993 5043 5136 5139 5154 5181 5188 5203 5247 5251 5272 5307 5338 5349 5382 5392 5419 5439 5453 5456 5460 5464 5469 5470 5480 5481 5485 5646 5658 5671 5672 5717 5729 5743 5762 5768 5799 5805 5813 5854 5877 5910 5920 5934 5940 5942 5943 5944 5946 6004 6006 6049 6065 6075 6105 6114 6144 6156 6170 6201 6210 6223 6224 6231 6255 6270 6276 6336 6338 6370 6385 6421 6422 6470 6477 6493
46 67 105 184 221 281 298 375 498 527 587 716 784 790 795 815 845 883 923 1030 1043 1050 1163 1230 1258 1275 1294 1308 1345 1347 1365 1369 1377 1400 1409 1471 1499 1521 1564 1605 1610 1627 1632 1665 1707 1711 1748 1764 1765 1794 1802 1820 1850 1857 1921 1945 1969 1970 1985 2036 2047 2061 2106 2120 2126 2134 2177 2206 2236 2273 2315 2318 2344 2353 2377 2401 2409 2424 2478 2502 2519 2557 2570 2587 2607 2663 2677 2687 2701 2749 2759 2774 2832 2850 2886 2927 2945 2951 2986 2987 3019 3029 3032 3044 3103 3132 3134 3171 3234 3252 3254 3330 3331 3400 3406 3443 3453 3470 3480 3510 3515 3574 3580 3582 3585 3615 3686 3715 3723 3726 3740 3787 3810 3812 3853 3971 3977 3980 4016 4021 4034 4040 4097 4102 4104 4111 4133 4161 4166 4263 4316 4318 4359 4360 4412 4429 4457 4483 4486 4515 4556 4573 4598 4616 4618 4619 4629 4651 4658 4707 4730 4768 4797 4813 4816 4832 4836 4844 4870 4879 4906 4909 4960 4973 4980 4983 4987 5020 5054 5069 5137 5142 5158 5163 5168 5183 5202 5215 5224 5247 5256 5288 5312 5327 5348 5371 5408 5443 5449 5452 5466 5467 5479 5483 5488 5610 5622 5645 5649 5672 5691 5708 5720 5742 5747 5754 5767 5803 5809 5839 5844 5866 5867 5868 5889 5891 5908 5909 5918 5931 5933 5943 5979 5989 6005 6014 6040 6049 6052 6059 6074 6097 6144 6170 6176 6201 6209 6215 6219 6250 6257 6259 6290 6336 6337 6348 6367 6381 6388 6420 6465
34 92 174 191 217 222 247 266 281 353 366 399 419 564 680 714 715 724 754 780 790 813 840 879 1014 1022 1089 1250 1253 1272 1284 1318 1336 1359 1377 1398 1461 1474 1571 1596 1653 1698 1733 1749 1750 1786 1800 1827 1834 1880 1937 1947 1954 1969 2023 2042 2046 2054 2092 2167 2206 2344 2361 2371 2422 2496 2519 2557 2561 2570 2579 2605 2662 2665 2693 2694 2707 2716 2731 2818 2847 2868 2880 2923 2927 2933 2955 2986 3002 3010 3014 3078 3086 3158 3231 3275 3296 3328 3330 3361 3382 3437 3473 3515 3556 3576 3582 3607 3658 3675 3707 3722 3778 3810 3822 3823 3944 3976 3992 4010 4023 4058 4075 4098 4104 4127 4139 4256 4281 4287 4350 4357 4393 4410 4417 4447 4463 4499 4502 4509 4513 4542 4562 4585 4598 4602 4603 4627 4643 4644 4702 4717 4755 4791 4804 4806 4808 4826 4843 4866 4906 4917 4942 4946 4967 4973 4979 4981 4987 5014 5020 5023 5124 5136 5142 5145 5159 5161 5175 5220 5227 5240 5254 5256 5308 5320 5343 5370 5413 5425 5438 5449 5464 5469 5482 5490 5506 5529 5570 5608 5625 5628 5646 5665 5672 5675 5708 5720 5728 5754 5759 5772 5799 5800 5831 5833 5835 5838 5860 5864 5869 5908 5912 5921 5923 5931 5934 5936 5953 5983 5985 5987 5989 5992 6023 6025 6051 6053 6054 6084 6085 6092 6121 6143 6161 6167 6198 6209 6235 6263 6279 6334 6336 6357 6363 6366 6367 6410 6436 6453
7 33 68 71 77 116 165 172 205 237 238 244 268 293 320 376 412 512 640 713 753 775 793 958 1020 1051 1189 1194 1235 1250 1261 1262 1294 1300 1333 1350 1395 1401 1405 1415 1444 1571 1574 1626 1675 1693 1731 1733 1785 1786 1792 1815 1821 1882 1904 1905 1927 1935 1960 1966 1995 2005 2021 2051 2074 2077 2091 2108 2115 2195 2196 2204 2265 2293 2300 2331 2356 2382 2430 2451 2470 2488 2499 2512 2517 2539 2545 2563 2578 2654 2664 2674 2687 2692 2700 2740 2798 2811 2817 2844 2867 2907 2920 2949 2956 2979 3003 3015 3030 3104 3124 3147 3153 3201 3220 3229 3284 3308 3312 3328 3329 3340 3353 3400 3419 3427 3428 3462 3472 3507 3518 3562 3567 3672 3677 3700 3718 3750 3796 3800 3845 3867 3912 3937 3938 3966 3972 3974 3986 4000 4031 4033 4044 4055 4098 4109 4124 4125 4208 4266 4278 4282 4337 4372 4404 4428 4436 4447 4450 4456 4486 4508 4562 4564 4597 4599 4622 4633 4694 4728 4732 4745 4772 4779 4802 4818 4823 4835 4844 4870 4894 4900 4911 4947 4965 4980 4994 5056 5110 5123 5136 5144 5156 5217 5226 5246 5254 5302 5306 5320 5339 5361 5386 5388 5407 5424 5425 5443 5450 5456 5457 5461 5470 5485 5499 5520 5535 5604 5617 5643 5645 5651 5652 5693 5698 5702 5712 5723 5739 5742 5765 5797 5799 5817 5818 5820 5826 5860 5866 5876 5900 5901 5908 5914 5923 5927 5936 5957 6002 6037 6046 6052 6067 6082 6104 6112 6113 6115 6137 6141 6155 6192 6196 6198 6222 6225 6259 6260 6271 6276 6334 6352 6361 6388 6390 6432
20 47 132 134 154 174 226 268 279 291 348 509 550 630 633 675 753 837 932 934 960 1035 1185 1230 1250 1253 1258 1285 1318 1328 1333 1349 1391 1404 1411 1436 1541 1563 1626 1664 1670 1683 1761 1784 1810 1836 1852 1889 1908 1918 1959 1963 1975 1976 1988 2027 2064 2091 2186 2258 2276 2295 2297 2316 2337 2355 2361 2391 2466 2479 2487 2498 2516 2518 2538 2602 2652 2661 2686 2718 2724 2744 2796 2797 2827 2832 2864 2897 2901 2935 2991 3002 3012 3124 3128 3188 3210 3226 3269 3272 3306 3309 3397 3423 3460 3462 3466 3488 3501 3503 3515 3562 3608 3694 3699 3707 3710 3768 3794 3822 3886 3900 3948 3951 3959 3997 4000 4021 4053 4067 4091 4092 4146 4173 4199 4204 4223 4255 4274 4333 4388 4404 4414 4419 4444 4484 4508 4539 4555 4586 4590 4594 4618 4621 4636 4731 4776 4795 4802 4820 4836 4849 4885 4896 4948 4977 4992 5047 5072 5115 5116 5121 5126 5136 5143 5217 5226 5230 5250 5260 5281 5298 5303 5322 5330 5331 5342 5374 5388 5397 5405 5411 5423 5431 5441 5444 5450 5454 5481 5517 5595 5624 5642 5648 5683 5698 5709 5712 5726 5771 5798 5801 5802 5811 5821 5858 5860 5889 5891 5902 5908 5910 5919 5922 5942 5947 6028 6035 6039 6045 6083 6085 6117 6132 6140 6148 6149 6152 6162 6179 6193 6200 6224 6246 6255 6269 6318 6334 6344 6346 6354 6356 6382 6416 6424
34 134 136 158 187 190 212 232 239 256 258 289 299 313 342 457 473 559 626 672 707 730 735 799 810 890 902 1122 1216 1229 1257 1263 1302 1340 1351 1360 1436 1495 1500 1512 1585 1602 1657 1669 1703 1760 1770 1782 1805 1810 1845 1867 1881 1908 1927 1974 2015 2045 2055 2067 2078 2085 2087 2109 2129 2136 2142 2173 2234 2276 2295 2315 2353 2421 2484 2491 2508 2512 2522 2525 2539 2543 2550 2630 2640 2652 2662 2702 2767 2769 2783 2802 2831 2853 2894 2925 2930 2987 3079 3094 3102 3123 3154 3166 3206 3207 3225 3249 3298 3307 3352 3369 3402 3412 3440 3456 3464 3487 3506 3510 3516 3570 3632 3636 3678 3683 3690 3706 3751 3757 3829 3865 3882 3888 3941 3944 3952 3962 3975 3995 4007 4013 4048 4055 4077 4090 4100 4119 4165 4183 4198 4204 4238 4244 4322 4323 4356 4379 4402 4441 4460 4481 4489 4492 4496 4509 4532 4540 4543 4564 4580 4586 4599 4606 4611 4640 4647 4663 4719 4723 4771 4782 4783 4794 4795 4832 4880 4936 4941 4961 4977 4988 4991 5002 5040 5066 5107 5118 5131 5133 5182 5210 5225 5233 5255 5283 5284 5290 5320 5334 5380 5384 5394 5420 5437 5444 5453 5465 5471 5491 5555 5580 5612 5616 5620 5631 5637 5644 5674 5678 5689 5705 5712 5713 5722 5747 5790 5802 5817 5819 5841 5846 5875 5887 5908 5917 5919 5920 5928 5942 5980 5988 6011 6030 6035 6045 6086 6109 6119 6121 6123 6127 6128 6142 6151 6155 6158 6187 6191 6215 6245 6282 6303 6318 6324 6330 6333 6342 6391
30 82 87 90 118 134 156 213 225 235 248 291 360 534 619 623 642 858 898 899 1125 1172 1200 1220 1223 1253 1272 1275 1305 1311 1360 1380 1394 1465 1485 1498 1508 1546 1589 1593 1609 1642 1655 1721 1724 1728 1747 1762 1780 1808 1817 1868 1869 1870 1932 1945 1962 2018 2022 2031 2057 2105 2108 2125 2139 2150 2179 2276 2296 2314 2324 2392 2393 2469 2476 2488 2489 2500 2513 2562 2609 2627 2645 2724 2752 2759 2791 2834 2872 2888 2893 2899 2908 2921 2983 3078 3095 3120 3127 3135 3142 3145 3152 3224 3230 3248 3256 3268 3290 3294 3301 3306 3332 3375 3377 3387 3389 3443 3456 3460 3464 3478 3499 3506 3602 3622 3648 3666 3689 3701 3703 3745 3747 3750 3810 3865 3911 3919 3937 3949 3966 3970 4008 4019 4056 4088 4089 4152 4169 4178 4227 4236 4275 4321 4330 4334 4413 4439 4457 4484 4491 4500 4517 4543 4568 4573 4599 4707 4714 4720 4750 4764 4777 4785 4790 4828 4878 4930 4937 4977 4982 4985 5046 5052 5104 5112 5132 5157 5174 5204 5230 5252 5277 5278 5284 5319 5366 5367 5383 5396 5401 5404 5405 5406 5407 5409 5410 5415 5456 5512 5536 5572 5588 5619 5620 5621 5664 5682 5695 5696 5702 5708 5712 5725 5740 5760 5787 5802 5805 5829 5832 5866 5869 5893 5895 5908 5909 5930 5945 5978 5998 6009 6029 6071 6103 6108 6115 6123 6128 6137 6155 6157 6173 6186 6189 6265 6289 6301 6315 6318 6324 6326 6332 6333
31 36 129 132 149 167 174 213 235 239 250 286 487 496 505 530 601 607 615 623 769 835 851 860 891 1067 1089 1153 1214 1247 1260 1275 1334 1359 1373 1427 1436 1443 1465 1484 1499 1508 1588 1592 1593 1599 1600 1625 1643 1705 1748 1775 1780 1833 1867 1870 1887 1914 1934 1952 2010 2027 2075 2100 2132 2143 2161 2276 2288 2314 2341 2367 2396 2446 2464 2465 2466 2492 2508 2543 2616 2703 2705 2707 2708 2710 2751 2754 2798 2837 2866 2870 2926 2983 3070 3115 3135 3199 3206 3228 3241 3292 3330 3332 3349 3374 3380 3417 3441 3444 3459 3480 3492 3559 3583 3601 3639 3644 3652 3674 3681 3695 3731 3734 3774 3849 3852 3865 3868 3908 3911 3929 3932 3933 3942 3951 3966 3998 4022 4026 4050 4085 4086 4088 4167 4168 4186 4316 4329 4384 4393 4410 4411 4416 4444 4467 4479 4499 4522 4553 4559 4567 4570 4577 4583 4646 4679 4698 4711 4751 4774 4783 4785 4842 4875 4877 4897 4913 4920 4974 4975 4980 4990 5029 5078 5084 5100 5105 5138 5149 5150 5155 5174 5217 5226 5227 5250 5271 5280 5302 5316 5323 5353 5365 5370 5371 5396 5400 5426 5479 5525 5531 5533 5535 5544 5557 5558 5570 5584 5615 5631 5635 5643 5680 5688 5695 5698 5712 5783 5786 5791 5801 5810 5839 5841 5852 5863 5875 5884 5890 5894 5901 5905 5906 5918 5925 5929 5981 5989 6026 6038 6078 6102 6108 6117 6128 6133 6148 6150 6152 6160 6171 6182 6222 6258 6267 6281 6302 6316 6323 6326
12 91 124 127 186 209 248 279 418 440 482 593 596 612 662 766 846 878 939 1025 1112 1139 1146 1184 1203 1212 1227 1246 1259 1271 1288 1344 1378 1433 1443 1447 1495 1587 1592 1641 1688 1726 1727 1745 1761 1778 1808 1848 1868 1903 1907 1979 1980 2000 2016 2079 2098 2130 2226 2229 2241 2242 2290 2295 2409 2417 2418 2450 2460 2544 2591 2593 2616 2671 2680 2695 2714 2750 2751 2786 2826 2851 2859 2868 2944 2952 2971 2977 3001 3035 3052 3116 3133 3147 3184 3186 3187 3192 3247 3266 3284 3290 3305 3338 3349 3361 3365 3374 3381 3389 3441 3450 3472 3543 3599 3621 3649 3650 3664 3689 3740 3753 3816 3851 3854 3863 3881 3901 3907 3929 3950 3960 3965 3996 4019 4022 4072 4074 4092 4154 4158 4230 4293 4302 4306 4312 4322 4324 4368 4369 4378 4406 4408 4425 4449 4466 4488 4492 4507 4511 4520 4557 4559 4562 4567 4599 4609 4629 4631 4675 4676 4698 4708 4768 4781 4826 4837 4839 4865 4876 4904 4919 4962 4975 5015 5027 5036 5078 5080 5087 5092 5093 5097 5101 5103 5135 5205 5209 5235 5242 5251 5259 5310 5313 5320 5365 5371 5373 5394 5399 5424 5457 5460 5464 5519 5520 5545 5567 5572 5582 5601 5606 5622 5636 5670 5673 5680 5681 5686 5695 5704 5709 5774 5779 5791 5810 5845 5863 5866 5867 5883 5884 5890 5893 5899 5904 5942 5966 5976 5989 6016 6025 6096 6101 6122 6145 6150 6170 6174 6181 6251 6264 6271 6273 6287 6290 6297 6310 6317 6319 6322 6325
2 37 66 75 99 109 126 166 179 223 412 434 547 550 558 605 726 835 917 980 1093 1178 1198 1211 1222 1232 1254 1275 1284 1335 1427 1436 1444 1560 1585 1625 1640 1648 1676 1705 1721 1733 1769 1846 1850 1879 1897 1901 1929 1947 1968 1989 2002 2015 2092 2114 2116 2214 2223 2226 2227 2234 2246 2277 2284 2399 2445 2449 2450 2459 2520 2562 2588 2607 2619 2630 2645 2649 2739 2745 2812 2849 2957 2970 2974 2983 3005 3010 3020 3027 3045 3053 3097 3144 3167 3174 3181 3185 3238 3258 3263 3274 3276 3312 3334 3350 3380 3420 3456 3539 3574 3585 3589 3612 3615 3659 3663 3664 3721 3740 3755 3779 3809 3847 3901 3906 3919 3947 3952 3982 3984 4026 4045 4068 4118 4131 4142 4151 4260 4270 4273 4286 4302 4306 4315 4344 4351 4372 4386 4398 4404 4410 4435 4463 4464 4481 4487 4519 4534 4552 4606 4625 4661 4668 4685 4694 4752 4760 4764 4766 4807 4837 4843 4868 4912 4962 4969 4972 4974 5001 5069 5080 5085 5101 5182 5188 5193 5232 5253 5280 5289 5336 5361 5362 5365 5388 5391 5398 5410 5441 5503 5504 5516 5521 5542 5559 5585 5591 5601 5621 5669 5686 5695 5739 5758 5770 5772 5807 5841 5859 5863 5864 5883 5885 5894 5895 5899 5949 5951 5952 5970 5988 6011 6014 6016 6023 6063 6081 6099 6112 6113 6119 6142 6144 6166 6188 6249 6251 6267 6282 6307 6315 6317 6319
55 74 102 118 161 216 218 409 412 479 528 541 547 673 709 750 835 839 914 944 968 1031 1057 1169 1191 1203 1206 1210 1247 1252 1273 1422 1514 1536 1572 1616 1668 1688 1715 1721 1804 1806 1822 1829 1831 1847 1855 1864 1886 1887 1895 1904 1908 1929 1976 1991 2012 2114 2142 2214 2226 2228 2231 2236 2262 2276 2297 2324 2393 2439 2447 2450 2472 2571 2599 2603 2620 2722 2724 2741 2787 2810 2842 2853 2899 2937 2952 2957 2980 3003 3037 3077 3079 3085 3125 3143 3167 3178 3180 3197 3205 3249 3264 3274 3288 3303 3307 3349 3368 3409 3415 3450 3466 3484 3491 3494 3561 3567 3652 3700 3729 3733 3809 3820 3835 3836 3837 3872 3896 3900 3911 3919 3944 3952 3980 3994 4002 4009 4036 4057 4063 4109 4118 4231 4273 4290 4299 4307 4319 4370 4384 4393 4402 4409 4463 4465 4466 4485 4501 4532 4535 4547 4552 4568 4601 4619 4651 4660 4667 4673 4743 4752 4763 4770 4792 4806 4864 4884 4910 4949 4956 4961 4964 4969 4974 4984 5015 5052 5062 5097 5101 5178 5207 5212 5235 5251 5256 5276 5335 5337 5338 5360 5361 5365 5366 5372 5390 5395 5396 5412 5418 5456 5493 5502 5505 5556 5568 5599 5609 5615 5665 5684 5695 5707 5712 5713 5764 5769 5786 5797 5837 5851 5855 5861 5877 5886 5894 5895 5904 5934 5952 5955 5982 5989 5993 6014 6045 6053 6069 6097 6099 6132 6140 6141 6150 6153 6164 6166 6207 6248 6258 6262 6265 6279 6300 6301 6309 6310 6316
47 64 92 190 236 401 410 438 452 533 538 587 692 734 797 834 885 964 1024 1141 1166 1179 1190 1205 1210 1308 1389 1395 1413 1511 1512 1555 1561 1591 1595 1621 1624 1676 1715 1756 1813 1821 1844 1850 1882 1907 1914 1971 1973 2108 2114 2116 2145 2154 2159 2178 2184 2226 2232 2234 2338 2358 2404 2438 2439 2447 2457 2553 2568 2570 2640 2676 2687 2692 2739 2740 2769 2786 2808 2899 2931 2932 2943 2962 3003 3015 3072 3094 3129 3135 3155 3165 3178 3188 3189 3193 3202 3232 3246 3249 3267 3268 3280 3288 3304 3331 3340 3351 3360 3381 3448 3476 3518 3546 3558 3567 3596 3630 3632 3640 3665 3669 3687 3816 3825 3829 3855 3856 3873 3881 3896 3898 3915 3936 3949 3954 4000 4008 4040 4061 4097 4104 4191 4201 4270 4273 4282 4285 4293 4372 4387 4398 4435 4456 4465 4480 4494 4506 4521 4543 4605 4651 4656 4724 4734 4740 4750 4788 4842 4844 4881 4899 4945 4959 4966 4970 5048 5055 5094 5114 5128 5154 5156 5166 5181 5187 5196 5202 5211 5252 5317 5326 5346 5359 5361 5370 5388 5393 5400 5454 5486 5502 5503 5520 5522 5538 5543 5563 5580 5582 5584 5591 5600 5606 5607 5658 5664 5672 5673 5681 5685 5691 5692 5697 5700 5715 5741 5751 5752 5757 5767 5825 5829 5839 5845 5858 5871 5876 5886 5944 5952 5970 5975 5986 6016 6044 6050 6068 6075 6086 6122 6135 6140 6149 6155 6222 6223 6245 6256 6260 6275 6300 6309
40 46 51 52 54 115 129 202 286 392 393 403 449 480 496 521 596 635 730 757 767 803 807 819 847 932 1080 1107 1157 1183 1202 1203 1204 1315 1335 1350 1357 1358 1387 1393 1439 1511 1586 1601 1619 1623 1627 1636 1668 1709 1724 1798 1819 1834 1878 1888 1958 1964 1965 2010 2030 2069 2077 2142 2161 2179 2216 2279 2328 2339 2363 2432 2435 2437 2443 2472 2476 2510 2518 2628 2648 2672 2731 2762 2788 2799 2867 2871 2921 2989 3072 3079 3122 3131 3154 3158 3162 3187 3238 3240 3248 3265 3295 3310 3351 3356 3396 3401 3447 3464 3539 3554 3557 3591 3615 3655 3734 3795 3804 3829 3830 3831 3846 3858 3864 3873 3880 3911 3916 3959 3997 4035 4041 4076 4186 4213 4226 4247 4260 4285 4359 4360 4385 4410 4450 4455 4467 4488 4505 4536 4613 4621 4641 4646 4654 4675 4676 4715 4731 4738 4749 4765 4784 4850 4871 4934 4935 4943 4966 5045 5046 5047 5055 5080 5090 5105 5117 5118 5120 5134 5146 5148 5190 5204 5222 5279 5304 5311 5321 5332 5339 5358 5361 5388 5389 5408 5432 5453 5457 5490 5493 5500 5546 5568 5573 5590 5597 5655 5675 5677 5697 5698 5749 5757 5758 5760 5766 5801 5810 5813 5840 5856 5857 5858 5866 5881 5886 5890 5920 5934 5943 5968 6015 6020 6050 6057 6066 6071 6100 6119 6127 6134 6146 6153 6216 6239 6253 6260 6267 6285 6286 6298
33 42 53 85 195 242 264 273 304 318 361 384 444 447 476 484 485 489 544 718 768 859 993 1013 1061 1064 1070 1075 1145 1157 1165 1202 1203 1267 1293 1331 1377 1380 1388 1442 1448 1508 1559 1583 1646 1671 1679 1697 1761 1767 1784 1798 1813 1824 1833 1857 1864 1932 1946 1956 2059 2140 2160 2184 2194 2208 2320 2347 2426 2428 2435 2439 2479 2492 2503 2507 2614 2625 2660 2667 2724 2731 2758 2797 2801 2850 2876 2880 2883 2886 2892 2912 3072 3098 3108 3124 3146 3177 3211 3225 3235 3240 3246 3258 3291 3335 3385 3390 3423 3443 3459 3533 3545 3550 3562 3575 3591 3635 3671 3725 3786 3792 3802 3823 3857 3860 3895 3908 3954 4019 4075 4095 4112 4176 4197 4201 4269 4273 4317 4331 4339 4350 4367 4372 4392 4432 4453 4458 4472 4474 4494 4495 4514 4523 4578 4597 4620 4635 4636 4641 4655 4700 4730 4737 4777 4782 4846 4910 4928 4930 4944 4956 4989 5036 5039 5051 5055 5058 5085 5091 5098 5129 5141 5146 5159 5172 5182 5186 5193 5206 5302 5330 5347 5349 5351 5354 5383 5386 5419 5428 5448 5458 5459 5477 5497 5510 5511 5558 5561 5588 5589 5590 5629 5638 5642 5651 5662 5676 5680 5688 5721 5728 5747 5750 5767 5769 5795 5804 5810 5855 5858 5875 5880 5885 5901 5917 5934 5957 5981 6002 6018 6048 6078 6093 6094 6105 6114 6120 6130 6146 6150 6191 6210 6226 6237 6251 6255 6259 6274 6296
7 16 45 84 103 238 279 314 335 340 428 473 478 529 648 748 775 997 1027 1046 1062 1086 1120 1127 1137 1145 1146 1152 1158 1188 1278 1324 1325 1372 1382 1399 1418 1490 1503 1532 1573 1577 1611 1643 1687 1721 1752 1776 1796 1812 1850 1897 1946 2035 2056 2101 2108 2123 2138 2145 2160 2186 2190 2276 2384 2418 2422 2428 2443 2456 2494 2495 2497 2558 2608 2609 2611 2640 2718 2723 2780 2794 2796 2873 2878 2885 2901 2957 3067 3068 3085 3087 3109 3131 3141 3146 3148 3155 3157 3171 3172 3197 3208 3210 3231 3236 3278 3353 3387 3398 3414 3442 3520 3541 3566 3668 3688 3747 3766 3784 3798 3803 3811 3856 3884 3888 3899 3902 3908 3926 3947 3975 4009 4030 4048 4099 4174 4175 4184 4203 4225 4238 4263 4266 4267 4287 4315 4350 4360 4366 4411 4426 4457 4471 4481 4491 4522 4552 4566 4567 4634 4652 4678 4721 4727 4732 4778 4796 4815 4861 4872 4875 4881 4893 4906 4923 4928 4950 5020 5029 5044 5051 5053 5064 5127 5140 5168 5185 5189 5193 5233 5248 5282 5297 5324 5328 5330 5338 5341 5373 5396 5407 5442 5444 5449 5456 5459 5502 5543 5552 5589 5602 5623 5629 5630 5648 5668 5674 5727 5736 5749 5751 5780 5787 5788 5852 5854 5858 5871 5873 5877 5886 5913 5919 5932 5949 5960 5964 6007 6016 6040 6043 6074 6091 6096 6101 6106 6114 6127 6147 6154 6205 6227 6247 6254 6264 6265
7 36 138 151 273 289 297 321 393 440 441 626 646 696 743 746 899 1017 1051 1057 1140 1161 1261 1267 1281 1294 1380 1409 1418 1479 1483 1488 1500 1511 1553 1599 1630 1663 1669 1742 1764 1767 1773 1805 1816 1822 1866 1890 1893 1907 1944 1986 2042 2094 2097 2104 2128 2129 2153 2159 2173 2182 2183 2229 2346 2372 2390 2409 2411 2416 2421 2422 2423 2440 2457 2474 2497 2544 2610 2644 2675 2712 2754 2789 2817 2853 2869 2900 3049 3051 3079 3098 3129 3134 3185 3195 3199 3207 3209 3213 3227 3238 3256 3281 3299 3333 3341 3391 3392 3399 3441 3448 3531 3546 3557 3633 3701 3739 3775 3779 3807 3853 3859 3870 3884 3890 3894 3900 3923 3994 3996 4027 4038 4046 4060 4125 4129 4169 4225 4262 4278 4297 4304 4344 4369 4406 4407 4418 4457 4473 4482 4538 4550 4571 4628 4632 4633 4647 4650 4695 4711 4713 4726 4741 4765 4780 4832 4869 4875 4905 4915 4934 4939 4950 4994 4998 5017 5025 5026 5032 5036 5053 5117 5125 5150 5171 5172 5181 5210 5241 5262 5279 5293 5297 5327 5330 5339 5365 5384 5430 5437 5454 5489 5496 5531 5549 5550 5585 5598 5610 5622 5625 5628 5629 5646 5654 5666 5697 5698 5726 5737 5767 5782 5784 5819 5852 5870 5896 5917 5931 5951 6005 6007 6015 6031 6048 6053 6087 6110 6126 6138 6171 6199 6222 6240 6265
1 7 32 102 218 233 244 253 299 387 398 429 479 606 627 689 704 764 792 824 1004 1007 1026 1033 1035 1043 1046 1103 1134 1137 1151 1161 1218 1219 1248 1348 1370 1398 1459 1463 1473 1485 1486 1494 1504 1527 1594 1601 1629 1642 1645 1658 1713 1724 1754 1769 1772 1785 1798 1805 1807 1864 1872 1912 1931 1939 1965 1981 2025 2067 2074 2095 2148 2305 2326 2349 2376 2383 2385 2396 2402 2404 2418 2439 2447 2491 2505 2576 2605 2628 2658 2731 2778 2782 2806 2812 2833 2862 2892 3009 3016 3036 3046 3051 3056 3062 3074 3109 3126 3134 3140 3188 3191 3203 3241 3266 3271 3287 3336 3358 3435 3437 3489 3505 3507 3533 3602 3684 3697 3751 3756 3797 3850 3853 3880 3882 3892 3893 3971 3990 4032 4087 4119 4157 4167 4169 4205 4225 4257 4276 4277 4297 4304 4386 4399 4406 4427 4453 4474 4523 4543 4626 4628 4637 4687 4704 4710 4712 4742 4748 4789 4819 4831 4867 4890 4902 4915 4919 4988 5021 5022 5029 5039 5042 5049 5078 5094 5096 5122 5160 5165 5177 5203 5272 5326 5328 5335 5336 5338 5364 5368 5437 5444 5448 5467 5487 5508 5523 5537 5540 5558 5564 5568 5578 5589 5591 5604 5628 5642 5662 5697 5713 5727 5769 5776 5784 5795 5809 5843 5845 5848 5859 5868 5871 5903 6005 6018 6027 6040 6046 6068 6105 6109 6157 6173 6184 6188 6214 6218 6222 6228 6232 6246 6262 6264
56 93 176 217 239 355 367 384 484 591 625 660 693 737 777 849 984 999 1032 1038 1074 1120 1134 1160 1218 1225 1289 1329 1333 1364 1456 1469 1483 1494 1562 1610 1617 1619 1648 1669 1673 1697 1742 1767 1772 1788 1802 1832 1856 1869 1885 1917 1921 1926 1971 2002 2023 2046 2057 2062 2078 2094 2098 2118 2147 2239 2302 2328 2382 2396 2399 2406 2413 2427 2452 2469 2516 2518 2541 2555 2571 2597 2656 2668 2723 2733 2768 2822 2824 2828 2862 2889 2957 3024 3043 3051 3053 3124 3178 3182 3188 3232 3272 3316 3327 3334 3345 3357 3496 3506 3634 3656 3666 3668 3676 3697 3708 3745 3747 3770 3826 3842 3847 3850 3869 3877 3885 3913 3963 3964 3989 4030 4074 4113 4135 4166 4216 4225 4253 4256 4275 4292 4373 4388 4390 4392 4401 4405 4420 4441 4444 4503 4515 4516 4540 4612 4613 4626 4635 4680 4689 4699 4707 4717 4727 4746 4797 4808 4823 4863 4877 4892 4898 4904 4973 4988 5007 5015 5091 5092 5110 5118 5142 5145 5167 5169 5194 5207 5233 5291 5322 5327 5332 5334 5366 5408 5417 5421 5437 5443 5523 5558 5565 5582 5606 5628 5629 5675 5684 5691 5707 5712 5731 5760 5765 5776 5779 5815 5840 5843 5847 5864 5887 5903 5990 5996 5997 6005 6013 6014 6031 6039 6044 6059 6096 6101 6141 6151 6184 6215 6219 6260
32 109 146 184 192 212 268 334 370 468 518 563 573 581 599 650 774 978 990 1011 1027 1058 1095 1096 1111 1119 1171 1218 1272 1284 1337 1354 1422 1465 1474 1487 1538 1555 1579 1612 1668 1683 1716 1723 1738 1765 1772 1781 1817 1824 1854 1880 1937 1960 2011 2013 2021 2064 2080 2089 2101 2105 2135 2177 2284 2299 2326 2353 2374 2375 2392 2395 2396 2401 2408 2414 2422 2445 2471 2497 2535 2542 2552 2655 2723 2727 2763 2814 2862 2917 2980 3034 3046 3051 3085 3091 3161 3169 3171 3180 3187 3225 3232 3260 3271 3308 3316 3332 3337 3487 3605 3656 3677 3683 3702 3734 3748 3759 3800 3816 3831 3837 3838 3847 3858 3890 3930 3943 3988 4000 4009 4034 4105 4135 4153 4157 4175 4185 4211 4221 4223 4228 4242 4254 4258 4284 4292 4327 4352 4361 4373 4394 4396 4433 4440 4496 4507 4525 4553 4564 4593 4604 4609 4665 4687 4688 4714 4717 4725 4794 4802 4811 4891 4894 4896 4898 4901 4933 4947 4953 4994 4996 4999 5014 5079 5084 5086 5162 5165 5187 5226 5259 5269 5290 5316 5323 5332 5334 5408 5431 5442 5443 5456 5481 5496 5502 5514 5521 5523 5527 5562 5580 5607 5617 5623 5669 5674 5685 5695 5707 5709 5726 5759 5775 5779 5784 5797 5799 5833 5839 5841 5858 5860 5864 5868 5882 5935 5969 5990 6005 6013 6039 6086 6095 6126 6141 6197 6211 6212 6250 6253 6254
30 65 68 129 164 269 442 493 519 533 541 570 596 637 638 726 763 944 948 1005 1012 1024 1073 1090 1092 1095 1158 1192 1198 1203 1234 1242 1276 1290 1336 1367 1407 1456 1457 1471 1477 1534 1548 1563 1667 1695 1717 1764 1766 1767 1819 1828 1879 1902 1944 2009 2038 2045 2077 2097 2164 2249 2255 2278 2304 2344 2371 2383 2401 2468 2515 2624 2638 2723 2749 2753 2794 2797 2826 2857 2941 3005 3020 3032 3038 3044 3049 3085 3128 3154 3157 3164 3177 3187 3206 3220 3221 3223 3300 3306 3307 3332 3373 3468 3476 3481 3530 3642 3656 3681 3705 3713 3721 3723 3782 3798 3831 3835 3853 3858 3901 3915 3922 3923 3986 4014 4018 4088 4121 4164 4218 4249 4251 4258 4302 4314 4329 4340 4355 4384 4395 4429 4431 4440 4443 4498 4504 4598 4608 4665 4681 4688 4702 4712 4743 4762 4785 4806 4809 4813 4886 4896 4917 4928 4939 4940 4983 4990 5044 5071 5076 5083 5127 5137 5153 5226 5232 5251 5261 5272 5303 5310 5311 5313 5319 5324 5404 5427 5431 5492 5517 5533 5549 5579 5593 5603 5614 5669 5672 5697 5716 5724 5753 5756 5759 5768 5772 5783 5832 5836 5838 5841 5858 5860 5862 5870 5877 5935 5952 5981 5989 6004 6009 6015 6016 6063 6071 6077 6085 6102 6107 6141 6162 6177 6188 6203 6207 6250
26 89 91 162 172 354 466 486 527 549 595 686 722 898 937 979 986 1010 1014 1015 1021 1074 1082 1090 1092 1094 1104 1158 1161 1192 1193 1230 1245 1246 1279 1311 1314 1404 1424 1426 1457 1459 1463 1519 1557 1624 1637 1639 1692 1695 1701 1707 1751 1755 1759 1800 1877 1897 1926 1943 1954 1981 1999 2003 2005 2043 2085 2120 2155 2207 2216 2236 2267 2272 2289 2341 2362 2368 2381 2451 2488 2492 2605 2615 2698 2722 2745 2770 2807 2834 2856 2992 3006 3025 3029 3063 3070 3081 3123 3153 3181 3183 3193 3196 3246 3266 3270 3290 3302 3341 3411 3457 3474 3591 3623 3639 3644 3645 3646 3653 3671 3703 3718 3738 3760 3795 3815 3834 3844 3888 3904 3911 3968 3985 4119 4125 4163 4201 4217 4229 4249 4291 4325 4355 4392 4409 4429 4436 4453 4477 4577 4593 4647 4662 4676 4681 4682 4694 4755 4762 4763 4805 4831 4835 4869 4883 4886 4910 4940 4954 4970 4971 4980 4990 5064 5069 5070 5072 5076 5083 5121 5127 5137 5138 5142 5202 5223 5226 5247 5250 5270 5287 5308 5310 5312 5314 5365 5380 5391 5396 5429 5440 5492 5559 5565 5566 5571 5573 5574 5583 5601 5602 5612 5669 5682 5708 5723 5759 5767 5772 5777 5808 5825 5833 5838 5857 5858 5868 5872 5890 5900 5908 5979 5988 6000 6009 6041 6071 6082 6090 6096 6097 6123 6133 6157 6165 6187 6200 6220 6240 6244
18 81 150 193 197 275 354 419 450 453 517 536 556 560 570 837 871 973 976 977 1000 1055 1071 1083 1142 1151 1192 1210 1211 1224 1290 1386 1388 1422 1434 1447 1448 1451 1463 1575 1598 1630 1686 1689 1719 1745 1759 1767 1788 1789 1798 1831 1901 1911 1926 1956 1975 1984 2004 2032 2111 2116 2150 2169 2260 2285 2325 2333 2343 2353 2368 2378 2433 2449 2460 2467 2487 2543 2577 2582 2596 2609 2614 2636 2701 2718 2726 2741 2758 2773 2816 2827 2840 2929 2989 3000 3006 3019 3141 3146 3153 3176 3183 3187 3188 3202 3219 3242 3266 3270 3296 3302 3321 3327 3376 3405 3460 3573 3627 3642 3643 3669 3675 3691 3716 3724 3730 3735 3793 3797 3814 3823 3841 3865 3897 3934 3939 3953 4010 4073 4091 4103 4140 4156 4169 4209 4234 4238 4242 4256 4291 4316 4317 4391 4402 4408 4431 4445 4559 4562 4634 4637 4658 4670 4671 4688 4723 4725 4739 4748 4762 4777 4821 4827 4844 4858 4869 4877 4892 4924 4962 4967 4972 4986 4988 5009 5061 5071 5109 5114 5117 5131 5201 5218 5222 5238 5257 5260 5292 5295 5298 5302 5308 5351 5390 5427 5434 5467 5490 5539 5543 5549 5552 5559 5572 5590 5606 5657 5665 5683 5684 5702 5721 5735 5742 5745 5764 5812 5830 5837 5841 5851 5856 5878 5938 5973 5983 6061 6062 6071 6076 6095 6119 6126 6184 6186 6190 6212
22 69 125 191 302 402 440 443 461 500 540 688 857 865 932 943 956 974 980 1028 1047 1057 1060 1138 1139 1151 1177 1194 1221 1304 1355 1388 1397 1413 1428 1439 1444 1463 1515 1575 1580 1624 1641 1682 1725 1739 1747 1779 1791 1856 1863 1865 1874 1893 1906 1922 1965 1968 1969 1981 1982 2023 2083 2155 2195 2202 2242 2273 2300 2309 2320 2321 2335 2347 2353 2354 2356 2363 2378 2403 2405 2453 2521 2541 2572 2674 2695 2704 2727 2733 2738 2744 2762 2790 2821 2838 2840 2902 2914 2915 2980 3000 3004 3005 3016 3036 3111 3126 3131 3138 3142 3175 3183 3245 3246 3278 3292 3327 3328 3335 3342 3435 3481 3482 3572 3620 3623 3641 3650 3671 3674 3686 3704 3730 3784 3788 3811 3831 3873 3885 3888 3889 3899 3937 3939 3953 4022 4065 4072 4083 4142 4166 4209 4225 4285 4291 4311 4363 4369 4375 4384 4387 4400 4413 4527 4552 4557 4578 4602 4621 4633 4634 4659 4665 4672 4730 4742 4761 4764 4771 4802 4824 4832 4869 4887 4924 4926 4934 4947 4960 4974 4976 4988 5061 5070 5071 5087 5201 5203 5234 5244 5266 5268 5293 5295 5297 5306 5340 5381 5399 5401 5405 5415 5424 5447 5487 5489 5493 5538 5545 5547 5582 5592 5631 5651 5659 5660 5678 5698 5708 5715 5716 5745 5795 5807 5823 5827 5832 5839 5845 5849 5854 5856 5864 5907 5941 5953 5968 5973 5977 5979 5986 6045 6058 6071 6072 6076 6077 6106 6109 6118 6150 6153 6165 6168 6182
7 10 73 116 179 266 283 392 410 441 450 463 524 667 745 762 848 904 956 961 1019 1040 1056 1061 1130 1134 1177 1188 1245 1302 1348 1416 1421 1436 1437 1449 1456 1547 1571 1660 1662 1692 1701 1722 1779 1801 1843 1910 1929 1956 1980 2019 2047 2072 2080 2095 2140 2219 2226 2263 2272 2295 2319 2326 2329 2337 2345 2352 2360 2378 2397 2402 2516 2541 2564 2670 2686 2693 2717 2725 2732 2790 2797 2802 2845 2957 2971 2997 3032 3120 3133 3155 3165 3175 3176 3182 3218 3268 3282 3327 3347 3407 3429 3566 3587 3591 3641 3655 3670 3684 3747 3764 3765 3776 3805 3855 3884 3914 3931 3940 3942 3988 4034 4052 4128 4151 4183 4185 4197 4207 4213 4261 4276 4281 4311 4319 4352 4357 4360 4387 4390 4398 4399 4484 4538 4541 4572 4601 4602 4630 4651 4666 4728 4735 4754 4798 4823 4830 4860 4915 4919 4933 4951 4973 5020 5055 5057 5059 5064 5084 5175 5202 5203 5234 5243 5260 5284 5287 5293 5313 5349 5356 5359 5375 5381 5392 5401 5421 5448 5476 5482 5483 5487 5489 5496 5537 5540 5541 5563 5572 5592 5623 5634 5654 5659 5668 5698 5715 5716 5722 5727 5795 5800 5811 5812 5815 5826 5828 5836 5837 5838 5844 5866 5890 5895 5928 5935 5967 5973 5977 6040 6053 6055 6064 6109 6143 6145 6150 6169
96 130 171 186 194 260 386 388 429 441 453 478 500 586 820 845 871 940 947 948 992 1016 1021 1034 1042 1091 1117 1165 1168 1178 1222 1235 1237 1307 1318 1326 1328 1339 1409 1416 1417 1431 1432 1506 1566 1583 1642 1643 1654 1667 1695 1708 1721 1739 1761 1801 1822 1866 1904 1932 1953 1971 1974 2000 2067 2072 2090 2187 2218 2261 2282 2306 2317 2327 2335 2372 2384 2429 2470 2487 2518 2539 2595 2668 2679 2683 2701 2764 2768 2788 2830 2842 2843 2946 2959 2995 3023 3060 3114 3128 3129 3156 3167 3180 3210 3272 3312 3345 3371 3406 3539 3565 3585 3605 3613 3630 3654 3661 3663 3667 3722 3738 3745 3765 3776 3804 3872 3926 3938 3956 4007 4033 4145 4162 4166 4186 4210 4261 4262 4322 4336 4354 4362 4375 4387 4424 4517 4518 4549 4598 4600 4601 4627 4633 4643 4655 4688 4705 4713 4722 4734 4776 4782 4798 4810 4828 4847 4854 4856 4908 4922 4926 4966 4972 5053 5059 5073 5111 5119 5144 5166 5168 5191 5193 5198 5234 5253 5255 5260 5268 5270 5284 5288 5333 5354 5373 5380 5395 5406 5409 5414 5447 5475 5476 5487 5517 5519 5535 5555 5566 5616 5625 5631 5643 5651 5667 5670 5680 5682 5714 5775 5794 5799 5808 5828 5833 5844 5858 5881 5892 5959 5973 5976 5977 6020 6028 6035 6043 6049 6054 6094 6102 6106 6136 6139 6142
82 107 133 200 302 304 391 426 483 522 577 683 782 783 799 830 835 844 851 852 946 947 951 981 1000 1023 1075 1101 1146 1159 1210 1329 1390 1408 1423 1484 1497 1499 1563 1618 1623 1642 1645 1685 1692 1733 1761 1797 1840 1872 1901 1905 1930 1939 1970 2035 2054 2068 2086 2150 2185 2216 2273 2286 2291 2310 2311 2320 2321 2334 2381 2418 2430 2484 2501 2581 2613 2663 2669 2671 2676 2711 2756 2795 2834 2883 2902 2943 2952 2965 2967 2972 2982 2987 2991 3013 3058 3072 3098 3119 3122 3128 3144 3145 3147 3158 3163 3206 3230 3235 3240 3271 3334 3409 3515 3562 3564 3602 3612 3613 3615 3622 3723 3744 3799 3827 3863 3877 3932 3993 4032 4033 4085 4124 4134 4145 4170 4197 4208 4216 4242 4244 4298 4330 4331 4336 4352 4354 4374 4376 4385 4411 4493 4517 4548 4578 4583 4591 4631 4640 4669 4699 4706 4714 4721 4729 4763 4793 4798 4799 4833 4840 4853 4883 4899 4916 4942 4968 4972 5031 5039 5050 5116 5132 5162 5177 5187 5224 5250 5257 5266 5278 5293 5313 5344 5363 5366 5397 5435 5472 5478 5485 5501 5504 5507 5519 5526 5527 5542 5565 5600 5629 5642 5643 5653 5676 5707 5759 5793 5799 5801 5803 5824 5825 5844 5847 5872 5958 5972 5988 5990 5999 6002 6017 6030 6045 6065 6089 6127 6140
7 51 69 77 173 302 303 321 371 384 385 394 427 496 529 613 667 687 741 743 810 888 944 947 979 982 994 1044 1066 1132 1148 1150 1200 1229 1232 1310 1317 1382 1388 1402 1423 1444 1447 1480 1561 1594 1598 1608 1612 1637 1641 1686 1742 1752 1770 1831 1892 1929 1931 1946 1975 2002 2048 2153 2248 2254 2266 2286 2303 2305 2310 2318 2329 2356 2368 2387 2396 2445 2466 2558 2561 2581 2597 2619 2652 2667 2668 2672 2750 2791 2888 2926 2940 2946 2965 2974 2979 3007 3037 3059 3076 3087 3102 3104 3108 3112 3130 3140 3143 3153 3162 3173 3190 3211 3303 3314 3400 3515 3552 3596 3609 3618 3634 3712 3725 3740 3768 3791 3795 3844 3885 3913 3917 4001 4029 4034 4042 4059 4080 4107 4153 4178 4186 4213 4240 4287 4291 4310 4311 4317 4351 4376 4377 4478 4489 4509 4535 4572 4575 4578 4590 4627 4664 4701 4726 4738 4796 4797 4809 4825 4839 4853 4897 4910 4928 4940 4956 4958 4971 4974 5003 5022 5023 5027 5043 5049 5098 5153 5156 5158 5173 5206 5212 5216 5235 5252 5263 5264 5272 5305 5309 5344 5351 5356 5358 5390 5394 5397 5437 5457 5467 5472 5476 5479 5488 5503 5507 5511 5512 5525 5527 5534 5589 5604 5611 5621 5635 5640 5662 5688 5707 5756 5779 5791 5792 5801 5817 5818 5819 5820 5825 5829 5834 5868 5902 5922 5927 5945 5947 5951 5968 5969 5971 5984 5988 6019 6025 6026 6039 6040 6085 6112 6126
67 142 229 280 340 347 375 465 487 564 567 686 723 803 937 940 944 968 978 986 996 1007 1032 1039 1127 1131 1173 1190 1286 1370 1380 1382 1393 1401 1436 1445 1475 1487 1503 1590 1598 1614 1632 1674 1675 1731 1732 1741 1745 1748 1851 1858 1899 1920 1935 1955 1961 1986 1994 2075 2125 2221 2262 2265 2298 2310 2315 2320 2329 2342 2381 2382 2439 2532 2617 2637 2641 2649 2678 2711 2745 2862 2908 2936 2940 2957 2958 2968 2972 3037 3050 3078 3080 3103 3109 3110 3136 3142 3165 3177 3197 3257 3288 3340 3489 3504 3508 3529 3542 3576 3613 3618 3686 3695 3719 3737 3788 3794 3829 3864 3974 4005 4021 4029 4057 4058 4076 4079 4089 4096 4124 4147 4148 4153 4190 4209 4213 4222 4284 4295 4312 4337 4359 4367 4442 4482 4490 4493 4501 4512 4524 4533 4545 4548 4569 4606 4616 4639 4676 4678 4684 4695 4704 4719 4730 4761 4771 4812 4831 4842 4890 4910 4916 4932 4939 4959 4964 4987 4994 5007 5025 5035 5041 5068 5079 5151 5155 5193 5206 5213 5227 5239 5259 5261 5268 5270 5281 5306 5322 5326 5375 5388 5423 5434 5441 5460 5471 5502 5507 5510 5527 5533 5543 5570 5594 5608 5616 5617 5632 5652 5653 5669 5677 5719 5731 5751 5788 5795 5812 5816 5817 5824 5833 5850 5946 5950 5963 5965 5969 5983 5994 6015 6021 6024 6025 6029 6060 6078 6083 6100 6103 6104
53 205 261 278 311 323 369 515 534 563 596 711 713 739 766 801 833 846 923 932 934 937 939 953 971 1002 1026 1038 1084 1098 1114 1118 1141 1159 1251 1352 1376 1386 1393 1423 1437 1440 1453 1469 1590 1600 1630 1647 1687 1693 1729 1730 1838 1853 1887 1940 1948 1954 2139 2216 2221 2226 2250 2273 2297 2303 2318 2354 2393 2406 2483 2516 2536 2545 2551 2561 2574 2583 2600 2619 2641 2675 2676 2775 2811 2841 2864 2896 2905 2935 2948 2954 3021 3040 3057 3069 3075 3091 3103 3108 3121 3128 3130 3177 3187 3207 3249 3257 3323 3458 3489 3507 3526 3560 3572 3573 3612 3624 3672 3686 3689 3704 3712 3728 3734 3786 3789 3792 3825 3833 3841 3941 3946 3953 3959 3984 3996 4029 4030 4074 4084 4135 4154 4192 4199 4206 4272 4274 4306 4317 4340 4414 4441 4471 4486 4511 4512 4516 4534 4557 4604 4606 4646 4683 4690 4724 4761 4798 4810 4829 4833 4837 4838 4886 4902 4928 4950 4954 4957 4982 4998 5013 5019 5023 5051 5069 5132 5147 5151 5152 5184 5194 5238 5251 5261 5266 5270 5296 5311 5353 5374 5402 5453 5459 5467 5489 5493 5497 5501 5528 5589 5591 5615 5629 5650 5652 5668 5669 5722 5724 5775 5778 5779 5809 5812 5814 5816 5883 5907 5930 5933 5938 5944 5958 5962 5963 5967 5976 5987 6012 6016 6052 6078 6084 6088 6094
41 134 198 202 214 259 274 283 359 476 515 639 684 707 728 768 769 772 787 803 804 821 894 932 946 950 982 993 1051 1052 1072 1112 1117 1154 1165 1171 1185 1211 1253 1333 1335 1345 1346 1349 1371 1392 1393 1436 1487 1554 1586 1617 1630 1678 1685 1722 1776 1792 1806 1827 1849 1861 1878 1897 1899 1927 1948 1950 2050 2087 2135 2213 2247 2258 2266 2269 2271 2296 2327 2354 2358 2410 2483 2541 2613 2626 2634 2636 2712 2768 2786 2796 2804 2852 2874 2898 2930 2935 2942 2947 2975 2988 3065 3066 3080 3082 3084 3101 3108 3125 3164 3168 3187 3210 3214 3225 3285 3312 3366 3428 3440 3447 3451 3481 3515 3561 3590 3660 3677 3711 3721 3782 3818 3822 3936 3938 3951 3957 3959 3968 3985 4015 4052 4068 4084 4115 4177 4199 4204 4235 4255 4260 4276 4299 4332 4386 4431 4459 4465 4470 4511 4516 4523 4524 4535 4570 4573 4584 4587 4653 4669 4690 4692 4694 4725 4743 4767 4772 4783 4790 4800 4815 4826 4858 4885 4921 4927 4950 4964 4977 4988 4994 5012 5020 5023 5028 5038 5052 5097 5109 5149 5150 5153 5159 5178 5184 5196 5208 5219 5232 5260 5291 5319 5341 5375 5386 5402 5424 5454 5464 5465 5472 5493 5525 5571 5583 5591 5601 5613 5624 5626 5645 5651 5655 5675 5710 5773 5774 5802 5804 5812 5816 5859 5909 5933 5936 5961 5962 5986 6003 6013 6076 6094
2 142 181 183 199 212 261 275 289 463 474 497 514 559 572 592 644 677 696 721 748 784 787 803 856 869 925 929 942 1005 1036 1066 1126 1154 1194 1325 1332 1343 1372 1378 1393 1430 1446 1491 1512 1518 1568 1598 1606 1620 1650 1658 1673 1718 1740 1772 1798 1809 1843 1878 1879 1893 1898 2092 2163 2196 2205 2209 2212 2232 2243 2258 2264 2269 2282 2292 2293 2303 2344 2454 2488 2537 2539 2559 2579 2589 2598 2630 2633 2648 2737 2782 2797 2843 2844 2891 2927 2942 2946 3018 3022 3062 3080 3083 3086 3095 3097 3113 3135 3203 3282 3321 3408 3432 3450 3469 3479 3480 3509 3515 3528 3532 3541 3556 3564 3596 3634 3672 3679 3688 3705 3775 3778 3808 3901 3906 3910 3947 3955 3964 3977 4003 4032 4038 4055 4057 4102 4197 4201 4218 4253 4259 4280 4301 4317 4330 4352 4371 4414 4458 4461 4480 4508 4523 4531 4560 4631 4632 4649 4651 4685 4701 4760 4771 4776 4779 4834 4838 4857 4872 4904 4916 4919 4937 4949 4982 4986 4996 5006 5020 5092 5130 5137 5141 5143 5146 5147 5148 5167 5171 5186 5192 5221 5224 5239 5255 5259 5281 5283 5318 5326 5341 5371 5375 5395 5421 5431 5447 5460 5462 5482 5487 5491 5495 5557 5574 5588 5593 5602 5606 5614 5618 5668 5687 5701 5757 5763 5764 5774 5789 5797 5800 5801 5802 5803 5811 5814 5835 5857 5874 5892 5907 5922 5957 5958 5960 5963 5986 6004 6015 6049 6072
69 81 83 118 154 165 184 202 250 264 447 475 568 620 676 731 739 761 770 790 811 849 902 912 915 918 927 935 936 938 992 994 1020 1048 1054 1059 1117 1167 1272 1324 1335 1345 1348 1365 1373 1387 1424 1430 1500 1514 1557 1590 1616 1619 1641 1645 1687 1717 1718 1752 1764 1836 1841 1855 1874 1882 2055 2123 2173 2184 2187 2196 2203 2212 2238 2256 2275 2281 2286 2333 2353 2414 2420 2511 2514 2523 2537 2569 2607 2615 2616 2687 2747 2765 2791 2810 2839 2841 2877 2883 2891 2927 2937 2941 2944 3017 3035 3057 3062 3072 3085 3087 3092 3102 3111 3162 3186 3195 3282 3301 3308 3336 3409 3461 3480 3494 3496 3514 3522 3533 3604 3668 3682 3687 3765 3776 3869 3870 3872 3920 3923 3928 3941 3948 3998 4001 4011 4027 4037 4100 4154 4171 4177 4193 4213 4216 4223 4233 4243 4316 4327 4330 4425 4455 4461 4464 4495 4521 4535 4547 4550 4553 4627 4637 4638 4665 4708 4738 4739 4765 4771 4826 4844 4865 4878 4900 4916 4919 4927 4937 4978 4984 5001 5004 5067 5070 5104 5112 5136 5164 5182 5221 5238 5247 5280 5304 5310 5318 5362 5410 5421 5447 5449 5472 5488 5494 5531 5534 5561 5563 5591 5611 5615 5629 5638 5696 5699 5733 5742 5758 5762 5768 5785 5793 5798 5800 5801 5804 5832 5839 5898 5921 5947 5958 5959 5964 5968 5985 6004 6006 6007 6041 6068
22 42 54 109 149 190 208 226 366 429 442 472 473 500 549 660 745 748 864 885 895 922 969 983 1018 1093 1094 1212 1245 1297 1300 1321 1337 1348 1349 1353 1364 1379 1389 1391 1476 1497 1563 1614 1640 1641 1666 1676 1684 1714 1746 1754 1776 1814 1837 1846 1852 1873 1889 2003 2098 2111 2151 2166 2182 2190 2192 2241 2247 2256 2271 2315 2316 2319 2352 2391 2446 2482 2489 2549 2594 2598 2605 2612 2620 2640 2645 2804 2836 2856 2868 2924 3009 3024 3027 3071 3073 3085 3106 3151 3184 3264 3280 3281 3282 3297 3340 3378 3405 3443 3451 3464 3476 3485 3493 3501 3510 3520 3527 3543 3551 3560 3563 3599 3600 3633 3635 3651 3661 3668 3671 3758 3765 3831 3846 3862 3877 3904 3908 3973 3982 3987 3996 4015 4070 4084 4087 4149 4152 4157 4165 4229 4240 4292 4293 4309 4322 4327 4405 4451 4463 4485 4495 4496 4506 4517 4521 4535 4546 4550 4562 4606 4613 4622 4628 4640 4688 4737 4747 4764 4775 4805 4836 4860 4888 4899 4913 4923 4931 4952 4958 4968 4980 4987 5049 5065 5106 5113 5122 5124 5151 5171 5177 5179 5210 5215 5230 5232 5257 5278 5301 5356 5357 5374 5409 5417 5447 5449 5466 5467 5486 5488 5530 5542 5560 5580 5586 5623 5693 5725 5761 5774 5781 5782 5790 5796 5800 5820 5868 5916 5931 5939 5946 5958 5959 5994 6006 6058
5 19 25 145 172 225 250 424 451 499 571 657 732 733 745 778 797 800 816 859 894 911 930 952 966 1078 1182 1202 1215 1220 1255 1287 1304 1335 1347 1355 1368 1387 1389 1461 1470 1471 1476 1481 1533 1539 1604 1618 1642 1651 1672 1708 1740 1747 1806 1823 1826 1832 1965 2073 2109 2112 2129 2181 2183 2184 2185 2187 2213 2231 2236 2245 2252 2254 2296 2302 2347 2386 2402 2409 2439 2503 2514 2547 2569 2580 2598 2607 2665 2703 2769 2826 2833 2852 2868 2906 2912 2971 2983 3021 3071 3075 3076 3077 3096 3230 3276 3301 3417 3456 3461 3465 3491 3493 3510 3550 3554 3631 3647 3693 3715 3732 3754 3763 3785 3819 3839 3889 3909 3958 3967 3975 3986 4001 4002 4007 4049 4053 4121 4146 4152 4164 4169 4223 4231 4262 4280 4291 4320 4329 4416 4445 4455 4470 4476 4489 4494 4508 4518 4528 4542 4549 4587 4609 4616 4619 4675 4721 4727 4747 4753 4801 4822 4888 4898 4909 4918 4939 4948 4950 4955 4957 4960 4980 5041 5047 5054 5087 5090 5114 5123 5156 5165 5170 5174 5192 5199 5212 5223 5232 5273 5293 5346 5352 5404 5415 5424 5440 5446 5447 5449 5464 5479 5483 5513 5529 5547 5560 5571 5618 5693 5704 5715 5724 5756 5778 5790 5792 5799 5822 5826 5864 5908 5911 5913 5929 5945 5947 5957 5984 5987 5990
19 79 95 125 126 145 148 410 440 462 499 514 581 653 676 711 712 755 793 854 870 887 893 901 916 932 1038 1071 1095 1168 1210 1229 1254 1263 1273 1278 1294 1334 1339 1340 1423 1453 1461 1493 1539 1581 1586 1590 1592 1605 1635 1642 1655 1678 1682 1684 1700 1723 1736 1806 1808 1813 1816 1899 1954 1972 2009 2063 2070 2111 2144 2179 2183 2225 2230 2231 2234 2235 2241 2282 2327 2374 2409 2437 2461 2477 2492 2518 2540 2558 2596 2607 2661 2686 2703 2806 2825 2844 2850 2856 2862 2863 2864 2900 2981 2988 3066 3076 3094 3212 3269 3273 3283 3348 3387 3449 3458 3471 3493 3507 3549 3631 3635 3647 3658 3689 3729 3752 3771 3802 3824 3851 3881 3931 3962 3985 4000 4007 4009 4015 4028 4076 4092 4108 4129 4135 4150 4156 4220 4222 4228 4236 4248 4255 4267 4281 4313 4361 4422 4439 4443 4505 4516 4526 4550 4555 4598 4604 4630 4702 4721 4745 4752 4787 4798 4800 4821 4851 4873 4878 4901 4906 4911 4926 4950 4952 4973 4995 5021 5023 5027 5029 5044 5088 5092 5104 5121 5149 5171 5196 5206 5215 5217 5225 5286 5293 5314 5346 5380 5399 5413 5415 5425 5431 5445 5447 5450 5474 5480 5483 5501 5523 5540 5560 5569 5570 5581 5589 5608 5630 5680 5698 5713 5728 5751 5753 5776 5787 5795 5820 5846 5888 5889 5900 5910 5935 5945 5955 5959 5967
22 94 105 407 491 545 585 648 680 681 686 732 846 868 885 893 896 908 1018 1029 1093 1118 1198 1255 1271 1333 1340 1349 1394 1403 1439 1453 1470 1499 1561 1590 1596 1600 1606 1632 1637 1638 1645 1676 1687 1701 1761 1805 1808 1810 1929 1950 1997 2060 2062 2126 2138 2150 2155 2171 2177 2179 2211 2223 2230 2272 2368 2383 2393 2407 2468 2481 2519 2562 2588 2591 2602 2633 2644 2651 2771 2825 2852 2860 2880 2884 2896 2900 2977 3015 3059 3074 3083 3088 3090 3158 3171 3252 3266 3342 3345 3357 3429 3430 3440 3449 3459 3465 3468 3509 3588 3591 3621 3628 3641 3671 3687 3710 3713 3720 3726 3736 3740 3775 3817 3842 3844 3867 3900 3929 3940 3954 3958 3961 3970 3985 4028 4050 4086 4088 4137 4149 4152 4182 4213 4222 4227 4256 4289 4409 4432 4437 4438 4457 4482 4497 4515 4521 4596 4614 4644 4670 4674 4690 4711 4717 4740 4742 4787 4816 4841 4899 4910 4924 4944 4958 4984 4993 5031 5088 5091 5097 5099 5104 5110 5115 5122 5129 5142 5152 5163 5181 5194 5195 5213 5238 5281 5340 5341 5344 5364 5368 5369 5379 5395 5405 5424 5432 5436 5444 5452 5461 5470 5478 5481 5515 5517 5533 5535 5560 5585 5607 5620 5629 5647 5695 5697 5708 5709 5726 5739 5742 5768 5775 5776 5780 5785 5799 5817 5828 5843 5849 5859 5888 5896 5899 5904 5908 5918 5932 5934 5952 5953 5954
72 99 117 266 296 347 373 525 536 550 570 647 675 676 691 838 841 881 884 997 1018 1054 1063 1073 1129 1150 1195 1254 1257 1270 1322 1328 1333 1337 1411 1444 1447 1458 1513 1543 1588 1596 1623 1632 1665 1669 1692 1777 1782 1791 1799 1864 1928 1969 1998 2018 2047 2094 2105 2131 2158 2176 2194 2208 2219 2222 2230 2256 2264 2294 2360 2457 2469 2509 2529 2544 2568 2574 2576 2595 2605 2629 2660 2771 2781 2812 2836 2846 2859 2873 2874 2886 2888 2891 2967 2977 2991 3016 3018 3059 3067 3079 3081 3123 3135 3143 3238 3330 3346 3354 3408 3424 3427 3445 3449 3464 3487 3520 3530 3577 3591 3614 3616 3625 3627 3667 3670 3703 3723 3727 3731 3761 3799 3817 3825 3830 3855 3865 3903 3928 3953 3965 3967 3979 3994 4002 4052 4053 4061 4069 4128 4137 4145 4175 4206 4210 4212 4231 4252 4266 4362 4422 4428 4436 4447 4475 4483 4504 4507 4512 4536 4569 4579 4587 4609 4610 4618 4682 4706 4709 4721 4763 4765 4770 4813 4879 4894 4897 4908 4932 4963 4977 4982 5003 5014 5024 5039 5042 5087 5088 5096 5136 5145 5150 5186 5211 5224 5229 5247 5275 5325 5330 5365 5383 5393 5407 5409 5416 5425 5433 5437 5461 5471 5506 5533 5546 5548 5555 5558 5575 5580 5601 5639 5673 5688 5693 5700 5705 5716 5734 5760 5772 5775 5776 5781 5785 5796 5828 5835 5847 5856 5880 5889 5904 5908 5911 5934 5936 5937 5946
60 98 242 341 467 548 640 669 674 724 775 805 823 831 838 839 845 875 882 986 990 1004 1033 1113 1229 1241 1254 1288 1291 1306 1327 1376 1396 1407 1446 1452 1519 1539 1575 1578 1622 1627 1640 1654 1724 1755 1762 1773 1774 1831 1909 1941 1947 1973 1985 2020 2042 2044 2100 2128 2163 2193 2212 2216 2293 2294 2304 2332 2451 2466 2482 2492 2496 2543 2546 2556 2563 2578 2695 2753 2810 2815 2837 2841 2869 2961 2977 2989 3048 3054 3062 3078 3129 3131 3134 3207 3227 3239 3266 3395 3425 3435 3438 3441 3514 3536 3550 3591 3614 3664 3684 3700 3711 3754 3803 3818 3820 3881 3918 3928 3948 3952 3956 3958 4043 4082 4128 4132 4153 4202 4233 4235 4332 4386 4416 4419 4436 4447 4495 4503 4541 4570 4585 4672 4682 4695 4701 4708 4712 4751 4780 4804 4808 4812 4843 4878 4883 4898 4904 4905 4931 4958 4960 4968 4977 4980 4985 4996 5038 5046 5083 5091 5111 5150 5162 5165 5166 5186 5209 5217 5246 5286 5304 5312 5317 5338 5360 5384 5409 5411 5415 5420 5430 5496 5504 5507 5537 5558 5603 5616 5623 5636 5677 5678 5692 5712 5734 5747 5758 5770 5776 5783 5793 5804 5836 5842 5852 5874 5884 5899 5905 5931 5932 5935 5940 5941
34 51 58 61 199 258 308 314 393 447 521 533 561 623 631 650 651 674 764 767 780 799 812 818 826 828 855 864 872 879 967 972 1029 1132 1211 1233 1251 1284 1302 1317 1373 1425 1442 1492 1546 1568 1657 1702 1710 1734 1742 1756 1757 1759 1846 1849 1934 1953 1983 2011 2085 2093 2105 2110 2156 2162 2169 2182 2212 2292 2323 2383 2449 2465 2508 2554 2557 2570 2575 2661 2749 2753 2806 2836 2842 2843 2844 2958 2968 2976 2997 3008 3044 3045 3062 3064 3118 3131 3184 3216 3221 3257 3291 3358 3373 3415 3433 3437 3499 3537 3549 3608 3613 3616 3626 3653 3673 3674 3696 3742 3786 3787 3812 3867 3895 3923 3925 3946 4018 4040 4042 4054 4114 4122 4125 4164 4175 4183 4192 4200 4272 4303 4380 4388 4409 4428 4432 4435 4442 4481 4494 4530 4561 4569 4582 4669 4678 4693 4743 4759 4774 4786 4788 4804 4809 4859 4865 4866 4867 4894 4901 4925 4946 4947 4952 4977 4984 5011 5025 5049 5060 5081 5090 5134 5136 5150 5157 5179 5197 5206 5245 5261 5262 5268 5303 5315 5332 5357 5382 5390 5404 5420 5480 5499 5515 5531 5533 5542 5548 5584 5608 5625 5628 5633 5677 5683 5684 5688 5704 5706 5731 5740 5755 5767 5769 5775 5779 5792 5798 5832 5840 5871 5880 5888 5899 5919 5930 5939
15 30 54 231 285 317 382 387 391 413 474 494 609 622 627 631 734 739 779 809 817 823 863 870 929 964 1011 1034 1057 1101 1128 1152 1182 1200 1233 1237 1254 1284 1301 1370 1372 1380 1418 1504 1555 1565 1591 1650 1661 1693 1694 1719 1742 1757 1837 1902 1907 1913 1965 1975 2018 2061 2069 2086 2087 2094 2156 2159 2160 2165 2179 2194 2211 2266 2371 2373 2407 2424 2449 2486 2551 2553 2612 2744 2748 2754 2790 2801 2824 2831 2861 2919 2967 2970 2992 3006 3007 3029 3044 3047 3058 3103 3125 3146 3188 3216 3327 3367 3404 3417 3425 3437 3449 3472 3488 3493 3531 3544 3589 3607 3608 3612 3636 3640 3649 3651 3685 3698 3710 3741 3742 3751 3864 3865 3909 3918 3932 3954 3968 3979 4038 4046 4062 4105 4109 4115 4117 4127 4132 4141 4148 4198 4261 4290 4336 4367 4404 4423 4432 4444 4460 4493 4543 4555 4574 4638 4641 4668 4704 4741 4770 4782 4795 4809 4812 4850 4862 4866 4873 4889 4890 4925 4934 4970 4975 4994 5022 5023 5041 5058 5075 5094 5096 5128 5134 5146 5157 5176 5191 5216 5236 5249 5258 5280 5301 5306 5327 5357 5370 5374 5383 5404 5412 5417 5467 5477 5480 5496 5507 5520 5530 5532 5548 5566 5571 5647 5649 5674 5682 5685 5698 5715 5721 5725 5740 5757 5759 5764 5769 5784 5785 5790 5795 5804 5820 5831 5851 5885 5898 5904 5908 5913 5931 5933
10 40 94 152 180 194 309 366 398 401 404 416 455 461 518 535 536 607 611 635 705 718 739 817 854 863 893 899 904 943 955 960 1000 1009 1021 1028 1146 1180 1194 1201 1212 1227 1242 1276 1333 1355 1413 1470 1499 1553 1555 1556 1563 1564 1578 1627 1656 1668 1747 1819 1860 1899 1903 1931 1936 1950 1997 2065 2068 2094 2100 2121 2140 2160 2176 2179 2188 2193 2203 2222 2241 2260 2291 2344 2364 2423 2434 2449 2536 2542 2684 2702 2705 2742 2746 2763 2782 2784 2798 2822 2907 2916 2948 2961 2971 2981 3007 3015 3018 3032 3034 3058 3067 3069 3081 3095 3174 3212 3299 3357 3367 3383 3399 3418 3436 3443 3485 3512 3606 3627 3631 3670 3684 3730 3736 3744 3821 3824 3855 3860 3871 3879 3903 3913 3916 3941 3958 4031 4065 4080 4108 4117 4118 4148 4183 4185 4194 4261 4267 4284 4390 4398 4408 4412 4426 4444 4451 4460 4477 4517 4566 4607 4634 4638 4656 4662 4676 4749 4769 4777 4799 4839 4846 4855 4864 4925 4965 4967 4994 4998 5016 5026 5038 5072 5080 5082 5115 5135 5151 5166 5200 5214 5255 5274 5290 5297 5345 5371 5381 5392 5399 5406 5415 5463 5474 5491 5507 5517 5519 5533 5561 5564 5599 5600 5634 5658 5675 5677 5688 5712 5735 5738 5740 5741 5748 5753 5764 5766 5785 5787 5792 5849 5870 5902 5904
106 147 174 329 367 373 441 480 485 525 531 537 549 550 655 662 674 675 731 738 807 813 843 848 860 863 877 910 995 1145 1179 1208 1211 1216 1266 1274 1318 1328 1329 1337 1406 1418 1440 1489 1502 1535 1539 1548 1551 1559 1635 1645 1649 1824 1844 1875 1897 1927 1931 1988 2026 2043 2062 2092 2146 2151 2156 2178 2208 2323 2339 2396 2402 2415 2418 2427 2536 2637 2671 2720 2730 2750 2776 2806 2812 2822 2864 2883 2889 2891 2937 2939 2947 2957 2968 2969 2970 3002 3010 3018 3032 3040 3045 3061 3082 3108 3141 3194 3209 3251 3330 3344 3354 3365 3381 3402 3410 3421 3430 3432 3476 3588 3606 3612 3620 3644 3666 3674 3725 3727 3733 3771 3820 3839 3893 3903 4024 4028 4030 4103 4108 4113 4128 4145 4167 4193 4195 4280 4364 4402 4403 4406 4419 4420 4442 4449 4516 4571 4626 4627 4628 4633 4639 4648 4654 4683 4714 4761 4763 4776 4780 4818 4836 4838 4839 4850 4856 4862 4892 4915 4924 4944 4984 4990 5016 5036 5057 5071 5075 5078 5084 5128 5130 5174 5199 5264 5336 5341 5347 5369 5391 5394 5404 5414 5462 5464 5473 5477 5482 5489 5514 5518 5534 5535 5564 5583 5588 5647 5648 5659 5682 5711 5718 5732 5734 5737 5740 5746 5757 5766 5773 5774 5792 5823 5839 5848 5865 5894 5901
92 120 166 170 216 311 314 333 359 430 499 525 531 549 592 640 713 726 760 806 824 825 837 853 861 882 885 926 930 985 1027 1107 1112 1175 1201 1208 1264 1312 1314 1326 1383 1410 1419 1469 1480 1515 1527 1545 1557 1558 1603 1606 1621 1631 1637 1803 1805 1830 1906 1919 2022 2036 2051 2068 2091 2102 2130 2132 2156 2178 2204 2207 2265 2279 2280 2295 2307 2335 2389 2406 2486 2507 2524 2633 2724 2727 2744 2758 2766 2771 2773 2809 2869 2883 2909 2936 2953 3001 3023 3028 3030 3041 3084 3151 3174 3313 3319 3351 3361 3417 3423 3453 3489 3581 3592 3594 3605 3607 3612 3623 3633 3644 3688 3717 3818 3892 3901 3938 3974 3987 3994 4002 4015 4032 4102 4104 4107 4108 4143 4159 4180 4240 4272 4274 4276 4308 4321 4354 4394 4399 4402 4406 4420 4470 4506 4552 4606 4612 4624 4625 4634 4640 4642 4705 4742 4756 4762 4810 4811 4839 4844 4848 4852 4882 4895 4930 4931 4936 4980 4999 5007 5011 5034 5055 5065 5074 5079 5105 5116 5192 5199 5201 5205 5230 5244 5330 5334 5345 5366 5371 5386 5392 5410 5413 5447 5453 5459 5460 5461 5487 5493 5497 5501 5502 5543 5562 5563 5594 5627 5654 5671 5678 5688 5696 5698 5708 5716 5723 5724 5738 5750 5755 5760 5762 5765 5770 5784 5804 5823 5826 5863 5868 5870 5893 5900
42 146 294 297 325 359 409 479 512 519 530 538 576 640 707 731 753 766 768 770 801 806 821 852 861 862 874 885 915 967 1016 1091 1151 1155 1192 1205 1208 1264 1314 1372 1394 1401 1444 1447 1458 1480 1493 1501 1526 1527 1528 1529 1563 1616 1619 1754 1788 1804 1830 1846 1904 1973 2025 2036 2038 2091 2108 2115 2130 2152 2155 2161 2230 2258 2289 2293 2305 2314 2388 2392 2394 2403 2462 2476 2478 2586 2596 2618 2633 2647 2684 2716 2722 2735 2760 2766 2782 2853 2887 2914 2929 2949 2952 2998 3023 3053 3171 3272 3282 3292 3317 3347 3361 3411 3438 3469 3477 3570 3574 3627 3629 3659 3722 3813 3822 3833 3857 3863 3883 3897 3898 3900 3918 3943 3986 4001 4093 4096 4105 4127 4135 4136 4138 4150 4151 4190 4269 4272 4295 4349 4397 4399 4413 4415 4424 4532 4584 4595 4612 4624 4629 4633 4675 4714 4724 4741 4744 4752 4765 4805 4806 4834 4837 4875 4905 4918 4923 4935 4936 4946 4947 4969 4972 4996 5008 5019 5037 5054 5061 5064 5068 5073 5077 5081 5104 5118 5152 5180 5197 5202 5227 5281 5302 5309 5319 5320 5321 5322 5336 5341 5364 5375 5389 5408 5413 5454 5458 5468 5473 5482 5488 5496 5513 5548 5580 5587 5636 5650 5667 5677 5701 5712 5723 5735 5744 5745 5749 5758 5763 5767 5788 5796 5809 5856 5883
2 16 28 45 197 211 217 237 238 326 395 411 467 496 526 546 561 607 611 640 731 763 770 792 794 828 873 875 895 903 912 992 1034 1044 1046 1128 1145 1181 1190 1193 1194 1206 1230 1249 1253 1258 1299 1313 1314 1374 1463 1477 1490 1497 1514 1521 1537 1610 1617 1728 1763 1779 1802 1808 1819 1837 1902 1982 2025 2049 2078 2086 2091 2106 2110 2122 2136 2142 2146 2149 2174 2205 2221 2222 2235 2302 2303 2357 2397 2462 2472 2550 2627 2641 2644 2666 2673 2676 2712 2737 2738 2744 2751 2753 2772 2790 2875 2888 2896 2938 2995 3006 3017 3031 3131 3142 3157 3163 3264 3268 3317 3347 3358 3361 3383 3401 3427 3458 3521 3545 3548 3569 3570 3573 3610 3612 3629 3646 3813 3825 3855 3860 3869 3875 3917 3979 3980 4081 4089 4092 4098 4127 4130 4137 4189 4212 4213 4240 4257 4349 4353 4385 4399 4402 4407 4410 4536 4583 4591 4603 4608 4624 4628 4709 4734 4751 4752 4771 4772 4791 4814 4834 4845 4867 4873 4906 4918 4946 4953 4961 4982 4992 5002 5015 5032 5052 5059 5066 5068 5077 5085 5128 5158 5187 5216 5281 5292 5295 5308 5318 5333 5355 5361 5372 5388 5406 5436 5448 5456 5467 5481 5487 5495 5564 5611 5638 5648 5660 5670 5673 5678 5681 5685 5701 5703 5722 5730 5737 5745 5750 5757 5762 5773 5774 5787 5816 5817 5827 5852 5872
124 146 193 200 290 308 320 437 475 494 495 548 604 637 640 705 777 788 816 858 903 913 966 1000 1016 1024 1045 1088 1091 1165 1170 1178 1203 1219 1238 1253 1271 1288 1307 1337 1373 1438 1461 1466 1473 1503 1506 1513 1534 1554 1617 1620 1684 1691 1743 1762 1786 1855 1970 2027 2033 2046 2076 2081 2088 2097 2124 2148 2208 2218 2273 2293 2295 2320 2337 2343 2389 2452 2453 2462 2472 2498 2549 2569 2624 2626 2638 2681 2713 2740 2755 2760 2874 2892 2909 2911 2928 2931 2954 2959 2968 2969 2982 3026 3127 3157 3243 3256 3273 3307 3338 3342 3352 3360 3361 3400 3457 3491 3542 3544 3548 3554 3560 3593 3610 3612 3627 3786 3798 3799 3801 3811 3853 3854 3863 3879 3902 3978 3988 4036 4053 4065 4085 4089 4108 4124 4174 4196 4201 4218 4336 4383 4384 4396 4404 4423 4453 4479 4557 4586 4599 4602 4608 4638 4700 4704 4729 4745 4752 4769 4780 4790 4813 4821 4840 4846 4857 4869 4906 4908 4961 4968 4981 5028 5050 5060 5061 5071 5119 5158 5160 5178 5187 5209 5215 5261 5285 5291 5316 5319 5329 5341 5354 5365 5383 5400 5406 5428 5434 5445 5446 5455 5471 5478 5495 5502 5558 5590 5606 5611 5626 5635 5652 5659 5668 5670 5697 5704 5720 5722 5737 5745 5748 5757 5761 5764 5767 5802 5843
124 169 197 237 273 295 301 368 422 428 435 464 470 494 559 570 587 625 679 697 763 779 783 784 812 832 901 941 954 983 1014 1036 1056 1088 1149 1160 1163 1172 1203 1292 1299 1306 1314 1317 1332 1355 1362 1395 1404 1459 1497 1500 1502 1543 1560 1613 1619 1621 1680 1704 1785 1814 1936 1958 1966 2076 2079 2086 2088 2095 2119 2163 2190 2210 2216 2232 2235 2248 2291 2319 2325 2338 2367 2439 2461 2471 2491 2536 2573 2581 2613 2618 2630 2666 2667 2687 2732 2736 2774 2871 2891 2898 2913 2923 2953 2960 2967 2969 2981 3051 3058 3087 3271 3285 3297 3299 3305 3324 3357 3393 3396 3397 3425 3443 3452 3508 3514 3542 3547 3566 3797 3831 3846 3861 3916 3936 3943 3992 4039 4060 4084 4088 4089 4116 4117 4124 4140 4190 4268 4290 4300 4361 4372 4384 4393 4401 4452 4488 4539 4572 4579 4593 4617 4654 4680 4704 4717 4736 4745 4763 4778 4784 4808 4819 4836 4862 4868 4906 4942 4963 4980 4989 4992 4994 5028 5034 5056 5065 5087 5097 5151 5182 5212 5245 5273 5281 5303 5306 5320 5346 5348 5382 5402 5403 5404 5410 5416 5436 5445 5454 5464 5472 5476 5538 5554 5601 5619 5628 5630 5650 5655 5656 5657 5667 5692 5711 5712 5716 5717 5722 5737 5744 5757 5785 5794 5798 5805 5838
81 97 140 168 183 197 253 265 362 384 389 394 414 452 492 560 614 642 664 712 723 737 743 744 759 800 812 868 887 907 912 917 1013 1040 1105 1144 1147 1167 1183 1203 1236 1253 1273 1293 1310 1333 1391 1402 1441 1456 1479 1491 1585 1609 1685 1691 1771 1778 1782 1785 1786 1920 1952 2049 2053 2056 2060 2078 2087 2108 2109 2117 2184 2210 2236 2281 2300 2303 2316 2334 2359 2385 2433 2457 2474 2513 2521 2544 2564 2605 2606 2615 2630 2651 2658 2668 2708 2732 2751 2836 2837 2870 2891 2896 2916 2941 2949 2952 2961 2972 3026 3029 3043 3078 3183 3223 3240 3271 3296 3302 3309 3311 3314 3316 3344 3346 3384 3417 3423 3470 3522 3545 3547 3555 3785 3787 3794 3801 3816 3834 3842 3844 3852 3860 3890 3912 3976 3982 3986 4001 4023 4081 4090 4100 4124 4166 4183 4232 4258 4348 4369 4382 4459 4530 4551 4567 4579 4646 4673 4693 4706 4716 4763 4776 4780 4781 4794 4830 4848 4852 4861 4866 4868 4881 4887 4928 4932 4958 4960 4968 4971 4995 5004 5009 5011 5032 5053 5060 5078 5112 5117 5163 5192 5195 5206 5212 5256 5271 5276 5281 5317 5336 5354 5389 5425 5434 5445 5454 5458 5460 5493 5533 5540 5599 5614 5620 5628 5647 5685 5691 5704 5707 5713 5716 5725 5752 5757 5765 5782 5790 5814
76 86 139 189 194 195 335 361 380 389 449 462 468 482 543 640 656 663 691 729 739 752 781 792 872 934 950 965 972 1031 1079 1092 1107 1129 1137 1163 1165 1166 1170 1183 1190 1251 1260 1292 1325 1376 1383 1425 1431 1437 1440 1451 1458 1468 1481 1488 1505 1594 1620 1632 1664 1685 1754 1777 1778 1780 1793 1811 1904 1946 1978 2041 2050 2057 2064 2078 2084 2101 2178 2191 2214 2258 2265 2274 2312 2328 2335 2347 2368 2432 2499 2541 2593 2606 2612 2624 2641 2643 2657 2665 2697 2732 2776 2851 2866 2870 2890 2892 2903 2916 2931 2944 2952 2994 3050 3181 3238 3251 3266 3301 3309 3319 3359 3416 3509 3512 3522 3529 3544 3681 3707 3753 3760 3761 3764 3779 3786 3799 3801 3820 3851 3872 3904 3954 3957 3968 3977 4006 4040 4064 4072 4089 4095 4112 4182 4183 4213 4297 4333 4357 4364 4369 4381 4454 4469 4485 4489 4507 4538 4557 4567 4570 4578 4589 4633 4677 4686 4689 4697 4704 4726 4757 4759 4769 4781 4786 4802 4833 4861 4868 4913 4927 4936 4955 4960 4963 4978 5008 5011 5018 5036 5048 5055 5058 5068 5095 5105 5134 5140 5163 5186 5198 5237 5257 5266 5269 5274 5276 5281 5292 5305 5327 5333 5389 5407 5408 5413 5433 5437 5447 5450 5460 5524 5598 5601 5609 5619 5645 5647 5660 5679 5685 5701 5704 5705 5714 5738 5741 5756 5765 5771
51 132 137 183 278 374 407 455 481 517 585 610 643 645 651 674 680 688 697 711 724 729 734 857 871 877 920 927 1008 1051 1066 1076 1112 1118 1138 1157 1163 1167 1172 1202 1217 1252 1285 1288 1316 1349 1371 1395 1411 1436 1454 1466 1469 1481 1487 1554 1587 1606 1656 1728 1741 1747 1771 1786 1791 1811 1898 1940 1975 2012 2040 2050 2062 2081 2082 2099 2101 2169 2173 2254 2265 2272 2321 2327 2331 2361 2390 2532 2535 2541 2586 2596 2603 2633 2689 2703 2712 2726 2756 2777 2778 2859 2886 2909 2922 2952 2953 2972 3012 3070 3181 3213 3246 3248 3290 3296 3308 3319 3331 3341 3356 3398 3418 3446 3475 3521 3536 3552 3650 3695 3766 3779 3784 3785 3797 3830 3833 3834 3850 3864 3930 3951 3959 3967 4041 4050 4092 4098 4107 4143 4172 4212 4247 4284 4286 4314 4317 4319 4340 4344 4349 4356 4375 4381 4452 4485 4500 4538 4564 4572 4621 4652 4673 4686 4696 4698 4732 4741 4761 4771 4785 4796 4810 4825 4854 4870 4900 4906 4911 4959 4966 4983 5000 5011 5046 5053 5144 5161 5166 5180 5182 5220 5236 5246 5261 5273 5288 5298 5299 5319 5321 5359 5375 5391 5401 5421 5422 5427 5429 5438 5440 5447 5460 5520 5524 5590 5605 5612 5630 5657 5658 5660 5672 5676 5677 5691 5703 5709 5711 5737 5752 5753
124 183 209 273 356 383 454 456 597 605 617 630 672 685 703 716 835 841 861 884 922 984 1061 1062 1069 1076 1106 1109 1145 1156 1168 1172 1202 1211 1236 1284 1297 1308 1319 1339 1350 1368 1428 1431 1437 1464 1469 1513 1553 1568 1611 1635 1664 1696 1730 1741 1757 1774 1779 1811 1889 1918 1930 2010 2036 2037 2038 2048 2056 2058 2097 2158 2226 2255 2263 2320 2358 2441 2499 2515 2570 2604 2611 2682 2698 2720 2728 2768 2798 2825 2859 2880 2898 2902 2918 2943 2951 3103 3134 3188 3203 3226 3248 3288 3290 3300 3315 3356 3360 3365 3413 3424 3426 3442 3470 3490 3515 3516 3520 3527 3619 3654 3760 3784 3795 3813 3818 3910 3959 4028 4031 4043 4080 4115 4170 4215 4266 4279 4314 4331 4340 4371 4375 4379 4393 4403 4432 4464 4475 4530 4551 4557 4569 4651 4654 4660 4668 4691 4704 4722 4733 4755 4763 4775 4815 4845 4850 4875 4887 4908 4910 4920 4963 4965 4979 5008 5010 5034 5038 5052 5065 5068 5165 5166 5196 5224 5237 5255 5262 5265 5285 5287 5291 5299 5310 5320 5336 5352 5386 5400 5404 5420 5426 5435 5441 5443 5453 5460 5497 5516 5556 5583 5599 5608 5612 5616 5622 5656 5665 5668 5684 5689 5701 5704 5705 5734 5741 5743
1 43 119 159 193 270 273 311 313 319 342 370 403 482 556 558 572 573 598 601 620 625 646 681 707 783 811 843 847 883 913 922 950 1007 1057 1103 1107 1140 1141 1151 1169 1172 1180 1259 1267 1271 1277 1279 1308 1323 1338 1339 1420 1424 1428 1435 1463 1499 1512 1587 1610 1637 1683 1704 1728 1751 1797 1922 2005 2029 2030 2037 2043 2070 2089 2097 2155 2168 2195 2254 2296 2319 2331 2356 2399 2438 2441 2486 2488 2498 2526 2555 2569 2577 2588 2611 2661 2680 2681 2687 2705 2731 2815 2847 2857 2878 2887 2896 2908 2914 2937 2948 3031 3055 3115 3137 3188 3206 3207 3209 3217 3261 3267 3286 3287 3294 3303 3333 3356 3367 3415 3448 3483 3515 3566 3635 3641 3746 3758 3763 3774 3783 3858 3877 3926 3929 3940 3947 3977 4013 4030 4065 4073 4121 4144 4191 4195 4282 4290 4300 4313 4322 4331 4332 4366 4368 4378 4408 4410 4412 4455 4463 4493 4497 4508 4533 4560 4562 4624 4632 4636 4645 4660 4681 4704 4718 4750 4762 4822 4848 4849 4852 4887 4942 4943 4965 4972 4976 4979 4980 5002 5024 5057 5083 5085 5130 5158 5160 5166 5196 5219 5225 5236 5238 5250 5256 5280 5283 5289 5294 5296 5346 5351 5363 5370 5379 5387 5397 5403 5408 5417 5427 5458 5462 5495 5520 5528 5538 5546 5559 5571 5574 5585 5600 5603 5616 5618 5629 5640 5653 5663 5668 5684 5701 5714 5717 5721 5731
84 103 108 115 126 135 147 198 214 263 265 273 297 349 393 538 564 580 598 618 632 647 690 691 761 765 771 885 899 905 919 958 1040 1050 1051 1107 1111 1134 1151 1227 1248 1279 1281 1282 1301 1313 1416 1419 1431 1508 1515 1532 1611 1668 1681 1703 1735 1780 1873 1999 2000 2025 2030 2032 2043 2050 2053 2063 2123 2143 2176 2226 2227 2235 2242 2295 2300 2306 2329 2342 2368 2376 2435 2480 2493 2512 2547 2568 2645 2656 2659 2668 2672 2697 2744 2814 2823 2839 2845 2850 2857 2869 2877 2880 2885 2891 2911 2932 2971 3012 3088 3122 3165 3188 3205 3220 3254 3272 3274 3324 3333 3404 3427 3480 3487 3513 3539 3559 3729 3732 3738 3752 3759 3761 3763 3782 3825 3892 3914 3953 3961 3979 3998 4013 4022 4025 4039 4054 4065 4067 4070 4139 4144 4195 4271 4279 4284 4288 4292 4293 4303 4314 4319 4352 4359 4371 4405 4414 4448 4468 4471 4482 4498 4529 4531 4546 4548 4605 4644 4652 4653 4656 4681 4689 4747 4759 4766 4779 4838 4841 4845 4868 4876 4887 4905 4940 4947 4954 4963 4968 4974 4981 4984 4995 4999 5024 5029 5049 5074 5117 5124 5130 5151 5178 5220 5233 5235 5255 5257 5273 5277 5281 5282 5309 5328 5332 5340 5342 5347 5364 5366 5386 5406 5412 5426 5452 5454 5484 5519 5525 5535 5542 5567 5568 5572 5581 5586 5595 5628 5652 5661 5668 5675 5682 5690 5697 5699 5712 5729
58 76 93 103 106 109 115 203 259 272 284 335 346 352 500 540 557 564 567 591 631 665 684 716 718 759 814 878 881 883 948 987 1019 1087 1134 1136 1138 1142 1145 1149 1197 1222 1241 1247 1277 1283 1408 1417 1419 1454 1500 1514 1559 1599 1661 1696 1708 1741 1767 1773 1829 1857 1989 1993 2006 2024 2026 2108 2138 2205 2217 2224 2236 2287 2297 2302 2328 2354 2396 2453 2468 2484 2504 2531 2538 2552 2565 2622 2639 2653 2656 2665 2672 2697 2803 2836 2842 2869 2871 2885 2889 2925 2930 2997 3035 3047 3060 3147 3180 3183 3216 3217 3225 3233 3242 3263 3278 3316 3390 3395 3457 3512 3533 3615 3672 3717 3731 3743 3748 3780 3892 3907 3912 3920 3922 3929 3981 4005 4011 4020 4053 4055 4060 4137 4264 4266 4284 4287 4306 4319 4336 4367 4391 4396 4452 4461 4465 4491 4517 4531 4534 4597 4599 4626 4630 4643 4647 4653 4675 4678 4682 4698 4714 4737 4749 4796 4800 4824 4825 4842 4846 4861 4863 4870 4879 4904 4915 4938 4944 4952 4969 4976 4981 4993 5016 5018 5068 5105 5122 5129 5134 5143 5155 5167 5175 5227 5228 5237 5252 5253 5271 5307 5325 5326 5338 5346 5354 5372 5381 5392 5399 5405 5452 5466 5482 5510 5518 5525 5566 5570 5577 5578 5579 5613 5624 5638 5639 5642 5653 5665 5675 5689 5701 5708
42 69 76 105 192 237 240 257 275 298 329 378 454 476 507 540 545 551 628 657 671 695 697 789 795 812 945 979 999 1000 1076 1109 1113 1134 1143 1170 1199 1223 1277 1331 1334 1361 1367 1407 1412 1480 1503 1555 1573 1579 1580 1584 1619 1647 1676 1680 1705 1958 1991 2003 2022 2024 2026 2051 2084 2118 2125 2171 2195 2213 2227 2270 2324 2380 2408 2449 2457 2463 2491 2506 2539 2560 2637 2647 2662 2667 2687 2689 2731 2792 2802 2817 2819 2833 2838 2849 2854 2863 2864 2865 2877 2879 2920 2960 3023 3110 3129 3131 3165 3166 3203 3225 3246 3247 3249 3274 3281 3293 3358 3375 3401 3432 3508 3510 3526 3659 3707 3713 3737 3747 3748 3829 3888 3909 3921 3933 3991 3997 4051 4052 4053 4095 4107 4129 4189 4212 4233 4270 4282 4287 4311 4318 4384 4398 4411 4450 4469 4475 4484 4501 4526 4529 4543 4553 4579 4584 4607 4630 4639 4645 4655 4680 4685 4707 4747 4766 4806 4817 4822 4842 4860 4902 4936 4942 4955 4971 4993 4998 5004 5015 5068 5098 5100 5102 5112 5113 5118 5149 5153 5178 5184 5212 5221 5230 5238 5246 5252 5255 5268 5297 5313 5325 5340 5345 5348 5351 5361 5380 5400 5403 5426 5431 5451 5469 5496 5513 5534 5567 5568 5592 5602 5616 5632 5649 5653 5655 5656 5666 5681 5685 5698
56 68 69 72 80 101 152 182 221 229 257 283 290 318 349 375 395 465 510 521 527 537 592 601 604 626 642 691 770 927 933 952 977 1040 1074 1089 1126 1129 1137 1160 1188 1271 1276 1302 1315 1337 1354 1355 1362 1374 1402 1406 1411 1442 1469 1472 1546 1565 1576 1627 1655 1675 1944 1957 1958 1965 2002 2011 2017 2045 2069 2076 2114 2119 2177 2178 2184 2195 2206 2244 2265 2299 2377 2404 2435 2439 2457 2521 2530 2590 2627 2638 2641 2675 2707 2716 2763 2780 2834 2854 2868 2870 2874 2879 2893 2920 2936 2997 3036 3074 3077 3095 3100 3138 3197 3232 3241 3244 3274 3358 3371 3387 3426 3473 3496 3506 3574 3604 3643 3657 3667 3700 3702 3712 3724 3736 3741 3794 3802 3843 3868 3908 3948 3970 3978 3989 4014 4048 4056 4138 4153 4279 4287 4313 4351 4378 4418 4436 4451 4473 4500 4501 4517 4527 4578 4624 4639 4641 4645 4661 4662 4683 4703 4706 4760 4764 4772 4774 4816 4819 4883 4888 4906 4934 4951 4970 4992 5038 5068 5086 5111 5140 5173 5185 5200 5217 5221 5229 5235 5252 5262 5289 5308 5320 5321 5330 5333 5336 5338 5343 5360 5364 5384 5387 5401 5402 5443 5453 5463 5486 5495 5538 5554 5557 5560 5577 5592 5600 5616 5620 5627 5641 5648 5651 5654 5662 5674 5684
28 39 41 43 59 62 78 95 103 117 158 180 222 229 249 261 309 311 316 336 420 422 489 527 533 574 600 618 659 670 677 711 746 780 785 795 802 850 851 965 972 973 1007 1018 1036 1053 1079 1115 1132 1135 1169 1226 1245 1261 1299 1316 1364 1390 1396 1406 1442 1540 1542 1543 1548 1594 1602 1644 1721 1738 1828 1829 1926 1956 1958 1971 1999 2011 2027 2064 2087 2129 2170 2183 2205 2214 2256 2257 2343 2352 2398 2403 2412 2422 2482 2515 2574 2598 2629 2633 2670 2714 2725 2757 2775 2792 2831 2853 2861 2869 2884 2952 3024 3032 3092 3115 3128 3177 3193 3230 3238 3244 3273 3303 3326 3338 3349 3351 3425 3428 3506 3518 3528 3636 3638 3651 3699 3702 3712 3717 3722 3728 3794 3842 3870 3925 3934 3941 3951 3955 3960 3973 4008 4037 4042 4090 4099 4130 4187 4269 4287 4291 4294 4322 4338 4349 4373 4391 4435 4444 4463 4466 4470 4473 4481 4488 4505 4569 4575 4584 4614 4637 4638 4659 4679 4691 4695 4696 4750 4760 4763 4769 4770 4800 4806 4815 4816 4843 4854 4871 4887 4929 4930 4931 4932 4969 4987 5007 5010 5034 5098 5100 5104 5131 5135 5140 5170 5187 5194 5200 5216 5223 5231 5234 5243 5256 5280 5298 5333 5335 5353 5354 5378 5381 5399 5406 5442 5463 5472 5484 5525 5536 5541 5551 5557 5576 5579 5585 5605 5631 5638 5639 5641 5644 5646 5650 5651 5655 5659 5671
32 45 59 95 121 168 172 205 221 226 241 328 363 421 442 522 526 560 565 618 655 672 708 710 750 774 844 888 916 948 980 1032 1049 1088 1108 1110 1128 1181 1200 1202 1219 1222 1229 1248 1274 1290 1298 1334 1377 1394 1430 1433 1524 1546 1575 1589 1599 1750 1775 1926 1932 1936 1953 1957 1986 1992 1996 2003 2011 2040 2062 2083 2109 2112 2168 2175 2219 2228 2240 2310 2349 2371 2380 2409 2413 2452 2474 2557 2609 2662 2697 2724 2725 2746 2826 2828 2839 2852 2854 2869 2879 2905 2926 2952 2988 3010 3086 3091 3122 3156 3184 3213 3234 3269 3278 3317 3363 3384 3456 3465 3501 3548 3565 3636 3672 3695 3704 3710 3746 3838 3840 3850 3857 3928 3937 3948 3955 3975 3979 4005 4009 4036 4040 4121 4128 4268 4273 4275 4276 4349 4418 4430 4454 4457 4473 4481 4563 4569 4581 4625 4631 4660 4688 4724 4742 4766 4769 4774 4779 4804 4805 4835 4864 4872 4877 4887 4913 4914 4918 4919 4921 4964 4972 5032 5095 5103 5126 5129 5169 5192 5198 5209 5235 5238 5260 5266 5269 5293 5303 5320 5330 5334 5352 5373 5400 5432 5451 5459 5517 5524 5532 5551 5577 5614 5618 5627 5635 5638 5639 5642 5649 5655 5666 5670
19 28 52 113 164 186 205 209 224 225 286 346 392 420 482 511 515 523 556 609 625 682 697 749 761 780 834 878 898 911 942 957 981 1042 1083 1103 1128 1172 1208 1220 1247 1269 1287 1323 1362 1376 1392 1411 1434 1453 1483 1487 1506 1535 1566 1591 1746 1769 1905 1933 1936 1944 1980 1996 1997 2006 2024 2035 2045 2133 2168 2174 2175 2176 2237 2247 2260 2272 2299 2386 2400 2452 2463 2471 2517 2536 2552 2556 2567 2598 2600 2634 2658 2689 2703 2793 2815 2821 2829 2830 2848 2851 2852 2880 2901 2936 2996 3017 3032 3078 3094 3180 3205 3212 3231 3251 3277 3375 3379 3411 3431 3432 3491 3505 3591 3634 3664 3688 3695 3734 3759 3764 3816 3821 3836 3853 3862 3904 3907 3922 3964 3974 4005 4020 4115 4124 4158 4241 4248 4258 4268 4273 4280 4337 4344 4403 4416 4428 4453 4462 4468 4476 4510 4559 4560 4570 4616 4629 4636 4676 4682 4723 4766 4799 4809 4834 4852 4867 4874 4905 4910 4917 4947 4950 4970 4976 5008 5010 5072 5092 5098 5123 5156 5160 5165 5185 5195 5197 5199 5209 5225 5232 5248 5256 5277 5310 5311 5320 5326 5334 5338 5344 5373 5374 5381 5388 5436 5467 5468 5514 5523 5537 5547 5550 5562 5567 5576 5609 5610 5635 5636 5640 5667
5 17 20 106 188 191 198 206 224 331 412 458 482 492 501 515 517 522 581 607 628 664 666 749 754 833 874 894 921 926 950 1054 1084 1088 1101 1103 1117 1139 1197 1209 1212 1229 1230 1265 1276 1355 1366 1368 1390 1406 1426 1447 1449 1487 1488 1508 1559 1720 1754 1860 1880 1899 1924 1928 1935 1937 1961 1996 2023 2030 2033 2101 2139 2167 2169 2202 2226 2230 2275 2288 2320 2379 2382 2389 2451 2457 2474 2529 2540 2543 2581 2597 2598 2633 2651 2681 2682 2729 2806 2809 2812 2845 2846 2937 2967 3004 3046 3087 3092 3106 3170 3171 3177 3196 3206 3212 3269 3274 3280 3309 3374 3405 3430 3459 3486 3561 3592 3615 3617 3620 3630 3638 3651 3674 3684 3713 3744 3811 3825 3900 3901 3914 3930 3954 3967 3970 4001 4010 4015 4097 4137 4158 4192 4234 4235 4250 4254 4266 4275 4303 4343 4399 4411 4414 4427 4457 4463 4468 4496 4547 4553 4556 4560 4581 4594 4607 4616 4626 4635 4637 4653 4664 4713 4717 4721 4757 4770 4813 4832 4867 4894 4908 4909 4916 4949 4957 4958 4963 4998 5031 5053 5080 5088 5099 5100 5150 5160 5181 5190 5200 5209 5222 5223 5227 5248 5261 5283 5301 5312 5316 5327 5330 5334 5371 5377 5417 5436 5458 5501 5505 5544 5546 5550 5602 5610 5612 5627 5636 5638
50 92 102 111 189 224 299 318 433 444 459 494 514 516 555 559 635 641 737 739 781 842 853 856 865 886 907 939 1051 1061 1076 1090 1095 1141 1173 1208 1236 1246 1247 1252 1324 1348 1363 1365 1382 1387 1397 1406 1419 1457 1463 1553 1559 1671 1774 1784 1790 1847 1862 1910 1923 1927 1948 1982 1984 1989 2011 2017 2026 2031 2032 2081 2127 2139 2164 2175 2193 2255 2283 2305 2314 2420 2450 2456 2479 2521 2527 2583 2618 2651 2673 2675 2723 2763 2805 2835 2844 2845 2937 2944 2956 2987 3003 3010 3044 3052 3075 3161 3177 3211 3259 3284 3313 3335 3340 3374 3379 3428 3445 3466 3536 3611 3638 3666 3674 3698 3702 3729 3747 3803 3823 3824 3887 3890 3893 3947 3948 3979 4012 4065 4071 4081 4097 4098 4212 4228 4237 4239 4262 4263 4265 4283 4340 4341 4396 4398 4413 4422 4447 4498 4520 4543 4553 4574 4580 4584 4595 4610 4625 4626 4687 4693 4695 4702 4748 4756 4765 4806 4812 4813 4821 4850 4854 4859 4874 4891 4893 4895 4902 4915 4919 4938 4939 4946 4951 4977 5010 5021 5031 5062 5086 5087 5095 5101 5104 5136 5149 5161 5189 5197 5206 5212 5220 5257 5277 5287 5316 5323 5334 5364 5365 5379 5431 5440 5493 5503 5505 5508 5524 5546 5572 5600 5607 5636 5637
64 94 96 131 143 180 188 252 256 302 380 391 450 474 487 513 522 536 538 605 694 724 791 835 836 853 865 883 892 920 942 964 1009 1064 1075 1088 1095 1104 1160 1190 1204 1239 1313 1338 1354 1355 1356 1377 1390 1422 1447 1462 1463 1521 1615 1777 1827 1887 1915 1942 1948 1961 1984 2006 2016 2048 2131 2135 2140 2190 2201 2212 2270 2272 2278 2301 2304 2387 2434 2449 2492 2515 2561 2565 2568 2600 2604 2617 2618 2635 2653 2657 2716 2725 2734 2750 2760 2800 2803 2804 2827 2833 2885 2897 2917 2948 2966 3027 3043 3044 3107 3125 3158 3162 3170 3203 3204 3205 3255 3258 3260 3264 3304 3331 3368 3417 3425 3533 3598 3611 3651 3652 3664 3665 3672 3690 3716 3722 3775 3791 3796 3822 3848 3880 3893 3898 3918 3937 3941 3947 3958 3970 3971 4015 4097 4212 4213 4220 4228 4250 4253 4256 4262 4311 4334 4371 4394 4400 4406 4431 4442 4449 4541 4543 4572 4577 4601 4602 4615 4617 4621 4659 4684 4690 4718 4734 4745 4804 4809 4813 4826 4857 4867 4869 4870 4884 4904 4921 4927 4933 4969 5009 5061 5072 5073 5080 5095 5104 5119 5157 5163 5184 5196 5197 5198 5220 5246 5276 5277 5286 5293 5294 5303 5325 5333 5348 5357 5358 5430 5438 5485 5499 5512 5528 5533 5539 5562 5569 5593 5600 5611 5621 5625 5634 5637
56 81 94 108 150 178 182 234 298 384 443 473 474 530 535 604 674 718 779 818 827 842 858 864 889 935 981 982 992 1064 1066 1076 1083 1085 1122 1133 1155 1160 1179 1183 1239 1313 1325 1351 1355 1367 1374 1424 1440 1461 1462 1487 1573 1676 1755 1879 1886 1915 1936 1941 1948 1954 1977 2001 2002 2006 2020 2105 2126 2127 2134 2184 2224 2254 2291 2295 2419 2438 2440 2464 2478 2514 2556 2559 2591 2593 2597 2604 2629 2646 2716 2772 2798 2803 2820 2822 2831 2850 2872 2912 2929 2967 3044 3060 3075 3105 3143 3147 3155 3156 3169 3211 3237 3244 3250 3261 3300 3312 3357 3519 3524 3583 3595 3642 3655 3671 3698 3706 3770 3783 3806 3822 3876 3878 3879 3882 3912 3935 3955 3965 3968 4001 4017 4057 4068 4076 4109 4152 4212 4223 4238 4243 4255 4303 4319 4323 4326 4385 4427 4487 4498 4533 4544 4552 4566 4574 4600 4614 4618 4635 4654 4659 4661 4677 4688 4709 4710 4736 4740 4800 4811 4820 4836 4845 4848 4856 4869 4884 4918 4922 4930 4933 4956 5002 5003 5006 5027 5066 5076 5097 5147 5184 5190 5195 5196 5209 5231 5244 5256 5258 5267 5272 5275 5280 5291 5292 5300 5344 5356 5358 5388 5406 5416 5430 5434 5435 5484 5504 5506 5513 5539 5570 5593 5599 5609 5624 5626 5633
47 77 87 115 134 153 176 185 195 287 346 370 422 463 472 521 526 530 534 537 576 617 642 696 776 783 815 820 935 971 1007 1038 1052 1063 1074 1078 1105 1111 1152 1171 1226 1284 1310 1318 1328 1365 1414 1435 1467 1554 1585 1646 1699 1744 1847 1874 1881 1886 1902 1908 1934 1941 1946 1951 1970 1987 2005 2010 2076 2103 2124 2151 2222 2229 2292 2295 2312 2329 2409 2423 2434 2457 2468 2483 2515 2534 2552 2584 2591 2629 2638 2695 2704 2764 2776 2783 2786 2808 2820 2826 2843 2860 2911 2925 3020 3050 3101 3128 3143 3147 3160 3169 3209 3219 3227 3239 3259 3264 3287 3301 3355 3357 3385 3443 3461 3520 3574 3575 3592 3595 3631 3638 3647 3649 3654 3681 3698 3752 3802 3820 3836 3853 3875 3881 3913 3928 3936 3956 3990 4013 4044 4054 4135 4175 4206 4228 4230 4255 4286 4293 4379 4459 4467 4482 4487 4499 4529 4544 4545 4551 4557 4567 4578 4585 4594 4610 4612 4630 4673 4678 4696 4800 4812 4834 4837 4838 4850 4867 4873 4900 4907 4922 4943 4964 4977 5021 5035 5043 5059 5096 5113 5122 5123 5138 5168 5182 5190 5207 5229 5242 5270 5279 5281 5294 5300 5319 5323 5337 5379 5402 5430 5476 5506 5514 5520 5532 5535 5543 5568 5579 5590 5593 5619 5625
26 42 49 73 117 164 165 176 252 361 364 385 393 406 415 427 451 459 466 486 501 503 515 599 603 740 769 782 796 799 812 861 920 950 990 999 1060 1061 1064 1067 1074 1082 1084 1103 1156 1182 1199 1254 1314 1328 1332 1414 1420 1435 1446 1568 1608 1672 1695 1722 1842 1845 1864 1877 1879 1902 1906 1913 1933 1946 1966 1970 1977 1995 2001 2032 2073 2091 2115 2117 2144 2172 2192 2214 2237 2252 2266 2316 2369 2388 2422 2434 2438 2448 2505 2548 2556 2569 2580 2591 2613 2624 2625 2644 2678 2701 2760 2771 2785 2815 2829 2871 2874 2893 2934 3005 3015 3037 3070 3078 3119 3129 3146 3148 3150 3207 3216 3219 3220 3249 3255 3256 3276 3337 3342 3353 3370 3515 3534 3565 3570 3573 3585 3605 3626 3630 3644 3646 3654 3689 3698 3732 3740 3800 3849 3854 3873 3875 3920 3921 3929 3931 4028 4038 4042 4064 4141 4199 4204 4222 4227 4260 4263 4270 4364 4368 4375 4423 4458 4464 4475 4478 4496 4503 4529 4544 4547 4554 4580 4583 4584 4599 4621 4622 4668 4681 4764 4781 4797 4807 4821 4830 4831 4861 4895 4897 4909 4911 4969 5011 5012 5024 5029 5034 5058 5105 5113 5137 5148 5182 5204 5207 5223 5226 5231 5253 5268 5280 5322 5364 5376 5398 5409 5429 5433 5464 5485 5520 5530 5566 5568 5571 5580 5586 5597 5617
22 33 47 65 146 162 169 219 324 333 373 389 407 440 449 455 478 487 542 558 571 603 703 760 770 784 790 805 855 890 903 938 957 985 1005 1021 1030 1060 1062 1066 1068 1086 1114 1142 1211 1284 1295 1303 1327 1354 1390 1412 1415 1543 1579 1688 1780 1820 1840 1845 1870 1879 1880 1906 1912 1926 1957 1976 2027 2045 2085 2089 2099 2106 2115 2123 2179 2180 2210 2228 2237 2248 2309 2354 2362 2393 2405 2408 2419 2433 2473 2530 2549 2563 2567 2601 2661 2696 2721 2729 2751 2779 2784 2795 2807 2820 2826 2844 2853 2886 2905 3008 3061 3082 3118 3119 3139 3140 3199 3209 3211 3220 3241 3275 3306 3348 3379 3451 3493 3499 3552 3562 3567 3571 3583 3586 3614 3640 3644 3685 3689 3711 3751 3796 3839 3862 3867 3919 3999 4015 4033 4044 4115 4138 4141 4158 4175 4196 4198 4210 4217 4247 4255 4266 4346 4361 4362 4398 4418 4448 4464 4495 4511 4525 4543 4580 4581 4609 4658 4666 4676 4751 4770 4778 4806 4807 4837 4838 4843 4848 4861 4894 4903 4915 4979 4999 5004 5005 5043 5050 5054 5078 5095 5100 5120 5149 5175 5217 5220 5239 5265 5272 5309 5310 5343 5382 5419 5433 5454 5464 5478 5510 5521 5525 5548 5563 5567 5585 5586 5603
18 23 38 53 55 77 104 159 164 322 326 352 372 386 405 458 479 486 505 561 563 682 690 698 703 724 753 760 773 782 834 874 915 933 981 988 991 1006 1022 1036 1041 1052 1053 1056 1059 1102 1123 1134 1186 1246 1263 1272 1281 1302 1350 1366 1403 1404 1518 1542 1578 1612 1635 1643 1814 1820 1845 1848 1864 1865 1878 1906 1923 1924 1928 1950 1972 2062 2088 2097 2102 2172 2215 2237 2238 2263 2301 2343 2382 2390 2407 2421 2431 2469 2510 2512 2547 2563 2594 2634 2646 2654 2705 2739 2767 2782 2825 2833 2879 2998 3049 3053 3088 3100 3114 3118 3128 3156 3174 3186 3193 3196 3205 3236 3240 3302 3330 3403 3493 3496 3497 3552 3558 3564 3565 3583 3592 3613 3630 3637 3642 3663 3682 3685 3715 3758 3795 3818 3835 3855 3888 3912 3972 3980 4006 4021 4063 4121 4139 4178 4182 4189 4193 4217 4230 4237 4242 4304 4347 4356 4360 4406 4439 4454 4486 4494 4524 4533 4564 4579 4580 4594 4597 4604 4635 4651 4655 4665 4672 4697 4705 4753 4777 4812 4823 4827 4870 4877 4882 4887 4928 4970 4985 4992 5037 5040 5058 5089 5093 5107 5141 5155 5166 5174 5176 5203 5206 5214 5215 5222 5223 5239 5248 5255 5267 5281 5304 5330 5362 5395 5417 5419 5426 5439 5478 5482 5492 5510 5535 5555 5559 5568 5585
6 18 42 43 51 118 155 187 200 262 284 349 358 376 405 410 437 440 478 534 559 622 703 720 721 746 768 825 832 862 909 975 997 1025 1040 1052 1055 1097 1144 1170 1287 1302 1332 1342 1343 1376 1461 1466 1564 1627 1805 1809 1815 1845 1853 1861 1891 1902 1921 1950 1962 1965 2005 2048 2084 2140 2163 2188 2220 2236 2253 2313 2316 2341 2383 2407 2427 2448 2496 2552 2558 2575 2576 2590 2595 2608 2629 2653 2689 2702 2704 2706 2750 2780 2815 2873 2909 2929 2953 2979 2988 3040 3052 3084 3087 3106 3110 3126 3142 3180 3184 3186 3224 3391 3464 3495 3544 3555 3565 3583 3587 3590 3629 3631 3678 3680 3749 3793 3818 3822 3835 3849 3852 3856 3868 3875 3881 3956 4104 4131 4133 4174 4178 4189 4203 4217 4273 4275 4331 4335 4352 4392 4419 4441 4470 4478 4524 4542 4549 4553 4576 4577 4580 4604 4628 4632 4654 4663 4664 4694 4712 4723 4749 4764 4818 4861 4878 4887 4937 4952 4980 4996 5032 5049 5081 5093 5119 5131 5135 5137 5156 5162 5171 5172 5192 5194 5205 5216 5242 5258 5271 5303 5337 5357 5359 5373 5404 5409 5416 5417 5419 5440 5478 5479 5508 5523 5546 5554 5560 5564 5575
14 39 57 105 154 165 242 263 295 304 343 352 381 394 469 476 491 557 698 718 739 745 750 767 832 909 945 968 971 974 1012 1022 1031 1036 1043 1054 1086 1105 1120 1164 1221 1267 1273 1283 1284 1300 1336 1460 1480 1481 1730 1774 1792 1799 1833 1839 1841 1849 1882 1885 1920 1923 1933 1941 1942 1950 1958 2025 2028 2041 2060 2126 2129 2138 2144 2163 2169 2172 2173 2186 2240 2249 2282 2290 2319 2370 2391 2417 2482 2486 2500 2508 2532 2537 2544 2562 2585 2644 2689 2698 2702 2720 2747 2770 2771 2839 2853 2863 2895 2956 3031 3038 3039 3041 3071 3100 3110 3115 3159 3186 3188 3221 3467 3483 3488 3500 3523 3537 3541 3546 3549 3577 3629 3657 3688 3691 3747 3783 3804 3816 3854 3860 3872 3876 3931 3932 3933 3943 3967 3983 4118 4124 4132 4171 4172 4182 4195 4202 4205 4262 4266 4321 4348 4357 4440 4441 4452 4472 4508 4522 4523 4533 4550 4564 4577 4578 4583 4610 4629 4630 4633 4645 4652 4656 4678 4687 4696 4705 4735 4754 4759 4808 4815 4835 4857 4869 4872 4876 4887 4893 4915 4952 4954 4969 4973 5024 5085 5111 5113 5117 5122 5159 5164 5192 5210 5226 5228 5253 5258 5281 5297 5319 5330 5356 5397 5399 5406 5417 5436 5478 5545 5549 5554
3 4 18 36 70 77 116 151 239 287 365 383 385 406 678 683 697 715 717 728 733 790 863 915 943 963 970 998 1030 1036 1037 1045 1060 1074 1107 1166 1189 1244 1267 1275 1278 1294 1297 1328 1360 1429 1453 1534 1683 1693 1721 1757 1799 1816 1831 1847 1860 1876 1915 1945 2013 2016 2034 2112 2121 2125 2171 2199 2269 2280 2319 2347 2391 2415 2461 2466 2486 2528 2535 2539 2542 2559 2630 2672 2678 2685 2695 2710 2732 2762 2771 2810 2845 2860 2922 2984 3026 3037 3039 3069 3097 3104 3133 3152 3171 3186 3433 3451 3473 3476 3479 3511 3536 3543 3548 3622 3652 3668 3717 3746 3758 3787 3809 3811 3875 3905 4095 4118 4154 4156 4160 4170 4176 4180 4182 4198 4214 4259 4319 4324 4342 4350 4415 4437 4445 4460 4482 4521 4555 4564 4571 4588 4608 4610 4626 4642 4663 4675 4700 4749 4779 4789 4801 4814 4831 4853 4859 4869 4899 4919 4944 4963 4975 5022 5060 5062 5071 5114 5121 5124 5132 5157 5163 5167 5187 5204 5209 5235 5240 5251 5253 5270 5273 5274 5275 5294 5317 5347 5351 5377 5386 5393 5397 5398 5408 5428 5433 5439 5516 5521 5543 5545 5554
29 44 45 85 102 148 181 209 222 283 297 362 378 385 390 426 636 641 682 683 691 698 708 763 767 787 813 851 860 862 866 873 905 935 951 971 994 1008 1019 1033 1034 1114 1162 1213 1236 1242 1259 1260 1264 1274 1275 1392 1409 1411 1428 1650 1682 1726 1748 1762 1766 1779 1787 1801 1821 1831 1833 1838 1870 1905 1908 1913 1934 1939 1942 2007 2031 2094 2105 2120 2135 2159 2189 2198 2255 2273 2279 2291 2304 2306 2329 2344 2393 2414 2447 2462 2519 2522 2541 2558 2594 2612 2634 2647 2658 2669 2671 2732 2757 2804 2844 2858 2871 2906 3005 3023 3025 3057 3088 3103 3121 3151 3152 3306 3372 3407 3447 3467 3482 3501 3536 3606 3613 3619 3651 3714 3727 3758 3792 3798 3807 3873 3896 4020 4048 4058 4077 4104 4128 4133 4150 4158 4159 4192 4229 4255 4297 4317 4324 4325 4390 4410 4412 4413 4416 4443 4465 4501 4504 4514 4516 4531 4550 4561 4601 4606 4609 4641 4659 4666 4687 4696 4729 4774 4776 4789 4804 4807 4809 4831 4839 4868 4911 4923 4926 4928 4929 4956 4989 5014 5031 5060 5062 5101 5114 5125 5150 5158 5178 5183 5204 5212 5231 5248 5251 5290 5317 5343 5370 5381 5389 5397 5432 5435 5437 5520 5532 5537 5538
25 52 102 128 171 185 186 190 240 327 350 354 472 607 608 669 672 701 721 741 743 767 878 884 887 940 971 979 994 1002 1005 1016 1024 1029 1049 1096 1154 1190 1196 1205 1260 1269 1352 1356 1369 1395 1487 1527 1558 1577 1586 1604 1626 1628 1673 1693 1705 1723 1759 1768 1790 1827 1830 1841 1853 1859 1862 1882 1901 1909 1920 1936 1997 2003 2017 2028 2053 2062 2086 2122 2148 2149 2189 2214 2226 2230 2238 2296 2323 2392 2411 2443 2499 2505 2507 2532 2537 2555 2575 2580 2612 2657 2665 2726 2775 2794 2802 2848 2849 2855 2879 2973 3006 3009 3019 3021 3075 3084 3114 3150 3287 3298 3303 3329 3345 3414 3455 3497 3515 3528 3587 3591 3598 3607 3612 3617 3706 3714 3724 3742 3757 3758 3771 3804 3873 3877 3951 4012 4015 4016 4068 4110 4114 4117 4131 4132 4158 4181 4221 4244 4267 4291 4299 4316 4333 4402 4413 4414 4416 4467 4482 4484 4496 4500 4511 4530 4548 4549 4598 4604 4627 4641 4645 4662 4686 4692 4696 4702 4707 4766 4768 4780 4795 4806 4819 4822 4837 4879 4899 4920 4975 4995 5009 5037 5070 5093 5106 5144 5145 5148 5168 5191 5200 5202 5214 5237 5246 5250 5290 5296 5304 5314 5361 5397 5415 5421 5426 5429 5451 5488 5490 5532 5538
12 22 53 124 126 163 181 184 249 289 290 337 440 513 553 602 667 675 696 733 737 866 872 896 931 944 960 969 974 988 997 1020 1040 1093 1113 1161 1165 1192 1199 1252 1259 1263 1353 1363 1393 1483 1548 1596 1611 1624 1660 1676 1690 1751 1779 1780 1813 1825 1844 1854 1872 1877 1888 1901 1912 1913 1916 1932 1952 1983 1998 2014 2017 2051 2082 2110 2138 2145 2177 2202 2210 2227 2290 2293 2345 2384 2385 2405 2440 2483 2494 2508 2523 2534 2545 2566 2586 2596 2623 2629 2650 2665 2720 2721 2766 2835 2902 2927 2936 2970 3012 3014 3045 3073 3082 3090 3094 3119 3147 3237 3255 3259 3328 3405 3407 3419 3432 3469 3506 3512 3518 3519 3576 3580 3581 3594 3672 3690 3702 3719 3744 3761 3769 3786 3838 3840 3848 3853 3860 3865 3995 4051 4057 4068 4125 4128 4131 4132 4148 4157 4210 4248 4285 4296 4306 4322 4325 4348 4380 4400 4436 4440 4459 4492 4499 4508 4513 4537 4538 4562 4567 4583 4592 4598 4602 4623 4633 4638 4648 4663 4675 4691 4695 4763 4807 4814 4829 4831 4835 4852 4873 4877 4890 4913 4950 4963 4966 5004 5009 5062 5067 5088 5096 5103 5105 5126 5143 5144 5156 5159 5176 5191 5205 5208 5245 5271 5286 5339 5354 5357 5374 5395 5406 5422 5425 5439 5465 5467 5475 5495 5526
4 9 36 118 131 147 168 208 281 290 300 330 365 387 424 431 539 543 654 664 666 674 709 859 863 868 885 960 973 988 996 1005 1019 1102 1156 1172 1230 1248 1258 1300 1457 1469 1500 1547 1552 1556 1582 1606 1628 1646 1676 1683 1729 1741 1767 1802 1809 1813 1820 1833 1874 1882 1884 1896 1911 1915 1969 1987 2001 2064 2088 2123 2175 2199 2209 2280 2293 2382 2385 2434 2456 2475 2482 2491 2503 2523 2530 2567 2575 2604 2605 2619 2639 2647 2677 2701 2702 2735 2757 2758 2824 2838 2853 2891 2905 2929 2939 2943 2960 2966 3012 3049 3058 3065 3068 3072 3075 3106 3135 3191 3234 3254 3305 3372 3389 3414 3417 3454 3481 3491 3571 3573 3585 3645 3670 3676 3687 3693 3698 3723 3736 3759 3769 3825 3848 3857 3981 3987 3989 3991 4005 4010 4047 4051 4096 4097 4103 4110 4147 4161 4209 4243 4285 4300 4301 4322 4342 4370 4391 4398 4422 4432 4455 4478 4493 4499 4504 4506 4522 4524 4537 4555 4565 4590 4595 4621 4628 4632 4673 4698 4750 4760 4763 4774 4807 4810 4827 4834 4844 4907 4941 4958 4962 4991 5004 5051 5070 5073 5076 5091 5093 5105 5111 5138 5149 5159 5181 5196 5202 5209 5237 5241 5256 5314 5316 5347 5364 5365 5373 5394 5402 5409 5420 5425 5460 5473 5491 5493
18 23 87 105 107 113 183 258 261 280 282 323 324 367 541 577 614 626 646 648 663 677 833 847 862 869 898 902 953 955 964 984 988 996 1001 1058 1103 1106 1155 1159 1171 1215 1218 1225 1245 1247 1248 1253 1276 1338 1452 1486 1492 1512 1541 1546 1597 1627 1643 1649 1654 1671 1682 1694 1757 1805 1808 1811 1866 1870 1880 1895 1905 1930 1951 1954 1962 1969 1989 2061 2088 2173 2191 2209 2252 2276 2367 2376 2385 2453 2454 2455 2486 2499 2515 2521 2523 2559 2593 2596 2631 2636 2673 2674 2682 2686 2817 2838 2888 2930 2958 2977 2991 2992 2996 3041 3049 3062 3063 3070 3099 3127 3228 3229 3247 3286 3366 3372 3427 3460 3486 3520 3548 3565 3572 3573 3578 3641 3676 3688 3751 3768 3819 3839 3966 3982 4002 4044 4066 4101 4106 4138 4140 4146 4194 4235 4266 4280 4290 4296 4308 4333 4342 4343 4347 4389 4402 4406 4430 4453 4466 4495 4502 4522 4528 4532 4540 4550 4572 4590 4591 4596 4604 4620 4638 4643 4663 4747 4753 4778 4810 4813 4827 4844 4862 4891 4899 4932 4944 4969 5001 5006 5048 5081 5082 5093 5094 5114 5120 5133 5138 5147 5152 5158 5166 5184 5189 5209 5213 5227 5239 5301 5308 5344 5370 5400 5401 5424 5457 5467 5481
12 74 79 85 104 246 271 273 303 308 370 450 528 536 545 600 642 660 689 725 836 847 859 890 932 952 976 977 978 985 990 1033 1050 1054 1080 1093 1147 1210 1215 1224 1229 1250 1253 1310 1330 1435 1488 1507 1536 1537 1612 1618 1647 1664 1682 1739 1743 1751 1773 1786 1792 1809 1810 1816 1862 1874 1883 1887 1900 1903 1924 1943 2056 2085 2167 2170 2179 2200 2273 2342 2376 2377 2412 2447 2452 2459 2465 2483 2485 2496 2499 2507 2534 2572 2583 2599 2628 2634 2664 2668 2675 2686 2763 2790 2801 2865 2868 2869 2873 2900 2932 2983 2988 2992 3008 3025 3054 3061 3094 3222 3230 3276 3343 3370 3385 3434 3435 3519 3526 3539 3553 3554 3558 3633 3647 3673 3674 3684 3715 3750 3763 3779 3807 3818 3844 3878 3960 3974 4015 4045 4052 4053 4062 4066 4086 4092 4125 4144 4177 4178 4203 4221 4226 4238 4240 4278 4342 4343 4359 4389 4401 4408 4445 4459 4465 4490 4507 4508 4517 4524 4540 4573 4583 4621 4643 4656 4702 4731 4742 4753 4771 4799 4815 4822 4843 4852 4872 4874 4879 4885 4897 4903 4916 4969 4986 5026 5061 5075 5077 5094 5120 5132 5133 5138 5140 5150 5156 5160 5175 5192 5209 5223 5286 5297 5301 5323 5342 5349 5364 5366 5382 5393 5412 5415 5453 5474 5480 5481
38 43 56 71 99 135 254 265 267 268 291 297 585 614 626 641 643 704 771 799 834 927 931 940 975 976 985 1033 1068 1092 1120 1193 1208 1292 1426 1453 1500 1506 1555 1605 1626 1642 1644 1648 1671 1695 1718 1734 1743 1761 1770 1774 1787 1804 1810 1821 1862 1873 1902 1943 2052 2071 2124 2133 2141 2142 2169 2170 2264 2334 2353 2369 2447 2458 2475 2507 2533 2569 2599 2600 2634 2639 2641 2664 2674 2730 2777 2811 2860 2872 2918 2962 2964 2983 2997 3022 3043 3049 3059 3073 3167 3175 3177 3214 3229 3257 3267 3343 3379 3428 3431 3456 3484 3525 3532 3534 3604 3650 3663 3670 3693 3707 3718 3735 3741 3771 3877 3921 3936 3943 3958 3997 4006 4025 4057 4078 4082 4085 4090 4092 4106 4122 4144 4154 4182 4223 4227 4244 4297 4308 4338 4339 4386 4389 4443 4465 4488 4490 4501 4503 4530 4531 4532 4536 4543 4583 4606 4614 4616 4626 4643 4724 4728 4729 4737 4749 4762 4798 4804 4805 4818 4849 4855 4884 4886 4910 4912 4968 4985 5005 5013 5014 5032 5059 5086 5103 5121 5124 5136 5147 5149 5165 5215 5280 5282 5320 5337 5339 5384 5388 5406 5412 5424 5443 5466 5469
53 55 63 89 243 253 258 260 264 274 295 501 539 556 562 580 607 617 629 700 826 833 921 928 938 967 971 981 990 1007 1090 1110 1186 1196 1281 1309 1372 1388 1391 1455 1479 1500 1528 1532 1560 1586 1597 1634 1639 1650 1675 1680 1723 1781 1810 1830 1834 1865 1870 1882 1896 1907 1920 1976 2019 2034 2084 2168 2233 2262 2332 2345 2365 2403 2433 2445 2447 2448 2454 2463 2473 2493 2506 2557 2564 2581 2595 2602 2616 2627 2644 2734 2792 2849 2860 2894 2895 2913 2914 2933 2971 2972 3005 3017 3026 3041 3094 3175 3193 3194 3224 3248 3341 3369 3410 3427 3437 3444 3504 3517 3518 3524 3584 3591 3646 3650 3653 3717 3760 3814 3836 3884 3930 3957 4004 4016 4018 4037 4086 4090 4094 4101 4113 4114 4120 4142 4152 4181 4185 4221 4235 4286 4295 4321 4343 4359 4363 4365 4390 4411 4433 4442 4479 4484 4489 4490 4494 4496 4503 4528 4574 4602 4609 4611 4638 4641 4709 4717 4726 4727 4731 4753 4779 4784 4788 4804 4808 4845 4855 4875 4885 4958 4963 4972 4982 5002 5018 5035 5057 5075 5098 5117 5129 5136 5147 5162 5266 5268 5277 5279 5286 5319 5333 5342 5366 5386 5403 5405 5408 5430 5446 5463 5465
53 84 213 218 222 245 249 263 290 331 486 539 555 592 626 671 686 780 814 825 827 902 914 921 938 942 964 983 1090 1100 1140 1150 1191 1237 1275 1316 1378 1403 1460 1486 1496 1510 1514 1517 1630 1639 1675 1703 1704 1727 1747 1756 1762 1794 1832 1856 1858 1861 1863 1902 1903 1910 1942 1964 1980 2013 2032 2066 2096 2164 2166 2231 2257 2314 2317 2331 2349 2357 2385 2392 2423 2436 2439 2441 2494 2505 2553 2564 2592 2596 2599 2621 2623 2635 2685 2704 2788 2808 2881 2882 2907 2963 2965 3015 3039 3044 3080 3109 3122 3153 3190 3209 3211 3237 3253 3304 3348 3365 3377 3425 3426 3443 3490 3501 3505 3515 3574 3581 3615 3637 3642 3666 3709 3750 3780 3785 3867 3928 3938 3940 3957 4010 4016 4034 4036 4054 4087 4091 4113 4126 4143 4147 4177 4216 4226 4229 4261 4265 4314 4337 4339 4350 4359 4363 4401 4433 4451 4458 4468 4470 4478 4483 4487 4494 4525 4562 4592 4607 4624 4633 4716 4727 4748 4782 4783 4789 4808 4812 4814 4837 4847 4948 4954 4956 4986 4994 5002 5003 5033 5044 5062 5104 5113 5118 5123 5126 5127 5129 5130 5133 5135 5144 5149 5151 5201 5221 5245 5257 5270 5274 5277 5283 5299 5317 5324 5336 5339 5361 5405 5409 5426 5445
25 33 51 53 79 176 185 202 228 258 290 348 482 544 546 550 562 589 600 624 655 656 719 734 800 804 823 847 867 889 891 895 896 898 912 917 923 945 959 1003 1027 1034 1035 1079 1110 1116 1130 1141 1188 1189 1226 1266 1273 1337 1351 1377 1430 1437 1447 1511 1628 1629 1659 1698 1722 1744 1788 1828 1849 1855 1896 1900 1919 1944 1955 1958 2012 2016 2041 2056 2062 2144 2211 2229 2231 2232 2312 2337 2343 2344 2419 2432 2434 2457 2461 2467 2550 2552 2566 2586 2589 2591 2604 2616 2635 2694 2755 2773 2790 2829 2863 2879 2946 2963 2998 3013 3028 3037 3094 3152 3190 3194 3195 3200 3206 3265 3276 3344 3392 3423 3428 3462 3504 3508 3517 3533 3549 3574 3579 3583 3615 3619 3622 3643 3670 3679 3702 3709 3767 3768 3804 3883 3896 3915 3923 3937 3942 3953 3967 4002 4013 4019 4025 4032 4069 4087 4108 4116 4130 4142 4147 4156 4206 4210 4216 4246 4306 4317 4348 4350 4408 4447 4463 4481 4487 4493 4520 4524 4525 4540 4556 4563 4620 4628 4705 4711 4721 4729 4735 4748 4768 4774 4778 4780 4798 4803 4805 4811 4834 4872 4952 4990 5000 5008 5010 5030 5038 5051 5060 5063 5065 5102 5111 5116 5117 5119 5125 5132 5137 5161 5211 5227 5247 5267 5269 5275 5300 5313 5323 5327 5332 5351 5393 5405 5410 5421 5426 5434 5441
7 15 32 72 85 169 184 204 228 240 275 362 539 558 579 646 673 710 749 784 794 804 821 823 858 874 886 901 913 928 930 951 953 1000 1017 1026 1064 1073 1129 1180 1238 1240 1347 1369 1435 1497 1546 1621 1632 1640 1646 1657 1658 1667 1687 1691 1692 1739 1774 1785 1821 1828 1849 1851 1864 1889 1937 1943 1951 1997 2053 2110 2149 2190 2288 2306 2312 2339 2340 2351 2361 2400 2402 2407 2434 2455 2528 2547 2550 2579 2585 2586 2611 2664 2754 2767 2775 2777 2788 2857 2860 2937 2946 2955 2961 2969 3004 3007 3039 3094 3165 3199 3212 3330 3337 3359 3408 3423 3450 3503 3505 3529 3546 3571 3580 3604 3613 3616 3639 3643 3673 3682 3684 3700 3767 3780 3795 3840 3841 3893 3910 3911 3933 3934 3953 3973 4002 4006 4007 4066 4067 4082 4099 4106 4121 4199 4213 4219 4240 4261 4299 4308 4335 4337 4348 4401 4408 4423 4454 4459 4472 4474 4481 4482 4487 4489 4498 4502 4525 4543 4553 4556 4592 4625 4681 4691 4694 4710 4742 4749 4764 4772 4799 4810 4828 4859 4873 4893 4936 4943 4945 4962 5003 5025 5030 5045 5054 5065 5097 5103 5114 5115 5118 5121 5122 5134 5149 5209 5252 5260 5262 5281 5291 5304 5321 5351 5375 5389 5421
6 132 152 155 161 226 230 378 527 538 546 599 615 621 712 736 787 814 843 845 874 882 938 975 1000 1066 1082 1109 1128 1144 1147 1153 1159 1160 1170 1173 1203 1290 1301 1335 1428 1579 1589 1600 1619 1647 1654 1663 1691 1727 1738 1767 1784 1815 1817 1826 1838 1845 1855 1898 1933 1948 1963 1993 1995 2037 2055 2082 2114 2167 2249 2259 2266 2277 2296 2304 2313 2326 2336 2373 2376 2402 2420 2494 2518 2520 2527 2561 2568 2571 2585 2655 2722 2726 2742 2761 2766 2808 2856 2924 2944 2946 2960 2967 2973 2985 2994 3001 3043 3133 3142 3160 3208 3307 3322 3335 3336 3358 3393 3415 3417 3463 3494 3501 3527 3534 3543 3575 3595 3602 3610 3637 3682 3741 3757 3830 3837 3887 3890 3899 3949 4002 4005 4036 4041 4065 4089 4104 4115 4168 4170 4172 4181 4208 4237 4272 4297 4299 4325 4328 4340 4344 4388 4403 4450 4456 4457 4460 4477 4485 4492 4508 4552 4558 4648 4697 4703 4707 4715 4717 4736 4737 4754 4770 4789 4814 4839 4855 4884 4914 4919 4920 4937 4944 4949 4972 4987 5030 5038 5040 5054 5057 5065 5093 5094 5113 5115 5119 5120 5131 5201 5222 5240 5250 5271 5284 5285 5302 5314 5328 5358 5380 5389 5397 5411
3 42 83 99 133 145 182 190 201 202 440 522 527 558 597 612 640 695 699 786 797 809 816 836 841 852 865 878 884 932 943 991 994 1011 1025 1041 1063 1117 1119 1129 1136 1155 1176 1182 1192 1203 1283 1307 1321 1399 1416 1573 1617 1625 1635 1637 1638 1650 1682 1729 1741 1742 1768 1783 1789 1799 1801 1830 1832 1845 1871 1919 1951 1962 1969 1993 2003 2011 2027 2046 2065 2075 2104 2136 2207 2224 2245 2255 2260 2273 2295 2296 2329 2370 2382 2387 2393 2407 2474 2506 2514 2517 2555 2560 2563 2568 2612 2668 2715 2739 2797 2846 2892 2909 2938 2954 2965 2970 2987 2996 3012 3032 3123 3127 3131 3175 3267 3320 3324 3336 3355 3389 3405 3413 3415 3417 3431 3476 3494 3511 3564 3570 3584 3608 3681 3707 3752 3807 3820 3863 3884 3902 3925 3929 3975 3980 4004 4028 4050 4085 4092 4108 4146 4179 4202 4229 4231 4257 4292 4302 4320 4356 4375 4383 4394 4402 4444 4453 4457 4464 4489 4528 4542 4548 4567 4588 4605 4640 4646 4701 4728 4736 4788 4804 4837 4879 4899 4912 4934 4968 5016 5017 5025 5033 5034 5038 5041 5048 5056 5060 5073 5074 5078 5086 5098 5115 5118 5164 5197 5222 5230 5236 5245 5280 5296 5301 5316 5356 5359 5377 5390 5407
62 72 83 116 121 128 187 197 201 265 427 479 492 519 574 589 627 628 653 688 755 783 791 798 809 812 840 857 877 881 922 931 967 1006 1024 1063 1108 1110 1111 1127 1148 1174 1226 1278 1286 1310 1348 1354 1369 1399 1528 1548 1555 1563 1574 1581 1620 1632 1654 1673 1678 1718 1721 1725 1767 1780 1789 1826 1830 1841 1844 1902 1938 1952 1982 1986 2025 2062 2063 2116 2135 2224 2250 2251 2254 2275 2279 2283 2294 2334 2343 2351 2360 2366 2381 2415 2450 2473 2498 2509 2543 2544 2559 2565 2572 2609 2659 2676 2714 2732 2748 2797 2831 2839 2879 2891 2893 2926 2954 2971 3001 3004 3028 3064 3121 3128 3134 3239 3243 3320 3339 3401 3414 3430 3465 3492 3508 3543 3546 3547 3562 3599 3704 3705 3775 3803 3816 3832 3837 3845 3879 3899 3911 3920 3934 3970 3988 4004 4019 4031 4035 4038 4045 4050 4078 4081 4085 4093 4104 4111 4120 4121 4130 4188 4203 4229 4255 4262 4281 4300 4304 4371 4378 4392 4402 4426 4432 4438 4441 4453 4455 4462 4519 4533 4547 4554 4571 4647 4680 4692 4694 4697 4711 4714 4717 4719 4723 4735 4745 4770 4784 4793 4800 4841 4873 4886 4896 4907 4917 4941 4999 5030 5032 5056 5073 5086 5105 5115 5162 5180 5188 5191 5216 5218 5233 5238 5269 5284 5299 5301 5305 5329 5363 5385
49 57 61 121 146 181 199 212 279 372 396 446 472 488 509 576 591 602 652 657 782 792 850 852 853 856 858 884 886 897 914 950 1064 1070 1081 1085 1091 1104 1125 1126 1270 1273 1359 1366 1487 1489 1507 1529 1551 1572 1620 1658 1661 1705 1718 1720 1764 1801 1819 1823 1824 1836 1865 1876 1884 1972 1976 2013 2029 2057 2109 2120 2129 2139 2169 2241 2279 2282 2286 2331 2347 2364 2366 2379 2380 2408 2432 2477 2484 2536 2544 2551 2555 2598 2636 2640 2662 2666 2709 2719 2818 2834 2856 2868 2872 2875 2901 2954 2964 2983 3028 3085 3089 3123 3127 3149 3207 3243 3270 3298 3316 3387 3395 3399 3418 3429 3464 3473 3479 3483 3545 3555 3563 3594 3639 3651 3747 3788 3795 3828 3849 3876 3900 3903 3920 3944 3950 3961 3971 3997 4019 4024 4028 4035 4070 4081 4082 4087 4088 4093 4102 4116 4167 4188 4196 4207 4222 4234 4242 4299 4344 4359 4373 4377 4389 4399 4420 4421 4427 4453 4458 4461 4507 4531 4567 4573 4646 4679 4689 4690 4707 4713 4727 4731 4769 4781 4795 4833 4873 4880 4905 4907 4923 4927 4952 4974 5029 5048 5072 5081 5099 5105 5112 5145 5156 5167 5178 5180 5192 5211 5234 5264 5269 5293 5298 5303 5346 5356
20 65 105 163 178 392 396 402 418 446 447 459 479 566 582 621 642 650 729 752 758 760 774 782 849 878 897 898 931 999 1002 1039 1059 1090 1092 1096 1214 1238 1251 1254 1263 1352 1480 1513 1518 1532 1608 1610 1613 1616 1620 1659 1693 1718 1762 1764 1771 1820 1834 1865 1894 1971 2004 2067 2092 2101 2197 2214 2222 2230 2275 2321 2336 2359 2364 2371 2373 2392 2407 2410 2490 2520 2554 2557 2579 2597 2608 2659 2682 2687 2793 2807 2857 2860 2877 2909 2947 3019 3077 3105 3116 3123 3127 3165 3178 3221 3264 3265 3296 3316 3346 3380 3395 3409 3414 3450 3471 3472 3473 3477 3531 3543 3553 3570 3587 3651 3741 3783 3812 3825 3836 3890 3896 3900 3916 3920 3941 3949 3956 3970 3994 4013 4023 4024 4031 4078 4080 4091 4094 4163 4168 4206 4223 4287 4340 4359 4361 4388 4406 4417 4419 4441 4448 4453 4502 4503 4506 4520 4570 4612 4663 4670 4679 4682 4685 4689 4693 4718 4727 4752 4762 4765 4766 4772 4840 4842 4869 4902 4923 4924 4952 4990 5010 5020 5033 5035 5044 5066 5072 5082 5105 5109 5153 5183 5184 5233 5236 5286 5291 5293 5313
2 56 101 104 138 160 198 286 355 388 389 428 440 458 475 556 557 594 610 652 743 752 765 773 776 779 802 838 846 849 876 897 910 974 1023 1090 1095 1144 1252 1262 1385 1397 1427 1463 1512 1557 1570 1588 1590 1612 1636 1657 1753 1762 1764 1766 1803 1830 1844 1848 1863 1942 1944 1957 1968 2048 2060 2083 2173 2201 2216 2231 2259 2275 2288 2332 2348 2354 2361 2369 2407 2410 2461 2465 2512 2526 2554 2556 2623 2627 2657 2726 2742 2762 2795 2854 2855 2871 2896 2939 2941 2945 3001 3044 3067 3116 3123 3162 3181 3218 3255 3260 3285 3336 3343 3344 3384 3392 3406 3428 3441 3462 3474 3508 3519 3522 3525 3550 3731 3739 3768 3787 3796 3815 3818 3836 3865 3891 3893 3894 3924 3934 3956 3990 3997 4003 4017 4048 4066 4079 4088 4111 4157 4197 4202 4219 4255 4330 4331 4358 4366 4383 4409 4419 4425 4448 4505 4517 4521 4532 4616 4628 4679 4685 4689 4703 4725 4730 4762 4766 4779 4805 4846 4893 4912 4948 4998 5007 5009 5014 5018 5029 5065 5066 5068 5070 5098 5102 5107 5131 5136 5153 5211 5213 5229 5265 5284 5286 5302 5307 5311
93 123 281 333 341 348 371 373 387 413 435 437 457 508 511 542 598 605 668 721 737 749 752 760 767 835 840 846 851 876 894 932 985 1002 1003 1072 1076 1135 1140 1194 1247 1283 1316 1437 1438 1440 1467 1471 1506 1512 1546 1581 1590 1612 1646 1647 1666 1733 1740 1751 1788 1810 1825 1831 1854 1891 1900 1949 1963 1999 2002 2020 2031 2048 2087 2105 2170 2175 2181 2211 2225 2270 2273 2316 2326 2357 2359 2362 2376 2404 2446 2497 2500 2508 2526 2550 2557 2643 2651 2722 2747 2786 2854 2917 2920 2927 2936 2960 2971 3028 3062 3078 3084 3105 3115 3162 3231 3245 3267 3311 3349 3350 3378 3387 3389 3402 3404 3406 3407 3461 3472 3517 3534 3546 3549 3697 3698 3731 3752 3782 3787 3812 3825 3867 3871 3884 3908 3922 3927 3943 3961 3971 3979 3980 3992 3996 4000 4001 4028 4053 4065 4072 4086 4093 4113 4142 4160 4190 4199 4200 4217 4218 4228 4289 4320 4355 4358 4374 4393 4410 4417 4446 4463 4488 4489 4493 4505 4562 4588 4613 4632 4644 4673 4675 4679 4705 4708 4713 4725 4740 4741 4746 4763 4791 4821 4891 4909 4911 4917 4946 4959 4977 4989 5013 5031 5056 5088 5091 5102 5122 5213 5222 5223 5233 5261 5283 5285 5299 5306
15 79 90 120 247 249 330 333 392 410 434 481 498 582 642 679 696 701 744 747 760 795 814 833 835 928 936 981 1026 1064 1071 1117 1132 1196 1286 1377 1401 1418 1423 1445 1499 1504 1563 1572 1581 1599 1612 1639 1689 1726 1729 1748 1774 1822 1823 1862 1880 1914 1934 1951 1954 1994 2001 2056 2084 2140 2183 2205 2210 2214 2227 2237 2271 2295 2316 2325 2326 2342 2355 2368 2427 2431 2455 2498 2505 2520 2536 2614 2622 2637 2695 2756 2783 2822 2829 2868 2876 2884 2896 2915 2917 2930 2936 2966 2995 3012 3035 3104 3120 3205 3229 3242 3263 3303 3329 3344 3367 3397 3403 3406 3438 3449 3467 3493 3495 3500 3543 3622 3633 3701 3726 3728 3738 3740 3784 3797 3824 3869 3901 3911 3912 3931 3934 3974 3995 4017 4023 4027 4069 4071 4078 4108 4122 4165 4182 4187 4199 4219 4246 4255 4320 4337 4355 4387 4393 4407 4411 4456 4488 4546 4589 4614 4621 4651 4657 4673 4697 4719 4736 4737 4757 4761 4792 4803 4817 4888 4899 4911 4929 4974 4980 4991 5007 5012 5013 5015 5055 5063 5075 5078 5084 5097 5186 5189 5235 5250 5271 5278 5282 5290
7 8 12 36 78 118 303 321 325 327 352 399 400 409 418 460 461 467 488 534 581 637 647 664 688 718 735 739 744 745 786 811 815 824 825 833 877 892 952 959 978 1046 1063 1066 1068 1109 1116 1127 1133 1140 1167 1173 1252 1280 1401 1411 1489 1498 1556 1563 1571 1572 1601 1636 1687 1697 1718 1729 1737 1738 1758 1819 1822 1828 1831 1895 1941 1944 1948 1993 2044 2053 2075 2116 2133 2182 2197 2210 2266 2269 2301 2320 2325 2341 2355 2362 2380 2428 2465 2479 2505 2519 2529 2608 2659 2741 2795 2804 2824 2846 2861 2880 2908 2927 2935 2969 3010 3011 3022 3040 3093 3103 3124 3183 3219 3242 3293 3297 3332 3340 3366 3370 3390 3448 3449 3465 3482 3483 3493 3497 3508 3540 3628 3687 3700 3711 3734 3737 3747 3772 3781 3783 3795 3830 3864 3890 3896 3901 3908 3925 3947 3964 3975 3977 3985 4014 4039 4064 4115 4141 4143 4169 4178 4181 4196 4206 4240 4300 4327 4334 4350 4351 4353 4383 4385 4389 4407 4408 4451 4481 4482 4485 4498 4572 4581 4583 4599 4619 4620 4627 4638 4642 4655 4673 4680 4695 4709 4715 4717 4737 4739 4744 4752 4781 4817 4827 4871 4880 4902 4918 4962 4965 4967 4989 5004 5007 5054 5055 5056 5084 5085 5088 5173 5186 5189 5204 5240 5249 5269
55 112 202 226 279 323 350 392 445 553 611 635 644 660 707 715 720 731 733 748 781 803 826 829 848 850 863 930 943 964 1045 1077 1104 1163 1250 1256 1334 1347 1350 1367 1374 1481 1490 1529 1530 1543 1548 1552 1571 1574 1604 1634 1670 1679 1700 1725 1733 1758 1819 1822 1826 1871 1873 1877 1918 1936 1948 1998 2033 2106 2147 2181 2188 2209 2256 2291 2314 2315 2318 2330 2338 2342 2349 2426 2496 2551 2577 2580 2599 2616 2706 2711 2714 2762 2792 2810 2811 2817 2820 2823 2826 2872 2881 2924 2925 2947 2951 2977 2994 3021 3073 3090 3115 3146 3156 3180 3188 3215 3241 3267 3288 3323 3325 3326 3331 3384 3390 3434 3436 3445 3448 3472 3477 3482 3490 3504 3528 3625 3684 3696 3727 3751 3770 3829 3837 3859 3876 3895 3916 3934 3958 3964 4002 4047 4095 4158 4165 4169 4181 4188 4214 4269 4306 4328 4334 4348 4352 4354 4365 4376 4380 4389 4403 4406 4410 4423 4463 4472 4475 4492 4531 4555 4564 4572 4611 4617 4643 4670 4672 4694 4710 4715 4738 4739 4757 4791 4803 4854 4872 4894 4908 4929 4940 4973 4988 5002 5003 5031 5039 5044 5052 5054 5080 5084 5108 5138 5148 5164 5175 5195 5211 5241 5264
10 12 51 139 210 260 273 279 286 297 308 327 361 386 391 445 484 537 625 635 675 692 711 720 730 770 776 793 803 815 817 823 841 868 899 987 1021 1044 1059 1076 1136 1147 1151 1282 1309 1331 1392 1396 1413 1461 1486 1494 1538 1541 1558 1631 1645 1668 1679 1715 1721 1723 1730 1735 1762 1804 1807 1812 1817 1847 1863 1933 1998 2010 2100 2147 2176 2180 2249 2256 2290 2302 2311 2318 2324 2407 2485 2494 2534 2550 2553 2560 2602 2607 2768 2809 2826 2843 2846 2868 2905 2920 2948 2964 2995 3056 3075 3078 3104 3146 3172 3191 3196 3241 3266 3288 3320 3368 3418 3441 3448 3471 3482 3486 3500 3505 3582 3615 3620 3634 3658 3659 3671 3720 3727 3730 3757 3763 3796 3797 3809 3853 3870 3877 3884 3895 3913 3918 3932 3945 3952 3962 3969 4002 4035 4040 4080 4146 4163 4165 4173 4221 4254 4291 4314 4327 4328 4330 4347 4355 4356 4363 4364 4376 4380 4389 4394 4399 4402 4466 4491 4509 4525 4565 4592 4602 4604 4614 4643 4655 4662 4663 4667 4673 4701 4738 4742 4779 4799 4845 4847 4860 4867 4874 4878 4924 4929 4976 4978 4982 4985 4990 5027 5034 5050 5052 5053 5066 5128 5131 5147 5148 5163 5167 5170 5195 5206 5236 5254
3 5 51 114 166 198 258 263 267 274 298 305 332 337 339 377 385 405 537 583 620 623 627 656 665 689 702 741 761 771 799 804 822 868 982 1001 1017 1047 1091 1115 1120 1227 1282 1317 1389 1422 1437 1446 1452 1461 1465 1514 1538 1557 1558 1572 1627 1633 1667 1714 1728 1761 1772 1773 1774 1803 1812 1813 1829 1834 1851 1907 1910 1918 1997 2009 2015 2147 2154 2161 2228 2241 2243 2288 2297 2304 2308 2312 2323 2364 2396 2481 2493 2498 2507 2515 2552 2559 2592 2631 2767 2781 2790 2807 2814 2819 2842 2843 2848 2883 2905 2922 2936 2949 2954 3033 3046 3074 3095 3123 3134 3141 3166 3168 3196 3206 3258 3295 3314 3326 3329 3413 3426 3445 3466 3471 3480 3496 3566 3587 3609 3619 3655 3711 3714 3716 3728 3751 3794 3829 3832 3844 3850 3861 3893 3909 3918 3932 3991 3996 4038 4051 4064 4072 4080 4120 4154 4204 4253 4269 4274 4293 4299 4307 4330 4346 4348 4362 4363 4394 4449 4450 4483 4501 4538 4560 4571 4590 4597 4623 4635 4657 4666 4687 4700 4701 4702 4713 4723 4738 4755 4818 4825 4846 4868 4877 4940 4976 4979 4985 5001 5017 5020 5043 5046 5059 5106 5117 5123 5154 5161 5164 5175 5180 5192 5218
11 16 17 39 113 132 135 166 196 241 258 270 325 360 379 390 510 514 566 598 610 613 614 683 697 701 732 764 774 796 801 825 928 929 951 981 992 994 1084 1113 1131 1133 1215 1280 1298 1300 1349 1371 1384 1425 1434 1456 1465 1507 1512 1538 1549 1551 1621 1635 1645 1648 1683 1752 1753 1755 1772 1777 1785 1806 1813 1828 1829 1841 1910 1915 1928 1936 1984 1997 2086 2111 2139 2150 2220 2234 2235 2237 2240 2301 2323 2343 2344 2390 2392 2488 2493 2494 2497 2507 2553 2633 2730 2742 2748 2757 2776 2811 2819 2838 2853 2921 2931 2946 2965 3047 3070 3088 3122 3131 3155 3187 3191 3213 3233 3253 3287 3296 3310 3409 3411 3434 3450 3451 3470 3477 3496 3523 3553 3563 3586 3627 3713 3736 3738 3788 3825 3843 3849 3861 3876 3928 3931 3972 3987 4013 4016 4064 4073 4077 4148 4150 4208 4231 4261 4306 4309 4329 4338 4340 4357 4358 4381 4386 4446 4476 4529 4540 4543 4555 4576 4578 4594 4597 4616 4651 4656 4657 4664 4670 4677 4693 4694 4709 4725 4740 4784 4805 4822 4837 4863 4898 4928 4969 4982 5030 5035 5037 5054 5069 5088 5108 5116 5126 5143 5150 5173 5182 5190 5199
11 17 74 109 128 155 162 171 195 207 213 232 292 295 351 359 370 377 382 429 506 535 561 564 566 608 611 673 697 709 730 761 763 772 774 798 799 871 916 969 974 1059 1113 1149 1187 1280 1298 1379 1411 1425 1434 1450 1474 1484 1494 1504 1514 1520 1533 1541 1549 1618 1621 1629 1647 1668 1683 1727 1769 1783 1787 1798 1810 1824 1881 1891 1909 1985 1997 2016 2058 2082 2115 2123 2132 2139 2169 2175 2227 2234 2240 2300 2333 2369 2472 2489 2492 2494 2536 2736 2754 2763 2785 2795 2797 2807 2835 2836 2837 2851 2899 2911 2942 2945 2955 3036 3068 3110 3116 3121 3127 3135 3158 3174 3212 3229 3250 3276 3284 3300 3310 3335 3354 3404 3408 3410 3423 3425 3428 3454 3495 3499 3531 3536 3545 3622 3624 3698 3707 3735 3742 3743 3780 3784 3787 3809 3824 3825 3839 3846 3848 3861 3874 3899 3905 3914 3916 3923 3962 3979 4012 4035 4062 4074 4075 4084 4128 4145 4147 4191 4213 4305 4307 4337 4350 4354 4373 4377 4378 4382 4387 4439 4442 4460 4479 4505 4529 4535 4544 4551 4553 4572 4579 4621 4622 4628 4636 4650 4651 4656 4660 4666 4690 4695 4702 4707 4819 4829 4839 4857 4893 4906 4915 4938 4939 4965 4969 4972 5009 5018 5035 5046 5052 5058 5095 5114 5128 5134 5143 5176
29 47 177 201 212 216 286 306 334 356 360 375 406 439 502 520 560 563 567 596 598 605 606 626 663 668 676 695 723 752 764 770 783 867 942 963 1000 1035 1049 1107 1113 1216 1288 1295 1377 1411 1413 1423 1446 1478 1486 1514 1546 1591 1605 1622 1627 1662 1671 1711 1732 1753 1769 1774 1784 1794 1807 1854 1908 1941 1968 1980 2035 2067 2081 2106 2153 2167 2180 2206 2207 2214 2234 2286 2298 2333 2343 2364 2396 2451 2459 2476 2489 2523 2645 2688 2696 2720 2737 2775 2792 2800 2810 2869 2907 2942 3004 3007 3029 3060 3068 3069 3099 3106 3108 3116 3123 3137 3146 3159 3190 3276 3280 3370 3372 3408 3421 3424 3453 3513 3528 3535 3543 3589 3609 3628 3660 3678 3680 3705 3731 3785 3803 3812 3829 3844 3846 3854 3860 3880 3898 3925 3945 3946 3967 3974 3996 4000 4001 4004 4042 4049 4050 4055 4089 4093 4125 4140 4144 4145 4180 4195 4229 4235 4304 4334 4338 4344 4353 4373 4384 4385 4390 4399 4432 4477 4501 4528 4549 4552 4563 4576 4583 4602 4607 4613 4623 4646 4660 4663 4667 4692 4694 4765 4791 4820 4821 4824 4866 4885 4887 4921 4936 4938 4957 4965 4970 4996 5015 5025 5028 5034 5041 5049 5084 5096 5100 5109 5117 5147 5150 5154 5174
9 35 150 182 202 224 226 277 286 334 359 361 367 396 498 523 527 549 552 582 595 605 611 615 626 630 641 643 661 666 679 683 703 723 728 778 860 921 925 933 945 950 956 975 1019 1057 1108 1175 1194 1238 1241 1254 1334 1367 1411 1418 1421 1432 1450 1464 1499 1503 1512 1537 1551 1571 1593 1596 1622 1672 1673 1728 1751 1774 1781 1793 1853 1862 1899 1900 1947 1979 2006 2013 2021 2038 2059 2073 2086 2093 2131 2136 2144 2147 2152 2166 2184 2199 2218 2223 2228 2276 2283 2289 2333 2341 2377 2438 2451 2476 2508 2544 2553 2644 2689 2694 2713 2783 2788 2793 2848 2865 2915 2935 3015 3035 3036 3039 3049 3064 3075 3081 3082 3109 3111 3124 3193 3215 3219 3270 3278 3327 3344 3358 3378 3398 3409 3418 3420 3421 3430 3479 3528 3529 3564 3619 3644 3656 3676 3723 3737 3773 3786 3793 3794 3796 3838 3845 3850 3875 3884 3905 3911 3945 3981 3991 4016 4039 4073 4099 4115 4117 4132 4175 4179 4300 4305 4313 4329 4332 4334 4338 4347 4358 4361 4363 4366 4369 4409 4413 4430 4433 4466 4487 4494 4528 4559 4569 4602 4643 4654 4690 4692 4725 4727 4757 4784 4808 4819 4831 4873 4881 4915 4925 4940 4962 4965 4989 5021 5029 5032 5096 5102 5114 5143
70 83 148 184 193 223 334 336 474 480 485 487 508 513 515 547 573 576 580 597 603 617 645 652 666 668 701 702 709 712 725 727 751 805 913 943 1023 1094 1153 1182 1233 1312 1324 1356 1405 1408 1417 1451 1455 1475 1487 1517 1554 1562 1564 1590 1618 1662 1726 1744 1767 1772 1780 1850 1860 1862 1920 1950 1992 2015 2032 2072 2100 2121 2129 2134 2151 2167 2215 2221 2256 2275 2322 2338 2359 2438 2441 2453 2462 2500 2534 2568 2569 2626 2639 2642 2680 2697 2720 2773 2779 2786 2787 2842 2898 2968 2984 3003 3019 3057 3064 3070 3082 3111 3180 3202 3207 3214 3241 3256 3298 3352 3363 3391 3396 3398 3406 3421 3429 3461 3463 3524 3552 3563 3600 3634 3635 3664 3718 3723 3725 3769 3771 3785 3786 3794 3825 3836 3840 3847 3871 3872 3873 3916 3945 3989 4005 4008 4037 4082 4114 4116 4131 4160 4171 4277 4278 4288 4298 4299 4307 4326 4334 4349 4358 4362 4397 4410 4411 4435 4487 4499 4501 4511 4558 4563 4578 4600 4615 4618 4640 4651 4658 4673 4683 4724 4727 4760 4813 4816 4818 4842 4860 4872 4899 4911 4917 4922 4950 4961 4980 4984 4988 4989 5021 5083 5084 5091 5129
17 31 39 98 137 142 144 154 168 301 325 329 463 484 486 502 509 560 593 603 610 611 623 643 649 655 693 696 700 723 761 803 835 863 889 900 919 929 936 993 1023 1027 1037 1112 1162 1230 1274 1294 1324 1329 1384 1387 1411 1442 1447 1449 1452 1463 1476 1505 1515 1538 1540 1574 1593 1601 1602 1658 1709 1721 1736 1754 1758 1772 1801 1804 1847 1855 1921 1951 1961 1971 1983 2011 2020 2031 2041 2054 2089 2107 2126 2142 2151 2159 2199 2211 2222 2223 2225 2226 2236 2249 2288 2315 2353 2388 2413 2425 2446 2486 2497 2508 2582 2619 2636 2661 2684 2697 2745 2770 2782 2833 2886 2958 2966 2968 2969 3012 3066 3081 3108 3134 3165 3198 3241 3254 3298 3347 3357 3376 3392 3395 3418 3427 3456 3504 3510 3516 3546 3557 3594 3615 3630 3644 3703 3753 3754 3768 3772 3780 3825 3837 3846 3854 3855 3866 3891 3937 3942 3980 3981 3996 3997 4039 4100 4111 4114 4123 4126 4153 4186 4246 4262 4276 4278 4292 4294 4298 4303 4318 4320 4321 4332 4351 4359 4361 4370 4390 4406 4470 4473 4499 4543 4568 4572 4575 4598 4605 4608 4634 4638 4644 4647 4658 4676 4698 4713 4775 4797 4801 4813 4823 4858 4895 4898 4903 4905 4911 4918 4929 4955 4958 4967 4969 4986 5015 5037 5075 5077 5084 5101
1 19 52 70 89 100 158 160 172 192 280 298 308 309 314 318 347 453 473 486 495 519 531 585 599 603 605 613 638 649 650 693 746 843 844 887 889 890 909 919 935 989 1025 1109 1156 1173 1220 1266 1269 1294 1316 1350 1358 1378 1405 1434 1440 1451 1504 1518 1529 1561 1565 1593 1597 1642 1653 1678 1701 1720 1742 1754 1770 1771 1787 1847 1850 1941 1949 1952 1954 1973 2002 2033 2038 2046 2081 2088 2115 2121 2125 2144 2145 2157 2159 2173 2201 2214 2242 2246 2254 2274 2384 2425 2494 2634 2652 2663 2702 2705 2761 2781 2875 2928 2967 2985 3005 3036 3060 3072 3073 3085 3128 3189 3209 3234 3264 3271 3335 3360 3391 3435 3485 3500 3517 3544 3584 3590 3625 3639 3656 3753 3762 3771 3812 3818 3824 3828 3840 3849 3862 3874 3883 3893 3932 3978 3992 4023 4032 4040 4070 4079 4085 4110 4136 4147 4185 4230 4236 4262 4270 4272 4285 4287 4302 4312 4314 4316 4356 4367 4395 4413 4448 4450 4469 4474 4475 4482 4539 4557 4572 4576 4583 4595 4625 4636 4638 4640 4655 4695 4733 4784 4795 4802 4823 4828 4848 4882 4885 4893 4902 4952 4956 4961 4966 4973 4975 4992 5037 5053 5071 5075
17 19 58 154 173 214 244 246 268 269 301 330 450 460 476 494 501 507 581 591 594 637 640 686 707 730 754 775 788 843 853 868 876 902 916 921 1019 1101 1110 1114 1197 1218 1236 1266 1311 1339 1342 1345 1374 1380 1381 1420 1435 1442 1491 1505 1507 1562 1579 1591 1603 1686 1694 1720 1750 1765 1767 1817 1907 1932 1947 1990 2005 2025 2082 2083 2094 2114 2120 2139 2160 2169 2175 2196 2209 2210 2229 2239 2288 2291 2377 2392 2406 2414 2456 2476 2609 2625 2637 2654 2701 2705 2741 2751 2753 2818 2865 2883 2928 2942 2983 2993 3059 3071 3087 3110 3128 3131 3139 3173 3198 3209 3229 3288 3315 3335 3352 3358 3372 3386 3388 3445 3467 3470 3528 3532 3547 3553 3594 3618 3639 3648 3727 3730 3743 3754 3771 3810 3816 3841 3855 3859 3930 3951 3977 3992 4020 4038 4064 4105 4107 4116 4118 4125 4155 4156 4180 4205 4251 4256 4260 4264 4277 4306 4312 4339 4352 4356 4362 4363 4391 4396 4403 4440 4468 4529 4535 4542 4562 4569 4577 4578 4629 4630 4636 4638 4692 4695 4713 4766 4785 4788 4819 4832 4838 4843 4861 4868 4879 4902 4933 4938 4945 4952 4955 4960 4966 5023 5061 5071 5075
25 36 63 133 147 169 186 195 225 235 258 277 329 418 420 427 439 443 473 486 495 503 545 558 577 589 617 682 685 700 717 728 761 812 840 881 1005 1015 1050 1094 1108 1194 1255 1259 1269 1298 1337 1354 1367 1414 1426 1427 1494 1500 1531 1573 1594 1607 1669 1719 1720 1739 1756 1760 1761 1767 1770 1802 1907 1917 1924 1954 1972 1990 1993 2062 2090 2094 2109 2128 2157 2187 2202 2204 2221 2241 2322 2326 2359 2389 2397 2414 2430 2469 2481 2485 2502 2522 2621 2627 2669 2718 2747 2772 2782 2815 2829 2838 2849 2885 2886 2937 3018 3031 3032 3048 3055 3071 3126 3166 3192 3240 3302 3331 3344 3361 3379 3386 3457 3465 3485 3532 3535 3541 3611 3637 3704 3730 3753 3765 3767 3802 3804 3806 3816 3831 3869 3871 3878 3892 3941 3943 3962 3975 3985 4036 4046 4076 4088 4101 4104 4153 4163 4224 4237 4238 4260 4264 4286 4312 4316 4322 4350 4352 4383 4398 4438 4472 4518 4529 4548 4573 4605 4615 4629 4632 4647 4687 4761 4775 4784 4786 4815 4818 4846 4854 4857 4864 4868 4877 4905 4911 4945 4952 5013 5019 5057 5063
124 160 171 190 200 206 258 413 414 449 463 471 483 486 491 534 557 577 611 613 644 657 661 681 750 784 832 852 876 880 1011 1057 1088 1108 1110 1178 1192 1229 1290 1322 1341 1368 1372 1409 1486 1492 1546 1584 1623 1653 1669 1680 1704 1708 1713 1742 1751 1752 1871 1883 1891 1893 1901 1910 1963 1980 2060 2082 2083 2085 2108 2109 2153 2158 2177 2182 2204 2210 2215 2218 2238 2277 2278 2301 2354 2356 2389 2394 2396 2407 2433 2476 2496 2545 2562 2604 2621 2630 2704 2706 2711 2722 2724 2750 2773 2809 2829 2837 2876 2884 2886 2912 2960 2996 2998 3029 3035 3047 3065 3120 3121 3152 3181 3198 3267 3300 3325 3342 3350 3351 3369 3371 3381 3444 3452 3498 3512 3533 3575 3583 3599 3675 3682 3689 3694 3697 3727 3763 3764 3789 3795 3800 3802 3806 3808 3821 3826 3829 3851 3853 3885 3891 3899 3906 3919 3957 3971 3980 4011 4025 4034 4039 4056 4058 4059 4076 4109 4132 4145 4238 4246 4254 4259 4280 4291 4302 4307 4308 4311 4320 4337 4341 4346 4347 4354 4356 4364 4433 4465 4467 4494 4502 4529 4555 4594 4628 4630 4680 4712 4744 4773 4777 4801 4816 4825 4839 4865 4908 4933 4945 4950 4952 4981 5005 5021 5027 5047 5055 5059
61 84 140 147 155 162 220 246 304 317 401 402 458 468 481 489 491 516 521 545 563 564 571 588 655 681 743 776 777 795 804 852 863 877 945 970 994 1044 1074 1108 1154 1194 1207 1268 1269 1283 1309 1314 1322 1338 1339 1362 1368 1397 1484 1510 1512 1517 1540 1545 1578 1638 1659 1700 1712 1735 1742 1744 1794 1855 1860 1899 1951 1975 1980 2048 2049 2076 2093 2148 2149 2173 2175 2194 2195 2199 2212 2216 2298 2354 2372 2386 2388 2400 2450 2452 2549 2600 2608 2629 2667 2682 2704 2729 2748 2801 2859 2869 2875 2879 2952 3022 3042 3049 3087 3118 3122 3127 3188 3228 3261 3273 3306 3321 3323 3340 3341 3347 3360 3368 3436 3437 3442 3457 3474 3510 3532 3538 3581 3653 3661 3674 3688 3722 3754 3781 3787 3790 3802 3816 3829 3836 3852 3875 3881 3891 3908 3929 3955 3970 4005 4008 4027 4036 4040 4075 4101 4131 4133 4135 4168 4233 4234 4243 4253 4261 4263 4275 4285 4303 4306 4331 4333 4337 4373 4412 4430 4450 4479 4496 4497 4515 4529 4554 4555 4580 4584 4594 4619 4624 4629 4677 4679 4690 4703 4712 4726 4749 4759 4788 4816 4824 4836 4851 4890 4903 4932 4936 4948 4952 4965 4984 4996 5046 5053
30 59 99 140 155 156 322 332 359 393 396 437 448 453 462 469 471 540 544 565 655 657 667 699 718 745 789 833 849 870 871 895 921 992 1025 1026 1107 1147 1150 1203 1241 1253 1264 1333 1337 1355 1391 1440 1452 1474 1482 1483 1500 1503 1540 1557 1567 1569 1638 1657 1667 1680 1735 1837 1855 1870 1927 1960 1994 2047 2066 2082 2083 2139 2171 2173 2192 2207 2233 2304 2366 2378 2444 2465 2478 2548 2577 2589 2605 2618 2639 2659 2662 2670 2697 2708 2723 2726 2797 2799 2856 2862 2936 2948 3012 3038 3059 3077 3116 3172 3213 3279 3296 3340 3345 3359 3395 3465 3474 3485 3492 3502 3621 3653 3660 3688 3701 3751 3778 3780 3794 3849 3918 3926 3943 3966 3968 3983 3993 4017 4024 4052 4098 4099 4113 4134 4163 4187 4202 4211 4227 4242 4257 4275 4285 4314 4321 4323 4327 4332 4345 4371 4450 4454 4459 4487 4504 4507 4525 4577 4594 4607 4617 4645 4681 4695 4716 4753 4771 4804 4807 4809 4821 4836 4882 4888 4911 4921 4934 4937 4951 4957 4973 4990 5040
29 75 105 138 140 178 208 318 389 396 427 436 439 448 461 466 527 529 536 559 580 631 673 703 709 716 723 807 825 842 861 885 963 971 981 983 1086 1126 1145 1172 1183 1186 1202 1234 1314 1316 1329 1378 1425 1431 1448 1480 1521 1530 1531 1567 1599 1608 1632 1653 1704 1733 1813 1814 1816 1818 1821 1920 1972 1990 2034 2036 2074 2124 2125 2131 2136 2139 2155 2163 2168 2171 2175 2202 2205 2237 2239 2348 2357 2364 2370 2376 2389 2398 2436 2482 2529 2578 2600 2603 2604 2614 2684 2690 2721 2797 2798 2856 2857 2957 3010 3038 3070 3101 3110 3119 3171 3176 3206 3213 3247 3286 3287 3326 3337 3338 3356 3358 3434 3470 3480 3481 3590 3645 3652 3660 3669 3674 3709 3710 3716 3727 3728 3772 3811 3849 3900 3913 3951 3965 3977 4015 4032 4042 4081 4090 4119 4181 4187 4203 4224 4227 4253 4255 4275 4277 4280 4288 4296 4312 4342 4369 4400 4436 4444 4454 4474 4477 4490 4501 4522 4531 4553 4571 4576 4592 4610 4667 4673 4692 4704 4706 4713 4717 4728 4729 4739 4753 4801 4827 4882 4911 4914 4930 4931 4956 4966 4971 4978 5016 5035
39 77 86 92 113 122 127 136 148 315 369 376 380 396 405 434 437 448 462 478 486 498 523 548 556 620 626 644 667 676 721 753 820 822 862 909 954 1035 1098 1114 1117 1145 1164 1226 1227 1292 1313 1315 1328 1341 1374 1401 1426 1436 1464 1480 1509 1522 1554 1573 1579 1584 1596 1606 1612 1638 1684 1698 1700 1706 1722 1723 1793 1807 1908 1915 1916 1969 1975 2034 2035 2058 2124 2149 2158 2162 2173 2194 2204 2304 2340 2345 2350 2365 2375 2377 2413 2488 2499 2505 2543 2549 2568 2584 2585 2586 2598 2603 2684 2688 2712 2771 2786 2838 2852 2854 2930 2993 3009 3021 3028 3040 3097 3105 3182 3211 3215 3245 3277 3281 3284 3285 3293 3308 3337 3348 3358 3417 3426 3455 3478 3479 3579 3642 3656 3661 3667 3694 3704 3716 3720 3762 3772 3842 3848 3877 3882 3896 3907 3943 3996 3999 4078 4084 4095 4105 4190 4198 4211 4219 4262 4263 4264 4265 4277 4291 4293 4294 4309 4313 4319 4320 4361 4432 4436 4445 4470 4485 4486 4495 4554 4564 4568 4598 4605 4659 4665 4692 4704 4712 4716 4719 4729 4733 4739 4781 4798 4906 4907 4914 4923 4955 4958 4974 4993
24 51 87 101 179 197 201 369 378 380 400 415 436 456 480 499 510 515 518 548 571 578 608 622 635 661 704 759 788 803 808 825 859 894 953 979 1000 1108 1142 1157 1163 1178 1188 1211 1216 1243 1284 1300 1317 1373 1403 1422 1456 1474 1476 1488 1506 1520 1551 1583 1681 1696 1754 1756 1792 1913 1915 1959 2024 2026 2031 2044 2086 2105 2108 2123 2143 2158 2165 2275 2331 2345 2348 2361 2390 2465 2495 2539 2549 2583 2593 2623 2628 2711 2757 2763 2818 2845 2919 2932 2947 2961 2968 3000 3010 3016 3032 3073 3091 3099 3142 3147 3180 3188 3200 3267 3279 3335 3336 3352 3382 3419 3425 3441 3459 3468 3496 3561 3590 3609 3635 3646 3650 3664 3686 3701 3716 3749 3766 3788 3797 3814 3846 3891 3936 3943 3970 3972 3993 3996 4069 4074 4080 4095 4121 4158 4178 4182 4208 4212 4246 4256 4264 4291 4312 4340 4412 4415 4423 4435 4459 4470 4490 4510 4544 4555 4556 4561 4593 4598 4601 4614 4622 4623 4648 4663 4688 4702 4712 4742 4773 4793 4797 4811 4835 4873 4903 4911 4914 4920 4945 4957 4971
51 81 83 92 158 194 362 374 381 395 406 432 456 493 513 520 542 553 590 616 642 646 740 745 761 772 774 821 833 884 909 969 1105 1122 1148 1159 1194 1197 1251 1270 1293 1300 1312 1376 1386 1407 1410 1453 1467 1491 1492 1500 1518 1542 1578 1582 1612 1690 1720 1751 1780 1781 1837 1873 1881 1903 1921 1945 1999 2000 2004 2023 2044 2051 2102 2108 2135 2145 2160 2166 2268 2278 2311 2329 2348 2402 2405 2452 2457 2492 2528 2538 2544 2559 2565 2615 2694 2739 2741 2787 2799 2834 2926 2939 2943 2987 2993 3025 3048 3080 3086 3163 3172 3174 3242 3272 3297 3306 3330 3331 3334 3337 3339 3405 3486 3545 3570 3624 3647 3652 3665 3716 3736 3750 3761 3762 3782 3801 3806 3815 3849 3851 3880 3883 3921 3926 3943 3950 3961 3969 3972 3992 4063 4070 4076 4077 4094 4138 4149 4192 4200 4202 4207 4220 4230 4232 4256 4260 4264 4288 4327 4357 4407 4413 4426 4449 4455 4485 4489 4507 4541 4543 4547 4581 4597 4600 4648 4650 4662 4663 4665 4682 4698 4699 4739 4770 4773 4779 4803 4878 4882 4908 4919 4939 4955
35 45 48 81 109 186 341 362 368 387 398 451 460 471 490 502 503 505 528 590 599 600 624 632 738 751 757 789 801 835 873 881 935 968 995 1038 1069 1103 1125 1159 1241 1268 1293 1294 1312 1358 1385 1398 1404 1431 1464 1570 1574 1577 1606 1684 1685 1688 1744 1773 1833 1868 1877 1911 1938 1970 2023 2036 2093 2117 2135 2140 2145 2150 2225 2268 2309 2316 2340 2349 2381 2443 2451 2480 2528 2558 2561 2659 2736 2751 2806 2829 2858 2941 2942 2943 2971 2980 3025 3030 3043 3079 3080 3098 3137 3143 3150 3157 3223 3227 3233 3244 3271 3280 3325 3331 3353 3403 3405 3473 3492 3553 3579 3611 3628 3636 3640 3681 3687 3695 3733 3750 3751 3755 3773 3777 3800 3815 3846 3857 3911 3915 3929 3957 4058 4077 4109 4137 4146 4156 4188 4194 4197 4199 4214 4220 4235 4237 4261 4281 4307 4351 4364 4368 4376 4407 4413 4417 4420 4430 4437 4469 4507 4508 4536 4545 4555 4580 4587 4592 4628 4633 4637 4643 4660 4695 4696 4729 4737 4746 4747 4758 4765 4770 4773 4803 4870 4873 4890 4905 4919 4926 4952
1 18 19 77 214 303 306 311 331 342 355 367 393 421 443 479 480 491 507 511 519 555 592 623 627 685 727 741 748 774 780 790 791 872 881 925 954 1064 1070 1090 1094 1100 1101 1131 1158 1204 1219 1242 1264 1265 1275 1278 1293 1327 1376 1382 1385 1413 1448 1542 1552 1674 1681 1684 1685 1730 1737 1830 1838 1867 1874 1934 1968 1970 1975 2014 2028 2053 2070 2088 2097 2125 2132 2137 2142 2225 2241 2257 2265 2269 2311 2437 2443 2455 2520 2522 2531 2638 2705 2709 2720 2722 2724 2726 2735 2740 2748 2780 2788 2824 2839 2886 2897 2924 2932 2934 2952 2967 3019 3030 3041 3116 3134 3144 3154 3197 3204 3208 3233 3254 3279 3291 3299 3307 3321 3324 3344 3353 3397 3424 3458 3527 3582 3587 3621 3631 3633 3640 3645 3678 3682 3728 3733 3748 3753 3777 3793 3801 3839 3855 3883 3905 3913 3940 3954 3955 4006 4045 4046 4057 4122 4128 4137 4153 4183 4185 4193 4202 4204 4209 4212 4217 4219 4232 4238 4256 4269 4277 4278 4295 4305 4327 4349 4401 4414 4420 4429 4432 4496 4501 4504 4515 4522 4533 4545 4557 4573 4581 4624 4642 4673 4676 4729 4743 4766 4782 4794 4859 4867 4872 4889 4894 4904
18 65 69 201 248 253 281 328 336 337 355 358 391 399 406 414 429 442 456 459 465 466 505 510 534 540 582 642 658 687 754 760 798 824 860 913 1060 1084 1088 1156 1234 1241 1327 1380 1384 1397 1403 1414 1434 1529 1545 1565 1648 1662 1668 1684 1723 1730 1806 1813 1827 1864 1920 1931 1936 2006 2013 2014 2018 2027 2050 2060 2066 2087 2088 2091 2092 2122 2123 2129 2196 2212 2255 2277 2301 2302 2303 2431 2435 2443 2510 2609 2696 2717 2753 2758 2768 2820 2858 2863 2899 2923 2927 3008 3019 3029 3101 3113 3131 3141 3145 3162 3207 3210 3250 3259 3288 3292 3321 3375 3389 3457 3477 3493 3512 3522 3565 3584 3585 3591 3599 3655 3668 3716 3725 3732 3746 3753 3785 3788 3793 3797 3837 3847 3851 3853 3901 3903 3936 3938 3951 3965 4025 4046 4052 4056 4068 4114 4121 4126 4128 4139 4181 4192 4195 4206 4238 4258 4262 4273 4288 4295 4296 4302 4320 4374 4379 4395 4397 4411 4419 4425 4471 4484 4502 4525 4539 4542 4551 4602 4612 4641 4650 4651 4701 4710 4720 4736 4758 4761 4783 4822 4839 4847 4851 4856 4864 4886
10 31 191 213 239 250 273 307 318 340 344 346 390 396 419 426 428 455 456 492 528 566 576 581 600 653 686 744 821 838 897 974 1031 1055 1071 1150 1154 1185 1198 1217 1239 1243 1272 1286 1326 1360 1379 1382 1390 1401 1407 1431 1494 1513 1521 1528 1534 1542 1612 1654 1665 1667 1680 1683 1773 1800 1809 1905 1922 1932 1977 2002 2026 2046 2054 2065 2072 2087 2092 2100 2104 2110 2115 2117 2124 2199 2216 2222 2269 2276 2383 2406 2421 2423 2499 2506 2629 2631 2683 2689 2701 2725 2758 2764 2810 2828 2852 2854 2902 2921 2923 2934 2994 2997 3010 3013 3031 3042 3062 3125 3192 3199 3208 3234 3258 3276 3277 3290 3321 3365 3371 3383 3446 3497 3499 3538 3577 3582 3651 3662 3679 3711 3713 3719 3726 3728 3730 3744 3746 3763 3781 3794 3814 3838 3850 3853 3875 3905 3920 3935 3955 3963 4009 4034 4046 4055 4056 4110 4120 4124 4140 4156 4171 4179 4190 4197 4198 4226 4252 4257 4312 4351 4362 4371 4375 4381 4393 4404 4406 4415 4419 4424 4427 4475 4479 4506 4515 4524 4534 4537 4544 4550 4551 4588 4620 4625 4638 4643 4684 4699 4720 4725 4735 4747 4757 4781 4797 4817 4841 4849 4852 4864 4879 4883
2 28 99 163 168 242 280 287 300 323 329 331 378 387 393 415 445 452 487 510 514 536 553 556 592 619 639 645 729 739 774 856 890 931 939 1002 1009 1027 1039 1058 1059 1125 1132 1223 1231 1262 1375 1377 1389 1392 1399 1405 1422 1462 1486 1515 1520 1524 1628 1650 1663 1666 1748 1778 1797 1887 1889 1908 1966 1998 2022 2050 2063 2077 2078 2080 2181 2189 2206 2240 2256 2263 2265 2276 2300 2350 2389 2391 2393 2419 2483 2493 2504 2581 2625 2637 2653 2655 2684 2699 2722 2756 2760 2774 2787 2818 2828 2869 2883 2911 2921 2963 2987 2992 2998 3083 3094 3131 3132 3196 3249 3261 3270 3301 3303 3305 3307 3319 3344 3382 3403 3437 3457 3489 3515 3520 3562 3572 3589 3604 3622 3627 3629 3685 3706 3726 3727 3734 3742 3760 3785 3836 3846 3875 3903 3935 3946 3953 3978 4010 4021 4022 4048 4061 4092 4102 4111 4132 4154 4159 4174 4182 4186 4197 4221 4230 4232 4257 4336 4339 4364 4370 4395 4410 4422 4426 4431 4442 4478 4491 4501 4513 4520 4528 4540 4548 4555 4578 4615 4629 4664 4673 4684 4688 4692 4717 4718 4731 4733 4747 4785 4802 4809 4851 4855 4857 4862 4866
8 26 71 83 118 151 164 212 296 313 323 325 328 361 370 380 384 393 395 401 413 418 420 430 442 466 471 477 553 556 559 604 663 689 700 763 797 816 903 911 919 997 1003 1032 1052 1076 1104 1112 1189 1219 1222 1228 1318 1320 1370 1374 1380 1449 1500 1538 1616 1641 1659 1662 1725 1755 1769 1777 1794 1856 1879 1886 1901 1953 1967 1989 2021 2022 2040 2049 2063 2070 2075 2163 2187 2188 2198 2207 2242 2248 2262 2274 2285 2314 2333 2386 2427 2475 2485 2502 2579 2608 2638 2646 2685 2713 2715 2725 2747 2756 2806 2813 2860 2875 2880 2892 2910 2913 2946 2951 2993 3051 3073 3118 3196 3238 3247 3249 3252 3255 3268 3297 3302 3316 3378 3382 3412 3477 3482 3483 3498 3504 3514 3524 3534 3561 3595 3615 3627 3703 3710 3727 3785 3808 3816 3826 3829 3854 3864 3900 3901 3930 3938 3943 3945 3975 3993 3995 4010 4012 4034 4037 4042 4092 4109 4113 4147 4162 4174 4182 4186 4195 4221 4223 4235 4248 4251 4253 4285 4320 4331 4347 4351 4353 4360 4401 4402 4405 4422 4429 4437 4490 4516 4523 4544 4554 4562 4596 4619 4622 4644 4653 4689 4714 4718 4752 4768 4799 4854 4862
4 73 97 151 156 171 209 290 298 310 323 324 380 384 397 408 441 447 459 536 582 595 611 716 789 798 838 854 909 936 992 1025 1086 1107 1162 1177 1198 1199 1208 1212 1347 1357 1370 1373 1484 1485 1500 1516 1529 1584 1630 1639 1641 1652 1653 1704 1713 1720 1855 1858 1885 1923 1959 1984 2010 2022 2028 2037 2048 2063 2101 2154 2157 2184 2186 2188 2232 2238 2242 2277 2308 2311 2386 2439 2473 2486 2497 2507 2548 2569 2582 2637 2640 2644 2670 2691 2706 2737 2746 2775 2798 2803 2851 2869 2870 2896 2897 2899 2925 2945 2949 3028 3045 3046 3185 3192 3214 3242 3289 3292 3315 3348 3368 3374 3396 3407 3408 3461 3478 3484 3510 3532 3548 3552 3592 3607 3609 3668 3673 3688 3696 3710 3722 3779 3793 3823 3854 3862 3877 3891 3918 3926 3984 3986 4010 4024 4058 4084 4100 4105 4136 4146 4150 4158 4171 4185 4193 4206 4216 4229 4234 4239 4292 4322 4324 4329 4349 4357 4360 4378 4383 4385 4400 4414 4417 4490 4502 4512 4518 4521 4576 4612 4644 4678 4695 4697 4714 4715 4744 4788 4806 4857
65 110 124 129 148 161 215 244 299 320 366 380 383 391 436 447 512 536 553 578 583 679 727 788 792 810 846 875 893 922 984 1018 1041 1107 1143 1183 1197 1266 1276 1334 1356 1365 1372 1398 1431 1456 1487 1494 1607 1613 1631 1650 1680 1686 1711 1718 1719 1844 1853 1874 1882 1891 1926 1927 1982 1983 2015 2025 2048 2049 2057 2149 2176 2180 2233 2237 2273 2275 2285 2305 2336 2352 2382 2405 2464 2485 2505 2509 2542 2605 2625 2626 2665 2695 2709 2768 2784 2787 2802 2816 2851 2891 2893 2937 2938 2982 3013 3023 3027 3043 3049 3165 3184 3190 3195 3212 3229 3234 3241 3261 3266 3301 3304 3314 3323 3341 3375 3402 3460 3463 3474 3480 3514 3552 3582 3591 3602 3605 3622 3627 3645 3670 3693 3702 3706 3708 3713 3778 3787 3804 3817 3825 3852 3871 3876 3895 3911 3946 3968 3972 4001 4007 4014 4041 4081 4082 4084 4104 4119 4123 4124 4144 4157 4164 4193 4210 4214 4234 4274 4318 4326 4332 4342 4365 4367 4393 4405 4411 4423 4432 4453 4477 4485 4487 4498 4502 4509 4548 4585 4621 4633 4658 4688 4693 4694 4713 4735 4755 4787 4797
4 85 102 212 216 257 307 309 318 320 343 365 377 380 385 405 414 431 447 456 492 511 530 556 578 667 691 714 735 778 817 862 863 882 922 942 959 974 978 998 1089 1135 1154 1179 1193 1212 1237 1239 1261 1331 1344 1345 1371 1380 1414 1435 1471 1586 1600 1608 1626 1638 1650 1664 1681 1706 1797 1801 1842 1853 1856 1879 1891 1920 1929 1981 2006 2017 2023 2024 2041 2044 2046 2129 2147 2172 2180 2215 2217 2228 2259 2321 2345 2365 2367 2457 2477 2501 2585 2596 2620 2635 2658 2659 2665 2729 2780 2791 2804 2810 2815 2847 2866 2887 2918 2919 2995 3003 3012 3013 3159 3192 3193 3205 3207 3236 3265 3269 3279 3291 3299 3335 3360 3362 3421 3448 3472 3474 3507 3509 3510 3512 3580 3585 3623 3628 3656 3679 3684 3688 3696 3703 3778 3783 3811 3817 3844 3868 3888 3937 3962 3968 4006 4014 4038 4072 4089 4099 4117 4120 4142 4151 4165 4186 4194 4212 4217 4259 4318 4323 4325 4339 4340 4379 4404 4440 4441 4444 4457 4492 4496 4528 4547 4551 4555 4611 4626 4629 4657 4670 4678 4680 4684 4685 4712 4735 4747
33 75 87 200 204 206 295 309 370 373 374 383 395 428 457 468 509 528 532 566 671 676 766 767 774 776 778 851 857 879 931 957 978 1021 1069 1110 1132 1138 1168 1174 1177 1188 1203 1226 1309 1337 1341 1365 1382 1424 1442 1584 1595 1598 1609 1617 1638 1654 1704 1728 1746 1780 1820 1833 1864 1875 1881 1886 1938 1966 1972 1976 1995 1996 2002 2004 2011 2012 2016 2039 2045 2102 2140 2145 2165 2170 2177 2178 2183 2186 2197 2213 2220 2311 2319 2331 2333 2336 2358 2455 2466 2468 2490 2505 2525 2562 2574 2590 2593 2594 2605 2612 2647 2657 2659 2677 2678 2770 2797 2798 2810 2836 2847 2851 2864 2911 2913 2955 2982 3003 3006 3095 3099 3101 3130 3145 3148 3190 3191 3193 3196 3226 3229 3247 3260 3261 3290 3315 3330 3379 3416 3418 3472 3487 3505 3506 3528 3553 3559 3567 3605 3608 3609 3625 3633 3653 3658 3660 3671 3701 3747 3775 3786 3800 3803 3810 3820 3836 3841 3848 3858 3881 3890 3934 4004 4009 4012 4020 4072 4086 4090 4093 4105 4127 4145 4180 4206 4228 4300 4305 4312 4317 4325 4339 4340 4356 4372 4399 4403 4413 4429 4454 4488 4490 4491 4516 4525 4530 4539 4553 4559 4569 4594 4618 4652 4660 4669 4702 4712 4722 4745
4 75 117 186 198 241 242 302 370 374 381 393 403 446 447 467 474 476 523 527 535 540 606 619 641 666 713 752 772 774 796 799 911 922 950 976 978 980 1009 1086 1111 1118 1136 1166 1171 1196 1319 1337 1354 1362 1373 1378 1395 1424 1479 1533 1536 1541 1597 1605 1611 1633 1653 1664 1703 1711 1714 1758 1763 1798 1815 1823 1834 1868 1897 1963 1995 1996 2006 2039 2051 2097 2099 2111 2135 2176 2182 2188 2210 2219 2265 2328 2391 2419 2436 2442 2455 2461 2474 2482 2521 2572 2577 2638 2643 2653 2708 2759 2786 2805 2811 2841 2843 2854 2860 2872 2911 2913 2937 2990 2998 3065 3076 3089 3101 3104 3135 3141 3165 3180 3189 3211 3230 3239 3260 3271 3314 3328 3347 3374 3397 3449 3458 3471 3496 3518 3553 3576 3601 3631 3638 3659 3690 3720 3728 3732 3736 3770 3783 3795 3819 3846 3857 3864 3875 3915 3967 4004 4009 4067 4084 4086 4105 4119 4133 4173 4200 4205 4221 4233 4253 4263 4275 4287 4294 4297 4311 4337 4348 4356 4363 4391 4392 4420 4455 4459 4480 4505 4529 4530 4534 4544 4564 4590 4626 4633 4682 4697 4698 4719 4720 4730 4739
49 65 67 68 97 157 161 173 180 197 234 257 278 314 369 370 375 384 435 437 471 486 490 504 520 622 675 713 771 777 788 832 871 897 942 945 974 977 1056 1072 1084 1103 1132 1160 1167 1191 1253 1331 1339 1349 1368 1382 1412 1447 1449 1467 1531 1573 1590 1603 1613 1633 1669 1672 1679 1745 1755 1756 1764 1785 1787 1803 1822 1831 1868 1948 1974 1990 2000 2004 2016 2033 2039 2050 2085 2111 2119 2162 2166 2205 2208 2239 2264 2309 2382 2385 2417 2433 2450 2473 2511 2561 2570 2571 2573 2626 2629 2638 2703 2714 2732 2747 2822 2831 2834 2848 2879 2891 2988 3058 3082 3083 3084 3100 3126 3132 3146 3151 3156 3170 3172 3206 3216 3235 3259 3265 3284 3314 3316 3362 3378 3393 3397 3456 3470 3489 3496 3549 3561 3566 3598 3624 3627 3629 3684 3725 3731 3742 3765 3775 3778 3786 3813 3814 3827 3846 3856 3895 3907 3952 3966 3988 3997 4005 4024 4048 4069 4075 4079 4080 4089 4098 4099 4106 4126 4166 4171 4195 4196 4204 4206 4221 4280 4282 4306 4315 4334 4351 4363 4382 4383 4434 4451 4462 4467 4469 4478 4528 4561 4570 4614 4616 4665 4670 4676 4677 4694 4698 4707
5 30 150 151 172 177 245 250 252 276 297 316 344 355 359 364 370 375 409 411 412 423 431 458 485 503 633 672 743 749 827 858 873 943 953 968 996 1037 1073 1115 1132 1156 1174 1199 1222 1260 1264 1323 1328 1333 1348 1364 1420 1459 1494 1507 1522 1527 1575 1587 1600 1621 1628 1724 1728 1745 1773 1795 1851 1858 1912 1919 1933 1965 1984 1991 1992 1999 2021 2022 2053 2116 2130 2148 2168 2206 2225 2257 2302 2338 2379 2384 2390 2402 2423 2432 2439 2442 2453 2499 2513 2569 2602 2614 2645 2726 2732 2805 2817 2865 2928 2988 3048 3080 3081 3124 3148 3150 3183 3195 3199 3206 3222 3268 3274 3292 3310 3311 3360 3391 3395 3401 3452 3470 3479 3481 3536 3549 3564 3589 3593 3598 3602 3622 3623 3629 3681 3683 3703 3713 3728 3760 3774 3796 3812 3844 3852 3881 3883 3946 3976 3977 3986 3996 4001 4057 4063 4067 4087 4090 4100 4113 4161 4167 4179 4180 4185 4187 4207 4230 4258 4269 4281 4295 4312 4324 4332 4347 4378 4381 4413 4439 4450 4460 4463 4495 4500 4522 4541 4542 4578 4592 4607 4610 4655 4669 4683 4693
22 130 134 147 166 172 224 245 248 271 338 357 360 391 421 463 471 632 638 660 682 694 696 739 758 777 782 847 859 883 914 920 922 956 993 1098 1112 1137 1143 1150 1160 1209 1262 1267 1307 1311 1312 1314 1329 1332 1354 1381 1433 1479 1498 1518 1524 1585 1595 1626 1672 1739 1745 1832 1834 1839 1907 1926 1933 1946 1949 1954 1966 1979 1987 1991 1995 2005 2015 2102 2116 2138 2166 2173 2183 2220 2256 2295 2327 2367 2396 2407 2420 2431 2441 2443 2538 2555 2576 2580 2582 2610 2625 2668 2724 2734 2748 2796 2810 2847 2914 2983 2987 2997 3042 3071 3076 3116 3124 3134 3138 3142 3149 3172 3189 3194 3240 3242 3301 3306 3340 3362 3370 3394 3429 3451 3459 3465 3467 3525 3548 3560 3572 3601 3606 3621 3663 3668 3677 3679 3687 3699 3702 3721 3752 3784 3802 3822 3829 3833 3834 3836 3862 3933 3938 3966 3979 3982 3986 3997 4004 4042 4063 4065 4080 4081 4082 4083 4084 4150 4171 4183 4187 4214 4244 4253 4280 4295 4302 4308 4331 4341 4347 4377 4411 4423 4439 4450 4458 4469 4496 4519 4530 4584 4600 4601 4631 4638 4668 4684 4692
48 80 134 137 148 163 198 215 226 232 325 332 337 339 346 348 358 359 364 400 451 461 596 677 689 729 769 795 827 842 883 909 952 962 1072 1099 1108 1129 1143 1147 1148 1158 1162 1201 1230 1290 1302 1305 1312 1315 1321 1331 1390 1417 1461 1517 1577 1584 1587 1600 1603 1605 1616 1654 1659 1707 1723 1729 1806 1829 1897 1901 1928 1941 1947 1950 1964 1980 1992 1999 2047 2081 2107 2116 2128 2215 2247 2263 2315 2355 2391 2417 2429 2505 2537 2575 2625 2649 2684 2721 2736 2786 2791 2832 2847 2897 2976 3016 3027 3062 3098 3122 3133 3139 3164 3171 3175 3207 3218 3219 3298 3301 3326 3332 3358 3383 3395 3422 3428 3435 3442 3443 3503 3525 3535 3542 3558 3573 3582 3589 3596 3615 3635 3673 3678 3687 3697 3715 3732 3742 3773 3774 3787 3797 3808 3827 3834 3908 3910 3919 3938 3950 3975 3981 3998 4022 4025 4041 4047 4061 4063 4076 4077 4111 4145 4151 4160 4183 4186 4199 4218 4226 4242 4256 4287 4292 4306 4320 4331 4354 4363 4385 4406 4407 4411 4443 4444 4448 4449 4472 4480 4501 4523 4570 4581 4591 4597 4654 4657 4668 4675 4681 4691
63 110 111 126 135 145 180 181 210 225 226 270 279 313 317 321 322 331 340 344 348 357 382 394 450 478 540 575 634 700 703 763 791 797 802 885 887 894 949 985 1017 1042 1055 1064 1071 1093 1117 1124 1140 1168 1179 1192 1275 1279 1305 1309 1310 1331 1415 1445 1468 1497 1505 1527 1581 1592 1607 1611 1615 1691 1698 1713 1757 1767 1827 1851 1854 1897 1908 1916 1925 1926 1935 1937 1942 1954 1965 1975 1978 1988 2107 2109 2132 2168 2173 2211 2256 2319 2353 2379 2414 2416 2470 2472 2475 2485 2500 2504 2536 2578 2644 2660 2704 2710 2715 2716 2724 2737 2781 2784 2821 2841 2843 2895 2969 2971 2998 3034 3040 3042 3060 3061 3095 3114 3120 3131 3138 3141 3158 3165 3175 3198 3200 3266 3277 3284 3288 3292 3294 3310 3332 3354 3368 3408 3431 3432 3464 3517 3532 3536 3541 3565 3585 3592 3605 3633 3666 3668 3676 3713 3729 3730 3767 3785 3803 3806 3828 3831 3866 3911 3963 3964 4020 4032 4043 4055 4063 4074 4075 4096 4102 4129 4155 4173 4183 4216 4283 4313 4315 4322 4330 4357 4368 4376 4386 4438 4442 4444 4454 4463 4465 4483 4515 4566 4574 4635 4638 4659 4662 4680
88 99 112 126 142 151 178 203 265 303 305 314 329 332 346 347 364 384 411 435 452 461 510 521 524 691 695 696 741 761 813 815 836 883 926 932 1014 1063 1078 1103 1135 1137 1159 1234 1248 1271 1289 1299 1306 1325 1371 1398 1422 1425 1489 1490 1493 1525 1581 1582 1600 1688 1698 1754 1793 1838 1846 1898 1910 1934 1938 1951 1970 1984 2044 2075 2080 2090 2100 2111 2186 2210 2211 2233 2246 2296 2313 2331 2348 2362 2408 2440 2444 2456 2494 2532 2535 2564 2567 2577 2620 2652 2710 2716 2739 2770 2775 2780 2812 2830 2834 2845 2877 2927 2958 2965 2982 3016 3046 3053 3100 3109 3122 3129 3144 3156 3207 3254 3263 3353 3395 3404 3407 3425 3453 3524 3542 3575 3588 3589 3623 3662 3666 3670 3712 3714 3719 3790 3795 3855 3862 3871 3909 3927 3941 3949 3954 3983 4003 4027 4044 4053 4058 4072 4093 4097 4120 4139 4146 4150 4161 4212 4216 4238 4270 4271 4278 4308 4316 4331 4384 4423 4436 4439 4445 4451 4478 4548 4553 4591 4614 4632 4653 4654
86 120 125 128 142 181 201 209 242 251 254 255 278 290 300 302 314 334 335 368 396 431 450 454 483 517 522 574 612 632 689 697 715 801 876 924 926 930 936 965 992 993 1003 1033 1050 1086 1101 1109 1132 1229 1231 1233 1274 1288 1296 1298 1322 1364 1403 1423 1431 1459 1483 1507 1516 1546 1564 1576 1588 1637 1689 1694 1697 1733 1749 1753 1783 1809 1813 1834 1858 1891 1895 1906 1909 1913 1917 1924 1967 1983 1985 2012 2054 2084 2092 2102 2208 2219 2234 2248 2297 2301 2346 2359 2400 2406 2428 2433 2447 2478 2533 2554 2610 2618 2666 2673 2687 2769 2770 2821 2898 2902 2928 2933 2973 3035 3037 3073 3095 3125 3129 3152 3153 3159 3162 3183 3216 3253 3263 3287 3304 3336 3346 3352 3375 3398 3401 3416 3442 3485 3519 3541 3554 3559 3583 3588 3594 3660 3662 3670 3671 3680 3710 3764 3780 3781 3789 3799 3822 3852 3875 3907 3930 3953 3969 3987 4013 4021 4025 4031 4062 4072 4079 4081 4108 4133 4134 4139 4146 4174 4182 4198 4212 4213 4257 4260 4261 4267 4277 4297 4303 4304 4305 4311 4334 4366 4381 4408 4415 4431 4435 4451 4496 4498 4501 4548 4552 4565 4579 4625 4626 4628
49 68 81 111 123 139 141 161 181 208 210 226 229 265 295 300 310 322 325 334 369 406 411 447 456 500 513 589 600 663 690 788 801 816 844 915 926 979 991 1030 1041 1079 1091 1096 1105 1132 1223 1232 1270 1288 1296 1318 1336 1346 1368 1429 1482 1520 1523 1555 1560 1569 1617 1641 1655 1687 1692 1708 1713 1730 1732 1736 1768 1802 1812 1827 1854 1863 1903 1904 1923 1941 1955 1963 1964 1994 2073 2090 2093 2204 2219 2297 2343 2353 2373 2395 2415 2417 2422 2443 2468 2508 2511 2517 2521 2527 2583 2604 2616 2631 2660 2664 2769 2804 2887 2899 2912 2925 2936 2937 2949 2984 3033 3047 3059 3066 3075 3078 3089 3099 3114 3124 3158 3187 3238 3247 3283 3285 3331 3344 3355 3367 3398 3399 3427 3430 3460 3517 3534 3536 3538 3539 3551 3554 3589 3600 3624 3659 3667 3668 3678 3698 3751 3761 3777 3789 3793 3839 3840 3906 3924 3942 3949 3967 3975 4019 4020 4037 4062 4077 4107 4123 4133 4152 4205 4206 4241 4259 4262 4265 4280 4300 4302 4332 4335 4360 4369 4379 4397 4406 4429 4459 4490 4542 4603 4605 4621
22 30 50 99 106 132 174 177 190 210 265 277 279 289 302 307 314 380 386 427 478 510 587 684 757 795 815 848 900 908 921 970 1002 1011 1030 1072 1087 1090 1109 1144 1207 1213 1222 1253 1273 1284 1290 1310 1321 1324 1335 1393 1470 1482 1509 1510 1513 1520 1555 1562 1597 1675 1680 1690 1721 1758 1803 1812 1860 1877 1896 1953 1993 2015 2047 2085 2087 2091 2130 2153 2179 2186 2291 2293 2342 2391 2406 2420 2452 2454 2502 2505 2525 2527 2535 2575 2585 2596 2612 2648 2716 2725 2733 2758 2781 2797 2808 2826 2855 2922 2984 2988 3020 3025 3031 3042 3071 3075 3089 3103 3113 3146 3156 3208 3226 3227 3255 3257 3260 3272 3292 3299 3331 3335 3337 3344 3346 3358 3364 3396 3452 3514 3530 3538 3541 3547 3587 3608 3634 3641 3649 3653 3661 3678 3747 3749 3766 3833 3868 3890 3906 3921 3935 3950 3956 4017 4019 4027 4028 4043 4048 4067 4130 4203 4205 4234 4255 4264 4292 4295 4327 4333 4359 4361 4373 4400 4420 4428 4455 4457 4477 4506 4527 4539 4580 4605 4616 4618
22 34 61 102 104 106 115 128 130 180 200 255 265 274 280 290 291 298 299 305 307 316 368 428 495 527 530 579 654 681 812 882 905 970 998 1003 1074 1076 1081 1084 1092 1109 1117 1186 1219 1221 1248 1271 1276 1278 1299 1318 1327 1360 1365 1431 1439 1476 1482 1491 1513 1590 1614 1672 1681 1683 1715 1738 1757 1767 1802 1806 1856 1886 1895 1945 1952 1983 1986 2033 2038 2074 2094 2119 2184 2246 2256 2258 2269 2326 2329 2331 2383 2445 2447 2451 2493 2514 2527 2555 2584 2614 2696 2724 2793 2916 2943 2960 2982 3010 3031 3045 3072 3086 3122 3141 3142 3208 3225 3267 3305 3307 3326 3338 3340 3387 3391 3441 3469 3484 3524 3584 3587 3596 3617 3623 3624 3629 3633 3641 3648 3673 3737 3747 3749 3753 3759 3822 3850 3870 3885 3886 3905 3923 3931 3934 3955 4009 4012 4015 4017 4023 4047 4086 4106 4108 4109 4198 4201 4206 4242 4245 4277 4280 4288 4291 4292 4325 4339 4352 4360 4364 4372 4392 4394 4397 4424 4447 4448 4490 4527 4550 4581 4582 4609
19 39 91 95 112 116 121 169 180 194 241 244 259 285 290 298 306 324 365 380 498 530 542 572 637 664 672 726 774 810 811 868 871 890 966 1012 1025 1046 1093 1096 1133 1183 1215 1228 1232 1244 1274 1297 1324 1333 1434 1456 1470 1480 1491 1505 1509 1538 1567 1580 1638 1648 1649 1683 1688 1700 1705 1725 1738 1766 1771 1777 1852 1880 1933 1934 1966 1999 2018 2026 2029 2040 2053 2062 2133 2243 2258 2311 2323 2331 2359 2360 2367 2368 2382 2432 2444 2450 2458 2484 2510 2530 2553 2575 2578 2582 2699 2753 2759 2787 2793 2807 2813 2817 2872 2912 2933 2934 2935 2971 2975 2998 3009 3022 3040 3066 3068 3072 3074 3077 3124 3138 3161 3199 3210 3259 3262 3299 3322 3334 3337 3369 3433 3438 3446 3449 3468 3482 3516 3520 3559 3567 3578 3617 3638 3728 3744 3745 3748 3787 3851 3854 3863 3886 3904 3906 3923 3939 3941 3950 3971 3973 3975 4001 4007 4012 4014 4015 4019 4072 4095 4097 4104 4146 4178 4193 4198 4205 4208 4214 4232 4241 4269 4322 4327 4343 4348 4361 4366 4367 4378 4384 4413 4485 4508 4521 4542 4547 4580 4599
19 36 39 71 90 110 113 221 231 255 264 268 277 279 283 286 311 387 407 498 504 566 609 635 726 800 837 838 877 888 952 966 993 1010 1017 1071 1091 1121 1136 1201 1215 1224 1230 1235 1270 1279 1318 1343 1424 1425 1440 1467 1488 1497 1521 1564 1572 1604 1643 1672 1697 1718 1754 1758 1760 1762 1827 1851 1873 1906 1943 1960 1961 2016 2021 2034 2107 2192 2201 2240 2289 2309 2339 2356 2416 2427 2438 2449 2454 2471 2481 2494 2496 2505 2519 2548 2575 2630 2687 2695 2696 2714 2729 2753 2759 2792 2864 2870 2892 2894 2935 2998 3002 3015 3018 3044 3056 3058 3059 3063 3072 3103 3148 3176 3179 3249 3261 3279 3304 3314 3319 3336 3366 3386 3410 3430 3472 3510 3519 3557 3571 3573 3613 3615 3626 3631 3687 3690 3720 3724 3767 3782 3835 3852 3867 3893 3923 3947 3965 4003 4008 4017 4038 4068 4072 4095 4149 4152 4188 4195 4203 4210 4212 4219 4237 4246 4257 4322 4341 4355 4356 4372 4398 4402 4470 4473 4482 4513 4545 4550 4555
4 13 20 24 26 57 70 77 82 86 103 118 218 250 260 276 278 286 331 403 447 480 515 557 686 725 765 793 796 810 843 848 865 875 882 910 913 932 940 1004 1012 1036 1052 1144 1182 1206 1209 1215 1218 1231 1267 1274 1316 1363 1420 1456 1460 1481 1490 1507 1509 1518 1534 1580 1628 1640 1641 1679 1685 1718 1754 1839 1851 1863 1872 1902 1905 1932 1956 1960 1974 2010 2018 2032 2035 2070 2075 2093 2147 2153 2168 2222 2248 2293 2309 2331 2332 2350 2361 2415 2429 2471 2480 2503 2514 2530 2539 2561 2639 2649 2662 2673 2734 2751 2755 2801 2809 2850 2857 2894 2915 2922 2938 2978 2984 2991 3004 3049 3050 3051 3056 3059 3061 3096 3129 3134 3170 3236 3260 3275 3291 3292 3293 3299 3304 3314 3317 3343 3387 3395 3424 3463 3483 3486 3512 3556 3583 3591 3612 3626 3643 3671 3677 3705 3715 3724 3746 3763 3775 3841 3858 3865 3870 3871 3876 3885 3904 3909 3950 3965 3982 4002 4008 4009 4057 4063 4067 4083 4090 4093 4160 4186 4191 4193 4199 4203 4227 4242 4245 4251 4305 4321 4326 4336 4343 4351 4386 4395 4427 4431 4432 4476 4506 4545
17 55 59 72 76 110 141 193 197 203 235 266 275 279 280 311 397 420 471 487 502 509 535 655 666 742 761 805 835 839 846 853 863 875 921 938 983 1006 1008 1021 1047 1126 1174 1200 1218 1228 1245 1262 1273 1287 1299 1334 1407 1411 1439 1448 1456 1513 1544 1553 1610 1613 1616 1633 1637 1692 1715 1734 1739 1743 1756 1792 1836 1841 1844 1871 1875 1896 1917 1950 1952 1959 1972 1976 1996 1997 2004 2016 2029 2121 2142 2177 2199 2244 2270 2293 2299 2306 2314 2349 2379 2404 2421 2438 2471 2480 2485 2560 2616 2655 2694 2738 2782 2837 2860 2866 2870 2909 2910 2942 2962 2964 2984 3037 3044 3062 3128 3133 3164 3176 3230 3243 3259 3278 3286 3298 3312 3362 3373 3376 3410 3426 3455 3471 3474 3479 3492 3514 3522 3532 3548 3602 3606 3623 3634 3665 3700 3705 3715 3775 3832 3835 3843 3869 3878 3880 3883 3912 3956 3958 3974 3993 4000 4008 4011 4055 4062 4069 4118 4155 4171 4177 4187 4189 4196 4225 4229 4305 4318 4319 4331 4363 4375 4398 4407 4428 4430 4448 4503 4532
16 41 52 53 69 88 133 146 173 189 201 206 211 220 233 240 248 256 258 265 397 435 471 473 492 570 643 645 716 731 760 768 834 841 848 856 860 921 933 966 978 979 1004 1034 1036 1040 1169 1200 1238 1255 1377 1393 1407 1434 1444 1447 1458 1528 1540 1574 1579 1620 1628 1637 1657 1706 1707 1735 1738 1833 1835 1858 1887 1891 1892 1905 1929 1972 2005 2018 2052 2082 2095 2130 2131 2164 2173 2236 2237 2241 2248 2249 2281 2288 2293 2295 2309 2334 2371 2380 2390 2401 2436 2439 2477 2500 2555 2595 2608 2637 2666 2691 2711 2713 2730 2733 2761 2815 2833 2858 2864 2914 2947 2962 2981 2989 3010 3031 3041 3043 3052 3057 3095 3108 3127 3129 3210 3227 3243 3259 3297 3360 3410 3439 3458 3472 3503 3589 3601 3613 3636 3663 3667 3697 3702 3707 3754 3761 3783 3830 3843 3856 3880 3891 3953 3957 3963 3977 3999 4045 4053 4071 4107 4121 4177 4182 4186 4216 4224 4263 4275 4302 4319 4321 4362 4393 4405 4417 4528
7 34 54 56 82 96 144 146 166 177 233 251 258 310 343 359 386 427 430 468 473 563 578 642 679 718 726 748 782 831 833 846 894 915 929 975 1013 1023 1107 1112 1122 1132 1152 1154 1177 1192 1199 1222 1252 1335 1398 1430 1433 1435 1444 1475 1507 1514 1539 1608 1614 1661 1672 1736 1737 1798 1831 1835 1846 1899 1965 1997 2047 2061 2153 2183 2227 2267 2268 2291 2299 2307 2353 2393 2409 2430 2473 2524 2553 2556 2563 2564 2590 2599 2600 2620 2644 2673 2714 2719 2754 2792 2833 2840 2843 2875 2932 2947 2955 2970 2980 2992 3025 3034 3047 3082 3119 3124 3181 3209 3210 3215 3232 3251 3253 3295 3304 3310 3344 3350 3396 3421 3429 3436 3450 3495 3574 3577 3578 3586 3593 3601 3611 3659 3674 3677 3680 3740 3743 3756 3758 3775 3786 3831 3835 3878 3890 3926 3947 3955 3959 3985 3988 3995 3996 4035 4039 4050 4084 4120 4131 4154 4155 4171 4182 4215 4236 4266 4300 4301 4318 4341 4366 4407 4516
34 49 54 68 85 165 204 237 244 339 350 376 409 421 527 539 567 615 678 712 726 738 741 772 781 828 831 870 905 907 959 968 972 1009 1063 1070 1098 1104 1169 1192 1194 1196 1197 1206 1220 1221 1247 1265 1297 1355 1364 1383 1409 1415 1418 1422 1442 1443 1459 1460 1507 1535 1569 1585 1611 1614 1618 1658 1661 1722 1726 1734 1780 1806 1831 1861 1883 1893 1897 1929 1962 1965 1996 2039 2105 2175 2179 2192 2215 2222 2256 2272 2275 2300 2375 2389 2407 2419 2427 2473 2487 2489 2491 2568 2609 2656 2669 2694 2786 2809 2830 2876 2918 2949 2955 2985 2996 3013 3018 3041 3056 3119 3121 3176 3181 3183 3191 3194 3224 3225 3238 3241 3247 3281 3298 3323 3328 3338 3348 3385 3411 3417 3487 3545 3554 3564 3589 3598 3601 3608 3635 3647 3649 3666 3674 3713 3737 3749 3764 3775 3816 3826 3858 3916 3935 3941 3955 3979 3981 3993 4025 4031 4033 4050 4111 4119 4124 4128 4140 4144 4158 4171 4179 4221 4288 4296 4313 4322 4362 4436 4508
28 33 34 48 59 131 156 161 163 203 228 243 255 265 285 325 352 390 402 414 419 464 474 515 535 628 647 690 740 774 784 818 819 820 829 853 963 1002 1083 1090 1104 1152 1169 1173 1190 1201 1217 1245 1332 1368 1395 1417 1503 1524 1535 1585 1602 1613 1638 1640 1679 1709 1713 1767 1829 1831 1847 1869 1875 1935 1943 1955 1961 2010 2015 2034 2088 2188 2196 2205 2256 2366 2367 2385 2398 2426 2470 2476 2487 2504 2521 2555 2556 2606 2630 2633 2669 2680 2683 2784 2796 2805 2906 2917 2936 2937 2939 2942 2949 2959 2978 2989 3012 3038 3070 3096 3131 3174 3179 3180 3210 3213 3220 3241 3261 3290 3333 3336 3355 3365 3378 3403 3410 3412 3469 3507 3547 3582 3585 3587 3589 3603 3636 3638 3643 3653 3671 3689 3715 3723 3741 3788 3791 3810 3833 3842 3892 3901 3906 3910 3916 3920 3926 3931 3933 3936 3943 3959 3965 3968 3970 3991 4000 4009 4034 4046 4067 4069 4098 4109 4111 4128 4135 4139 4147 4148 4163 4172 4186 4287 4290 4303 4316 4338 4351 4355 4357 4400 4504
11 16 35 48 156 158 190 197 199 222 224 265 324 384 388 392 393 397 404 408 421 453 467 548 599 613 670 703 741 811 814 828 849 902 927 956 1044 1076 1096 1110 1122 1132 1153 1175 1176 1188 1192 1206 1290 1332 1349 1356 1379 1398 1410 1413 1414 1476 1493 1516 1520 1544 1548 1561 1600 1629 1630 1656 1665 1685 1688 1767 1809 1819 1829 1861 1926 1943 1998 2033 2036 2104 2181 2192 2255 2319 2344 2352 2398 2420 2422 2467 2483 2529 2532 2540 2551 2584 2597 2605 2635 2674 2697 2734 2792 2794 2855 2904 2909 2928 2935 2938 2946 2978 2998 3009 3059 3081 3083 3129 3155 3157 3177 3209 3213 3219 3233 3267 3278 3279 3295 3301 3331 3346 3394 3406 3440 3530 3535 3544 3547 3554 3563 3569 3571 3588 3594 3618 3619 3639 3642 3648 3649 3651 3667 3671 3718 3743 3744 3808 3811 3818 3886 3887 3897 3899 3906 3917 3922 3931 3974 3989 3994 4012 4046 4069 4076 4107 4128 4140 4149 4158 4195 4258 4267 4272 4279 4287 4292 4293 4334 4348
9 34 42 60 151 159 160 171 181 194 207 217 255 310 367 377 399 434 439 528 544 583 665 670 685 692 717 732 806 821 848 849 855 871 879 932 990 1017 1029 1057 1064 1074 1089 1120 1136 1161 1165 1166 1189 1206 1251 1331 1355 1378 1389 1393 1398 1402 1406 1471 1501 1510 1530 1595 1628 1630 1681 1782 1812 1814 1817 1828 1860 1881 1926 1943 1952 2008 2059 2123 2164 2180 2222 2243 2247 2268 2287 2317 2335 2386 2393 2417 2444 2458 2459 2464 2483 2533 2597 2622 2758 2767 2850 2889 2906 2911 2929 2941 2961 2995 2996 3001 3008 3038 3056 3077 3123 3138 3169 3183 3202 3227 3236 3263 3277 3297 3345 3393 3394 3473 3507 3535 3539 3550 3570 3578 3585 3592 3599 3616 3633 3641 3651 3689 3702 3718 3734 3736 3756 3801 3803 3864 3897 3900 3907 3912 3917 3923 3925 3928 3939 3956 3970 3971 3981 3987 3988 3997 4057 4090 4097 4099 4121 4135 4136 4147 4150 4198 4267 4269 4272 4278 4286 4309 4331
8 29 30 35 40 151 160 165 166 178 195 203 204 219 286 307 371 373 378 406 600 660 680 706 738 791 837 840 869 915 932 949 963 1018 1041 1044 1061 1087 1094 1101 1124 1125 1135 1152 1179 1204 1205 1227 1276 1289 1315 1350 1368 1384 1386 1389 1404 1458 1498 1517 1527 1561 1608 1670 1730 1735 1804 1807 1825 1855 1882 1907 1910 1914 1937 1966 1998 2008 2088 2154 2177 2217 2220 2224 2232 2238 2275 2330 2335 2383 2400 2407 2444 2453 2459 2461 2462 2511 2551 2564 2577 2605 2624 2752 2755 2812 2827 2884 2889 2919 2920 2961 2985 2986 3026 3030 3044 3075 3083 3090 3116 3131 3133 3168 3177 3193 3216 3219 3269 3272 3275 3284 3340 3345 3378 3389 3412 3505 3521 3531 3536 3542 3552 3568 3569 3590 3615 3644 3647 3680 3686 3688 3718 3791 3861 3869 3890 3898 3912 3923 3952 3954 3965 3967 3971 3985 3987 3988 4000 4052 4070 4079 4085 4086 4099 4101 4118 4124 4203 4207 4222 4237 4267 4272 4276 4309
4 6 23 106 148 149 164 171 196 197 285 294 358 361 368 370 523 524 633 656 661 665 706 735 746 758 786 805 819 826 831 856 883 899 914 946 979 1008 1053 1055 1060 1082 1086 1123 1147 1161 1163 1204 1209 1269 1272 1298 1306 1326 1343 1369 1384 1495 1514 1531 1602 1622 1629 1630 1635 1639 1718 1786 1791 1801 1804 1805 1826 1836 1849 1896 1897 1900 1908 1942 1963 2004 2109 2112 2116 2172 2197 2201 2203 2224 2270 2318 2331 2345 2385 2393 2409 2411 2424 2444 2450 2452 2454 2480 2485 2490 2570 2602 2603 2629 2712 2749 2772 2804 2816 2889 2913 2927 2938 2976 2983 3038 3046 3069 3082 3159 3171 3190 3207 3260 3269 3272 3276 3283 3329 3382 3387 3469 3484 3517 3519 3533 3540 3550 3558 3559 3568 3574 3600 3615 3637 3671 3673 3718 3734 3758 3853 3886 3895 3922 3940 3942 3967 4040 4060 4065 4069 4077 4090 4115 4123 4156 4190 4197 4209 4264 4267 4274
19 28 80 104 117 119 129 138 154 161 269 312 350 365 370 533 570 655 660 667 681 709 740 787 802 807 870 871 894 917 922 940 959 1019 1042 1053 1056 1066 1080 1081 1116 1127 1145 1211 1219 1287 1337 1368 1384 1410 1473 1491 1505 1519 1574 1598 1599 1610 1635 1692 1765 1781 1789 1799 1848 1895 1923 1957 1991 2108 2165 2190 2195 2224 2258 2265 2277 2310 2317 2381 2400 2416 2446 2447 2463 2484 2489 2490 2550 2552 2590 2686 2691 2709 2718 2749 2762 2825 2889 2896 2903 2917 2962 2963 2974 3000 3008 3028 3035 3047 3137 3155 3249 3255 3321 3359 3383 3412 3431 3432 3482 3507 3509 3518 3520 3525 3526 3549 3552 3565 3582 3596 3600 3612 3623 3639 3653 3681 3687 3758 3775 3810 3823 3840 3877 3884 3885 3894 3910 3921 3929 3937 3940 3946 4001 4002 4016 4033 4038 4046 4059 4068 4077 4084 4086 4111 4180 4184 4187 4195 4227 4246 4253 4265 4269
7 20 25 56 67 82 93 112 133 160 237 238 290 340 341 351 362 437 648 666 705 725 735 740 746 777 781 870 879 901 928 966 1001 1033 1047 1060 1067 1069 1103 1109 1122 1142 1199 1271 1324 1331 1347 1350 1351 1367 1374 1394 1465 1470 1471 1472 1527 1581 1599 1601 1625 1662 1684 1754 1757 1775 1777 1837 1852 1861 1990 2108 2116 2123 2165 2170 2187 2210 2244 2250 2252 2265 2270 2275 2349 2395 2399 2401 2443 2452 2455 2474 2479 2500 2508 2523 2556 2562 2630 2647 2661 2672 2749 2779 2855 2873 2883 2888 2894 2944 2950 2971 2984 3024 3112 3118 3122 3133 3152 3206 3209 3251 3255 3314 3316 3323 3356 3388 3426 3453 3481 3501 3509 3523 3547 3550 3560 3587 3602 3614 3615 3630 3662 3663 3665 3758 3764 3772 3810 3814 3835 3837 3839 3877 3889 3906 3920 3921 3943 3950 3957 3960 3994 4008 4016 4045 4055 4061 4066 4085 4101 4111 4128 4169 4176 4183 4186 4206 4245 4250 4261
20 30 93 98 102 124 157 161 221 281 313 354 446 484 497 617 644 723 762 770 846 847 852 867 872 932 995 1017 1022 1027 1045 1078 1110 1141 1195 1200 1203 1252 1289 1303 1320 1344 1349 1406 1407 1447 1453 1467 1512 1599 1600 1625 1725 1738 1748 1767 1774 1784 1809 1821 1826 1829 1996 2084 2103 2128 2186 2198 2218 2262 2264 2270 2342 2372 2384 2399 2436 2443 2465 2479 2509 2520 2546 2600 2628 2640 2649 2675 2698 2748 2768 2806 2808 2815 2822 2846 2852 2854 2855 2864 2880 2886 2889 2895 2937 2940 2970 2975 2977 3053 3107 3137 3139 3144 3151 3168 3179 3202 3218 3223 3231 3242 3311 3350 3362 3463 3482 3491 3520 3547 3549 3556 3571 3584 3594 3605 3616 3627 3639 3693 3712 3724 3744 3808 3817 3828 3831 3837 3877 3879 3915 3918 3920 3926 3939 3962 4012 4014 4020 4037 4054 4061 4081 4087 4092 4097 4160 4167 4184 4232 4240 4248 4260
7 88 93 111 124 155 201 202 253 258 268 303 335 351 417 438 579 603 617 721 762 844 863 868 962 985 989 1005 1009 1026 1070 1090 1097 1137 1156 1163 1179 1238 1269 1278 1285 1301 1311 1374 1408 1436 1452 1457 1480 1534 1556 1572 1577 1607 1618 1647 1669 1685 1693 1706 1715 1742 1761 1766 1789 1791 1794 1800 1817 1968 2027 2077 2101 2120 2122 2178 2253 2258 2260 2266 2295 2320 2371 2372 2424 2430 2442 2454 2473 2522 2549 2551 2556 2578 2583 2596 2604 2610 2611 2662 2727 2732 2801 2806 2843 2851 2880 2886 2918 2922 2925 2935 2937 2941 2970 3052 3099 3112 3136 3178 3194 3195 3200 3208 3220 3226 3241 3270 3275 3287 3318 3329 3342 3346 3347 3354 3358 3385 3412 3417 3459 3477 3520 3544 3545 3546 3547 3552 3568 3571 3590 3677 3695 3721 3733 3735 3779 3787 3808 3812 3825 3828 3830 3842 3845 3846 3874 3885 3896 3912 3918 3992 4007 4053 4061 4135 4136 4145 4158 4172 4192 4219 4235 4238 4241
23 58 77 84 90 93 121 129 145 154 200 222 234 245 249 290 325 401 432 485 562 594 614 664 721 724 766 814 833 839 845 852 904 927 946 963 974 984 1021 1057 1071 1094 1096 1131 1133 1167 1218 1253 1265 1275 1294 1311 1357 1368 1388 1400 1411 1431 1433 1436 1445 1480 1514 1516 1544 1552 1560 1571 1575 1604 1607 1609 1640 1650 1668 1688 1726 1756 1774 1787 1797 1809 1811 1839 1938 2077 2105 2111 2126 2254 2259 2260 2296 2356 2363 2365 2416 2430 2435 2436 2445 2482 2504 2526 2641 2665 2701 2753 2796 2839 2877 2879 2910 2921 2922 2926 2934 2941 2957 2997 3050 3089 3093 3105 3117 3125 3148 3168 3187 3198 3203 3224 3240 3246 3252 3272 3274 3320 3338 3346 3351 3379 3411 3424 3461 3472 3476 3486 3501 3505 3533 3534 3569 3636 3677 3714 3756 3787 3806 3807 3812 3813 3822 3823 3841 3848 3854 3878 3909 3910 3913 3978 3993 4021 4045 4051 4052 4054 4079 4122 4131 4186 4187 4196 4203 4235
23 27 84 108 134 150 176 179 196 227 249 282 325 384 421 495 528 566 577 612 691 693 694 713 722 774 829 830 836 895 956 957 972 1014 1056 1059 1071 1090 1112 1118 1128 1146 1163 1166 1193 1231 1242 1251 1261 1284 1311 1384 1385 1392 1413 1415 1417 1419 1435 1504 1529 1540 1554 1560 1564 1621 1641 1668 1672 1697 1698 1744 1765 1769 1785 1790 1886 1915 1985 2045 2069 2098 2114 2119 2189 2217 2249 2257 2259 2267 2292 2314 2329 2330 2360 2410 2421 2430 2434 2477 2499 2524 2611 2653 2679 2720 2745 2762 2792 2826 2860 2869 2870 2900 2906 2910 2920 2993 3042 3058 3063 3077 3099 3106 3116 3125 3135 3138 3146 3192 3197 3210 3240 3271 3320 3323 3345 3409 3424 3432 3468 3518 3520 3534 3541 3590 3595 3651 3665 3672 3675 3676 3678 3693 3729 3750 3768 3800 3812 3819 3821 3837 3842 3851 3867 3891 3892 3900 3902 3910 3919 3936 3980 4018 4026 4030 4040 4051 4052 4091 4109 4120 4184 4193 4197 4201 4209 4220
10 44 61 81 84 91 111 122 161 166 188 239 265 360 368 510 541 551 607 643 687 763 775 787 789 798 878 892 940 950 978 1002 1012 1016 1051 1053 1057 1102 1130 1153 1181 1209 1211 1241 1245 1270 1311 1323 1346 1379 1408 1461 1493 1532 1546 1551 1580 1607 1611 1637 1638 1661 1686 1729 1736 1741 1744 1765 1833 1947 2011 2035 2061 2096 2112 2113 2117 2189 2216 2222 2253 2260 2310 2318 2355 2360 2389 2407 2416 2436 2453 2458 2464 2476 2517 2520 2521 2562 2613 2640 2642 2713 2745 2803 2819 2855 2869 2880 2894 2898 2910 2977 2991 3036 3051 3084 3092 3105 3125 3157 3169 3216 3237 3242 3303 3321 3326 3392 3403 3421 3436 3458 3464 3518 3524 3532 3534 3536 3555 3623 3662 3684 3710 3712 3765 3782 3784 3819 3824 3825 3828 3867 3888 3891 3903 3910 4002 4007 4022 4029 4048 4075 4093 4113 4135 4166 4176 4177 4196 4212
7 47 76 77 78 86 141 149 156 159 218 235 289 314 421 503 533 584 625 649 668 682 745 776 778 786 794 863 872 903 914 932 943 981 1014 1033 1045 1057 1095 1122 1125 1128 1132 1178 1196 1222 1227 1245 1253 1263 1296 1320 1353 1371 1402 1406 1463 1502 1528 1551 1553 1559 1609 1618 1628 1680 1704 1711 1734 1740 1760 1800 1804 1883 1925 1932 1947 1977 2029 2034 2038 2040 2066 2096 2103 2124 2205 2220 2224 2238 2295 2296 2360 2362 2367 2394 2437 2443 2450 2467 2515 2599 2630 2802 2817 2819 2848 2853 2864 2894 2904 2906 2916 2951 2976 3023 3048 3051 3076 3077 3116 3169 3193 3199 3222 3229 3241 3244 3250 3275 3319 3338 3401 3417 3418 3446 3450 3464 3483 3489 3517 3520 3526 3551 3592 3615 3634 3643 3658 3701 3713 3724 3728 3754 3812 3817 3825 3862 3871 3876 3879 3881 3948 3970 3980 3994 3998 4015 4018 4020 4027 4080 4123 4160 4172 4207
4 14 67 74 128 151 162 228 260 301 313 337 419 444 445 492 518 530 575 579 665 676 703 707 708 724 733 759 854 915 918 920 952 959 967 968 1016 1030 1057 1063 1072 1087 1165 1180 1226 1237 1304 1310 1361 1403 1425 1471 1484 1528 1544 1572 1618 1621 1637 1679 1693 1707 1729 1731 1758 1760 1827 1889 1924 1935 2031 2035 2040 2067 2075 2083 2187 2211 2219 2227 2257 2295 2358 2359 2374 2380 2390 2408 2427 2438 2598 2622 2665 2702 2745 2780 2804 2811 2845 2848 2855 2874 2887 2894 2898 2901 2957 2963 3004 3018 3030 3055 3095 3103 3112 3114 3125 3168 3170 3195 3224 3270 3318 3407 3449 3461 3466 3470 3478 3513 3517 3520 3523 3548 3613 3614 3636 3650 3661 3685 3687 3776 3790 3791 3792 3804 3805 3817 3859 3881 3965 3990 3997 4005 4007 4012 4013 4052 4115 4147 4166 4195
10 11 39 46 47 63 70 71 108 155 224 299 321 395 423 490 550 572 575 610 625 639 640 642 647 697 700 701 717 782 850 871 906 918 919 922 939 940 947 1000 1021 1033 1064 1083 1154 1172 1180 1202 1212 1235 1307 1326 1383 1395 1398 1401 1437 1467 1481 1491 1503 1508 1518 1521 1543 1549 1553 1595 1596 1607 1651 1705 1712 1714 1717 1739 1767 1841 1849 1912 1951 2031 2034 2057 2081 2093 2182 2194 2219 2238 2241 2246 2272 2336 2342 2357 2360 2384 2475 2515 2534 2540 2555 2607 2696 2722 2731 2775 2808 2816 2827 2839 2840 2852 2893 2894 2895 2921 2962 2978 2996 3019 3021 3037 3069 3089 3111 3112 3167 3192 3212 3229 3254 3293 3299 3316 3324 3336 3348 3408 3424 3436 3447 3455 3510 3518 3519 3556 3598 3606 3643 3652 3666 3670 3734 3751 3764 3781 3795 3801 3832 3840 3859 3869 3872 3873 3881 3922 3945 3978 3981 4003 4004 4050 4082 4102 4126 4161 4164 4168
5 32 37 62 73 89 112 125 284 297 402 415 445 458 460 532 558 569 629 634 644 645 656 686 694 773 846 869 897 915 938 961 995 1007 1021 1056 1067 1130 1157 1163 1173 1174 1199 1201 1233 1267 1282 1309 1313 1320 1332 1388 1398 1427 1449 1462 1483 1485 1489 1495 1512 1550 1565 1586 1683 1688 1713 1719 1731 1837 1933 1949 1950 1965 2010 2042 2048 2057 2070 2073 2119 2167 2208 2217 2220 2310 2311 2326 2332 2335 2362 2365 2380 2469 2501 2529 2595 2688 2710 2725 2748 2751 2759 2775 2792 2799 2830 2839 2840 2847 2872 2890 2893 2921 2958 2971 3009 3016 3028 3054 3056 3079 3101 3116 3117 3126 3166 3190 3195 3212 3217 3221 3230 3253 3264 3327 3345 3363 3381 3418 3425 3429 3442 3473 3509 3510 3519 3588 3590 3612 3615 3633 3666 3725 3746 3761 3763 3780 3784 3830 3841 3857 3866 3871 3913 3939 3966 3976 3981 3996 4004 4013 4077 4080 4102 4106 4110 4136
3 9 29 56 67 83 88 91 239 278 282 362 399 414 448 456 505 533 534 550 551 628 630 635 679 683 755 799 826 830 845 876 885 894 912 913 987 990 1017 1032 1049 1058 1128 1129 1154 1155 1167 1180 1181 1182 1193 1199 1239 1243 1305 1307 1374 1401 1481 1487 1507 1511 1514 1530 1663 1677 1685 1687 1696 1709 1739 1803 1866 1876 1914 1940 2035 2067 2130 2168 2183 2204 2272 2297 2314 2319 2329 2331 2351 2354 2373 2379 2396 2421 2449 2452 2493 2530 2703 2712 2754 2770 2812 2827 2844 2863 2879 2882 2886 2888 2900 2956 2972 3024 3057 3073 3096 3097 3101 3159 3205 3211 3224 3245 3272 3305 3341 3355 3414 3419 3466 3495 3505 3508 3514 3518 3528 3553 3577 3588 3616 3644 3693 3739 3741 3763 3773 3812 3825 3828 3841 3842 3847 3853 3854 3864 3871 3898 3946 3972 3976 3977 3988 3991 4002 4028 4071 4098 4116
4 6 27 45 52 61 74 94 213 238 337 342 357 370 378 380 447 457 474 497 529 534 543 584 599 618 624 629 676 707 756 823 833 841 893 900 974 1005 1019 1114 1118 1122 1149 1155 1160 1180 1210 1274 1305 1348 1350 1403 1415 1456 1472 1489 1507 1589 1617 1630 1671 1700 1709 1772 1800 1852 1939 2012 2026 2029 2062 2067 2076 2092 2102 2103 2161 2187 2195 2233 2267 2287 2310 2318 2322 2347 2354 2368 2412 2450 2489 2578 2690 2702 2720 2758 2792 2803 2815 2818 2820 2823 2825 2832 2838 2863 2874 2875 2881 2909 2983 3008 3013 3059 3069 3094 3118 3147 3195 3201 3232 3237 3286 3294 3306 3400 3407 3409 3414 3476 3484 3494 3500 3503 3512 3544 3575 3585 3610 3624 3677 3710 3725 3735 3761 3766 3804 3809 3821 3822 3823 3831 3833 3848 3852 3853 3857 3874 3884 3946 3951 3968 3975 4020 4036 4044 4090
50 57 207 333 351 391 410 411 443 493 522 529 537 538 607 617 633 654 671 741 746 779 781 817 859 860 884 887 897 916 937 951 954 1000 1015 1067 1109 1129 1143 1150 1156 1164 1177 1178 1179 1263 1273 1303 1338 1345 1367 1393 1420 1436 1468 1502 1603 1621 1634 1636 1651 1666 1678 1686 1781 1840 1847 1922 1993 2015 2016 2021 2049 2059 2077 2101 2107 2136 2152 2157 2187 2227 2233 2236 2257 2274 2281 2300 2305 2310 2318 2337 2344 2377 2378 2416 2428 2488 2524 2537 2688 2705 2756 2777 2800 2802 2821 2825 2855 2870 2872 2879 2883 2893 2958 2959 2981 2995 3057 3068 3073 3083 3116 3123 3134 3147 3168 3181 3195 3214 3264 3280 3294 3337 3355 3374 3389 3393 3469 3488 3502 3511 3541 3556 3558 3564 3568 3573 3649 3662 3729 3736 3758 3773 3793 3803 3809 3819 3822 3829 3844 3852 3882 3911 3938 3955 3959 3969 3975 4008 4073 4080
44 45 113 114 117 272 285 294 327 391 395 421 453 509 520 544 571 582 628 644 663 666 718 719 762 763 767 810 864 870 886 893 938 946 949 1009 1037 1068 1112 1134 1141 1146 1150 1167 1176 1179 1240 1243 1272 1301 1329 1330 1331 1359 1400 1410 1443 1457 1474 1486 1499 1582 1583 1595 1620 1651 1652 1659 1671 1685 1695 1737 1745 1752 1769 1808 1904 1913 1918 1921 2002 2040 2057 2090 2101 2131 2160 2162 2215 2221 2223 2232 2276 2290 2310 2325 2331 2337 2360 2374 2420 2486 2524 2542 2672 2682 2703 2731 2758 2779 2783 2800 2820 2845 2859 2866 2869 2939 2943 2960 3050 3055 3056 3072 3078 3089 3093 3108 3114 3162 3176 3184 3186 3195 3257 3355 3361 3383 3389 3464 3465 3501 3512 3544 3549 3550 3559 3645 3726 3751 3782 3789 3805 3817 3818 3825 3831 3832 3837 3841 3876 3899 3931 3937 3942 3946 3952 3971 3973 3974 3977 4003
41 45 108 239 318 339 367 390 413 482 501 519 523 564 573 618 627 650 703 735 753 760 838 855 857 866 881 889 939 946 1018 1026 1030 1038 1045 1048 1055 1120 1136 1141 1176 1239 1259 1269 1328 1346 1396 1399 1429 1431 1436 1444 1458 1460 1481 1484 1581 1614 1633 1645 1650 1682 1741 1801 1878 1901 1956 1957 1977 1989 2018 2059 2101 2121 2130 2154 2209 2261 2298 2304 2312 2326 2363 2372 2466 2515 2550 2620 2627 2631 2650 2665 2698 2731 2779 2786 2814 2819 2820 2831 2835 2846 2851 2855 2866 2868 2875 2922 2928 2954 2959 3050 3054 3076 3126 3135 3169 3176 3236 3303 3356 3359 3366 3389 3423 3439 3448 3458 3459 3499 3501 3505 3517 3518 3545 3546 3551 3569 3584 3604 3635 3640 3689 3694 3699 3720 3723 3745 3754 3762 3763 3792 3793 3815 3818 3831 3835 3867 3898 3922 3928 3932 3942 3970 3996
35 90 127 282 358 363 423 435 487 504 543 564 565 592 623 650 699 715 730 735 743 764 776 847 855 870 879 895 900 946 1010 1030 1053 1066 1096 1102 1117 1128 1130 1135 1150 1153 1243 1248 1276 1308 1327 1345 1367 1395 1420 1423 1438 1445 1478 1518 1577 1630 1647 1650 1721 1801 1888 1948 1956 1970 1976 1980 2055 2059 2105 2110 2119 2188 2197 2202 2251 2288 2301 2303 2309 2365 2438 2497 2530 2554 2602 2612 2620 2629 2639 2641 2678 2680 2709 2726 2749 2761 2764 2817 2827 2840 2843 2853 2862 2871 2894 2911 2987 3015 3019 3022 3049 3068 3118 3130 3131 3145 3155 3162 3199 3224 3246 3322 3355 3361 3401 3406 3418 3440 3445 3458 3478 3494 3495 3497 3512 3529 3532 3570 3573 3619 3636 3668 3676 3695 3699 3706 3716 3750 3762 3787 3789 3813 3815 3816 3822 3852 3865 3876 3925 3928 3936 3958
23 34 69 112 194 247 251 322 416 419 432 463 473 487 529 594 612 629 636 680 682 713 716 764 839 844 853 855 863 869 900 933 943 973 1002 1021 1044 1100 1114 1130 1183 1210 1244 1267 1302 1314 1324 1361 1365 1385 1405 1413 1416 1429 1432 1440 1549 1572 1582 1620 1641 1647 1724 1775 1800 1879 1886 1928 1964 1971 1982 1994 2028 2086 2099 2106 2116 2188 2243 2283 2291 2297 2412 2573 2578 2597 2621 2661 2669 2688 2705 2716 2814 2816 2818 2833 2839 2853 2854 2869 2888 2913 3003 3006 3011 3042 3049 3051 3100 3104 3125 3129 3146 3153 3178 3208 3318 3351 3352 3389 3427 3440 3452 3457 3471 3489 3492 3501 3508 3529 3612 3636 3653 3660 3682 3694 3737 3747 3760 3781 3789 3796 3815 3849 3864 3867 3919 3925 3935 3939 3940 3948
2 8 13 28 34 85 87 89 138 158 207 243 257 265 315 393 394 397 413 455 469 472 473 526 529 580 608 612 616 680 690 695 739 744 832 850 852 856 905 921 970 995 996 1035 1038 1088 1128 1130 1150 1214 1242 1243 1245 1256 1295 1325 1330 1366 1384 1394 1407 1413 1416 1511 1518 1561 1588 1595 1608 1618 1632 1636 1644 1646 1697 1759 1785 1798 1829 1830 1892 1918 1929 1938 1964 1971 2011 2076 2081 2093 2166 2181 2186 2239 2242 2280 2288 2292 2386 2475 2573 2591 2602 2655 2664 2666 2701 2703 2759 2778 2795 2803 2804 2812 2826 2832 2834 2844 2846 2852 2853 2859 2870 2894 2992 3001 3020 3021 3050 3057 3071 3124 3135 3150 3176 3181 3312 3325 3330 3374 3378 3382 3423 3437 3463 3471 3483 3489 3490 3501 3612 3636 3647 3668 3673 3683 3684 3700 3743 3752 3771 3792 3801 3813 3816 3821 3843 3845 3894 3909 3921 3930
30 59 188 254 266 294 312 356 383 403 423 452 455 458 484 512 547 563 596 602 611 649 709 760 819 831 835 852 869 927 937 992 1001 1063 1074 1117 1119 1122 1129 1205 1235 1242 1267 1271 1286 1302 1356 1370 1388 1399 1496 1557 1558 1566 1590 1598 1619 1626 1724 1786 1827 1887 1937 1943 1954 1956 2067 2069 2133 2156 2199 2227 2273 2277 2288 2295 2372 2462 2468 2524 2550 2569 2613 2630 2633 2636 2649 2665 2698 2746 2756 2769 2783 2793 2804 2810 2822 2830 2840 2843 2846 2849 2913 2978 2989 2997 3004 3036 3048 3080 3121 3123 3138 3169 3178 3294 3301 3330 3352 3381 3406 3420 3448 3465 3479 3484 3487 3495 3607 3612 3626 3628 3631 3680 3721 3733 3752 3771 3784 3790 3808 3838 3839 3841 3878 3887 3894 3913 3923
14 30 179 250 295 372 386 387 430 452 455 475 511 562 581 592 643 647 700 750 758 774 810 829 838 839 857 869 911 932 984 986 991 994 1051 1074 1110 1158 1202 1223 1253 1258 1293 1336 1373 1452 1482 1484 1489 1550 1564 1582 1585 1615 1665 1724 1730 1780 1794 1803 1810 1837 1851 1854 1865 1873 1943 1951 1999 2030 2066 2067 2095 2099 2153 2196 2202 2270 2273 2288 2337 2419 2471 2502 2567 2568 2590 2607 2623 2660 2698 2732 2767 2769 2788 2800 2806 2813 2819 2824 2835 2839 2844 2861 2984 2988 2992 3006 3061 3084 3105 3107 3115 3119 3131 3220 3231 3238 3279 3282 3301 3309 3328 3400 3422 3440 3448 3457 3463 3472 3477 3580 3601 3608 3622 3626 3631 3632 3658 3667 3706 3721 3730 3741 3746 3771 3780 3804 3808 3813 3838 3866 3887 3889 3907
16 27 45 103 134 178 182 221 238 257 292 337 375 386 397 407 431 435 437 464 497 510 521 523 529 538 554 563 616 680 716 748 796 803 805 819 829 865 870 875 915 955 973 984 997 1028 1055 1067 1104 1105 1113 1198 1253 1260 1264 1337 1363 1369 1402 1452 1467 1472 1473 1529 1535 1555 1562 1564 1574 1577 1602 1607 1617 1655 1678 1693 1704 1787 1795 1797 1798 1812 1823 1939 1942 2020 2065 2086 2150 2189 2230 2255 2314 2330 2411 2434 2470 2483 2494 2560 2565 2581 2644 2682 2703 2717 2721 2734 2762 2780 2786 2790 2800 2817 2819 2831 2839 2853 2881 2962 2973 2987 3049 3106 3124 3200 3211 3262 3278 3287 3291 3320 3322 3348 3362 3385 3411 3425 3435 3436 3448 3454 3470 3552 3595 3601 3621 3622 3623 3672 3705 3716 3728 3746 3753 3775 3797 3800 3816 3830 3832 3843 3855 3858 3875 3904
97 176 213 216 228 241 288 336 355 393 420 429 436 483 510 518 549 592 608 672 678 705 753 773 795 805 824 827 838 938 953 970 1002 1043 1046 1086 1102 1195 1230 1245 1304 1316 1334 1356 1363 1410 1445 1486 1527 1535 1556 1602 1630 1667 1676 1726 1765 1769 1795 1855 1882 1920 1936 1937 1972 2004 2033 2054 2058 2069 2075 2083 2107 2141 2147 2189 2190 2230 2315 2390 2406 2423 2432 2500 2528 2534 2542 2547 2581 2601 2604 2624 2652 2678 2702 2721 2729 2779 2792 2793 2816 2822 2823 2886 2934 2963 2970 2976 2998 3035 3104 3193 3196 3202 3271 3280 3304 3314 3370 3387 3391 3408 3430 3435 3437 3439 3443 3449 3469 3539 3549 3562 3573 3586 3597 3618 3638 3685 3694 3703 3712 3722 3732 3744 3762 3792 3793 3810 3815 3842 3849 3869 3890 3893 3903
36 62 85 138 148 158 203 275 321 330 336 337 429 430 434 436 467 479 504 510 532 550 577 578 591 652 664 697 702 724 757 763 777 800 816 819 867 907 943 946 1023 1062 1078 1098 1157 1175 1192 1203 1216 1220 1243 1277 1290 1291 1309 1329 1342 1375 1412 1425 1452 1516 1532 1543 1590 1593 1640 1666 1679 1756 1765 1769 1776 1777 1783 1900 1913 1914 1915 1930 2010 2048 2051 2069 2122 2136 2175 2178 2210 2227 2358 2367 2377 2385 2415 2466 2502 2542 2547 2550 2582 2636 2698 2706 2711 2751 2777 2778 2812 2813 2844 2901 2920 2951 2955 2970 3014 3043 3077 3083 3088 3090 3137 3196 3229 3245 3251 3263 3265 3284 3311 3312 3315 3323 3338 3386 3412 3431 3450 3453 3464 3514 3533 3541 3584 3605 3612 3614 3649 3661 3683 3688 3689 3725 3739 3772 3784 3789 3791 3822 3842 3848
15 81 107 109 139 148 150 167 254 304 326 334 367 373 420 425 434 453 502 507 508 509 527 533 578 591 603 630 639 701 739 763 772 799 806 819 855 864 906 928 941 994 1010 1012 1022 1042 1056 1080 1128 1141 1150 1183 1210 1221 1228 1250 1281 1290 1294 1312 1326 1336 1411 1424 1440 1457 1460 1510 1528 1537 1561 1584 1615 1622 1648 1704 1723 1726 1742 1752 1766 1775 1838 1878 1892 1906 1975 1979 2029 2047 2051 2052 2110 2141 2160 2189 2221 2293 2307 2311 2325 2361 2410 2422 2454 2460 2473 2494 2522 2525 2587 2589 2686 2690 2707 2724 2740 2771 2772 2812 2854 2893 2916 2935 2942 2954 2968 2999 3026 3032 3037 3045 3079 3184 3191 3206 3213 3251 3257 3259 3264 3281 3284 3307 3368 3379 3390 3391 3409 3417 3421 3424 3438 3458 3479 3486 3541 3567 3609 3618 3631 3633 3671 3677 3684 3705 3706 3724 3767 3768 3773 3777 3836 3840 3844
15 44 56 66 88 126 174 196 198 245 302 312 326 334 415 419 426 435 459 494 499 510 534 568 569 580 592 620 668 701 723 773 793 851 853 858 885 907 912 931 1009 1029 1033 1130 1149 1155 1180 1183 1188 1221 1228 1234 1271 1289 1311 1411 1439 1471 1501 1517 1534 1547 1591 1604 1616 1640 1737 1738 1742 1773 1780 1852 1863 1884 1902 1962 1969 2014 2022 2031 2037 2045 2094 2109 2127 2151 2160 2163 2175 2181 2258 2292 2302 2330 2343 2349 2352 2397 2403 2418 2428 2442 2464 2495 2497 2554 2578 2584 2636 2664 2669 2694 2769 2792 2800 2806 2811 2849 2884 2905 2938 2962 2963 2968 3025 3030 3046 3096 3158 3195 3226 3257 3278 3293 3318 3321 3344 3375 3376 3378 3384 3389 3401 3403 3412 3420 3424 3427 3440 3458 3468 3505 3518 3535 3563 3589 3609 3613 3627 3667 3683 3701 3715 3753 3767 3822 3839
53 87 175 184 187 232 278 281 320 323 324 325 326 360 382 392 395 419 445 497 498 568 574 592 642 655 687 718 755 767 783 809 835 842 874 901 916 988 1004 1009 1015 1100 1101 1117 1144 1172 1185 1214 1217 1228 1247 1253 1283 1368 1411 1414 1433 1468 1499 1501 1502 1507 1517 1536 1563 1599 1611 1726 1730 1754 1770 1828 1874 1901 1902 1922 1962 1979 1997 2041 2080 2117 2145 2151 2163 2167 2229 2338 2381 2390 2413 2434 2461 2477 2493 2494 2553 2629 2650 2667 2675 2706 2730 2743 2759 2760 2767 2790 2803 2812 2858 2862 2880 2936 2962 2968 2979 2982 2990 2991 3009 3030 3121 3151 3177 3193 3248 3257 3260 3269 3296 3364 3374 3377 3388 3389 3391 3399 3400 3422 3440 3478 3488 3499 3509 3545 3548 3585 3593 3602 3603 3609 3618 3637 3665 3667 3681 3700 3715 3721 3733 3755 3781 3801 3814
77 78 129 174 210 232 291 328 394 445 474 477 478 497 561 638 640 654 680 702 732 733 830 857 878 895 914 979 990 1002 1011 1040 1076 1085 1124 1141 1157 1173 1188 1200 1240 1273 1346 1356 1382 1393 1423 1428 1444 1459 1493 1498 1511 1529 1560 1594 1621 1668 1712 1729 1734 1789 1790 1812 1863 1895 1924 1936 1953 1958 2000 2035 2075 2080 2143 2162 2190 2207 2306 2327 2332 2353 2354 2364 2382 2420 2448 2451 2478 2516 2531 2534 2547 2601 2615 2650 2656 2657 2668 2697 2699 2735 2738 2741 2743 2746 2759 2766 2788 2836 2852 2916 2932 2943 2948 2949 2970 2978 2986 2987 3003 3057 3119 3122 3189 3220 3249 3253 3268 3312 3355 3359 3365 3384 3388 3400 3414 3415 3428 3496 3504 3540 3564 3569 3578 3598 3661 3675 3676 3692 3698 3704 3712 3726 3752 3789 3790 3806 3811
14 48 66 131 151 174 216 281 394 399 429 434 496 555 625 634 659 662 677 692 730 731 818 822 853 907 952 954 989 990 995 1062 1110 1112 1115 1122 1125 1165 1174 1186 1194 1221 1271 1307 1330 1368 1423 1428 1431 1471 1474 1510 1538 1579 1584 1619 1646 1667 1715 1719 1781 1796 1846 1893 1928 1946 1968 1972 2065 2091 2127 2135 2158 2161 2251 2257 2308 2312 2331 2342 2365 2390 2397 2441 2462 2467 2498 2525 2526 2583 2608 2634 2643 2657 2682 2708 2710 2739 2750 2755 2763 2773 2782 2827 2831 2833 2898 2908 2913 2931 2942 2963 2969 2973 2991 2998 3044 3062 3110 3115 3119 3123 3172 3173 3228 3246 3267 3304 3352 3356 3380 3398 3403 3415 3496 3530 3533 3561 3566 3577 3588 3627 3661 3663 3671 3684 3700 3702 3717 3732 3737 3738 3789
42 122 136 192 202 222 270 273 370 389 395 420 421 495 516 526 528 531 606 639 657 658 659 662 665 675 685 695 717 720 789 813 816 829 839 851 892 917 944 972 982 983 984 1058 1060 1077 1086 1100 1101 1141 1171 1178 1184 1192 1210 1236 1266 1269 1285 1301 1337 1422 1465 1477 1515 1530 1569 1622 1632 1674 1687 1714 1719 1772 1789 1795 1796 1869 1896 1913 1925 1931 1945 1951 1956 2043 2063 2076 2115 2143 2219 2227 2258 2270 2272 2280 2295 2310 2311 2322 2342 2401 2467 2489 2500 2517 2582 2623 2638 2653 2667 2669 2696 2716 2727 2728 2743 2746 2761 2762 2767 2768 2816 2845 2871 2898 2928 2939 2945 2960 2963 2969 2973 3003 3014 3016 3096 3117 3154 3155 3167 3200 3231 3239 3265 3289 3304 3342 3346 3347 3356 3368 3370 3374 3414 3457 3507 3524 3530 3550 3561 3572 3588 3611 3632 3653 3656 3659 3663 3713 3737 3749 3751 3767
1 36 115 147 164 190 221 259 269 271 375 380 382 388 415 419 488 489 515 549 571 575 602 607 633 655 661 706 710 728 737 791 815 890 902 904 913 941 958 973 1016 1029 1032 1060 1065 1075 1079 1080 1109 1170 1173 1189 1195 1269 1290 1311 1370 1403 1432 1434 1465 1494 1530 1565 1570 1613 1657 1714 1788 1841 1853 1859 1900 1911 1926 1943 2025 2059 2080 2093 2108 2111 2116 2198 2203 2244 2249 2256 2296 2319 2366 2370 2388 2442 2474 2492 2497 2517 2552 2555 2569 2589 2623 2643 2663 2665 2694 2722 2727 2731 2750 2761 2767 2814 2837 2863 2903 2930 2952 2956 2979 2999 3038 3077 3148 3153 3156 3217 3230 3268 3289 3342 3362 3370 3400 3412 3445 3450 3457 3510 3534 3540 3556 3561 3583 3619 3624 3637 3647 3652 3654 3657 3659 3667 3680 3725 3728
56 76 81 92 154 186 241 261 263 354 356 362 369 378 403 414 475 487 505 533 552 578 584 610 622 625 651 654 689 694 702 704 724 767 791 798 845 881 908 912 922 958 968 986 1026 1048 1057 1060 1072 1148 1153 1170 1173 1227 1244 1250 1292 1310 1326 1361 1398 1422 1453 1465 1557 1574 1577 1579 1592 1679 1706 1707 1785 1787 1838 1845 1866 1894 1909 1935 1942 1943 2002 2012 2042 2049 2054 2083 2090 2095 2102 2160 2242 2249 2365 2441 2449 2475 2515 2532 2549 2580 2620 2640 2654 2662 2679 2681 2710 2718 2730 2747 2767 2784 2792 2803 2810 2862 2889 2915 2926 2958 2960 2969 3024 3059 3066 3089 3123 3129 3203 3206 3208 3210 3270 3296 3297 3324 3329 3334 3338 3347 3369 3395 3428 3485 3513 3524 3526 3544 3557 3583 3608 3634 3641 3643 3652 3657 3724 3725
52 62 76 77 101 178 186 229 252 351 358 361 376 406 451 471 481 485 502 547 619 634 657 696 702 709 751 870 912 944 947 949 951 954 986 998 1024 1025 1037 1060 1140 1148 1158 1160 1165 1199 1234 1304 1322 1349 1376 1386 1403 1404 1413 1436 1439 1460 1547 1655 1702 1718 1724 1769 1781 1783 1789 1821 1838 1839 1849 1882 1902 1910 1912 1926 1941 1942 1978 2004 2008 2027 2038 2041 2078 2080 2091 2094 2195 2218 2231 2237 2243 2292 2311 2354 2443 2447 2458 2498 2504 2548 2581 2583 2602 2646 2654 2659 2681 2684 2688 2700 2709 2727 2733 2746 2766 2776 2787 2819 2861 2864 2911 2914 2944 2953 2995 3004 3010 3025 3042 3045 3049 3070 3121 3202 3251 3261 3293 3323 3328 3330 3339 3358 3388 3395 3401 3414 3422 3427 3448 3466 3470 3508 3518 3554 3579 3605 3629 3639 3649 3654 3710 3719
17 23 29 73 127 178 220 226 230 237 292 340 355 368 440 444 454 458 533 540 547 557 569 582 629 651 675 696 707 721 724 758 778 814 848 916 941 948 976 1016 1024 1034 1042 1047 1060 1107 1139 1153 1157 1189 1224 1256 1279 1286 1308 1309 1339 1367 1396 1430 1438 1503 1580 1624 1651 1654 1682 1690 1696 1741 1779 1817 1826 1835 1889 1906 1970 1999 2008 2025 2027 2037 2091 2117 2189 2215 2231 2274 2292 2335 2377 2436 2455 2490 2496 2574 2601 2626 2639 2653 2674 2707 2708 2715 2733 2754 2755 2779 2782 2786 2795 2847 2884 2907 2925 2993 3022 3030 3049 3052 3074 3082 3167 3178 3192 3197 3237 3241 3249 3275 3313 3319 3320 3326 3331 3335 3344 3358 3364 3368 3377 3388 3419 3445 3456 3503 3545 3547 3553 3575 3629 3638 3649 3687 3717
17 24 71 80 156 160 174 197 203 219 229 267 271 310 324 346 347 359 427 429 461 487 525 557 586 606 627 651 682 707 708 720 733 775 783 809 882 885 907 908 916 920 929 942 955 984 1016 1024 1029 1058 1106 1123 1124 1144 1148 1151 1181 1221 1272 1278 1285 1323 1331 1339 1361 1396 1418 1423 1437 1493 1515 1548 1555 1619 1623 1628 1634 1681 1696 1765 1766 1768 1780 1811 1830 1857 1883 1904 1938 1986 1994 1999 2025 2026 2027 2081 2109 2146 2200 2211 2221 2265 2373 2385 2431 2433 2440 2459 2474 2478 2582 2631 2636 2650 2672 2674 2692 2708 2713 2738 2752 2776 2783 2800 2843 2859 2890 2912 3000 3014 3048 3059 3067 3115 3124 3126 3183 3188 3192 3196 3237 3240 3260 3264 3270 3317 3327 3330 3377 3411 3414 3436 3454 3483 3501 3517 3551 3552 3566 3596 3607 3620 3623 3628 3635 3636 3647 3654 3655 3698
13 149 157 195 203 207 252 262 298 347 383 425 459 470 473 519 550 579 601 629 639 682 686 756 770 772 786 874 908 913 937 957 993 994 1023 1026 1049 1084 1087 1115 1147 1180 1201 1237 1262 1301 1309 1380 1385 1406 1418 1432 1479 1492 1544 1585 1602 1615 1681 1682 1683 1762 1800 1808 1857 1882 1894 1914 1924 1965 1966 1973 1991 1996 2008 2026 2037 2070 2129 2137 2152 2205 2207 2228 2329 2347 2363 2396 2406 2428 2445 2449 2460 2466 2479 2502 2533 2568 2573 2602 2614 2621 2654 2657 2672 2675 2694 2704 2710 2723 2744 2747 2772 2773 2776 2804 2839 2912 2980 3009 3022 3033 3040 3052 3071 3076 3094 3096 3103 3118 3180 3183 3196 3212 3217 3219 3253 3277 3297 3314 3317 3318 3324 3362 3405 3429 3431 3465 3485 3500 3514 3527 3537 3540 3556 3562 3563 3576 3617 3629 3634 3635 3637 3643 3690
3 18 64 135 157 195 196 228 234 238 247 268 285 350 357 399 400 447 463 467 514 533 578 579 605 634 649 682 684 727 739 769 781 836 854 892 901 906 914 919 950 978 994 1003 1014 1042 1079 1111 1113 1147 1154 1197 1200 1224 1228 1266 1279 1292 1293 1380 1395 1410 1433 1474 1478 1513 1520 1546 1591 1609 1616 1642 1673 1715 1744 1748 1753 1757 1784 1786 1857 1874 1911 1923 1954 1957 1989 1994 2048 2052 2145 2152 2166 2177 2188 2300 2343 2358 2369 2399 2412 2422 2476 2478 2510 2521 2577 2589 2607 2622 2657 2666 2685 2692 2706 2718 2744 2747 2750 2760 2765 2769 2797 2832 2834 2839 2857 2887 2924 2964 2991 2996 2999 3018 3063 3064 3075 3086 3098 3170 3176 3182 3183 3207 3223 3244 3277 3315 3317 3322 3347 3403 3406 3408 3422 3443 3472 3492 3509 3517 3519 3522 3538 3553 3560 3615 3635 3649 3656
1 25 38 44 53 67 139 156 159 185 218 226 233 278 332 370 389 456 458 498 506 527 550 590 602 622 646 676 683 717 729 754 835 841 871 891 903 933 936 961 981 1002 1030 1043 1083 1144 1145 1157 1181 1201 1204 1213 1258 1262 1267 1288 1341 1380 1411 1418 1419 1517 1534 1540 1556 1588 1597 1610 1668 1682 1701 1711 1726 1750 1779 1810 1850 1858 1878 1915 1943 1971 1972 1977 1978 2044 2056 2125 2137 2138 2164 2186 2225 2258 2319 2326 2333 2362 2380 2405 2418 2455 2502 2547 2556 2582 2591 2607 2629 2644 2678 2682 2693 2701 2710 2733 2737 2740 2759 2781 2785 2813 2831 2834 2840 2862 2898 2905 2940 2948 2992 3064 3086 3159 3163 3173 3200 3227 3237 3265 3283 3301 3308 3315 3317 3329 3341 3342 3356 3397 3406 3446 3498 3512 3514 3546 3615 3633
22 25 27 54 92 117 121 154 164 169 217 249 328 352 387 415 418 449 489 496 522 534 575 582 620 624 652 663 672 754 827 834 861 864 900 912 924 933 951 958 974 1024 1038 1040 1046 1138 1141 1182 1191 1209 1248 1265 1292 1310 1336 1369 1402 1452 1494 1522 1538 1540 1585 1602 1636 1661 1663 1701 1702 1708 1722 1753 1758 1776 1779 1819 1848 1855 1859 1891 1921 1925 1933 1940 1957 1965 1970 1994 2114 2129 2139 2176 2179 2265 2268 2273 2314 2351 2380 2402 2403 2444 2474 2495 2497 2519 2552 2574 2627 2629 2642 2644 2651 2654 2675 2678 2688 2710 2715 2727 2737 2771 2798 2814 2878 2898 2919 2927 2949 2963 2974 2992 3017 3049 3051 3059 3061 3065 3109 3112 3137 3156 3169 3180 3181 3205 3212 3216 3283 3287 3293 3301 3308 3310 3315 3317 3329 3385 3386 3440 3479 3492 3493 3500 3507 3526 3583 3598 3604 3609
3 6 11 71 108 153 155 158 213 220 235 316 322 362 371 374 399 412 444 488 493 515 531 544 548 581 610 625 664 670 685 735 745 751 779 831 878 879 887 901 930 941 969 986 998 1000 1021 1057 1073 1085 1099 1104 1108 1134 1139 1170 1207 1242 1244 1257 1262 1267 1356 1367 1381 1403 1431 1435 1456 1496 1508 1567 1592 1623 1642 1644 1706 1708 1713 1747 1797 1798 1834 1849 1859 1887 1915 1924 1936 1946 1954 1992 2064 2093 2119 2157 2178 2193 2223 2244 2286 2303 2341 2358 2363 2365 2367 2375 2392 2452 2494 2511 2521 2628 2637 2639 2648 2667 2671 2676 2679 2723 2727 2728 2743 2759 2771 2775 2810 2825 2880 2895 2930 2956 2974 3027 3029 3039 3051 3093 3100 3136 3160 3167 3209 3217 3271 3286 3289 3306 3312 3350 3380 3382 3465 3473 3493 3501 3503 3578 3590 3593 3597
14 101 110 140 179 185 194 208 225 262 268 302 322 357 368 407 454 480 485 487 511 512 596 620 624 652 701 722 742 762 803 808 818 834 873 914 924 939 963 992 1073 1075 1098 1110 1115 1126 1129 1133 1163 1241 1302 1313 1316 1358 1432 1435 1452 1485 1531 1540 1563 1565 1591 1603 1634 1640 1642 1659 1686 1687 1693 1721 1752 1756 1772 1775 1783 1813 1831 1843 1852 1871 1920 1933 2057 2079 2147 2155 2187 2232 2235 2262 2307 2332 2353 2355 2371 2374 2383 2414 2433 2459 2465 2476 2489 2559 2589 2614 2625 2638 2644 2666 2690 2692 2713 2719 2755 2762 2773 2782 2834 2864 2890 2892 2926 2949 2970 3004 3031 3076 3082 3086 3099 3120 3134 3143 3156 3249 3266 3271 3286 3290 3293 3294 3324 3342 3372 3380 3431 3461 3501 3525 3583 3585 3587 3594
97 103 136 137 141 153 209 255 331 356 389 420 426 430 441 446 477 507 562 589 590 613 629 640 643 700 738 790 805 807 813 816 825 873 883 899 914 916 918 970 986 987 1036 1049 1072 1077 1101 1115 1121 1122 1182 1196 1211 1222 1241 1302 1308 1353 1358 1382 1407 1410 1476 1527 1546 1578 1618 1633 1650 1669 1682 1683 1689 1695 1707 1722 1740 1744 1764 1767 1794 1841 1859 1892 1905 1918 1920 1924 1929 2032 2055 2078 2135 2179 2201 2234 2288 2308 2351 2365 2370 2389 2391 2401 2403 2447 2453 2471 2477 2519 2521 2570 2598 2625 2637 2651 2661 2684 2692 2719 2743 2757 2761 2818 2861 2892 2908 2912 2936 2979 2992 3000 3064 3074 3103 3126 3151 3203 3239 3245 3258 3265 3273 3279 3309 3338 3341 3353 3364 3369 3410 3436 3496 3519 3530 3545 3549 3552 3554 3559 3569 3587
50 90 96 127 128 137 203 208 254 304 317 348 352 404 427 433 504 528 580 582 606 612 616 685 695 696 719 720 771 807 841 859 869 871 872 881 981 1001 1035 1063 1072 1108 1156 1169 1175 1178 1180 1229 1245 1301 1337 1351 1379 1390 1501 1509 1524 1535 1538 1541 1549 1630 1665 1718 1736 1759 1765 1809 1843 1852 1860 1900 1913 1922 1976 2002 2009 2044 2064 2068 2073 2134 2163 2168 2197 2249 2275 2290 2321 2339 2350 2358 2380 2383 2424 2463 2513 2516 2532 2541 2571 2624 2626 2632 2639 2655 2658 2659 2696 2712 2714 2750 2754 2762 2763 2793 2797 2836 2859 2862 2881 2903 2921 2979 2998 3015 3022 3038 3048 3060 3113 3134 3173 3194 3225 3233 3258 3276 3289 3306 3317 3324 3336 3347 3364 3374 3393 3414 3434 3435 3449 3478 3497 3535 3543 3561 3562 3575
4 30 60 64 86 87 107 122 145 165 228 298 305 346 354 389 423 484 485 495 520 532 560 589 595 634 640 666 714 721 735 783 796 839 852 854 863 878 923 958 976 979 1032 1069 1070 1089 1105 1120 1139 1151 1153 1179 1192 1228 1236 1290 1301 1306 1339 1351 1485 1507 1509 1510 1512 1519 1537 1602 1626 1658 1660 1663 1680 1733 1739 1800 1826 1835 1842 1862 1887 1898 1910 1911 1963 1979 1984 2030 2044 2062 2074 2106 2164 2167 2256 2299 2315 2322 2325 2355 2356 2379 2414 2424 2458 2464 2502 2562 2610 2611 2612 2636 2646 2655 2675 2682 2700 2760 2766 2794 2824 2838 2855 2907 2910 2911 2916 2919 2938 2979 3035 3054 3056 3112 3128 3129 3182 3212 3214 3248 3268 3297 3302 3312 3321 3363 3393 3403 3410 3414 3420 3438 3456 3496 3533 3538 3562 3573
11 72 76 82 103 121 132 135 194 279 322 324 333 393 417 420 478 482 547 557 571 576 617 634 673 688 709 739 795 811 832 847 861 877 904 936 950 966 1013 1024 1027 1038 1072 1102 1115 1140 1142 1156 1158 1208 1210 1299 1318 1327 1391 1443 1508 1511 1529 1548 1568 1616 1644 1653 1658 1703 1732 1733 1753 1797 1822 1835 1859 1894 1925 1929 1968 2039 2044 2050 2057 2089 2116 2153 2223 2245 2298 2310 2319 2347 2352 2378 2449 2455 2534 2555 2559 2605 2630 2654 2670 2676 2693 2743 2808 2832 2833 2842 2852 2856 2904 2960 2967 3011 3048 3049 3093 3107 3138 3182 3191 3200 3238 3246 3262 3281 3297 3302 3308 3318 3355 3387 3399 3407 3487 3522 3528 3537 3542 3545
55 98 112 128 165 187 215 322 392 405 409 454 472 540 545 555 561 576 592 595 600 611 633 688 699 708 766 791 845 854 860 876 906 943 966 996 1016 1026 1029 1053 1083 1098 1124 1143 1153 1154 1208 1299 1330 1393 1448 1476 1509 1516 1542 1543 1568 1619 1637 1644 1653 1683 1697 1698 1714 1727 1788 1790 1795 1808 1833 1873 1888 1896 1966 2028 2033 2097 2173 2191 2223 2228 2278 2286 2297 2300 2304 2307 2317 2332 2366 2424 2457 2513 2516 2539 2570 2584 2602 2605 2611 2626 2651 2654 2667 2681 2733 2734 2831 2902 2950 2959 2978 2980 2993 3006 3033 3060 3080 3087 3094 3144 3161 3176 3190 3196 3207 3223 3243 3244 3272 3290 3291 3294 3332 3342 3354 3369 3388 3396 3405 3474 3506 3521 3522 3527 3535
48 76 101 103 111 137 215 264 287 309 313 318 339 386 410 417 433 440 484 523 543 545 547 551 556 571 594 598 658 664 666 762 776 777 780 820 835 849 874 902 935 944 958 962 973 993 995 1009 1020 1021 1028 1070 1095 1102 1108 1117 1130 1275 1299 1324 1338 1400 1412 1439 1509 1515 1528 1607 1636 1642 1673 1701 1705 1708 1710 1715 1749 1767 1790 1812 1822 1839 1847 1866 1871 1884 1910 1935 1940 1971 2006 2023 2031 2065 2134 2208 2211 2277 2286 2300 2318 2324 2358 2401 2402 2447 2467 2535 2541 2547 2562 2603 2622 2638 2643 2663 2679 2726 2805 2817 2826 2829 2865 2872 2885 2887 2897 2901 2914 2952 2964 2990 3011 3052 3072 3086 3087 3106 3158 3171 3184 3194 3215 3220 3242 3285 3292 3323 3365 3372 3429 3474 3503 3515 3519 3520
44 45 73 87 107 135 149 256 281 290 299 302 374 384 407 414 429 449 486 494 520 522 549 570 573 595 616 659 664 666 752 775 779 786 788 833 835 842 859 864 886 925 987 995 1002 1008 1024 1025 1087 1088 1107 1118 1121 1294 1296 1321 1338 1339 1348 1356 1429 1491 1493 1527 1602 1607 1641 1657 1682 1698 1710 1715 1740 1781 1810 1823 1831 1836 1837 1852 1904 1910 1930 1977 1994 1997 2020 2023 2199 2201 2272 2308 2317 2352 2362 2393 2417 2426 2514 2528 2538 2583 2590 2601 2602 2619 2629 2644 2665 2667 2668 2698 2777 2810 2819 2824 2875 2879 2909 2952 2967 2997 3017 3036 3065 3072 3091 3125 3139 3145 3149 3159 3168 3171 3192 3193 3199 3217 3238 3239 3284 3303 3317 3319 3355 3367 3460 3461 3472 3493 3513
38 42 85 110 113 188 191 283 286 287 294 306 310 401 413 431 443 451 512 522 526 547 582 583 585 622 652 733 750 758 828 849 860 872 885 956 993 1002 1006 1040 1069 1085 1087 1095 1101 1235 1273 1288 1295 1315 1330 1335 1415 1457 1463 1476 1481 1591 1606 1609 1619 1627 1628 1639 1646 1676 1678 1697 1737 1744 1764 1773 1815 1817 1837 1877 1904 1919 1933 1944 2020 2038 2133 2178 2180 2182 2183 2202 2261 2263 2270 2278 2285 2298 2348 2392 2393 2413 2485 2487 2566 2585 2590 2595 2596 2597 2600 2611 2619 2629 2635 2667 2685 2729 2763 2785 2803 2855 2868 2916 2918 2982 3016 3024 3032 3040 3043 3063 3093 3113 3122 3159 3178 3192 3197 3227 3253 3283 3300 3335 3350 3402 3452 3456 3511
27 34 85 97 143 276 282 292 295 350 387 427 441 455 472 502 509 520 522 531 574 609 640 699 716 741 752 779 805 807 810 819 829 872 873 889 949 969 980 987 996 997 1002 1012 1027 1066 1076 1097 1123 1267 1277 1281 1290 1292 1316 1321 1366 1452 1457 1469 1473 1505 1534 1551 1604 1625 1634 1695 1753 1766 1809 1811 1825 1875 1898 1915 1998 2002 2008 2017 2032 2142 2169 2176 2178 2195 2237 2240 2245 2248 2284 2305 2366 2373 2378 2389 2549 2576 2585 2594 2596 2601 2629 2634 2648 2708 2737 2744 2758 2772 2795 2803 2842 2851 2855 2868 2878 2912 2940 3003 3009 3026 3032 3037 3105 3120 3123 3145 3158 3162 3181 3195 3218 3234 3255 3281 3317 3324 3333 3366 3391 3411 3420 3448 3452 3474 3503 3505 3507
12 19 45 63 67 75 82 232 261 274 280 292 355 373 387 406 421 451 505 506 512 520 526 554 564 569 573 637 708 721 785 793 798 810 827 843 860 865 878 934 962 973 993 1002 1017 1026 1060 1074 1217 1255 1258 1280 1312 1339 1356 1374 1426 1441 1446 1457 1458 1485 1548 1556 1585 1588 1627 1688 1714 1752 1802 1879 1883 1895 2000 2004 2175 2191 2234 2263 2304 2317 2320 2355 2359 2387 2527 2557 2572 2584 2590 2595 2598 2612 2624 2625 2724 2725 2734 2752 2764 2779 2791 2803 2825 2842 2846 2862 2961 2984 2999 3031 3033 3068 3087 3098 3110 3140 3156 3159 3164 3175 3211 3217 3225 3239 3258 3261 3281 3301 3321 3357 3362 3386 3413 3434 3436 3451 3478 3489 3506
10 11 24 27 31 67 74 185 208 239 264 266 273 275 282 284 338 353 386 485 491 501 506 507 546 556 562 574 628 634 691 704 708 741 786 793 794 804 818 847 898 927 962 970 989 994 1039 1052 1057 1064 1102 1180 1203 1253 1275 1287 1306 1330 1353 1378 1405 1416 1426 1452 1475 1538 1551 1624 1673 1677 1717 1744 1787 1834 1840 1874 1893 1922 1929 1975 1994 2000 2112 2152 2163 2170 2176 2214 2227 2232 2249 2267 2283 2319 2325 2384 2515 2535 2540 2566 2574 2575 2586 2589 2623 2711 2712 2779 2781 2786 2807 2828 2845 2847 2954 2984 2999 3005 3016 3031 3095 3125 3137 3151 3153 3174 3175 3214 3223 3231 3242 3276 3278 3320 3361 3383 3404 3436 3457 3471 3481 3482 3495
10 27 59 175 203 217 239 259 267 282 302 307 343 367 407 488 496 500 538 592 614 628 645 705 709 727 784 815 816 836 851 898 910 919 921 932 961 1015 1038 1047 1076 1102 1148 1160 1196 1227 1250 1256 1259 1278 1319 1326 1361 1392 1417 1440 1451 1473 1498 1533 1547 1571 1620 1667 1669 1676 1677 1690 1717 1728 1732 1780 1825 1866 1870 1871 1891 1979 1986 2067 2121 2153 2202 2209 2223 2232 2266 2313 2383 2388 2403 2429 2496 2518 2560 2562 2582 2588 2602 2616 2620 2623 2660 2668 2685 2765 2770 2778 2816 2826 2844 2845 2880 2898 3000 3013 3025 3057 3078 3092 3110 3135 3149 3163 3168 3192 3198 3201 3209 3221 3262 3275 3319 3344 3398 3403 3419 3431 3464 3467 3491
2 10 22 23 169 175 213 215 225 248 258 268 305 379 483 484 498 500 521 535 537 568 597 678 696 701 756 775 777 802 820 887 894 917 961 993 997 1074 1136 1181 1192 1202 1250 1252 1296 1334 1343 1353 1357 1398 1401 1415 1430 1443 1449 1516 1527 1537 1549 1554 1616 1618 1645 1658 1661 1668 1672 1701 1708 1725 1778 1806 1850 1861 1866 1869 1936 1966 2017 2029 2054 2153 2188 2190 2221 2264 2293 2309 2352 2376 2494 2516 2527 2558 2559 2580 2582 2583 2597 2617 2618 2633 2658 2678 2681 2718 2730 2742 2751 2752 2775 2812 2840 2841 2869 2877 2896 2993 2998 3009 3038 3057 3086 3101 3123 3133 3136 3142 3163 3191 3201 3224 3244 3263 3265 3273 3283 3383 3399 3413 3463
21 23 136 143 144 197 208 220 228 240 251 256 263 287 472 483 485 493 499 518 533 556 560 583 592 636 691 753 770 790 797 804 829 866 874 881 901 911 960 980 1048 1054 1099 1138 1177 1244 1246 1248 1256 1258 1264 1293 1332 1333 1393 1418 1437 1447 1468 1477 1509 1527 1569 1614 1619 1635 1672 1704 1725 1742 1778 1828 1835 1836 1863 1997 2057 2066 2073 2143 2144 2153 2165 2184 2219 2261 2277 2305 2341 2467 2494 2501 2539 2547 2565 2575 2578 2582 2603 2608 2614 2637 2703 2723 2735 2745 2769 2805 2839 2948 2983 2989 2990 2994 2997 3002 3005 3030 3042 3048 3057 3132 3160 3176 3189 3196 3211 3232 3246 3270 3279 3321 3359 3363 3379 3391 3401 3421 3435
15 19 56 117 148 194 217 236 243 250 266 300 390 439 441 463 467 470 471 473 507 535 549 580 581 607 680 734 743 748 799 866 869 879 956 957 963 975 1016 1025 1082 1093 1111 1115 1130 1151 1165 1177 1179 1238 1256 1295 1329 1348 1369 1392 1402 1431 1432 1472 1531 1592 1612 1628 1632 1656 1665 1679 1685 1697 1726 1745 1752 1785 1815 1819 1846 1851 1852 1884 2018 2044 2098 2099 2143 2176 2177 2180 2204 2212 2248 2267 2276 2317 2327 2473 2496 2499 2507 2538 2569 2575 2581 2595 2602 2606 2610 2675 2702 2720 2723 2729 2739 2749 2798 2801 2829 2832 2937 2960 2988 3004 3026 3028 3054 3115 3124 3137 3151 3159 3160 3179 3189 3213 3237 3258 3262 3289 3331 3339 3347 3365 3378 3380 3387
19 26 32 93 95 116 126 152 159 173 184 191 250 252 254 276 310 377 422 426 440 453 470 503 533 535 536 549 576 580 589 622 672 708 720 734 820 854 913 948 950 951 966 1001 1034 1050 1057 1096 1100 1108 1190 1195 1200 1229 1231 1236 1267 1289 1358 1377 1390 1401 1418 1429 1431 1433 1541 1546 1564 1580 1607 1615 1624 1641 1689 1696 1721 1722 1758 1792 1819 1828 1848 1954 1971 1988 2031 2050 2109 2119 2127 2163 2166 2180 2204 2219 2250 2256 2272 2278 2307 2426 2449 2462 2472 2488 2501 2505 2552 2558 2563 2581 2594 2630 2691 2701 2704 2720 2723 2731 2737 2795 2797 2798 2816 2819 2835 2851 2899 2958 2968 2987 3017 3035 3071 3079 3087 3122 3128 3136 3141 3158 3173 3177 3178 3183 3186 3215 3226 3256 3313 3316 3319 3346 3352
23 90 124 158 178 187 218 240 245 246 287 390 414 421 437 440 443 454 530 610 617 667 698 722 723 851 852 887 922 946 947 949 958 959 976 1031 1102 1169 1173 1181 1197 1210 1215 1261 1276 1330 1361 1373 1400 1402 1423 1446 1534 1544 1554 1559 1592 1593 1609 1637 1684 1710 1748 1810 1818 1828 1874 1894 1896 2000 2028 2034 2046 2108 2114 2121 2155 2162 2198 2202 2231 2232 2276 2305 2419 2430 2452 2454 2465 2477 2478 2486 2488 2499 2533 2538 2545 2548 2563 2575 2578 2673 2683 2699 2702 2709 2720 2783 2784 2814 2835 2853 2860 2925 2957 2965 2981 3014 3075 3111 3115 3125 3142 3173 3182 3192 3199 3201 3223 3230 3255 3346 3351
21 72 85 111 113 126 144 151 168 172 193 199 220 238 242 326 349 380 436 439 445 476 500 507 520 529 530 590 591 645 674 678 679 698 699 719 722 751 815 843 880 901 906 920 946 965 981 983 986 994 1034 1131 1161 1183 1197 1213 1276 1300 1350 1373 1374 1381 1389 1402 1444 1517 1519 1526 1579 1592 1603 1609 1618 1626 1648 1668 1673 1676 1688 1709 1722 1735 1785 1803 1824 1842 1847 1911 1960 1962 1963 1975 2039 2085 2104 2105 2110 2114 2136 2150 2192 2202 2224 2228 2298 2423 2428 2439 2452 2472 2477 2490 2508 2513 2514 2532 2545 2559 2573 2604 2645 2653 2665 2669 2698 2714 2733 2767 2780 2782 2797 2806 2819 2860 2922 2927 2963 2990 3005 3021 3031 3052 3110 3112 3114 3154 3170 3172 3180 3181 3191 3210 3225 3235 3245 3299 3325
12 71 133 140 147 175 207 225 230 326 335 402 409 420 426 435 474 491 523 556 619 642 660 682 699 713 750 790 824 841 880 899 946 958 1117 1156 1161 1203 1211 1213 1220 1273 1328 1341 1362 1378 1392 1405 1457 1459 1511 1520 1546 1578 1585 1589 1601 1609 1622 1655 1665 1692 1693 1762 1816 1904 1932 2004 2018 2096 2101 2114 2125 2130 2136 2196 2214 2224 2268 2291 2295 2371 2392 2401 2414 2423 2438 2458 2466 2469 2486 2502 2517 2520 2525 2534 2548 2558 2562 2626 2655 2664 2697 2702 2753 2760 2769 2780 2800 2802 2838 2864 2916 2928 2941 2955 2961 2977 2981 2998 3023 3074 3108 3109 3113 3133 3157 3168 3171 3179 3180 3182 3190 3192 3218 3243 3256 3284 3287 3316 3319
45 70 113 124 128 138 159 167 181 193 212 224 228 316 394 404 416 418 419 425 459 473 578 603 631 638 657 672 696 711 725 745 812 823 826 832 871 891 928 937 944 957 1071 1110 1127 1156 1202 1212 1251 1283 1329 1336 1360 1369 1415 1422 1453 1505 1511 1543 1547 1559 1576 1583 1598 1637 1659 1689 1762 1770 1792 1797 1807 1867 1926 1944 1996 2059 2080 2093 2103 2120 2181 2184 2208 2214 2290 2292 2296 2374 2409 2410 2426 2433 2465 2497 2501 2519 2520 2523 2532 2556 2562 2566 2572 2644 2649 2696 2708 2714 2735 2755 2759 2769 2774 2781 2783 2818 2853 2910 2919 2950 2976 2981 3020 3062 3074 3082 3102 3119 3130 3166 3168 3174 3179 3185 3236 3242 3259 3273 3291
58 66 122 148 152 199 221 313 336 371 403 404 408 417 419 424 462 561 588 602 637 654 694 761 791 814 871 880 917 927 932 1050 1100 1105 1119 1154 1161 1168 1170 1171 1251 1278 1334 1350 1359 1373 1403 1443 1499 1500 1504 1507 1546 1569 1571 1581 1582 1611 1642 1656 1671 1680 1752 1809 1860 1899 1955 2006 2024 2036 2043 2081 2157 2178 2201 2257 2294 2341 2348 2368 2391 2403 2409 2415 2419 2458 2459 2472 2500 2501 2515 2517 2532 2551 2553 2601 2622 2635 2638 2642 2668 2675 2709 2727 2758 2763 2790 2904 2910 2944 2948 2954 2971 3014 3037 3048 3058 3080 3095 3116 3132 3134 3143 3152 3153 3203 3230 3269
36 48 81 86 105 112 137 158 273 281 352 384 390 396 398 408 415 444 449 586 599 605 616 623 627 634 673 691 694 713 760 776 869 878 897 912 915 918 1039 1040 1080 1129 1142 1153 1160 1215 1220 1241 1248 1262 1279 1295 1305 1312 1339 1340 1388 1401 1402 1406 1430 1446 1473 1498 1503 1550 1552 1560 1620 1638 1670 1705 1751 1812 1834 1850 1865 2010 2011 2030 2071 2078 2079 2150 2153 2155 2164 2170 2181 2199 2217 2242 2269 2287 2344 2382 2394 2401 2406 2415 2420 2452 2457 2472 2479 2486 2513 2521 2527 2576 2600 2601 2630 2637 2638 2647 2707 2736 2739 2755 2761 2775 2781 2787 2859 2875 2878 2895 2896 2934 2938 2942 2975 3020 3066 3073 3112 3126 3139 3145 3150 3214 3216 3238 3251
25 48 55 108 128 131 133 153 200 240 262 267 304 345 372 374 377 384 393 394 406 417 427 444 561 588 597 602 629 631 632 656 681 683 709 713 765 856 869 881 905 908 1007 1019 1067 1115 1133 1140 1156 1173 1209 1240 1261 1266 1330 1333 1334 1336 1393 1410 1449 1481 1496 1500 1517 1533 1540 1549 1550 1594 1604 1610 1622 1656 1724 1740 1804 1845 1847 1848 1868 1881 1987 1991 2039 2078 2122 2131 2145 2149 2229 2234 2263 2304 2344 2351 2381 2383 2407 2414 2415 2441 2448 2479 2482 2502 2508 2520 2557 2587 2618 2637 2639 2658 2684 2710 2727 2741 2746 2778 2847 2854 2895 2916 2932 2939 2941 2954 3008 3051 3053 3068 3072 3080 3103 3107 3111 3135 3137 3141 3156 3214 3223 3247
17 25 29 102 104 107 126 131 183 207 214 246 258 268 277 319 360 373 376 389 391 393 403 441 468 536 570 583 591 599 612 659 667 681 684 744 794 833 847 850 856 868 871 901 908 946 969 976 1017 1110 1115 1140 1173 1195 1211 1219 1220 1231 1248 1255 1256 1301 1369 1428 1435 1438 1444 1450 1469 1501 1522 1561 1590 1605 1619 1632 1717 1725 1726 1745 1757 1771 1811 1840 1841 1961 1984 1991 2003 2028 2044 2063 2070 2080 2084 2134 2137 2151 2167 2193 2239 2258 2260 2298 2323 2331 2379 2404 2405 2447 2472 2480 2485 2496 2505 2554 2557 2580 2599 2605 2606 2636 2710 2722 2724 2735 2738 2767 2815 2834 2876 2886 2930 2932 2937 2941 2964 2967 2982 3012 3041 3042 3057 3072 3096 3127 3132 3148 3171 3220 3236
4 14 35 70 71 93 96 103 116 125 208 228 327 358 367 375 389 427 434 535 559 585 602 603 618 674 681 693 694 740 749 841 845 846 889 890 928 953 961 1022 1094 1104 1107 1110 1118 1138 1139 1153 1182 1212 1227 1240 1285 1296 1297 1316 1354 1365 1424 1436 1486 1495 1500 1513 1572 1596 1606 1647 1671 1722 1749 1764 1796 1835 1897 1933 1962 1995 2000 2024 2036 2043 2053 2061 2068 2101 2117 2124 2155 2172 2219 2230 2268 2331 2356 2378 2383 2394 2401 2435 2439 2445 2455 2474 2475 2479 2488 2491 2514 2524 2563 2580 2589 2592 2602 2623 2630 2646 2680 2683 2697 2702 2710 2717 2734 2745 2815 2825 2840 2862 2885 2906 2915 2925 2933 2935 2947 2982 3017 3032 3041 3072 3081 3088 3125 3128 3140 3218
32 69 70 74 88 90 116 183 198 219 249 281 324 340 373 374 389 406 413 415 433 472 529 551 563 585 645 653 665 669 734 737 820 833 841 860 888 908 917 940 945 1022 1090 1091 1101 1145 1148 1212 1226 1281 1349 1410 1417 1474 1491 1501 1507 1509 1566 1594 1609 1670 1721 1757 1812 1861 1895 1896 1898 1916 1952 1986 2015 2033 2036 2066 2093 2108 2115 2186 2208 2261 2264 2280 2313 2319 2323 2329 2376 2429 2432 2442 2460 2462 2484 2501 2560 2571 2599 2618 2679 2702 2736 2757 2768 2825 2845 2882 2889 2925 2935 2977 2981 3006 3008 3013 3023 3038 3066 3077 3088 3123 3146 3211
10 55 109 116 132 154 178 305 306 309 340 342 373 389 407 440 465 477 486 525 534 560 581 604 650 661 676 814 827 833 845 877 879 883 932 951 1085 1090 1092 1095 1101 1113 1119 1131 1133 1156 1176 1201 1210 1264 1266 1281 1321 1337 1349 1356 1384 1391 1444 1472 1490 1492 1498 1527 1539 1586 1597 1602 1663 1686 1753 1849 1857 1867 1880 1909 1948 1974 1975 1986 1989 2014 2031 2064 2077 2104 2108 2112 2207 2243 2247 2271 2295 2302 2307 2319 2332 2353 2369 2374 2419 2424 2435 2449 2454 2459 2478 2483 2540 2560 2599 2615 2616 2668 2670 2676 2683 2694 2728 2729 2739 2805 2846 2851 2881 2916 2919 2926 2930 2972 3005 3013 3058 3074 3117 3122
44 48 53 77 150 161 292 332 333 347 365 387 389 421 471 476 491 495 544 564 573 578 584 605 621 635 648 658 664 781 783 785 804 819 826 831 858 868 874 925 947 1009 1049 1050 1073 1078 1092 1102 1126 1166 1197 1210 1225 1239 1260 1278 1302 1303 1342 1382 1403 1417 1455 1460 1490 1509 1517 1526 1548 1610 1645 1660 1681 1692 1729 1827 1828 1839 1879 1920 1963 2027 2042 2055 2058 2060 2079 2097 2139 2232 2236 2284 2304 2319 2335 2349 2356 2367 2369 2408 2414 2424 2446 2452 2464 2483 2520 2539 2540 2553 2598 2634 2650 2662 2673 2674 2694 2713 2715 2726 2791 2804 2829 2844 2867 2877 2878 2896 2908 2914 2926 2932 2972 2987 3008 3013 3026 3058 3063 3117
27 44 48 65 68 147 151 279 321 331 332 333 384 389 414 428 480 498 531 553 557 578 621 627 647 676 722 756 792 794 797 811 817 855 894 907 913 921 938 977 1006 1032 1033 1062 1080 1112 1175 1219 1224 1261 1280 1282 1312 1409 1432 1435 1453 1467 1503 1518 1522 1537 1559 1585 1627 1628 1697 1723 1726 1823 1839 1852 1877 1885 2012 2013 2014 2015 2032 2039 2070 2111 2161 2171 2213 2246 2266 2279 2290 2315 2333 2334 2340 2358 2366 2396 2399 2408 2409 2440 2442 2462 2471 2474 2475 2483 2489 2493 2550 2557 2572 2629 2632 2662 2669 2673 2689 2699 2700 2720 2737 2768 2775 2818 2844 2873 2903 2914 2925 2934 2947 2985 3006 3021 3023 3059 3080 3114
26 32 71 142 216 274 306 309 317 328 329 369 375 453 461 497 506 529 546 553 569 571 578 594 597 600 671 703 766 785 815 821 851 872 882 890 910 961 1019 1026 1035 1050 1091 1110 1162 1207 1212 1232 1258 1276 1290 1310 1357 1421 1433 1452 1455 1495 1514 1553 1590 1621 1710 1711 1802 1841 1846 1867 1916 1967 2012 2013 2037 2088 2126 2273 2290 2333 2364 2389 2398 2404 2427 2428 2435 2437 2438 2457 2460 2470 2473 2484 2486 2530 2566 2631 2644 2645 2661 2662 2663 2670 2676 2681 2697 2719 2743 2755 2775 2785 2788 2844 2869 2870 2903 2921 2930 2951 2960 3000 3004 3010 3035 3056 3084 3103 3109
21 32 54 61 77 81 122 171 182 234 277 290 295 306 307 311 313 316 368 372 418 438 441 451 453 468 474 505 519 530 541 546 551 586 588 596 597 602 663 703 750 759 768 774 812 881 883 887 904 934 970 1022 1032 1043 1059 1113 1120 1184 1218 1244 1253 1273 1298 1351 1408 1418 1428 1439 1452 1469 1479 1497 1502 1514 1577 1604 1667 1679 1696 1697 1703 1795 1796 1819 1826 1828 1934 1943 1984 2005 2010 2029 2037 2073 2084 2109 2128 2265 2278 2333 2341 2358 2381 2401 2422 2426 2440 2448 2456 2468 2518 2550 2559 2603 2623 2628 2648 2660 2678 2696 2723 2730 2744 2749 2781 2816 2840 2843 2848 2853 2857 2868 2870 2904 2914 2924 2928 3000 3001 3042 3055 3098
21 30 43 83 123 143 145 221 265 271 302 303 308 312 324 356 412 449 460 482 492 497 536 543 546 548 592 675 735 746 754 757 766 798 800 806 812 825 846 854 886 957 977 983 990 1011 1014 1030 1041 1043 1095 1110 1175 1184 1191 1203 1226 1240 1271 1272 1325 1327 1338 1376 1412 1465 1471 1491 1502 1525 1559 1644 1656 1667 1743 1778 1783 1796 1819 1922 1923 1940 1996 2003 2005 2007 2032 2077 2099 2189 2245 2255 2265 2321 2324 2328 2364 2372 2380 2413 2414 2437 2452 2459 2519 2529 2533 2544 2562 2564 2614 2620 2625 2654 2662 2688 2711 2792 2794 2815 2829 2840 2842 2864 2865 2883 2892 2903 2963 2987 2996 3000 3032
2 17 39 57 93 175 186 252 258 271 276 295 301 303 317 324 370 371 375 403 443 445 458 530 534 548 589 696 735 738 748 753 789 796 821 832 904 937 975 982 984 997 1022 1024 1040 1042 1075 1086 1117 1155 1184 1217 1223 1225 1273 1307 1373 1402 1408 1429 1454 1471 1489 1498 1527 1544 1654 1675 1708 1746 1755 1792 1816 1868 1917 1938 1992 1998 2014 2016 2021 2047 2058 2060 2159 2160 2233 2252 2318 2323 2342 2367 2377 2402 2405 2409 2433 2443 2447 2501 2505 2528 2531 2536 2592 2608 2609 2647 2657 2658 2680 2787 2791 2803 2809 2841 2860 2871 2883 2941 2949 2975 2988 2997 2999 3018 3030
40 154 209 217 224 255 262 263 279 288 299 373 376 405 439 457 523 530 532 537 641 729 735 789 792 793 881 935 945 961 996 1000 1026 1037 1059 1069 1071 1088 1115 1178 1212 1215 1242 1282 1292 1314 1369 1377 1400 1425 1439 1469 1519 1561 1567 1659 1684 1731 1742 1783 1792 1900 1927 1936 1963 1970 1977 1980 1990 1992 2033 2038 2073 2116 2134 2149 2153 2174 2236 2309 2310 2366 2393 2408 2431 2440 2456 2516 2543 2585 2600 2606 2628 2677 2759 2778 2799 2839 2854 2856 2874 2902 2912 2933 2981 2985 3016
10 21 31 38 45 152 153 184 198 252 255 256 273 344 363 436 511 517 530 540 581 650 651 654 704 707 731 743 753 782 905 928 934 944 968 973 980 995 1024 1026 1087 1130 1134 1188 1207 1219 1360 1373 1384 1396 1399 1401 1439 1441 1453 1488 1511 1629 1645 1684 1716 1740 1766 1842 1846 1899 1924 1944 1951 1969 1990 1991 1996 2010 2059 2073 2094 2131 2139 2229 2301 2302 2306 2309 2355 2363 2364 2365 2366 2391 2408 2411 2420 2424 2448 2505 2511 2557 2569 2578 2582 2612 2623 2669 2701 2745 2768 2774 2796 2812 2851 2869 2895 2903 2906 2926 2960 2968 2975 2978 2981 2984
27 55 88 149 154 178 234 238 240 269 337 342 392 410 497 499 506 508 510 526 536 569 637 640 660 699 701 721 753 765 778 843 889 920 962 1016 1020 1021 1025 1065 1096 1104 1134 1150 1153 1178 1183 1187 1191 1195 1200 1350 1358 1363 1365 1383 1396 1397 1415 1422 1439 1473 1622 1629 1631 1662 1681 1688 1705 1710 1712 1761 1840 1867 1869 1913 1941 1944 1950 1952 1977 2000 2047 2127 2142 2196 2202 2215 2216 2295 2296 2350 2351 2352 2364 2391 2407 2417 2422 2431 2452 2485 2486 2511 2542 2558 2563 2576 2612 2620 2659 2741 2791 2795 2810 2816 2835 2851 2857 2898 2900 2903 2926 2945 2950 2963 2975 2976 2984
19 57 71 138 146 149 171 196 212 228 237 238 245 258 269 338 342 384 435 439 492 499 500 515 517 564 591 612 625 660 673 674 676 686 715 728 745 755 778 804 840 870 872 879 903 919 944 956 960 985 1008 1011 1035 1084 1097 1174 1187 1300 1320 1336 1359 1373 1379 1380 1390 1409 1420 1424 1458 1461 1472 1533 1611 1665 1695 1716 1719 1722 1732 1768 1785 1817 1833 1854 1862 1897 1945 1964 1985 2018 2022 2045 2058 2060 2114 2138 2142 2159 2219 2221 2268 2283 2284 2292 2293 2302 2328 2344 2352 2355 2363 2364 2385 2386 2407 2483 2516 2536 2537 2542 2552 2563 2611 2673 2682 2710 2728 2739 2759 2762 2785 2801 2825 2827 2833 2849 2868 2875 2882 2923 2926 2936 2938 2941 2944 2960 2969 2971
9 63 67 95 106 165 173 180 182 204 228 231 238 241 254 307 324 339 343 374 382 392 468 488 493 541 555 559 585 615 630 650 653 685 703 714 720 726 737 754 822 869 921 926 939 948 955 993 1007 1081 1153 1174 1180 1315 1332 1350 1371 1374 1376 1412 1434 1539 1584 1609 1629 1642 1643 1681 1700 1728 1733 1828 1838 1854 1878 1897 1905 1920 1926 1964 1975 2027 2035 2086 2134 2199 2222 2248 2260 2263 2268 2278 2290 2293 2334 2335 2338 2339 2362 2368 2380 2393 2396 2401 2418 2424 2467 2509 2524 2527 2533 2541 2549 2563 2599 2609 2621 2624 2669 2705 2726 2727 2739 2761 2772 2783 2785 2794 2818 2819 2838 2855 2886 2923 2960
16 44 93 102 104 136 150 161 171 178 211 238 296 303 339 365 370 382 428 458 460 474 481 482 483 493 536 580 606 609 653 660 665 688 697 706 711 712 745 796 816 848 864 907 914 946 948 950 996 1001 1006 1020 1032 1067 1081 1131 1153 1170 1210 1227 1302 1310 1329 1364 1365 1432 1476 1534 1578 1607 1625 1627 1644 1668 1687 1715 1752 1761 1803 1846 1870 1894 1917 1957 1959 1961 1988 2061 2076 2093 2185 2215 2217 2241 2250 2276 2281 2330 2334 2338 2356 2378 2379 2417 2455 2467 2496 2502 2534 2562 2592 2622 2698 2707 2719 2747 2759 2773 2784 2785 2798 2804 2815 2825 2844 2846 2854 2923 2951
77 89 92 102 132 138 145 170 178 182 196 217 287 304 343 452 455 463 470 474 496 500 527 599 606 620 644 645 655 668 670 680 707 734 742 800 831 849 858 865 908 946 982 1018 1027 1046 1099 1152 1158 1159 1180 1189 1297 1302 1305 1321 1331 1363 1415 1443 1482 1534 1582 1588 1665 1701 1741 1751 1785 1803 1830 1843 1871 1892 1921 1941 1959 1980 2051 2078 2080 2159 2164 2189 2225 2245 2253 2270 2278 2279 2316 2333 2336 2350 2374 2375 2379 2409 2413 2466 2476 2477 2481 2520 2530 2568 2587 2590 2665 2687 2698 2704 2707 2747 2748 2781 2800 2806 2827 2839 2840 2842 2859 2878 2894 2923 2946
7 69 70 111 131 156 177 193 200 264 268 283 341 439 440 443 448 456 458 495 582 592 598 605 623 660 682 703 706 779 828 900 906 911 926 973 976 1000 1012 1042 1090 1099 1152 1179 1193 1218 1279 1291 1304 1356 1397 1408 1411 1426 1430 1453 1469 1568 1602 1650 1665 1689 1696 1740 1751 1775 1790 1791 1832 1836 1870 1886 1913 1931 1932 1935 2038 2053 2065 2099 2102 2120 2129 2145 2149 2177 2219 2222 2229 2277 2308 2314 2328 2329 2334 2335 2355 2369 2370 2380 2387 2442 2453 2468 2495 2496 2550 2567 2579 2586 2589 2665 2682 2693 2704 2706 2746 2761 2764 2765 2776 2791 2803 2834 2835 2877 2901 2910 2921
1 64 73 101 105 114 121 193 214 242 263 278 317 362 393 437 440 483 487 525 531 584 593 613 652 655 679 683 729 772 826 895 909 938 946 989 997 1012 1026 1029 1032 1054 1084 1150 1164 1165 1178 1273 1280 1284 1286 1338 1339 1350 1352 1353 1389 1397 1470 1505 1536 1537 1546 1558 1598 1599 1618 1628 1662 1747 1759 1788 1790 1860 1864 1908 1912 1914 1932 2001 2036 2039 2050 2082 2102 2114 2135 2206 2208 2218 2227 2234 2270 2282 2323 2327 2349 2367 2369 2411 2446 2484 2489 2543 2556 2579 2582 2655 2677 2706 2746 2751 2759 2763 2767 2796 2807 2838 2870 2882 2901
55 66 84 111 148 179 184 191 209 210 264 274 311 355 357 399 427 437 473 478 482 486 499 546 581 584 618 644 678 681 761 774 816 825 840 883 889 907 933 970 973 982 996 1003 1054 1118 1119 1138 1163 1164 1279 1331 1372 1492 1540 1555 1564 1620 1730 1745 1750 1752 1780 1786 1790 1843 1850 1851 1863 1875 1895 1915 1916 1961 1981 2022 2029 2066 2068 2120 2132 2135 2183 2189 2190 2203 2207 2210 2217 2256 2264 2269 2270 2281 2299 2308 2313 2324 2326 2328 2338 2362 2363 2383 2437 2438 2478 2485 2519 2521 2546 2549 2573 2582 2606 2633 2639 2677 2727 2740 2747 2750 2783 2785 2786 2787 2799 2807 2823 2835 2857 2861
35 54 62 63 158 167 184 187 188 210 261 308 336 347 385 395 435 436 465 497 507 527 546 572 577 584 597 603 623 635 638 642 658 659 734 796 801 819 881 895 903 911 950 952 985 1019 1040 1113 1160 1223 1276 1279 1283 1287 1296 1319 1326 1412 1425 1433 1497 1540 1548 1553 1615 1676 1710 1722 1730 1750 1751 1787 1806 1835 1840 1847 1869 1881 1887 1895 1908 1958 2003 2008 2009 2014 2022 2066 2071 2121 2145 2168 2188 2208 2236 2248 2266 2280 2284 2298 2307 2314 2327 2360 2380 2415 2465 2518 2540 2542 2545 2567 2623 2624 2632 2636 2637 2673 2690 2695 2704 2712 2728 2742 2745 2759 2772 2795 2806 2825 2832 2838
27 49 59 83 147 176 186 200 235 304 374 378 388 391 418 435 451 453 489 524 553 568 581 631 652 653 688 737 782 878 894 902 912 921 949 1006 1055 1080 1108 1139 1193 1272 1276 1288 1306 1386 1401 1427 1469 1476 1484 1532 1535 1600 1601 1620 1675 1697 1748 1822 1834 1851 1854 1892 1895 1928 1951 1981 2003 2042 2049 2076 2133 2149 2166 2184 2235 2257 2259 2264 2278 2291 2307 2343 2355 2371 2404 2455 2457 2499 2515 2520 2521 2531 2535 2581 2621 2636 2660 2663 2670 2703 2709 2713 2724 2726 2739 2747 2752 2771 2778 2801 2819
40 46 56 71 131 134 153 158 185 231 238 249 325 344 389 404 430 433 447 450 462 468 478 506 538 568 571 579 629 668 676 717 733 766 782 877 884 929 948 1001 1075 1092 1095 1108 1181 1183 1257 1379 1417 1434 1446 1487 1502 1523 1587 1663 1674 1735 1738 1742 1773 1796 1819 1822 1842 1880 1925 1936 1943 1971 1982 1995 2019 2074 2112 2124 2143 2203 2206 2254 2276 2278 2290 2304 2307 2322 2323 2328 2343 2368 2371 2417 2427 2428 2469 2479 2490 2516 2568 2634 2650 2661 2663 2675 2679 2686 2701 2738 2744 2761 2801 2814
27 34 43 49 59 90 125 131 138 141 157 160 167 230 239 303 311 335 339 357 364 377 430 431 433 434 490 505 553 559 563 571 591 620 675 680 694 700 749 792 814 824 851 876 877 883 897 941 963 1024 1035 1065 1088 1106 1142 1207 1254 1347 1363 1371 1407 1414 1425 1477 1484 1487 1489 1496 1555 1586 1602 1611 1734 1738 1740 1777 1807 1819 1823 1835 1892 1910 1914 1976 2038 2052 2069 2098 2121 2137 2191 2221 2248 2250 2263 2268 2269 2277 2279 2281 2301 2303 2342 2354 2359 2361 2406 2452 2469 2479 2555 2584 2605 2608 2617 2620 2630 2648 2664 2670 2680 2684 2690 2733 2735 2752 2759 2797
3 9 10 41 73 107 112 122 164 218 286 303 315 344 369 400 416 425 432 469 502 527 532 548 555 557 562 584 600 669 680 727 773 778 810 839 862 864 874 883 936 1020 1042 1068 1141 1164 1206 1223 1252 1291 1391 1397 1443 1473 1483 1487 1495 1521 1541 1591 1606 1689 1716 1732 1738 1796 1805 1830 1881 1910 1914 1963 1982 1989 1997 2063 2083 2085 2093 2102 2184 2232 2242 2248 2265 2276 2287 2294 2300 2328 2335 2340 2342 2378 2405 2461 2467 2566 2591 2598 2614 2630 2631 2646 2663 2672 2678 2684 2690 2702 2703 2706 2747
8 10 22 41 122 152 209 214 254 307 309 342 361 403 407 410 417 422 425 436 480 508 540 552 556 558 562 592 613 650 691 710 721 743 806 818 848 862 878 898 913 993 1002 1044 1057 1135 1158 1174 1188 1211 1214 1244 1247 1251 1252 1286 1287 1379 1380 1458 1473 1496 1578 1614 1658 1666 1696 1722 1731 1748 1780 1789 1815 1828 1873 1892 1907 1908 1928 1944 1958 1984 2007 2057 2069 2088 2138 2151 2224 2240 2247 2260 2273 2287 2326 2333 2339 2342 2352 2377 2455 2464 2466 2525 2547 2587 2602 2622 2633 2644 2647 2670 2677 2685 2689 2692 2700
29 33 95 101 121 136 138 145 157 179 211 222 289 305 338 362 395 400 408 428 456 475 490 534 545 554 555 563 581 583 616 617 640 685 702 728 733 774 847 858 862 904 907 1000 1032 1093 1096 1104 1110 1120 1123 1166 1200 1203 1241 1249 1379 1380 1404 1441 1458 1462 1489 1539 1581 1633 1653 1730 1733 1809 1817 1875 1888 1895 1911 1912 1931 1946 2049 2052 2064 2069 2138 2139 2211 2225 2233 2241 2266 2277 2296 2298 2300 2324 2353 2369 2377 2442 2451 2464 2475 2498 2503 2556 2580 2582 2588 2596 2633 2634 2673 2675 2691
28 30 34 92 101 120 136 176 223 253 293 299 328 335 344 349 393 394 403 421 474 534 544 546 583 603 605 640 701 733 774 816 823 825 829 858 861 891 955 979 1030 1077 1102 1118 1166 1200 1214 1218 1241 1245 1300 1374 1375 1387 1433 1434 1504 1516 1571 1608 1623 1647 1664 1705 1715 1730 1760 1790 1797 1868 1889 1895 1909 1918 1944 2008 2032 2064 2108 2122 2132 2151 2181 2183 2203 2215 2230 2231 2232 2237 2251 2274 2314 2318 2352 2356 2367 2429 2440 2495 2500 2574 2575 2592 2599 2622 2634 2652 2670 2688
5 13 62 87 90 118 119 163 206 283 317 364 392 394 414 452 455 473 482 501 512 541 547 592 648 681 806 811 812 846 851 857 858 940 1029 1074 1111 1146 1186 1191 1198 1200 1208 1234 1296 1333 1344 1358 1366 1417 1422 1529 1558 1568 1590 1624 1628 1652 1722 1724 1729 1772 1777 1835 1863 1888 1891 1911 1931 1986 1998 2003 2089 2112 2117 2134 2176 2181 2220 2227 2229 2232 2246 2251 2263 2306 2309 2330 2362 2384 2402 2437 2468 2469 2516 2544 2557 2564 2570 2572 2593 2598 2621 2638 2640 2658 2677
40 56 73 76 118 199 215 274 285 305 390 393 399 435 471 484 485 531 538 574 580 594 626 631 665 725 767 784 786 808 811 818 844 845 846 856 882 912 945 998 1011 1029 1066 1091 1100 1133 1137 1156 1187 1190 1193 1223 1231 1261 1308 1349 1367 1393 1407 1419 1509 1539 1543 1615 1618 1626 1641 1697 1698 1708 1710 1718 1763 1771 1777 1829 1835 1858 1887 1945 1971 1997 2018 2076 2091 2140 2150 2165 2220 2224 2230 2247 2296 2303 2337 2402 2435 2437 2508 2530 2533 2568 2569 2575 2588 2605 2611 2642 2648
35 36 82 115 129 148 202 214 273 384 422 460 466 475 503 506 531 538 539 552 561 618 620 673 756 776 794 820 831 906 969 977 1000 1020 1074 1095 1107 1119 1125 1136 1149 1181 1191 1222 1239 1250 1256 1260 1322 1325 1343 1348 1378 1414 1464 1508 1584 1601 1614 1627 1678 1699 1705 1717 1755 1759 1807 1839 1881 1883 1913 1920 1944 1947 1960 1962 1985 2009 2062 2066 2073 2079 2090 2102 2123 2174 2210 2216 2221 2224 2242 2243 2277 2296 2329 2337 2367 2371 2399 2427 2456 2484 2527 2533 2550 2556 2566 2567 2572 2603 2604 2626 2646
36 54 114 138 158 215 271 280 346 359 369 436 452 469 470 498 504 535 537 542 606 660 739 754 765 784 792 807 902 924 933 964 997 1015 1020 1044 1046 1060 1072 1106 1110 1130 1141 1176 1189 1190 1197 1240 1248 1258 1272 1294 1318 1342 1398 1506 1507 1508 1563 1584 1593 1613 1653 1668 1685 1688 1694 1700 1795 1802 1818 1838 1869 1886 1934 1941 1943 1978 2003 2046 2061 2064 2075 2120 2124 2157 2179 2182 2193 2194 2214 2221 2252 2270 2276 2277 2293 2306 2361 2365 2385 2411 2439 2527 2548 2553 2562 2564 2596 2611 2634
63 89 102 116 151 176 189 190 229 252 277 360 362 368 369 424 425 445 450 459 489 531 533 565 587 623 698 699 730 765 837 871 896 923 932 956 964 974 979 1007 1018 1075 1077 1090 1115 1131 1181 1188 1190 1193 1204 1247 1294 1306 1364 1391 1471 1574 1592 1610 1613 1679 1682 1694 1778 1802 1824 1866 1868 1873 1930 1934 1952 1957 1978 2027 2048 2069 2105 2127 2128 2167 2175 2189 2194 2212 2237 2249 2259 2273 2308 2326 2337 2338 2368 2409 2511 2514 2535 2538 2541 2549 2556 2562 2577 2586 2604 2607 2613
77 83 91 94 147 153 154 158 163 189 247 256 345 359 361 368 412 414 433 455 482 484 486 503 504 508 519 528 559 580 692 693 747 753 756 791 836 840 884 922 923 933 935 949 980 1007 1045 1051 1070 1084 1121 1127 1150 1155 1170 1176 1184 1204 1287 1290 1336 1367 1370 1381 1458 1473 1493 1554 1556 1557 1599 1610 1628 1671 1678 1706 1713 1736 1762 1786 1803 1850 1853 1899 1930 1951 2012 2020 2066 2093 2095 2105 2143 2153 2174 2208 2221 2242 2246 2256 2267 2271 2272 2296 2324 2399 2447 2470 2493 2524 2535 2552 2553 2560 2572 2575 2576 2594 2596 2599
4 75 77 87 104 236 245 246 276 336 347 354 355 408 416 421 426 451 469 486 498 561 570 681 707 723 738 754 795 811 862 903 915 918 921 929 967 1021 1068 1072 1080 1087 1112 1133 1155 1158 1165 1200 1231 1283 1313 1347 1355 1399 1424 1449 1467 1470 1472 1535 1558 1566 1601 1646 1674 1677 1679 1686 1707 1717 1725 1763 1793 1835 1883 1921 1940 1960 1998 2050 2074 2085 2092 2137 2169 2177 2197 2199 2213 2217 2231 2236 2241 2252 2259 2265 2286 2297 2310 2321 2357 2359 2397 2443 2449 2473 2491 2526 2535 2541 2552 2553 2554 2594 2595
48 57 68 77 85 99 221 234 235 238 241 307 334 346 347 353 354 366 415 425 445 455 463 475 513 560 607 614 650 677 736 739 753 771 787 791 876 888 917 941 955 972 976 1047 1066 1079 1089 1093 1132 1151 1169 1172 1206 1229 1239 1268 1283 1289 1310 1314 1324 1374 1418 1448 1465 1527 1552 1579 1581 1591 1600 1621 1648 1667 1694 1700 1715 1717 1756 1793 1802 1836 1854 1869 1917 1918 1984 2019 2085 2098 2128 2156 2165 2166 2191 2193 2203 2208 2223 2252 2268 2291 2308 2326 2369 2404 2410 2452 2464 2473 2488 2530 2533 2534 2552 2574
7 26 31 43 44 63 76 77 107 207 218 241 295 302 318 333 346 354 376 402 407 445 451 472 477 559 565 648 689 710 732 748 863 868 876 912 933 953 956 1036 1081 1088 1111 1115 1118 1129 1150 1164 1194 1202 1309 1371 1375 1384 1407 1420 1433 1437 1484 1485 1540 1541 1578 1616 1619 1636 1666 1677 1681 1684 1731 1791 1879 1894 1907 1910 1917 1955 1968 2010 2034 2065 2066 2077 2080 2090 2154 2156 2166 2167 2176 2187 2201 2209 2211 2222 2232 2254 2282 2292 2295 2299 2317 2327 2346 2430 2473 2516 2517 2522 2524 2531
7 14 15 62 68 134 185 188 207 240 295 301 333 352 372 438 460 472 549 563 610 659 663 675 678 689 723 730 736 820 823 834 870 881 893 905 933 979 990 1016 1046 1080 1109 1115 1159 1251 1272 1367 1378 1386 1388 1396 1408 1446 1481 1519 1526 1575 1586 1591 1629 1646 1658 1671 1672 1733 1737 1776 1792 1869 1871 1901 1915 1944 2009 2016 2022 2042 2053 2066 2071 2080 2115 2140 2146 2147 2152 2162 2169 2174 2198 2208 2217 2236 2269 2282 2344 2350 2400 2429 2433 2504 2516 2522 2529
6 24 56 61 66 74 85 159 184 185 197 228 278 293 320 321 331 352 371 437 456 482 501 520 527 539 551 554 563 582 589 591 617 712 723 770 805 862 880 890 966 1012 1014 1080 1096 1102 1142 1153 1227 1238 1251 1323 1325 1387 1398 1494 1504 1525 1537 1543 1564 1566 1598 1630 1631 1639 1655 1682 1695 1710 1726 1762 1768 1769 1773 1822 1841 1887 1912 1980 2016 2033 2037 2070 2107 2135 2147 2148 2156 2159 2163 2193 2197 2214 2232 2264 2282 2302 2328 2343 2385 2393 2404 2418 2465 2486 2487 2514 2518
5 23 36 56 65 72 157 160 169 211 280 290 293 308 315 317 345 347 359 417 430 433 501 518 525 533 534 562 564 649 706 723 732 862 876 887 914 961 1009 1010 1080 1086 1093 1117 1138 1145 1149 1151 1178 1227 1267 1290 1371 1462 1491 1498 1504 1521 1555 1559 1595 1626 1630 1655 1697 1714 1792 1830 1866 1881 1893 1897 1903 1927 1960 1981 2005 2041 2054 2055 2066 2073 2078 2107 2126 2141 2146 2150 2154 2156 2164 2212 2221 2230 2246 2254 2257 2342 2343 2355 2376 2417 2439 2479 2480 2505 2512 2514
8 15 34 48 110 131 136 159 176 182 199 234 271 294 310 327 332 340 344 386 388 411 424 431 497 498 506 516 518 524 529 658 666 681 699 703 721 796 860 875 881 896 938 959 994 1057 1070 1071 1077 1088 1130 1138 1227 1265 1313 1317 1326 1469 1487 1507 1519 1531 1533 1558 1571 1572 1580 1582 1600 1627 1675 1688 1712 1732 1765 1828 1875 1882 1891 1920 1964 1975 2001 2017 2050 2062 2072 2094 2096 2118 2131 2135 2142 2144 2160 2196 2230 2246 2249 2320 2341 2345 2384 2414 2417 2421 2461 2472 2479 2498 2506
11 15 39 97 106 143 145 151 178 239 270 293 308 313 316 328 332 352 379 416 492 493 498 507 520 647 693 702 708 747 810 858 867 904 928 936 938 959 1026 1028 1030 1039 1067 1086 1099 1107 1225 1235 1247 1310 1345 1431 1444 1487 1514 1521 1538 1581 1620 1644 1669 1709 1821 1836 1848 1855 1862 1952 1955 1962 1964 1985 2012 2013 2027 2028 2043 2056 2070 2087 2089 2098 2109 2110 2121 2135 2148 2188 2235 2245 2265 2319 2330 2379 2385 2422 2442 2469 2495
9 27 43 55 90 92 119 173 185 202 225 267 276 283 294 307 328 362 367 373 394 477 493 498 507 518 544 568 638 641 650 687 705 720 727 795 855 857 915 926 928 952 1029 1047 1063 1066 1104 1134 1160 1171 1216 1230 1283 1292 1310 1400 1414 1423 1428 1480 1494 1521 1537 1568 1587 1609 1610 1646 1660 1665 1666 1706 1778 1809 1814 1835 1860 1909 1948 1979 2000 2023 2025 2029 2054 2084 2088 2123 2124 2132 2147 2168 2191 2231 2233 2284 2304 2352 2380 2388 2426 2457 2459 2490 2493 2494
3 13 44 50 52 60 72 88 89 180 225 262 272 281 294 303 308 311 325 363 372 385 448 454 479 486 493 503 596 609 631 645 665 694 712 800 842 853 860 892 907 911 912 922 931 933 961 1014 1017 1018 1019 1039 1045 1102 1111 1166 1204 1269 1277 1288 1352 1400 1473 1477 1497 1512 1537 1552 1561 1603 1642 1644 1659 1689 1693 1702 1722 1757 1805 1850 1855 1903 1933 1974 2021 2038 2076 2087 2091 2107 2118 2122 2125 2131 2161 2167 2174 2190 2200 2203 2227 2231 2296 2300 2340 2343 2366 2368 2390 2411 2426 2439 2487 2489
2 20 29 46 67 86 143 155 219 236 248 259 290 294 306 324 346 349 442 453 457 469 483 539 584 593 621 682 687 704 706 723 759 834 843 849 850 893 906 917 927 961 1014 1016 1026 1030 1033 1042 1055 1094 1121 1142 1179 1267 1318 1372 1397 1406 1419 1470 1473 1474 1505 1546 1640 1671 1672 1756 1763 1772 1784 1812 1875 1922 1995 2008 2029 2034 2035 2080 2084 2110 2111 2120 2121 2122 2146 2173 2193 2223 2288 2316 2333 2344 2361 2372 2376 2423 2435 2438 2471 2473
2 12 15 24 47 55 128 142 181 202 252 256 260 294 306 330 404 409 411 422 443 460 473 514 532 589 608 615 616 625 658 689 697 812 813 821 841 850 875 912 922 992 1013 1014 1028 1116 1118 1134 1164 1165 1248 1312 1368 1376 1403 1407 1422 1433 1454 1466 1500 1527 1529 1609 1632 1641 1657 1658 1743 1771 1783 1830 1916 1921 1924 1960 1961 1966 2005 2021 2064 2083 2105 2120 2122 2169 2186 2194 2214 2286 2295 2311 2332 2338 2347 2385 2408 2430 2461 2463
5 23 36 43 75 115 125 140 157 174 206 228 230 237 286 290 302 327 362 370 382 385 397 429 487 509 517 562 581 589 655 679 689 767 778 804 830 831 867 877 898 908 946 976 982 986 1007 1027 1074 1088 1124 1193 1220 1239 1240 1364 1371 1373 1375 1376 1387 1432 1442 1447 1461 1513 1518 1523 1620 1631 1640 1666 1677 1733 1739 1754 1900 1910 1933 1997 2005 2012 2019 2056 2058 2063 2094 2102 2114 2119 2122 2158 2162 2165 2177 2180 2194 2210 2291 2316 2324 2333 2337 2385 2399 2426
8 16 28 62 115 119 163 202 216 221 222 231 236 249 261 268 280 287 291 356 357 366 380 381 386 390 422 426 475 558 587 669 676 751 756 767 778 788 809 828 846 865 934 935 967 976 981 1025 1054 1064 1090 1100 1120 1179 1213 1323 1324 1368 1411 1445 1453 1477 1481 1492 1507 1613 1628 1640 1647 1671 1674 1715 1717 1737 1782 1856 1857 1878 1889 1924 1986 1988 1994 2048 2056 2080 2112 2118 2144 2158 2166 2171 2229 2271 2324 2325 2341 2383 2406
4 8 42 74 81 146 160 163 168 213 228 249 279 343 354 395 399 403 410 431 469 472 557 568 578 594 635 640 667 684 719 737 742 781 804 814 817 822 905 961 963 969 970 978 999 1050 1060 1087 1129 1177 1210 1237 1321 1351 1357 1391 1440 1444 1473 1495 1533 1592 1599 1624 1639 1676 1681 1693 1842 1863 1871 1881 1986 1994 1996 2047 2048 2055 2068 2074 2083 2101 2113 2153 2158 2226 2259 2277 2297 2311 2378 2380
4 21 48 73 108 129 136 142 165 172 197 212 213 222 262 293 331 341 350 352 386 388 441 502 548 556 563 564 616 624 627 658 698 722 750 766 775 789 812 817 875 898 903 936 945 949 964 970 997 1037 1076 1084 1118 1232 1337 1353 1363 1432 1459 1463 1545 1623 1624 1639 1681 1690 1709 1717 1736 1785 1808 1828 1863 1892 1936 1941 1977 1986 2002 2041 2046 2051 2089 2102 2111 2112 2114 2140 2152 2156 2178 2218 2257 2304 2305 2325 2330 2335 2348
8 51 69 72 101 133 166 186 197 210 219 307 331 332 338 384 388 454 477 500 507 559 627 644 645 718 725 775 812 869 872 897 928 932 945 962 1036 1070 1072 1093 1197 1256 1288 1309 1343 1398 1425 1431 1448 1572 1581 1597 1611 1612 1703 1720 1828 1842 1848 1868 1927 1943 1972 1979 2000 2005 2036 2045 2075 2107 2122 2140 2143 2195 2209 2210 2224 2226 2255 2295 2305 2333
2 27 28 54 60 113 158 175 187 191 210 288 295 307 308 322 364 372 474 493 557 568 608 609 612 642 667 694 711 768 779 800 806 809 825 858 859 866 891 922 925 933 935 938 988 989 1018 1059 1060 1087 1183 1244 1251 1291 1305 1306 1307 1309 1375 1402 1418 1425 1438 1581 1594 1599 1655 1693 1727 1772 1810 1916 1925 1955 1970 1973 2022 2034 2044 2062 2068 2071 2105 2114 2128 2129 2134 2141 2194 2201 2293 2302 2330
8 50 67 105 109 145 149 163 181 198 270 285 288 291 296 358 461 470 471 478 479 536 542 551 611 645 655 683 764 782 795 797 852 860 871 903 910 919 929 946 975 995 1044 1069 1094 1129 1152 1232 1241 1251 1252 1259 1268 1273 1299 1372 1402 1414 1425 1501 1565 1590 1591 1640 1766 1771 1781 1898 1908 1924 1952 1967 1969 1972 2005 2037 2044 2071 2078 2081 2084 2088 2098 2111 2128 2150 2165 2181 2192 2293 2304 2320
47 66 98 99 116 141 157 177 181 254 259 266 267 279 283 285 340 348 356 368 446 459 460 528 534 540 572 579 606 654 674 756 762 764 780 794 816 852 856 894 913 920 925 942 1021 1025 1066 1074 1085 1130 1177 1209 1213 1235 1239 1247 1253 1273 1294 1354 1396 1413 1419 1420 1422 1438 1496 1552 1557 1577 1586 1589 1608 1669 1690 1757 1769 1833 1878 1880 1914 1944 1962 1963 1976 2002 2003 2020 2021 2038 2055 2057 2083 2085 2090 2116 2123 2155 2186 2239 2248 2290
38 58 77 95 99 133 140 171 176 265 278 335 345 352 429 458 489 550 555 590 621 668 736 748 756 768 777 810 815 842 846 875 894 915 930 1020 1039 1043 1186 1188 1194 1247 1253 1254 1285 1354 1391 1413 1437 1445 1458 1542 1569 1572 1577 1623 1633 1666 1712 1735 1739 1761 1793 1866 1871 1892 1918 1930 1939 1948 1956 1997 2043 2053 2080 2087 2090 2110 2116 2154 2160 2168 2180 2184 2255 2283
23 30 67 78 109 121 131 162 163 207 252 259 265 279 336 410 444 445 537 544 547 609 632 649 743 747 752 755 828 838 840 844 874 912 926 1036 1080 1082 1168 1226 1234 1241 1249 1309 1327 1336 1344 1357 1367 1389 1408 1433 1443 1472 1542 1558 1562 1564 1572 1597 1643 1684 1716 1717 1725 1727 1756 1764 1815 1848 1857 1885 1901 1909 1921 1923 1933 1942 1951 1989 2023 2030 2048 2053 2067 2082 2088 2101 2103 2115 2222 2243 2246 2268 2270
15 19 72 76 105 125 162 185 195 204 238 244 246 250 257 262 293 326 336 385 394 426 442 459 523 530 549 563 639 735 816 817 820 828 837 844 853 866 909 923 995 1029 1033 1054 1080 1156 1167 1195 1196 1228 1231 1279 1314 1340 1343 1379 1403 1433 1484 1538 1543 1558 1559 1616 1622 1669 1723 1726 1764 1792 1795 1832 1880 1884 1891 1905 1906 1907 1916 1928 1936 1993 2013 2026 2042 2052 2056 2061 2062 2086 2088 2098 2120 2147 2175 2193 2225 2235
4 10 69 76 83 90 156 191 230 233 249 286 301 306 353 354 365 373 385 407 431 448 459 500 503 543 567 599 675 705 734 775 805 812 842 894 909 993 998 1046 1070 1191 1228 1266 1277 1286 1313 1338 1351 1368 1377 1401 1427 1429 1440 1460 1489 1528 1552 1667 1689 1693 1709 1769 1777 1789 1828 1840 1859 1888 1899 1913 1923 1924 1925 1928 1964 1972 1989 2020 2022 2041 2043 2055 2056 2077 2089 2148 2181 2215 2225
65 77 80 114 191 210 219 247 283 352 355 373 384 385 386 404 417 423 426 454 465 470 485 513 542 662 678 688 705 711 724 727 728 730 735 766 772 773 774 788 824 903 983 1032 1038 1042 1179 1189 1221 1251 1267 1286 1300 1305 1324 1371 1373 1398 1429 1441 1503 1524 1527 1541 1546 1547 1570 1608 1619 1638 1646 1698 1705 1739 1796 1827 1880 1896 1920 1924 1947 1955 1968 2014 2022 2033 2035 2047 2049 2052 2055 2069 2079 2106 2221
3 59 64 78 105 154 169 187 193 203 209 214 227 241 269 281 305 343 349 356 382 389 403 449 462 530 620 641 646 683 689 699 709 732 760 778 788 820 821 822 833 854 888 977 1021 1159 1170 1187 1215 1242 1244 1285 1286 1349 1362 1363 1368 1373 1427 1510 1511 1538 1604 1611 1614 1666 1683 1715 1724 1753 1827 1846 1866 1883 1888 1896 1909 1918 1952 1966 2008 2015 2022 2035 2062 2070 2114 2161
24 44 61 73 78 98 169 202 244 296 338 364 376 380 407 432 475 504 519 522 548 556 563 583 610 612 677 687 694 707 731 741 775 789 907 973 1122 1129 1131 1186 1187 1213 1227 1266 1278 1308 1338 1346 1368 1381 1402 1424 1465 1473 1484 1517 1525 1528 1577 1596 1601 1671 1674 1694 1728 1773 1826 1829 1858 1879 1882 1887 1889 1902 1914 1934 1950 1993 2001 2007 2010 2025 2028 2030 2035 2056 2065
3 44 58 66 68 77 105 161 162 174 176 202 239 276 314 321 334 346 363 425 472 499 543 588 674 677 695 732 734 735 742 771 785 883 961 967 1001 1040 1098 1100 1101 1116 1179 1185 1186 1187 1200 1213 1225 1238 1244 1308 1355 1359 1366 1368 1456 1462 1471 1485 1497 1520 1598 1644 1661 1696 1772 1791 1838 1858 1874 1886 1910 1914 1930 1945 1959 1966 1995 2003 2006 2009 2012 2033 2034 2042
3 20 57 77 96 114 118 161 167 196 200 214 218 232 253 301 305 314 321 343 361 410 439 454 484 527 560 586 667 677 715 724 726 729 734 739 758 759 860 904 956 965 982 1087 1096 1111 1112 1138 1150 1186 1208 1222 1238 1258 1287 1321 1344 1361 1407 1434 1440 1462 1480 1485 1493 1520 1564 1573 1585 1650 1691 1734 1740 1774 1805 1838 1845 1858 1873 1881 1887 1899 1920 1923 1938 1991 1995 2001 2007 2016 2028 2029 2040
5 29 37 114 136 150 154 190 213 226 232 244 273 295 321 342 411 417 541 547 557 598 639 644 665 666 670 671 707 714 734 735 745 829 849 881 890 901 926 959 1007 1008 1072 1079 1085 1096 1131 1186 1190 1231 1233 1271 1304 1307 1361 1381 1391 1402 1450 1473 1480 1487 1503 1524 1548 1559 1573 1581 1629 1633 1635 1657 1668 1679 1693 1734 1788 1828 1856 1870 1872 1875 1877 1895 1904 1927 1928 1969 1992 1996 2001 2002 2022
107 121 149 167 177 210 258 292 297 333 335 368 369 386 412 421 493 526 553 590 628 660 665 666 689 706 707 723 808 845 852 883 908 924 936 984 1066 1069 1101 1132 1185 1200 1203 1212 1221 1232 1248 1289 1291 1309 1358 1391 1443 1455 1464 1480 1490 1508 1543 1559 1620 1640 1683 1690 1692 1854 1855 1861 1866 1872 1892 1919 1926 1935 1982 1996 2022
94 120 149 176 203 210 234 253 260 271 302 327 341 357 378 383 497 507 535 541 586 609 631 660 669 693 697 720 767 805 821 837 872 893 897 942 979 1056 1060 1147 1178 1179 1205 1207 1225 1238 1267 1358 1372 1398 1402 1417 1435 1437 1450 1455 1467 1487 1524 1529 1556 1561 1611 1680 1689 1691 1837 1840 1843 1850 1856 1880 1919 1959 1978 1994 1995
60 108 120 127 135 145 148 155 171 172 210 246 265 294 296 297 325 370 445 447 461 508 601 660 675 678 695 715 760 774 784 827 845 921 924 927 995 996 1028 1045 1055 1108 1131 1133 1177 1194 1238 1279 1319 1360 1367 1394 1398 1414 1420 1424 1435 1452 1456 1482 1504 1518 1519 1639 1665 1683 1817 1843 1848 1856 1889 1900 1906 1918 1933 1935 1962 1991 1995
40 112 128 162 199 205 206 242 246 263 290 297 330 352 459 487 505 597 619 637 638 648 671 695 727 824 948 961 976 1015 1054 1104 1111 1127 1177 1223 1266 1269 1296 1319 1357 1364 1370 1411 1412 1427 1438 1446 1464 1468 1505 1623 1642 1805 1840 1841 1844 1850 1889 1892 1895 1900 1916 1933 1946 1989 1990 1991
53 60 115 123 128 141 147 148 172 183 187 197 230 261 285 290 342 370 446 487 492 597 617 633 640 647 664 674 697 776 792 939 954 956 986 1004 1043 1098 1105 1107 1115 1141 1155 1173 1177 1189 1218 1240 1281 1294 1306 1344 1360 1365 1367 1400 1423 1430 1446 1452 1498 1502 1515 1608 1633 1641 1642 1673 1793 1821 1824 1831 1841 1843 1882 1890 1900 1908 1918 1928 1935 1984
34 37 49 87 110 125 144 152 158 180 184 188 216 219 225 254 273 277 285 329 379 443 493 581 627 631 638 649 658 660 662 664 672 686 716 727 773 906 945 976 983 987 1081 1089 1107 1115 1140 1154 1156 1162 1212 1213 1252 1271 1284 1344 1345 1395 1401 1432 1443 1446 1483 1515 1548 1626 1761 1788 1790 1817 1833 1835 1838 1845 1851 1861 1872 1880 1900 1912 1914 1926 1927 1953 1962 1984
5 9 23 28 123 124 126 140 171 182 185 196 225 274 279 295 319 442 581 583 608 621 623 625 636 642 662 666 677 680 721 863 879 937 960 1079 1087 1106 1144 1153 1156 1160 1180 1238 1266 1276 1298 1328 1339 1342 1378 1392 1410 1535 1571 1625 1626 1674 1688 1703 1784 1807 1810 1830 1844 1865 1874 1875 1876 1895 1914 1961
19 43 86 120 135 160 176 182 220 222 263 346 377 395 577 579 600 616 622 631 645 649 660 698 848 855 863 885 930 936 937 1039 1075 1080 1104 1110 1146 1148 1153 1232 1264 1302 1318 1327 1339 1346 1403 1407 1546 1596 1605 1610 1619 1648 1658 1740 1749 1782 1790 1801 1803 1829 1849 1871 1881 1890 1911 1945 1959
12 67 113 120 132 143 149 155 196 207 215 221 249 345 359 571 572 579 580 585 621 624 633 641 653 691 707 743 819 846 867 879 892 911 929 1037 1064 1069 1073 1096 1142 1209 1301 1304 1319 1326 1332 1350 1385 1405 1542 1545 1596 1615 1724 1743 1770 1778 1779 1793 1807 1808 1809 1817 1823 1839 1843 1848 1881 1890 1908 1922 1926 1943
10 79 85 120 123 147 167 177 200 202 207 341 472 536 549 560 567 572 585 609 612 626 653 687 737 804 842 874 879 880 893 903 971 1024 1048 1063 1071 1081 1090 1103 1110 1138 1147 1294 1297 1301 1309 1321 1322 1345 1364 1401 1406 1433 1518 1534 1573 1609 1686 1704 1719 1770 1774 1781 1801 1818 1823 1839 1840 1842 1847 1897 1919
5 63 76 93 100 144 145 154 186 205 207 335 440 528 549 561 567 569 595 598 610 623 652 720 780 784 787 805 821 827 831 852 860 870 881 887 951 957 992 1026 1058 1063 1076 1086 1097 1121 1133 1141 1227 1290 1308 1313 1314 1317 1344 1366 1405 1483 1562 1586 1610 1650 1728 1762 1771 1791 1813 1816 1823 1829 1830 1832 1843 1852
10 35 51 86 94 104 120 162 186 198 204 313 449 486 498 504 515 542 552 566 592 599 604 617 621 636 637 646 676 736 771 780 812 816 841 842 844 848 852 944 948 962 1051 1056 1062 1128 1129 1135 1182 1183 1215 1218 1243 1249 1283 1289 1300 1317 1320 1325 1337 1362 1373 1540 1564 1590 1625 1627 1650 1680 1688 1711 1734 1747 1752 1756 1757 1767 1789 1806 1808 1812 1838 1843
5 42 51 86 90 110 151 158 174 195 209 239 411 472 490 500 505 514 519 530 543 562 563 565 582 589 595 612 675 728 758 761 765 780 803 825 845 876 901 909 923 927 942 980 1021 1042 1054 1060 1105 1119 1147 1187 1281 1314 1316 1322 1349 1366 1488 1530 1571 1577 1645 1709 1722 1732 1748 1755 1759 1787 1792 1793 1796 1803 1804 1806 1813
28 31 79 82 104 110 128 131 137 142 148 169 360 394 472 487 490 493 515 525 557 581 592 600 629 638 677 711 749 772 792 840 844 877 894 907 944 1013 1036 1044 1051 1058 1060 1094 1100 1132 1157 1186 1219 1238 1274 1279 1286 1301 1308 1432 1481 1502 1577 1584 1644 1712 1719 1736 1746 1752 1753 1781 1784 1791 1795 1806
20 31 76 77 80 94 112 117 148 158 296 380 396 449 460 473 492 511 527 539 554 555 557 572 598 608 705 710 765 777 863 891 903 932 959 1006 1028 1094 1143 1184 1216 1233 1268 1270 1275 1302 1307 1409 1476 1543 1549 1632 1644 1664 1690 1720 1745 1746 1752 1778 1782 1783 1785 1790
6 7 16 19 34 55 74 100 114 121 158 367 396 416 457 463 488 502 506 508 516 526 540 554 568 595 615 688 701 754 762 797 841 871 913 929 1005 1013 1022 1076 1094 1107 1133 1153 1216 1222 1242 1272 1274 1280 1297 1302 1368 1398 1419 1421 1502 1557 1592 1637 1649 1665 1671 1683 1719 1725 1739 1756 1765 1782 1785
15 40 67 74 76 100 101 176 363 383 391 426 444 453 464 465 493 499 522 552 576 684 733 751 753 755 778 868 912 928 954 979 999 1000 1052 1055 1079 1080 1126 1167 1188 1199 1201 1268 1276 1292 1300 1374 1415 1502 1531 1545 1616 1638 1641 1683 1719 1725 1735 1741 1763 1770 1779 1782 1784
14 24 33 56 64 73 322 358 373 382 383 407 444 454 456 471 486 489 504 520 539 576 644 645 672 725 726 730 769 868 904 920 987 995 1033 1037 1053 1078 1096 1167 1187 1199 1240 1242 1259 1289 1314 1343 1435 1477 1531 1560 1591 1607 1618 1707 1719 1725 1726 1761 1762 1766 1778 1781
7 60 61 180 226 249 315 343 349 389 431 442 453 454 462 470 495 572 623 635 644 652 687 702 708 710 747 767 859 894 904 971 980 986 1012 1021 1035 1038 1064 1098 1161 1166 1180 1211 1231 1234 1256 1257 1265 1274 1276 1374 1395 1399 1508 1552 1572 1573 1586 1606 1608 1680 1691 1711 1723 1733 1749 1755 1765 1775
43 59 150 174 225 276 284 291 318 348 405 427 429 432 451 456 490 495 524 569 572 608 610 617 671 673 693 707 753 757 788 857 869 878 918 941 978 1005 1008 1011 1020 1058 1118 1119 1146 1147 1177 1205 1210 1235 1255 1270 1294 1397 1418 1440 1483 1489 1546 1578 1605 1647 1681 1698 1702 1716 1720 1725 1750 1754 1762
2 38 39 196 217 265 271 285 288 316 332 374 395 424 428 451 461 465 474 521 595 613 635 669 687 688 813 832 853 875 891 921 968 972 1004 1104 1112 1133 1137 1192 1199 1200 1205 1216 1249 1264 1266 1329 1403 1424 1473 1529 1565 1604 1620 1624 1638 1678 1685 1690 1697 1733 1744 1749 1751 1760
22 143 209 253 254 294 319 332 361 411 422 447 451 452 544 552 558 603 627 661 669 774 786 815 822 877 942 962 966 991 999 1003 1067 1070 1130 1186 1200 1240 1253 1331 1385 1411 1421 1455 1497 1525 1534 1539 1560 1584 1600 1618 1637 1661 1679 1690 1697 1711 1742 1749
52 103 109 148 166 219 253 265 268 278 341 398 414 420 431 432 436 441 451 541 603 631 645 729 739 763 776 812 909 959 965 1001 1060 1115 1126 1127 1182 1186 1191 1200 1209 1237 1267 1269 1277 1293 1368 1416 1494 1540 1558 1583 1635 1636 1651 1658 1666 1669 1670 1672 1681 1684 1696 1700 1704 1724
94 97 156 157 190 213 216 233 237 264 347 372 395 412 427 451 488 506 517 540 577 593 624 633 724 791 796 804 935 951 974 990 1018 1038 1049 1090 1121 1156 1168 1191 1231 1235 1263 1268 1350 1357 1373 1405 1439 1482 1502 1536 1562 1571 1611 1625 1628 1659 1669 1672 1673 1684 1695 1715 1721
28 85 110 121 138 191 230 321 352 375 382 388 409 418 451 454 463 501 522 536 550 591 615 621 680 723 727 788 794 804 823 903 934 935 968 997 1083 1103 1111 1112 1125 1159 1167 1230 1238 1261 1338 1341 1350 1384 1394 1409 1454 1479 1496 1528 1543 1545 1596 1602 1609 1651 1662 1666 1671 1693 1711
21 82 83 107 137 144 156 169 184 203 208 211 339 342 363 380 406 443 457 518 521 543 578 583 597 715 719 720 727 760 767 793 814 889 921 925 930 939 951 1045 1046 1093 1123 1136 1140 1178 1198 1216 1222 1224 1315 1321 1322 1324 1329 1447 1468 1475 1521 1525 1593 1604 1625 1658 1669 1693
12 49 93 127 150 159 194 204 297 308 352 376 389 397 404 503 555 557 583 587 641 697 705 793 799 811 824 866 885 903 913 919 923 1025 1044 1045 1088 1090 1112 1125 1140 1198 1201 1202 1214 1257 1320 1418 1419 1431 1444 1479 1516 1582 1586 1601 1608 1617 1646 1654 1669
22 60 88 128 139 263 290 317 342 345 362 382 387 393 394 398 462 550 554 577 658 674 675 775 785 805 886 890 905 907 917 918 920 982 1010 1030 1045 1070 1083 1085 1118 1137 1140 1169 1170 1179 1203 1220 1308 1360 1394 1423 1458 1513 1522 1529 1581 1593 1594 1598 1603 1636 1638 1669
1 21 71 101 135 136 155 211 263 315 330 369 385 390 399 434 543 557 567 584 589 601 625 648 653 750 777 874 880 887 897 904 969 976 1016 1033 1059 1078 1082 1133 1134 1167 1246 1267 1304 1331 1335 1390 1448 1496 1522 1537 1576 1586 1592 1600 1627
18 87 195 240 258 301 315 316 328 349 368 374 377 507 524 571 577 606 642 651 685 710 759 775 803 845 860 871 882 884 885 898 960 962 995 1049 1077 1079 1122 1129 1132 1159 1229 1299 1316 1340 1387 1427 1478 1481 1501 1517 1527 1535 1536 1556 1621
3 62 85 144 152 159 195 213 284 319 332 360 366 392 402 500 517 531 563 575 598 638 642 674 706 746 749 762 844 858 866 882 911 946 947 1021 1046 1055 1091 1122 1129 1187 1226 1296 1308 1323 1343 1349 1390 1437 1451 1462 1524 1541 1547 1551 1575 1582
42 47 57 128 171 177 191 262 304 330 340 345 346 357 360 455 475 552 582 633 637 689 693 697 701 711 747 821 825 839 858 892 938 984 1006 1025 1055 1086 1118 1119 1156 1206 1230 1247 1271 1293 1316 1328 1333 1386 1423 1448 1454 1458 1478 1514 1518 1542 1544 1562
41 62 77 89 106 176 252 326 333 334 341 345 357 397 439 447 458 472 503 544 580 582 630 658 699 741 782 823 825 827 832 857 866 878 893 940 996 1052 1068 1079 1082 1118 1161 1196 1243 1246 1266 1279 1280 1295 1297 1323 1333 1354 1422 1443 1448 1482 1492 1535
28 59 82 108 132 165 212 218 224 320 324 331 343 345 351 366 421 424 482 490 523 524 603 652 655 657 676 709 718 732 736 741 803 815 816 834 874 888 953 960 989 998 1001 1049 1067 1080 1088 1111 1187 1208 1220 1232 1240 1266 1276 1283 1292 1297 1378 1383 1413 1443 1496 1510 1528 1535
37 48 103 111 173 205 309 310 323 325 331 341 347 373 395 417 420 456 477 486 504 600 615 621 636 718 720 785 801 805 807 822 849 855 870 925 978 997 999 1038 1041 1074 1079 1167 1179 1180 1198 1229 1244 1278 1285 1313 1365 1371 1389 1436 1438 1497 1510 1512 1523
9 23 25 86 87 112 158 183 260 297 304 306 321 323 373 392 431 483 505 524 564 600 618 689 720 783 794 797 808 823 844 851 858 874 974 986 988 1031 1042 1050 1074 1114 1128 1138 1141 1211 1272 1282 1283 1285 1297 1311 1364 1380 1424 1431 1438
79 95 163 278 292 296 304 309 373 385 426 438 465 480 543 551 597 602 715 716 746 759 790 791 829 834 847 856 888 900 901 915 965 968 983 984 986 1019 1065 1070 1074 1089 1117 1163 1193 1248 1253 1259 1269 1363 1393 1407 1408 1410 1416
21 22 41 70 215 249 256 261 282 283 284 291 301 364 368 421 445 446 513 537 586 591 601 638 676 696 709 710 745 755 776 780 785 803 832 843 847 946 949 974 975 976 981 1055 1069 1071 1092 1107 1113 1117 1187 1233 1236 1239 1257 1306 1346 1389 1394 1398 1410
34 111 126 155 244 245 257 270 282 287 289 309 370 412 416 431 493 548 552 589 644 691 697 702 727 731 732 765 766 774 788 791 846 903 911 924 943 957 959 975 996 1002 1058 1064 1080 1108 1227 1253 1343 1377 1393
12 97 167 174 192 224 239 255 258 282 354 392 461 488 537 543 589 651 661 682 696 702 724 751 760 776 780 790 800 815 818 871 887 909 935 950 992 1002 1009 1019 1054 1058 1063 1135 1220 1279 1314 1333 1390
220 237 247 249 259 280 282 347 372 434 435 502 524 570 575 645 663 664 713 748 760 767 785 791 809 858 895 903 939 972 999 1004 1048 1118 1137 1161 1170 1195 1220 1266 1295 1313 1327 1337 1341
83 89 112 162 220 227 230 236 240 243 264 268 282 283 332 367 386 423 474 476 519 543 555 572 640 660 702 703 726 732 746 756 822 831 854 921 932 954 970 979 999 1042 1055 1134 1136 1138 1182 1212 1219 1250 1266
31 79 204 210 216 260 277 286 312 325 359 416 473 518 531 554 569 586 651 670 684 703 711 738 754 762 784 872 892 918 922 929 947 990 1023 1037 1041 1045 1112 1144 1187 1205 1214 1217 1230 1258
42 197 209 214 230 239 240 275 284 289 361 386 413 508 534 570 597 627 646 698 701 722 734 738 746 760 869 911 914 930 933 937 962 969 977 1005 1037 1086 1102 1185 1203 1217
25 47 171 191 194 213 228 229 235 259 270 274 284 311 393 403 425 453 472 492 514 562 575 610 640 687 688 696 700 718 727 751 856 867 912 925 944 946 968 1001 1005 1018 1026 1080 1104 1184 1186 1197 1217
3 18 21 157 165 173 180 197 199 210 223 238 249 258 275 293 391 432 446 453 510 551 561 567 601 685 688 689 697 714 736 750 813 882 890 903 991 993 1000 1011 1065 1071 1079 1115 1168 1180 1185 1195
4 15 121 162 177 178 188 206 223 235 238 284 290 372 391 424 437 451 454 479 495 573 668 686 696 708 714 745 874 900 910 979 1010 1021 1024 1068 1074 1085 1098 1099 1140 1154 1185 1187
89 94 106 159 161 173 180 190 195 200 211 221 265 287 311 350 364 369 398 433 468 546 591 625 664 677 683 713 826 835 856 870 892 917 962 1008 1082 1107 1159 1162 1177
12 13 121 150 160 167 173 190 203 208 250 257 270 310 355 361 386 448 529 550 613 652 661 672 676 697 756 761 777 780 809 856 880 893 927 983 989 993 997 1034 1047 1135 1147 1154
2 109 140 148 162 171 189 195 205 207 215 216 251 338 340 353 356 374 440 443 447 485 507 536 608 646 652 654 658 669 675 676 694 711 798 836 844 853 878 901 926 932 959 988 1017 1033 1045 1143
70 102 117 120 125 142 145 161 163 177 186 227 246 300 324 365 396 397 434 435 466 503 621 630 637 648 649 652 653 670 706 712 782 798 812 832 842 843 858 862 889 913 945 988 1107 1123 1130 1133 1138
8 83 95 119 137 140 141 158 160 168 170 174 212 316 375 420 466 607 636 648 771 779 813 839 840 849 860 887 904 930 952 955 958 985 1018 1102 1119 1123
41 44 76 80 116 130 137 141 152 160 165 170 206 213 229 276 300 324 354 411 413 451 566 597 601 612 638 647 648 656 759 764 768 831 836 913 923 951 956 992 1006 1100 1103
9 53 55 75 81 127 129 141 143 160 166 173 180 183 212 274 276 277 299 358 362 422 427 435 448 482 496 538 559 591 617 618 625 626 637 644 703 742 751 755 768 808 822 852 913 941 970 1056 1065
3 17 26 38 49 69 99 103 114 115 123 125 126 153 163 164 270 320 327 355 360 460 493 528 582 590 620 627 636 637 695 739 745 754 796 806 819 925 938 1026 1033 1045
3 12 27 82 97 107 108 118 122 123 149 159 251 320 325 328 399 452 454 468 532 543 545 553 600 617 623 629 631 636 637 673 690 725 741 750 761 785 798 806 814 906 983 987 1022 1031
9 25 74 91 95 106 107 109 112 114 135 155 236 247 306 308 321 358 361 388 446 464 490 494 599 602 623 641 659 687 740 773 793 906 953 980 998 1022
6 9 19 72 103 104 112 121 238 296 298 443 454 492 592 594 598 600 602 623 638 722 723 734 759 771 836 879 891 899 911 986
10 54 95 103 111 147 177 222 257 418 437 447 514 523 564 576 592 605 609 632 643 691 706 726 766 827 873 879 951 980
18 36 47 50 93 98 99 120 150 212 332 334 405 473 482 489 507 560 566 577 587 604 611 627 675 679 692 697 708 728 763 809 829 836 874 876 913
6 16 29 30 53 89 111 156 179 204 266 347 372 390 403 431 482 490 497 511 527 563 574 595 604 611 622 653 664 694 702 794 831 871
12 14 27 30 40 53 73 83 126 186 200 258 294 336 354 364 410 421 442 449 497 516 520 544 560 571 583 604 615 622 637 682 686 699 706 781 787 795 817 867 869
3 24 35 47 64 70 82 83 114 137 145 292 297 343 378 386 405 477 531 535 563 570 585 599 614 617 632 661 670 683 729 745 775
31 41 50 63 81 104 131 156 285 359 366 380 425 468 483 490 503 524 526 562 588 597 610 619 628 651 657 712 721 739 768
9 30 36 49 63 66 81 104 206 207 215 258 343 359 408 416 459 462 479 512 514 520 521 544 577 589 593 646 711 721 750
24 31 43 48 68 69 81 107 196 208 236 325 340 348 351 358 394 444 461 464 506 514 515 534 544 565 571 610 740 748
24 30 51 60 71 167 244 255 266 285 315 343 383 405 424 437 451 460 490 491 509 514 548 557 608 719
7 21 51 55 62 69 80 81 111 164 323 335 359 397 400 411 418 431 485 493 498 509 528 539 547 591 634 676
2 14 49 51 78 99 100 209 239 297 319 323 347 382 395 412 469 491 508 521 523 545 564 661 674
10 41 51 67 99 175 222 310 319 337 347 378 400 436 457 459 491 494 499 503 511 516 596
9 33 40 46 68 133 150 171 202 204 254 318 319 333 345 358 379 447 453 491 492 496 511
5 9 26 30 46 129 135 181 197 298 305 316 332 339 372 407 453 470 484
23 168 187 255 277 283 296 324 334 352 386 410 412 437 480
21 97 105 139 144 173 174 214 236 253 269 293 322 347 386 435 444 461 466 468
9 19 21 28 47 142 194 209 213 240 241 274 313 339 375 411 414 466
5 7 14 35 65 110 138 172 233 267 293 309 317 329 359 368 428 446
3 9 30 98 133 151 153 165 197 212 222 248 262 266 297 322 363 400 427
3 18 79 86 88 119 146 152 183 212 222 233 240 250 308 309 358 359 398 399
40 43 57 126 132 153 187 203 220 223 231 294 319 354 387
14 15 77 97 114 186 196 221 284 287 289 308 334
25 56 70 74 113 154 157 223 233 264 286
44 56 104 113 141 227 231 241 253 258 263 277 278
25 38 89 104 110 145 185 200 245 253
7 104 169 245
94 101 107 144 156 158 210 222
41 48 64 88 139 193
19 43 87 88 133 146 178
19 66 78 86 120 145
47 52 66 78 84 118 126 142
57 65 68 83 91 123
42 43 54
21 30 38 44 48
11 36 42
8 36
