38772
100000
100000
100000
45350
29564
100000
100000
100000
100000
100000
45388
32651
100000
100000
100000
100000
29593
100000
100000
100000
32976
100000
40210
100000
48891
100000
100000
100000
100000
37005
39392
35371
48287
100000
100000
100000
41175
100000
100000
100000
100000
37421
30009
30127
47615
38567
33554
45774
46930
49894
32478
100000
33282
100000
100000
37858
38353
100000
100000
33256
44272
38626
100000
100000
100000
100000
29146
100000
34323
100000
100000
36739
27552
100000
42521
100000
32122
40646
44829
44988
26830
36154
100000
100000
32193
37046
27137
100000
100000
46346
42099
100000
25220
100000
100000
100000
100000
100000
35602
46893
27032
100000
100000
44250
36446
100000
41450
100000
28552
100000
31586
28425
100000
34980
100000
100000
37109
100000
39323
28783
100000
100000
42940
28767
100000
30101
100000
100000
43591
100000
45623
100000
100000
100000
100000
43910
100000
100000
100000
34009
46844
31859
26636
34476
25401
49608
45022
100000
40685
29239
34791
33801
44083
47129
100000
100000
47659
100000
100000
44053
100000
100000
37396
100000
100000
100000
42038
49820
100000
100000
100000
44028
100000
100000
46082
26031
100000
100000
100000
25071
38065
42183
35171
39350
27979
100000
100000
100000
100000
100000
44411
100000
100000
28536
38960
100000
100000
100000
100000
100000
100000
100000
33979
33603
100000
35592
38609
39227
26098
35603
31938
100000
48761
26046
26165
49543
37652
39493
100000
39901
100000
100000
34665
100000
100000
100000
100000
43194
45070
39038
100000
30784
100000
28170
35356
37876
30516
42739
100000
100000
100000
40449
100000
100000
100000
100000
100000
32408
34474
44930
33557
46622
100000
100000
45809
100000
100000
38180
100000
26576
34563
26304
100000
100000
28952
36010
100000
100000
100000
100000
100000
35269
32685
100000
100000
100000
100000
100000
100000
100000
100000
41820
32131
44097
44082
47447
100000
41481
28735
100000
43995
37336
40944
33361
33869
100000
100000
25129
33950
27387
100000
100000
42225
49714
27043
100000
100000
47524
100000
100000
44423
25308
100000
48807
40571
30942
100000
41702
100000
100000
100000
35162
44375
100000
49623
38826
100000
100000
100000
100000
29283
100000
42281
36992
30092
100000
100000
100000
32008
36224
27614
32578
100000
43462
100000
100000
46343
42894
32793
100000
32665
48598
100000
100000
28068
100000
100000
34236
100000
100000
100000
100000
40120
38394
100000
100000
100000
33749
44993
100000
100000
100000
46971
100000
26695
100000
31771
47588
28052
100000
37940
35107
43886
41956
45241
44562
100000
100000
44027
100000
100000
100000
100000
47131
31588
100000
100000
43540
100000
100000
100000
100000
100000
100000
100000
38248
100000
100000
28705
40438
26176
43536
46263
28411
42888
45794
45105
100000
32840
37846
100000
26131
100000
47464
30741
27698
100000
26353
42769
100000
100000
100000
100000
30756
41754
43041
100000
100000
100000
41198
100000
28571
100000
47377
33167
49573
100000
100000
100000
37138
100000
40203
35378
29483
100000
37843
44991
100000
100000
35437
100000
34568
100000
100000
42007
29617
45042
100000
100000
100000
100000
100000
37419
43443
48245
100000
33630
100000
43375
100000
100000
45215
100000
100000
39973
44849
100000
100000
100000
100000
33028
48807
100000
29134
34460
100000
27383
100000
100000
46351
26922
100000
44048
25359
100000
44812
47942
40721
45793
100000
100000
100000
100000
42656
29390
39540
100000
40777
45560
100000
100000
45933
100000
100000
40224
100000
37961
40090
30775
100000
27336
38605
100000
100000
30451
25850
100000
100000
100000
45559
100000
100000
44869
42600
100000
100000
100000
100000
100000
100000
41744
29605
100000
29349
100000
41140
33300
100000
29855
30231
100000
100000
100000
100000
100000
44765
100000
39195
43263
26077
29590
100000
100000
100000
100000
40477
48182
100000
100000
100000
45379
100000
47503
100000
34591
46610
100000
100000
29021
36128
100000
100000
48077
39597
26993
49069
25537
35374
100000
49482
39255
100000
44908
49008
100000
100000
100000
100000
100000
100000
48672
33077
42865
34253
100000
41598
100000
39800
41051
100000
100000
30411
100000
100000
100000
100000
42446
25119
41308
32203
100000
49297
100000
100000
47987
32578
42551
40302
100000
100000
33420
42075
100000
100000
100000
38135
100000
100000
44361
34819
28002
47074
100000
100000
44035
31653
100000
100000
41805
100000
100000
34022
31464
36782
44483
27259
100000
34548
100000
47852
100000
27752
100000
100000
36862
33131
100000
100000
100000
44051
100000
41849
40048
47147
47629
100000
100000
49151
38365
41550
100000
26575
39102
30867
100000
36671
47524
49483
100000
100000
43342
100000
100000
30886
100000
34485
100000
100000
100000
100000
47040
100000
15632
18915
100000
23013
100000
16554
36731
16706
20386
100000
46045
100000
100000
100000
19959
100000
18654
17714
100000
18698
100000
25022
100000
19887
44474
19127
100000
100000
100000
44730
100000
39981
100000
24403
27241
100000
27385
100000
47605
100000
100000
100000
100000
100000
35531
19685
27511
12790
100000
100000
100000
100000
100000
100000
100000
100000
100000
100000
21923
100000
20366
100000
100000
100000
49062
100000
26597
100000
100000
100000
20340
25837
100000
100000
30939
100000
20921
20178
23578
100000
100000
24264
100000
100000
100000
15363
100000
16119
100000
43001
48728
36992
39055
17188
24568
100000
100000
100000
100000
100000
100000
100000
33787
100000
15545
28650
100000
100000
30488
22419
42832
18490
100000
100000
100000
25006
45015
13098
100000
24488
100000
27363
19891
23378
28505
13206
100000
23379
100000
21274
12250
15227
29672
47035
100000
22998
19982
10880
100000
100000
100000
100000
100000
33035
35745
100000
17808
16716
17277
30927
27117
25731
20914
100000
40874
24545
100000
16082
100000
100000
100000
39726
27007
100000
22338
100000
100000
100000
100000
28469
45164
44381
18641
24311
100000
20164
100000
100000
43707
100000
100000
14711
100000
100000
100000
21454
100000
41077
17064
22655
100000
32921
100000
100000
100000
100000
25738
13406
11340
25837
17757
16862
19999
27130
100000
100000
100000
15815
25637
100000
100000
33793
100000
100000
100000
100000
10301
100000
49419
31326
11145
100000
100000
27004
30654
100000
26176
100000
22682
100000
28379
100000
100000
100000
27389
100000
21905
20759
100000
100000
28540
26897
25390
100000
100000
24552
100000
100000
100000
100000
100000
12020
19669
100000
24197
100000
100000
100000
22760
100000
38577
100000
18474
100000
27036
100000
100000
100000
37369
100000
25924
100000
100000
100000
26812
100000
32641
100000
100000
18252
15390
100000
37203
100000
18616
22478
100000
100000
100000
24445
100000
27059
29610
100000
16823
43922
13929
37995
100000
100000
20198
100000
13206
100000
100000
100000
29499
20731
100000
18085
15049
38111
100000
100000
100000
100000
100000
100000
12899
13723
100000
32969
100000
25552
43926
100000
100000
100000
100000
49921
19019
12420
15190
100000
13697
100000
17890
100000
100000
100000
100000
44557
35299
100000
16058
100000
32234
19317
100000
100000
17743
100000
100000
16136
100000
100000
20473
36938
17681
17100
39327
100000
100000
21161
100000
16357
47285
13475
100000
49017
100000
15300
100000
44435
100000
20085
4852
100000
41340
16291
17699
22399
100000
33840
13930
100000
100000
100000
100000
4517
19854
100000
17180
100000
30804
100000
15327
100000
100000
32148
41341
16783
100000
100000
14853
31699
100000
34065
13867
34956
41553
16136
16878
25204
100000
100000
100000
20617
48864
13742
100000
100000
100000
100000
10613
40388
42331
100000
4350
100000
17177
17631
41141
13715
15150
100000
42931
40966
35125
100000
3559
100000
16301
15421
15257
100000
34430
100000
49119
12963
5102
17767
18582
100000
47786
100000
20255
100000
100000
18871
100000
100000
100000
100000
100000
12715
17143
17954
100000
100000
100000
100000
23342
100000
42876
49072
33326
100000
100000
17352
21441
49486
100000
20757
100000
100000
100000
49979
4892
18736
28055
12431
100000
44600
12966
22096
100000
100000
13751
20156
100000
5344
100000
4131
43104
38760
13494
100000
100000
100000
16338
14761
100000
100000
100000
35812
5749
100000
100000
100000
14523
19797
100000
572
15314
100000
15186
100000
100000
100000
5963
100000
5553
153
47164
100000
100000
100000
35074
100000
100000
100000
100000
100000
100000
12512
100000
100000
100000
39301
17731
20414
100000
47282
100000
100000
5882
21085
16382
48462
100000
100000
100000
28327
100000
17446
100000
47690
35479
100000
100000
100000
18520
8160
100000
100000
20438
16256
27085
100000
21572
19416
16602
21643
2033
100000
13331
100000
5815
100000
100000
15366
100000
100000
6279
100000
26226
100000
100000
10862
100000
11153
31298
100000
11560
8677
100000
20098
100000
34013
100000
41814
14195
100000
100000
3260
13584
100000
49485
100000
43701
100000
44626
100000
5024
5898
100000
100000
100000
100000
11068
25061
100000
13576
3836
100000
29531
6927
100000
100000
100000
100000
100000
100000
100000
100000
100000
100000
9181
39447
16988
100000
100000
15246
100000
18458
100000
100000
100000
11807
21103
28442
100000
100000
15224
14687
32617
100000
43975
100000
8265
33098
12648
32603
100000
100000
100000
100000
100000
19456
13546
100000
100000
100000
100000
100000
34335
35164
32407
22043
100000
100000
100000
5279
100000
7953
8306
100000
11628
25767
100000
100000
100000
100000
22134
100000
100000
100000
16394
9076
100000
27008
100000
100000
100000
100000
100000
18815
29430
25227
7338
15663
100000
18920
100000
8558
100000
10307
7231
100000
100000
100000
100000
13712
100000
100000
8360
10537
100000
13231
17609
35756
36677
100000
100000
28140
100000
100000
100000
100000
100000
100000
20736
100000
9152
12258
100000
100000
100000
100000
40369
29907
43325
14843
40031
100000
100000
100000
100000
100000
48505
8450
100000
100000
100000
23290
100000
22103
100000
100000
8459
100000
100000
22594
100000
7004
100000
100000
14940
10852
100000
25175
100000
129
100000
100000
100000
100000
100000
100000
100000
100000
100000
10268
100000
100000
100000
3840
12416
19462
7181
5290
100000
5603
100000
6628
8353
6934
100000
35515
5603
17132
100000
6623
5090
9725
9040
100000
8659
29936
34493
100000
16932
25734
12223
31202
100000
100000
12179
5720
39546
3999
100000
9014
100000
100000
100000
5404
13392
100000
5177
30516
4859
36190
2998
100000
100000
7362
100000
100000
10556
48876
13048
100000
100000
35544
12089
100000
37557
27120
8782
14584
100000
7253
46497
100000
100000
14343
100000
3997
44850
12525
8529
4119
100000
43822
100000
100000
100000
12077
100000
10800
4316
100000
100000
100000
100000
5356
7124
11933
9682
10175
4836
100000
100000
100000
100000
100000
6383
100000
41778
47534
8987
100000
5191
100000
39668
100000
3255
100000
29698
100000
11295
100000
39150
4384
100000
49185
100000
100000
7230
100000
13088
100000
13808
9877
8297
100000
100000
22722
1693
8651
5486
100000
100000
100000
100000
7284
5531
18291
43713
100000
100000
37039
100000
32758
100000
100000
4923
100000
100000
100000
100000
5344
100000
4802
7403
33848
100000
100000
100000
100000
48116
10308
100000
100000
100000
100000
26279
100000
100000
7025
100000
100000
100000
41402
5848
40982
100000
100000
100000
100000
7962
100000
11233
100000
100000
30389
100000
100000
100000
11683
48688
2383
100000
5987
5458
100000
5787
100000
100000
100000
100000
4503
100000
100000
32363
100000
2220
100000
100000
100000
24699
14242
100000
100000
100000
5641
100000
12478
100000
7731
23924
100000
36422
100000
100000
30125
100000
100000
7161
100000
100000
100000
40345
41092
100000
6947
34273
6143
2124
26645
100000
3993
26463
10821
100000
32418
100000
5421
4748
100000
100000
100000
5785
4922
100000
4416
100000
100000
100000
100000
100000
6387
100000
13411
100000
3341
100000
8077
5695
100000
7021
100000
43578
7976
100000
100000
8248
100000
6759
100000
100000
33100
4552
11352
2155
100000
100000
100000
7228
100000
2917
5742
100000
100000
100000
100000
100000
100000
11417
100000
413
100000
100000
100000
4033
100000
100000
100000
34530
100000
5285
100000
2753
9244
100000
8732
47253
100000
7435
11809
100000
22195
100000
8167
5390
100000
100000
100000
476
5605
100000
100000
19853
3996
7747
7745
4029
100000
100000
45358
100000
100000
100000
100000
100000
8055
100000
100000
1714
7611
45974
4343
23837
100000
13481
7815
10337
17023
17054
5366
4363
25646
100000
9948
11262
100000
100000
4399
8176
100000
5917
45561
7476
100000
7944
21238
7127
3122
13024
43854
6725
100000
49262
17597
100000
5180
49599
100000
20400
100000
14363
100000
39926
100000
12471
1450
2863
100000
100000
35388
1202
6914
4590
12929
10837
100000
8607
4471
100000
11465
5521
49099
5787
100000
100000
100000
100000
7423
100000
5931
9210
100000
100000
100000
1297
100000
100000
21168
100000
10199
100000
1822
23460
48367
100000
21185
25074
100000
10919
49703
39001
100000
100000
21459
8870
100000
10209
9240
100000
100000
100000
37143
8570
4406
3553
4945
26206
100000
14456
16327
100000
43718
2297
7186
100000
100000
9405
100000
100000
100000
100000
18864
10830
47804
6914
100000
9110
5816
6450
100000
100000
12528
9711
41274
3016
100000
23856
100000
100000
7902
2801
15546
3513
10253
1006
6050
953
1621
100000
100000
2296
32269
100000
12686
100000
100000
100000
100000
11146
100000
100000
7147
11598
100000
45951
100000
100000
3257
1544
100000
100000
100000
100000
100000
2786
100000
100000
100000
100000
4520
13965
100000
100000
100000
10195
100000
2897
15369
100000
6915
12188
100000
100000
4788
100000
100000
10161
7368
2691
100000
5650
100000
21621
100000
7016
100000
5289
29230
5463
100000
8615
3170
27122
681
100000
100000
100000
30740
100000
6288
100000
12580
30383
12882
100000
26906
5008
100000
100000
11827
12323
100000
100000
5881
100000
100000
100000
100000
100000
100000
5470
100000
100000
100000
1809
2373
100000
3554
25235
29644
100000
23495
4531
100000
100000
5196
4768
4149
100000
100000
1613
100000
100000
100000
100000
2759
100000
5463
5466
5569
100000
1516
3008
100000
100000
100000
5196
8468
7289
6148
100000
47348
8180
5947
10745
6096
12282
8282
100000
6232
100000
9085
1635
23364
5044
100000
5515
100000
12648
100000
10259
100000
100000
11316
100000
100000
5516
37618
100000
100000
12677
10100
100000
4905
100000
100000
100000
100000
100000
29905
6688
6548
9028
49864
100000
100000
100000
100000
100000
100000
100000
100000
100000
4247
2919
10776
100000
16415
100000
7774
3597
100000
100000
20165
5683
8955
3466
7232
100000
100000
5602
42037
26272
100000
6658
100000
4569
100000
7954
4207
100000
11364
100000
1567
17295
15910
100000
100000
7597
3208
100000
16992
100000
27136
40026
6444
100000
100000
9576
100000
6364
11325
5935
100000
4518
100000
16999
100000
8110
2877
100000
100000
40006
7958
9564
100000
4165
10018
100000
100000
100000
100000
1944
100000
3023
9842
5942
100000
15367
44777
100000
1920
100000
100000
11170
100000
6608
5281
100000
5516
1874
29511
3461
100000
100000
14631
4362
11202
11460
100000
46801
100000
100000
47266
100000
24321
7095
100000
100000
8525
33741
3826
100000
100000
3429
100000
12508
100000
10227
43382
100000
4766
31517
30182
4717
2833
100000
100000
100000
10672
45737
100000
44343
3281
100000
4361
43510
5139
100000
100000
12009
100000
100000
3907
100000
1656
100000
29128
100000
100000
100000
100000
100000
28367
100000
100000
100000
100000
5248
100000
3568
100000
100000
3195
4030
100000
100000
100000
2514
5332
100000
2858
100000
45498
100000
5385
100000
4009
2581
34718
100000
100000
100000
36017
100000
28878
7525
100000
100000
100000
27260
3545
100000
100000
100000
100000
34809
100000
40672
100000
100000
100000
100000
4726
6285
100000
100000
100000
100000
45627
100000
3735
100000
7266
3826
8876
4192
8410
47501
26346
3166
5616
15337
6166
7611
5794
100000
100000
100000
100000
100000
100000
6532
100000
7062
6884
1891
100000
100000
7467
282
100000
100000
35710
9755
3140
39661
100000
7447
100000
9110
100000
31341
39913
13403
100000
5601
100000
12573
4990
100000
100000
39837
100000
100000
11259
100000
100000
100000
100000
32028
2723
47463
100000
34292
42682
36146
42701
100000
100000
100000
12423
5200
3108
2103
100000
4955
12097
100000
100000
100000
4211
100000
47629
100000
648
6830
100000
100000
4400
100000
100000
100000
6077
100000
100000
5168
100000
100000
4039
10449
100000
5689
100000
100000
2480
100000
5911
4314
100000
605
100000
100000
100000
100000
14133
27332
5862
100000
100000
10893
100000
100000
100000
100000
659
100000
100000
25538
7051
3192
100000
100000
100000
100000
2149
100000
8172
14224
6613
100000
3723
100000
100000
100000
1241
1087
2305
5208
100000
8947
45197
5281
10057
100000
2240
6951
100000
100000
10311
16615
100000
100000
35788
5487
9744
15903
3192
48997
100000
100000
43394
100000
100000
6974
100000
100000
9843
32051
100000
34262
3792
3173
2468
5020
6748
100000
36008
49768
100000
100000
5600
8887
100000
5719
16309
10676
100000
3478
4897
14782
100000
27663
100000
100000
2341
2175
13894
14950
100000
100000
100000
4715
100000
100000
4388
100000
36141
4734
100000
100000
100000
30221
3456
100000
100000
100000
7515
100000
9650
3962
100000
3526
10078
100000
1144
100000
14110
29679
100000
9279
40667
100000
4316
4008
9768
1199
1308
100000
4358
100000
100000
4485
100000
1466
7431
5014
100000
100000
100000
8388
100000
100000
100000
17422
2180
100000
2246
9395
3211
100000
10261
100000
8225
100000
100000
100000
100000
3818
41204
1146
279
3266
5258
7512
6996
3846
4373
48446
7744
100000
100000
100000
2927
2877
100000
1764
100000
4866
100000
100000
25130
9622
12873
100000
1805
5676
8588
100000
100000
100000
4198
100000
100000
100000
3399
100000
21971
7565
4278
4017
7049
17722
100000
3074
901
100000
100000
100000
27250
100000
100000
100000
5657
6353
29056
26000
100000
100000
26674
100000
46281
100000
42748
100000
32957
5671
100000
27759
5041
100000
100000
100000
2170
100000
100000
100000
5634
10720
1524
13078
100000
996
11280
377
100000
13101
100000
100000
7633
100000
100000
358
100000
100000
5003
3265
15986
100000
100000
100000
3968
100000
100000
100000
23702
100000
100000
100000
100000
100000
2261
3356
100000
100000
100000
100000
100000
100000
5385
100000
4256
100000
40287
100000
21310
2389
100000
31326
4821
15173
100000
100000
100000
100000
100000
100000
2623
7733
100000
100000
100000
14345
2785
8254
6584
100000
5297
1262
100000
2346
100000
100000
3443
5285
100000
4862
100000
7903
27693
7430
723
11351
15051
11498
11897
2381
11359
100000
100000
100000
100000
100000
100000
100000
14781
7802
45959
100000
1637
100000
100000
2263
100000
100000
15936
4464
100000
100000
100000
34139
100000
4846
2844
33321
100000
5031
100000
6611
100000
100000
13559
100000
229
100000
100000
2670
100000
100000
100000
3482
6995
100000
25352
5799
100000
7715
100000
100000
100000
2170
100000
15736
100000
2577
100000
100000
48011
4289
6561
100000
35864
100000
4011
5737
4218
7360
2893
100000
2517
100000
100000
7870
100000
100000
7844
100000
100000
100000
100000
41755
100000
9514
3026
38815
100000
100000
100000
4818
577
4448
100000
23502
100000
100000
4252
100000
100000
13523
33962
13567
100000
100000
13642
100000
100000
7324
2938
15686
100000
100000
3214
100000
100000
3540
8084
100000
33035
100000
6882
100000
100000
36152
100000
5922
100000
100000
3312
2635
8071
100000
100000
46957
100000
43295
100000
100000
2117
100000
100000
100000
100000
100000
6897
13288
48821
6894
100000
100000
7391
100000
100000
8437
100000
2429
100000
100000
100000
27186
4957
7452
5159
4100
100000
4816
9371
254
100000
100000
100000
2568
100000
16822
5437
21039
100000
10266
100000
100000
100000
100000
100000
4702
3078
100000
683
38428
100000
2450
12026
100000
16129
4860
100000
100000
100000
4209
100000
100000
4536
100000
5527
100000
100000
10722
100000
100000
100000
100000
100000
37219
100000
100000
6277
100000
100000
100000
21403
100000
100000
100000
100000
7033
3200
100000
100000
3280
11315
100000
12689
100000
100000
6370
3145
7443
100000
6838
3632
7816
20713
43834
100000
4542
100000
2173
7088
4197
727
678
100000
100000
100000
100000
100000
29736
100000
2109
100000
25409
1525
100000
16907
100000
19977
7641
3118
4905
100000
100000
37130
100000
806
100000
100000
100000
7886
100000
100000
3202
7201
100000
12202
100000
100000
100000
4045
100000
100000
100000
100000
44856
100000
7205
100000
36388
100000
7541
100000
100000
7954
100000
100000
100000
100000
8351
36290
2750
6972
100000
100000
100000
100000
100000
100000
100000
1418
4723
30980
100000
100000
100000
100000
27884
11952
49606
100000
100000
2023
3938
4410
2094
100000
6136
11009
100000
48426
100000
1486
9123
100000
11530
3179
100000
1266
100000
2011
100000
36738
8543
6697
100000
3645
6324
6248
1458
100000
100000
100000
100000
100000
100000
997
40236
2865
100000
46422
6017
100000
2952
5020
2571
3267
1751
25665
100000
7368
12265
100000
100000
100000
100000
100000
4846
100000
33634
12044
3588
1985
43578
100000
100000
297
100000
100000
100000
100000
100000
100000
100000
4931
100000
100000
2391
100000
100000
100000
100000
100000
100000
17548
100000
100000
100000
100000
27591
100000
8780
100000
3004
100000
100000
3518
4211
6616
5674
4311
15056
3174
100000
100000
100000
7201
4700
100000
43263
2701
15788
100000
100000
100000
100000
46239
100000
4837
100000
3085
1391
7178
100000
37410
43774
100000
100000
6164
3977
100000
1274
11738
642
100000
38756
6862
1360
14069
100000
14601
100000
37330
11661
100000
1849
3055
100000
100000
100000
100000
100000
40254
16437
100000
4120
38003
100000
3132
100000
100000
100000
1238
6103
7802
100000
34163
2845
100000
723
29098
100000
100000
2502
100000
100000
100000
100000
3778
12459
7398
100000
12273
100000
44292
33072
4639
100000
3233
100000
3204
4575
7405
8059
9831
49698
100000
100000
100000
32870
26779
100000
100000
100000
100000
4705
2464
7330
100000
2985
100000
100000
42171
100000
4499
100000
963
100000
100000
10642
1096
100000
1557
13353
11642
100000
30387
15602
100000
4019
100000
4356
625
100000
2712
3639
100000
100000
2735
100000
100000
4421
5671
5634
100000
100000
100000
100000
100000
3909
4554
39292
5511
100000
100000
100000
100000
100000
100000
100000
4554
4557
100000
100000
100000
3153
100000
100000
2111
5735
3510
100000
39450
100000
721
41279
100000
100000
42784
45079
100000
8034
379
100000
100000
10821
4488
100000
13462
100000
2955
100000
3695
100000
1624
100000
5871
100000
4922
100000
5065
100000
25497
100000
100000
4398
100000
8884
851
100000
100000
100000
5253
1335
100000
2246
100000
100000
100000
7716
42940
29743
10475
100000
100000
4702
100000
2581
100000
8556
47433
100000
3129
100000
100000
3818
100000
100000
100000
3937
100000
22287
13045
100000
29474
100000
10978
11492
100000
945
100000
100000
100000
100000
1021
1252
9169
100000
100000
100000
12602
6927
100000
15878
100000
100000
841
100000
28046
100000
3039
712
10042
100000
1506
2931
100000
100000
1238
100000
100000
100000
100000
100000
100000
100000
1247
2518
100000
100000
13057
100000
10892
13120
2648
100000
100000
7984
4013
7187
1168
26755
100000
100000
100000
100000
100000
9651
1424
100000
2219
100000
1874
7446
13831
100000
100000
100000
100000
100000
100000
9489
4090
778
100000
100000
100000
100000
100000
41577
100000
100000
100000
100000
1340
100000
100000
100000
4758
100000
100000
100000
6454
2568
4734
100000
100000
100000
100000
100000
12412
2278
100000
1773
2692
100000
100000
2910
100000
100000
100000
8870
100000
100000
100000
15973
3980
2946
100000
1026
100000
4725
100000
100000
2324
40506
100000
100000
100000
20969
100000
100000
100000
100000
11016
100000
3581
100000
2055
4413
1930
7021
6835
4228
100000
4954
4270
100000
29291
100000
7170
8746
49172
100000
3130
7814
5620
100000
100000
100000
100000
100000
4919
100000
100000
12573
2510
100000
100000
43523
4431
2890
100000
100000
100000
100000
7885
1106
10560
3384
100000
22769
100000
14464
100000
2376
100000
3207
100000
100000
100000
100000
2793
100000
100000
5614
3155
100000
2925
100000
100000
7795
97
100000
4198
13891
3543
11160
37973
7823
1619
9374
784
2706
100000
100000
35231
11594
3309
4030
2051
100000
100000
1859
100000
100000
4340
4973
100000
100000
3290
2530
1968
100000
100000
100000
3134
100000
3554
2549
1175
100000
2416
100000
100000
31290
2462
100000
100000
46499
32088
100000
1968
25876
100000
100000
28275
10485
100000
100000
6695
100000
3181
35061
7372
100000
3381
3768
1464
100000
100000
11092
100000
100000
3171
4958
100000
100000
1950
100000
10077
100000
15831
100000
100000
4528
3958
100000
100000
100000
100000
3295
100000
14221
4284
1505
3014
1728
100000
100000
100000
48921
9600
3730
1897
4093
2801
100000
998
5114
100000
100000
3247
100000
100000
1672
100000
6839
9433
100000
100000
2091
100000
1607
9169
100000
100000
100000
2513
10496
100000
4488
100000
6796
1655
100000
2914
5189
100000
100000
6957
19895
100000
738
12380
3146
100000
1006
26934
6990
100000
20074
100000
100000
10220
100000
239
2824
2038
1969
100000
9526
179
34633
100000
100000
693
100000
1815
1654
36611
937
7352
2295
1941
3013
100000
100000
14546
100000
100000
10816
100000
1233
1648
925
6808
2376
100000
39055
11473
36528
4634
2709
100000
3996
17583
100000
4234
100000
100000
5990
14328
100000
5828
100000
1069
100000
1340
42886
100000
12399
100000
100000
100000
100000
28332
2061
100000
3121
4534
27676
100000
100000
11734
100000
12139
8415
100000
100000
100000
7949
100000
2500
10304
7974
1442
100000
16380
3315
2776
1538
3050
4972
846
762
100000
100000
16048
3309
3006
8929
4906
100000
100000
4188
3816
9628
3844
3345
6353
10098
100000
14106
100000
8039
4065
100000
8633
32293
100000
888
12604
100000
100000
100000
100000
4357
100000
100000
8355
100000
100000
11099
100000
3042
241
100000
13207
100000
1724
100000
100000
100000
6668
5499
3081
9857
1959
100000
100000
3696
10856
4884
100000
5044
10601
37571
100000
2778
100000
8376
100000
100000
49019
100000
100000
12972
4109
2484
2392
100000
100000
6864
4280
37566
2046
10450
100000
6982
100000
100000
100000
989
40806
889
3930
100000
13088
100000
44159
13809
100000
100000
100000
569
100000
2043
100000
100000
1852
100000
2759
100000
1990
1220
9625
39257
1538
100000
4305
10994
100000
5503
100000
100000
100000
100000
100000
3673
7620
100000
100000
4128
1874
2413
1559
100000
100000
18178
12315
100000
100000
100000
2262
2254
100000
9369
41562
100000
7070
100000
100000
954
100000
17481
8275
100000
100000
100000
28790
16372
100000
100000
2593
100000
100000
100000
6891
3733
4311
1518
902
4653
2571
1434
7164
20807
100000
1976
100000
100000
5971
100000
6240
18360
1160
100000
12823
100000
1023
100000
100000
10689
100000
100000
100000
100000
100000
1736
2767
100000
100000
100000
13079
100000
9267
100000
100000
13402
100000
100000
2599
100000
100000
100000
100000
100000
2758
100000
1651
1463
100000
100000
100000
100000
4305
4386
1380
12346
100000
658
42412
30850
100000
100000
8405
11944
100000
2614
100000
895
100000
2407
100000
1314
100000
100000
100000
1691
100000
7995
100000
100000
100000
17566
100000
100000
11055
2740
100000
100000
100000
6939
100000
100000
11205
100000
38175
8711
10550
100000
100000
100000
100000
3260
1400
2562
2964
100000
3155
47828
100000
100000
100000
34846
100000
4771
3141
7816
1180
1444
30226
100000
3274
100000
100000
36037
100000
4853
7522
100000
2257
2808
2799
22522
4884
9058
5718
100000
1158
100000
6962
100000
11673
100000
100000
7054
100000
100000
836
100000
100000
900
100000
2816
100000
9716
2434
1209
100000
100000
2678
1481
100000
100000
100000
1695
100000
2563
100000
100000
4441
2629
100000
2539
100000
7507
100000
13957
100000
100000
100000
522
100000
100000
5743
11730
100000
100000
100000
16074
2878
100000
100000
1636
100000
12651
100000
20699
100000
100000
2229
100000
1797
2330
20347
100000
100000
100000
13929
100000
10411
100000
3971
100000
3200
8600
1489
100000
100000
2523
9089
100000
100000
5725
100000
9541
4936
2444
100000
100000
100000
100000
100000
100000
25537
8568
100000
100000
100000
100000
100000
100000
3832
100000
100000
2715
18916
100000
9750
8345
11669
1097
100000
3046
100000
100000
25277
1914
100000
100000
100000
100000
3397
7779
100000
3821
100000
100000
100000
1157
1573
100000
100000
2217
3287
100000
1973
100000
1447
100000
100000
100000
672
143
1152
1829
100000
100000
100000
11043
2182
100000
100000
100000
100000
2013
674
100000
100000
2429
100000
100000
100000
100000
1770
3571
12187
100000
18555
2600
9490
6602
8402
100000
4443
2280
7305
7611
100000
21933
1703
1836
19784
100000
100000
100000
100000
100000
100000
3680
47106
13592
100000
100000
3273
100000
3149
100000
2493
100000
100000
100000
13473
2101
100000
1779
100000
100000
10194
100000
100000
4728
5069
35223
100000
100000
100000
2049
2999
33720
100000
100000
100000
1560
100000
7361
100000
100000
100000
100000
1911
100000
7732
100000
2324
313
7452
3605
15592
3170
3853
22194
22617
100000
100000
100000
100000
2478
100000
7227
100000
2586
5255
100000
1629
2080
100000
100000
2886
100000
2700
2753
100000
100000
2343
508
3318
4090
1797
7830
100000
202
1429
100000
10294
646
100000
100000
132
8916
45189
3633
38226
100000
100000
100000
1965
3156
100000
100000
100000
100000
12984
12131
100000
1211
2443
3174
1710
3664
1893
100000
100000
8837
100000
100000
100000
29026
40727
869
100000
1007
100000
100000
2635
100000
100000
16931
100000
2675
2602
30224
100000
8463
27268
2577
100000
3171
838
2219
33360
3436
6742
8145
100000
100000
8339
31174
8488
4424
6966
6190
3453
100000
21326
100000
100000
100000
100000
100000
1616
1471
10337
566
3341
2450
7973
100000
8812
100000
100000
100000
100000
7963
100000
100000
100000
100000
17416
100000
100000
4032
100000
15086
100000
6471
100000
4493
9430
12882
7158
100000
100000
2280
122
100000
2923
1326
10739
2401
3044
100000
8695
1714
100000
100000
100000
100000
8060
100000
2827
100000
100000
100000
100000
615
100000
100000
1578
100000
14556
100000
1989
1767
100000
2643
100000
100000
36151
5575
100000
2338
2094
2349
100000
5918
18180
1134
100000
10532
100000
2098
100000
100000
3399
11092
3877
12134
342
1307
100000
100000
2620
3388
100000
2281
100000
100000
100000
100000
1517
6176
100000
100000
32480
100000
2319
1398
2662
100000
6742
100000
3027
100000
100000
100000
518
1785
278
100000
25992
9337
2752
100000
100000
100000
7626
32867
20822
100000
1327
6035
100000
10424
100000
100000
29767
2453
100000
100000
100000
2201
7667
1821
100000
100000
100000
100000
100000
5149
100000
100000
100000
100000
3191
2298
100000
2310
100000
14451
100000
100000
6216
100000
11697
100000
44652
100000
1728
100000
1525
100000
100000
47047
100000
3439
100000
100000
100000
3160
3340
100000
36881
14585
100000
2725
11712
100000
7283
8990
499
100000
100000
2699
100000
2320
100000
4864
16896
100000
100000
11035
21063
100000
6593
100000
5909
100000
100000
100000
100000
12609
8365
100000
100000
2365
6823
100000
981
2348
26541
100000
100000
5814
100000
100000
100000
100000
100000
46409
2350
2048
100000
100000
100000
100000
100000
100000
100000
1119
100000
100000
6048
100000
100000
100000
100000
100000
100000
1007
2035
3360
100000
2473
6819
10520
1304
2466
100000
6128
10080
3124
100000
6797
100000
1150
100000
100000
100000
100000
2363
100000
100000
100000
1121
8595
100000
100000
100000
100000
28161
100000
100000
100000
100000
100000
21880
100000
5913
100000
100000
100000
100000
3433
100000
1536
2665
100000
100000
4344
1315
100000
100000
1901
12647
100000
7031
100000
1812
100000
100000
73
100000
12810
1634
100000
100000
100000
100000
8335
100000
5842
2732
1206
100000
1399
160
2578
100000
100000
100000
100000
100000
543
12587
100000
100000
6156
5998
6655
1329
2390
2944
100000
100000
100000
472
100000
1352
100000
2077
100000
100000
100000
1383
34030
5241
557
2251
6090
100000
2253
2391
6418
100000
47299
7379
6085
2228
100000
100000
814
100000
100000
100000
100000
15180
14587
100000
100000
9962
100000
2733
2678
7911
1082
456
100000
100000
3381
10784
1163
100000
100000
2368
1947
7292
2678
100000
1318
100000
100000
1113
2821
100000
100000
2626
100000
100000
100000
3659
1356
863
100000
100000
100000
10816
100000
100000
100000
100000
6813
11270
2587
10410
6394
100000
1120
1342
100000
100000
100000
2669
1962
100000
100000
775
100000
7543
4422
10156
10428
10704
1337
295
3419
100000
7319
100000
24972
100000
2120
2907
100000
100000
100000
100000
22467
100000
100000
100000
2340
100000
100000
100000
100000
100000
3261
2609
6728
100000
2779
100000
100000
100000
10710
1238
2098
100000
1170
27619
100000
100000
6727
100000
100000
1826
100000
100000
100000
100000
4893
4660
100000
100000
2771
11400
100000
100000
100000
4933
416
9701
100000
3743
2270
10523
7223
100000
100000
8781
2511
100000
100000
100000
100000
2300
100000
2613
26340
2697
3559
100000
100000
100000
12576
27925
2695
2809
6509
100000
100000
100000
100000
100000
22742
13162
1605
100000
100000
100000
1428
100000
100000
100000
2147
100000
448
100000
275
100000
100000
2391
3626
100000
100000
100000
13012
3855
3093
100000
100000
100000
4378
1071
100000
100000
1960
3129
6152
10945
100000
100000
3011
100000
100000
1413
100000
100000
207
100000
659
100000
3059
1527
100000
2090
100000
100000
1956
10304
1837
100000
1661
100000
3196
100000
6795
9183
100000
24993
100000
8734
100000
100000
10981
7822
100000
100000
1603
100000
100000
1965
100000
100000
100000
100000
100000
9273
100000
100000
100000
100000
100000
100000
5569
100000
100000
6424
2735
100000
1891
3074
30138
3422
3640
1895
12815
6906
259
1523
6603
2900
1215
100000
1570
100000
510
1886
100000
100000
5786
100000
12664
3564
4516
2716
1481
2282
10132
3778
100000
7132
2489
1829
14169
100000
393
100000
1425
100000
100000
904
5701
2163
6589
100000
100000
100000
8628
100000
100000
100000
7601
1344
1497
13522
7825
100000
100000
100000
15439
100000
1541
100000
100000
100000
2028
100000
100000
100000
100000
100000
3963
2441
100000
2136
100000
100000
1026
25403
1312
1923
438
100000
7269
100000
100000
100000
100000
100000
1999
100000
100000
100000
100000
100000
100000
100000
100000
100000
100000
7038
100000
8556
100000
100000
10092
100000
4193
1581
100000
100000
3051
1131
100000
100000
2350
18584
1994
35432
4713
100000
6099
100000
3000
100000
100000
100000
100000
100000
2185
2179
100000
100000
100000
1447
561
100000
2685
100000
100000
100000
100000
100000
100000
622
100000
499
1450
2508
881
100000
3363
100000
6815
1260
100000
6889
100000
100000
100000
100000
1560
3442
100000
100000
1079
100000
100000
47290
9019
100000
2739
5606
6386
100000
3624
1020
2820
2928
3255
100000
100000
100000
100000
100000
1552
1531
5860
100000
100000
100000
100000
12740
100000
8604
100000
100000
100000
100000
2720
558
100000
100000
9454
100000
100000
100000
839
605
2707
100000
10811
100000
100000
100000
2060
8430
100000
100000
100000
2913
100000
2493
2303
100000
728
100000
100000
100000
8048
1362
100000
100000
550
100000
100000
5466
100000
1262
3019
100000
100000
100000
1667
1249
100000
100000
100000
100000
7879
9102
100000
100000
100000
6913
100000
2541
100000
100000
2874
9870
100000
1990
100000
100000
6153
100000
100000
2429
100000
100000
100000
2734
7004
3308
100000
100000
5373
100000
100000
1984
100000
1007
1059
49359
100000
100000
3205
100000
3826
100000
100000
100000
2448
100000
100000
100000
100000
100000
100000
100000
100000
100000
3052
100000
1894
8471
100000
100000
1447
1957
100000
100000
6652
100000
13075
100000
2333
2929
100000
1166
12437
100000
100000
6189
16833
1412
2758
6149
2688
100000
2769
100000
100000
100000
899
983
100000
100000
2116
7813
100000
36412
100000
5172
100000
100000
5031
1208
1733
100000
100000
5617
100000
5376
100000
2947
100000
479
100000
972
100000
2915
2267
3694
5412
100000
10984
100000
100000
100000
100000
2397
1553
31324
100000
910
446
100000
1595
13718
6270
1694
2269
100000
100000
100000
177
100000
100000
7345
100000
100000
6186
201
100000
100000
20309
100000
1958
9594
100000
100000
280
2469
100000
100000
8830
3884
6856
100000
100000
2440
100000
100000
100000
100000
100000
100000
1716
2698
100000
1461
2976
11223
100000
100000
9020
100000
100000
990
5653
100000
7330
100000
100000
2062
100000
21021
5880
100000
100000
3105
100000
100000
100000
100000
100000
3019
100000
1610
100000
2488
100000
904
100000
100000
100000
3018
100000
733
100000
3407
100000
100000
100000
1167
28703
100000
100000
100000
326
100000
100000
100000
2936
100000
100000
646
7129
100000
2114
12624
817
6777
247
3167
100000
100000
100000
12819
3365
100000
1745
2620
100000
100000
8683
2963
100000
3053
100000
3514
30763
1067
1399
264
100000
1662
7261
3541
100000
100000
1920
100000
2122
100000
3368
100000
2885
7029
22850
100000
38837
1463
7511
5636
100000
100000
1734
298
17790
100000
10838
100000
100000
9781
1153
2695
1082
100000
100000
100000
100000
1947
1697
100000
100000
5823
1824
2008
1732
6997
100000
100000
3306
8074
100000
100000
100000
227
13541
100000
100000
100000
100000
887
100000
100000
3397
100000
100000
1388
8509
6442
100000
1240
100000
3446
1783
100000
6800
6967
6567
100000
100000
4138
100000
3739
3534
100000
3249
1170
100000
100000
100000
1813
100000
2369
100000
4852
3059
100000
82
7012
5895
5064
100000
100000
100000
100000
6474
100000
3460
100000
100000
3601
2902
100000
3448
100000
2083
8404
100000
2348
7015
100000
100000
9344
100000
5989
100000
359
5941
2027
100000
2701
6525
318
22057
100000
100000
1241
1119
100000
10157
100000
12426
100000
100000
7361
2328
7714
33982
100000
6561
100000
3205
4923
6964
100000
11981
100000
100000
2343
100000
100000
956
100000
2516
12731
100000
4100
100000
7593
2851
3561
100000
7867
2315
100000
1689
100000
100000
100000
100000
6589
2840
100000
100000
100000
6935
1313
100000
8252
100000
24643
10071
1414
2766
100000
100000
1781
3196
100000
100000
1429
3874
100000
5264
9148
446
625
100000
3646
2745
100000
2749
100000
2160
4668
280
14285
1282
100000
20195
100000
2876
1435
3463
100000
100000
1274
100000
3801
100000
12308
2302
1599
5841
100000
2188
100000
2509
2795
6572
100000
100000
29846
2751
100000
100000
100000
100000
2031
100000
3095
6414
1337
100000
100000
2115
9129
2870
100000
15129
2517
100000
100000
5775
100000
100000
100000
100000
100000
708
100000
100000
1741
100000
100000
2534
21254
1458
181
100000
100000
3189
100000
100000
2014
100000
100000
2580
100000
100000
2743
842
100000
1191
4573
9574
100000
958
8669
100000
16310
2153
1164
100000
100000
4390
1772
100000
100000
1103
100000
100000
1932
100000
372
2935
100000
100000
2138
100000
100000
100000
10366
100000
100000
3524
100000
100000
100000
100000
2160
100000
3488
1925
100000
100000
100000
100000
3189
1951
1117
600
662
100000
2157
2413
1643
6416
2449
1126
100000
100000
2391
100000
2654
139
10035
348
100000
100000
2183
12261
100000
2352
100000
100000
17511
1541
2810
100000
5356
100000
158
100000
100000
2701
384
5466
100000
100000
100000
100000
2371
9861
1556
100000
5786
4447
4414
100000
100000
100000
100000
100000
36084
1683
100000
100000
7462
100000
100000
163
13161
773
100000
100000
36933
100000
100000
100000
100000
100000
100000
2200
5049
2608
100000
1987
100000
2164
1713
11390
2409
399
100000
1430
1955
6428
100000
100000
100000
7234
100000
100000
4969
13650
10529
100000
2616
1389
100000
1206
3638
100000
100000
100000
100000
100000
100000
1529
100000
3083
100000
100000
7085
100000
100000
36547
2274
1221
100000
812
619
2539
100000
100000
1438
6668
2705
1321
100000
100000
100000
1736
10800
1576
100000
781
1932
100000
100000
100000
100000
100000
4426
821
100000
100000
100000
14267
100000
26528
8696
100000
100000
2436
100000
16289
100000
100000
100000
1429
6320
20990
6592
1721
35808
10435
100000
100000
4893
100000
7019
100000
100000
2209
100000
100000
2866
100000
100000
100000
100000
688
10404
100000
100000
100000
100000
100000
100000
100000
100000
5269
848
2548
1057
100000
6980
10272
422
1359
100000
100000
1698
100000
100000
100000
2601
1350
100000
100000
100000
100000
8436
6092
2911
100000
100000
972
100000
100000
100000
100000
21590
100000
100000
100000
2780
1205
24666
3952
100000
100000
1195
100000
100000
954
9387
100000
100000
100000
100000
11476
100000
2967
100000
100000
100000
100000
39114
2896
760
1257
2089
1196
825
2869
100000
2224
1351
19203
100000
1580
1999
1085
100000
100000
100000
100000
100000
100000
3558
100000
100000
100000
100000
1693
4235
1259
4096
100000
100000
6619
100000
100000
1139
2764
1531
2363
100000
27781
6872
100000
100000
100000
100000
992
5568
100000
100000
410
944
397
100000
100000
2574
4892
5254
5323
100000
5262
100000
656
849
100000
100000
100000
1922
100000
100000
1734
100000
2795
8593
4898
100000
4387
100000
100000
1164
100000
7327
100000
2981
11670
100000
30810
1004
100000
3247
2546
100000
100000
100000
2201
100000
100000
2413
100000
7539
100000
100000
100000
100000
2649
2009
1665
5258
100000
1891
1402
100000
100000
5961
100000
100000
1661
100000
100000
30177
6731
100000
100000
100000
1745
9085
100000
100000
2016
2129
100000
1828
4498
100000
6678
100000
7105
2762
813
2922
2126
100000
1404
1978
2239
181
1330
100000
2484
100000
1593
100000
3592
100000
1054
100000
4247
100000
31397
25190
100000
2994
11667
100000
8540
100000
100000
100000
1522
5447
1623
2493
1916
100000
1272
100000
1073
9912
100000
100000
1665
100000
100000
5304
1335
100000
100000
29913
100000
100000
100000
5756
100000
931
3085
18668
100000
829
100000
4134
100000
100000
15579
4172
100000
100000
1984
100000
100000
1366
100000
100000
2471
100000
4771
2818
4338
100000
100000
100000
2650
2940
36818
100000
21536
100000
3372
100000
1871
100000
100000
100000
860
897
2780
100000
2217
100000
100000
100000
100000
5255
100000
100000
1433
100000
100000
1732
100000
100000
9603
100000
5610
100000
13772
100000
100000
9524
100000
100000
1583
100000
100000
10638
4709
100000
100000
1099
13051
37199
91
6668
37436
1424
8679
100000
2457
100000
100000
1433
100000
2026
100000
1471
100000
22880
100000
2670
100000
900
100000
1068
2390
100000
921
100000
2043
100000
1337
100000
560
100000
4490
690
100000
100000
1797
4584
1551
17183
100000
100000
602
100000
1274
911
100000
100000
1252
9169
100000
2053
100000
100000
289
4758
2448
7370
790
4917
100000
5938
245
100000
100000
1790
100000
100000
100000
12697
9954
6882
3365
4720
307
100000
3232
100000
6658
29200
100000
100000
9812
1227
2175
2648
100000
5581
100000
1424
728
11114
2145
100000
100000
100000
100000
613
1135
832
9477
6669
1979
100000
4367
100000
100000
100000
929
100000
100000
100000
100000
2503
2124
12347
100000
1054
2252
565
325
5585
100000
22714
100000
1939
867
100000
2872
16976
100000
2084
1144
100000
1487
100000
100000
7186
100000
100000
100000
100000
1798
100000
100000
304
10804
100000
100000
2446
100000
100000
3312
100000
100000
100000
710
100000
3002
100000
6880
3295
2094
2349
100000
4967
100000
100000
818
775
1865
100000
100000
100000
100000
100000
2065
100000
100000
100000
9507
100000
100000
100000
100000
3057
4517
100000
100000
100000
881
100000
100000
1568
2558
100000
24944
1042
100000
1578
100000
458
2242
100000
8389
100000
100000
100000
100000
100000
100000
100000
100000
2143
1104
1728
6578
7310
1804
1993
100000
100000
100000
29693
100000
2090
100000
100000
100000
100000
537
2404
4729
100000
2556
100000
100000
100000
4322
100000
10476
100000
12749
4644
100000
2002
100000
14360
100000
100000
27144
2626
100000
100000
5115
2898
100000
100000
100000
2833
1113
968
100000
100000
1129
100000
100000
1409
808
6056
4631
100000
100000
4777
100000
100000
100000
100000
8871
6958
5148
1813
1095
100000
100000
100000
100000
4776
4447
100000
8771
27273
4340
100000
100000
999
2427
6939
100000
100000
100000
1564
100000
912
100000
2928
9855
2282
6472
100000
2275
100000
100000
100000
100000
2806
1324
2174
100000
100000
100000
100000
21104
100000
564
6287
296
1589
100000
1140
100000
1734
17363
100000
100000
2712
2543
359
100000
3736
1332
100000
100000
100000
233
100000
2026
100000
10958
100000
100000
8582
100000
100000
100000
100000
100000
100000
896
100000
100000
842
100000
1296
100000
1750
100000
3571
9159
1662
100000
344
100000
100000
1707
100000
100000
100000
100000
1114
100000
100000
2625
26371
5596
10053
5360
3016
100000
7410
100000
1933
100000
100000
4565
100000
1582
2204
100000
11145
100000
100000
100000
100000
100000
100000
1991
100000
1028
16421
100000
3313
4334
100000
100000
100000
100000
1759
5769
381
488
878
100000
100000
36025
100000
100000
6445
100000
100000
100000
100000
1182
100000
16346
100000
100000
5503
100000
644
100000
7933
2210
946
1697
842
2179
100000
1307
9675
100000
100000
100000
964
100000
499
100000
100000
1623
2205
856
100000
100000
100000
100000
10267
730
1850
7709
100000
100000
100000
30796
37706
100000
9162
100000
100000
100000
2612
1658
975
506
100000
100000
100000
100000
100000
100000
100000
100000
100000
2397
5285
100000
4685
100000
100000
16921
100000
11375
100000
100000
27745
100000
100000
24244
100000
29347
100000
100000
100000
1229
100000
530
100000
460
10869
944
1062
2659
5192
4233
3392
3823
13411
100000
806
100000
100000
32079
100000
2850
100000
582
508
2683
100000
100000
100000
5244
100000
3932
100000
847
100000
575
3623
100000
100000
440
100000
100000
1271
100000
100000
2783
37831
4975
146
1487
934
100000
1734
100000
100000
2600
100000
1142
100000
100000
100000
100000
631
100000
3469
100000
4287
100000
943
3005
3541
2209
2052
100000
36515
1047
100000
1768
2172
100000
7634
100000
2838
100000
790
100000
100000
12897
1594
8141
4791
100000
100000
100000
100000
1517
100000
1051
100000
100000
100000
1023
100000
100000
444
2483
1632
100000
100000
100000
963
100000
100000
100000
2446
100000
912
35350
100000
24773
100000
100000
100000
4523
100000
100000
867
100000
100000
100000
2090
100000
100000
2202
100000
28731
100000
100000
2894
2344
8983
601
2667
2766
913
10781
100000
100000
1932
100000
36125
1393
100000
100000
3240
978
2225
100000
1575
1491
100000
100000
100000
2789
100000
1366
100000
100000
895
7708
28878
100000
1041
100000
100000
100000
100000
100000
100000
616
27561
30039
100000
100000
100000
5327
100000
706
893
411
100000
5836
1655
2405
100000
990
1313
100000
1822
3287
1853
100000
100000
100000
100000
100000
1370
100000
100000
100000
2578
100000
8748
100000
100000
100000
2202
100000
761
100000
2767
100000
100000
100000
100000
100000
100000
100000
3326
100000
2794
100000
100000
1167
100000
100000
2160
100000
17801
100000
21253
787
1879
976
100000
100000
827
100000
100000
100000
100000
100000
100000
3280
3354
6367
19280
100000
6679
100000
100000
100000
804
100000
100000
3222
100000
1068
100000
705
100000
5662
1405
100000
100000
1864
100000
2837
100000
3823
2967
20855
10377
100000
8522
2258
2979
10968
100000
100000
100000
28883
2488
2293
100000
3633
1564
100000
3504
6479
12202
691
100000
100000
45461
1342
100000
1848
11221
120
100000
2793
100000
100000
2552
5791
100000
9086
1302
100000
100000
100000
4023
100000
100000
100000
100000
100000
9451
10195
100000
100000
31861
3373
621
2028
100000
483
100000
2308
4879
100000
100000
100000
100000
100000
16942
100000
100000
100000
100000
1916
100000
1297
100000
100000
1529
2528
100000
1628
100000
7373
2996
970
100000
100000
172
2430
7210
12248
100000
100000
100000
100000
6985
100000
100000
100000
100000
100000
100000
14543
1661
100000
100000
754
100000
100000
786
2792
100000
100000
100000
519
286
17824
100000
100000
100000
100000
100000
9042
491
100000
10416
891
6648
100000
100000
100000
1891
100000
3860
100000
2425
100000
9333
923
1331
2969
100000
100000
24931
100000
2187
746
100000
100000
100000
2893
100000
100000
100000
4396
100000
100000
100000
10226
100000
100000
1288
2882
100000
100000
100000
100000
12849
940
10306
2232
652
100000
100000
3109
100000
10654
573
549
100000
316
3059
5092
100000
977
563
942
3294
100000
100000
1039
100000
6128
100000
100000
212
100000
835
1173
8672
10764
9468
954
2671
2472
1608
4504
2003
494
17813
100000
1657
3487
100000
1847
100000
32788
100000
100000
100000
10408
972
776
100000
5530
2677
100000
2267
24774
100000
100000
100000
3037
100000
100000
100000
100000
100000
4233
23713
1984
982
100000
922
4851
100000
100000
100000
2803
100000
100000
100000
2524
100000
100000
765
100000
100000
100000
100000
949
100000
100000
100000
10463
548
9502
1078
2623
658
5086
100000
2577
1941
2430
10107
100000
100000
100000
2115
100000
100000
210
1317
7385
100000
100000
100000
100000
100000
100000
100000
4547
1618
100000
100000
100000
846
100000
2072
445
100000
2396
1930
3308
100000
100000
100000
6200
100000
12552
100000
100000
100000
8057
100000
100000
693
304
404
2575
2674
11168
44073
100000
100000
841
100000
100000
100000
100000
2218
100000
6310
100000
100000
100000
100000
100000
9771
100000
100000
2216
805
1166
100000
3077
100000
100000
100000
100000
100000
100000
100000
100000
100000
19451
100000
1166
1982
100000
100000
574
17292
2181
6237
100000
28423
100000
100000
100000
100000
2407
100000
6028
238
100000
399
3511
2302
5438
207
100000
2491
476
3150
100000
100000
100000
100000
965
100000
100000
100000
896
100000
100000
100000
1991
2653
100000
100000
100000
100000
1562
100000
2623
100000
100000
511
2816
100000
100000
100000
2920
100000
1059
35162
100000
1014
41129
100000
242
100000
9433
100000
613
144
100000
100000
100000
5330
1764
100000
100000
1150
32049
100000
1024
100000
10277
100000
100000
5526
2049
100000
100000
100000
3905
100000
100000
2374
3273
973
448
2773
100000
1368
100000
8127
10621
3678
2207
8386
100000
100000
1810
100000
100000
17407
1096
8564
179
4970
100000
100000
2477
100000
100000
100000
100000
100000
1326
1700
100000
2849
1364
7064
1820
7704
1072
3361
2440
100000
6749
927
100000
100000
100000
2203
100000
3085
100000
100000
100000
100000
100000
100000
100000
100000
1052
100000
2858
2225
100000
100000
100000
10229
314
269
100000
100000
100000
100000
15501
1129
100000
100000
100000
512
100000
100000
100000
100000
100000
4671
100000
100000
100000
100000
12851
100000
2535
100000
8930
100000
741
330
100000
40977
847
100000
957
502
1877
100000
100000
100000
100000
100000
844
8047
100000
100000
100000
1594
4757
100000
100000
1061
100000
893
2384
772
13284
100000
100000
2246
621
100000
100000
4555
100000
24003
1847
7644
687
100000
100000
100000
100000
100000
100000
1159
100000
13930
100000
6847
319
34912
398
1463
100000
100000
1121
100000
100000
10633
922
1248
100000
100000
100000
100000
100000
100000
461
100000
100000
100000
2943
100000
1128
34686
2488
100000
100000
100000
12574
1177
100000
1202
100000
2628
2072
2595
100000
191
4170
100000
18423
100000
5620
100000
100000
5282
100000
2672
13125
100000
100000
100000
12511
100000
1268
100000
990
100000
100000
21058
100000
100000
100000
3294
30409
100000
4489
1699
1216
1540
100000
7418
100000
100000
1639
100000
100000
100000
100000
100000
6961
100000
1669
49154
100000
100000
100000
31359
2004
100000
100000
3084
100000
100000
100000
828
100000
100000
1714
100000
100000
5000
5337
100000
100000
100000
100000
100000
100000
949
100000
11045
100000
100000
8029
26590
100000
100000
848
100000
100000
2587
1256
668
10869
559
100000
100000
100000
1560
100000
4875
1680
100000
972
100000
100000
10931
100000
824
2939
100000
100000
912
100000
100000
7159
1936
31922
100000
100000
1088
614
2532
100000
100000
100000
675
697
100000
6689
550
100000
855
1497
100000
992
100000
100000
100000
11262
881
100000
1038
100000
100000
100000
100000
4124
3047
100000
100000
100000
100000
100000
100000
100000
100000
6563
327
100000
2457
100000
100000
919
2147
991
100000
100000
100000
100000
2051
100000
100000
2557
1069
100000
100000
7915
100000
100000
943
100000
100000
100000
801
2077
2625
100000
100000
2063
100000
100000
100000
100000
100000
100000
3463
2455
5676
4453
100000
100000
100000
100000
100000
100000
100000
100000
10238
2605
100000
100000
100000
2066
10972
100000
100000
913
2196
985
100000
100000
100000
47605
1314
762
3419
100000
100000
1933
100000
400
100000
2281
100000
1525
100000
87
100000
4384
2537
2447
6536
884
2871
960
915
100000
1639
100000
100000
3637
100000
605
948
100000
4797
100000
100000
1244
1847
100000
100000
100000
100000
2625
9377
100000
2087
2801
2212
100000
100000
11031
81
100000
2589
425
4385
100000
1675
100000
100000
719
100000
5468
952
32004
100000
3816
100000
10935
100000
100000
1464
100000
100000
2929
100000
100000
100000
100000
3550
100000
100000
100000
100000
9501
2724
100000
2138
100000
2887
100000
100000
100000
10744
1936
4347
100000
4423
100000
100000
2055
819
100000
859
100000
100000
13159
100000
100000
100000
100000
2984
100000
100000
100000
100000
2446
857
100000
12977
2272
2033
1959
20839
2743
1929
7048
4857
100000
100000
100000
100000
1321
22107
1293
1244
100000
100000
100000
100000
25738
3841
10590
1853
100000
10874
100000
100000
2890
100000
100000
11188
100000
100000
6622
3007
100000
100000
100000
100000
3971
670
100000
100000
100000
100000
100000
946
100000
100000
2324
520
933
100000
1129
3256
2947
100000
100000
100000
100000
100000
9625
100000
21703
6089
100000
100000
100000
100000
15708
966
100000
2785
100000
23380
10099
100000
29533
100000
2409
100000
316
100000
2928
8187
1135
24049
100000
9680
100000
1752
11231
100000
7983
100000
100000
100000
100000
100000
100000
918
100000
100000
100000
2044
3316
100000
5909
100000
12458
100000
100000
17652
1408
100000
100000
100000
1398
100000
100000
2153
983
100000
100000
100000
100000
1129
1862
969
100000
100000
100000
100000
4582
100000
100000
1137
100000
2700
1042
19396
100000
272
2269
100000
100000
1769
5911
100000
100000
100000
3068
886
872
100000
230
13384
100000
100000
100000
100000
17260
100000
100000
1843
5642
100000
100000
1266
100000
100000
100000
100000
100000
100000
100000
100000
100000
713
100000
1171
100000
1415
100000
9675
768
885
100000
960
100000
100000
100000
2319
1279
1899
100000
15828
100000
100000
2857
2393
6160
848
100000
100000
3379
100000
100000
1498
696
12802
100000
1407
100000
1282
5366
3129
878
100000
100000
959
2809
23524
100000
100000
100000
100000
9287
100000
391
100000
10643
100000
14727
100000
100000
6046
9239
100000
100000
8787
32031
1017
181
46539
100000
8644
100000
448
1106
100000
3422
100000
100000
100000
4512
1080
100000
100000
100000
100000
100000
100000
1000
100000
100000
3306
2898
100000
3783
7494
391
100000
100000
100000
7140
100000
699
1022
100000
5963
1850
100000
100000
100000
1131
2892
12857
100000
2296
100000
3399
100000
100000
100000
100000
1524
100000
100000
3820
1704
13926
1640
725
1793
100000
29074
100000
100000
1009
2081
100000
100000
100000
100000
2347
100000
3236
100000
35529
20029
1140
18637
6993
100000
24192
100000
100000
1456
2530
8145
1887
13348
171
1292
4157
100000
6248
1286
100000
3063
100000
100000
3046
9740
768
2169
940
441
24958
100000
100000
100000
1581
100000
100000
100
6850
2117
100000
1551
156
1811
2122
100000
100000
100000
100000
29786
2567
7508
1166
17629
2238
100000
100000
466
100000
100000
2290
100000
1100
508
100000
100000
840
18846
477
4648
1841
100000
9597
157
100000
100000
886
100000
1677
8932
100000
100000
100000
4752
100000
2612
100000
100000
100000
100000
6240
11965
100000
100000
100000
5699
100000
9012
100000
100000
100000
100000
1182
100000
11780
4707
100000
2538
8903
284
1747
100000
691
2570
1282
100000
2482
100000
12104
2974
100000
100000
100000
100000
100000
2437
16476
100000
100000
5318
100000
100000
114
2280
6593
100000
2527
100000
100000
3158
100000
36250
100000
100000
100000
100000
100000
2855
8570
100000
100000
6403
30000
100000
100000
2091
100000
401
2106
7173
1024
100000
100000
1042
100000
448
100000
11408
100000
1330
315
2952
100000
100000
100000
1022
100000
100000
1108
2817
1617
9234
100000
100000
1029
100000
13913
100000
2494
1053
1820
8019
3205
13075
100000
24586
1112
572
2240
707
100000
1354
100000
1497
1993
1532
100000
1220
100000
1534
2025
1594
100000
339
33014
496
740
1477
100000
100000
342
49079
100000
903
3534
100000
11078
2834
2263
883
10701
100000
100000
100000
2336
100000
6794
29588
1276
100000
2596
100000
1982
1813
830
805
567
2149
100000
100000
100000
11642
14344
100000
100000
100000
4802
703
100000
2750
1298
1688
100000
37856
100000
100000
13064
100000
3409
100000
847
100000
100000
163
100000
100000
2594
100000
100000
100000
100000
2833
1585
100000
100000
832
100000
1409
11736
100000
2932
100000
2175
2052
100000
100000
749
100000
1084
100000
100000
308
414
100000
2095
2443
100000
1531
2295
100000
100000
100000
2933
100000
1722
3325
2876
7106
7250
100000
100000
100000
100000
100000
100000
8332
100000
100000
100000
100000
5220
100000
100000
100000
1674
100000
6593
3166
100000
100000
100000
100000
100000
457
100000
401
2835
4030
100000
100000
100000
112
11738
1919
100000
986
100000
2322
100000
100000
100000
1217
100000
6660
100000
5958
100000
100000
100000
100000
729
3679
368
100000
1130
1686
100000
100000
100000
2678
100000
100000
12333
2548
1027
100000
9245
20633
35328
503
100000
32408
100000
2993
2867
458
100000
100000
2609
2109
4026
100000
100000
2374
2537
2657
100000
100000
100000
2015
5602
100000
1641
100000
100000
1520
100000
100000
1136
6701
100000
100000
100000
100000
100000
3064
100000
100000
12582
2957
100000
948
100000
3180
100000
2912
100000
1102
2867
10776
100000
1660
100000
2174
100000
100000
100000
1777
100000
765
100000
37301
100000
100000
100000
100000
11259
4095
100000
612
4590
100000
13815
2139
5613
100000
1011
1154
100000
100000
100000
2612
100000
100000
2341
100000
100000
100000
2154
1652
100000
100000
4389
100000
10330
920
13064
483
100000
100000
100000
100000
100000
100000
1310
100000
100000
17948
1189
2356
100000
100000
100000
100000
100000
2793
2418
1647
6637
100000
100000
100000
100000
100000
816
977
100000
100000
870
100000
203
42764
3417
1686
100000
100000
100000
100000
3236
1685
100000
1520
2374
100000
100000
100000
100000
100000
4087
100000
100000
1040
100000
10863
100000
100000
100000
2507
23474
100000
100000
100000
100000
2056
100000
100000
3003
100000
100000
1640
1488
854
371
1925
100000
100000
100000
100000
100000
100000
100000
2118
100000
100000
2905
1644
10169
8642
7728
35657
100000
1881
100000
2872
22182
936
100000
2277
900
5504
100000
100000
44228
1392
100000
5443
100000
100000
5879
100000
504
3627
100000
1049
100000
2688
100000
1035
100000
100000
2534
1693
7138
100000
25499
21941
1938
100000
100000
3074
100000
100000
100000
100000
100000
100000
100000
100000
100000
958
1715
100000
100000
3235
100000
100000
776
718
35043
2023
100000
454
100000
2439
2158
100000
100000
589
131
100000
9759
3003
2156
100000
1178
100000
100000
29735
1302
100000
1442
100000
1859
9782
2238
878
100000
10710
1362
3361
5083
5291
15577
100000
100000
100000
100000
100000
100000
13808
6453
100000
100000
100000
100000
1105
100000
100000
100000
13719
1462
3087
335
100000
100000
2863
3033
1679
100000
100000
2269
955
1434
100000
9685
13142
2025
100000
2996
100000
100000
1057
4019
412
938
2584
1534
100000
1986
100000
2532
100000
748
7125
100000
576
100000
18245
100000
100000
100000
11501
100000
2154
100000
100000
2493
100000
1273
100000
2159
1300
100000
100000
3511
360
100000
1942
6535
100000
100000
2589
100000
100000
3533
534
100000
100000
2569
3021
1788
958
100000
100000
100000
3160
3367
100000
100000
149
665
100000
100000
11335
2670
19960
100000
954
1131
774
100000
100000
3176
2662
100000
100000
23668
2201
1740
13236
1006
100000
2940
3223
1523
100000
2413
100000
274
100000
100000
100000
100000
100000
100000
2527
11976
100000
2673
100000
1190
3043
584
100000
100000
285
2983
571
2979
3018
10087
2679
100000
100000
100000
385
100000
100000
3310
2453
100000
100000
100000
9945
2453
1013
874
100000
2223
100000
100000
1921
100000
100000
100000
3273
100000
2302
100000
2574
100000
2036
41030
100000
4727
100000
100000
371
100000
1199
100000
100000
100000
5884
100000
1143
2965
1427
4387
1605
100000
6039
100000
2279
100000
100000
972
100000
952
100000
705
1177
100000
100000
3192
11422
100000
100000
100000
100000
1695
6813
2976
100000
3346
100000
100000
903
1118
100000
100000
100000
1024
100000
1685
3299
100000
100000
212
13536
100000
918
100000
5385
2420
100000
34082
1932
2699
11851
100000
9046
100000
100000
3857
6772
2125
2057
100000
100000
1126
1043
100000
100000
100000
100000
100000
100000
2280
2533
100000
1437
8980
100000
990
100000
100000
100000
100000
100000
100000
1620
1407
100000
16606
1583
134
100000
100000
100000
3090
2944
813
3509
100000
522
4389
2974
2533
100000
1132
100000
985
2772
100000
7837
810
2842
100000
1268
1008
4324
1236
3416
100000
100000
100000
100000
1458
100000
10014
100000
100000
2666
7652
100000
100000
100000
100000
1364
8863
5192
100000
3850
100000
32741
100000
100000
100000
8159
100000
348
2997
3384
100000
100000
100000
100000
100000
2407
11055
100000
6612
3502
100000
6702
291
100000
3103
1681
337
7693
100000
100000
1987
100000
100000
2052
100000
100000
100000
100000
3420
100000
1704
230
5123
1570
100000
100000
2280
100000
100000
5588
100000
100000
100000
100000
2085
1911
100000
2783
100000
100000
100000
100000
28503
100000
100000
100000
100000
1100
1230
1962
25801
100000
7103
4749
100000
100000
100000
1081
549
552
100000
11012
14390
100000
100000
4558
100000
100000
100000
100000
100000
493
100000
100000
100000
100000
100000
10752
100000
100000
100000
2216
100000
100000
6145
1247
100000
100000
933
100000
2551
3622
100000
100000
100000
100000
100000
100000
1544
938
100000
3310
2352
100000
42586
2681
100000
2193
742
100000
2050
676
100000
100000
3230
1927
100000
945
100000
100000
305
815
4870
499
100000
100000
100000
100000
2035
28149
2265
4024
1613
1720
1420
100000
100000
100000
100000
100000
100000
3335
2621
100000
100000
2292
899
100000
100000
891
100000
2399
1684
100000
2153
13269
100000
1705
100000
1137
100000
100000
100000
1478
100000
100000
100000
32398
100000
2268
100000
409
100000
100000
100000
100000
100000
100000
100000
2931
100000
7587
1392
3085
100000
1082
4369
100000
100000
100000
100000
100000
100000
2559
6054
100000
715
43373
240
100000
2405
789
100000
3098
100000
6535
3664
100000
100000
100000
100000
81
100000
3223
100000
829
100000
100000
100000
100000
339
2230
4209
1202
1230
100000
1553
1872
35025
319
300
100000
100000
1612
2357
100000
100000
1794
100000
3268
4372
1177
379
100000
100000
931
100000
100000
795
100000
100000
100000
100000
3330
100000
1255
100000
100000
11010
100000
100000
497
100000
100000
2064
100000
4296
1512
1390
1775
4641
3337
245
2339
100000
100000
100000
100000
2228
100000
100000
9504
100000
100000
100000
100000
2755
100000
100000
11741
100000
100000
100000
3073
100000
3857
100000
2275
3201
100000
100000
1058
100000
9330
3108
925
291
100000
1367
100000
6472
2620
27311
282
100000
2112
2162
1325
12804
1438
4243
4696
3697
100000
100000
100000
987
100000
100000
100000
100000
100000
1490
100000
7049
2643
2613
100000
100000
6157
2162
100000
100000
100000
100000
100000
3960
100000
4401
36104
2364
100000
100000
100000
100000
5551
9458
1133
100000
100000
100000
4668
5704
100000
16642
7077
100000
30010
100000
100000
100000
1021
11890
6189
100000
100000
100000
100000
100000
100000
100000
193
100000
33974
30807
2118
19443
12149
100000
1408
100000
100000
3555
100000
100000
379
100000
100000
1253
1237
100000
3532
1466
100000
100000
100000
100000
100000
100000
3025
100000
100000
100000
1313
3982
925
1109
100000
767
2511
100000
100000
100000
712
1342
100000
25037
100000
563
19941
100000
100000
100000
100000
100000
100000
100000
24501
932
2082
100000
100000
10565
1028
100000
100000
9140
100000
100000
100000
9159
100000
1233
490
100000
100000
4793
1046
3156
268
100000
100000
1064
5959
2582
6547
100000
920
437
100000
10428
100000
100000
3711
100000
100000
153
782
100000
5574
100000
1858
100000
100000
100000
7853
100000
2670
3607
1599
3635
13255
2068
100000
8372
100000
100000
5535
160
100000
26849
100000
100000
2150
100000
100000
100000
100000
100000
2249
2089
4777
100000
9289
100000
1619
100000
9156
100000
25672
688
100000
1326
100000
405
100000
6173
1066
41322
100000
100000
13463
100000
3116
824
100000
7102
100000
688
100000
11695
645
100000
10567
100000
2332
100000
12767
22099
100000
3318
3681
100000
100000
100000
100000
2799
225
100000
100000
2160
100000
100000
381
1469
100000
12572
100000
100000
100000
100000
100000
100000
100000
2769
100000
668
704
100000
100000
2266
505
519
100000
100000
100000
100000
2644
100000
3081
10317
2230
100000
2377
2625
100000
2128
2591
705
3036
100000
1616
100000
100000
100000
100000
2682
2417
2619
100000
10370
2854
100000
100000
100000
1712
6263
100000
18920
100000
1768
100000
100000
1804
2659
3149
941
100000
100000
100000
100000
3567
100000
1283
100000
100000
8742
100000
100000
4618
2677
843
100000
100000
2334
100000
2392
100000
100000
100000
100000
886
100000
100000
100000
100000
100000
1473
2526
7653
100000
10718
2154
100000
100000
2681
100000
3712
23495
100000
100000
2955
100000
3643
2643
100000
100000
1729
2104
100000
100000
100000
2282
1982
100000
1867
4858
100000
1856
100000
6226
100000
2090
100000
100000
801
2923
100000
100000
2995
360
100000
100000
1764
17276
3373
100000
100000
1753
100000
100000
100000
11047
1343
100000
700
2768
100000
476
100000
100000
744
11227
752
1067
17775
6747
100000
5426
100000
928
491
8175
100000
100000
100000
100000
1267
4911
338
2701
100000
100000
100000
100000
884
10572
100000
923
1701
100000
2803
100000
100000
100000
100000
1381
100000
3948
1039
1331
2808
100000
100000
2064
100000
1106
4150
1088
11248
1911
984
100000
3883
3054
100000
100000
100000
100000
8632
788
100000
100000
100000
100000
465
3100
668
100000
2247
20024
18095
4653
3152
100000
403
100000
626
100000
442
100000
100000
4198
100000
198
2248
2663
100000
100000
43227
9924
3716
100000
100000
19507
100000
100000
977
6367
1279
1368
100000
1803
100000
100000
1227
100000
100000
3154
100000
4258
100000
100000
100000
100000
100000
9292
100000
8984
1738
3298
100000
24678
100000
1472
299
100000
100000
100000
100000
100000
1318
5804
649
1651
100000
100000
100000
100000
100000
1328
1008
1404
100000
100000
997
100000
100000
100000
1266
1869
2266
100000
100000
1785
100000
100000
901
1570
100000
1562
100000
1787
100000
767
3632
100000
2358
3500
10347
100000
677
100000
100000
100000
1581
1268
3017
2654
9156
100000
1424
4075
100000
100000
100000
771
8891
100000
100000
5540
5998
100000
3741
100000
4352
34675
100000
100000
100000
35737
100000
100000
589
100000
100000
100000
100000
100000
100000
1183
6639
24883
100000
100000
4120
11462
1708
100000
100000
100000
100000
100000
559
48788
100000
2206
320
100000
100000
10296
320
544
4854
2161
2924
32210
1067
100000
1324
3446
7349
100000
2054
22637
100000
1558
100000
100000
1802
100000
414
9827
100000
100000
17123
1086
100000
100000
100000
100000
1441
1028
10134
1734
100000
100000
931
1899
100000
789
5937
100000
100000
942
100000
100000
549
100000
5326
100000
7008
2904
100000
100000
100000
2954
100000
2556
1876
761
100000
100000
10537
1026
100000
5694
100000
3025
100000
7048
100000
24197
100000
100000
100000
100000
929
100000
10000
10874
100000
100000
2266
100000
100000
100000
7178
11007
100000
100000
100000
100000
100000
781
3058
1754
100000
437
20686
100000
1356
100000
1630
1055
100000
100000
100000
100000
2523
100000
1898
2400
100000
1273
2229
100000
100000
100000
100000
687
100000
2694
268
100000
100000
2562
100000
8619
100000
956
100000
100000
100000
5913
1938
7602
100000
1526
100000
3145
100000
588
2890
100000
100000
100000
528
100000
890
100000
100000
3271
8570
532
2032
100000
2199
100000
100000
100000
133
100000
100000
1025
100000
100000
20346
936
12522
100000
423
3195
100000
2451
1113
100000
2709
14555
776
412
2819
410
100000
2641
7997
100000
2649
620
1375
1451
100000
2568
100000
821
3073
970
367
6887
1272
2302
100000
100000
100000
966
100000
2765
100000
30926
100000
100000
100000
612
100000
100000
100000
26747
5763
100000
811
100000
1048
6411
100000
2540
100000
100000
100000
1396
100000
100000
1268
100000
2873
100000
100000
2763
100000
13989
100000
100000
1010
100000
2803
100000
100000
8446
100000
1266
4699
464
100000
100000
100000
275
100000
100000
100000
100000
100000
100000
100000
1268
100000
100000
100000
1301
100000
100000
2971
343
100000
100000
100000
1862
100000
100000
100000
627
100000
100000
3933
25476
460
100000
100000
2397
1217
100000
2261
5997
100000
348
100000
1470
2713
2484
873
100000
100000
100000
100000
869
100000
91
1326
6681
9667
100000
851
1461
100000
100000
11799
100000
100000
100000
1977
100000
100000
1144
100000
7488
100000
105
1140
100000
592
100000
100000
5525
100000
396
100000
100000
662
100000
100000
1176
32473
6563
1046
100000
2712
638
100000
10313
100000
888
8189
100000
890
898
100000
6130
8309
394
10570
3668
6815
100000
100000
100000
100000
100000
100000
100000
100000
6271
11005
100000
1054
3426
20799
100000
2388
100000
9394
100000
100000
100000
4304
1346
100000
100000
100000
12262
13990
4729
100000
100000
100000
2958
100000
2794
100000
100000
3901
100000
100000
1532
100000
100000
100000
100000
100000
1728
100000
235
1026
100000
100000
100000
7431
1327
479
100000
100000
100000
100000
1330
100000
25294
100000
9441
760
100000
100000
100000
7189
100000
100000
100000
100000
100000
148
4726
100000
100000
100000
100000
1385
100000
7883
1556
1472
100000
8087
17531
25314
100000
100000
1297
100000
100000
1722
11052
33569
7245
100000
100000
100000
100000
1242
100000
5381
27562
100000
100000
100000
7567
897
100000
401
6374
10144
100000
100000
100000
100000
100000
368
1718
3790
100000
100000
100000
444
100000
100000
3116
100000
3486
100000
7923
1116
100000
322
13921
2643
100000
100000
697
1723
757
100000
1129
100000
2409
100000
9559
1628
100000
982
482
100000
100000
297
100000
1411
18555
100000
3217
1006
535
812
1141
100000
4588
7230
100000
3430
1456
436
4631
100000
971
100000
100000
444
15110
215
2050
100000
2793
100000
100000
511
9172
36856
100000
100000
1111
100000
321
100000
100000
1067
1989
608
100000
2249
10485
1249
1315
100000
6635
1358
979
1419
100000
100000
1806
7772
2136
3000
100000
100000
3393
2562
1776
100000
100000
100000
6489
6976
100000
117
4029
100000
100000
100000
100000
100000
100000
100000
1326
100000
100000
100000
100000
14939
100000
100000
797
3157
100000
1217
100000
1543
994
1259
100000
1795
1949
1657
35273
100000
100000
1003
100000
140
1105
1689
1509
2126
100000
100000
100000
1616
12380
100000
100000
8570
2910
100000
3263
89
100000
975
100000
100000
9542
100000
1866
12387
100000
1257
10213
261
17048
657
100000
11003
100000
100000
1184
100000
100000
141
100000
1465
100000
9803
991
9178
357
100000
40399
7215
6342
383
1437
100000
100000
10521
2132
7408
2376
1750
100000
100000
17183
2028
1723
1276
212
100000
100000
100000
1366
492
100000
2759
692
100000
100000
100000
100000
249
100000
5044
1963
100000
100000
2932
1642
100000
1343
100000
100000
100000
17186
100000
2530
11852
1445
100000
2808
100000
248
180
1557
100000
5110
100000
100000
100000
11614
803
1929
100000
214
1626
100000
2173
2569
100000
100000
1323
100000
100000
100000
917
100000
542
100000
2362
100000
100000
1345
100000
100000
100000
307
100000
8283
2258
6668
100000
100000
100000
990
1071
100000
100000
6306
8225
6901
122
100000
100000
100000
1274
6613
566
10859
2321
193
100000
404
3002
1869
100000
100000
100000
100000
1749
1699
100000
37360
489
100000
72
6755
2110
100000
100000
100000
5971
2121
100000
47464
100000
100000
3743
100000
1210
1453
100000
100000
90
1228
163
6476
100000
766
100000
100000
1147
1390
10235
100000
915
100000
100000
100000
100000
100000
5907
100000
100000
100000
100000
100000
100000
231
100000
827
4745
152
100000
7446
100000
9164
100000
100000
938
2777
1131
100000
2219
6625
10119
100000
1311
1273
100000
6755
100000
100000
936
2556
100000
989
100000
100000
100000
1297
1378
8620
6618
4660
3391
100000
100000
256
255
1397
1679
100000
100000
100000
785
2869
100000
13761
1890
100000
964
1307
100000
548
100000
100000
100000
1126
100000
100000
7203
100000
100000
2185
25534
100000
100000
100000
827
13569
2356
100000
100000
100000
1340
100000
8864
100000
100000
3206
8040
7334
100000
100000
100000
4928
100000
267
100000
2314
13266
1315
100000
100000
34529
100000
585
100000
1289
2399
1983
100000
100000
3729
1853
100000
100000
100000
100000
1165
482
342
791
678
100000
6975
100000
811
100000
100000
100000
100000
100000
100000
100000
247
100000
100000
100000
3197
100000
100000
2360
100000
20234
732
1050
100000
100000
100000
5693
2052
2628
100000
100000
8253
100000
100000
12674
100000
100000
549
1020
1245
100000
100000
100000
14484
1153
100000
100000
702
6731
3309
801
467
5948
100000
1214
100000
1604
100000
7021
100000
12413
100000
100000
100000
100000
349
196
287
100000
10229
100000
100000
2102
100000
100000
3047
952
100000
3731
100000
100000
100000
2823
100000
100000
100000
157
100000
100000
100000
100000
100000
100000
100000
100000
1382
2284
1044
249
16620
8336
379
142
13994
100000
511
100000
100000
100000
2903
100000
857
100000
100000
4537
100000
3005
100000
100000
426
100000
100000
413
8414
100000
11053
147
7846
100000
743
2758
100000
100000
3597
4435
1431
100000
410
100000
100000
2830
1582
100000
100000
100000
3896
1401
100000
1924
2875
893
100000
4063
100000
1791
100000
1419
100000
100000
100000
100000
12872
3193
100000
8166
1477
100000
854
100000
2488
100000
100000
100000
21787
100000
428
100000
100000
100000
100000
100000
3718
100000
691
100000
1353
100000
100000
244
100000
4851
614
100000
100000
3400
100000
1151
4448
100000
100000
100000
2404
3788
6025
100000
5698
9981
100000
100000
100000
3076
100000
100000
100000
2465
4426
1060
981
473
100000
2247
100000
100000
100000
1073
995
1289
100000
8220
883
9919
8303
100000
2232
100000
544
100000
100000
100000
100000
3220
954
1089
2057
1478
13792
100000
100000
100000
878
242
100000
100000
100000
100000
614
100000
3334
2608
100000
100000
1027
1113
100000
1589
515
1804
100000
100000
18002
100000
100000
956
134
495
100000
8339
2984
1965
100000
100000
7346
958
100000
1267
784
7385
100000
2321
100000
100000
100000
100000
1339
1654
100000
100000
100000
100000
920
3255
100000
4525
100000
100000
100000
438
711
1324
100000
1255
100000
100000
2381
100000
100000
100000
7582
100000
100000
100000
100000
10574
100000
100000
1741
286
9542
8459
100000
100000
970
100000
100000
2217
100000
100000
1425
100000
834
100000
20206
1236
1885
100000
1301
9899
316
11422
100000
714
100000
100000
9222
100000
995
100000
422
100000
100000
100000
3854
3055
1058
36048
100000
100000
2932
100000
100000
6323
100000
2317
605
100000
100000
100000
100000
100000
11031
1781
100000
100000
5625
2387
1969
1258
6087
1433
100000
693
1982
100000
329
100000
100000
373
100000
1664
100000
100000
100000
2961
100000
351
1996
100000
100000
526
100000
100000
100000
1030
100000
100000
100000
2678
778
100000
10933
100000
100000
2325
3197
372
229
100000
100000
1118
100000
910
100000
100000
6350
100000
2878
1728
2323
1758
405
100000
100000
2636
1364
100000
497
9538
1434
100000
2247
2135
100000
100000
100000
100000
100000
10036
1681
3595
1097
1091
100000
100000
1408
1725
100000
100000
100000
100000
100000
100000
100000
18901
331
1825
100000
959
100000
100000
4773
10556
100000
1362
100000
100000
683
1016
5479
100000
655
2869
14342
2917
723
3366
1797
521
1222
100000
321
100000
725
100000
100000
901
10079
100000
127
100000
100000
100000
100000
100000
100000
7351
100000
100000
100000
982
100000
100000
482
65
100000
100000
100000
2585
621
2843
4092
100000
1320
100000
100000
100000
492
617
100000
623
7195
100000
2526
100000
469
1756
3039
12619
100000
100000
2874
28276
100000
100000
100000
366
100000
1244
602
100000
100000
100000
100000
32082
2332
100000
100000
478
530
591
100000
692
100000
100000
1566
566
100000
100000
100000
100000
100000
645
1620
100000
1680
3247
3131
100000
100000
1035
3421
1416
3295
100000
1021
4610
6500
100000
2649
100000
1119
79
2153
2507
5037
12410
3087
185
1266
2845
2171
100000
100000
100000
765
100000
657
3604
2044
690
7951
1226
13661
100000
5458
3061
100000
100000
1047
676
100000
100000
100000
100000
100000
100000
100000
1382
100000
100000
10718
100000
100000
100000
1665
2015
100000
100000
9606
100000
2040
816
100000
100000
100000
5801
7960
100000
243
789
100000
1446
545
472
2345
1222
4359
1796
100000
17452
100000
2995
100000
100000
100000
4119
100000
6325
1186
873
2430
511
17664
996
2081
3121
188
798
879
381
1486
816
2460
878
3548
100000
1020
100000
11160
100000
9647
10718
5316
1030
100000
3297
100000
100000
1121
3220
1021
100000
561
630
100000
1282
910
2841
478
100000
1780
256
100000
6993
100000
834
8282
1350
2935
3919
12554
1164
3412
108
1170
100000
100000
100000
100000
100000
3018
100000
358
100000
100000
14146
100000
2747
2150
1257
2326
100000
100000
2795
100000
100000
100000
100000
100000
100000
100000
8147
100000
3102
100000
659
8983
440
1421
1260
320
10275
1124
100000
100000
100000
4979
2634
2588
100000
1663
100000
100000
7148
1894
7423
1439
6778
100000
100000
100000
27446
4294
100000
650
100000
100000
100000
100000
1828
507
2222
2946
1023
100000
100000
1206
100000
2626
1623
484
100000
1584
2703
100000
6718
100000
100000
1886
8173
4202
1366
660
2689
2023
100000
956
183
2591
420
500
2404
18032
100000
100000
239
6467
100000
100000
100000
979
12255
100000
100000
525
501
100000
100000
100000
100000
9005
100000
100000
100000
2734
100000
100000
100000
100000
4984
100000
492
564
100000
1192
1139
19
466
100000
907
100000
9594
100000
100000
100000
811
622
100000
764
953
100000
100000
100000
100000
877
41269
1287
439
1365
3933
100000
10204
159
100000
100000
11308
100000
100000
1729
2215
3142
100000
100000
100000
2064
1185
100000
46472
326
100000
1736
2096
695
15358
100000
5651
100000
100000
808
1430
100000
1803
1823
100000
100000
100000
100000
1750
100000
576
1777
100000
100000
2625
100000
774
125
995
100000
2518
100000
100000
2101
7252
438
100000
1196
464
4528
786
100000
100000
100000
100000
100000
2161
6974
100000
7647
902
9348
1149
6861
100000
1155
1068
100000
380
100000
100000
100000
100000
3563
100000
719
100000
466
100000
2562
100000
524
100000
100000
100000
100000
4721
100000
334
341
100000
757
100000
100000
100000
100000
273
2146
1863
923
100000
1492
708
100000
100000
100000
691
2770
100000
2104
100000
100000
100000
100000
100000
100000
1939
3073
100000
1013
100000
1015
13775
100000
100000
520
3145
100000
100000
1228
100000
100000
100000
100000
100000
100000
3626
100000
100000
1994
100000
459
100000
100000
1526
100000
1083
100000
9799
100000
1223
10043
1632
1361
1100
1462
2698
100000
100000
750
100000
10986
3366
1987
100000
100000
100000
2075
955
2860
10245
5941
100000
855
100000
100000
100000
100000
100000
2305
39868
100000
100000
100000
100000
100000
10934
100000
100000
10358
100000
1632
100000
100000
100000
100000
100000
881
100000
100000
2538
100000
100000
100000
100000
2486
100000
100000
100000
7435
2613
100000
100000
100000
100000
7115
2278
100000
100000
1282
100000
100000
1700
100000
227
100000
974
100000
596
1274
100000
100000
100000
100000
2546
100000
100000
100000
2971
100000
100000
100000
2241
3375
100000
310
2116
761
100000
2510
100000
100000
4549
100000
100000
100000
796
100000
1416
100000
100000
100000
932
647
100000
2540
1964
100000
100000
352
485
100000
12462
100000
100000
100000
100000
215
100000
10024
2535
264
2247
2262
829
100000
2087
100000
397
100000
2849
100000
100000
347
939
100000
1277
100000
100000
100000
395
2711
100000
23235
2284
100000
6000
809
426
11312
100000
100000
100000
6246
100000
100000
100000
10912
100000
100000
100000
1235
949
100000
206
100000
4996
889
499
100000
100000
702
100000
2882
100000
1207
100000
4853
100000
100000
100000
11504
7255
1054
326
100000
100000
5488
375
100000
100000
100000
100000
100000
100000
100000
100000
1151
100000
1163
100000
100000
100000
100000
6680
1030
366
100000
100000
1460
150
100000
1566
100000
2463
100000
100000
3161
100000
100000
100000
923
100000
4231
100000
8736
2783
100000
100000
1423
100000
100000
100000
100000
100000
100000
100000
8590
100000
1696
1454
100000
100000
2502
1257
2091
100000
837
100000
100000
684
100000
4967
100000
100000
100000
100000
3121
2385
100000
242
100000
317
100000
100000
2856
100000
2244
2102
100000
100000
100000
2155
954
3142
1959
2532
563
100000
100000
9434
815
657
100000
2189
1323
1175
3004
16090
991
659
100000
2865
100000
100000
1980
100000
1122
100000
100000
100000
7877
100000
100000
100000
2450
2542
1040
1260
1560
100000
100000
1303
1659
100000
800
100000
100000
100000
1157
100000
100000
6629
1728
149
280
100000
1858
855
100000
1030
100000
100000
1847
100000
1149
100000
100000
100000
2619
100000
100000
2884
853
100000
723
100000
3713
100000
1392
100000
1444
100000
100000
11043
2485
484
813
1041
100000
1998
1427
100000
100000
4223
7126
1894
451
100000
1016
5039
14421
1699
100000
1007
100000
100000
100000
9241
100000
100000
100000
100000
912
2339
809
8825
100000
1893
1353
100000
8988
100000
573
4185
100000
501
100000
100000
300
100000
2006
1695
134
1431
1678
1123
2571
1143
3386
3159
760
100000
1753
100000
859
100000
100000
100000
100000
1153
751
100000
1974
8574
993
2852
516
100000
2986
1033
100000
100000
100000
1446
7387
100000
4471
12766
100000
635
492
100000
100000
7461
100000
14717
880
100000
100000
1486
790
100000
100000
100000
100000
100000
1997
100000
100000
1726
100000
100
100000
100000
3010
4718
100000
2847
100000
7361
100000
100000
2627
7571
100000
100000
173
100000
4559
100000
846
100000
100000
1448
1797
100000
100000
100000
100000
100000
12688
6650
712
813
408
100000
2141
1102
2031
100000
100000
100000
811
1333
2646
100000
100000
100000
576
100000
1340
100000
1215
100000
15462
957
100000
1673
958
100000
2650
70
100000
100000
100000
100000
125
5361
1121
507
100000
1264
901
4933
10325
100000
1323
100000
100000
100000
509
6099
100000
777
100000
100000
100000
653
100000
100000
100000
100000
3129
1430
100000
100000
1007
1681
100000
328
1341
2547
899
100000
1262
100000
1429
100000
248
7366
1195
667
868
2350
327
11223
100000
7426
100000
2439
1779
100000
100000
100000
100000
100000
100000
345
5826
100000
661
2068
100000
2538
1500
100000
1305
1074
100000
100000
100000
100000
7417
1266
100000
100000
100000
100000
2912
100000
100000
100000
100000
100000
632
3031
100000
12213
3286
100000
100000
2603
100000
100000
1134
100000
884
1967
3346
100000
100000
100000
100000
8633
100000
1324
324
100000
100000
886
1844
100000
4251
100000
100000
8552
100000
100000
100000
100000
100000
67
793
260
6554
772
1179
100000
100000
100000
100000
23279
6291
100000
7538
1316
100000
1073
1755
100000
1265
100000
1790
100000
100000
100000
512
100000
9086
100000
2885
100000
6528
1497
100000
294
579
1087
100000
100000
100000
909
8864
207
42502
14
100000
3595
3711
28782
824
100000
213
4254
100000
100000
100000
100000
100000
604
1790
100000
1895
12358
100000
534
1326
2460
100000
100000
2418
100000
100000
100000
738
3207
802
8632
100000
100000
100000
100000
100000
100000
100000
11728
100000
871
100000
100000
2424
100000
1610
1132
444
1962
100000
1191
2345
100000
1107
3519
699
1382
100000
349
100000
10493
100000
100000
753
100000
100000
100000
100000
1128
100000
100000
8346
4554
100000
100000
100000
3178
100000
2672
255
100000
100000
100000
100000
100000
12807
100000
100000
1245
100000
64
100000
100000
2152
8722
8844
100000
1660
1133
100000
2621
100000
100000
100000
100000
1238
100000
10917
1550
1446
100000
100000
2148
1458
100000
100000
100000
100000
454
100000
100000
216
100000
100000
100000
575
100000
2146
100000
100000
100000
11347
8496
2842
3429
100000
100000
100000
100000
100000
100000
100000
100000
472
18142
1499
100000
100000
3069
100000
100000
100000
4987
1365
100000
100000
1884
100000
6548
563
3547
100000
1713
3454
1514
100000
4150
7401
100000
64
1809
100000
100000
1329
100000
100000
100000
100000
100000
100000
100000
363
100000
100000
676
100000
100000
12209
100000
816
1911
100000
1266
4812
2494
100000
100000
12978
1320
100000
100000
100000
100000
1139
100000
100000
2426
922
8647
12954
7752
2541
406
10524
100000
100000
100000
100000
100000
100000
100000
2655
100000
1949
100000
100000
1036
100000
884
100000
8982
100000
100000
100000
2361
100000
100000
718
100000
1063
100000
5560
964
100000
510
1347
100000
6440
100000
100000
976
448
100000
15662
100000
1146
100000
7022
5523
2285
10553
100000
2788
100000
2177
100000
100000
100000
100000
711
5917
100000
3144
100000
100000
100000
819
5444
100000
886
100000
738
100000
1193
5039
1038
6591
3472
8139
100000
100000
1184
2287
1568
1445
100000
100000
100000
347
668
100000
100000
33866
1981
100000
1029
100000
2565
100000
100000
100000
100000
100000
100000
3919
100000
100000
100000
338
8815
4050
100000
1125
1039
100000
1550
100000
100000
863
1211
3462
100000
100000
100000
462
100000
100000
100000
100000
1773
100000
2718
100000
4905
100000
100000
100000
100000
100000
100000
100000
100000
100000
100000
6847
4450
100000
100000
1069
6519
100000
100000
100000
100000
1557
100000
11694
100000
502
2476
100000
100000
100000
1086
491
100000
3399
100000
7378
100000
10927
1853
100000
359
2021
100000
100000
100000
100000
4247
100000
100000
418
1308
9235
1185
359
100000
1727
100000
3287
100000
100000
2292
100000
100000
100000
1067
100000
100000
16525
2078
2684
8964
559
100000
428
968
100000
100000
100000
1929
9947
100000
100000
2499
100000
100000
507
100000
17274
100000
4556
72
163
5550
1489
2777
149
350
1293
205
100000
100000
100000
211
100000
100000
100000
541
1883
1701
100000
810
100000
1112
100000
4416
601
100000
536
100000
100000
100000
100000
862
1109
100000
823
3728
2396
913
710
782
100000
815
100000
100000
16743
100000
100000
2173
100000
100000
1846
1923
1121
100000
1919
229
2399
100000
5843
100000
7253
1448
100000
413
718
100000
2606
100000
974
7297
100000
752
2806
2366
13401
341
100000
2160
100000
479
806
100000
925
230
100000
100000
1124
100000
100000
100000
100000
4139
779
100000
7055
100000
972
2711
100000
100000
537
100000
100000
1007
100000
100000
1464
100000
655
100000
6285
1045
2626
100000
1150
100000
445
288
100000
100000
100000
874
100000
100000
538
2914
38362
100000
100000
100000
100000
100000
8647
784
1412
100000
2011
721
3652
100000
100000
100000
100000
1511
100000
2999
100000
100000
100000
100000
100000
753
100000
100000
100000
100000
100000
100000
1391
864
100000
100000
100000
100000
2177
100000
100000
200
1912
100000
7024
12251
100000
4108
21675
100000
1969
9479
100000
100000
100000
100000
100000
758
367
665
382
100000
342
100000
100000
100000
100000
100000
100000
100000
6601
338
100000
2808
100000
1745
1350
100000
100000
1732
14297
7990
1239
100000
634
1827
2075
100000
1440
100000
1279
1618
787
3880
100000
100000
100000
7876
4496
100000
10674
3093
648
100000
206
100000
100000
100000
241
100000
766
401
790
849
100000
100000
100000
100000
100000
100000
100000
1167
9375
1289
100000
2123
230
100000
100000
1064
805
752
100000
8428
100000
259
100000
100000
100000
11583
100000
2077
100000
100000
100000
1026
100000
396
1912
946
100000
100000
100000
100000
100000
530
100000
808
1759
3148
100000
100000
100000
100000
100000
100000
100000
100000
100000
544
100000
1326
100000
100000
100000
1162
100000
100000
100000
8517
19151
1040
2814
10936
564
100000
290
100000
7486
100000
100000
100000
1217
403
100000
100000
100000
100000
2368
629
100000
865
100000
501
1108
100000
100000
100000
100000
755
100000
100000
100000
2841
100000
11579
1237
100000
100000
12842
672
100000
100000
100000
100000
2181
100000
1481
100000
100000
100000
100000
100000
100000
2463
100000
100000
100000
1889
100000
100000
7510
2771
1187
100000
100000
100000
1967
100000
100000
2643
100000
734
100000
100000
3424
100000
100000
1798
2313
1697
1652
958
100000
100000
100000
100000
100000
100000
4943
251
289
100000
1249
1503
100000
673
1888
1982
100000
1563
506
112
100000
100000
100000
100000
100000
1293
100000
100000
100000
100000
100000
100000
100000
664
4777
260
100000
3101
1066
281
7926
4384
100000
354
100000
100000
783
100000
693
658
100000
1359
9617
100000
658
100000
1179
100000
100000
9348
3388
775
100000
1905
6297
666
8875
2744
785
100000
3142
2912
2716
10578
1434
748
319
896
100000
7665
86
100000
452
100000
100000
100000
100000
100000
100000
100000
100000
707
9879
100000
1713
9637
100000
293
100000
100000
2780
100000
100000
100000
3772
2306
100000
100000
1198
100000
6027
100000
100000
9631
1033
100000
100000
100000
2146
100000
100000
1321
362
100000
100000
100000
100000
100000
100000
100000
100000
100000
100000
100000
100000
824
551
100000
100000
100000
100000
100000
100000
2778
1110
1572
1181
1310
100000
100000
4716
2470
7856
100000
100000
100000
100000
1066
100000
8607
100000
2926
365
4413
2470
8814
620
11370
1771
100000
100000
100000
20201
2729
710
1438
100000
1413
2074
32441
1545
2210
100000
1236
1394
2395
699
100000
100000
1360
100000
5164
9263
100000
100000
1123
100000
1455
100000
3544
100000
553
100000
8915
11663
100000
1813
122
100000
100000
100000
100000
100000
100000
100000
100000
100000
926
100000
582
100000
100000
1717
2023
100000
100000
100000
100000
100000
508
100000
2695
3929
7444
100000
100000
100000
1812
2237
100000
1754
2208
100000
1380
100000
7205
280
7867
2048
100000
100000
100000
9362
2474
518
8596
10528
100000
505
100000
3297
100000
2329
100000
536
1049
3544
100000
1812
100000
100000
100000
1882
100000
100000
100000
100000
100000
1456
1165
830
8785
100000
100000
1422
2880
100000
4486
1378
100000
2321
3164
100000
100000
6767
3085
100000
3033
100000
100000
3158
100000
100000
1888
100000
2366
1026
1830
1930
100000
100000
100000
448
100000
2440
874
2742
100000
1024
100000
100000
1465
538
100000
100000
100000
100000
100000
544
100000
100000
2181
5668
10139
3226
1367
59
1741
564
8497
11471
100000
100000
100000
100000
100000
100000
100000
100000
1531
100000
100000
100000
100000
100000
541
4400
100000
75
100000
513
2402
100000
1350
100000
2400
3425
1490
100000
100000
1709
100000
924
12063
100000
333
1021
100000
100000
1344
603
1288
100000
2326
971
903
100000
100000
458
4756
2140
2275
100000
1112
373
100000
100000
100000
1908
100000
100000
100000
100000
2901
1834
318
1353
200
1074
12254
100000
1670
100000
100000
258
100000
4653
100000
2004
1395
9700
100000
100000
100000
100000
100000
5377
100000
1268
893
589
11582
1931
1818
100000
100000
749
5957
100000
100000
1503
100000
7777
100000
291
100000
2540
866
5679
10546
8190
11078
100000
629
11673
100000
100000
3314
2509
3140
1204
100000
100000
100000
3215
100000
2736
100000
100000
100000
100000
20325
1173
3064
100000
100000
100000
2866
10203
1968
381
11688
100000
10008
23081
100000
1147
100000
100000
676
2980
920
100000
8846
100000
100000
100000
11972
300
872
100000
475
1421
1346
100000
100000
8122
100000
109
415
100000
1987
100000
100000
100000
100000
617
2889
100000
100000
904
100000
100000
1056
686
12105
100000
100000
100000
100000
403
1485
2281
70
100000
100000
1708
1545
1196
6923
519
100000
627
334
8818
420
100000
1103
100000
28860
100000
100000
100000
876
906
100000
1304
966
805
100000
100000
9421
395
100000
100000
10375
100000
1068
21444
100000
100000
100000
100000
100000
1966
1551
100000
100000
907
100000
100000
100000
100000
100000
100000
100000
100000
433
294
100000
2684
1837
483
100000
408
100000
100000
100000
648
100000
100000
1869
296
689
1332
100000
424
100000
100000
100000
292
574
627
4877
100000
9535
100000
1449
787
100000
100000
100000
4565
1355
783
971
100000
1181
452
100000
3275
2532
5788
178
37767
100000
3700
100000
17345
278
100000
100000
100000
100000
100000
2480
6280
100000
100000
100000
100000
1505
100000
100000
100000
100000
630
6854
100000
268
801
1322
1988
100000
3485
100000
100000
815
100000
100000
392
505
100000
100000
1098
100000
1938
100000
2782
1408
100000
100000
100000
100000
667
100000
100000
100000
100000
10123
2614
100000
2415
100000
100000
2819
46860
100000
1498
872
100000
622
7840
1202
100000
1028
35
4051
7558
772
100000
2996
2052
2933
100000
100000
100000
100000
100000
781
1344
100000
100000
100000
382
6991
548
2846
864
1306
1266
100000
605
100000
100000
1112
100000
100000
100000
100000
100000
100000
100000
16664
1116
11611
2066
2888
100000
2779
7345
100000
100000
722
10072
1800
767
100000
100000
907
100000
100000
100000
100000
1385
1534
100000
100000
1165
100000
898
1723
2913
3015
115
100000
8929
100000
100000
940
100000
100000
7883
128
100000
100000
413
1139
593
100000
1342
100000
100000
100000
100000
100000
1146
918
100000
100000
1337
100000
1850
100000
1594
100000
14771
100000
1538
100000
100000
905
8948
687
397
100000
1097
100000
11770
100000
788
100000
1984
100000
100000
100000
1145
1173
2503
2485
468
100000
649
1120
100000
100000
41181
100000
10245
100000
8569
100000
100000
8429
3140
100000
100000
100000
100000
100000
855
100000
100000
100000
100000
100000
100000
1286
1139
1806
100000
2376
1478
100000
100000
100000
100000
100000
1087
100000
718
3208
100000
100000
100000
100000
684
100000
100000
3417
1900
3081
15634
100000
347
1822
100000
100000
1478
100000
100000
10234
100000
100000
2037
357
100000
1300
1030
100000
100000
100000
125
675
1010
613
100000
536
100000
531
100000
3470
100000
1216
100000
100000
1840
100000
1801
100000
100000
26586
100000
100000
100000
100000
2051
1278
724
6505
100000
100000
10046
100000
9030
2371
385
2054
765
811
100000
794
805
9712
450
100000
100000
100000
100000
100000
100000
2007
100000
1496
164
100000
584
100000
100000
1255
100000
833
500
100000
72
10587
100000
648
100000
1170
12260
100000
100000
100000
100000
100000
1829
6248
100000
100000
264
1164
100000
376
2333
2253
100000
100000
100000
100000
100000
824
100000
688
15522
532
1860
1510
2297
100000
100000
100000
100000
632
100000
100000
100000
3130
100000
7272
100000
100000
2062
4910
100000
100000
100000
100000
7582
58300
10068
6789
100000
100000
100000
100000
869
2933
100000
100000
100000
2492
100000
100000
339
100
100000
100000
2822
100000
148
100000
1988
100000
2818
16725
957
2325
100000
100000
100000
100000
100000
11511
100000
100000
100000
451
872
48446
100000
2148
100000
3513
100000
100000
398
100000
100000
396
1202
833
100000
100000
951
100000
100000
6823
705
5415
7377
100000
100000
100000
100000
2235
100000
100000
100000
100000
1963
2112
1985
8611
100000
612
100000
100000
420
100000
1254
100000
2017
100000
2226
100000
472
100000
3261
100000
5540
100000
1321
5241
10844
100000
4252
8328
100000
1522
100000
100000
100000
100000
170
9754
100000
100000
897
3210
507
100000
100000
3837
1775
7835
1675
100000
547
30995
100000
100000
1849
6171
9649
100000
100000
1033
100000
12167
100000
100000
100000
100000
100000
815
13452
880
1322
100000
7100
100000
100000
220
3083
100000
100000
3660
17324
1431
100000
100000
100000
1567
100000
100000
100000
100000
73
100000
954
1256
485
100000
1882
100000
652
100000
692
382
100000
1354
2070
1063
100000
885
2975
868
10890
1035
741
100000
100000
100000
3427
100000
1325
240
968
1084
100000
6343
2249
48
100000
2537
2722
100000
2947
100000
100000
839
12740
100000
25544
100000
100000
2103
100000
344
519
929
2672
100000
1133
100000
100000
100000
100000
88
585
2855
100000
100000
100000
100000
1073
100000
1645
632
1113
100000
100000
592
100000
781
100000
2944
100000
6032
923
100000
100000
100000
147
100000
3100
7448
100000
798
892
100000
7856
1589
100000
100000
100000
100000
100000
936
100000
100000
5742
100000
100000
100000
100000
100000
284
79
180
100000
5325
100000
377
100000
100000
450
100000
496
2938
1274
339
829
100000
3911
635
699
2688
515
100000
4542
26952
812
100000
677
6113
2783
443
13004
367
100000
1892
100000
100000
1472
100000
100000
100000
100000
12520
2566
100000
100000
100000
11887
1327
928
10427
100000
3095
100000
100000
452
357
100000
100000
1968
100000
6202
4939
19411
534
470
100000
1678
489
100000
100000
10884
1418
100000
818
100000
100000
2445
765
13404
1359
100000
413
100000
2752
29586
100000
1762
100000
100000
100000
100000
100000
169
2185
100000
100000
100000
100000
100000
1327
100000
100000
716
978
100000
100000
1799
100000
1040
100000
100000
82
100000
1413
236
1158
100000
100000
100000
100000
100000
100000
100000
145
100000
100000
530
100000
100000
2276
100000
100000
1157
329
100000
100000
100000
27844
3220
100000
100000
1810
100000
100000
100000
100000
100000
100000
100000
100000
1986
46474
100000
323
100000
100000
100000
100000
100000
1726
5204
2933
1014
2276
100000
9698
100000
2102
100000
638
12299
426
539
942
6659
1110
1027
100000
4525
1061
3058
100000
100000
100000
100000
423
100000
100000
100000
1492
8528
100000
100000
100000
3640
100000
1048
965
1269
544
3965
100000
1558
6533
100000
100000
100000
100000
100000
100000
100000
100000
2156
100000
100000
3277
1852
6846
100000
297
8965
100000
1105
100000
8121
5793
100000
493
2345
704
100000
100000
100000
208
8668
2525
100000
944
11778
1998
100000
651
1073
1663
2134
1098
44279
100000
406
100000
512
2197
100000
802
2442
100000
100000
100000
100000
100000
705
100000
1914
100000
100000
100000
100000
78
287
100000
100000
100000
3420
100000
100000
100000
14996
922
100000
100000
100000
22494
100000
100000
100000
100000
100000
3156
100000
100000
100000
100000
100000
100000
641
1694
100000
8299
695
100000
887
100000
100000
1850
100000
100000
2792
100000
1278
7417
559
100000
100000
100000
2108
425
100000
100000
100000
100000
1805
100000
10105
9917
100000
100000
100000
1630
8791
5773
3358
100000
1033
100000
100000
2298
100000
6542
100000
17206
8575
6527
876
1020
1416
2201
100000
100000
2326
863
4025
100000
7575
689
100000
100000
100000
1550
2147
3040
10023
100000
422
100000
100000
2902
100000
321
100000
100000
100000
100000
100000
100000
1479
705
1291
10438
12984
100000
100000
100000
100000
100000
1626
100000
100000
1553
540
100000
100000
1376
100000
3412
100000
939
4324
593
4767
2812
100000
501
10997
100000
100000
100000
7040
100000
2217
100000
1512
100000
1231
100000
1702
6493
456
1530
100000
100000
802
100000
100000
709
100000
100000
100000
68
100000
26557
5894
401
531
2129
100000
100000
222
1987
100000
1350
483
1398
21812
3569
10588
447
967
100000
100000
100000
100000
871
3236
100000
1854
2668
292
100000
100000
1447
437
7062
515
3231
100000
100000
6564
1131
100000
9897
100000
10982
100000
1698
7367
2429
100000
10302
265
263
308
100000
436
755
100000
3352
2383
100000
100000
100000
100000
599
1209
8150
2444
100000
415
100000
916
100000
100000
100000
232
100000
2490
100000
100000
10404
100000
100000
100000
1110
100000
100000
18464
100000
100000
100000
14833
100000
1353
478
100000
2057
3688
100000
8699
241
1687
100000
100000
3071
3725
661
100000
100000
759
100000
827
33144
100000
100000
636
446
1957
100000
2596
3038
100000
100000
100000
7940
2068
100000
100000
100000
1072
7523
100000
100000
1646
10701
100000
100000
100000
100000
100000
737
1168
100000
100000
1974
100000
100000
2152
100000
100000
1329
100000
100000
100000
872
100000
100000
628
100000
8106
2124
100000
394
9344
3228
1698
100000
100000
4769
181
100000
100000
100000
585
1295
100000
7607
3173
100000
1302
100000
100000
387
5229
100000
8403
100000
100000
690
4540
100000
907
100000
100000
100000
100000
100000
523
1376
1349
1636
2845
100000
1828
100000
100000
100000
100000
100000
100000
100000
100000
3400
100000
1755
8391
1950
2293
100000
100000
1088
1436
1644
804
100000
704
100000
100000
9949
1818
100000
100000
100000
3624
582
508
844
100000
100000
100000
424
1019
100000
322
3323
100000
913
100000
1281
100000
100000
100000
962
100000
1927
4550
904
559
859
383
1174
1118
1960
221
100000
2923
100000
491
100000
100000
527
3533
100000
100000
1417
599
100000
1086
1656
100000
2028
1175
195
100000
2768
100000
100000
100000
1136
3932
100000
100000
1140
100000
100000
2193
1494
12053
3032
320
480
100000
418
1088
2839
1298
8760
100000
100000
88
9877
16672
2771
10088
223
324
544
3861
11250
100000
100000
505
2638
1446
1345
100000
100000
381
4421
100000
100000
989
100000
100000
100000
887
865
100000
100000
100000
3504
100000
1397
4497
100000
8911
7997
100000
464
5870
100000
856
100000
226
100000
1009
100000
1095
41963
100000
1620
1779
695
100000
4487
620
100000
1008
100000
9414
100000
100000
8335
100000
100000
608
1034
100000
323
850
100000
761
100000
100000
3681
100000
1102
2484
634
100000
805
160
100000
100000
100000
132
100000
100000
100000
100000
100000
100000
4557
3614
2063
100000
100000
100000
240
100000
1401
100000
100000
100000
100000
629
100000
571
471
2503
100000
2110
16218
3074
696
100000
1413
100000
5009
1092
100000
100000
100000
9828
100000
799
513
100000
636
897
9653
11283
2294
100000
100000
33598
100000
533
9521
375
100000
4315
100000
3121
8099
291
100000
1347
1744
100000
100000
3759
2934
100000
2477
1672
100000
2278
6899
100000
702
100000
100000
100000
145
100000
2428
3547
100000
100000
1208
3164
1477
100000
1857
3068
100000
8333
448
312
100000
1528
100000
43321
660
635
100000
100000
100000
100000
3597
100000
1022
100000
100000
100000
100000
216
921
100000
449
100000
100000
650
12094
976
512
1035
6044
100000
2129
39851
100000
2015
100000
3429
543
7651
1476
100000
1215
100000
1517
1484
100000
100000
100000
100000
100000
15752
100000
6220
819
100000
100000
100000
2288
8458
430
100000
100000
100000
11951
246
2002
2106
776
100000
590
508
1800
955
100000
100000
1434
698
100000
100000
488
2268
100000
1858
100000
1064
100000
3506
1069
112
802
10860
100000
987
100000
100000
2430
100000
100000
100000
100000
2680
100000
950
1722
225
12096
5943
225
1550
100000
100000
100000
100000
26782
1480
100000
100000
1587
13550
100000
417
884
979
1802
9971
100000
906
12470
654
1977
392
839
100000
100000
100000
100000
100000
100000
612
3071
100000
100000
617
642
2042
100000
782
2795
100000
499
2119
806
4438
907
464
100000
1904
100000
789
100000
1719
369
100000
6875
100000
424
899
100000
323
100000
100000
100000
100000
100000
100000
7728
100000
100000
71
100000
100000
100000
2391
355
515
411
100000
528
4397
2997
2079
100000
100000
100000
100000
100000
3746
3009
100000
100000
956
100000
100000
100000
536
100000
100000
487
100000
297
100000
1153
100000
100000
100000
100000
2447
100000
100000
100000
100000
100000
100000
1363
100000
4577
3114
100000
100000
100000
846
1112
1864
100000
100000
12871
100000
10240
1279
1129
29
1516
100000
1489
2795
1027
1182
100000
317
100000
100000
678
769
100000
26416
6473
100000
29447
4944
12664
100000
9314
2835
100000
827
100000
100000
100000
942
100000
100000
664
100000
1562
100000
1723
9243
1869
1951
100000
100000
1081
2704
2445
1430
956
3614
100000
1743
960
948
6590
100000
100000
1716
1945
100000
100000
747
1721
100000
100000
100000
1370
14366
285
2413
249
895
100000
1631
100000
100000
12476
1522
1881
100000
10623
100000
1379
100000
100000
100000
434
2955
100000
100000
1209
4123
2007
100000
100000
100000
228
2455
100000
2432
468
100000
100000
985
3063
100000
1554
2777
100000
100000
2847
100000
100000
100000
100000
100000
100000
100000
2345
100000
100000
100000
3341
100000
100000
2484
1549
1743
100000
100000
100000
864
100000
100000
715
100000
1374
680
106
554
100000
10336
592
100000
100000
2514
100000
100000
4882
35593
935
348
100000
100000
565
100000
100000
100000
958
950
9327
3119
100000
2084
100000
100000
100000
1839
100000
100000
1858
2351
100000
2158
100000
100000
8572
100000
2493
100000
910
1223
315
658
100000
346
100000
474
801
1745
100000
11719
100000
3237
100000
100000
3687
753
100000
100000
100000
881
100000
100000
3395
100000
1606
3318
2214
100000
500
100000
100000
100000
100000
100000
702
100000
376
366
100000
304
642
1022
1356
100000
540
100000
1491
100000
461
100000
100000
100000
1741
745
950
100000
4988
100000
548
100000
10832
3306
100000
11790
100000
100000
100000
100000
100000
3321
7049
100000
100000
12424
10616
100000
100000
10999
100000
834
100000
1341
2904
2306
333
100000
100000
100000
146
758
100000
4453
100000
100000
100000
2703
100000
100000
275
2044
100000
7899
2581
3259
1820
100000
100000
100000
3607
7412
279
100000
100000
100000
100000
100000
100000
2412
100000
100000
100000
100000
100000
1017
100000
704
17566
100000
100000
100000
100000
1904
1214
100000
100000
100000
382
4234
1029
359
2635
100000
310
100000
6482
100000
100000
3034
770
100000
9742
956
49136
100000
2523
2693
100000
2597
100000
100000
1700
4508
1214
100000
100000
3469
100000
100000
100000
401
100000
100000
9143
100000
746
1320
1064
100000
100000
100000
3312
100000
1063
7021
281
100000
561
100000
100000
100000
100000
2755
10058
100000
100000
100000
100000
2199
100000
788
100000
100000
1474
100000
4154
100000
100000
253
508
583
1977
1298
100000
1692
81
417
100000
1512
1345
1486
1036
2502
768
2155
100000
1199
100000
100000
100000
100000
1619
100000
5183
1082
1513
100000
100000
2579
4345
100000
739
100000
100000
100000
100000
1703
100000
623
2040
100000
100000
4211
897
100000
852
100000
100000
100000
100000
100000
100000
100000
100000
100000
100000
100000
100000
100000
336
14332
100000
100000
913
2048
100000
1389
11385
100000
14537
171
100000
100000
100000
321
100000
100000
384
652
100000
100000
1449
100000
100000
100000
445
301
100000
100000
100000
100000
426
455
606
4151
11062
100000
561
100000
3233
100000
3445
607
100000
100000
454
197
10072
100000
100000
100000
53
676
12491
5660
100000
100000
100000
100000
100000
1366
474
100000
100000
9633
100000
100000
113
100000
753
1988
1299
3727
100000
100000
100000
100000
100000
100000
100000
3156
100000
1396
100000
280
419
100000
843
100000
100000
567
100000
1377
100000
100000
100000
10636
100000
100000
1343
305
3116
100000
11715
100000
816
100000
8411
9249
875
3066
614
1251
100000
100000
100000
7860
100000
6095
1003
553
100000
100000
100000
100000
100000
1534
548
977
1008
1438
798
2342
10313
739
1317
2426
100000
100000
100000
675
3277
689
536
2594
100000
100000
1956
100000
833
100000
80
1476
1205
137
3748
2252
100000
854
100000
100000
25231
555
100000
1654
783
100000
1348
759
100000
100000
100000
100000
1798
100000
2047
100000
100000
3440
100000
128
100000
100000
100000
100000
4387
100000
100000
965
100000
9731
100000
3467
1012
2086
100000
1014
714
2351
100000
100000
939
2965
180
100000
100000
1004
10491
961
100000
100000
100000
4413
100000
100000
1908
1541
100000
741
29164
2406
100000
100000
480
267
100000
100000
1870
333
100000
695
100000
1250
1688
100000
100000
100000
632
941
100000
100000
100000
100000
1272
6878
100000
6536
100000
100000
2170
100000
100000
100000
3002
10028
1102
100000
841
100000
347
10678
100000
3908
736
204
100000
3216
100000
100000
100000
100000
100000
100000
100000
940
100000
1541
6535
10636
723
100000
10592
100000
100000
9752
100000
2691
100000
144
100000
647
13187
100000
3377
100000
100000
1308
665
1284
590
20440
708
100000
1736
100000
567
100000
919
100000
468
100000
1142
100000
592
7484
993
1321
100000
4864
100000
454
100000
329
1235
100000
2415
2989
100000
100
100000
600
684
100000
100000
100000
6909
100000
100000
100000
100000
3172
100000
100000
100000
1594
100000
8913
1505
774
1361
100000
2414
6917
5354
100000
100000
100000
100000
2027
1352
100000
9196
100000
100000
100000
100000
100000
100000
100000
100000
622
100000
7265
100000
100000
982
100000
3625
470
8655
1036
100000
100000
412
100000
100000
100000
1560
9242
100000
11275
2256
134
560
100000
929
290
1542
628
8588
1438
100000
100000
100000
517
6866
2651
100000
3312
100000
2933
580
100000
100000
100000
100000
100000
100000
456
1283
13570
581
100000
430
796
356
9553
4980
470
335
1477
100000
100000
100000
6615
9785
2198
100000
100000
1030
100000
100000
2003
1107
100000
727
1503
100000
435
100000
100000
2155
3964
100000
100000
100000
100000
788
100000
10276
100000
865
11218
799
100000
100000
100000
245
100000
865
1105
7003
710
2873
100000
100000
100000
532
1058
100000
100000
100000
843
100000
8155
70
100000
100000
100000
1600
5301
100000
100000
100000
100000
100000
100000
710
100000
9971
10529
717
100000
100000
290
5558
640
1073
100000
100000
100000
100000
10721
100000
100000
1695
1091
100000
488
100000
2071
761
173
225
100000
100000
100000
1460
1655
662
100000
100000
100000
100000
100000
100000
100000
471
100000
100000
1353
100000
100000
2162
333
3076
5270
1355
8590
100000
2337
100000
2614
962
3214
100000
100000
777
1959
100000
100000
100000
100000
100000
100000
100000
100000
100000
100000
100000
100000
100000
693
3111
100000
572
1358
100000
18232
488
100000
622
100000
1575
432
1218
100000
2442
2622
100000
100000
680
100000
100000
1185
100000
1073
100000
2084
4556
100000
19997
10127
4795
30894
1349
100000
100000
100000
1370
100000
6268
10275
100000
100000
802
100000
10841
100000
1440
1045
1877
100000
592
100000
1097
678
951
1506
100000
100000
100000
100000
1380
100000
100000
1027
2239
1181
902
621
100000
100000
100000
100000
100000
781
1086
100000
12482
579
221
100000
100000
517
100000
100000
100000
3865
396
100000
882
100000
15471
1903
100000
100000
686
94
13926
13597
100000
100000
100000
2833
804
553
6230
100000
100000
100000
100000
2308
1065
1669
2521
353
1915
3997
100000
100000
121
100000
100000
100000
100000
100000
3077
612
100000
100000
100000
120
100000
788
10315
100000
640
695
1033
1992
618
100000
100000
310
100000
2043
1365
100000
100000
100000
530
100000
509
27629
100000
100000
136
1591
35902
100000
100000
3588
545
173
13918
7187
100000
100000
363
2214
614
1007
100000
284
100000
100000
7802
100000
100000
480
488
1440
100000
100000
100000
100000
2520
5345
100000
100000
100000
535
10095
100000
1303
1622
1576
1966
100000
100000
100000
1941
2762
6435
691
100000
100000
1854
100000
1977
100000
100000
100000
451
100000
6932
5593
100000
7040
100000
100000
7883
12838
100000
100000
100000
696
2320
100000
2179
100000
5497
2799
100000
292
11701
100000
100000
1320
100000
100000
752
100000
1270
2257
100000
100000
100000
100000
100000
1350
100000
1066
753
100000
675
183
100000
9515
2153
100000
1044
482
1080
253
2844
100000
100000
100000
2389
296
100000
6340
100000
10234
380
1003
7819
100000
3005
100000
100000
100000
100000
100000
3362
100000
501
2596
7473
3061
4817
867
100000
100000
800
100000
3252
3020
1851
100000
3085
100000
100000
1481
100000
100000
100000
10610
1919
1005
3748
100000
100000
100000
2142
100000
10678
100000
100000
1664
3135
100000
4651
1883
10011
100000
100000
20587
3118
100000
100000
100000
100000
100000
100000
100000
100000
100000
100000
2524
100000
2921
2477
1062
100000
100000
100000
760
95
2973
8745
100000
100000
556
11943
2912
12203
591
1321
10894
100000
573
379
100000
100000
100000
873
100000
100000
1833
100000
100000
11887
212
2863
100000
100000
100000
2728
854
6223
100000
594
100000
367
1817
100000
100000
100000
100000
100000
100000
100000
100000
100000
100000
100000
100000
100000
772
950
100000
1154
100000
100000
100000
3248
100000
100000
642
100000
960
1047
100000
100000
100000
100000
536
1350
100000
100000
1316
607
564
100000
100000
152
100000
918
100000
1724
100000
722
100000
100000
100000
100000
100000
2088
100000
404
1295
1936
100000
100000
446
4986
100000
10925
100000
100000
385
100000
100000
100000
100000
100000
100000
2799
100000
100000
100000
876
6914
2846
100000
1465
7390
814
100000
100000
598
100000
519
100000
100000
1273
100000
100000
1019
100000
100000
100000
2532
100000
100000
100000
2384
100000
100000
100000
100000
1204
3564
4866
100000
100000
456
100000
14327
100000
100000
100000
22987
100000
100000
100000
1702
100000
100000
526
2471
100000
375
100000
100000
100000
2117
100000
100000
1237
12904
100000
5147
448
725
602
3523
735
637
100000
1299
100000
100000
987
100000
630
31
257
491
100000
1535
100000
100000
519
2662
100000
100000
100000
100000
2460
423
1321
408
905
100000
100000
268
100000
5571
1135
100000
100000
100000
8056
672
100000
100000
606
7244
100000
100000
100000
100000
100000
100000
100000
100000
487
100000
100000
2366
1699
769
302
5622
100000
1067
100000
5286
100000
1981
100000
2097
100000
100000
424
100000
100000
100000
803
100000
1831
100000
688
100000
1740
278
636
2079
633
100000
7361
2933
56
100000
485
7818
100000
100000
6585
100000
673
7418
2119
100000
640
778
1236
100000
100000
13080
100000
4938
908
100000
100000
548
100000
6492
100000
885
15037
1244
100000
2676
624
584
100000
100000
12217
100000
100000
100000
865
100000
100000
502
100000
4476
5688
565
100000
100000
725
3624
100000
3961
1133
100000
11669
100000
6177
100000
725
100000
100000
1061
100000
491
100000
100000
100000
100000
100000
528
100000
11592
100000
2945
100000
12215
100000
13909
100000
100000
1227
3619
100000
610
100000
1563
100000
3035
100000
740
100000
100000
1494
100000
100000
100000
100000
707
612
2064
100000
100000
1478
100000
599
100000
100000
381
2411
100000
100000
743
25279
100000
4809
100000
100000
100000
888
100000
100000
100000
100000
100000
100000
1332
100000
695
100000
408
739
100000
289
100000
1195
591
100000
7164
100000
100000
233
100000
100000
758
100000
5889
100000
907
1466
100000
100000
481
2405
100000
484
1991
100000
20598
100000
4163
100000
801
8222
100000
100000
1398
11015
100000
183
100000
690
949
1102
1730
568
100000
602
100000
100000
957
100000
961
100000
100000
1571
100000
11785
2511
100000
100000
2906
100000
838
100000
100000
1204
3020
1280
100000
341
100000
691
1496
100000
100000
100000
7172
100000
100000
100000
100000
100000
424
750
342
100000
10370
100000
1952
848
626
100000
1937
279
100000
100000
843
100000
100000
204
1987
13851
2144
701
100000
100000
1357
5265
100000
100000
100000
498
330
2502
274
100000
2841
100000
2729
3384
100000
100000
100000
522
100000
100000
100000
1963
100000
2733
10990
1454
100000
1908
664
100000
100000
100000
13403
266
1117
959
1567
100000
1287
100000
100000
100000
1407
100000
100000
100000
616
100000
1155
100000
100000
575
100000
360
18925
953
100000
327
593
990
942
1712
100000
10830
620
2473
100000
1521
927
100000
100000
504
1802
1103
649
100000
100000
16973
1249
100000
911
2877
1357
19635
796
100000
100000
100000
100000
100000
100000
100000
100000
100000
849
100000
100000
100000
275
617
100000
1295
100000
100000
100000
100000
243
100000
100000
100000
6696
100000
2226
100000
100000
100000
100000
100000
545
3149
100000
2482
4166
100000
100000
10011
669
1056
6189
100000
1052
1031
1364
100000
100000
100000
100000
100000
100000
711
100000
100000
100000
10595
840
1141
2199
281
100000
100000
100000
340
100000
100000
1443
3543
462
100000
100000
100000
100000
1718
100000
100000
867
771
1018
100000
19987
100000
2856
100000
57
1082
3364
100000
499
10716
528
17056
842
373
100000
810
100000
100000
1310
136
100000
1070
306
1541
100000
100000
827
100000
503
100000
1118
311
3112
959
100000
100000
2183
100000
100000
732
100000
100000
100000
2087
100000
2233
2009
100000
1178
72
100000
692
2450
100000
100000
1597
7051
1769
350
723
100000
43088
1370
100000
100000
100000
100000
100000
2115
1661
698
11171
1013
100000
100000
100000
1146
619
100000
462
14737
100000
8230
867
100000
100000
1264
459
9845
2973
7256
100000
100000
3155
1002
100000
100000
826
100000
1035
1371
100000
100000
8965
100000
100000
2356
100000
1543
100000
100000
100000
1983
100000
1395
100000
6403
33955
2259
100000
100000
1333
100000
890
100000
850
113
2620
100000
702
100000
100000
100000
100000
2639
100000
100000
100000
100000
1061
100000
806
100000
1436
100000
16762
100000
915
774
100000
100000
100000
9046
1315
9285
100000
752
500
475
976
565
890
6802
100000
12781
980
100000
100000
15003
11956
100000
2054
2421
888
100000
100000
100000
1225
100000
9333
1573
100000
100000
100000
11989
100000
338
402
1386
302
11170
100000
305
100000
612
100000
100000
2298
2817
100000
503
1417
100000
100000
1032
100000
100000
414
279
2294
416
7190
100000
830
275
100000
100000
235
583
1657
452
100000
1640
100000
3054
7307
100000
363
774
100000
275
688
100000
100000
380
130
100000
100000
983
100000
100000
2939
6257
100000
1353
100000
891
2190
1605
1502
12279
1707
5035
2524
3483
100000
926
100000
100000
1105
1305
100000
100000
210
100000
100000
100000
11095
959
100000
8723
100000
2934
7397
1945
100000
100000
593
776
100000
1070
1872
100000
100000
100000
100000
447
100000
2878
100000
595
2234
100000
100000
100000
100000
833
496
100000
100000
250
100000
650
571
100000
100000
100000
100000
100000
1641
175
10462
1288
250
100000
100000
100000
1646
100000
2592
100000
100000
1052
2005
100000
595
107
100000
100000
100000
2272
1473
2104
171
100000
100000
100000
100000
100000
100000
3351
1040
100000
805
542
195
100000
100000
100000
63
6883
100000
764
24671
10004
100000
1603
100000
681
100000
100000
100000
100000
100000
2698
100000
100000
100000
100000
100000
100000
1318
100000
100000
100000
100000
100000
100000
2519
100000
5671
100000
100000
1356
526
100000
596
453
860
8491
100000
9130
100000
100000
100000
3482
100000
1311
100000
100000
2132
727
100000
100000
6577
722
100000
8679
100000
598
100000
100000
100000
514
100000
100000
1051
100000
100000
100000
345
100000
100000
100000
100000
100000
100000
100000
100000
8588
100000
916
100000
100000
100000
100000
100000
2165
664
433
100000
100000
100000
111
7623
3301
100000
803
100000
836
100000
100000
100000
2255
13931
227
100000
1565
378
2436
100000
399
100000
100000
100000
100000
532
100000
1194
100000
616
1375
9207
100000
100000
779
1161
100000
100000
1517
100000
100000
100000
1205
9399
11081
229
3092
730
100000
100000
100000
100000
1136
100000
100000
1724
100000
1608
100000
163
100000
825
2612
2010
744
954
100000
27313
100000
1742
484
419
2564
981
1184
100000
100000
100000
100000
100000
100000
11300
696
100000
1161
668
519
100000
100000
100000
100000
7056
100000
3604
100000
100000
2030
100000
100000
1081
1649
36456
100000
100000
1233
100000
981
100000
1262
100000
100000
100000
100000
5853
559
100000
100000
100000
100000
1695
2614
11221
100000
260
100000
895
2380
8982
100000
10233
100000
100000
100000
73
3211
1446
9013
3593
100000
100000
706
100000
2084
100000
100000
11816
100000
100000
100000
100000
100000
785
100000
100000
89
729
100000
7608
100000
100000
100000
1055
807
100000
3497
100000
1857
590
100000
100000
100000
1951
100000
1261
100000
100000
100000
3145
100000
2015
1132
664
351
495
100000
100000
100000
100000
463
887
100000
100000
100000
1556
10572
100000
1232
100000
100000
100000
6845
100000
100000
100000
1878
100000
984
100000
544
100000
100000
1338
100000
100000
100000
100000
100000
100000
1771
100000
100000
100000
28966
100000
100000
100000
100000
100000
100000
830
461
100000
100000
17703
100000
2279
447
100000
100000
1236
100000
684
2138
2165
467
4602
762
1590
3490
709
100000
827
100000
550
100000
100000
100000
1548
100000
100000
1182
100000
1965
100000
5514
1797
285
276
100000
100000
475
476
100000
2688
25538
1218
100000
10472
100000
22718
1137
9930
349
100000
486
2108
476
100000
1499
1769
100000
1395
1042
100000
629
100000
100000
3331
224
353
1110
100000
1537
100000
482
870
100000
100000
426
100000
100000
1306
217
100000
100000
100000
100000
816
7279
79
850
1981
937
100000
100000
100000
830
100000
100000
100000
100000
100000
1304
100000
100000
14978
100000
1964
100000
100000
498
3126
100000
100000
100000
100000
100000
1190
6136
371
1051
1033
100000
100000
100000
628
856
650
100000
100000
100000
100000
100000
1342
100000
100000
100000
100000
100000
625
100000
2698
530
866
100000
1374
100000
100000
100000
100000
7418
100000
100000
7104
100000
100000
100000
11150
24555
1111
100000
100000
1011
100000
1441
100000
524
869
100000
11843
100000
100000
100000
4003
100000
100000
519
969
482
442
100000
100000
100000
697
2252
424
1999
912
5176
100000
100000
100000
100000
288
242
7621
100000
100000
644
100000
828
1223
140
1434
100000
100000
4995
100000
100000
12450
100000
100000
2212
1973
100000
100000
3041
100000
425
100000
100000
8517
9805
100000
100000
406
1199
100000
100000
2534
100000
100000
100000
6556
951
7979
182
1439
100000
100000
100000
1161
1963
100000
1056
100000
100000
100000
862
100000
100000
1723
100000
100000
437
100000
100000
100000
100000
100000
75
156
2377
100000
100000
100000
3306
100000
100000
8168
3540
100000
1731
100000
100000
100000
100000
15765
14760
100000
100000
100000
100000
1010
5870
100000
104
359
100000
477
2959
100000
10138
588
3533
100000
540
100000
6485
100000
4387
3087
614
8462
578
100000
100000
2359
100000
2640
100000
1811
100000
100000
556
1071
100000
837
1015
100000
49143
100000
100000
100000
2276
1227
100000
100000
478
100000
100000
16897
207
100000
100000
454
992
100000
100000
100000
100000
100000
100000
386
100000
1020
100000
11374
720
7044
989
100000
334
100000
100000
100000
368
100000
42382
100000
100000
625
100000
100000
100000
11575
511
100000
766
100000
2098
2403
2222
1473
100000
100000
100000
100000
100000
100000
100000
94
100000
1059
3288
696
100000
139
100000
100000
100000
100000
1586
3249
100000
1299
1181
100000
100000
100000
100000
5796
100000
1748
100000
100000
100000
100000
675
986
343
912
75
9561
100000
100000
365
100000
100000
100000
5579
671
100000
560
2478
100000
100000
100000
100000
100000
100000
1666
100000
100000
3860
100000
100000
100000
5535
100000
480
1334
2113
100000
100000
100000
100000
1165
1796
234
100000
558
100000
100000
100000
100000
187
100000
42
292
355
986
100000
100000
1840
422
2476
2321
100000
100000
100000
100000
8688
15938
840
100000
100000
100000
100000
100000
100000
4566
41291
100000
100000
100000
2752
2647
1118
100000
100000
100000
4265
100000
100000
6892
100000
100000
100000
100000
100000
100000
844
5527
100000
100000
75
2162
100000
100000
1096
100000
560
356
100000
12565
100000
100000
1823
3158
100000
282
8430
975
100000
480
100000
100000
830
883
2901
100000
7607
100000
100000
100000
100000
2317
100000
100000
2465
425
760
12411
193
1828
100000
100000
100000
100000
1295
100000
100000
100000
2801
2319
11459
215
100000
100000
648
100000
100000
2944
100000
3027
19787
100000
735
100000
1293
905
704
100000
1792
4576
100000
100000
100000
100000
100000
1216
100000
100000
12348
558
100000
2487
100000
4292
100000
100000
100000
168
100000
4476
92
100000
516
465
736
100000
1226
100000
100000
487
100000
730
100000
553
100000
100000
312
100000
100000
446
2095
814
100000
100000
669
8500
11892
100000
920
901
417
100000
12571
357
601
2249
100000
972
100000
6199
175
100000
3980
100000
100000
100000
100000
100000
100000
100000
100000
391
100000
2012
726
100000
100000
100000
974
3127
100000
100000
695
1325
100000
100000
749
100000
1
100000
358
1
100000
100000
100000
2279
100000
100000
2246
1272
100000
925
969
100000
100000
100000
100000
1838
100000
100000
100000
100000
100000
100000
100000
469
100000
100000
512
100000
100000
3041
100000
100000
1441
100000
795
100000
5944
100000
523
3842
838
100000
100000
100000
100000
100000
100000
100000
100000
100000
100000
100000
100000
6996
1432
100000
100000
100000
1066
100000
100000
100000
9217
100000
1693
1179
100000
598
3121
8768
100000
1498
100000
100000
100000
6676
100000
5056
100000
658
100000
1019
100000
6602
100000
1083
2815
100000
895
792
100000
206
1158
100000
100000
100000
100000
637
699
18848
100000
48015
100000
5851
2908
556
515
100000
1577
100000
1421
100000
71
100000
100000
1400
6000
75
1367
973
8110
384
100000
448
100000
786
100000
314
762
100000
100000
100000
100000
100000
100000
100000
100000
100000
501
100000
100000
100000
100000
1485
1821
100000
100000
100000
100000
100000
100000
100000
100000
443
100000
100000
472
100000
9377
35090
100000
100000
176
100000
100000
100000
4422
100000
1324
100000
463
16289
1954
1322
347
100000
100000
10721
100000
100000
1308
100000
437
100000
11136
100000
992
2201
927
2783
100000
506
882
100000
100000
5144
1341
1239
379
100000
100000
100000
1284
100000
342
1637
100000
577
500
100000
100000
100000
3697
100000
100000
100000
100000
100000
100000
100000
100000
1240
2294
1893
100000
100000
712
288
100000
346
17076
618
100000
5887
100000
1144
100000
765
6384
270
100000
14548
100000
100000
100000
674
100000
3487
100000
2821
100000
100000
471
100000
100000
100000
2402
100000
100000
100000
2058
6563
1688
100000
2943
9580
918
2051
100000
166
1232
100000
100000
100000
100000
10355
100000
100000
100000
100000
100000
845
100000
482
2028
1322
754
2470
1176
1050
100000
2091
100000
360
100000
100000
1800
949
100000
100000
1381
67
100000
1106
1000
100000
100000
2935
682
100000
5307
331
100000
100000
265
100000
824
100000
100000
917
100000
17925
759
7013
716
100000
645
8791
15996
16555
100000
3877
450
3407
1039
100000
8543
100000
100000
100000
100000
2673
100000
2073
100000
525
10987
100000
1028
11215
11589
8562
744
1484
100000
1334
100000
100000
100000
100000
1079
2617
670
1061
100000
100000
100000
100000
100000
2212
100000
944
28868
100000
707
100000
41456
2387
100000
436
9662
100000
1126
100000
100000
390
100000
801
1509
100000
100000
100000
100000
100000
293
100000
1245
100000
100000
100000
9988
100000
100000
2889
966
100000
100000
100000
100000
100000
2638
100000
575
100000
908
100000
100000
100000
100000
100000
100000
906
100000
2251
866
100000
100000
19348
2330
961
506
1276
100000
100000
1957
100000
100000
100000
300
4090
100000
100000
100000
983
100000
1694
100000
816
100000
100000
100000
100000
582
613
8569
204
252
100000
100000
100000
337
100000
100000
100000
1292
100000
100000
100000
11204
100000
1583
416
100000
100000
604
100000
100000
100000
241
113
2189
100000
100000
2278
702
551
100000
192
100000
100000
409
119
1847
366
100000
1650
766
100000
100000
100000
100000
100000
100000
736
100000
729
520
629
100000
100000
100000
1692
2242
545
1366
13167
2644
153
100000
535
100000
100000
100000
100000
2233
100000
100000
100000
100000
1858
2612
946
2888
735
522
5866
1
100000
11464
887
100000
154
100000
100000
100000
100000
454
100000
100000
100000
100000
100000
100000
100000
552
100000
3670
100000
100000
688
100000
3680
100000
100000
100000
100000
100000
100000
100000
1303
100000
100000
1209
413
100000
100000
356
100000
2108
100000
100000
2307
100000
100000
100000
100000
5223
942
294
1216
3217
950
1673
100000
100000
100000
100000
100000
100000
100000
100000
100000
100000
100000
100000
785
100000
10108
3713
100000
506
100000
100000
100000
634
100000
100000
100000
100000
100000
100000
100000
100000
100000
180
100000
100000
2833
766
100000
8689
100000
100000
17515
2176
3742
2856
100000
461
100000
100000
100000
100000
100000
100000
756
3888
100000
163
100000
8673
1152
100000
352
100000
100000
100000
10733
100000
100000
571
2646
100000
100000
100000
1287
100000
325
100000
3649
418
164
100000
962
2105
100000
7186
100000
973
100000
100000
2222
11474
19770
100000
1031
100000
1161
100000
108
3539
3613
100000
100000
100000
1802
100000
666
100000
100000
100000
100000
100000
100000
100000
115
100000
474
1027
2079
967
100000
100000
100000
41362
100000
932
494
100000
100000
1267
100000
100000
100000
100000
100000
100000
100000
100000
100000
2563
1214
1156
100000
910
100000
628
920
11066
334
852
462
100000
100000
1132
1964
100000
1840
100000
100000
100000
1330
715
100000
159
100000
100000
4826
611
651
611
100000
1167
100000
100000
100000
100000
100000
100000
100000
100000
552
22310
100000
2255
100000
100000
2400
100000
100000
639
100000
12479
365
100000
1030
100000
100000
2827
10487
51
100000
483
100000
100000
100000
7216
100000
587
426
8955
2472
100000
100000
518
1911
814
100000
100000
100000
100000
100000
469
100000
263
100000
286
1600
100000
100000
808
11614
100000
737
100000
1263
1892
2180
100000
1641
100000
100000
324
100000
100000
100000
100000
100000
2559
853
100000
100000
188
1418
1492
100000
6922
585
100000
100000
464
6310
11674
100000
100000
100000
100000
100000
1213
100000
100000
13752
100000
100000
100000
100000
100000
1690
100000
756
761
100000
1432
9328
100000
100000
12143
100000
100000
100000
100000
100000
268
100000
100000
100000
520
100000
1980
139
100000
100000
100000
540
100000
2835
10890
925
100000
100000
856
100000
100000
100000
261
100000
100000
1292
100000
100000
100000
100000
732
1694
100000
2556
831
100000
454
100000
38039
620
617
782
100000
79
602
100
100000
100000
479
100000
978
100000
417
964
548
920
100000
100000
100000
378
100000
3391
1668
100000
100000
1926
100000
100000
100000
869
100000
100000
107
100000
100000
544
100000
100000
3293
850
610
614
6292
100000
100000
539
5114
100000
4168
100000
2094
1149
535
100000
100000
100000
2445
100000
100000
1374
6386
100000
100000
472
100
109
100000
2480
100000
2976
100000
546
100000
100000
360
100000
396
100000
496
857
100000
231
100000
168
100000
458
1547
100000
100000
100000
719
100000
909
515
1209
1187
778
100000
11350
100000
100000
100000
3940
749
100000
100000
632
42516
100000
1840
100000
100000
100000
100000
443
100000
100000
100000
1328
100000
444
100000
100000
482
100000
100000
1545
100000
322
100000
3886
312
100000
100000
2109
6699
100000
1548
100000
100000
11209
100000
100000
342
20331
100000
100000
895
457
8384
760
100000
5140
100000
100000
100000
100000
2210
100000
100000
1603
974
1392
542
100000
100000
532
100000
1799
10166
1
100000
100000
1565
100000
455
100000
100000
100000
877
100000
824
100000
100000
6469
8474
486
100000
793
100000
100000
100000
100000
100000
19236
1640
3763
100000
1670
3118
339
100000
100000
100000
100000
2188
100000
763
100000
476
100000
100000
1406
100000
100000
437
100000
5642
100000
100000
711
100000
100000
512
100000
100000
100000
7963
100000
100000
1569
100000
2634
100000
769
1786
955
104
100000
261
100000
1424
8502
506
100000
100000
886
774
100000
6426
32081
1212
772
9154
27630
100000
4850
100000
751
1132
808
34
628
5705
2244
100000
100000
938
380
5283
1181
100000
100000
100000
100000
100000
100000
100000
100000
645
475
100000
548
1087
380
1648
2257
2506
261
659
11689
2070
100000
100000
488
100000
100000
1432
548
100000
1689
314
100000
100000
602
100000
100000
100000
100000
6522
2944
2595
658
6776
394
100000
100000
100000
2013
100000
100000
100000
100000
345
100000
598
386
100000
100000
28439
726
1143
100000
100000
41972
100000
100000
7497
634
340
100000
100000
774
787
123
100000
100000
3764
1096
1624
100000
1
642
592
100000
472
3393
4547
100000
100000
467
1698
100000
100000
1756
762
100000
100000
100000
4420
100000
163
100000
100000
100000
1216
100000
100000
100000
1253
826
100000
100000
388
1833
100000
100000
100000
6220
100000
100000
6141
100000
315
1808
100000
1172
100000
2138
275
1065
551
308
100000
100000
100000
3671
100000
100000
1005
279
995
8795
100000
1196
100000
100000
100000
47942
100000
100000
698
100000
6614
271
17901
100000
603
100000
100000
1948
222
7337
1038
100000
100000
100000
100000
100000
100000
100000
100000
1013
537
2099
5874
100000
100000
764
100000
327
368
2625
100000
9788
1114
100000
6204
698
233
100000
12442
10029
663
100000
597
100000
2708
100000
100000
100000
100000
100000
100000
739
100000
975
1497
317
100000
512
100000
100000
314
100000
100000
796
1326
100000
8283
1507
1187
2380
100000
100000
10263
100000
100000
5245
100000
100000
100000
100000
100000
100000
388
100000
100000
100000
100000
309
100000
3608
100000
100000
1455
100000
575
619
1198
100000
2381
13839
100000
220
25157
604
100000
3595
641
682
100000
100000
100000
88
622
593
100000
100000
100000
100000
100000
100000
1337
100000
726
1095
100000
100000
22393
100000
261
1008
816
2616
100000
100000
100000
767
100000
100000
100000
2577
1615
627
100000
100000
50002
100000
900
1080
100000
1044
1228
76
2183
385
100000
10683
3756
2239
45406
100000
1409
7132
676
100000
792
100000
100000
168
2068
100000
100000
36002
100000
100000
449
1228
100000
100000
911
100000
100000
375
100000
100000
100000
428
810
600
2367
776
697
448
100000
100000
100000
100000
100000
1679
1704
100000
1254
13989
741
1966
588
100000
731
100000
100000
100000
814
100000
100000
333
34733
967
100000
100000
1953
1921
100000
100000
614
1242
100000
10444
100000
9026
516
100000
684
17444
100000
167
100000
12081
388
1381
673
1861
100000
1711
902
664
1104
1033
491
331
1370
100000
100000
100000
248
100000
100000
950
100000
524
100000
2047
446
4449
100000
735
1002
100000
100000
100000
100000
5596
100000
2521
100000
100000
603
908
271
100000
100000
760
100000
1600
100000
746
729
100000
100000
639
100000
100000
778
100000
110
100000
100000
450
675
100000
1073
100000
100000
7694
100000
607
1279
10943
100000
892
2249
100000
100000
5593
100000
100000
1198
4669
19633
100000
100000
1144
100000
100000
455
26714
1104
886
100000
364
100000
100000
100000
745
1759
100000
100000
1720
100000
100000
1021
692
646
2820
100000
686
100000
100000
100000
100000
988
17436
100000
100000
100000
100000
343
355
100000
1218
100000
100000
2181
109
447
100000
4511
100000
100000
100000
362
5698
992
100000
878
6401
100000
100000
611
100000
100000
100000
100000
100000
100000
100000
6746
960
100000
100000
2090
100000
100000
2121
750
1090
9189
100000
1074
1204
7411
558
100000
1954
867
100000
100000
1258
100000
100000
100000
1763
1141
1197
100000
1190
707
872
1268
100000
100000
100000
701
100000
2395
538
2486
15930
2153
100000
623
179
375
544
353
100000
1277
846
2126
6807
100000
100000
100000
926
4983
816
100000
7887
100000
100000
2665
205
459
1155
1169
100000
100000
8501
1861
9637
100000
100000
1570
100000
100000
100000
100000
1346
100000
4879
6526
100000
100000
453
100000
100000
1339
100000
100000
100000
2391
1290
100000
100000
100000
100000
100000
269
100000
1121
471
100000
100000
2294
960
100000
100000
857
878
100000
487
739
290
4099
100000
100000
2243
126
100000
100000
100000
100000
100000
100000
100000
100000
100000
1157
100000
2192
921
100000
100000
672
735
1162
585
473
100000
812
100000
100000
641
100000
8884
100000
100000
100000
100000
100000
100000
100000
5633
100000
113
100000
1169
214
1065
394
1012
282
100000
100000
100000
260
100000
100000
1953
2227
717
746
2027
100000
100000
1911
1298
897
642
1022
100000
4100
221
100000
100000
100000
100000
1093
100000
1177
100000
100000
790
100000
100000
100000
100000
2656
100000
468
100000
100000
100000
280
100000
90
5338
100000
1464
100000
1034
100000
666
100000
566
100000
100000
5088
100000
390
100000
100000
100000
595
100000
592
100000
100000
429
764
802
2015
100000
761
100000
315
100000
100000
100000
692
1269
4955
100000
100000
100000
100000
1348
632
100000
100000
1919
100000
100000
100000
100000
8973
100000
100000
869
100000
971
12549
100000
836
100000
345
1451
2098
100000
4746
100000
336
1927
100000
100000
100000
100000
100000
100000
1732
100000
8240
100000
542
580
446
439
100000
100000
100000
266
100000
379
100000
934
100000
829
100000
100000
100000
723
100000
100000
100000
100000
2027
1058
4609
843
100000
6405
100000
344
94
100000
100000
887
100000
875
509
1087
100000
100000
1300
1317
100000
490
645
1478
100000
100000
100000
100000
947
10945
981
706
100000
12574
100000
100000
100000
100000
191
100000
996
100000
1574
1286
91
100000
100000
100000
1130
100000
388
100000
100000
100000
497
100000
100000
100000
100000
1712
100000
670
16227
100000
100000
100000
100000
100000
1949
352
100000
100000
5010
1332
100000
100000
100000
100000
100000
100000
100000
402
100000
5791
916
17764
100000
100000
100000
100000
100000
100000
1326
100000
43
100000
100000
191
100000
288
100000
976
3138
378
47606
3422
100000
100000
100000
100000
100000
41
100000
100000
100000
100000
1735
118
4082
100000
100000
825
174
1234
100000
100000
1185
4361
388
684
909
673
100000
456
100000
100000
808
2897
167
100000
1520
100000
251
100000
100000
7467
516
11088
100000
100000
100000
100000
3068
909
391
221
100000
100000
100000
5938
1942
5236
875
2294
100000
406
837
1084
100000
100000
100000
790
100000
100000
100000
15024
100000
1251
1525
100000
6774
122
100000
2865
2615
100000
1216
100000
758
1520
100000
100000
100000
100000
305
100000
1234
100000
2850
2330
1454
100000
677
100000
2793
100000
6774
965
826
477
17683
100000
100000
100000
100000
2095
956
849
4591
468
100000
100000
100000
839
100000
100000
1084
100000
100000
439
518
664
100000
100000
699
100000
2356
100000
100000
100000
591
713
1213
483
100000
100000
100000
873
100000
100000
100000
8618
100000
1186
2710
100000
1377
2130
100000
100000
1072
993
100000
2368
1030
467
3400
100000
1692
583
100000
523
12516
100000
100000
100000
233
29059
2271
2002
100000
100000
100000
100000
100000
100000
345
100000
100000
579
449
100000
1797
2341
100000
844
1280
100000
100000
100000
702
357
100000
8935
100000
100000
611
100000
989
100000
100000
458
100000
571
100000
1857
100000
6319
1801
100000
4748
1453
100000
3346
100000
100000
5649
100000
100000
100000
524
528
100000
100000
100000
1154
100000
100000
100000
252
232
100000
100000
100000
100000
100000
1099
300
100000
2902
100000
100000
944
100000
689
777
100000
100000
100000
100000
100000
100000
100000
554
634
1748
100000
100000
32483
100000
1049
309
100000
100000
100000
100000
2056
100000
100000
100000
100000
4599
1191
100000
100000
100000
100000
100000
100000
23422
1989
82
1083
137
231
100000
100000
100000
100000
100000
2175
43
100000
100000
852
100000
100000
3275
584
1077
100000
100000
100000
103
100000
10344
931
100000
511
100000
100000
100000
100000
316
498
3348
1321
849
5732
62
442
100000
100000
1323
100000
100000
100000
100000
100000
100000
100000
100000
100000
100000
738
1787
100000
1291
100000
1921
100000
7352
100000
100000
100000
100000
100000
552
443
1366
15166
100000
100000
100000
100000
3121
1534
3580
6093
100000
100000
100000
2996
100000
100000
100000
100000
750
1495
100000
479
2719
100000
439
570
155
100000
100000
728
425
19618
1138
2791
710
100000
100000
2144
2127
324
2415
796
863
100000
100000
339
431
19294
100000
100000
100000
100000
100000
2294
100000
100000
8473
912
761
100000
100000
510
20194
100000
8413
816
666
1168
2470
1301
100000
100000
2066
100000
3518
1872
100000
100000
2171
100000
1225
2099
5079
100000
719
495
271
100000
1163
100000
666
100000
100000
100000
5268
100000
5889
6110
764
347
100000
3052
100000
1124
737
100000
701
100000
100000
100000
8188
100000
4400
346
4462
301
571
100000
608
100000
100000
1284
100000
100000
100000
100000
7136
100000
100000
100000
100000
515
1598
431
100000
1180
100000
100000
720
570
100000
100000
100000
100000
100000
100000
100000
100000
100000
100000
1662
2023
100000
420
100000
100000
520
151
1016
100000
100000
1197
100000
3059
2080
641
3172
1173
100000
3583
100000
491
406
1284
100000
373
100000
2047
302
100000
100000
100000
100000
2622
100000
2112
100000
100000
100000
100000
1052
100000
934
736
990
100000
100000
8274
100000
531
8890
100000
2092
100000
100000
960
100000
100000
1161
300
1292
1478
100000
100000
100000
100000
336
100000
100000
100000
100000
100000
100000
100000
7973
399
100000
279
100000
1419
515
100000
1423
304
100000
100000
100000
7926
100000
100000
100000
100000
831
2834
100000
100000
1439
1086
100000
100000
401
2682
100000
100000
100000
100000
373
100000
100000
1873
100000
773
100000
100000
100000
100000
749
100000
100000
100000
100000
100000
100000
2569
100000
350
100000
100000
894
100000
100000
100000
100000
100000
862
385
100000
100000
3282
100000
1433
100000
100000
2326
614
100000
100000
100000
8512
369
503
1324
10871
5001
903
735
100000
5870
100000
600
697
100000
922
15427
100000
705
100000
100000
367
718
100000
1086
8690
786
100000
893
881
100000
100000
100000
968
100000
100000
100000
769
734
117
3716
100000
100000
907
7201
193
1044
1452
165
100000
251
144
1219
100000
1478
2063
10247
14052
100000
100000
11367
100000
520
100000
100000
100000
100000
979
829
100000
347
1023
3827
100000
2269
100000
2677
100000
100000
100000
2676
2573
10806
100000
100000
8915
100000
2049
1114
100000
100000
2300
100000
8714
692
100000
100000
100000
94
684
100000
100000
100000
1478
100000
376
100000
1450
517
100000
337
1204
100000
8179
100000
9957
881
100000
1466
774
100000
100000
100000
1421
1338
100000
759
100000
100000
100000
100000
895
1503
1097
556
100000
475
100000
969
609
223
100000
100000
629
9490
915
100000
100000
1644
330
100000
2225
100000
207
2135
3005
678
100000
1732
69
12260
560
338
100000
100000
898
100000
100000
100000
645
11562
100000
516
971
100000
501
100000
929
100000
538
12846
100000
100000
100000
100000
100000
100000
100000
638
743
363
686
100000
1757
100000
100000
100000
1438
100000
669
100000
616
7327
917
580
100000
100000
5275
325
1359
2460
100000
100000
5167
8780
100000
1044
568
381
100000
238
503
795
1269
100000
6510
6593
100000
10635
1266
1316
514
100000
100000
1829
100000
1621
100000
857
329
886
100000
100000
6
339
100000
100000
216
100000
235
482
579
679
100000
100000
100000
5606
100000
100000
100000
100000
1902
8905
19436
958
100000
802
129
100000
1700
1077
100000
1305
239
205
2840
2262
715
100000
100000
100000
100000
100000
347
100000
100000
152
100000
773
100000
400
100000
16993
100000
100000
100000
100000
8436
100000
100000
1805
100000
100000
100000
3671
1267
1841
959
13400
100000
100000
452
356
100000
100000
100000
7166
100000
418
1060
1133
100000
1555
100000
100000
100000
793
116
2573
2514
100000
3681
100000
100000
746
100000
100000
509
100000
125
1702
1289
2183
100000
1471
857
100000
100000
100000
100000
1586
100000
100000
2424
100000
447
825
100000
1247
1583
37603
3239
628
100000
100000
100000
100000
855
737
492
100000
100000
276
20276
1046
100000
67
5612
595
587
805
100000
100000
792
2373
557
100000
100000
987
1291
100000
100000
1179
734
953
10860
100000
100000
100000
100000
1051
809
268
402
468
3710
45722
466
1381
100000
100000
100000
100000
100000
100000
100000
100000
2959
2734
8255
100000
100000
22639
1040
147
5782
478
100000
100000
100000
6667
614
100000
100000
1247
1821
656
100000
2130
100000
304
100000
898
100000
759
1631
100000
1131
804
388
100000
563
323
1039
100000
100000
1297
100000
266
100000
100000
12451
580
1840
1563
2260
100000
214
100000
100000
1679
100000
100000
100000
100000
100000
860
7614
100000
31617
1342
100000
100000
100000
572
100000
1904
100000
100000
100000
100000
100000
100000
1758
100000
100000
697
6487
100000
100000
100000
2696
100000
971
100000
15
100000
100000
1955
100000
3825
100000
100000
100000
1059
383
100000
2169
100000
100000
100000
402
100000
1524
2701
100000
100000
1391
100000
100000
259
100000
100000
100000
100000
542
248
100000
100000
585
7411
100000
7512
925
100000
100000
100000
88
992
100000
943
890
100000
100000
100000
1202
1487
1360
100000
1352
582
344
100000
100000
4215
113
1913
863
526
759
704
3722
286
100000
100000
100000
5617
640
100000
100000
100000
100000
100000
362
34483
100000
1665
181
100000
843
100000
100000
100000
100000
807
1454
100000
100000
1317
1895
63
5622
1447
1249
100000
100000
100000
786
4737
100000
100000
1405
720
650
100000
505
100000
100000
100000
100000
2146
18872
857
100000
100000
1049
19638
5081
982
487
426
701
100000
100000
898
100000
100000
100000
2036
1283
820
229
385
100000
13646
100000
1304
377
424
135
100000
100000
430
100000
100000
100000
4370
100000
1922
963
100000
100000
100000
512
100000
8945
100000
89
100000
1280
1279
436
100000
65
633
100000
100000
100000
602
100000
100000
917
4879
100000
100000
805
4661
100000
422
477
100000
100000
1784
52
7052
100000
100000
443
100000
100000
835
2805
100000
873
100000
438
100000
100000
100000
100000
100000
100000
100000
100000
100000
1042
5012
100000
236
1186
1259
100000
3761
836
100000
100000
900
100000
1122
488
3243
100000
519
414
751
100000
146
100000
100000
12111
100000
7999
100000
1965
207
966
621
100000
100000
771
2332
100000
1308
100000
100000
6847
8045
100000
100000
445
269
100000
100000
651
182
118
100000
634
100000
100000
572
100000
100000
100000
384
165
100000
6958
100000
100000
504
100000
607
100000
893
1030
686
37
1959
100000
553
634
1600
340
2176
100000
129
1577
100000
100000
100000
411
432
9219
737
2055
100000
483
608
100000
1974
100000
100000
172
450
100000
2072
100000
506
100000
2426
828
100000
100000
100000
296
100000
100000
100000
503
100000
1521
584
681
1241
100000
193
1368
571
100000
2740
6966
108
100000
2182
1295
100000
740
100000
100000
100000
100000
758
100000
100000
100000
100000
100000
100000
100000
100000
832
449
596
568
100000
100000
516
1395
100000
100000
100000
100000
7509
100000
100000
959
100000
812
333
1091
100000
100000
3298
100000
807
100000
913
586
1271
5664
100000
1829
32
100000
100000
100000
583
100000
100000
100000
100000
100000
100000
100000
100000
100000
2919
636
100000
1182
123
1518
100000
100000
390
1092
926
100000
100000
100000
831
827
608
100000
743
100000
100000
682
100000
87
640
100000
1019
725
100000
179
100000
602
8737
1866
136
7346
100000
100000
6017
100000
100000
100000
100000
151
100000
878
100000
100000
375
509
100000
1553
100000
100000
100000
5713
100000
100000
929
100000
617
945
804
100000
1338
100000
100000
100000
100000
589
8802
100000
5882
7654
100000
100000
100000
100000
902
100000
2321
2854
127
8699
100000
155
100000
100000
100000
100000
513
2270
100000
100000
2242
450
924
2976
296
100000
556
100000
896
100000
1156
100000
1929
100000
100000
100000
344
359
100000
25
403
307
100000
100000
1906
341
535
100000
100000
709
7712
100000
8953
538
100000
100000
100000
362
845
100000
485
852
18700
966
100000
100000
1962
100000
2588
650
345
100000
100000
1019
100000
100000
1811
100000
100000
5377
100000
67
100000
100000
5133
100000
1117
100000
106
5280
100000
100000
100000
152
100000
100000
939
733
100000
100000
1310
4559
533
6856
850
1044
100000
964
100000
1090
3141
100000
174
259
100000
569
100000
313
100000
476
287
1280
6307
4071
428
100000
1207
100000
100000
100000
100000
705
100000
100000
407
756
9344
100000
100000
547
5867
1264
349
1105
100000
630
100000
592
2651
265
8426
100000
100000
100000
768
1396
100000
3107
515
2853
141
100000
286
100000
142
100000
10781
215
100000
5974
100000
1709
617
9056
100000
583
2609
100000
114
100000
4768
100000
439
100000
100000
100000
751
3535
3556
840
100000
372
100000
100000
9210
780
536
100000
100000
1444
100000
100000
100000
395
100000
970
463
242
697
289
1009
100000
164
1050
100000
585
100000
3910
515
1414
902
100000
16626
166
100000
852
992
100000
401
16247
100000
100000
100000
1181
100000
100000
100000
100000
944
100000
35099
429
100000
100000
1417
334
100000
796
364
100000
100000
100000
100000
100000
100000
1654
100000
874
100000
413
100000
17020
1968
100000
768
489
410
100000
100000
100000
100000
100000
486
100000
678
500
564
100000
435
100000
790
100000
100000
507
100000
1996
304
8847
716
100000
158
3338
100000
1689
1452
100000
100000
100000
100000
7440
100000
1702
100000
100000
100000
1536
703
100000
3922
100000
1410
2008
581
2561
334
100000
100000
448
100000
100000
100000
100000
1312
1999
844
100000
100000
1029
100000
100000
100000
100000
3113
100000
11665
100000
9376
100000
100000
157
100000
100000
6410
100000
100000
100000
100000
100000
100000
100000
100000
100000
100000
1078
100000
100000
1990
100000
736
474
580
403
1743
100000
100000
1267
100000
100000
1063
4968
100000
1216
2295
100000
100000
100000
100000
100000
100000
100000
661
100000
100000
100000
739
100000
100000
10903
838
781
100000
1117
100000
643
2998
100000
243
100000
1159
1836
100000
288
100000
100000
1003
1705
100000
770
100000
100000
100000
1296
1467
1779
100000
2020
100000
660
100000
167
1933
256
344
100000
100000
100000
100000
100000
404
659
8020
627
100000
892
100000
1214
100000
100000
4112
1444
100000
100000
100000
3545
563
100000
482
724
100000
100000
100000
100000
8711
2018
5929
345
100000
834
100000
100000
100000
1110
654
1959
549
919
100000
100000
100000
119
100000
100000
2623
1222
1289
717
731
100000
353
1401
100000
100000
100000
307
100000
1018
2569
100000
100000
1679
10861
1321
1927
691
448
259
100000
283
624
100000
100000
100000
525
100000
100000
977
433
100000
100000
100000
2519
100000
156
100000
2950
100000
100000
100000
100000
100000
3980
100000
100000
1349
345
1660
410
2525
406
41
126
1461
562
16536
100000
100000
2486
100000
276
1588
100000
100000
273
274
100000
100000
2200
727
616
940
855
1033
4114
537
649
100000
100000
100000
100000
100000
100000
1082
100000
554
100000
866
100000
100000
100000
411
624
377
809
1888
507
100000
100000
100000
616
100000
2708
100000
100000
100000
100000
100000
100000
100000
100000
1018
100000
2893
100000
10886
100000
100000
1137
820
100000
282
489
404
100000
604
795
1113
536
100000
6700
782
516
645
143
1368
113
100000
2636
100000
100000
7652
837
1438
167
171
100000
100000
100000
381
100000
100000
351
100000
100000
100000
1546
100000
1631
100000
100000
100000
324
100000
100000
100000
100000
1822
100000
635
100000
100000
100000
307
286
868
985
100000
100000
100000
100000
100000
100000
674
100000
358
100000
100000
100000
100000
100000
6417
100000
100000
100000
100000
100000
1069
703
515
100000
100000
100000
100000
100000
290
2710
1444
100000
100000
100000
882
923
100000
8508
100000
42266
100000
100000
100000
514
422
100000
100000
100000
100000
100000
100000
100000
100000
1503
828
100000
100000
100000
469
100000
100000
747
100000
1795
100000
1427
817
100000
100000
100000
2010
791
100000
100000
750
100000
100000
1382
100000
1005
1059
1086
100000
100000
100000
693
7280
2253
100000
1204
1384
100000
1073
22
100000
760
2603
100000
1825
774
100000
615
100000
100000
4474
5512
100000
100000
100000
2782
100000
100000
1089
1011
100000
3252
2230
50235
100000
100000
399
100000
381
100000
100000
6761
100000
100000
100000
100000
100000
1444
100000
100000
100000
856
100000
100000
1555
100000
100000
100000
623
100000
1187
100000
3817
100000
100000
100000
251
100000
215
1150
100000
100000
838
288
1488
191
100000
100000
100000
100000
100000
2108
1318
1587
707
2636
100000
100000
100000
1697
100000
100000
108
2044
100000
1922
100000
1366
100000
100000
327
3383
100000
291
100000
180
501
267
1246
100000
100000
100000
789
100000
100000
1230
760
1363
1405
100000
450
100000
100000
100000
100000
155
100000
3857
572
100000
100000
100000
100000
100000
100000
6326
658
100000
100000
809
403
5889
100000
100000
798
100000
100000
252
1794
1115
667
100000
3245
721
1781
992
1096
100000
100000
100000
517
100000
100000
100000
262
100000
100000
100000
100000
203
14815
8609
328
100000
100000
100000
832
100000
100000
100000
100000
6739
692
2022
100000
2734
100000
1656
495
471
1067
463
67
100000
100000
12389
1125
100000
100000
100000
1763
100000
124
1841
1020
100000
1171
100000
100000
100000
100000
100000
100000
3501
3823
100000
100
100000
100000
100000
100000
844
11024
100000
100000
3452
8423
1494
902
143
100000
100000
1483
8944
637
100000
100000
100000
410
903
2416
1224
283
2096
100000
61
100000
100000
100000
100000
100000
100000
100000
100000
100000
210
19558
100000
416
100000
188
100000
100000
24002
100000
3130
100000
361
3903
942
573
880
100000
100000
67
100000
100000
100000
100000
230
100000
1114
751
100000
100000
100000
571
570
100000
100000
487
1702
100000
3630
100000
1097
699
100000
249
100000
2184
1362
657
298
100000
277
4879
664
470
244
486
100000
100000
100000
100000
2673
100000
2196
6195
100000
1083
1348
100000
100000
100000
1035
100000
100000
1196
100000
412
487
100000
1045
100000
100000
100000
1076
100000
100000
100000
100000
432
16850
100000
264
262
1917
100000
100000
2264
1576
100000
1101
993
845
5564
414
100000
6736
100000
1841
398
100000
100000
1813
100000
956
100000
725
100000
1910
3724
100000
100000
100000
3996
100000
100000
100000
782
100000
3343
493
100000
100000
830
100000
333
535
100000
1308
100000
100000
100000
100000
6376
804
100000
100000
100000
2177
765
9883
2252
355
100000
100000
100000
630
100000
100000
100000
623
231
333
659
100000
389
100000
100000
8072
162
100000
100000
430
100000
1192
1014
100000
18912
10641
100000
265
2060
1628
512
100000
3372
335
320
100000
100000
9135
100000
100000
100000
9055
100000
767
100000
100000
100000
4981
353
100000
100000
100000
100000
116
100000
100000
100000
100000
1038
2551
100000
544
725
2305
567
1281
100000
445
6020
100000
100000
100000
100000
311
100000
1042
100000
100000
100000
100000
100000
100000
241
100000
91
100000
100000
627
100000
4840
100000
1732
662
10684
100000
588
100000
76
611
231
100000
100000
100000
1167
100000
578
100000
1002
100000
100000
100000
100000
100000
100000
13251
100000
553
2281
4997
1111
1034
100000
100000
1801
1245
100000
86
100000
100000
100000
100000
100000
100000
462
100000
961
100000
100000
744
100000
100000
100000
1645
100000
100000
100000
100000
1093
17908
893
573
100000
100000
100000
5049
100000
100000
510
163
100000
742
100000
100000
717
2035
737
340
100000
100000
100000
100000
893
100000
570
100000
4824
72
100000
100000
100000
100000
100000
100000
682
2016
994
100000
100000
284
2205
100000
3920
216
114
100000
993
944
100000
100000
100000
100000
885
3784
100000
584
427
993
100000
946
1739
100000
100000
393
543
100000
58
100000
100000
305
100000
926
11617
100000
100000
4233
664
100000
100000
100000
233
100000
100000
100000
1863
1832
100000
994
1746
100000
100000
100000
100000
100000
100000
901
634
100000
100000
100000
100000
100000
100000
270
100000
100000
3483
100000
100000
100000
100000
1070
624
100000
100000
598
100000
7605
7982
100000
100000
715
100000
100000
1033
2237
852
100000
3067
555
316
467
100000
100000
605
100000
320
100000
100000
1812
385
391
1228
100000
251
100000
100000
25242
100000
100000
100000
954
867
100000
100000
1292
536
100000
100000
1510
100000
1514
874
100000
1807
1254
100000
1670
584
100000
821
100000
1421
100000
832
100000
100000
606
506
100000
747
444
100000
536
100000
475
3578
100000
750
374
347
100000
100000
126
100000
650
100000
99
100000
702
4908
100000
1112
429
409
1496
100000
633
7897
100000
2585
2408
100000
100000
100000
3951
3330
678
100000
233
100000
100000
100000
410
100000
100000
2355
538
656
177
601
1926
2330
506
366
100000
100000
100000
100000
100000
100000
1046
2817
733
100000
271
1567
100000
549
528
100000
755
11300
100000
4490
1474
100000
549
100000
730
100000
100000
25415
100000
100000
100000
654
100000
49433
597
664
328
100000
100000
1218
100000
100000
100000
45652
100000
205
792
100000
100000
631
940
100000
4928
369
2784
100000
1964
100000
988
1474
2766
575
100000
100000
210
2916
528
100000
100000
100000
725
100000
100000
243
100000
5824
310
2759
100000
933
100000
1
1044
334
100000
2231
100000
422
429
100000
100000
1338
100000
712
4477
1561
100000
100000
100000
100000
2784
100000
100000
271
100000
100000
100000
81
6525
100000
100000
1059
712
100000
100000
100000
100000
100000
100000
1172
100000
150
849
1245
100000
103
776
413
100000
100000
100000
988
491
100000
100000
221
100000
100000
258
100000
100000
100000
100000
317
100000
100000
100000
1495
100000
100000
100000
112
3212
5509
1945
541
100000
1364
100000
100000
100000
771
90
178
100000
783
347
100000
100000
100000
100000
100000
100000
100000
100000
100000
100000
388
1545
100000
5141
806
100000
100000
306
100000
100000
100000
223
478
100000
100000
837
100000
760
100000
461
483
100000
591
5289
53
100000
100000
1270
887
100000
100000
887
1097
494
100000
100000
1679
2346
971
100000
878
624
575
1165
3528
100000
2277
892
6517
3935
100000
100000
100000
100000
100000
100000
1228
400
100000
100000
435
100000
100000
100000
100000
100000
741
100000
100000
100000
467
100000
168
997
553
100000
100000
100000
850
360
100000
100000
383
100000
100000
413
100000
100000
100000
236
529
1181
100000
637
1016
12831
955
100000
100000
100000
100000
774
100000
7652
100000
100000
520
100000
100000
736
100000
980
100000
1884
100000
100000
93
320
982
373
1533
2241
100000
994
2239
14187
614
100000
96
100000
7415
100000
100000
951
1118
562
100000
100000
1218
323
429
2509
100000
100000
100000
100000
2909
324
100000
100000
100000
100000
100000
12240
100000
221
100000
228
1009
100000
323
100000
100000
100000
1061
1129
100000
100000
5417
578
100000
100000
100000
1814
19310
12006
351
100000
775
321
100000
100000
4196
407
100000
100000
100000
100000
1100
569
139
100000
744
636
100000
928
100000
1031
826
1687
100000
100000
100000
640
100000
100000
100000
363
100000
1922
100000
479
100000
275
637
100000
1027
378
384
1099
706
100000
100000
226
278
443
426
100000
821
4340
100000
1149
100000
1105
456
100000
25603
537
1923
100000
722
649
100000
100000
100000
634
102
100000
908
100000
448
100000
431
100000
100000
100000
100000
100000
580
247
100000
100000
7131
1279
100000
1119
100000
56
476
1158
5740
100000
531
605
100000
100000
1022
100000
100000
1074
646
540
100000
100000
4280
100000
405
1160
100000
829
735
100000
100000
100000
100000
100000
923
1692
100000
100000
2157
5110
100000
1673
100000
1320
697
100
100000
2550
100000
100000
100000
100000
100000
100000
303
100000
247
100000
1219
283
206
100000
100000
100000
100000
100000
433
7992
100000
100000
227
1450
2661
2980
2044
1071
100000
334
11911
1821
459
100000
100000
100000
1410
100000
774
866
900
100000
100000
100000
5876
4912
100000
15929
1271
694
100000
100000
1565
100000
100000
2005
100000
100000
1018
100000
280
100000
250
100000
100000
55043
1234
220
100000
100000
100000
100000
2193
1865
137
127
3109
100000
8453
100000
100000
119
245
96
100000
100000
100000
100000
100000
100000
345
100000
100000
100000
2542
100000
100000
100000
750
4649
100000
100000
100000
100000
1445
100000
100000
4797
100000
8007
100000
1824
6781
100000
635
100000
100000
1748
100000
683
1166
169
1063
100000
570
100000
100000
1785
100000
3812
100000
374
471
3530
8727
255
100000
100000
654
661
100000
5657
100000
5047
753
100000
100000
100000
100000
516
100000
100000
828
100000
2221
100000
100000
88
100000
100000
125
187
100000
1069
259
100000
100000
1027
100000
7606
1277
100000
100000
407
7675
164
2297
5440
600
1316
205
948
100000
2216
1258
629
116
100000
100000
1034
100000
100000
100000
100000
100000
406
100000
1578
100000
421
100000
1184
385
100000
100000
100000
373
100000
100000
424
100000
100000
11178
1974
7390
1035
100000
1126
1537
386
100000
613
100000
100000
837
1189
1185
100000
100000
32918
100000
100000
100000
465
5820
100000
100000
443
798
100000
926
100000
13126
1095
836
100000
55
100000
360
163
79
1265
5104
429
100000
1253
34
930
2370
446
100000
100000
100000
100000
100000
100000
435
100000
3629
100000
386
462
749
12307
341
100000
254
100000
100000
100000
764
100000
100000
2664
100000
100000
100000
7085
72
57
100000
100000
100000
2660
100000
296
3296
519
100000
925
234
388
100000
559
100000
100000
888
7948
100000
678
100000
472
219
284
211
100000
100000
439
100000
7765
100000
100000
100000
2742
100000
455
752
100000
68
100000
100000
742
100000
100000
100000
1512
1638
100000
3481
2363
100000
100000
445
100000
861
6877
100000
2223
100000
100000
229
100000
825
100000
100000
1618
137
514
143
100000
793
6794
100000
100000
8409
100000
100000
339
100000
127
505
100000
100000
1313
100000
554
100000
34712
100000
100000
858
100000
100000
100000
5200
100000
100000
836
100000
1494
707
100000
612
887
100000
100000
100000
31587
100000
100000
100000
100000
100000
100000
100000
100000
15974
1617
841
1892
100000
909
723
878
100000
100000
100000
1950
330
100000
100000
477
2475
242
100000
1003
3206
100000
873
1838
2789
100000
51
100000
644
100000
100000
582
511
100000
100000
307
100000
664
624
100000
1245
425
931
100000
267
100000
100000
6348
100000
46
100000
5760
100000
100000
2940
383
817
9775
100000
3251
328
100000
261
4826
100000
4044
100000
100000
100000
456
100000
1127
100000
2186
100000
100000
561
100000
100000
100000
627
100000
100000
83
295
2884
1379
433
365
100000
100000
1156
100000
4181
820
100000
100000
100000
1025
855
100000
100000
100000
100000
100000
100000
442
100000
1549
100000
375
393
11262
1614
313
1171
3404
100000
610
100000
100000
450
3635
257
2269
331
100000
839
100000
792
100000
1083
100000
80
100000
100000
100000
100000
100000
435
172
323
100000
838
100000
100000
72
578
100000
1092
326
2460
100000
36892
513
100000
100000
510
1068
342
9076
1835
100000
100000
100000
1401
328
489
2960
2098
100000
100000
197
16951
2296
3420
100000
752
814
100000
12426
9228
2243
1088
7449
3208
100000
100000
100000
100000
100000
100000
100000
100000
100000
1072
610
3966
202
2908
2611
2339
100000
100000
359
1039
1046
3785
100000
100000
100000
100000
100000
100000
839
1653
100000
952
4399
1081
100000
481
100000
100000
2244
100000
2744
1625
100000
984
100000
2736
929
353
100000
100000
3449
100000
1478
1457
1015
6977
100000
100000
819
495
100000
436
100000
100000
100000
446
100000
370
100000
2662
100000
100000
952
100000
100000
100000
2144
100000
548
100000
100000
244
100000
340
100000
1000
100000
100000
2906
795
1663
100000
1089
1887
4592
2257
1514
8725
100000
8149
1195
100000
175
264
100000
560
100000
11567
100000
506
100000
100000
345
26324
2594
100000
100000
2157
100000
299
1519
100000
100000
100000
4313
100000
13725
100000
100000
100000
100000
100000
703
100000
100000
14269
100000
100000
100000
438
100000
100000
100000
911
429
2067
100000
100000
1375
100000
100000
1891
338
100000
100000
100000
100000
100000
782
100000
100000
100000
1083
100000
7055
1592
100000
100000
100000
2360
100000
100000
100000
869
398
1286
853
403
100000
100000
538
314
8533
1932
100000
100000
2340
107
716
100000
100000
100000
100000
100000
100000
402
148
100000
888
100000
8929
100000
535
100000
100000
47
1061
679
100000
100000
100000
433
736
4748
100000
100000
175
258
108
100000
100000
100000
329
100000
100000
100000
100000
110
100000
4504
1634
100000
2348
100000
100000
100000
100000
1057
2263
100000
100000
6912
100000
692
100000
100000
204
642
100000
100000
100000
2533
100000
3099
100000
1141
100000
1204
100000
5845
11277
100000
1271
100000
1826
100000
536
598
100000
100000
100000
100000
100000
579
100000
100000
758
3406
524
100000
100000
100000
100000
100000
1338
100000
714
518
746
100000
100000
340
100000
1248
100000
2877
100000
100000
289
890
546
100000
337
100000
752
100000
491
431
3239
2859
727
7930
100000
1361
100000
100000
100000
100000
16208
100000
100000
815
1460
100000
1947
9435
100000
100000
100000
100000
100000
100000
1078
1025
100000
100000
100000
871
100000
385
100000
270
843
3576
100000
1773
975
100000
100000
876
1157
584
100000
2037
1504
435
245
100000
100000
100000
1914
100000
100000
1512
100000
100000
100000
100000
669
570
774
100000
100000
3546
533
100000
318
355
390
100000
100000
100000
3513
100000
100000
288
100000
152
100000
476
100000
701
1679
2194
1253
48
1064
100000
100000
882
100000
100000
296
172
100000
100000
100000
100000
307
804
570
100000
1556
707
100000
606
2631
444
100000
1542
615
100000
689
100000
201
100000
3333
670
251
427
1158
100000
100000
782
100000
100000
1813
238
100000
100000
100000
540
706
2753
100000
100000
2210
270
100000
100000
45226
100000
729
1459
315
1745
457
100000
100000
328
100000
100000
1290
100000
71
1452
374
899
446
796
6624
251
117
100000
100000
211
100000
2636
1142
100000
100000
406
2392
2276
100000
100000
729
100000
1508
100000
852
25435
100000
2062
4825
100000
6864
100000
100000
100000
100000
857
100000
100000
100000
884
387
100000
100000
89
721
615
100000
100000
12944
602
427
100000
562
100000
1482
3819
4054
10612
100000
1609
348
314
100000
1007
100000
829
100000
10671
100000
733
35887
100000
100000
204
233
1144
100000
100000
100000
188
100000
100000
965
100000
6291
100000
1039
100000
2796
100000
1149
147
100000
100000
100000
100000
580
498
100000
100000
929
1350
477
100000
100000
1501
100000
888
100000
690
1503
100000
620
100000
100000
100000
100000
580
100000
100000
102
100000
100000
120
715
260
100000
100000
100000
100000
100000
3251
955
100000
100000
774
1204
100000
886
718
2102
100000
100000
316
100000
100000
1485
100000
1349
1461
162
460
100000
100000
130
789
1800
100000
1500
1527
100000
475
100000
100000
100000
2238
2764
100000
100000
100000
100000
1466
864
100000
100000
100000
100000
100000
442
100000
100000
100000
100000
587
560
44326
720
100000
1681
100000
100000
100000
100000
100000
207
100000
557
780
100000
100000
100000
100000
231
855
1252
100000
2166
100000
100000
100000
892
960
153
34575
1320
1319
100000
931
42
100000
1393
100000
365
87
816
2449
100000
100000
1659
100000
1152
71
2455
100000
100000
100000
240
100000
2517
995
100000
100000
100000
100000
2538
841
674
100000
100000
100000
889
966
100000
100000
1519
1864
100000
14669
100000
2388
100000
100000
1233
322
141
1182
162
111
100000
977
643
100000
100000
1479
1364
100000
567
127
460
100000
100000
100000
479
1570
1231
1289
100000
2852
871
693
1352
253
1857
100000
880
100000
100000
100000
100000
100000
70
100000
100000
48198
961
1150
1315
755
100000
166
100000
660
100000
721
825
538
76
100000
494
100000
911
1021
100000
100000
1000
100000
796
100000
100000
100000
348
578
2995
1340
284
485
249
480
10406
100000
42795
1008
493
1290
1681
373
100000
195
100000
801
100000
100000
449
100000
100000
100000
100000
100000
1835
100000
100000
100000
874
100000
100000
100000
1129
100000
100000
374
100000
100000
957
100000
1437
206
1004
100000
100000
100000
37617
996
100000
5801
100000
902
100000
499
3290
5211
100000
100000
100000
100000
1302
958
1994
149
1867
100000
100000
100000
100000
100000
821
2504
630
100000
1725
187
418
419
419
3074
1892
1387
100000
100000
469
100000
503
369
100000
289
561
100000
100000
1372
909
335
100000
1082
100000
100000
354
100000
258
529
1555
675
979
100000
100000
100000
100000
100000
100000
100000
100000
100000
100000
100000
100000
100000
969
100000
100000
1099
568
100000
686
100000
100000
100000
100000
226
100000
100000
100000
100000
793
100000
100000
100000
100000
1246
58
6645
100000
100000
6387
306
1175
100000
100000
798
100000
961
2323
418
100000
45329
7783
100000
100000
100000
100000
579
2856
6561
769
536
100000
100000
100000
505
100000
100000
100000
10846
100000
100000
100000
3001
100000
7
1102
100000
492
100000
852
100000
100000
409
100000
1730
287
100000
100000
100000
1268
891
294
1353
708
100000
100000
100000
9826
100000
100000
100000
100000
619
1256
100000
100000
7717
100000
563
100000
100000
2389
100000
888
6601
100000
2959
100000
100000
1075
100000
6479
100000
765
100000
227
100000
948
100000
888
100000
498
385
100000
1318
100000
100000
344
6025
481
6687
100000
100000
1265
100000
1431
626
100000
100000
100000
100000
100000
1860
903
504
390
507
843
696
478
100000
3316
100000
100000
1369
2677
223
3165
100000
661
100000
475
100000
100000
100000
1568
1481
1250
100000
673
24433
100000
347
429
100000
100000
100000
100000
100000
493
100000
538
100000
9825
100000
100000
418
100000
100000
100000
100000
100000
100000
275
542
659
100000
100000
234
640
12883
100000
100000
461
100000
1361
100000
487
100000
302
863
100000
100000
100000
162
100000
895
100000
591
100000
1818
477
100000
100000
285
100000
291
100000
100000
184
100000
100000
501
40121
1197
100000
100000
855
1003
100000
5730
16123
100000
959
640
100000
100000
3728
839
100000
2483
9405
875
100000
100000
1078
3002
100000
7764
2152
100000
688
100000
756
565
1647
887
1445
100000
1471
3866
7667
100000
204
100000
804
1005
1902
100000
1470
100000
738
613
100000
215
2206
11215
100000
917
100000
2079
1201
441
100000
857
100000
100000
124
100000
2467
87
458
100000
100000
1858
100000
100000
494
1913
100000
728
824
100000
445
100000
100000
807
100000
100000
121
414
100000
760
1025
4034
100000
100000
100000
1841
205
506
100000
100000
51
100000
100000
100000
100000
100000
5907
100000
100000
1580
4203
100000
629
100000
391
100000
100000
634
100000
3412
2227
100000
100000
42
8896
100000
116
3759
637
1664
306
100000
415
1022
55
408
100000
100000
1882
698
1581
100000
100000
2192
100000
932
3891
465
84
100000
100000
100000
1163
100000
100000
13452
382
100000
1189
100000
100000
2201
3476
797
1370
1032
100000
100000
1385
100000
100000
1115
100000
1905
1866
100000
100000
100000
100000
8135
100000
100000
1175
100000
100000
587
100000
240
100000
100000
636
486
100000
927
100000
100000
42997
100000
100000
100000
6444
686
100000
840
100000
1585
545
100000
100000
596
61
100000
870
100000
100000
715
100000
844
1876
7854
100000
1065
670
100000
71
634
100000
100000
100000
100000
100000
100000
100000
642
100000
100000
312
780
100000
100000
922
100000
8029
928
1488
1005
100000
729
100000
100000
2569
982
1139
100000
100000
374
100000
454
3043
100000
100000
100000
100000
100000
100000
100000
100000
100000
100000
892
139
673
3273
100000
488
100000
417
1103
502
1223
100000
100000
100000
708
305
711
10280
100000
1065
100000
100000
1910
100000
10462
100000
100000
143
339
100000
100000
193
425
100000
437
100000
100000
3790
1162
100000
100000
93
100000
100000
100000
115
100000
655
100000
549
471
100000
100000
185
100000
100000
658
100000
1027
100000
813
100000
515
100000
100000
100000
100000
222
3274
100000
100000
870
100000
100000
100000
100000
698
100000
662
1019
785
419
100000
934
1906
4687
100000
100000
255
100000
100000
100000
1221
145
1767
1146
352
100000
1152
100000
6417
1203
100000
498
17331
100000
100000
100000
1870
100000
100000
100000
100000
100000
6567
100000
205
100000
993
551
100000
100000
1031
2033
100000
3817
1491
81
1558
100000
100000
100000
100000
100000
100000
100000
100000
100000
100000
4882
100000
277
970
1611
100000
3541
100000
934
100000
521
832
452
100000
100000
100000
100000
100000
100000
100000
8590
100000
11510
795
1108
919
214
75
100000
1177
100000
100000
281
173
100000
100000
100000
100000
343
599
913
1014
100000
100000
100000
519
505
100000
100000
825
100000
100000
100000
1359
1239
100000
816
100000
1423
100000
100000
518
100000
266
151
2518
100000
971
100000
100000
100000
1011
1145
100000
100000
665
825
13839
100000
100000
1035
100000
100000
421
100000
100000
605
42101
100000
363
488
100000
100000
100000
5865
100000
349
100000
100000
179
100000
100000
100000
100000
5276
100000
100000
794
971
1016
2349
100000
100000
100000
100000
784
100000
947
100000
741
100000
12402
1130
100000
100000
4130
100000
100000
1080
100000
828
100000
100000
100000
100000
100000
100000
100000
100000
1485
3528
659
2678
492
361
100000
100000
398
379
2581
1107
100000
4762
6976
100000
100000
4426
1008
13211
2614
976
3004
934
42069
100000
403
100000
867
100000
100000
192
100000
100000
100000
278
688
100000
1216
100000
1315
1234
934
100000
848
767
100000
100000
100000
100000
100000
1
720
100000
738
628
258
536
100000
100000
332
592
100000
1415
100000
100000
375
100000
100000
303
676
855
100000
984
467
990
774
100000
462
1848
580
1728
100000
1723
100000
523
998
100000
347
100000
100000
100000
6562
100000
100000
9145
372
100000
100000
549
669
100000
100000
100000
100000
100000
100000
30340
100000
1557
5423
100000
100000
100000
132
100000
100000
100000
336
1233
100000
100000
100000
925
100000
841
100000
100000
389
603
1577
100000
100000
1078
100000
1886
310
209
100000
100000
100000
811
1120
100000
1253
100000
100000
5368
847
422
1189
1566
199
442
100000
468
1164
100000
1427
100000
100000
100000
2003
100000
100000
100000
100000
100000
1237
915
1089
558
100000
9391
686
1027
620
100000
100000
3423
311
13812
7169
100000
100000
100000
992
100000
100000
170
444
547
1470
381
3359
129
641
100000
100000
100000
1024
100000
100000
100000
551
100000
100000
150
100000
100000
844
100000
1523
196
446
100000
100000
100000
100000
2074
3171
100000
1802
100000
175
100000
100000
100000
790
100000
100000
100000
261
100000
100000
100000
100000
4876
100000
100000
565
2115
100000
647
401
100000
100000
657
831
830
811
799
2577
100000
100000
835
2130
334
843
771
100000
100000
100000
100000
100000
100000
100000
100000
61
100000
3490
100000
100000
100000
100000
100000
1337
100000
206
100000
100000
100000
297
2715
100000
4538
100000
100000
635
425
100000
100000
100000
707
1166
1378
100000
100000
100000
656
1795
100000
170
100000
100000
100000
207
2155
703
100000
100000
3041
100000
329
6737
100000
865
100000
239
100000
358
373
887
1410
100000
1137
100000
450
100000
100000
100000
100000
910
100000
4078
100000
100000
100000
100000
1504
2246
100000
100000
1428
1245
100000
100000
1834
1558
100000
100000
391
100000
100000
1083
100000
479
100000
100000
480
479
1229
100000
2626
100000
100000
100000
311
142
100000
100000
100000
670
199
100000
100000
6891
856
905
261
747
2944
100000
100000
100000
1087
100000
100000
886
100000
395
100000
2060
100000
100000
835
100000
100000
1364
117
114
100000
100000
845
100000
1802
100000
804
100000
399
316
100000
100000
100000
100000
100000
100000
6331
911
607
583
2140
100000
100000
100000
707
1080
100000
100000
100000
100000
307
7893
334
250
42
100000
100000
131
77
627
487
100000
100000
5042
100000
1052
100000
100000
100000
100000
100000
29147
100000
100000
100000
100000
100000
1683
100000
100000
721
100000
811
492
100000
100000
100000
319
4032
921
8173
468
3515
100000
100000
100000
100000
100000
657
773
342
100000
100000
100000
100000
659
723
100000
2439
796
930
1936
100000
100000
231
100000
253
2156
100000
100000
100000
978
100000
7065
100000
1157
454
438
529
694
1769
1033
100000
904
100000
38203
580
41
100000
702
352
100000
458
628
413
100000
100000
100000
10908
2261
100000
2574
100000
7220
100000
100000
1427
476
100000
100000
100000
366
100000
19821
957
100000
1421
100000
1550
63
3362
100000
1848
100000
235
100000
418
811
100000
100000
1659
100000
1393
2855
604
100000
338
100000
696
214
100000
100000
4535
100000
100000
100000
100000
3074
100000
100000
3816
100000
100000
1761
512
874
100000
2633
100000
100000
1017
100000
100000
778
1097
100000
643
578
123
351
100000
100000
708
100000
1516
100000
8560
100000
100000
1423
100000
100000
100000
1510
100000
4927
100000
100000
100000
608
100000
100000
100000
100000
3679
100000
2080
100000
1008
1129
100000
151
100000
100000
100000
100000
100000
100000
100000
744
254
100000
100000
748
100000
100000
421
826
100000
100000
504
4162
42
675
1333
100000
27207
100000
100000
100000
648
1217
100000
243
100000
100000
698
100000
1308
7448
100000
142
5371
437
100000
100000
100000
100000
685
849
3093
6397
293
100000
100000
100000
2342
115
100000
2596
652
31
100000
100000
100000
100000
1144
182
100000
1357
100000
77
10532
100000
100000
63
100000
100000
981
100000
290
5196
1805
965
100000
100000
100000
100000
100000
667
771
315
943
100000
1849
100000
100000
710
703
609
541
1000
100000
100000
3273
871
100000
100000
100000
100000
100000
1078
2607
100000
878
100000
100000
100000
100000
100000
2191
100000
309
100000
100000
890
160
100000
100000
817
1492
1615
100000
433
429
771
345
1983
100000
100000
100000
100000
537
1017
100000
4604
100000
100000
919
100000
1290
542
377
397
2898
1002
234
1239
100000
774
1755
1943
100000
100000
100000
100000
100000
100000
733
9190
7713
6121
100000
1297
4538
100000
728
290
100000
100000
377
100000
100000
370
100000
1115
100000
100000
100000
100000
427
2752
148
100000
707
875
100000
789
400
105
100000
100000
100000
155
100000
37002
155
100000
546
873
100000
808
100000
100000
1176
2982
100000
2346
100000
124
465
392
100000
100000
2534
100000
100000
100000
44
100000
671
7893
1229
100000
613
100000
100000
3154
100000
100000
100000
100000
100000
100000
100000
100000
100000
100000
1142
493
354
100000
1006
890
126
100000
100000
541
612
586
100000
1680
138
100000
100000
2593
447
100000
1158
998
1056
100000
100000
1428
3830
394
182
100000
2493
100000
100000
100000
100000
100000
100000
100000
100000
100000
100000
443
624
100000
100000
100000
1800
1002
285
100000
100000
117
100000
100000
115
262
4617
546
1688
100000
1269
100000
100000
100000
100000
100000
100000
1037
485
2153
450
2096
1949
51
591
1080
100000
100000
1198
792
4646
419
100000
100000
100000
2344
1253
3256
100000
100000
446
100000
4776
363
100000
319
100000
100000
149
425
100000
100000
364
1400
2910
550
100000
523
100000
666
100000
100000
1947
100000
414
100000
100000
3279
100000
831
7240
1393
5748
4758
1312
100000
100000
100000
100000
100000
100000
164
2769
100000
659
100000
100000
100000
204
2240
100000
100000
100000
234
678
816
919
100000
100000
980
749
348
100000
100000
100000
445
5951
427
100000
100000
100000
621
100000
100000
1983
100000
19180
100000
100000
100000
100000
2877
100000
100000
211
100000
564
100000
100000
2795
100000
100000
1831
53
100000
100000
100000
100000
952
506
667
304
1066
681
2716
100000
100000
100000
100000
762
100000
100000
100000
100000
1166
100000
501
100000
100000
358
100000
100000
100000
100000
100000
100000
100000
100000
100000
100000
1201
616
100000
100000
100000
1164
100000
762
8565
464
456
100000
640
2265
824
100000
8195
2596
100000
100000
792
203
100000
125
1105
100000
100000
639
719
1910
100000
329
904
1659
100000
230
100000
100000
100000
100000
2653
1097
471
100000
792
366
100000
100000
12836
100000
641
100000
588
290
1602
6119
16644
100000
100000
100000
6956
1446
513
1039
100000
100000
815
365
100000
100000
469
100000
100000
100000
100000
100000
100000
182
673
1083
100000
100000
100000
100000
100000
397
100000
100000
100000
245
49730
1902
100000
100000
1094
355
358
100000
100000
1461
100000
1454
100000
100000
212
100000
6945
100000
100000
100000
100000
100000
416
2134
100000
1733
2748
17837
100000
100000
100000
100000
386
100000
100000
100000
747
100000
704
1010
2038
100000
100000
100000
100000
100000
100000
100000
783
340
100000
100000
100000
100000
100000
100000
100000
100000
100000
100000
100000
541
2115
1746
593
226
2051
4466
500
822
100000
10569
474
1736
788
100000
162
100000
100000
100000
2137
392
1024
100000
100000
460
545
681
100000
116
7937
100000
100000
100000
325
3581
100000
100000
982
100000
100000
100000
510
1058
399
756
1159
100000
100000
100000
100000
100000
228
8626
2026
100000
563
577
834
3443
908
446
353
706
406
267
1488
100000
100000
100000
386
1418
958
20176
2281
264
100000
776
895
562
100000
2166
100000
100000
460
1041
694
293
100000
100000
447
100000
100000
686
100000
2051
100000
89
862
100000
100000
100000
840
767
892
100000
100000
100000
100000
643
3366
1870
100000
789
100000
100000
100000
264
2799
100000
100000
288
100000
100000
227
100000
531
100000
100000
100000
2539
100000
19078
100000
39905
100000
100000
100000
505
385
100000
425
100000
100000
350
100000
2554
100000
100000
510
284
100000
701
474
100000
1018
3485
100000
310
776
100000
100000
562
100000
100000
100000
876
100000
100000
100000
578
100000
100000
946
100000
100000
100000
100000
1180
100000
58
100000
138
19373
167
100000
100000
539
4179
1777
100000
100000
57
4009
238
100000
237
100000
100000
151
632
907
170
100000
1137
941
281
115
130
432
803
635
6521
824
100000
100000
7362
306
100000
100000
100000
143
100000
100000
100000
100000
1363
323
100000
310
999
297
100000
100000
100000
100000
2190
37941
100000
100000
100000
772
1387
100000
100000
688
1305
771
100000
16969
6592
100000
749
305
100000
2131
859
891
2413
787
100000
1
227
100000
384
100000
100000
100000
1612
100000
165
100000
3403
100000
789
1039
100000
430
1083
100000
698
100000
100000
506
965
100000
4643
619
100000
1357
106
201
100000
100000
712
100000
3404
1149
100000
388
873
1485
143
100000
239
100000
874
100000
1158
12214
100000
100000
405
100000
100000
100000
428
100000
737
100000
390
100000
1930
419
100000
297
14217
100000
100000
100000
100000
100000
2664
100000
692
100000
100000
1046
203
100000
100000
100000
100000
570
1068
100000
184
100000
1363
3799
558
100000
832
100000
100000
10367
1316
100000
100000
100000
630
589
19608
100000
100000
100000
71
100000
552
100000
100000
866
208
1539
100000
2100
100000
389
100000
397
2858
100000
100000
100000
950
921
489
880
100000
100000
100000
100000
343
1521
1071
858
4442
902
4224
26
128
1131
100000
100000
100000
100000
100000
925
100000
100000
283
404
100000
1699
27305
100000
762
100000
180
312
100000
163
1266
132
548
100000
100000
923
2250
100000
1074
100000
100000
360
487
100000
100000
100000
944
100000
100000
915
2141
100000
309
100000
100000
100000
692
2933
100000
100000
100000
1146
383
406
40
100000
717
2770
100000
100000
100000
100000
853
5858
673
100000
100000
277
100000
100000
100000
100000
6336
100000
403
100000
100000
455
100000
175
5347
100000
490
100000
100000
100000
100000
100000
3597
100000
140
100000
100000
100000
3543
100000
1021
1129
100000
649
100000
171
100000
4104
100000
100000
100000
920
2185
100000
100000
100000
100000
8039
5374
776
100000
490
100000
100000
3283
904
100000
1879
100000
3974
100000
447
8426
100000
100000
100000
1422
376
1449
1187
100000
100000
100000
330
2561
100000
28543
100000
100000
100000
1103
100000
1992
100000
1693
100000
100000
100000
100000
100000
61
454
100000
100000
100000
369
2170
288
1346
1073
2088
100000
100000
597
100000
100000
100000
2101
898
234
100000
100000
271
340
100000
533
100000
100000
100000
4482
1026
1596
1403
2072
7098
100000
100000
100000
948
100000
100000
100000
210
100000
288
100000
100000
100000
100000
775
100000
11076
1881
100000
456
100000
36
100000
949
100000
100000
100000
100000
100000
100000
100000
486
1316
100000
100000
100000
100000
160
100000
4473
1
100000
69
1509
100000
1086
886
822
100000
1163
100000
100000
400
100000
100000
1026
100000
100000
100000
7833
2551
100000
100000
100000
100000
100000
100000
1062
100000
173
6208
100000
100000
100000
727
181
100000
1094
100000
959
100000
100000
165
1373
543
788
100000
377
7073
100000
100000
656
16687
1017
991
100000
612
452
100000
100000
100000
100000
100000
487
631
100000
248
100000
1316
100000
184
100000
2595
100000
100000
100000
100000
100000
100000
100000
100000
841
100000
100000
326
100000
100000
100000
1655
100000
1099
588
100000
100000
1212
543
100000
3593
100000
1022
100000
486
2018
11499
100000
100000
100000
100000
100000
100000
3114
1083
10749
100000
100000
831
100000
100000
100000
384
100000
100000
372
757
841
100000
124
4016
100000
608
333
1924
100000
706
100000
100000
100000
117
100000
100000
1815
100000
742
100000
6783
888
100000
100000
316
813
1211
100000
200
100000
787
762
100000
100000
100000
100000
1104
100000
244
865
100000
100000
2121
2775
100000
100000
583
100000
5454
261
100000
100000
100000
100000
5808
1728
2389
863
423
1626
100000
100000
100000
1136
100000
3024
100000
779
100000
100000
100000
2081
100000
621
100000
100000
100000
100000
336
339
100000
379
1084
100000
487
4706
2039
100000
650
100000
796
780
100000
100000
100000
520
885
1247
100000
100000
100000
100000
8218
579
100000
1423
100000
4044
466
196
4964
545
163
968
100000
1452
452
100000
100000
553
4032
100000
186
1413
836
100000
680
100000
1100
100000
1338
100000
100000
85
2133
100000
100000
538
100000
100000
456
468
235
5557
100000
100000
1419
100000
1291
100000
374
471
100000
100000
100000
1265
1043
155
100000
100000
100000
100000
100000
7325
472
3367
100000
381
100000
873
1213
741
100000
100000
100000
100000
185
100000
640
921
1028
100000
166
100000
100000
39973
100000
100000
100000
254
100000
3488
100000
100000
2180
1365
100000
311
430
100000
31102
100000
1756
806
244
100000
124
2427
100000
100000
100000
100000
100000
100000
437
201
100000
493
100000
100000
100000
4409
824
100000
1517
10624
483
19511
732
174
100000
100000
100000
100000
100000
100000
25
100000
236
1420
1161
446
183
100000
988
100000
100000
100000
100000
1028
100000
263
423
1241
100000
372
100000
892
3378
1989
100000
100000
100000
100000
4569
2913
100000
765
100000
100000
943
100000
100000
100000
100000
467
284
100000
18454
1957
100000
270
100000
100000
100000
890
100000
100000
100000
183
213
100000
217
100000
100000
100000
100000
1104
100000
367
855
100000
693
100000
100000
1158
100000
14183
100000
100000
100000
439
100000
449
100000
100000
369
100000
762
100000
1302
100000
944
1340
100000
1021
100000
446
389
1293
398
100000
460
732
100000
12
357
445
100000
2168
541
100000
484
100000
536
839
100000
100000
100000
4164
602
873
100000
814
100000
100000
7882
100000
940
100000
354
100000
353
237
633
100000
181
100000
100000
1807
79
329
100000
572
579
100000
100000
133
1161
173
16175
322
100000
505
100000
100000
411
100000
100000
100000
100000
802
229
920
263
1112
100000
4671
100000
1487
100000
100000
100000
100000
100000
100000
100000
802
100000
100000
100000
361
100000
395
1075
1006
1972
100000
203
1169
100000
100000
442
8320
389
100000
100000
100000
90
100000
801
100000
100000
100000
12341
100000
485
809
78
100000
100000
100000
100000
100000
288
100000
1174
1415
100000
100000
555
955
100000
100000
1797
344
802
100000
100000
100000
100000
825
100000
100000
713
100000
100000
592
593
100000
217
100000
100000
100000
100000
276
1649
100000
1040
1168
100000
5252
687
100000
100000
1128
395
100000
339
100000
796
752
817
100000
100000
100000
100000
587
100000
100000
387
100000
537
100000
100000
100000
100000
100000
69
148
140
100000
100000
100000
1008
100000
217
100000
439
100000
100000
744
100000
100000
1784
100000
631
530
766
100000
100000
280
671
1469
100000
1050
183
100000
100000
1850
100000
879
100000
420
100000
862
100000
120
797
1401
749
425
100000
100000
100000
775
1699
100000
395
701
410
431
582
739
100000
1050
100000
715
100000
3897
100000
100000
100000
553
100000
698
100000
1152
100000
100000
100000
311
300
1229
380
727
14688
100000
100000
100000
572
100000
100000
616
100000
100000
182
457
100000
1897
385
100000
397
588
100000
100000
1272
3706
364
345
100000
4591
100000
100000
684
192
707
100000
100000
100000
100000
395
5261
404
200
283
1470
714
100000
367
124
100000
100000
100000
100000
528
100000
100000
886
100000
100000
100000
100000
212
983
942
3339
100000
100000
1027
2014
100000
1269
100000
100000
780
100000
100000
100000
100000
403
100000
135
100000
382
2238
642
673
100000
100000
641
100000
100000
996
1708
1216
100000
100000
100000
2708
101
530
2661
1891
385
100000
100000
100000
100000
100000
100000
194
100000
100000
668
100000
100000
100000
100000
273
100000
100000
35042
100000
100000
100000
327
100000
884
401
751
125
2648
100000
2993
100000
757
381
100000
181
100000
2240
1411
156
100000
307
174
1222
100000
100000
864
100000
100000
376
367
100000
2446
100000
932
404
100000
1172
1884
421
7392
1202
860
100000
1191
960
100000
100000
6157
100000
100000
100000
844
2543
100000
100000
1005
434
1769
100000
845
360
100000
283
26506
819
763
1
100000
100000
100000
1167
100000
9734
100000
63
272
100000
368
858
467
1432
930
374
100000
100000
680
138
438
2285
100000
450
707
665
408
100000
1178
100000
100000
100000
100000
100000
1279
2466
4785
1027
5738
100000
2070
100000
22401
100000
246
100000
100000
1562
100000
100000
100000
632
549
100000
1727
100000
717
1029
100000
1228
100000
100000
721
100000
100000
100000
100000
100000
542
100000
100000
100000
326
793
1174
467
1444
1122
100000
1083
841
1502
100000
419
100000
386
1444
157
1327
1029
847
100000
163
100000
100000
69
100000
100000
500
100000
215
100000
516
609
385
100000
1125
316
349
100000
100000
100000
128
1624
100000
100000
10826
1491
857
660
4698
987
327
100000
100000
100000
100000
201
1450
816
100000
829
1036
100000
517
1587
1270
100000
1384
100000
521
100000
100000
1567
100000
100000
100000
729
100000
100000
449
100000
100000
100000
697
284
100000
1303
566
100000
100000
100000
1530
100000
1320
503
2054
100000
100000
458
100000
308
2122
800
3830
886
100000
583
346
663
100000
192
100000
404
100000
100000
1045
906
1201
100000
1027
100000
566
1248
100000
100000
1066
100000
901
545
435
100000
297
100000
100000
1459
591
1079
2313
581
100000
743
3201
100000
100000
839
1720
576
1726
100000
100000
386
100000
100000
100000
10743
60
100000
1179
100000
100000
2263
100000
100000
204
215
100000
100000
100000
100000
100000
1491
100000
854
511
1021
856
100000
87
2101
100000
912
100000
100000
408
524
459
100000
100000
100000
100000
558
100000
100000
1232
1484
100000
100000
100000
100000
100000
100000
703
100000
857
214
100000
100000
100000
100000
100000
100000
112
100000
18135
6970
100000
18055
100000
100000
100000
100000
100000
316
100000
100000
100000
505
100000
178
503
100000
100000
1059
100000
100000
1315
100000
100000
229
258
2200
597
100000
208
190
1113
100000
100000
100000
8059
100000
100000
549
100000
1403
4901
6469
73
559
5574
123
100000
756
100000
100000
100000
2294
100000
680
100000
259
100000
316
100000
100000
472
669
100000
1685
100000
1057
100000
257
518
100000
338
100000
306
357
100000
323
100000
418
100000
115
1117
1556
894
100000
100000
100000
100000
100000
100000
100000
100000
100000
313
415
2210
34843
100000
100000
100000
100000
493
100000
100000
100000
100000
431
1716
100000
100000
646
383
1982
100000
611
872
100000
2848
321
100000
100000
1424
100000
100000
100000
100000
84
100000
100000
482
100000
412
162
166
100000
1646
100000
100000
3108
402
1513
821
100000
543
100000
333
100000
100000
292
100000
649
765
100000
100000
100000
3217
100000
1009
505
997
1024
100000
689
100000
100000
100000
624
100000
549
352
1072
1223
100000
100000
806
100000
100000
497
100000
100000
649
190
100000
313
100000
414
100000
100000
100000
196
100000
100000
100000
100000
100000
100000
100000
580
100000
361
100000
1009
100000
100000
100000
100000
100000
100000
469
100000
100000
100000
100000
100000
226
100000
100000
331
4846
990
100000
609
1264
1600
3394
100000
100000
100000
100000
409
100000
844
100000
710
813
1085
248
660
68
575
3403
1031
100000
213
622
1668
144
2078
174
100000
420
100000
570
100000
144
100000
369
937
776
252
305
100000
883
100000
100000
100000
100000
100000
100000
100000
530
580
100000
194
100000
1079
281
710
100000
347
860
100000
831
100000
3915
100000
115
100000
1186
227
102
2517
100000
100000
100000
100000
100000
200
247
690
100000
100000
662
100000
100000
949
100000
100000
100000
7856
100000
5650
100000
100000
1159
100000
100000
100000
100000
1223
100000
243
100000
215
6668
100000
1068
691
100000
100000
100000
100000
100000
100000
1989
6017
2416
100000
2966
100000
875
733
100000
527
100000
11172
100000
100000
100000
100000
100000
930
16964
100000
798
591
236
100000
958
745
100000
100000
525
608
360
100000
1423
215
100000
100000
100000
100000
100000
100000
222
3538
100000
100000
100000
100000
1208
100000
100000
989
837
100000
813
100000
100000
100000
752
100000
100000
394
105
2048
768
1145
100000
794
100000
100000
533
319
4015
2021
100000
1200
100000
100000
993
85
1028
100000
1201
100000
100000
510
100000
478
100000
100000
100000
428
100000
542
68
100000
100000
838
100000
3433
100000
694
370
87
100000
180
790
100000
100000
3156
100000
242
356
100000
1015
1702
639
100000
100000
1451
100000
1199
100000
100000
100000
100000
100000
100000
100000
629
100000
8755
159
798
597
275
100000
1146
1080
694
100000
541
100000
100000
100000
100000
805
516
100000
263
100000
100000
100000
3169
100000
913
100000
100000
86
100000
100000
100000
100000
100000
6251
123
771
100000
322
100000
19068
100000
660
100000
100000
773
100000
100000
100000
100000
100000
100000
100000
100000
784
536
1162
172
710
4457
115
100000
100000
1028
637
100000
100000
386
800
703
100000
3901
2214
100000
448
100000
100000
1607
100000
1700
313
706
4016
100000
100000
1234
1076
900
100000
179
100000
100000
100000
100000
100000
100000
111
100000
661
100000
371
1777
1588
100000
100000
262
100000
251
1403
436
340
318
604
361
803
264
100000
15220
100000
100000
100000
100000
1043
2998
387
1140
1159
100000
100000
100000
959
100000
1533
102
230
617
100000
691
100000
733
1099
100000
901
175
100000
100000
100000
1483
100000
100000
1556
5330
100000
100000
100000
240
911
100000
538
100000
100000
251
749
100000
100000
100000
1137
957
100000
508
100000
611
100000
293
100000
100000
439
391
100000
2223
3450
856
429
820
100000
4191
100000
100000
100000
71
100000
408
100000
100000
539
220
75
702
7432
185
1948
518
300
100000
100000
100000
100000
139
168
100000
139
1992
100000
467
134
246
143
100000
254
100000
100000
100000
446
109
100000
524
2293
2235
829
100000
491
100000
449
1091
2438
100000
100000
448
465
100000
1529
100000
100000
672
432
100000
100000
100000
43185
338
100000
2439
1226
838
2235
405
100000
100000
1398
100000
100000
168
2373
582
100000
380
100000
1380
1009
616
100000
629
100000
229
100000
100000
100000
889
1396
925
100000
276
100000
607
239
671
100000
641
100000
1692
100000
464
100000
134
5250
100000
1907
348
100000
2301
2062
100000
100000
100000
100000
100000
100000
100000
1593
100000
2720
100000
100000
100000
100000
51
180
1032
100000
2078
100000
100000
100000
100000
100000
100000
100000
563
987
100000
2466
100000
4411
100000
556
663
100000
888
712
5467
100000
100000
113
517
851
454
2035
100000
100000
227
100000
327
294
100000
209
100000
100000
100000
100000
100000
100000
4258
100000
100000
376
2775
2775
100000
775
1125
100000
100000
100000
100000
100000
35537
100000
100000
341
100000
2122
100000
258
385
100000
100000
100000
100000
1338
3234
398
756
100000
100000
371
2389
100000
47
100000
922
72
100000
4902
100000
501
717
100000
98
100000
17587
100000
1156
100000
334
667
210
100000
649
668
2265
1810
100000
100000
394
5560
1044
100000
100000
611
100000
100000
100000
100000
1109
964
100000
331
100000
1336
100000
1184
3578
483
100000
100000
1262
100000
100000
5214
100000
100000
100000
100000
451
451
322
383
366
490
100000
100000
100000
100000
100000
477
100000
100000
100000
100000
100000
644
100000
462
100000
100000
100000
490
1536
100000
489
7460
965
100000
100000
100000
100000
100000
727
100000
487
140
629
67
843
1293
232
256
582
1465
100000
906
262
478
100000
847
100000
100000
212
703
1040
685
100000
474
100000
337
100000
431
100000
489
100000
100000
100000
100000
5860
100000
2127
100000
105
381
100000
2112
451
862
100000
100000
100000
1219
100000
447
100000
100000
100000
2260
100000
613
100000
100000
100000
975
100000
291
100000
100000
465
100000
100000
100000
100000
676
100000
16642
351
100000
413
380
439
8349
100000
100000
100000
100000
100000
446
100000
1058
604
919
100000
100000
100000
100000
1172
100000
100000
100000
100000
324
100000
697
1484
100000
373
768
100000
191
827
1666
100000
100000
108
192
100000
358
100000
226
1001
237
100000
108
100000
592
100000
100000
243
100000
354
100000
100000
418
308
556
185
150
1710
346
100000
139
5902
100000
100000
609
503
100000
803
100000
1255
5529
109
100000
187
2320
100000
100000
100000
36072
601
100000
263
100000
402
1201
294
100000
100000
2029
310
388
100000
100000
100000
100000
100000
100000
100000
1823
627
841
1924
100000
981
2166
156
100000
100000
965
100000
343
100000
100000
3543
2586
100000
100000
100000
100000
100000
100000
206
100000
91
100000
475
100000
893
100000
100000
100000
559
100000
312
100000
100000
100000
102
368
100000
100000
832
100000
100000
415
100000
1004
100000
100000
387
100000
685
100000
230
100000
145
327
100000
612
100000
100000
2510
100000
100000
100000
17052
100000
100000
224
100000
400
100000
272
100000
13046
511
328
100000
100000
100000
16952
150
100000
939
100000
166
625
100000
103
100000
100000
100000
100000
438
245
100000
100000
100000
27719
934
1538
5307
100000
100000
100000
100000
402
1116
32876
1186
1448
100000
100000
690
582
100000
1448
574
100000
1881
100000
200
100000
430
100000
596
100000
884
1244
100000
100000
448
100000
355
100000
100000
1637
682
100000
100000
1175
100000
6988
101
100000
8300
8808
100000
704
100000
1947
691
100000
1139
766
1043
100000
1320
663
100000
906
100000
143
356
361
2096
100000
100000
780
100000
217
100000
305
696
767
100000
100000
100000
8966
273
544
100000
342
100000
126
100000
1901
1161
100000
271
420
4691
100000
100000
551
100000
29250
217
220
100000
766
336
100000
100000
100000
402
100000
453
1574
252
100000
498
100000
999
783
100000
575
100000
371
666
100000
100000
100000
166
352
989
417
2100
100000
932
100000
650
431
100000
579
100000
132
100000
656
28960
100000
168
100000
100000
100000
100000
129
100000
867
882
100000
484
100000
629
100000
100000
454
2092
408
580
100000
100000
604
100000
479
848
100000
798
1202
100000
100000
100000
2601
2234
100000
100000
236
100000
1126
100000
358
100000
714
202
100000
1180
100000
1052
845
1369
386
100000
100000
100000
485
100000
541
100000
100000
100000
100000
531
1016
100000
100000
10905
100000
466
100000
100000
100000
32007
100000
889
100000
856
100000
100000
100000
100000
100000
100000
100000
336
598
154
100000
100000
336
100000
100000
489
100000
556
100000
100000
3912
988
502
100000
100000
917
100000
324
12958
592
406
100000
100000
100000
100000
100000
2412
385
353
100000
500
100000
100000
100000
993
100000
511
100000
413
100000
100000
1028
1821
100000
100000
319
100000
11295
100000
100000
100000
100000
100000
100000
624
100000
100000
627
100000
291
100000
100000
100000
100000
100000
100000
3096
848
100000
829
100000
100000
100000
266
100000
8070
100000
100000
100000
941
100000
100000
100000
867
100000
100000
1288
3246
171
100000
1002
5127
1625
1953
100000
100000
100000
100000
100000
49946
100000
100000
100000
538
100000
100000
100000
381
662
100000
709
496
100000
2377
6570
687
100000
565
571
535
100000
1641
100000
879
100000
334
729
476
295
100000
100000
1427
100000
2613
504
1190
100000
834
100000
851
100000
100000
100000
100000
319
100000
436
100000
100000
100000
3873
847
100000
100000
299
100000
100000
1066
100000
7054
100000
974
1985
10491
100000
100000
2811
100000
787
100000
100000
2706
2250
100000
100000
348
148
1667
100000
100000
380
100000
967
291
100000
100000
100000
100000
1105
375
201
593
100000
100000
100000
100000
621
564
100000
100000
156
746
100000
537
810
100000
68
100000
100000
758
283
100000
333
100000
100000
1540
398
268
760
220
152
100000
1134
239
744
100000
17230
100000
452
100000
41081
100000
388
100000
100000
100000
234
547
100000
100000
100000
8252
100000
1814
100000
100000
149
62
377
1195
507
858
1407
505
100000
313
172
100000
984
409
505
714
292
100000
782
715
602
272
331
100000
402
100000
100000
100000
4016
100000
100000
1166
129
100000
864
271
1790
536
100000
100000
100000
124
372
45
402
409
774
345
297
100000
584
100000
1071
100000
100000
9145
100000
100000
100000
412
5240
100000
166
100000
252
100000
100000
100000
895
100000
100000
100000
100000
100000
100000
214
100000
100000
100000
1065
475
100000
100000
100000
100000
1451
100000
100000
334
228
100000
100000
67
100000
388
100000
564
534
100000
2444
549
427
352
892
255
1074
6173
100000
100000
100000
100000
100000
100000
100000
607
825
866
561
100000
2345
100000
100000
633
100000
100000
560
100000
364
730
100000
100000
100000
461
694
900
100000
100000
100000
17019
100000
100000
100000
100000
100000
444
1342
100000
4223
7576
207
235
209
100000
100000
100000
100000
353
229
3066
564
452
100000
63
100000
184
100000
100000
100000
1344
100000
193
801
2339
1087
2844
100000
100000
567
100000
100000
483
317
163
100000
100000
2525
630
100000
16448
1358
287
1235
431
334
100000
100000
8872
853
100000
100000
100000
1816
100000
589
460
327
421
5987
100000
100000
100000
100000
100000
100000
1787
2386
789
1026
677
1081
340
100000
651
992
100000
504
100000
702
451
100000
100000
3176
380
100000
100000
2504
100000
100000
841
753
100000
100000
485
29
100000
100000
100000
100000
100000
2052
100000
315
100000
100000
1428
2793
581
670
100000
1455
469
804
100000
100000
100000
346
100000
253
100000
956
660
100000
1506
155
326
3301
100000
516
967
100000
407
893
100000
100000
1020
100000
100000
100000
100000
100000
286
100000
571
100000
305
1098
2796
450
1225
100000
317
549
1263
100000
1027
458
100000
733
100000
249
305
897
100000
100000
100000
100000
628
100000
935
505
100000
100000
100000
100000
10023
1078
100000
641
100000
1982
1448
100000
100000
805
1532
591
100000
553
100000
100000
100000
100000
118
731
100000
100000
100000
17735
100000
100000
100000
100000
100000
1345
297
506
3208
100000
34615
100000
100000
311
100000
100000
487
100000
100000
2689
100000
100000
438
2712
621
15344
2632
100000
100000
100000
275
98
1960
100000
100000
445
5564
9045
122
100000
311
556
551
100000
100000
100000
277
738
268
1233
1077
100000
100000
100000
100000
585
100000
395
100000
100000
377
100000
100000
528
100000
6253
3849
393
1110
165
100000
971
411
100000
1057
100000
534
914
5647
320
45902
1833
100000
2957
1988
7453
600
100000
424
173
100000
914
524
100000
9379
413
1936
2579
36228
715
1218
100000
605
103
100000
100000
4435
150
692
556
100000
100000
887
116
100000
5948
100000
100000
100000
760
100000
100000
914
111
3407
217
659
901
50
100000
100000
100000
100000
320
100000
100000
100000
383
100000
1524
375
100000
100000
385
320
100000
100000
100000
113
1272
569
100000
265
100000
100000
394
100000
100000
2148
100000
326
705
3074
100000
3563
100000
100000
100000
2220
100000
39
533
14124
100000
503
100000
100000
100000
558
304
456
100000
100000
468
366
758
401
678
100000
326
589
415
246
100000
920
5631
100000
1749
348
100000
100000
100000
100000
100000
472
100000
100000
966
156
100000
189
100000
923
100000
100000
2501
100000
100000
100000
397
100000
466
100000
1737
184
100000
741
100000
100000
174
765
735
100000
100000
571
100000
2431
100000
3801
100000
100000
100000
945
100000
1007
100000
100000
219
100000
100000
100000
538
100000
100000
100000
100000
643
794
100000
526
154
100000
440
100000
100000
907
1983
100000
100000
19308
100000
854
100000
100000
238
455
491
654
100000
772
100000
1060
417
885
100000
412
100000
100000
100000
445
100000
710
100000
298
100000
100000
481
100000
5978
251
254
241
229
100000
1646
884
1195
100000
100000
100000
518
242
319
100000
943
186
100000
460
100000
823
807
228
234
1650
100000
9984
599
771
503
100000
100000
320
1129
100000
727
100000
100000
598
8056
553
4909
3925
128
100000
998
100000
100000
100000
10002
748
304
100000
219
100000
100000
608
100000
100000
207
100000
804
100000
100000
2840
100000
100000
100000
100000
100000
324
798
517
1680
606
863
100000
100000
100000
100000
450
52
100000
100000
311
1867
100000
100000
2406
100000
100000
1568
100000
214
100000
662
945
135
100000
100000
100000
100000
710
738
483
545
18728
100000
104
100000
139
100000
634
436
509
452
100000
100000
100000
1253
100000
100000
100000
100000
100000
100000
286
100000
100000
1233
480
470
406
681
100000
5299
100000
100000
100000
100000
100000
100000
816
100000
444
26848
100000
100000
575
395
100000
100000
100000
556
1229
100000
100000
887
100000
100000
100000
100000
424
3818
2638
133
6304
23
1536
8123
611
462
1896
764
100000
466
5938
629
1138
100000
112
408
355
253
4112
100000
100000
1841
1196
100000
10938
100000
546
312
2209
100000
100000
100000
367
100000
827
806
100000
100000
100000
494
526
100000
100000
350
536
765
100000
957
873
268
902
100000
283
263
884
100000
559
100000
100000
100000
100000
680
100000
324
100000
424
100000
100000
100000
100000
144
405
100000
100000
1191
370
763
323
2256
100000
100000
100000
400
100000
596
100000
100000
236
100000
100000
212
100000
1680
100000
100000
749
100000
61
100000
3577
395
100000
1413
351
100000
100000
885
100000
100000
100000
100000
100000
100000
512
1772
897
4718
100000
100000
100000
100000
100000
100000
100000
2514
684
501
590
5745
458
100000
100000
100000
100000
100000
100000
1066
100000
1286
1977
100000
377
3972
1162
100000
358
100000
100000
1380
775
100000
100000
100000
100000
570
387
100000
299
100000
385
1036
493
100000
100000
25915
2171
599
100000
777
331
450
917
100000
1255
259
100000
100000
100000
100000
100000
100000
553
755
265
711
100000
951
397
100000
203
100000
100000
100000
100000
100000
1350
100000
100000
100000
937
3635
236
355
244
6301
409
100000
401
100000
100000
309
100000
604
594
730
100000
484
100000
1341
635
34
100000
100000
675
2188
270
740
100000
100000
147
752
100000
100000
100000
154
9960
100000
100000
100000
18428
100000
1166
100000
100000
100000
39063
100000
100000
134
100000
712
1079
100000
100000
100000
940
100000
100000
718
373
622
100000
100000
100000
100000
100000
100000
100000
610
3542
849
254
412
1458
100000
576
100000
100000
475
100000
5681
100000
100000
1114
6619
865
100000
100000
100000
267
217
286
2193
409
902
100000
1312
100000
100000
100000
100000
100000
992
100000
297
111
100000
591
100000
100000
1292
100000
418
100000
335
788
676
100000
1906
100000
168
433
100000
100000
806
100000
100000
100000
100000
244
100000
2183
2540
466
100000
100000
3444
100000
281
100000
100000
100000
100000
100000
423
552
791
100000
100000
100000
943
7058
2176
100000
100000
100000
695
100000
100000
100000
100000
100000
717
2584
100000
100000
100000
100000
1574
139
100000
198
247
661
236
100000
370
100000
100000
617
533
672
3368
473
923
385
1032
899
277
819
470
100000
100000
1525
2887
562
7330
100000
100000
100000
17668
100000
100000
100000
100000
2261
100000
100000
148
970
100000
569
100000
588
100000
100000
100000
462
100000
100000
468
100000
100000
100000
100000
100000
1068
100000
1004
221
100000
677
100000
100000
100000
100000
100000
8985
108
266
100000
100000
372
579
100000
271
15
2080
799
100000
100000
100000
354
100000
100000
274
100000
100000
100000
100000
100000
2002
100000
100000
498
100000
2081
100000
100000
382
100000
879
100000
344
100000
100000
20408
100000
1109
100000
8427
349
100000
404
100000
635
430
295
2554
2082
100000
478
10874
212
244
1088
100000
100000
100000
892
100000
100000
100000
100000
153
1099
100000
100000
100000
317
100000
100000
100000
26
832
100000
100000
100000
10420
100000
100000
13302
100000
443
750
100000
421
100000
282
100000
100000
831
100000
1403
100000
4006
122
100000
717
957
272
237
172
100000
100000
3387
100000
100000
100000
100000
100000
100000
257
100000
100000
100000
229
553
105
439
100000
100000
16005
854
100000
2108
1
2402
180
100000
100000
100000
100000
100000
100000
100000
1033
100000
865
100000
100000
2200
498
100000
545
5413
100000
458
100000
759
123
573
100000
100000
100000
413
426
177
349
56
859
622
291
795
634
1016
1600
100000
320
100000
100000
602
1514
183
100000
100000
100000
2544
634
685
100000
413
6348
100000
100000
100000
203
100000
100000
452
202
4278
100000
31592
37346
100000
100000
559
100000
485
716
1364
795
100000
521
100000
748
651
100000
444
1251
671
100000
1337
100000
100000
100000
100000
19507
5580
582
100000
178
100000
100000
608
2451
100000
100000
881
100000
100000
9801
576
415
897
1681
196
100000
100000
1730
100000
2228
100000
170
865
100000
100000
100000
100000
608
478
100000
728
153
100000
986
100000
100000
100000
1090
474
9730
1173
361
100000
100000
2617
100000
909
100000
3605
100000
100000
1016
100000
48423
183
334
100000
100000
100000
589
1307
797
100000
100000
100000
1217
100000
100000
503
518
100000
100000
1526
399
330
100000
100000
100000
100000
100000
624
627
1130
330
677
850
415
593
479
510
446
395
1153
100000
100000
100000
100000
100000
1498
100000
100000
771
1081
23
299
100000
100000
984
100000
100000
590
155
100000
100000
467
632
6013
100000
379
100000
100000
100000
571
9197
100000
100000
100000
100000
1966
100000
100000
366
4180
100000
525
100000
15067
100000
100000
14390
113
611
100000
100000
100000
890
100000
100000
1019
927
2133
100000
3355
100000
100000
1246
644
100000
100000
100000
100000
100000
2304
100000
197
191
100000
100000
836
114
100000
100000
100000
563
1385
100000
475
158
100000
482
406
100000
98
23
100000
386
44878
123
100000
100000
528
100000
374
100000
100000
100000
251
41485
100000
723
100000
24697
100000
100000
17734
100000
1630
503
826
2876
100000
703
25944
541
388
100000
100000
260
580
113
759
142
596
100000
100000
455
558
100000
100000
100000
104
481
100000
100000
100000
100000
100000
100000
182
510
100000
261
446
184
406
100000
374
100000
600
100000
100000
526
100000
100000
547
410
479
10367
874
100000
100000
41
100000
145
362
100000
100000
100000
100000
100000
658
100000
131
136
541
637
100000
376
100000
380
100000
100000
417
1069
892
1930
4244
578
1966
342
474
1001
552
15604
738
100000
3981
1941
100000
1707
648
100000
1424
126
100000
100000
100000
987
100000
564
100000
100000
100000
2631
246
100000
100000
100000
614
100000
891
100000
100000
100000
100000
100000
350
1992
322
100000
256
100000
100000
100000
304
100000
550
1432
265
1222
579
220
100000
426
100000
853
829
100000
100000
100000
507
100000
167
758
100000
535
549
289
100000
463
9899
623
100000
100000
477
100000
100000
284
100000
631
472
100000
100000
866
295
668
1683
100000
43
100000
2647
100000
836
100000
100000
696
100000
100000
100000
100000
100000
228
100000
5086
100000
100000
761
551
100000
100000
100000
100000
142
100000
690
559
1212
1925
338
100000
100000
100000
8317
2059
72669
175
100000
100000
100000
2995
468
904
100000
530
100000
100000
1987
100000
100000
526
287
221
385
616
632
348
100000
617
100000
588
691
899
100000
353
837
512
100000
508
1184
100000
100000
565
100000
100000
290
394
100000
259
546
22
9024
100000
100000
378
413
504
100000
488
697
543
100000
100000
3787
100000
100000
100000
65
100000
100000
3819
813
100000
100000
100000
799
1411
100000
752
100000
100000
469
484
976
100000
784
320
1420
100000
100000
693
100000
100000
924
421
147
100000
100000
2443
256
866
100000
100000
100000
100000
100000
396
100000
1149
100000
100000
464
1476
286
2509
100000
3995
100000
784
107
100000
286
100000
100000
100000
313
348
100000
100000
2154
100000
100000
211
431
100000
416
292
100000
5751
1285
743
1109
370
100000
262
386
100000
294
100000
345
100000
3
100000
808
100000
100000
18062
100000
499
100000
2257
100000
100000
100000
100000
100000
100000
1
100000
2098
100000
100000
356
169
100000
100000
100000
100000
100000
100000
685
100000
100000
366
100000
3008
100000
100000
634
508
1012
100000
1708
363
6173
100000
324
558
100000
100000
100000
799
100000
100000
100000
100000
100000
100000
100000
4486
303
100000
741
1850
100000
390
671
100000
834
934
100000
4575
545
100000
100000
249
100000
4529
1540
291
100000
471
922
191
100000
302
700
100000
1896
446
995
170
100000
142
100000
705
100000
100000
100000
100000
100000
100000
100000
100000
1694
1507
189
148
483
761
100000
356
100000
725
2140
100000
100000
1365
4561
182
1101
190
28205
100000
1548
100000
100000
100000
185
2358
684
490
100000
569
803
116
100000
100000
503
1554
100000
100000
100000
221
100000
100000
100000
100000
1373
497
1486
100000
473
471
100000
100000
207
152
100000
614
941
525
100000
100000
350
100000
613
1086
100000
207
100000
1028
564
100000
100000
100000
100000
659
100000
100000
100000
100000
100000
100000
514
716
100000
100000
100000
642
267
640
321
2411
100000
520
4611
100000
100000
100000
100000
1061
100000
100000
100000
535
100000
100000
100000
100000
2163
485
349
303
6806
100000
100000
471
18858
649
100000
100000
100000
527
100000
328
100000
947
1255
100000
100000
100000
100000
1016
16857
100000
586
100000
503
100000
391
100000
692
100000
729
236
8155
834
100000
100000
100000
185
9320
679
100000
100000
100000
100000
184
517
100000
319
100000
621
2062
534
1662
100000
100000
100000
559
1403
100000
939
1120
892
100000
3776
100000
162
1073
100000
100000
345
161
100000
159
100000
1117
38
382
100000
100000
100000
100000
1523
1782
551
100000
100000
763
811
886
480
1894
100000
10439
284
100000
834
316
100000
100000
100000
100000
186
100000
1067
1162
590
442
100000
160
100000
2517
295
469
100000
76
100000
457
831
314
366
684
100000
853
100000
100000
3914
13063
100000
100000
100000
100000
100000
724
100000
171
398
312
100000
325
403
357
100000
215
426
4449
100000
100000
408
100000
100000
100000
384
366
306
325
372
236
895
100000
100000
793
100000
811
649
100000
877
100000
568
100000
100000
100000
100000
850
100000
100000
1060
100000
530
100000
4727
182
100000
100000
1092
100000
4695
100000
100000
100000
100000
100000
100000
100000
131
367
100000
100000
100000
100000
100000
723
100000
2018
100000
33417
275
522
195
82
385
100000
100000
409
100000
100000
100000
243
100000
100000
100000
131
100000
100000
100000
100000
2131
100000
100000
773
2150
100000
100000
100000
149
100000
100000
100000
273
5176
100000
100000
100000
675
1313
100000
244
611
1969
515
397
100000
535
446
100000
100000
100000
100000
237
100000
1039
100000
100000
100000
181
776
3525
312
100000
512
287
100000
3476
100000
590
100000
100000
100000
7049
16297
100000
445
563
100000
883
274
100000
100000
769
26177
8150
2200
2233
100000
264
1426
942
100000
491
1194
100000
2416
100000
197
100000
100000
100000
647
133
954
100000
100000
1003
8036
100000
500
506
100000
100000
100000
100000
309
100000
5438
100000
948
100000
100000
100000
145
14524
100000
582
100000
109
100000
100000
5657
174
612
285
100000
100000
982
358
3125
294
100000
672
100000
100000
218
2115
943
100000
100000
121
314
512
100000
100000
100000
100000
851
1388
2727
100000
100000
100000
1182
608
262
100000
335
100000
147
1026
2749
100000
100000
254
100000
333
100000
100000
100000
1097
2075
1193
100000
1108
100000
261
100000
100000
100000
100000
316
625
100000
100000
100000
100000
100000
100000
100000
100000
100000
585
615
3429
119
1993
100000
370
365
1697
891
100000
1677
663
100000
187
421
459
629
100000
609
3
108
1478
198
6187
194
100000
100000
100000
100000
100000
265
100000
100000
1160
100000
297
185
338
100000
265
597
590
723
100000
611
100000
796
100000
327
541
100000
100000
2323
13547
707
100000
54
5158
100000
100000
33217
100000
1036
100000
100000
100000
1002
12914
128
1370
339
525
380
100000
56
100000
100000
100000
100000
6114
922
426
2284
605
271
272
592
581
312
100000
100000
100000
100000
955
100000
314
100000
3831
3525
100000
100000
436
100000
100000
100000
1310
248
100000
100000
29
100000
100000
100000
661
627
405
100000
33318
100000
100000
1113
100000
100000
100000
100000
100000
446
100000
100000
1623
100000
854
100000
100000
391
797
54
100000
1529
49823
389
164
791
100000
100000
564
100000
117
1457
194
100000
100000
100000
100000
100000
100000
1035
217
709
2157
100000
100000
6188
100000
571
100000
100000
9110
22
100000
100000
216
100000
100000
446
479
100000
100000
100000
100000
1067
100000
3636
100000
100000
100000
100000
100000
68
100000
167
1120
418
100000
402
100000
100000
100000
123
100000
100000
401
683
100000
109
100000
100000
275
100000
667
100000
100000
100000
100000
33787
4570
100000
408
840
618
479
723
48
100000
100000
100000
225
242
10788
100000
100000
100000
537
556
130
100000
395
695
100000
138
589
100000
304
1913
301
562
502
890
286
100000
100000
395
7676
100000
100000
100000
100000
75
1607
100000
308
718
100000
46
758
103
103
100000
100000
10334
745
100000
100000
100000
1446
100000
190
100000
874
100000
100000
201
100000
130
100000
663
100000
506
100000
100000
39
299
100000
1306
100000
2330
478
100000
100000
861
100000
100000
763
100000
312
100000
267
1359
1037
100000
1646
251
3245
100000
928
496
100000
100000
246
100000
100000
100000
100000
100000
100000
100000
549
100000
100000
100000
100000
400
579
796
206
511
262
291
100000
100000
100000
386
332
100000
100000
100000
100000
1734
470
100000
100000
100000
100000
832
616
4434
141
100000
100000
202
311
228
100000
121
100000
1019
381
100000
100000
100000
423
666
100000
100000
220
100000
375
49
100000
100000
100000
100000
100000
700
7324
387
100000
100000
100000
669
100000
480
106
306
4145
761
100000
37369
730
466
684
5995
129
100000
304
1096
528
100000
100000
1049
100000
100000
100000
325
481
1504
2136
1148
402
100000
454
379
1216
100000
100000
100000
179
100000
130
489
100000
559
100000
100000
100000
1225
508
100000
100000
100000
100000
100000
1191
556
367
100000
100000
85
100000
100000
100000
378
336
100000
856
569
100000
521
557
880
100000
885
14574
1362
100000
122
1935
100000
100000
180
100000
100000
100000
1043
1725
100000
803
100000
1412
3144
100000
100000
100000
100000
438
487
100000
555
2617
100000
5161
100000
1243
998
100000
1051
709
100000
1689
100000
100000
1101
100000
139
505
100000
100000
629
329
100000
100000
100000
100000
515
513
100000
575
100000
100000
100000
100000
100000
100000
100000
454
100000
299
884
581
100000
100000
540
100000
100000
100000
917
100000
4677
100000
583
100000
354
100000
100000
100000
100000
100000
100000
183
100000
100000
100000
1038
427
6181
100000
100000
318
100000
100000
3374
100000
100000
111
100000
908
100000
100000
100000
100000
1532
195
100000
456
100000
100000
138
100000
17
1026
546
763
394
2699
100000
225
942
653
100000
100000
100000
3089
100000
2564
100000
100000
1041
416
799
100000
1962
727
100000
475
1717
100000
100000
439
100000
100000
346
100000
917
568
122
339
144
100000
100000
100000
100000
726
100000
100000
599
100000
100000
5940
100000
495
455
1543
429
100000
588
100000
217
100000
356
100000
100000
100000
108
100000
2548
841
100000
226
4540
368
257
100000
1449
2462
100000
1418
410
1171
416
100000
100000
100000
287
943
100000
1837
359
555
100000
100000
100000
1702
100000
793
100000
656
2016
563
491
100000
215
100000
100000
100000
469
100000
1552
100000
87
100000
478
100000
635
1291
100000
1370
140
100000
335
2252
2401
100000
843
100000
774
100000
100000
411
167
538
87
969
350
2340
100000
100000
548
400
1993
573
100000
100000
586
100000
100000
613
336
100000
2637
491
602
1115
100000
100000
100000
100000
100000
100000
440
38600
100000
100000
100000
100000
100000
283
100000
251
44130
100000
100000
100000
723
268
997
100000
100000
3857
100000
100000
100000
505
132
947
466
167
1014
100000
100000
100000
100000
698
100000
100000
134
100000
100000
100000
638
1099
28250
100000
257
628
201
100000
143
100000
100000
100000
630
100000
100000
100000
422
641
11278
44845
100000
100000
100000
100000
899
3001
623
100000
100000
100000
529
551
210
100000
92
1088
277
100000
100000
152
188
100000
100000
2004
100000
100000
483
1401
100000
100000
3854
100000
100000
100000
100000
100000
100000
100000
458
612
100000
100000
413
1834
676
100000
100000
100000
100000
100000
100000
100000
100000
97
100000
1006
4374
100000
100000
502
1120
155
150
313
100000
100000
100000
215
100000
391
100000
128
100000
805
100000
1092
447
100000
100000
470
100000
1598
100000
100000
100000
1075
527
854
444
115
100000
483
624
100000
100000
100000
537
1161
100000
100000
473
100000
100000
148
100000
100000
100000
100000
100000
100000
916
100000
542
87
100000
97
589
2067
256
100000
5763
904
100000
193
252
100000
691
100000
387
100000
100000
1331
692
281
100000
100000
653
100000
237
100000
100000
198
100000
100000
100000
492
100000
100000
358
100000
100000
564
100000
100000
100000
431
100000
100000
1200
100000
586
142
100000
306
100000
100000
100000
100000
266
4497
100000
701
995
100000
100000
424
833
100000
100000
1207
4398
100000
100000
100000
100000
100000
6272
100000
70
2000
763
100000
634
3977
100000
1454
100000
374
729
107
411
109
100000
4275
100000
100000
772
100000
100000
352
100000
821
100000
100000
100000
4534
399
29747
100000
2710
803
214
5241
100000
296
100000
266
100000
2859
100000
100000
106
100000
100000
833
100000
1344
270
157
100000
26176
150
100000
123
272
391
946
100000
34
100000
100000
413
357
521
213
211
100000
747
100000
100000
839
100000
462
394
100000
100000
100000
594
298
100000
816
147
100000
375
6146
896
100000
100000
100000
110
100000
100000
498
19596
100000
100000
989
6163
100000
100000
1126
1301
631
6507
1046
100000
100000
100000
100000
100000
100000
447
100000
751
100000
746
100000
100000
506
100000
100000
208
100000
220
100000
100000
1260
1
577
100000
100000
1444
132
4812
100000
100000
236
100000
528
100000
100000
313
17747
100000
259
100000
328
100000
100000
100000
268
378
28049
810
109
100000
100000
100000
730
899
771
103
100000
100000
100000
100000
656
158
17800
14430
597
1438
275
100000
100000
100000
100000
100000
100000
2187
253
100000
100000
137
3164
806
261
100000
196
100000
2950
100000
100000
617
100000
59
2107
100000
1617
12235
100000
100000
1995
100000
2455
100000
100000
100000
456
100000
170
100000
2924
100000
690
100000
100000
100000
100000
100000
444
445
701
587
100000
706
535
825
573
3183
100000
100000
100000
546
254
905
2466
100000
100000
100000
100000
416
172
100000
100000
100000
100000
420
100000
100000
641
285
100000
963
5078
1
100000
576
542
100000
100000
510
328
100000
100000
8335
100000
380
350
100000
618
516
100000
100000
98
743
539
2241
858
100000
665
100000
100000
959
100000
331
1482
130
100000
389
323
1352
100000
188
1128
100000
100000
100000
100000
100000
888
100000
1198
100000
119
443
638
100000
148
147
100000
100000
100000
217
550
100000
611
400
224
5918
652
741
397
100000
264
1182
260
2348
519
481
100000
629
593
100000
963
100000
725
751
100000
2440
86
100000
252
100000
585
1241
100000
111
662
1749
100000
100000
1507
703
100000
100000
100000
2648
485
100000
100000
100000
100000
191
732
100000
100000
1661
622
100000
131
52
100000
1502
100000
100000
205
592
100000
100000
100000
517
613
1856
100000
100000
100000
100000
795
608
30
359
365
196
100000
3986
105
100000
4166
100000
622
100000
59
693
100000
190
511
1055
100000
580
463
573
100000
100000
146
247
473
100000
100000
100000
432
284
654
10805
100000
100000
801
264
100000
100000
100000
100000
2700
100000
2910
100000
100000
100000
568
100000
100000
458
3775
493
100000
718
173
100000
672
100000
589
100000
100000
100000
100000
249
129
764
1722
100000
100000
100000
477
100000
100000
100000
100000
100000
1145
100000
100000
268
1595
170
1107
118
1051
329
100000
100000
103
2631
3293
953
100000
100000
100000
811
100000
100000
496
18895
1216
364
100000
100000
100000
544
100000
100000
100000
100000
1569
192
420
100000
5006
100000
100000
100000
100000
124
100000
1090
100000
614
625
100000
457
100000
100000
100000
151
1159
694
587
100000
100000
2601
640
530
100000
1443
394
263
100000
100000
100000
233
100000
428
100000
174
100000
927
117
639
100000
894
100000
100000
654
133
862
445
2182
128
100000
1690
274
100000
100000
580
512
2681
182
100000
2384
100000
1581
100000
1017
638
542
769
100000
100000
100000
100000
100000
100000
11862
100000
100000
100000
100000
100000
103
100000
251
100000
100000
100000
100000
505
43369
288
100000
203
392
335
420
100000
100000
100000
170
100000
3729
100000
395
656
1014
100000
100000
508
100000
100000
661
100000
100000
100000
100000
100000
960
276
100000
233
1131
630
100000
848
359
339
100000
100000
100000
100000
290
100000
467
198
100000
470
100000
100000
296
100000
3743
100000
100000
1351
100000
100000
633
546
821
100000
660
884
174
100000
100000
100000
2085
848
304
986
266
817
100000
100000
100000
461
100000
100000
100000
897
522
1132
100000
18013
343
314
889
100000
16935
100000
100000
100000
100000
1069
1080
100000
100000
100000
100000
100000
100000
289
514
100000
980
100000
432
100000
100000
100000
11059
100000
100000
1061
100000
100000
100000
100000
1942
100000
407
1298
100000
3532
1034
227
142
100000
100000
100000
1869
716
100000
2020
100000
394
100000
100000
100000
100000
100000
237
100000
782
100000
203
100000
100000
740
844
1298
342
2613
1858
768
726
100000
100000
100000
502
100000
100000
100000
1162
100000
100000
100000
100000
100000
15773
100000
2672
556
100000
100000
100000
5147
44430
734
100000
171
100000
100000
100000
903
351
100000
1309
1101
508
175
1008
100000
474
100000
100000
100000
291
1236
100000
384
230
100000
100000
100000
1264
100000
419
100000
100000
100000
231
100000
100000
484
100000
415
1159
100000
100000
677
252
2214
394
100000
100000
100000
1028
185
100000
100000
100000
100000
100000
100000
100000
294
2519
751
100000
387
100000
69
352
100000
100000
1346
669
543
964
507
100000
100000
533
220
918
118
100000
1459
365
100000
100000
100000
100000
100000
100000
627
707
3997
100000
4703
100000
492
100000
750
100000
391
100000
684
100000
100000
3925
100000
100000
515
251
1293
100000
1338
277
643
12273
100000
100000
523
181
100000
255
1642
100000
100000
100000
276
100000
504
100000
91
100000
6474
471
702
817
100000
488
100000
100000
260
100000
488
100000
1021
100000
195
100000
2518
100000
1508
100000
100000
7815
100000
100000
552
100000
100000
100000
902
1249
3240
395
100000
1528
685
100000
361
100000
1196
3485
100000
621
100000
100000
100000
416
318
236
100000
19644
100000
100000
3545
1334
100000
2264
100000
1032
100000
100000
100000
100000
635
100000
620
100000
1202
197
447
100000
430
238
488
100000
193
100000
605
100000
100000
613
100000
100000
100000
100000
100000
100000
100000
100000
100000
281
100000
100000
176
100000
100000
100000
100000
11308
2608
657
214
258
6238
100000
100000
560
52
5402
523
100000
100000
58
100000
2681
655
100000
71
172
6803
100000
100000
100000
379
100000
100000
100000
255
100000
225
605
100000
100000
100000
100000
100000
100000
1960
505
100000
478
484
268
318
640
100000
100000
439
100000
100000
100000
438
153
820
100000
937
424
100000
431
376
14318
100000
100000
100000
100000
100000
100000
86
100000
100000
100000
299
486
100000
100000
1045
100000
100000
100000
343
100000
914
2398
315
398
1154
100000
100000
469
545
100000
100000
439
1505
100000
826
284
1033
997
100000
1976
100000
691
100000
100000
1029
504
48
888
100
100000
197
100000
100000
681
100000
100000
75
90
100000
100000
100000
100000
114
100000
468
100000
100000
100000
1180
13996
533
1196
941
513
324
1946
100000
371
163
584
409
100000
487
100000
100000
507
100000
100000
1096
100000
432
100000
100000
100000
100000
312
1985
100000
926
100000
100000
100000
100000
879
875
98
955
100000
282
263
658
1351
100000
375
100000
1351
605
100000
458
100000
100000
100000
100000
100000
345
726
93
100000
716
100000
429
1436
323
100000
100000
690
4429
311
100000
110
100000
100000
100000
183
100000
2568
100000
456
100000
1024
100000
528
578
100000
580
1173
100000
100000
930
979
100000
100000
1035
825
100000
100000
100000
100000
219
536
987
100000
573
341
1077
100000
576
100000
100000
100000
100000
100000
100000
100000
100000
506
100000
600
252
100000
2719
655
553
100000
725
11600
100000
1785
100000
193
8435
100000
100000
100000
333
100000
460
1027
472
793
100000
1013
1035
100000
100000
3510
100000
275
553
374
100000
519
100000
1199
833
100000
941
1975
80
503
920
100000
100000
100000
100000
958
1330
966
100000
100000
1233
100000
351
579
100000
699
613
391
618
2332
100000
100000
100000
100000
1913
100000
536
100000
100000
100000
374
491
100000
469
100000
100000
100000
100000
100000
290
1263
1166
100000
605
100000
430
1075
180
100000
25719
602
100000
100000
974
100000
100000
1574
100000
396
100000
2283
417
100000
100000
100000
100000
512
100000
100000
7363
100000
411
1297
355
929
3592
479
536
335
623
773
458
648
704
100000
100000
100000
593
1138
2007
884
2485
1092
820
100000
460
100000
100000
426
515
275
181
4112
810
185
421
2726
413
100000
100000
100000
70
100000
100000
2313
100000
100000
100000
827
706
100000
114
343
1150
100000
100000
100000
100000
100000
938
100000
611
764
100000
1036
567
825
100000
100000
100000
100000
100000
148
100000
525
339
100000
100000
552
222
100000
100000
269
219
100000
100000
100000
386
100000
100000
100000
100000
100000
458
100000
714
49
100000
686
99
100000
100000
939
100000
100000
100000
2222
2100
595
104
675
100000
100000
100000
142
100000
100000
100000
100000
100000
100000
100000
100000
368
100000
1110
100000
100000
100000
8911
100000
100000
589
469
100000
100000
240
27
16257
1036
100000
7581
504
85
1311
286
821
362
590
995
100000
1223
100000
100000
100000
696
261
100000
100000
100000
717
100000
100000
100000
399
100000
100000
100000
100000
820
1160
346
646
273
100000
119
100000
197
100000
493
949
100000
1
100000
442
100000
100000
100000
1351
248
243
100000
100000
100000
100000
1398
100000
100000
610
100000
100000
100000
168
273
56
100000
100000
100000
100000
100000
100000
100000
1390
100000
396
100000
648
3890
100000
677
100000
100000
595
390
457
100000
100000
1014
100000
877
168
290
3346
100000
100000
271
100000
4030
1334
512
100000
151
100000
100000
150
2198
131
100000
235
100000
723
354
100000
100000
431
1176
459
100000
253
916
161
720
530
550
100000
365
782
525
100000
100000
100000
816
100000
100000
100000
100000
100000
584
507
100000
100000
100000
100000
100000
723
100000
559
313
100000
368
6456
377
880
100000
950
100000
100000
25950
100000
324
542
607
306
1394
100000
100000
247
100000
100000
100000
9372
167
100000
1700
100000
219
298
229
100000
542
100000
3173
270
100000
1254
100000
100000
100000
592
100000
100000
100000
644
100000
1202
100000
100000
100000
100000
105
100000
1355
395
663
674
100000
3712
356
368
1141
754
1651
100000
1311
100000
300
100000
100000
100000
100000
100000
737
425
360
327
811
202
742
15480
100000
778
100000
100000
100000
100000
622
100000
8076
100000
487
3152
100000
100000
100000
100000
100000
291
305
532
100000
614
100000
100000
100000
100000
396
738
640
2794
251
1904
762
194
100000
100000
867
100000
100000
100000
451
100000
114
666
1201
938
100000
963
126
100000
100000
2043
100000
184
100000
95
2567
122
10750
114
100000
892
100000
799
100000
100000
100000
461
934
100000
740
100000
1
100000
644
100000
100000
1085
292
100000
309
100000
499
100000
100000
131
238
108
858
1271
100000
100000
100000
100000
100000
100000
100000
100000
565
63
100000
229
100000
100000
1132
100000
1185
605
100000
107
100000
304
128
100000
398
100000
300
100000
192
648
73
342
222
249
53
100000
305
258
826
100000
100000
100000
1214
3505
100000
494
726
796
722
100000
100000
100000
100000
580
871
100000
148
100000
1636
845
100000
829
100000
516
100000
100000
1468
100000
100000
827
763
354
100000
163
100000
100000
404
510
689
696
560
100000
41
16217
470
769
506
100000
100000
272
6183
55
548
100000
445
530
42
55
193
255
168
995
100000
100000
100000
100000
1273
4027
100000
100000
100000
303
499
404
100000
100000
100000
2776
430
19263
100000
100000
123
3195
100000
393
100000
100000
394
116
100000
190
1073
46
100000
1208
100000
1136
231
100000
664
1215
100000
475
100000
613
100000
100000
580
100000
608
868
6322
100000
100000
100000
100000
100000
470
100000
535
100000
100000
100000
282
87
100000
28011
100000
1107
100000
1107
100000
283
1526
454
733
537
100000
928
451
100000
186
100000
710
100000
455
293
100000
244
100000
100000
441
1118
100000
100000
100000
100000
949
100000
100000
11419
100000
163
379
415
1405
100000
844
100000
713
300
100000
100000
100000
100000
874
546
384
186
100000
100000
100000
100000
100000
100000
100000
1039
149
100000
100000
100000
255
146
100000
998
100000
100000
675
100000
100000
100000
450
100000
100000
58
1094
307
100000
490
240
100000
100000
314
100000
100000
243
664
100000
100000
600
455
100000
100000
100000
100000
1046
100000
100000
100000
608
100000
372
100000
509
100000
100000
100000
100000
100000
100000
100000
2710
100000
680
476
100000
100000
756
100000
100000
100000
651
100000
100000
98
966
100000
743
222
691
100000
100000
1
2456
100000
487
740
100000
1164
201
852
100000
100000
1321
993
905
143
3783
1752
769
576
100000
100000
19430
100000
24511
1080
718
100000
100000
785
567
841
100000
871
559
85
100000
100000
100000
687
100000
1233
100000
146
100000
100000
100000
517
100000
100000
724
100000
100000
100000
874
100000
3646
100000
100000
100000
388
100000
100000
100000
3389
100000
382
932
100000
206
3081
197
2119
668
100000
868
100000
100000
558
100000
377
1197
709
114
100000
100000
100000
2084
5657
248
100000
38
100000
100000
100000
100000
100000
100000
478
487
100000
100000
607
880
409
100000
303
10719
100000
100000
100000
100000
456
435
100000
100000
100000
100000
100000
100000
455
100000
132
100000
100000
1989
100000
100000
100000
100000
100000
100000
1629
220
2581
502
1
100000
100000
100000
100000
100000
5330
100000
100000
13519
139
3806
100000
100000
100000
100000
100000
57
100000
100000
100000
100000
100000
760
100000
1220
355
100000
1803
942
1124
3127
402
795
100000
100000
610
100000
3242
100000
100000
100000
168
942
258
414
754
100000
100000
100000
100000
100000
100000
944
100000
601
820
100000
2000
61
100000
625
100000
100000
100000
452
286
8189
100000
18309
473
100000
100000
812
100000
100000
270
464
363
100000
100000
923
875
100000
870
286
361
100000
419
100000
433
100000
100000
552
100000
973
100000
100000
578
831
100000
100000
100000
606
100000
468
184
100000
100000
2097
100000
100000
100000
1103
447
100000
321
17388
100000
344
100000
100000
100000
494
100000
100000
100000
100000
833
1044
100000
100000
100000
720
298
508
100000
100000
100000
100000
775
100000
454
100000
100000
1459
242
100000
794
459
294
613
747
100000
100000
1876
100000
501
100000
100000
328
100000
100000
100000
100000
130
100000
230
1022
100000
100000
459
1046
100000
100000
100000
613
526
100000
537
423
100000
100000
100000
2187
100000
977
343
3838
100000
100000
100000
100000
100000
12090
100000
100000
490
1223
866
100000
100000
100000
100000
100000
100000
100000
100000
39267
100000
3254
151
100000
100000
555
428
344
186
100000
695
100000
100000
100000
309
310
100000
332
2509
100000
100000
100000
100000
100000
100000
100000
1145
100000
282
100000
100000
399
386
100000
733
16876
100000
617
100000
100000
100000
100000
100000
100000
101
506
217
100000
100000
100000
520
100000
631
102
1612
100000
582
689
537
100000
1115
100000
218
100000
100000
100000
100000
1168
100000
1144
100000
100000
100000
306
823
100000
100000
100000
100000
100000
100000
100000
7049
1071
173
100000
921
100000
100000
394
28502
100000
100000
100000
850
7314
1138
535
100000
950
100000
100000
100000
514
100000
100000
100000
769
3434
100000
952
1277
659
100000
147
100000
516
100000
100000
421
100000
160
100000
200
121
1240
100000
100000
983
138
100000
1072
100000
1052
100000
100000
464
770
100000
100000
334
100000
331
100000
1062
313
1884
100000
100000
452
100000
130
1134
222
100000
100000
100000
68
625
798
446
323
923
51
100000
103
100000
100000
1609
251
235
483
191
1610
100000
881
100000
100000
2129
759
100000
100000
183
486
100000
100000
100000
277
100000
100000
844
8942
16628
804
100000
100000
238
100000
1020
2417
650
826
568
2205
873
100000
338
100000
100000
100000
100000
757
100000
473
426
100000
1540
100000
1264
100000
7245
100000
100000
371
2023
100000
100000
272
100000
100000
100000
100000
359
100000
144
7911
548
100000
299
100000
100000
100000
100000
17933
161
345
100000
617
100000
724
100000
100000
100000
100000
732
100000
100000
858
958
100000
125
675
100000
508
272
100000
610
100000
100000
100000
100000
137
420
983
290
627
881
100000
100000
1267
156
100000
257
1191
100000
100000
379
100000
100000
849
100000
648
5220
853
100000
311
100000
16559
389
100000
100000
100000
389
629
654
23412
788
100000
100000
100000
100000
2448
1433
873
49978
100000
100000
100000
403
1353
343
100000
100000
100000
1059
977
100000
5714
718
16677
816
100000
244
495
100000
100000
100000
100000
100000
1077
100000
100000
473
567
268
100000
852
100000
445
100000
252
100000
100000
100000
534
6127
100000
396
234
100000
100000
100000
3341
634
100000
178
100000
183
100000
100000
434
100000
100000
401
599
100000
100000
10693
10312
100000
100000
100000
10732
100000
100000
470
100000
81
2543
100000
419
100000
100000
322
247
100000
627
802
2517
150
769
100000
813
2931
100000
1173
4676
4141
459
636
100000
847
424
8144
824
100000
100000
351
247
100000
20065
438
100000
1280
100
100000
10156
1113
481
453
743
100000
100000
585
18987
100000
985
531
1314
100000
100000
100000
100000
100000
255
100000
100000
261
592
100000
100000
100000
100000
19825
100000
215
20
100000
398
100000
99
100000
789
218
203
100000
295
100000
100000
100000
444
100000
100000
100000
387
100000
613
62
160
274
100000
206
100000
888
142
100000
100000
40088
547
355
450
100000
18669
1059
622
891
173
430
100000
259
747
769
100000
100000
100000
877
27
110
194
100000
100000
388
26490
100000
100000
567
15727
362
6978
328
100000
432
863
109
1089
100000
100000
100000
218
100000
100000
100000
100000
401
192
353
236
332
100000
720
659
100000
100000
18202
100000
566
73
375
100000
100000
100000
1540
100000
100000
100000
7826
100000
100000
100000
618
100000
100000
100000
2587
1280
455
554
773
17565
100000
562
100000
100000
789
100000
100000
100000
2002
100000
100000
100000
100000
100000
607
100000
479
465
100000
578
100000
100000
579
195
100000
1745
100000
100000
277
100000
100000
936
100000
100000
441
100000
144
100000
100000
100000
326
100000
503
100000
100000
100000
100000
100000
506
100000
100000
100000
100000
620
291
635
100000
377
400
226
938
1124
344
453
843
100000
415
263
100000
100000
17
100000
100000
62
4652
43700
100000
222
100000
203
100000
1132
100000
100000
100000
100000
100000
334
1784
100000
100000
234
100000
423
100000
100000
724
962
996
100000
100000
312
100000
238
100000
106
100000
100000
1143
100000
228
100000
100000
100000
453
100000
100000
100000
6781
583
177
93
100000
100000
354
100000
100000
100000
845
100000
486
100000
1812
307
2314
3874
100000
217
711
531
683
100000
14885
100000
7313
100000
1005
100000
100000
48134
16621
4040
1333
100000
100000
100000
357
100000
468
1361
100000
809
100000
596
716
651
231
798
100000
710
506
1905
541
100000
19834
100000
100000
846
578
100000
100000
524
100000
774
1013
100000
100000
100000
100000
626
377
4136
100000
100000
100000
100000
123
100000
100000
100000
7105
309
42541
100000
331
336
100000
100000
100000
100000
100000
100000
353
448
726
100000
340
246
100000
100000
782
100000
100000
136
80
100000
390
100000
100000
269
100000
100000
100000
1190
415
100000
100000
313
5549
100000
100000
100000
2276
26307
416
100000
100000
100000
752
100000
100000
1013
566
816
661
1690
100000
100000
100000
100000
1448
100000
533
100000
525
100000
466
100000
85
100000
100000
238
896
2234
347
1219
100000
100000
100000
568
621
100000
100000
100000
100000
383
100000
570
100000
511
100000
100000
698
1362
869
1534
735
100000
440
1198
164
100000
100000
100000
100000
100000
760
100000
5466
1
2222
2653
536
100000
607
1023
730
100000
100000
100000
212
996
100000
134
1795
3079
1449
100000
100000
100000
620
100000
100000
129
100000
1
100000
906
8760
423
100000
100000
100000
872
367
100000
100000
726
100000
28486
1243
970
100000
100000
3299
100000
504
115
100000
100000
100000
100000
690
1496
100000
100000
49425
100000
1
823
821
442
328
5065
100000
100000
100000
100000
100000
234
100000
1087
100000
509
100000
100000
77
620
100000
875
591
729
100000
647
100000
100000
2870
100000
151
100000
100000
86
1132
100000
100000
100000
100000
100000
100000
100000
907
35303
100000
100000
100000
353
100000
1037
100000
2118
100000
402
677
100000
1350
100000
116
100000
100000
1364
1366
100000
445
100000
100000
189
686
148
100000
100000
227
100000
100000
959
100000
100000
100000
1207
100000
100000
100000
100000
1178
100000
849
451
870
100000
1845
204
703
625
100000
1290
1014
100000
100000
100000
100000
76
100000
229
100000
378
65
100000
259
389
100000
100000
180
358
100000
928
100000
100000
100000
100000
100000
862
660
100000
100000
100000
327
100000
448
100000
487
429
2946
100000
100000
2113
486
1
100000
100000
100000
1012
100000
100000
100000
11292
100000
100000
100000
100000
100000
100000
100000
323
100000
576
883
100000
619
1020
100000
100000
5264
15550
100000
100000
100000
1043
464
100000
100000
100000
100000
118
560
583
100000
100000
100000
100000
100000
654
100000
100000
566
100000
100000
100000
100000
319
100000
100000
32
2357
390
1038
1147
615
201
100000
100000
541
100000
100000
100000
100000
226
100000
954
100000
100000
571
258
758
537
100000
100000
21025
100000
296
632
856
426
3894
100000
736
215
9848
725
100000
100000
522
12211
299
518
1013
100000
100000
2390
772
708
569
100000
129
19238
699
982
100000
100000
100000
100000
100000
100000
100000
100000
926
100000
100000
495
315
106
100000
148
446
332
1864
1162
420
122
100000
100000
100000
100000
100000
100000
295
100000
777
100000
906
100000
704
209
1347
909
4319
100000
826
2188
100000
100000
100000
100000
100000
100000
100000
2294
100000
663
100000
100000
100000
100000
100000
1117
422
100000
100000
100000
100000
100000
100000
1006
306
1054
100000
100000
1232
455
100000
516
100000
100000
100000
100000
100000
100000
100000
100000
100000
100000
100000
100000
731
472
100000
100000
100000
100000
111
100000
100000
100000
100000
893
1273
928
150
100000
530
37355
100000
89
100000
100000
100000
100000
742
100000
743
558
1143
100000
193
889
397
100000
262
100000
100000
596
100000
99
100000
918
100000
100000
1359
710
475
573
100000
100000
100000
485
100000
473
14714
100000
100000
100000
901
182
567
100000
576
100000
100000
100000
285
100000
100000
100000
100000
3980
100000
100000
100000
751
607
100000
2074
447
27
3442
294
100000
236
1
262
100000
1262
100000
100000
100000
100000
666
100000
100000
100000
100000
296
100000
985
420
657
253
100000
1365
100000
100000
6413
279
100000
100000
100000
100000
100000
100000
29573
1059
45
100000
100000
100000
536
907
41393
1580
100000
100000
100000
1048
41704
2112
100000
139
100000
100000
100000
100000
100000
100000
1318
100000
663
100000
100000
100000
6057
443
293
100000
100000
1038
2351
315
100000
100000
100000
367
1845
100000
6172
100000
1314
785
725
100000
863
100000
100000
100000
990
100000
390
597
169
96
100000
300
100000
661
100000
100000
100000
801
424
100000
205
74
100000
100000
1117
1348
1080
100000
1308
541
100000
100000
140
344
100000
100000
6835
100000
1857
100000
100000
100000
225
100000
1205
738
658
100000
524
100000
149
100000
175
100000
1016
265
88
100000
100000
100000
100000
100000
139
1298
922
416
100000
100000
118
581
100000
569
100000
291
642
100000
867
100000
100000
100000
2081
100000
1472
33302
9227
100000
100000
100000
1003
532
100000
100000
607
476
100000
100000
100000
100000
100000
100000
230
1
308
304
100000
100000
100000
100000
100000
100000
100000
710
100000
100000
100000
100000
633
426
100000
100000
100000
100000
100000
100000
3605
580
100000
215
100000
100000
100000
100000
860
100000
100000
845
100000
306
1355
376
100000
140
100000
100000
100000
100000
100000
648
393
100000
321
704
578
475
100000
710
100000
100000
100000
1248
100000
668
100000
155
100000
100000
2700
585
3301
100000
163
296
494
736
285
100000
332
1145
100000
908
100000
100000
100000
100000
449
100000
338
100000
74
100000
417
371
100000
357
342
322
222
617
2523
100000
100000
100000
2361
166
100000
100000
100000
690
100000
2498
100000
100000
100000
100000
506
1028
100000
100000
100000
100000
757
100000
1094
390
100000
1193
636
389
3026
218
644
100000
5293
252
100000
100000
100000
100000
1450
12783
76
100000
100000
306
100000
452
348
100000
426
100000
480
100000
192
2791
751
1106
100000
120
100000
100000
100000
100000
100000
618
100000
100000
100000
100000
100000
25281
304
100000
1083
1713
618
100000
1165
100000
324
1926
100000
100000
165
445
878
257
222
100000
523
569
100000
100000
100000
1060
101
100000
100000
331
3230
100000
100000
991
625
1976
578
100000
164
100000
5823
100000
2480
320
421
100000
308
100000
100000
1119
110
426
407
463
100000
662
1066
100000
100000
100000
100000
100000
118
1314
100000
100000
100000
533
100000
285
100000
8018
454
100000
340
700
322
100000
100000
100000
238
100000
100000
100000
100000
100000
489
100000
292
100000
100000
254
100000
100000
100000
233
139
100000
916
170
278
100000
123
100000
42
100000
100000
1179
1356
100000
774
402
100000
100000
100000
571
1126
397
298
47
100000
235
733
715
100000
100000
100000
156
519
2150
113
876
100000
100000
473
6895
100000
100000
100000
328
330
100000
100000
100000
226
110
100000
100000
100000
100000
100000
242
2141
100000
100000
100000
100000
673
1004
424
293
66
327
11203
100000
100000
209
100000
100000
100000
100000
100000
196
100000
100000
825
100000
24
2146
378
100000
100000
100000
1312
145
397
100000
121
449
100000
558
100000
100000
456
100000
2003
100000
100000
100000
197
100000
628
100000
557
100000
310
470
602
100000
397
505
100000
100000
85
141
420
100000
100000
100000
100000
6852
100000
100000
16790
608
100000
100000
869
100000
100000
614
100000
100000
4417
100000
100000
100000
1
100000
154
100000
606
100000
100000
100000
100000
381
100000
100000
100000
100000
100000
163
549
762
100000
675
100000
1094
100000
206
100000
49958
593
100000
379
100000
741
100000
100000
171
753
100000
100000
1753
473
100000
534
100000
340
412
335
100000
100000
100000
104
73
320
401
100000
3142
263
100000
100000
100000
507
100000
100000
358
157
426
27543
1353
100000
280
100000
311
358
100000
373
100000
100000
100000
100000
100000
628
100000
100000
709
359
427
100000
100000
902
100000
100000
1240
845
100000
100000
100000
100000
100000
253
100000
228
100000
365
100000
100000
143
625
772
2083
686
729
100000
100000
368
100000
46
100000
100000
100000
100000
933
792
205
100000
100000
100000
100000
100000
230
543
2284
63
14059
1
100000
995
236
151
100000
100000
1544
100000
308
1306
100000
748
100000
994
471
100000
100000
100000
100000
133
967
48
720
100000
100000
299
100000
100000
219
100000
100000
616
770
372
1012
100000
370
1192
100000
100000
962
374
82
136
100000
570
295
100000
100000
100000
68
300
100000
100000
1882
1149
80
100000
1953
100000
670
100000
100000
100000
1298
171
478
552
100000
136
810
100000
100000
100000
362
1565
100000
100000
202
802
100000
348
383
100000
100000
947
561
100000
190
100000
100000
568
100000
401
1332
100000
100000
100000
167
677
343
463
100000
100000
554
100000
195
590
594
100000
100000
100000
833
100000
100000
51
3870
607
100000
291
100000
100000
1425
73
167
500
644
100000
526
1545
100000
100000
100000
100000
100000
93
100000
100000
100000
100000
25945
371
334
161
177
100000
271
435
447
100000
100000
100000
100000
288
271
100000
199
100000
100000
100000
1357
701
100000
100000
100000
177
542
100000
100000
100000
10918
100000
100000
100000
276
386
100000
100000
100000
750
2487
100000
100000
465
1332
268
100000
100000
241
407
100000
305
1316
100000
627
100000
100000
100000
100000
336
88
998
100000
2124
564
171
100000
100000
942
383
196
100000
100000
674
104
100000
350
790
100000
474
100000
565
100000
972
100000
100000
100000
149
210
1008
100000
100000
709
60
643
3402
100000
382
100000
2659
466
7849
300
100000
760
582
100000
100000
640
100000
100000
100000
2145
448
4261
398
100000
2209
219
100000
1019
100000
463
100000
100000
473
994
239
250
73
100000
312
100000
612
26637
845
328
79
100000
526
100000
100000
2981
100000
778
493
245
100000
99
792
283
100000
100000
447
268
100000
370
557
100000
18844
288
711
100000
100000
5616
914
29193
100000
324
100000
100000
100000
100000
492
100000
100000
1064
233
161
1250
49
100000
100000
100000
100000
100000
100000
793
100000
100000
100000
675
1001
100000
100000
338
18483
1
100000
100000
566
100000
100000
1192
100000
100000
100000
100000
100000
635
100000
100000
100000
506
100000
100000
100000
100000
3333
100000
582
870
1306
634
197
100000
100000
791
100000
100000
100000
100000
100000
4990
239
100000
100000
100000
100000
100000
263
1031
100000
100000
100000
2112
61
100000
100000
831
17601
964
213
100000
100000
100000
100000
100000
552
100000
754
100000
688
440
40560
100000
100000
170
2675
100000
354
219
333
100000
100000
617
100000
647
100000
2320
100000
100000
533
100000
100000
100000
158
100000
100000
100000
2519
100000
991
530
100000
307
537
440
100000
1127
100000
572
100000
86
43267
454
100000
235
100000
100000
1360
623
373
100000
100000
188
344
100000
2017
100000
100000
401
100000
168
100000
1392
758
3165
147
520
100000
100000
100000
769
100000
100000
100000
467
2921
100000
100000
100000
100000
100000
141
625
100000
736
979
100000
1265
656
853
1717
100000
100000
100000
325
100000
100000
100000
100000
1602
100000
100000
412
100000
100000
100000
250
100000
100000
778
100000
221
100000
100000
100000
666
100000
697
100000
100000
100000
100000
100000
100000
100000
100000
779
100000
100000
1041
393
330
266
100000
100000
100000
100000
1052
100000
100000
35646
1337
633
890
100000
55
2281
391
100000
803
448
100000
100000
409
100000
100000
11839
2435
100000
344
100000
1739
100000
667
28
100000
100000
100000
100000
100000
884
306
567
100000
100000
100000
100000
100000
2821
100000
197
163
644
100000
100000
291
908
100000
275
11129
785
100000
371
665
856
100000
100000
385
1176
100000
100000
1162
100000
100000
100000
100000
329
2883
472
100000
100000
111
1123
17768
911
234
100000
671
100000
7661
276
781
100000
300
100000
168
100000
100000
359
100000
100000
100000
100000
100000
797
711
100000
2098
449
100000
100000
576
100000
100000
100000
100000
344
32
2328
100000
100000
100000
320
744
100000
587
100000
421
233
1141
100000
100000
335
477
902
17028
100000
1259
16507
100000
100000
100000
100000
707
612
3239
266
100000
562
818
441
100000
628
165
327
100000
100000
705
100000
155
100000
1175
1050
1093
100000
144
302
100000
100000
100000
1122
100000
1160
444
100000
232
100000
459
616
100000
256
160
206
100000
100000
100000
240
100000
100000
449
100000
498
269
100000
945
248
402
100000
155
100000
1270
427
1034
996
1385
100000
13733
469
129
100000
31461
1642
100000
789
100000
743
653
100000
100000
100000
412
17614
633
4537
807
621
635
100000
151
653
100000
1529
59
100000
3112
986
819
389
470
2242
100000
109
100000
100000
100000
527
237
100000
489
395
496
100000
1598
436
100000
618
100000
820
74
100000
100000
1170
100000
39184
100000
100000
100000
100000
245
328
577
100000
27253
100000
100000
100000
1194
630
100000
3576
1503
100000
681
100000
100000
100000
609
100000
234
518
298
100000
399
100000
838
100000
100000
322
451
533
288
346
100000
100000
52
986
100000
100000
100000
711
100000
100000
100000
100000
1529
100000
100000
191
100000
100000
100000
100000
947
100000
529
100000
507
100000
793
1129
1123
553
217
100000
285
330
754
965
100000
100000
100000
100000
100000
1
1895
711
100000
3599
100000
45153
917
100000
18570
16363
100000
100000
100000
100000
893
195
100000
100000
359
359
182
100000
100000
770
317
2653
6062
1687
764
141
100000
100000
3892
100000
104
100000
100000
744
100000
509
100000
165
1840
100000
432
810
465
100000
100000
100000
100000
412
540
340
438
100000
114
270
100000
42298
100000
100000
100000
177
468
100000
1645
747
100000
100000
100000
945
504
429
1019
100000
486
100000
1270
100000
187
193
100000
180
494
622
100000
100000
354
294
100000
100000
100000
691
100000
1233
100000
112
896
100000
43719
300
100000
517
100000
100000
500
100000
735
100000
100000
100000
100000
100000
136
100000
499
530
10399
100000
430
100000
1972
699
100000
100000
100000
1104
100000
1495
100000
821
831
558
326
15873
376
359
1277
100000
100000
407
930
205
100000
100000
100000
1635
555
647
100000
2226
4847
100000
860
100000
100000
100000
482
100000
100000
100000
100000
100000
612
100000
100000
175
280
100000
489
486
201
908
100000
100000
100000
100000
100000
100000
1713
100000
153
100000
100000
521
100000
100000
500
147
233
971
100000
417
100000
431
100000
461
251
1156
100000
100000
728
1168
481
1216
100000
100000
100000
71
100000
100000
100000
157
484
100000
100000
100000
132
575
100000
100000
29898
320
100000
100000
100000
492
568
100000
100000
2386
1181
18201
100000
100000
100000
100000
100000
424
1061
100000
100000
100000
15958
100000
100000
892
100000
379
100000
100000
272
520
610
181
426
100000
100000
104
255
4328
48
100000
399
100000
100000
100000
400
100000
100000
100000
304
310
19145
566
100000
100000
100000
100000
979
100000
435
100000
100000
100000
204
100000
8858
320
1351
994
100000
100000
611
584
100000
777
100000
100000
219
431
100000
490
100000
100000
203
100000
100000
100000
100000
100000
784
521
100000
86
1803
100000
100000
1
100000
100000
100000
501
100000
272
847
346
100000
100000
100000
100000
100000
629
1080
657
100000
100000
100000
100000
625
599
383
100000
100000
245
100000
1357
100000
100000
100000
283
100000
100000
100000
100000
100000
253
100000
570
1653
1120
503
100000
146
100000
100000
1119
1003
807
100000
203
757
284
532
100000
100000
100000
332
100000
100000
662
988
929
100000
100000
4416
8350
100000
100000
100000
100000
100000
100000
313
100000
100000
100000
740
100000
100000
100000
328
100000
100000
100000
100000
165
100000
100000
244
296
429
483
15368
944
396
100000
100000
840
100000
100000
100000
535
260
100000
778
100000
1287
100000
1781
3127
100000
16587
100000
2112
100000
100000
100000
100000
3420
100000
749
100000
100000
259
100000
1331
100000
100000
100000
1053
100000
268
667
602
100000
100000
508
1936
433
100000
1127
447
143
100000
100000
1362
100000
362
892
825
565
367
100000
100000
100000
100000
100000
840
758
1245
100000
412
215
100000
100000
402
921
100000
100000
182
508
100000
100000
100000
100000
100000
5334
100000
100000
13642
577
100000
1018
450
100000
100000
100000
334
100000
100000
1163
704
100000
100000
100000
321
100000
1952
100000
258
599
100000
858
1302
100000
100000
245
350
100000
290
100000
1421
100000
100000
100000
100000
325
450
2164
262
15478
100000
257
100000
100000
354
100000
393
452
100000
100000
100000
100000
100000
100000
100000
560
100000
100000
935
100000
1196
234
100000
215
21
100000
183
758
820
100000
37
100000
374
100000
100000
100000
1017
100000
100000
100000
963
321
100000
706
100000
100000
562
333
100000
100000
635
348
761
100000
930
100000
8275
100000
477
27261
61
338
430
100000
100000
408
332
111
100000
100000
1562
100000
100000
488
68
180
296
422
817
100000
100000
100000
100000
1
100000
100000
182
100000
7998
100000
183
100000
999
682
100000
100000
100000
294
100000
100000
100000
6099
874
100000
100000
100000
100000
100000
6674
100000
100000
479
100000
162
100000
100000
100000
100000
658
17565
323
100000
515
256
38922
100000
100000
2133
100000
670
100000
127
100000
100000
348
391
100000
100000
494
857
100000
100000
556
348
100000
100000
1628
100000
414
100000
100000
100000
100000
597
870
638
301
1375
340
581
100000
1303
100000
786
647
100000
2125
346
100000
100000
100000
680
195
100000
100000
100000
1599
283
2858
9136
46791
100000
100000
100000
187
100000
5284
100000
100000
188
100000
958
100000
1104
100000
100000
669
100000
100000
2442
349
100000
1998
442
100000
100000
100000
100000
2833
100000
322
100000
383
100000
3119
100000
27442
1075
593
8352
714
1009
594
240
201
425
2050
100000
100000
100000
517
100000
593
484
140
998
906
100000
100000
100000
100000
433
482
100000
342
657
100000
100000
100000
100000
1360
441
100000
100000
100000
100000
100000
327
1213
399
66
527
1120
1073
100000
1196
100000
100000
100000
122
635
343
100000
100000
100000
100000
100000
100000
568
100000
100000
83
2337
476
100000
7579
100000
100000
100000
100000
100000
417
551
92
100000
100000
1426
179
227
100000
2030
1373
3338
100000
100000
145
100000
463
180
100000
100000
2116
100000
100000
100000
228
100000
100000
100000
100000
449
631
100000
125
104
100000
1148
605
100000
100000
753
473
100000
100000
100000
100000
100000
100000
100000
100000
368
100000
100000
100000
100000
200
100000
319
83
100000
100000
391
807
100000
100000
100000
100000
127
100000
100000
635
6551
100000
100000
7120
66
100000
100000
100000
100000
289
385
100000
484
144
235
100000
100000
100000
100000
548
100000
696
100000
335
100000
100000
100000
100000
100000
100000
100000
878
100000
5675
143
864
100000
100000
430
525
100000
1592
100000
489
100000
213
430
581
100000
320
100000
100000
100000
100000
4817
312
100000
100000
583
1734
100000
219
735
100000
100000
643
451
1176
197
214
490
404
2426
266
1323
100000
100000
100000
629
1590
591
171
541
255
148
4057
100000
100000
1156
100000
15975
100000
520
100000
100000
542
100000
100000
100000
100000
100000
114
4390
100000
100000
6627
100000
343
1553
304
607
238
100000
984
173
22969
1061
601
100000
903
100000
100000
100000
100000
441
635
595
325
100000
683
856
100000
100000
641
526
100000
970
100000
2146
377
100000
100000
100000
67
1089
100000
1057
100000
100000
100000
838
624
100000
100000
100000
381
100000
100000
557
1044
370
3175
701
586
100000
100000
100000
1453
100000
100000
100000
100000
100000
100000
48
790
3234
1028
344
100000
100000
100000
456
178
100000
100000
3994
100000
2617
309
100000
601
100000
100000
100000
1273
100000
100000
895
100000
366
100000
100000
68
100000
100000
100000
100000
100000
288
100000
100000
730
317
664
330
496
100000
165
613
100000
111
100000
821
187
100000
100000
100000
100000
415
864
100000
100000
100000
100000
1799
100000
2298
318
187
368
100000
356
100000
669
484
100000
100000
100000
80
100000
100000
100000
697
692
100000
100000
667
97
100000
247
100000
100000
577
100000
18228
255
44
100000
100000
955
420
100000
549
13109
532
100000
5483
218
100000
7354
100000
100000
100000
100000
306
100000
100000
100000
100000
199
33339
100000
100000
100000
100000
1214
100000
100000
100000
2782
192
100000
625
100000
100000
569
661
472
495
1701
100000
1344
2810
100000
100000
466
535
100000
100000
100000
100000
100000
100000
502
685
1109
1856
100000
100000
100000
133
100000
2434
880
100000
74
100000
156
100000
836
100000
87
432
100000
575
394
100000
100000
327
100000
462
100000
337
343
95
405
4127
538
100000
100000
293
184
100000
100000
400
100000
68
692
100000
210
100000
100000
311
100000
110
174
100000
725
100000
100000
100000
551
320
100000
130
100000
100000
100000
100000
329
100000
100000
78
548
13708
100000
100000
526
100000
100000
100000
5178
2482
494
100000
375
100000
478
100000
100000
344
100000
317
327
100000
225
100000
100000
100000
100000
469
100000
100000
452
94
100000
100000
384
951
1085
100000
100000
719
100000
100000
542
194
351
100000
277
298
621
100000
100000
391
100000
445
100000
100000
1580
134
7596
100000
347
3627
774
100000
100000
46
194
100000
48
100000
100000
576
100000
100000
100000
344
1360
399
100000
241
100000
100000
100000
566
832
619
914
195
100000
347
100000
100000
2541
100000
100000
2549
274
100000
613
268
460
100000
100000
100000
100000
998
624
100000
951
944
100000
100000
294
100000
100000
100000
100000
475
544
95
38419
43830
100000
395
100000
1643
373
298
479
100000
966
840
100000
100000
100000
100000
9243
100000
697
100000
100000
597
4413
345
100000
406
2111
100000
100000
317
100000
100000
494
100000
100000
136
2194
700
621
193
401
100000
1256
590
100000
100000
100000
100000
100000
100000
100000
100000
100000
1187
207
100000
222
100000
100000
100000
100000
451
100000
966
366
100000
1394
100000
904
100000
804
253
251
100000
100000
16241
401
2390
245
366
100000
100000
100000
2516
100000
100000
100000
100000
867
591
1994
100000
3784
493
95
100000
352
100000
100000
1790
337
217
1124
100000
100000
330
693
1425
376
100000
100000
100000
100000
100000
1141
100000
166
566
100000
996
137
33491
560
1232
637
1518
100000
378
100000
17715
100000
89
660
368
100000
667
100000
100000
100000
100000
100000
388
100000
175
694
100000
100000
365
489
2076
62
147
1230
100000
100000
100000
100000
100000
418
992
100000
100000
1042
100000
100000
100000
100000
100000
100000
100000
100000
100000
341
100000
313
592
100000
100000
279
186
835
100000
372
212
143
100000
134
495
100000
100000
100000
468
214
439
1280
202
100000
9037
100000
100000
88
47807
100000
100000
100000
100000
286
100000
491
100000
100000
1070
100000
100000
128
116
413
789
100000
100000
100000
320
100000
321
263
190
248
100000
833
100000
100000
840
493
100000
2049
100000
100000
451
613
2924
100000
100000
100000
322
100000
241
100000
100000
429
100000
100000
283
193
100000
1710
100000
446
476
277
100000
1189
271
100000
493
100000
1032
100000
7249
939
280
100000
100000
987
100000
200
100000
100000
505
435
595
965
841
100000
445
100000
100000
1008
1475
100000
3833
100000
507
660
100000
418
100000
100000
135
100000
100000
562
100000
3393
100000
1048
548
614
483
100000
100000
1117
100000
114
100000
6182
1066
812
100000
100000
100000
100000
517
100000
100000
166
3573
100000
168
100000
2123
450
5552
4418
298
632
17751
100000
100000
611
100000
377
319
100000
471
100000
100000
1306
7941
100000
300
100000
214
100000
355
100000
100000
1011
728
611
276
889
586
100000
100000
100000
519
731
433
100000
100000
452
475
760
450
100000
100000
100000
100000
2632
381
100000
100000
266
797
100000
204
428
349
100000
100000
100000
100000
100000
799
611
100000
100000
100000
100000
100000
100000
100000
100000
15818
100000
437
184
100000
100000
100000
422
647
191
1077
100000
153
274
100000
100000
100000
338
100000
676
692
100000
143
100000
256
258
63
351
660
1116
414
100000
2080
100000
100000
100000
460
100000
100000
100000
100000
100000
100000
905
100000
3885
190
1166
100000
100000
917
365
865
100000
100000
861
970
629
100000
100000
100000
1934
140
600
100000
100000
795
242
100000
100000
100000
100000
100000
100000
638
100000
1273
146
159
369
3557
572
100000
278
100000
100000
310
719
80
100000
100000
514
282
308
942
572
100000
100000
100000
655
201
100000
132
100000
100000
727
220
100000
100000
2221
100000
100000
100000
100000
100000
100000
399
100000
865
121
524
1138
100000
5826
592
100000
378
494
218
62
100000
1043
80
100000
100000
100000
100000
483
751
100000
284
100000
100000
1028
100000
100000
581
572
844
100000
100000
100000
4912
100000
175
100000
100000
100000
100000
100000
349
446
226
2449
100000
100000
268
1184
594
16108
195
100000
89
100000
643
100000
100000
100000
100000
100000
100000
100000
13481
100000
3138
1657
100000
360
1795
100000
365
463
278
1285
100000
436
576
462
296
100000
607
100000
100000
100000
195
478
192
1391
629
100000
718
100000
301
136
100000
100000
100000
100000
100000
4416
886
100000
100000
65
100000
100000
321
100000
100000
118
100000
18831
100000
955
100000
1373
100000
243
615
100000
100000
100000
100000
152
1888
637
732
469
100000
100000
343
861
100000
55
100000
100000
100000
100000
100000
100000
100000
489
395
100000
100000
302
18
963
1384
100000
496
100000
358
471
100000
651
197
100000
100000
100000
10
131
100000
100000
775
100000
100000
913
466
100000
100000
81
100000
100000
100000
423
631
139
289
588
556
454
601
100000
100000
949
970
882
100000
100000
591
100000
100000
326
100000
100000
100000
154
100000
100000
100000
511
594
100000
335
100000
1840
28342
46641
100000
77
100000
303
100000
2274
314
100000
637
100000
100000
100000
100000
549
100000
414
100000
381
677
100000
100000
396
222
113
100000
100000
1253
1028
240
100000
100000
692
100000
179
100000
446
768
2752
100000
497
100000
100000
203
100000
100000
705
100000
100000
1139
456
100000
101
100000
208
914
468
100000
100000
100000
810
940
229
269
658
100000
417
285
100000
100000
656
54
100000
100000
100000
487
100000
100000
940
15351
100000
81
549
75
100000
100000
622
100000
100000
100000
2575
229
222
1936
357
186
100000
767
100000
894
100000
100000
100000
504
100000
100000
776
100000
161
100000
485
613
100000
1023
100000
100000
100000
12755
272
369
787
100000
100000
100000
136
100000
100000
1272
1995
686
318
100000
634
190
100000
100000
100000
100000
557
1
100000
1675
100000
100000
134
100000
100000
385
1892
100000
797
100000
100000
100000
470
100000
100000
100000
100000
927
100000
363
100000
100000
471
165
640
403
127
230
262
100000
312
306
100000
100000
303
100000
373
100000
100000
673
100000
160
100000
100000
2000
100000
900
123
100000
250
100000
100000
100000
100000
578
460
100000
100000
196
345
547
659
100000
100000
100000
100000
573
100000
1142
100000
100000
2561
635
435
100000
3289
100000
100000
100000
100000
100000
925
562
4019
470
100000
446
100000
1208
326
100000
100000
604
360
720
100000
100000
100000
846
642
147
990
361
100000
100000
100000
100000
583
100000
2598
100000
534
100000
100000
431
100000
812
192
626
100000
100000
394
100000
797
100000
299
359
100000
100000
84
100000
100000
100000
100000
100000
100000
1263
622
2260
100000
394
100000
100000
150
100000
1259
196
100000
46106
100000
235
100000
100000
771
85
100000
814
427
2735
61
100000
446
350
474
203
500
100000
100000
409
100000
256
241
1
863
100000
794
345
100000
124
1762
122
1281
100000
100000
100000
100000
100000
100000
322
100000
100000
100000
100000
100000
832
176
100000
80
5608
282
600
397
3128
307
100000
1687
100000
100000
257
562
47027
1014
37
100000
670
1298
100000
265
316
354
79
100000
308
100000
429
100000
641
763
100000
256
1412
100000
618
100000
110
100000
345
100000
100000
411
13777
451
60
501
100000
100000
100000
504
100000
100000
100000
98
100000
100000
100000
100000
701
556
404
100000
717
617
100000
100000
100000
380
344
100000
100000
100000
100000
264
100000
100000
257
100000
100000
100000
100000
100000
265
753
100000
2128
195
100000
100000
199
100000
100000
500
100000
100000
444
100000
114
100000
949
1317
971
100000
601
1814
574
100000
100000
6572
100000
100000
1032
100000
803
100000
100000
595
100000
339
807
361
100000
730
100000
100000
100000
204
1097
100000
1845
100000
389
113
100000
100000
1253
100000
633
211
100000
554
1201
100000
383
4387
100000
100000
475
779
100000
100000
100000
100000
400
100000
100000
349
100000
100000
625
1750
1359
100000
100000
29112
100000
100000
369
974
100000
681
100000
646
549
349
80
100000
100000
100000
100000
1019
100000
12995
337
226
2268
745
19418
775
100000
2512
777
4770
63
100000
100000
100000
745
100000
100000
100000
11207
86
1410
1086
100000
100000
791
240
776
2833
100000
100000
220
2743
124
2060
325
501
100000
516
834
107
100000
638
100000
100000
437
100000
771
100000
100000
433
15708
1157
747
320
189
100000
100000
751
573
100000
2015
100000
100000
100000
100000
96
3887
100000
100000
424
434
11201
100000
789
100000
100000
100000
321
100000
100000
100000
100000
100000
43
624
542
532
100000
598
100000
1932
100000
100000
100000
842
100000
133
231
100000
100000
589
100000
564
591
561
100000
100000
1464
100000
429
1778
100000
100000
100000
887
100000
122
315
100000
202
100000
100000
668
777
893
100000
100000
843
100000
100000
100000
100000
706
100000
461
100000
100000
5563
619
182
100000
6076
100000
895
100000
100000
387
100000
1304
850
40
100000
1776
100000
100000
100000
889
100000
100000
100000
315
100000
100000
7163
100000
1937
156
100000
343
100000
100000
100000
246
700
100000
760
358
100000
100000
100000
307
100000
100000
100000
1009
378
100000
100000
100000
196
1542
100000
100000
535
414
100000
2169
100000
100000
815
691
100000
100000
100000
1996
100000
100000
100000
100000
977
100000
100000
1319
100000
100000
176
100000
742
578
100000
393
100000
159
777
11824
100000
768
100000
678
176
1065
100000
100000
481
100000
1277
100000
100000
100000
182
563
248
100000
100000
100000
100000
100000
407
100000
709
100000
378
3721
742
100000
12902
100000
100000
100000
100000
100000
186
100000
482
100000
100000
128
100000
100000
302
300
100000
100000
112
3862
832
100000
100000
461
100000
687
100000
2087
435
2256
128
245
786
784
100000
100000
100000
697
100000
100000
845
100000
385
246
100000
982
100000
100000
100000
496
100000
595
100000
7985
100000
378
622
100000
391
718
2537
396
100000
100000
208
100000
1067
382
1773
54
100000
293
454
133
100000
413
100000
100000
100000
100000
100000
100000
100000
100000
100000
262
100000
581
100000
329
100000
395
100000
290
279
124
3989
100000
100000
45
573
593
124
177
100000
100000
2789
100000
498
100000
100000
324
100000
135
511
744
163
100000
754
100000
100000
100000
100000
100000
914
100000
100000
914
100000
298
710
344
100000
100000
100000
100000
247
100000
100000
100000
567
100000
100000
928
161
480
880
312
1501
100000
100000
100000
100000
1117
100000
395
759
100000
1662
187
134
168
100000
974
100000
100000
971
100000
100000
628
251
834
994
100000
100000
100000
343
100000
454
100000
306
100000
100000
954
319
100000
9180
100000
100000
409
100000
100000
100000
675
100000
605
219
100000
100000
100000
100000
100000
243
527
194
100000
100000
100000
100000
1552
237
960
214
342
798
2620
1080
100000
100000
100000
567
31920
100000
100000
399
263
100000
100000
115
100000
360
100000
1103
925
100000
39
846
100000
139
115
100000
62
100000
259
100000
927
100000
100000
828
508
557
100000
100000
100000
100000
1014
100000
100000
100000
350
1184
728
338
100000
100000
222
100000
19516
100000
100000
100000
100000
241
543
175
584
100000
285
141
7744
100000
417
86
407
100000
182
3737
100000
1389
120
100000
100000
100000
519
340
476
100000
100000
100000
100000
139
100000
521
598
100000
551
100000
100000
1003
100000
100000
100000
100000
515
100000
852
323
655
606
669
100000
815
100000
178
100000
100000
100000
100000
377
100000
560
100000
440
100000
398
426
264
100000
100000
100000
100000
100000
100000
100000
100000
100000
100000
608
100000
467
534
133
100000
227
100000
100000
316
220
100000
100000
557
323
338
121
1274
140
100000
3823
518
100000
694
1514
100000
100000
100000
100000
358
100000
100000
100000
751
100000
100000
100000
100000
100000
100000
100000
100000
100000
492
100000
290
100000
689
524
100000
2266
1083
100000
100000
381
100000
212
9084
100000
251
100000
100000
100000
100000
206
1033
1807
100000
1096
79
81
199
522
100000
100000
850
506
100000
22460
100000
835
633
408
478
30625
808
520
367
739
100000
100000
376
100000
100000
478
100000
100000
100000
957
481
845
100000
226
598
301
100000
719
740
100000
39434
875
788
100000
100000
100000
100000
100000
100000
100000
100000
100000
6500
30
1739
100000
649
100000
100000
7744
100000
9423
300
100000
550
100000
100000
100000
100000
100000
1066
100000
27244
182
100000
1075
100000
100000
343
100000
580
100000
327
1138
100000
178
1106
383
2063
100000
100000
682
244
309
100000
124
125
616
836
835
100000
100000
100000
312
396
100000
929
538
100000
100000
100000
100000
894
2385
604
100000
938
100000
91
100000
764
100000
385
248
248
390
100000
539
100000
100000
100000
2040
100000
6568
899
630
1519
100000
2411
100000
585
100000
61
100000
501
141
378
100000
100000
473
552
526
100000
100000
81
100000
100000
5550
73
305
875
2347
1262
100000
100000
858
272
485
1326
69
441
100000
1106
100000
100000
277
911
336
100000
435
256
356
100000
1603
562
100000
311
100000
100000
611
157
100000
506
586
100000
806
839
100000
100000
100000
100000
4641
100000
218
100000
100000
100000
526
732
100000
100000
1571
100000
100000
1110
100000
370
100000
100000
100000
399
314
176
100000
100000
381
100000
100000
100000
254
100000
384
781
100000
293
3930
100000
93
100000
384
100000
1040
428
522
2187
875
100000
376
100000
100000
2061
383
898
610
100000
1
728
100000
100000
100000
100000
100000
100000
1113
100000
100000
482
1936
100000
100000
100000
100000
276
165
2145
304
100000
100000
100000
471
100000
537
100000
236
100000
384
100000
340
100000
641
1210
100000
100000
1036
828
100000
100000
100000
994
100000
455
100000
590
1350
682
100000
100000
1505
100000
100000
6086
601
1295
100000
100000
100000
620
100000
100000
100000
100000
420
199
100000
871
100000
100000
100000
100000
100000
100000
100000
1035
615
100000
378
402
734
100000
100000
100000
100000
100000
129
464
208
1064
100000
84
1752
100000
100000
556
1
100000
234
510
100000
100000
100000
284
100000
197
508
100000
1209
100000
406
378
100000
100000
1056
100000
100000
100000
100000
100000
7375
80
2125
113
88
512
421
100000
211
100000
100000
100000
125
100000
388
100000
1006
100000
1961
100000
801
7531
522
100000
1017
961
962
209
100000
1138
100000
100000
100000
100000
100000
792
715
100000
100000
258
213
161
100000
493
522
959
100000
100000
100000
100000
100000
1010
100000
100000
1717
64
173
100000
100000
100000
597
100000
100000
100000
100000
100000
533
359
2299
4068
100000
449
495
100000
443
179
100000
100000
563
100000
100000
100000
180
275
100000
100000
254
58
723
2995
6940
215
414
100000
100000
100000
499
100000
100000
100000
100000
100000
227
3592
100000
100000
100000
504
100000
100000
877
100000
927
100000
402
306
100000
1311
100000
406
395
312
100000
100000
589
100000
100000
100000
100000
100000
100000
100000
100000
124
100000
100000
282
399
100000
100000
100000
100000
436
100000
100000
100000
100000
1189
420
100000
100000
100000
100000
100000
626
334
100000
100000
100000
100000
100000
365
555
100000
772
100000
100000
1129
411
100000
100000
100000
100000
959
100000
489
919
100000
100000
362
372
100000
370
100000
100000
720
100000
100000
100000
943
100000
100000
587
1584
274
833
100000
100000
100000
100000
100000
629
135
120
100000
100000
21124
100000
100000
100000
100000
100000
606
100000
100000
752
100000
162
514
100000
100000
100000
403
100000
1260
2813
2833
100000
490
989
100000
100000
100000
100000
100000
1950
100000
100000
584
100000
1427
642
1508
100000
1086
304
978
426
2424
933
160
1856
810
10240
544
100000
100000
100000
98
61
834
100000
100000
580
368
7868
6018
100000
208
100000
429
5991
100000
100000
100000
199
221
100000
341
100000
100000
100000
510
100000
100000
100000
296
531
100000
100000
100000
622
100000
601
100000
100000
100000
2755
100000
190
100000
176
100000
154
304
412
100000
102
620
100000
586
448
594
100000
2165
100000
100000
774
1
455
329
627
100000
100000
100000
100000
257
276
809
326
100000
100000
286
100000
100000
100000
100000
642
187
446
100000
100000
208
1430
100000
100000
360
100000
10230
516
100000
395
100000
2440
414
100000
176
373
100000
100000
2510
100000
443
681
1755
100000
77
100000
1176
897
1004
237
685
1037
700
100000
100000
858
100000
106
100000
100000
1182
100000
100000
100000
903
1072
100000
100000
969
780
100000
100000
100000
601
331
1874
100000
100000
100000
100000
100000
100000
600
522
99
100000
2481
446
100000
450
100000
633
100000
53
776
467
569
315
100000
100000
100000
100000
1109
103
100000
100000
1711
100000
932
1360
100000
100000
100000
406
288
520
100000
803
100000
973
447
5472
9432
622
100000
525
546
503
649
379
100000
1849
100000
265
100000
129
100000
100000
30778
100000
100000
100000
100000
105
701
192
100000
100000
100000
100000
100000
100000
4186
248
100000
276
699
176
181
805
501
413
100000
100000
116
100000
100000
959
249
100000
494
100000
100000
177
100000
420
289
100000
386
625
100000
100000
893
200
100000
56
751
100000
100000
100000
100000
225
100000
135
100000
376
229
30
308
657
349
297
263
100000
100000
100000
100000
1104
100000
100000
341
790
100000
100000
100000
100000
100000
537
995
100000
2291
423
2415
100000
100000
100000
519
107
337
100000
352
8000
100000
542
809
100000
249
100000
1190
294
425
100000
58
100000
100000
494
55
364
7036
56
100000
253
1470
96
311
436
100000
1044
100000
100000
317
100000
100000
427
704
663
100000
100000
896
189
100000
100000
100000
843
100000
100000
85
100000
100000
569
876
382
324
100000
100000
100000
100000
100000
673
100000
100000
381
68
470
100000
195
100000
100000
200
100000
291
100000
2048
471
682
100000
100000
100000
100000
336
617
468
339
953
812
44
260
807
100000
313
100000
1354
100000
615
100000
100000
426
906
415
100000
248
7035
321
100000
100000
367
100000
515
100000
100000
100000
100000
668
219
492
100000
776
1701
334
319
100000
408
100000
100000
7977
901
403
100000
2301
651
100000
100000
100000
100000
179
100000
100000
584
100000
82
833
100000
1225
346
3512
38926
7868
100000
657
100000
100000
100000
100000
406
100000
100000
825
230
242
100000
100000
298
100000
100000
100000
100000
100000
100000
2392
271
663
493
566
100000
100000
100000
100000
491
24
100000
1689
100000
100000
100000
1208
2061
418
179
100000
100000
100000
9352
481
1043
100000
100000
668
100000
100000
176
100000
102
100000
100000
756
184
232
380
100000
371
292
126
100000
207
100000
786
100000
100000
1067
713
414
2402
531
173
1224
100000
2033
418
100000
942
1040
100000
683
512
244
225
100000
100000
100000
100000
100000
100000
251
100000
100000
433
4267
554
195
763
100000
100000
32
100000
100000
100000
100000
100000
100000
214
100000
100000
100000
214
488
100000
2015
446
100000
805
100000
100000
100000
100000
814
336
100000
100000
100000
558
100000
100000
100000
100000
547
100000
469
100000
576
100000
1703
100000
100000
100000
100000
100000
142
64
3447
53
348
247
100000
100000
100000
648
383
100000
100000
7326
255
820
311
100000
7211
238
100000
1057
100000
82
217
227
287
22218
387
299
100000
100000
100000
788
100000
100000
100000
100000
263
100000
981
100000
100000
100000
100000
100000
100000
100000
100000
932
100000
100000
100000
243
21
100000
100000
100000
869
100000
413
100000
540
333
850
458
100000
169
100
100000
422
791
210
100000
100000
100000
100000
874
2218
2563
247
100000
6187
100000
100000
100000
100000
100
100000
100000
100000
280
831
87
895
100000
1612
4321
134
100000
123
100000
1778
638
2701
100000
100000
586
7777
100000
100000
100000
100000
100000
588
100000
100000
100000
689
100000
100000
100000
100000
864
100000
100000
100000
100000
100000
100000
645
100000
401
730
83
119
100000
2765
100000
100000
427
1426
100000
221
689
429
100000
325
500
254
1044
2754
100000
100000
100000
610
100000
100000
1071
583
855
196
529
100000
316
8961
100000
100000
100000
100000
4138
100000
557
100000
464
100000
100000
100000
100000
350
1404
561
756
459
1154
413
100000
483
312
649
508
100000
100000
100000
100000
799
100000
100000
100000
333
16
72
100000
100000
100000
100000
100000
22
100000
100000
100000
436
100000
562
521
580
100000
336
100000
100000
100000
2424
100000
100000
3
642
239
100000
520
100000
183
323
100000
388
100000
159
630
159
100000
261
648
169
100000
326
5954
942
1643
100000
2106
100000
100000
1442
100000
64
100000
3088
496
379
100000
234
100000
998
569
179
100000
100000
100000
100000
37
100000
100000
280
100000
606
844
100000
10555
100000
100000
100000
100000
337
1824
100000
100000
100000
100000
100000
5993
730
100000
905
100000
100000
100000
100000
100000
233
100000
371
100000
100000
342
100000
486
100000
440
619
5385
100000
100000
100000
100000
100000
636
743
10920
891
353
955
100000
11230
100000
100000
258
299
100000
100000
876
201
629
100000
100000
519
383
267
292
962
5742
524
100000
100000
100000
100000
100000
2525
100000
429
557
100000
100000
572
100000
758
100000
100000
381
100000
669
100000
100000
121
100000
100000
59
100000
100000
100000
100000
894
100000
100000
100000
146
100000
100000
1003
2011
100000
100000
100000
100000
468
100000
134
100000
100000
777
3954
100000
448
100000
501
631
100000
100000
1166
100000
6430
100000
100000
100000
100000
737
1431
509
855
8780
100000
99
100000
522
100000
100000
1254
100000
100000
100000
532
100000
803
6882
100000
100000
100000
4
100000
714
100000
100000
336
1326
851
100000
100000
100000
281
100000
100000
1295
478
505
409
100000
959
85
100000
299
52
475
100000
100000
100000
948
100000
100000
100000
350
100000
100000
1029
29
165
100000
51
563
1133
100000
100000
100000
242
100000
100000
1340
100000
217
5893
678
453
100000
2187
100000
100000
652
100000
5341
100000
100000
430
100000
509
223
555
100000
100000
100000
100000
100000
100000
508
682
100000
100000
100000
100000
799
100000
774
100000
265
100000
301
100000
100000
444
1685
100000
2493
435
91
2115
639
100000
100000
100000
621
65
2356
100000
2546
100000
424
1022
100000
100000
463
244
100000
1132
100000
594
100000
670
100000
604
100000
100000
100000
100000
147
299
447
478
100000
100000
38
436
100000
100000
100000
1001
305
100000
100000
387
430
547
100000
100000
100000
100000
100000
2069
124
6359
100000
319
8822
100000
100000
100000
266
100000
175
665
348
100000
100000
1839
132
100000
100000
100000
922
74
186
1548
100000
218
469
337
1718
825
546
487
100000
100000
350
354
100000
252
100000
100000
100000
955
100000
288
100000
27
576
1202
600
100000
510
100000
100000
100000
384
100000
100000
100000
2945
650
616
100000
100000
310
100000
100000
256
100000
100000
100000
661
8183
100000
785
100000
149
420
100000
731
100000
100000
100000
3137
100000
289
100000
1487
100000
583
100000
238
100000
252
322
100000
724
6759
100000
322
288
100000
490
472
100000
100000
479
283
414
249
100000
100000
100000
100000
546
100000
106
810
100000
100000
959
100000
100000
100000
1056
494
100000
100000
100000
963
100000
100000
100000
725
100000
341
100000
1183
100000
3522
100000
521
100000
100000
100000
56
426
100000
405
100000
393
202
100000
100000
2045
1195
295
183
2785
100000
627
929
100000
696
215
100000
97
57
636
833
100000
517
100000
173
306
100000
100000
100000
394
100000
1056
100000
577
100000
100000
100000
2993
100000
100000
100000
100000
946
3468
531
4297
100000
210
100000
1226
100000
293
100000
838
100000
100000
403
100000
4687
100000
496
100000
705
516
323
338
180
1401
215
100000
100000
100000
697
2190
353
341
100000
5402
100000
100000
352
368
100000
36400
207
100000
348
100000
255
100000
1622
100000
1485
208
100000
100000
178
100000
884
512
100000
1123
100000
100000
100000
100000
100000
1561
100000
100000
100000
551
100000
314
100000
100000
100000
100000
416
100000
7649
195
572
672
100000
100000
100000
865
1097
100000
100000
348
100000
309
1181
178
100000
100000
681
100000
779
100000
340
100000
763
100000
100000
496
100000
100000
100000
553
100000
100000
100000
192
100000
300
837
100000
100000
100000
1584
100000
100000
97
100000
131
249
100000
100000
432
1014
100000
1604
31390
100000
100000
100000
100000
611
100000
80
1092
100000
333
100000
248
441
419
100000
167
100000
100000
100000
100000
100000
694
522
100000
100000
100000
753
2626
100000
100000
1625
100000
348
218
465
169
1005
100000
100000
100000
100000
100000
100000
241
100000
615
6653
100000
100000
39
271
100000
119
100000
100000
100000
1681
100000
185
100000
535
1566
100000
100000
3936
100000
24
100000
100000
100000
655
326
100000
100000
100000
100000
100000
481
303
1343
100000
165
100000
557
108
447
1
100000
184
100000
100000
586
100000
100000
100000
100000
100000
100000
133
896
100000
100000
597
982
100000
1579
933
336
798
100000
100000
100000
900
242
100000
100000
2525
100000
167
143
319
100000
100000
61
100000
100000
100000
353
100000
191
100000
100000
100000
977
642
100000
100000
860
100000
100000
100000
697
100000
100000
100000
473
458
100000
100000
2833
39
100000
386
51
117
1074
100000
443
598
570
405
100000
100000
1195
408
672
100000
100000
723
100000
348
100000
100000
335
100000
100000
100000
100000
100000
100000
100000
285
411
760
100000
651
811
10322
426
392
214
386
405
100000
8257
100000
100000
6566
100000
100000
773
100000
221
240
100000
100000
100000
100000
100000
1549
100000
100000
165
100000
100000
100000
127
100000
100000
100000
100000
515
100000
256
560
546
100000
100000
399
100000
100000
33
410
191
100000
1377
100000
100000
100000
100000
100000
208
100000
243
100000
100000
559
181
100000
522
100000
100000
100000
100000
100000
100000
528
921
143
100000
1083
968
465
827
100000
101
133
466
824
100000
563
2304
1301
330
490
100000
125
100000
100000
100000
3246
3950
100000
1831
549
27637
5795
100000
1256
969
388
332
221
265
100000
100000
100000
631
49
100000
151
339
100000
368
100000
100000
486
7221
372
100000
100000
301
100000
1277
100000
213
343
44
100000
148
257
100000
100000
7169
100000
463
100000
100000
100000
100000
100000
769
1179
498
100000
100000
29
100000
120
825
3282
907
194
100000
100000
100000
177
100000
343
100000
48
100000
100000
697
100000
100000
236
47
100000
211
421
100000
100000
100000
533
634
100000
100000
100000
797
201
285
100000
100000
100000
875
198
310
100000
756
100000
124
100000
333
100000
604
25027
100000
100000
100000
396
748
100000
100000
81
100000
222
105
160
316
100000
100000
100000
100000
100000
586
1375
100000
204
100000
591
329
100000
100000
100000
100000
1881
100000
2424
911
100000
100000
100000
100000
679
209
100000
100000
1172
100000
100000
100000
766
592
1514
1268
100000
100000
100000
100000
100000
439
100000
100000
100000
840
2149
100000
100000
4433
544
567
561
81
100000
100000
22380
100000
178
100000
100000
100000
100000
498
100000
126
100000
871
100000
562
216
100000
410
691
168
100000
1974
100000
100000
348
100000
100000
100000
100000
100000
307
100000
658
1371
445
100000
374
100000
299
568
100000
382
100000
193
611
607
100000
754
100000
100000
785
100000
5476
100000
546
100000
2960
959
100000
892
636
681
972
236
100000
100000
100000
100000
100000
100000
80
100000
100000
100000
100000
100000
100000
320
1670
1069
318
100000
165
100000
100000
100000
374
307
100000
662
100000
173
100000
1651
1665
100000
100000
100000
100000
428
100000
100000
737
230
339
100000
273
100000
100000
100000
556
100000
501
100000
300
100000
307
100000
100000
675
2777
100000
100000
100000
100000
522
354
187
561
1179
270
663
100000
311
444
100000
336
140
100000
100000
100000
100000
100000
100000
100000
2321
1179
100000
623
100000
313
100000
470
383
100000
834
96
22109
100000
100000
650
2444
1203
100000
67
100000
100000
100000
3365
100000
323
100000
100000
100000
430
763
477
458
100000
100000
100000
92
100000
100000
100000
100000
100000
100000
311
660
100000
100000
9620
188
110
73
1453
147
551
101
100000
4481
884
100000
2239
834
100000
268
213
100000
887
100000
72
100000
100000
1494
726
100000
100000
100000
100000
322
5648
2784
100000
1963
100000
513
221
127
2142
391
100000
538
242
963
100000
258
469
100000
100000
100000
100000
100000
519
100000
539
573
34287
100000
100000
100000
100000
433
100000
247
273
252
460
1005
475
664
538
653
100000
836
1259
100000
100000
425
626
6798
2011
100000
100000
537
100000
100000
194
100000
100000
439
813
100000
100000
100000
100000
48
6912
100000
100000
100000
1
100000
272
204
100000
634
292
782
421
340
100000
100000
358
100000
178
804
786
355
100000
100000
100000
100000
1721
293
100000
100000
409
100000
514
577
100000
100000
185
611
1468
3667
170
100000
883
305
77
375
100000
390
424
100000
333
100000
736
707
161
100000
100000
100000
100000
100000
100000
100000
4859
100000
100000
376
779
100000
717
2235
100000
616
108
100000
278
100000
100000
100000
219
415
125
100000
194
100000
100000
852
100000
418
92
100000
256
100000
100000
510
100000
1641
1838
702
100000
1096
45
244
8164
628
100000
100000
100000
99
1995
24
100000
100000
402
100000
473
100000
118
100000
100000
100000
495
100000
185
873
100000
662
100000
41
100000
7068
1958
100000
100000
515
471
713
100000
468
262
361
100000
100000
100000
6153
110
394
100000
396
100000
848
100000
100000
100000
6228
204
100000
100000
521
486
144
100000
598
930
100000
100000
100000
314
33
335
84
100000
9459
685
100000
100000
100000
67
378
100000
100000
7892
878
100000
100000
811
120
100000
281
100000
981
559
8547
368
100000
100000
675
100000
100000
100000
100000
505
583
536
1010
361
6234
100000
373
100000
100000
520
382
100000
100000
100000
147
100000
100000
100000
100000
334
100000
196
128
481
257
100000
100000
100000
100000
7131
100000
100000
100000
100000
100000
100000
404
809
100000
100000
100000
100000
644
100000
100000
100000
334
100000
531
712
100000
100000
195
100000
100000
69
500
100000
6763
100000
446
523
467
100000
100000
299
365
4786
100000
751
342
453
100000
100000
459
121
100000
5382
100000
100000
100000
100000
702
477
100000
100000
100000
3206
4755
100000
100000
614
100000
100000
603
551
1039
100000
535
493
471
244
100000
131
100000
588
100000
826
410
581
524
100000
100000
100000
100000
100000
100000
100000
100000
522
100000
337
378
1310
100000
100000
100000
100000
951
1521
100000
100000
100000
280
100000
100000
181
693
142
100000
100000
100000
403
100000
100000
100000
100000
100000
100000
523
100000
100000
731
100000
20527
100000
224
100000
46
100000
502
100000
100000
136
62
100000
100000
100000
90
838
100000
100000
1537
611
100000
209
100000
3680
806
100000
285
711
256
164
222
100000
100
100000
100000
100000
100000
738
100000
100000
100000
100000
100000
216
100000
100000
100000
677
170
100000
100000
1414
538
497
1017
246
100000
278
100000
100000
100000
2936
100000
199
100000
275
989
100000
100000
759
100000
316
100000
509
100000
100000
1113
326
228
1108
730
909
100000
100000
100000
100000
729
100000
100000
2060
100000
471
282
100000
6440
100000
100000
100000
3816
385
304
10220
808
330
643
100000
268
802
162
462
100000
853
209
100000
600
100000
327
100000
100000
100000
100000
203
1994
100000
1140
100000
1115
100000
100000
100000
113
100000
264
540
100000
826
100000
407
100000
100000
100000
100000
100000
100000
1990
100000
100000
100000
100000
100000
100000
1508
100000
729
100000
100000
319
100000
100000
1784
308
100000
659
100000
186
131
100000
100000
917
272
100000
100000
805
100000
441
100000
186
100000
540
452
100000
100000
100000
100000
149
1625
100000
100000
186
100000
100000
92
332
137
588
410
100000
370
373
100000
90
100000
202
100000
100000
100000
100000
100000
703
100000
100000
100000
100000
639
457
634
100000
918
599
266
100000
100000
1059
100000
100000
506
334
427
100000
100000
546
100000
460
100000
90
100000
100000
16712
328
4330
762
374
1867
100000
5447
100000
893
100000
100000
3692
730
100000
100000
833
5639
100000
100000
217
5253
587
100000
100000
747
550
587
100000
441
769
406
151
963
100000
850
100000
405
539
257
866
979
100000
374
1
100000
307
100000
683
521
100000
100000
285
893
100000
100000
507
100000
100000
100000
889
100000
100000
100000
100000
100000
3163
100000
100000
100000
100000
250
972
723
100000
1010
100000
100000
100000
100000
100000
349
243
644
100000
394
682
226
100000
100000
216
1609
100000
100000
348
11031
100000
100000
612
208
348
100000
100000
100000
100000
100000
143
293
5209
480
542
100000
100000
182
315
204
1174
100000
799
248
100000
100000
100000
100000
100000
100000
100000
100000
404
100000
1364
100000
214
100000
555
859
1371
100000
733
377
498
100000
100000
100000
756
100000
494
100000
100000
725
5137
772
168
2761
31
100000
39571
217
100000
713
100000
100000
507
480
102
273
749
102
169
100000
461
403
271
368
1082
4091
237
100000
100000
200
1510
100000
100000
100000
963
1016
100000
100000
1128
100000
100000
100000
424
100000
100000
107
346
100000
573
100000
6434
603
837
340
342
100000
100000
488
100000
564
49
100000
391
100000
100000
454
243
100000
374
271
100000
100000
100000
279
62
100000
1557
100000
542
100000
100000
1406
1275
1242
6721
100000
100000
96
100000
942
100000
100000
100000
6336
100000
100000
100000
364
100000
188
838
1112
100000
1201
100000
100000
236
112
100000
60
323
100000
500
100000
100000
100000
100000
241
100000
884
3406
100000
100000
461
1502
100000
290
100000
100000
483
100000
100000
927
782
100000
621
364
100000
100000
100000
100000
92
473
601
11593
100000
100000
289
917
4632
100000
713
100000
725
838
199
100000
734
2186
100000
100000
742
229
418
307
239
100000
100000
581
100000
100000
348
493
1201
100000
4636
1806
100000
100000
83
5312
540
5680
222
458
526
365
100000
100000
609
100000
738
3889
100000
100000
337
100000
1505
100000
100000
100000
424
100000
100000
269
100000
1784
100000
242
100000
100000
165
599
444
445
100000
100000
53
100000
1285
480
100000
890
100000
495
100000
338
100000
100000
260
100000
222
100000
827
256
294
748
100000
100000
656
100000
58
366
415
100000
427
100000
100000
100000
870
100000
251
647
100000
645
806
37848
100000
100000
100000
100000
100000
100000
100000
924
100000
312
362
547
987
100000
100000
100000
100000
462
100000
100000
100000
1010
2074
100000
100000
100000
2176
3935
368
1410
100000
269
100000
482
689
362
100000
123
130
100000
417
100000
781
582
447
839
252
100000
569
278
306
100000
100000
100000
301
404
100000
100000
100000
284
124
312
100000
100000
100000
4452
100
269
100000
100000
6660
1424
453
728
100000
590
672
1557
100000
2190
100000
620
100000
737
100000
18
86
100000
100000
49
100000
100000
100000
100000
854
100000
342
655
100000
100000
100000
481
1049
100000
100000
6646
100000
463
641
100000
100000
100000
813
519
100000
257
684
281
100000
100000
100000
100000
15597
349
1434
264
119
100000
100000
60
100000
149
100000
309
100000
100000
100000
28746
100000
945
100000
3822
3147
100000
687
888
383
100000
314
100000
5703
100000
100000
263
17893
857
100000
1183
5934
377
100000
100000
100000
100000
290
100000
397
273
100000
361
1647
100000
100000
467
1035
2426
100000
100000
436
599
100000
353
100000
100000
100000
439
1106
887
828
419
100000
8792
436
1651
1370
415
396
2198
100000
1411
100000
100000
100000
312
100000
100000
398
231
100000
769
100000
121
100000
100000
276
1776
2344
165
100000
416
100000
100000
512
100000
100000
520
100000
308
100000
100000
181
100000
100000
1574
100000
10970
100000
577
100000
749
131
100000
302
100000
100000
911
2617
470
100000
610
100000
100000
7501
983
295
3109
1113
100000
512
100000
100000
245
100000
994
199
100000
526
561
34280
918
634
1216
77
100000
459
100000
85
736
170
149
100000
100000
873
100000
932
401
603
100000
100000
482
100000
100000
100000
410
1024
100000
100000
332
100000
653
387
259
100000
100000
100000
100000
1225
177
566
100000
100000
378
210
100000
263
100000
100000
100000
100000
475
100000
100000
100000
28496
742
287
609
2389
119
100000
659
100000
100000
100000
100000
28666
100000
366
100000
152
100000
355
100000
302
1199
100000
100000
3537
918
619
738
147
138
616
366
100000
100000
255
100000
100000
100000
100000
2341
100000
100000
18
625
4519
100000
105
100000
272
100000
100000
195
846
100000
372
100000
315
18538
1961
524
100000
100000
100000
273
100000
198
100000
100000
100000
757
100000
1792
100000
100000
100000
100000
1096
100000
127
406
17820
329
275
688
100000
100000
151
100000
100000
100000
100000
100000
48
580
534
100000
933
100000
100000
100000
100000
100000
163
100000
408
1188
1001
100000
100000
100000
100000
343
786
243
265
280
181
100000
203
173
100000
657
100000
577
147
100000
491
809
340
525
100000
177
100000
100000
100000
100000
433
196
8287
443
100000
447
100000
282
342
669
100000
100000
100000
100000
100000
899
100000
498
661
1924
151
841
100000
1225
100000
54
182
305
127
100000
100000
100000
435
976
1039
146
1271
1830
430
100000
302
100000
100000
485
209
100000
100000
100000
100000
100000
1018
100000
100000
100000
100000
100000
941
100000
453
100000
100000
472
338
100000
100000
100000
54
100000
494
100000
2080
100000
100000
100000
2542
1344
766
100000
100000
317
100000
100000
100000
100000
100000
185
100000
100000
100000
100000
100000
100000
257
100000
100000
100000
100000
100000
284
100000
254
100000
100000
508
30
1208
100000
100000
100000
100000
568
100000
100000
558
389
6271
249
100000
351
367
1249
100000
100000
100000
396
100000
4050
100000
178
100000
500
100000
621
878
100000
409
4959
462
100000
100000
100000
1016
100000
100000
316
324
100000
100000
100000
915
425
719
176
100000
2499
100000
294
100000
403
100000
100000
100000
363
389
100000
750
100000
100000
300
100000
572
100000
100000
100000
100000
172
160
100000
366
228
126
100000
4138
217
100000
100000
160
100000
100000
250
100000
100000
100000
100000
100000
100000
100000
100000
100000
100000
100000
2819
100000
82
624
1740
543
374
201
100000
100000
100000
100000
100000
296
14985
952
100000
27382
100000
100000
100000
100000
2185
655
100000
100000
29949
100000
100000
332
308
100000
100000
100000
100000
1673
576
596
100000
235
100000
100000
509
21
100000
100000
1498
100000
100000
100000
100000
100000
68
100000
100000
278
100000
100000
100000
61
5925
100000
100000
100000
521
606
100000
513
100000
523
736
100000
100000
100000
100000
100000
100000
100000
100000
138
100000
582
352
7341
100000
100000
100000
779
11608
197
100000
100000
494
952
330
831
328
4525
952
100000
572
100000
416
100000
492
661
667
424
1006
100000
3727
100000
277
59
1298
504
100000
100000
623
709
100000
480
100000
100000
825
100000
4288
100000
865
100000
733
100000
100000
100000
100000
100000
100000
100000
100000
1487
100000
100000
298
886
100000
100000
100000
100000
299
100000
572
100000
100000
500
1610
1817
207
6528
3344
254
4816
100000
728
297
1027
100000
562
1454
1053
144
100000
48
532
100000
676
477
100000
431
100000
24115
251
68
100000
362
775
100000
780
639
906
264
100000
1034
100000
6898
100000
100000
154
195
100000
151
100000
100000
100000
100000
100000
100000
100000
100000
115
100000
467
297
1033
100000
100000
100000
100000
100000
945
23063
100000
100000
100000
518
1308
331
828
377
100000
1033
248
221
894
848
331
100000
100000
550
100000
2724
100000
100000
569
100000
100000
7625
100000
100000
7153
341
100000
100000
100000
100000
100000
800
155
5885
687
100000
266
1076
481
100000
100000
100000
100000
338
4589
188
372
100000
454
100000
100000
21
100000
5474
886
100000
100000
425
976
824
100000
601
100000
430
367
100000
100000
100000
39
1122
512
1209
4334
100000
100000
4694
932
100000
399
205
210
128
100000
100000
949
24806
263
100000
100000
500
7716
100000
1908
449
8964
4034
100000
869
270
100000
246
373
2147
183
100000
100000
100000
100000
100000
301
100000
183
100000
199
100000
607
490
100000
333
100000
100000
244
100000
100000
291
2775
362
100000
100000
100000
749
100000
100000
787
1049
100000
371
381
100000
100000
100000
558
1452
334
100000
100000
100000
228
100000
519
100000
221
166
100000
2054
870
236
100000
252
2023
892
100000
100000
662
821
893
100000
100000
398
365
4590
318
100000
100000
100000
2010
890
100000
100000
100000
100000
334
99
8892
100000
1809
301
100000
381
100000
100000
100000
746
100000
258
100000
826
100000
100000
161
100000
118
100000
149
100000
300
100000
378
614
100000
100000
67
179
100000
100000
100000
100000
349
100000
100000
203
100000
100000
282
100000
100000
100000
4898
68
100000
100000
126
1018
1533
196
350
100000
533
211
100000
100000
100000
100000
737
722
69
846
100000
100000
100000
100000
100000
316
100000
449
205
100000
100000
513
187
100000
690
37
26755
698
100000
100000
894
131
784
967
100000
100000
100000
89
100000
610
100000
100000
100000
100000
407
100000
453
448
100000
100000
100000
100000
100000
100000
100000
333
100000
637
937
3074
815
262
100000
353
100000
206
100000
100000
373
259
438
100000
526
795
100000
100000
601
100000
100000
226
100000
100000
100000
100000
100000
191
478
100000
131
453
100000
671
100000
100000
100000
470
318
410
100000
231
100000
230
100000
100000
548
65
100000
100000
100000
100000
100000
100000
100000
983
100000
100000
100000
707
705
100000
100000
571
100000
100000
100000
100000
158
100000
750
431
100000
100000
490
100000
15403
295
107
147
100000
100000
596
718
100000
4750
3686
100000
294
50302
100000
100000
698
6639
100000
2633
1112
100000
1371
100000
2007
100000
100000
1814
100000
858
259
983
166
100000
100000
100000
723
195
375
555
570
100000
411
100000
552
1124
100000
24270
100000
184
382
280
296
402
100000
265
220
100000
100000
100000
100000
142
1759
100000
100000
536
100000
2067
100000
100000
100000
100000
416
100000
1110
221
265
100000
346
488
100000
100000
100000
100000
100000
100000
100000
100000
100000
100000
100000
689
100000
100000
100000
362
409
100000
100000
100000
554
273
100000
100000
218
462
199
100000
300
338
100000
100000
100000
100000
512
392
100000
100000
100000
100000
100000
100000
100000
223
319
329
100000
2821
100000
80
100000
100000
1301
100000
100000
100000
100000
398
100000
110
3279
100000
100000
100000
100000
100000
93
100000
100000
100000
100000
23138
100000
1375
100000
100000
1079
100000
100000
1651
100000
100000
100000
100000
1315
100000
100000
2095
98
2433
268
3959
100000
1065
100000
100000
100000
543
100000
1048
714
211
1900
100000
100000
936
423
100000
286
370
100000
100000
1280
100000
100000
310
100000
1639
393
100000
100000
43712
100000
100000
1111
100000
1833
421
100000
100000
100000
1799
502
146
100000
100000
100000
392
220
100000
816
100000
100000
100000
372
100000
665
100000
875
1410
100000
513
100000
100000
286
300
73
100000
100000
100000
100000
1058
100000
313
100000
292
546
100000
100000
100000
772
100000
734
604
100000
951
593
486
356
100000
100000
41267
100000
100000
100000
441
100000
100000
406
401
758
588
100000
490
100000
641
100000
100000
327
828
100000
100000
6422
100000
2283
296
100000
100000
100000
100000
736
100000
160
100000
33
100000
346
934
295
100000
100000
100000
5777
259
556
487
333
100000
100000
100000
100000
100000
100000
100000
569
158
100000
100000
100000
1019
721
100000
100000
2629
100000
100000
518
100000
986
100000
1205
263
7790
10286
100000
361
100000
367
100000
100000
100000
100000
100000
100000
191
812
100000
100000
100000
333
963
239
40
781
100000
100000
100000
93
7613
210
2975
100000
741
100000
100000
100000
100000
458
100000
231
100000
100000
100000
570
446
100000
14
620
616
100000
100000
248
100000
654
474
503
728
272
3338
100000
100000
100000
275
59
330
100000
315
100000
259
100000
100000
469
100000
100000
100000
100000
100000
100000
100000
100000
351
100000
100000
93
100000
100000
100000
100000
100000
859
668
878
363
567
261
321
366
139
100000
483
100000
100000
162
589
260
785
5307
100000
2171
100000
355
100000
100000
100000
458
100000
318
520
100000
315
1497
100000
100000
468
100000
100000
779
1
895
100000
138
2832
100000
100000
544
444
100000
100000
100000
100000
100000
325
100000
100000
100000
100000
989
100000
100000
100000
100000
189
100000
100000
100000
129
1863
235
100000
100000
3355
100000
100000
68
483
551
651
100000
100000
668
151
100000
100000
100000
100000
3540
737
696
100000
7336
100000
461
154
470
100000
254
100000
191
100000
100000
869
100000
951
100000
100000
100000
100000
100000
100000
100000
141
100000
100000
100000
100000
437
1797
100000
1277
100000
100000
100000
100000
799
908
129
100000
100000
100000
100000
100000
100000
46
460
416
812
768
294
383
100000
410
970
62
873
248
254
100000
383
457
254
672
100000
100000
100000
100000
100000
100000
1136
100000
388
739
502
100000
100000
100000
100000
81
321
366
100000
100000
483
100000
431
199
100000
139
197
100000
1909
100000
100000
683
1071
1016
338
45700
59
100000
215
100000
1886
251
344
100000
11610
209
283
195
242
100000
100000
189
100000
100000
2104
453
100000
1945
100000
100000
100000
100000
100000
572
100000
100000
403
1570
100000
2529
100000
100000
271
1213
100000
100000
100000
480
100000
100000
100000
584
48638
360
54
460
2516
100000
100000
100000
2086
100000
489
100000
6123
100000
100000
78
2548
100000
100000
226
100000
239
513
195
100000
581
100000
768
305
41
284
895
363
100000
75
733
144
153
100000
376
100000
100000
100000
100000
257
100000
100000
100000
570
100000
100000
893
325
616
100000
100000
398
100000
402
100000
100000
100000
1857
100000
111
100000
100000
127
676
472
100000
2749
100000
100000
354
950
100000
100000
281
340
100000
187
100000
1986
100000
246
430
100000
100000
1023
32
795
100000
749
100000
100000
100000
134
100000
100000
100000
234
205
5597
657
236
100000
100000
100000
100000
580
100000
100000
492
100000
1248
100000
156
100000
360
100000
100000
100000
100000
100000
7516
331
674
344
100000
641
100000
100000
100000
100000
892
1015
427
100000
543
100000
100000
100000
174
100000
893
100000
100000
649
376
503
100000
100000
126
100000
100000
633
439
100000
280
414
10541
100000
100000
218
100000
100000
100000
100000
286
218
100000
278
100000
274
510
100000
100000
100000
148
187
100000
580
100000
100000
602
111
778
465
260
100000
100000
41
564
100000
100000
810
608
9814
100000
100000
100000
617
396
100000
226
414
328
100000
308
100000
627
100000
275
692
100000
100000
100000
49
309
100000
390
100000
100000
100000
416
855
100000
324
491
100000
217
899
100000
100000
895
118
100000
313
250
100000
100000
100000
206
100000
100000
100000
515
100000
390
7739
100000
100000
100000
520
227
500
100000
170
100000
414
247
100000
100000
119
530
100000
100000
100000
100000
275
100000
100000
100000
100000
100000
100000
2003
100000
100000
100000
100000
490
100000
100000
495
216
388
100000
100000
100000
294
100000
100000
274
915
100000
540
698
100000
1596
381
559
100000
100000
100000
902
641
414
100000
100000
511
100000
100000
100000
111
158
100000
100000
431
5789
100000
100000
100000
100000
100000
861
100000
1011
2194
100000
1115
110
142
100000
100000
57
100000
197
102
100000
69
100000
100000
95
100000
367
26678
338
197
494
424
100000
100000
145
256
100000
100000
100000
495
100000
100000
215
100000
877
1217
100000
100000
1253
6797
24
495
227
386
448
100000
39593
149
802
100000
36344
499
5819
942
394
427
100000
4153
100000
100000
100000
244
100000
100000
100000
100000
466
100000
100000
1789
100000
329
902
195
7101
100000
653
398
100000
100000
100000
319
100000
100000
789
162
100000
100000
556
100000
326
540
100000
100000
5516
100000
100000
100000
473
816
336
247
355
725
100000
362
543
100000
1756
1
100000
100000
384
4704
906
100000
100000
100000
302
249
353
100000
146
163
868
100000
11838
100000
100000
335
452
367
900
7926
261
100000
100000
453
100000
100000
200
100000
624
8669
100000
100000
100000
90
100000
100000
100000
148
100000
100000
6414
100000
100000
143
201
100000
884
100000
100000
652
100000
446
100000
419
2047
4752
100000
56
100000
893
100000
100000
644
599
100000
100000
176
428
378
100000
100000
100000
100000
251
100000
100000
100000
100000
675
113
100000
100000
639
100000
1081
414
100000
100000
1246
100000
321
1160
2376
100000
100000
100000
100000
734
100000
100000
100000
281
100000
484
70
100000
100000
100000
100000
426
100000
100000
100000
5094
330
496
329
3120
100000
915
465
100000
100000
1044
209
100000
100000
100000
56
100000
529
617
100000
6235
280
58
461
100000
100000
100000
157
587
470
358
100000
100000
100000
297
285
100000
100000
5246
100000
321
431
297
100000
136
181
261
433
100000
100000
294
100000
710
432
540
100000
541
100000
1029
100000
100000
100000
100000
100000
973
664
549
380
100000
100000
100000
100000
100000
100000
343
100000
100000
100000
313
263
100000
100000
93
214
93
122
100000
1024
485
100000
591
381
502
443
100000
865
249
100000
295
570
100000
100000
100000
271
100000
100000
100000
100000
100000
100000
801
1033
100000
100000
100000
943
100000
100000
100000
100000
311
100000
334
100000
100000
170
100000
100000
227
500
100000
100000
1951
1436
281
464
474
100000
31
100000
925
24466
100000
100000
100000
100000
487
100000
361
100000
672
100000
100000
100000
260
283
100000
207
100000
100000
100000
100000
174
1701
100000
1126
100000
720
252
100000
100000
100000
100000
57
270
100000
100000
100000
590
100000
426
39
4297
5742
100000
8697
100000
340
100000
220
100000
100000
100000
100000
409
100000
252
100000
100000
100000
100000
595
378
786
519
100000
315
695
324
385
100000
376
1558
100000
275
324
100000
100000
100000
100000
305
4994
100000
2673
100000
100000
1354
249
213
870
100000
745
100000
505
158
341
1161
54
100000
275
100000
100000
100000
153
100000
100000
100000
705
155
331
100000
100000
11720
100000
100000
315
428
218
100000
100000
485
43
273
100000
100000
100000
558
100000
100000
10979
100000
6423
187
3369
436
100000
2747
444
220
100000
100000
100000
433
100000
100000
100000
274
646
100000
5599
100000
375
100000
100000
128
100000
934
1746
100000
477
100000
124
413
100000
677
100000
301
417
100000
590
196
771
136
100000
100000
260
813
100000
7570
3850
25
100000
293
100000
100000
100000
100000
100000
100000
184
100000
399
507
100000
100000
100000
2272
267
305
100000
100000
100000
407
2563
105
1616
100000
1984
246
100000
100000
514
448
100000
100000
429
43
3573
100000
561
819
356
100000
100000
100000
273
100000
80
100000
100000
694
3935
382
1137
100000
100000
404
100000
331
779
100000
880
259
100000
100000
584
100000
100000
1084
100000
300
100000
100000
439
579
420
100000
100000
100000
265
100000
193
100000
100000
100000
100000
98
100000
100000
246
100000
100000
603
100000
100000
100000
563
229
100000
100000
100000
390
100000
9890
339
1382
10915
100000
100000
216
100000
100000
100000
228
449
543
100000
100000
100000
100000
100000
100000
432
997
100000
241
174
100000
467
100000
100000
100000
938
80
1023
2824
100000
100000
340
100000
100000
100000
100000
143
807
100000
409
4141
100000
100000
62
100000
100000
418
100000
886
100000
100000
521
761
1344
69
416
100000
100000
100000
100000
100000
100000
100000
100000
100000
100000
430
1325
100000
253
498
100000
100000
100000
100000
5338
100000
100000
100000
100000
594
100000
100000
528
100000
683
100000
970
1090
2096
100000
100000
5868
1409
143
100000
100000
100000
100000
100000
3828
100000
1048
100000
100000
100000
211
256
100000
345
394
100000
100000
324
100000
731
100000
100000
242
443
131
100000
100000
100000
4867
100000
1407
100000
100000
633
390
588
474
100000
173
100000
100000
270
100000
325
100000
1008
100000
729
100000
100000
100000
333
342
254
1094
188
605
100000
100000
220
355
961
100000
1505
100000
100000
100000
238
559
100000
100000
519
497
484
100000
249
100000
379
100000
156
287
100000
280
230
33465
100000
100000
927
100000
100000
2160
100000
877
100000
151
224
100000
100000
247
100000
100000
247
100000
468
343
100000
100000
100000
630
100000
111
331
615
100000
3661
3433
2799
467
100000
100000
114
100000
466
296
100000
100000
159
100000
100000
913
100000
100000
1061
34200
100000
100000
80
604
300
81
1495
100000
382
100000
963
614
442
48
100000
100000
11
282
100000
1453
287
100000
100000
421
100000
100000
100000
100000
100000
139
410
100000
379
80
446
100000
100000
100000
100000
285
100000
100000
4018
100000
100000
100000
100000
232
100000
98
100000
100000
100000
100000
100000
184
100000
100000
597
100000
100000
100000
350
100000
100000
26123
778
2886
100000
100000
8148
100000
100000
248
157
100000
130
70
100000
1022
1418
100000
408
100000
940
449
100000
413
450
694
100000
100000
100000
341
545
100000
100000
27
488
390
96
446
242
100000
100000
100000
158
100000
100000
358
100000
274
9455
445
100000
100000
100000
495
100000
100000
100000
62
1595
184
100000
100000
100000
220
100000
100000
585
100000
100000
100000
100000
100000
100000
100000
410
831
100000
475
100000
3672
100000
100000
956
100000
311
100000
100000
100000
100000
100000
100000
100000
737
129
100000
817
100000
513
429
100000
305
480
100000
206
428
1001
809
100000
213
100000
100000
100000
65
1331
100000
640
5546
100000
321
495
515
100000
100000
100000
100000
100000
291
100000
100000
100000
100000
100000
173
8527
100000
1796
545
348
338
558
100000
100000
100000
100000
100000
100000
476
16896
100000
3276
205
687
100000
100000
5837
717
416
100000
199
2121
100000
100000
100000
310
100000
100000
100000
89
1961
100000
100000
100000
100000
664
618
291
562
289
100000
100000
100000
100000
261
100000
4228
100000
100000
79
100000
31
372
555
38952
100000
378
530
100000
100000
100000
100000
377
100000
386
644
100000
100000
100000
100000
6775
100000
100000
100000
100000
100000
100000
1443
261
100000
100000
100000
2396
100000
100000
993
620
995
100000
72
100000
299
100000
100000
902
100000
100000
100000
301
100000
562
772
100000
151
100000
100000
387
100000
470
154
100000
100000
239
424
230
923
536
100000
647
500
985
100000
223
380
100000
775
100000
100000
441
692
100000
100000
100000
100000
2019
100000
100000
476
191
381
100000
100000
100000
100000
356
100000
796
100000
100000
349
100000
351
100000
591
1270
467
100000
100000
100000
100000
1716
1169
100000
100000
5895
100000
277
304
100000
100000
100000
710
349
100000
620
258
947
100000
384
100000
100000
100000
100000
100000
100000
757
305
531
557
75
100000
100000
100000
208
100000
228
775
100000
100000
100000
100000
100000
1027
100000
100000
199
246
100000
100000
366
100000
100000
266
100000
100000
100000
526
2329
100000
100000
391
245
100000
100000
100000
178
2058
100000
202
100000
100000
100000
198
2220
100000
775
251
100000
585
179
179
137
100000
100000
296
100000
1170
100000
100000
29
100000
416
856
100000
100000
100000
555
100000
1732
205
100000
18
100000
100000
100000
1152
362
615
686
1673
100000
100000
100000
100000
2391
541
100000
100000
100000
100000
100000
100000
100000
100000
100000
100000
348
100000
100000
20042
76
334
100000
108
322
100000
100000
301
100000
54
447
100000
645
100000
235
100000
100000
100000
264
100000
546
696
1026
734
100000
284
513
528
184
100000
100000
100000
364
100000
100000
100000
100000
866
100000
100000
100000
100000
100000
100000
100000
100000
530
1333
100000
100000
100000
450
100000
100000
113
287
148
1018
454
429
7729
5082
100000
383
317
515
2136
100000
257
3010
2581
100000
100000
100000
100000
100000
282
586
6012
100000
100000
100000
266
529
100000
100000
279
185
100000
100000
100000
100000
100000
1610
683
100000
100000
100000
100000
212
100000
2166
7582
679
351
100000
100000
894
100000
100000
100000
100000
100000
100000
740
100000
100000
390
619
100000
100000
2688
100000
100000
189
100000
100000
394
100000
100000
100000
100000
198
85
649
270
2485
100000
123
100000
100000
696
325
100000
100000
8604
100000
100000
100000
100000
361
100000
121
100000
287
780
100000
100000
100000
346
114
100000
100000
625
957
472
100000
100000
100000
100000
100000
160
100000
107
100000
213
1004
684
100000
100000
100000
100000
100000
100000
2311
100000
100000
926
100000
844
436
493
399
2186
140
100000
100000
190
406
824
100000
185
100000
100000
100000
1285
7818
100000
100000
656
100000
100000
1963
100000
100000
117
211
100000
100000
2738
100000
371
100000
206
360
585
4468
1431
34
374
686
100000
100000
100000
638
100000
228
100000
100000
6729
100000
100000
100000
100000
100000
100000
418
257
100000
100000
100000
565
297
413
100000
100000
100000
2072
370
716
100000
100000
71
100000
100000
100000
100000
398
97
349
2586
1312
1500
100000
463
254
55
226
100000
380
397
100000
2754
859
1714
917
924
100000
201
5019
100000
100000
1044
125
414
100000
100000
6258
26
371
232
292
1749
472
100000
110
100000
2421
100000
596
873
984
578
822
233
100000
100000
100000
100000
515
100000
5692
17761
1121
164
149
100000
100000
77
100000
78
100000
396
100000
100000
1022
89
557
28231
100000
259
419
100000
481
812
100000
100000
100000
629
100000
100000
2142
100000
100000
100000
223
100000
145
100000
100000
100000
382
2028
100000
100000
100000
1
360
100000
69
377
193
100000
100000
405
100000
100000
100000
361
376
100000
66
386
133
1204
200
100000
909
1041
100000
100000
582
100000
268
100000
100000
100000
100000
100000
100000
100000
100000
304
112
217
100000
100000
100000
358
6320
2218
100000
236
100000
1103
100000
867
442
100000
618
100000
363
726
100000
5138
2326
203
100000
100000
100000
828
291
100000
100000
100000
100000
697
1186
114
100000
100000
100000
69
100000
100000
1198
335
1719
1479
100000
371
435
159
303
540
95
373
891
100000
156
592
100000
6490
100000
655
100000
138
100000
413
783
299
100000
100000
454
100000
490
100000
100000
100000
100000
1916
612
100000
100000
100000
100000
100000
100000
205
881
100000
100000
100000
100000
822
100000
191
781
100000
348
181
100000
100000
100000
243
1425
100000
961
100000
100000
620
100000
308
336
358
465
6142
1304
522
676
3166
149
398
100000
195
100000
100000
100000
962
1377
766
326
100000
100000
394
402
100000
878
100000
100000
100000
2028
58
278
100000
100000
100000
100000
100000
100000
100000
833
100000
100000
100000
495
100000
2751
731
100000
100000
2132
199
100000
100000
100000
100000
100000
100000
100000
100000
749
100000
238
146
100000
158
219
404
392
100000
100000
288
573
405
4079
441
100000
238
532
100000
100000
100000
7912
100000
1911
240
100000
298
425
421
529
259
100000
362
100000
100000
100000
404
100000
428
100000
428
844
656
100000
1455
26
326
100000
1805
2165
384
100000
100000
300
100000
100000
1165
570
100000
420
100000
734
100000
100000
100000
100000
100000
628
11702
445
100000
100000
432
705
100000
286
542
100000
100000
100000
100000
647
1132
1140
339
100000
167
100000
100000
100000
1020
100000
100000
100000
468
100000
538
2246
100000
100000
100000
40
100000
406
100000
100000
100000
306
390
100000
965
100000
100
100000
100000
100000
2312
181
161
738
100000
1167
100000
982
100000
307
562
225
100000
353
1072
100000
528
100000
100000
100000
100000
156
100000
100000
100000
100000
100000
100000
191
378
100000
100000
100000
475
248
246
1018
100000
506
116
100000
100000
100000
132
1004
974
1171
100000
100000
790
160
766
100000
100000
100000
100000
100000
100000
100000
387
100000
100000
100000
100000
338
100000
100000
5359
100000
61
100000
100000
100000
390
414
100000
100000
100000
100000
383
100000
100000
554
680
350
100000
169
6818
100000
100000
25634
100000
100000
100
100000
100000
100000
100000
100000
307
180
100000
1548
100000
166
76
266
100000
100000
100000
375
100000
100000
100000
100000
100000
100000
268
83
100000
3814
1145
34
100000
100000
100000
100000
375
459
100000
100000
100000
100000
66
106
100000
100000
100000
164
100000
100000
394
100000
279
325
1335
100000
289
100000
1431
1164
100000
328
100000
804
191
2246
100000
830
100000
547
100000
219
100000
100000
100000
217
223
100000
100000
100000
122
100000
1649
157
100000
100000
100000
100000
670
1
443
2097
2491
273
100000
100000
100000
100000
83
100000
535
377
100000
100000
100000
614
100000
390
100000
100000
407
100000
100000
100000
222
100000
337
100000
261
437
627
684
368
100000
84
100000
100000
7517
444
172
100000
100000
100000
7171
87
307
100000
712
100000
100000
100000
100000
1918
258
100000
7345
439
100000
100000
100000
416
100000
100000
327
100000
370
100000
100000
100000
100000
100000
100000
1105
100000
100000
100000
5556
609
168
100000
119
100000
100000
132
100000
526
100000
580
100000
100000
100000
100000
7236
100000
100000
100000
410
100000
100000
100000
100000
254
100000
1812
100000
1352
100000
674
100000
527
100000
473
100000
50
100000
100000
100000
100000
100000
100000
100000
100000
100000
71
252
931
234
100000
203
100000
100000
100000
100000
1017
267
589
344
541
599
100000
100000
934
93
736
1741
1367
4792
100000
100000
100000
100000
100000
100000
1779
100000
100000
100000
2533
1637
100000
100000
365
100000
156
100000
2022
100000
186
100000
361
266
100000
1425
100000
133
100000
658
100000
100000
100000
100000
565
100000
100000
143
100000
321
100000
100000
100000
100000
100000
451
982
760
100000
44
100000
886
106
183
100000
100000
1753
100000
100000
100000
100000
100000
100000
566
312
266
168
542
397
2104
100000
100000
353
100000
916
100000
1283
100000
100000
100000
100000
2217
1655
100000
438
100000
696
100000
100000
100000
100000
100000
316
181
100000
298
2605
533
100000
100000
100000
100000
100000
7299
100000
100000
100000
100000
913
100000
100000
100000
100000
100000
100000
100000
100000
100000
549
100000
100000
467
568
1989
141
100000
22
416
100000
475
903
100000
100000
311
2071
100000
100000
100000
725
100000
100000
100000
238
346
100000
100000
1182
100000
565
588
364
100000
100000
706
100000
100000
100000
100000
103
100000
100000
100000
250
236
216
100000
100000
648
491
100000
508
100000
100000
100000
100000
100000
100000
100000
302
100000
100000
160
627
100000
302
100000
100000
100000
2705
100000
100000
698
100000
100000
100000
2944
251
100000
100000
753
100000
1013
314
100000
100000
100000
100000
100000
219
187
288
100000
100000
800
175
100000
100000
100000
397
100000
100000
361
100000
100000
1168
257
100000
100000
409
100000
721
100000
193
100000
631
100000
358
100000
100000
100000
100000
397
100000
100000
463
100000
739
10
100000
100000
100000
299
143
100000
100000
100000
100000
682
100000
363
306
100000
100000
461
100000
109
100000
491
100000
534
32
100000
100000
100000
639
860
230
828
507
385
575
100000
100000
100000
162
201
552
100000
206
100000
240
640
100000
100000
2774
2753
135
100000
412
342
100000
100000
100000
100000
100000
100000
354
100000
7706
100000
100000
796
384
331
585
284
1024
1098
207
481
100000
41503
100000
684
100000
291
568
100000
100000
100000
440
100000
216
232
100000
5136
100000
16210
344
100000
100000
100000
100000
100000
117
100000
354
100000
100000
189
365
279
100000
27966
100000
100000
100000
100000
258
100000
120
2166
100000
295
100000
175
100000
848
80
100000
784
100000
3568
100000
211
311
359
100000
448
100000
100000
100000
100000
329
100000
100000
100000
100000
646
100000
100000
198
3057
100000
54
100000
675
100000
100000
2117
621
100000
100000
100000
6053
355
836
431
100000
1758
490
100000
253
100000
258
100000
342
100000
100000
100000
225
1734
746
100000
509
100000
1318
219
1403
100000
323
100000
7942
100000
470
587
100000
1133
100000
100000
100000
100000
100000
405
279
190
1371
301
369
20
351
6492
306
771
100000
293
100000
399
100000
100000
100000
100000
464
100000
435
100000
100000
100000
100000
100000
206
872
3040
100000
960
190
100000
100000
455
100000
100000
49
326
100000
2382
990
100000
100000
6169
100000
100000
100000
100000
100000
100000
100000
100000
100000
100000
100000
100000
3138
380
100000
100000
501
1589
169
736
2167
100000
6255
100000
100000
100000
95
100000
282
100000
100000
329
100000
100000
4
100000
185
100000
100000
100000
1028
100000
407
456
684
100000
100000
265
100000
100000
533
1746
313
100000
593
3220
4568
100000
100000
100000
100000
5024
1171
100000
470
742
100000
100000
100000
1214
375
296
100000
526
100000
190
7034
100000
511
100000
169
100000
344
675
540
1736
264
100000
103
512
524
728
100000
100000
100000
463
100000
100000
100000
100000
657
464
373
753
705
100000
100000
100000
100000
100000
100000
100000
100000
100000
100000
100000
209
368
100000
100000
100000
100000
6928
318
100000
286
100000
33
100000
674
714
100000
307
100000
599
478
2399
291
427
805
100000
62
100000
419
100000
208
100000
581
388
100000
813
291
6244
115
133
82
100000
100000
100000
736
515
299
100000
40
570
100000
717
100000
100000
100000
278
100000
714
100000
100000
708
100000
1314
319
431
100000
100000
100000
100000
100000
100000
100000
100000
100000
1889
100000
320
100000
100000
51
390
382
98
100000
359
100000
100000
100000
100000
100000
100000
100000
100000
100000
100000
100000
100000
100000
136
5373
508
130
323
497
204
281
100000
100000
90
545
100000
100000
120
100000
293
100000
655
100000
100000
100000
100000
100000
664
461
100000
204
100000
408
388
143
774
100000
380
100000
100000
100000
100000
700
100000
358
100000
100000
385
100000
100000
100000
30834
487
1350
100000
40
1432
100000
194
198
5001
100000
395
338
100000
100000
100000
725
100000
100000
100000
1300
963
100000
100000
100000
100000
554
286
100000
100000
715
100000
100000
1359
742
1166
100000
637
100000
10
587
945
874
2295
100000
100000
100000
100000
89
100000
74
490
100000
100000
100000
479
100000
359
100000
2431
410
100000
425
277
100000
100000
276
100000
1025
100000
929
100000
289
100000
100000
266
527
100000
131
884
100000
100000
1153
100000
100000
987
100000
60
100000
100000
39
100000
748
430
100000
292
100000
682
100000
100000
100000
377
100000
318
100000
100000
100000
100000
215
548
100000
154
193
100000
339
330
100000
100000
174
7400
100000
100000
100000
2002
76
1892
100000
100000
400
100000
2353
395
234
6627
180
100000
885
100000
100000
100000
1342
100000
979
100000
100000
100000
100000
100000
824
100000
117
508
100000
100000
100000
458
32248
203
100000
100000
100000
100000
100000
100000
100000
167
324
359
218
100000
100000
100000
1142
100000
100000
416
100000
687
38
2107
158
356
335
566
366
361
509
508
8453
100000
100000
100000
100000
100000
203
100000
100000
432
1896
100000
7313
72
100000
100000
491
100000
7889
100000
6493
1408
100000
100000
100000
100000
100000
199
55
287
499
100000
100000
2010
550
895
100000
100000
1048
190
100000
100000
490
334
100000
100000
303
3011
1528
403
239
100000
100000
786
100000
100000
100000
100000
417
232
100000
170
100000
100000
100000
59
100000
708
247
100000
100000
100000
100000
100000
383
100000
100000
100000
100000
603
4582
100000
100000
100000
100000
207
471
100000
100000
100000
100000
100000
936
956
472
172
624
100000
100000
100000
359
100000
100000
100000
2188
100000
100000
248
150
100000
268
848
1431
733
100000
544
100000
529
20898
100000
347
598
100000
366
691
100000
1370
100000
100000
100000
100000
140
100000
100000
100000
249
100000
100000
3103
780
230
506
9313
335
503
100000
843
100000
229
404
100000
568
486
100000
6901
100000
1970
224
100000
382
100000
226
100000
553
1602
100000
100000
6124
223
510
100000
477
100000
1403
100000
100000
838
1389
100000
517
100000
100000
1048
326
100000
1923
100000
2176
370
100000
100000
532
312
100000
192
100000
588
1391
100000
227
295
3933
847
10329
100000
100000
1527
680
100000
267
150
487
100000
365
749
168
100000
100000
100000
591
885
100000
100000
70
100000
172
217
380
100000
100000
474
35
473
357
197
609
100000
189
204
100000
100000
100000
100000
1042
100000
258
100000
100000
340
100000
108
562
100000
566
100000
119
8437
100000
100000
419
100000
100000
100000
88
689
100000
6347
216
100000
100000
100000
100000
100000
100000
100000
100000
100000
100000
100000
100000
641
100000
197
100000
1382
1890
100000
530
147
455
282
100000
100000
377
711
100000
100000
100000
381
4129
2029
13647
1903
100000
100000
100000
100000
134
905
100000
100000
227
422
294
100000
158
487
100000
1760
126
125
263
100000
341
100000
100000
619
707
736
519
100000
100000
8265
100000
155
167
409
100000
100000
100000
100000
281
100000
100000
100000
1282
940
423
100000
1773
332
100000
100000
100000
100000
201
144
119
1519
100000
2097
687
233
100000
626
522
100000
671
100000
411
3140
148
223
1002
100000
405
249
207
100000
2512
100000
251
716
100000
100000
737
449
248
1142
100000
1975
100000
100000
100000
100000
397
637
244
100000
100000
273
100000
1247
92
100000
331
100000
182
364
586
32
100000
402
100000
100000
168
100000
2907
100000
100000
100000
6638
100000
998
894
100000
100000
100000
100000
100000
1221
100000
353
100000
100000
100000
626
1377
100000
100000
1535
100000
169
100000
100000
100000
100000
100000
934
993
100000
1910
5192
56
100000
100000
316
100000
534
100000
530
254
100000
100000
8416
100000
661
100000
100000
38993
100000
100000
398
342
189
657
357
316
100000
926
100000
100000
37
1491
520
100000
100000
100000
100000
100000
100000
100000
380
327
100000
339
100000
132
417
100000
100000
158
260
100000
538
513
247
1718
100000
350
81
100000
332
100000
923
100000
610
100000
100000
476
895
100000
147
100000
100000
150
517
100000
100000
100000
94
100000
1436
100000
100000
366
346
675
100000
233
679
297
1365
684
88
351
154
100000
100000
298
100000
685
100000
375
100000
100000
171
93
100000
1464
100000
100000
100000
6178
107
100000
100000
100000
100000
1149
100000
100000
100000
278
267
100000
100000
231
243
100000
198
1243
376
2835
100000
100000
261
982
100000
21
1344
337
2415
100000
41231
1011
6802
100000
100000
123
315
2078
100000
100000
100000
2071
510
989
615
100000
369
100000
100000
751
506
399
100000
223
100000
1751
555
100000
557
173
100000
100000
100000
100000
100000
100000
313
100000
338
100000
100000
232
100000
25275
621
100000
780
100000
148
100000
100000
466
100000
406
174
100000
417
554
100000
426
185
286
308
100000
100000
100000
100000
234
165
100000
100000
100000
100000
100000
1026
121
100000
2552
715
100000
100000
100000
742
186
100000
100000
409
864
607
100000
100000
1350
19
473
100000
4631
128
100000
370
1359
100000
5555
100000
92
100000
540
356
100000
54
559
100000
614
868
177
100000
229
164
100000
100000
100000
414
100000
278
100000
701
100000
256
473
172
100000
100000
100000
100000
100000
100000
100000
1182
100000
217
100000
100000
273
851
50
100000
139
839
100000
196
3856
100000
126
63
235
293
100000
342
100000
142
100000
144
100000
100000
2081
100000
37
462
100000
100000
100000
100000
371
100000
100000
3983
549
100000
100000
100000
29134
100000
1685
2203
201
234
255
100000
100000
1995
100000
6819
367
100000
100000
887
100000
100000
2502
100000
54
3311
100000
407
100000
2319
100000
332
100000
1892
100000
747
326
100000
112
100000
207
140
1539
100000
100000
786
432
100000
100000
348
132
275
349
100000
100000
214
100000
100000
100000
1796
100000
4348
100000
100000
107
1069
338
100000
100000
373
100000
540
238
100000
1164
100000
295
100000
100000
146
100000
365
100000
100000
100000
100000
64
100000
105
100000
100000
100000
427
100000
267
100000
100000
208
100000
511
306
100000
396
50
221
100000
324
676
503
100000
100000
100000
100000
100000
100000
100000
1435
100000
640
557
100000
100000
306
582
185
100000
100000
100000
3438
100000
100000
100000
413
100000
1377
100000
100000
100000
468
100000
100000
100000
610
401
100000
100000
98
100000
100000
100000
271
354
100000
26037
100000
6861
100000
100000
327
100000
100000
483
100000
116
42483
501
100000
237
100000
666
100000
6672
100000
24499
553
644
155
100000
100000
100000
202
161
2020
100000
100000
2110
100000
462
100000
77
100000
100000
100000
259
133
3218
443
100000
100000
100000
1388
100000
100000
696
100000
135
100000
100000
831
1030
800
626
280
652
100000
38260
100000
1425
100000
100000
852
506
100000
152
16326
100000
102
100000
398
396
901
236
100000
1059
139
237
100000
100000
4402
100000
100000
6685
3091
100000
284
100000
100000
100000
732
146
208
100000
379
279
100000
100000
100000
100000
176
554
100000
100000
100000
419
264
580
100000
100000
100000
100000
2004
220
100000
1
378
97
100000
100000
925
334
603
100000
468
424
229
500
100000
41768
100000
100000
100000
100000
184
100000
100000
100000
100000
100000
215
624
100000
100000
100000
100000
5910
100000
100000
100000
342
100000
100000
100000
100000
100000
100000
541
100000
100000
100000
433
202
100000
100000
100000
397
426
100000
100000
100000
1872
340
540
229
544
100000
100000
2419
100000
181
100000
523
100000
100000
100000
382
1561
100000
100000
525
361
1073
100000
551
226
100000
477
100000
421
191
1283
6071
100000
100000
2104
100000
100000
100000
100000
214
100000
100000
100000
100000
100000
100000
100000
1098
167
100000
100000
355
870
100000
1111
174
649
100000
492
601
972
333
100000
448
100000
100000
100000
1844
100000
323
100000
228
100000
137
595
100000
401
100000
113
315
414
100000
1264
100000
100000
100000
246
644
100000
100000
594
100000
100000
100000
415
189
263
100000
100000
78
100000
1739
357
385
300
100000
100000
100000
100000
550
221
100000
100000
292
1018
100000
100000
17238
100000
100000
100000
100000
51
481
642
100000
100000
954
1945
689
80
100000
100000
100000
7387
1410
100000
100000
100000
170
1187
814
100000
100000
100000
365
100000
100000
2049
652
100000
336
331
394
1476
100000
100000
100000
2385
100000
544
598
31576
100000
1113
1
179
253
100000
263
100000
724
421
100000
100000
100000
17411
329
1325
183
100000
132
100000
305
7158
118
451
100000
356
577
139
983
236
100000
100000
377
100000
100000
9258
280
100000
100000
2268
354
100000
549
442
338
110
1029
100000
8351
100000
100000
100000
100000
2157
146
5743
1243
281
100000
100000
100000
100000
964
136
100000
528
245
100000
100000
100000
636
503
338
365
431
100000
806
1319
1690
206
5035
100000
100000
2167
100000
100000
28
100000
257
544
596
100000
100000
327
100000
100000
498
100000
385
263
628
100000
100000
100000
100000
100000
370
128
230
353
100000
95
45
100000
100000
100000
100000
100000
226
100000
100000
100000
44
100000
100000
999
100000
100000
100000
100000
792
100000
100000
502
385
1972
160
429
363
100000
100000
100000
182
100000
100000
100000
100000
100000
100000
276
100000
100000
100000
397
100000
352
100000
100000
100000
100000
100000
664
106
100000
100000
143
100000
100000
60
398
628
135
100000
100000
100000
174
7106
100000
136
750
100000
437
100000
100000
611
100000
100000
2854
100000
852
1231
100000
100000
8029
144
183
218
100000
100000
668
1302
524
614
178
69
297
100000
455
100000
1033
100000
100000
100000
100000
100000
203
100000
365
100000
1163
293
100000
100000
653
633
143
100000
429
939
100000
1316
247
100000
100000
100000
100000
1043
100000
1158
100000
100000
100000
326
100000
1942
646
100000
100000
141
100000
272
1355
100000
100000
395
100000
465
100000
100000
100000
100000
355
244
100000
100000
100000
404
754
658
100000
291
100000
100000
100000
455
335
100000
317
360
5526
10605
8337
100000
223
100000
129
100000
100000
97
452
100000
517
100000
100000
100000
472
24286
100000
321
1775
89
364
100000
100000
207
100000
100000
552
100000
444
100000
471
233
819
169
507
28993
100000
155
582
218
217
100000
100000
1620
100000
1340
414
142
100000
100000
100000
100000
1437
100000
811
100000
2460
163
100000
100000
100000
938
464
100000
451
8385
100000
162
100000
115
100000
1957
100000
100000
23
100000
100000
100000
100000
100000
493
100000
302
100000
169
348
100000
100000
100000
100000
498
222
145
100000
100000
198
7077
2084
27419
100000
125
632
100000
1012
603
690
402
100000
221
366
6776
175
1427
523
100000
100000
512
100000
100000
275
137
600
177
3112
100000
292
171
100000
396
739
100000
100000
100000
286
100000
6182
1607
100000
100000
720
100000
100000
100000
48
100000
285
506
502
172
100000
100000
100000
494
270
313
1947
100000
100000
100000
222
100000
353
23091
100000
100000
100000
606
100000
127
100000
524
100000
14749
360
100000
100000
100000
618
100000
100000
100000
271
209
100000
520
234
100000
847
4943
100000
100000
466
100000
1557
1383
363
202
890
639
605
696
214
100000
100000
100000
100000
1602
100000
201
100000
100000
100000
100000
32
574
100000
628
100000
100000
100000
100000
100000
100000
512
100000
39
3237
100000
100000
100000
228
1114
356
100000
146
100000
308
261
100000
100000
100000
82
100000
100000
75
100000
100000
100000
100000
524
310
100000
100000
100000
100000
100000
330
100000
462
100000
728
213
100000
100000
274
223
754
100000
854
131
100000
100000
100000
100000
100000
100000
959
100000
100000
512
1334
1249
100000
494
702
100000
597
100000
452
2422
100000
100000
587
271
547
359
522
100000
139
532
922
608
258
229
759
703
439
100000
276
100000
288
1534
100000
264
100000
100000
108
610
427
445
100000
215
100000
182
100000
100000
4058
100000
876
100000
100000
175
100000
100000
187
224
148
100000
100000
100000
100000
1838
100000
100000
100000
100000
100000
411
218
100000
100000
100000
361
100000
100000
100000
131
386
100000
305
2768
100000
100000
100000
100000
203
209
174
100000
100000
100000
420
100000
81
461
100000
152
100000
292
100000
134
452
100000
100000
100000
448
100000
242
100000
100000
100000
536
100000
100000
100000
100000
1998
100000
905
100000
100000
100000
55
186
516
1488
326
610
217
5781
426
100000
100000
558
412
13
622
100000
697
100000
428
100000
100000
100000
176
157
100000
205
420
100000
8554
100000
4397
510
100000
274
660
536
100000
623
100000
2712
117
100000
485
328
100000
980
949
100000
1307
100000
100000
450
100000
100000
474
215
100000
78
496
1166
9078
100000
93
100000
100000
100000
584
2460
534
100000
5623
703
311
100000
428
120
544
151
338
100000
100000
100000
473
100000
100000
729
1643
177
325
681
100000
100000
2437
455
386
228
100000
4341
1950
100000
396
100000
100000
202
427
100000
179
23336
100000
100000
780
100000
100000
100000
8308
1625
590
100000
100000
100000
493
276
490
1
961
100000
281
100000
100000
100000
100000
465
100000
96
100000
209
100000
100000
287
429
100000
100000
100000
337
100000
100000
100000
100000
1964
594
682
100000
100000
431
554
100000
1142
100000
2351
303
100000
100000
648
974
134
3601
100000
100000
484
1519
106
360
100000
1143
100000
199
100000
100000
100000
100000
103
366
100000
320
431
757
544
100000
100000
100000
100000
1207
100000
709
358
238
6432
100000
445
1013
100000
100000
100000
268
192
100000
320
100000
398
328
100000
100000
100000
100000
100000
100000
229
338
877
874
116
2725
100000
276
100000
100000
407
341
100000
100000
100000
377
36
100000
100000
100000
100000
100000
189
100000
279
248
853
100000
274
100000
100000
553
121
385
100000
100000
77
100000
100000
281
100000
237
100000
85
100000
100000
263
3693
100000
100000
331
283
532
100000
100000
100000
100000
1682
100000
538
100000
100000
100000
1207
100000
542
861
299
208
100000
100000
100000
751
100000
538
100000
100000
96
189
100000
279
6012
100000
1469
100000
455
100000
139
100000
603
187
100000
100000
2343
563
1830
100000
7843
100000
602
872
236
269
100000
1407
4323
100000
100000
892
476
197
100000
100000
393
100000
100000
100000
100000
100000
100000
93
6673
500
100000
2013
427
260
100000
312
100000
100000
215
270
100000
652
184
100000
100000
100000
100000
100000
416
100000
100000
396
277
100000
758
452
100000
100000
100000
100000
100000
100000
476
100000
100000
50
167
361
782
1110
100000
100000
100000
100000
100000
251
100000
681
100000
187
191
100000
108
493
100000
100000
462
1300
100000
104
874
264
100000
162
100000
615
100000
100000
1483
100000
100000
974
783
100000
100000
100000
100000
100000
100000
100000
137
100000
100000
118
100000
754
871
244
330
270
100000
227
100000
6364
100000
100000
229
231
100000
100000
100000
100000
100000
966
100000
112
269
287
100000
100000
100000
100000
80
100000
100000
1019
3804
90
6138
100000
100000
652
7572
116
308
610
64
1378
320
475
100000
100000
246
7030
100000
289
197
511
100000
324
100000
280
100000
100000
244
222
258
864
100000
84
260
100000
100000
100000
221
100000
990
100000
100000
307
422
100000
100000
5260
100000
100000
100000
100000
100000
100000
609
266
100000
32
562
310
347
694
202
943
100000
539
100000
143
6181
945
233
2082
383
2316
100000
100000
393
135
100000
187
943
100000
331
100000
100000
100000
100000
179
299
293
2674
100000
100000
1096
100000
44
454
100000
100000
100000
217
100000
100000
919
384
915
100000
100000
100000
597
684
655
535
100000
338
1
100000
100000
611
283
100000
645
100000
100000
267
100000
703
100000
100000
304
100000
100000
353
36
442
1648
446
733
368
5038
100000
100000
54
351
335
100000
100000
100000
1710
175
154
100000
100000
100000
645
694
100000
100000
1922
100000
266
315
209
100000
100000
490
721
1086
100000
62
100000
100000
282
100000
804
100000
275
100000
100000
100000
205
100000
587
100000
874
297
272
346
8419
100000
466
100000
100000
208
358
100000
864
1030
1144
100000
100000
223
100000
100000
16203
260
100000
271
100000
242
100000
124
280
100000
100000
102
100000
222
224
523
8531
100000
390
100000
100000
100000
100000
119
958
67
100000
889
4689
430
151
156
136
487
368
530
500
100000
100000
100000
1679
315
100000
119
726
100000
100000
233
290
100000
100000
484
100000
100000
830
100000
470
100000
100000
100000
643
2005
100000
336
100000
100000
185
100000
563
100000
841
100000
100000
100000
100000
100000
1005
100000
100000
899
226
388
100000
223
100000
100000
443
100000
205
100000
100000
100000
239
140
100000
100000
100000
263
476
589
100000
100000
319
207
248
100000
274
671
363
100000
245
283
449
100000
724
1008
213
658
100000
100000
100000
100000
100000
117
100000
636
100000
100000
5725
362
487
606
100000
100000
288
100000
100000
870
100000
100000
188
100000
100000
100000
100000
343
100000
100000
696
100000
100000
100000
100000
1049
100000
1007
199
329
229
40
1034
100000
1285
100000
100000
100000
100000
104
100000
100000
100000
100000
100000
100000
434
100000
100000
100000
3409
100000
100000
100000
857
100000
100000
100000
100000
100000
100000
100000
370
825
100000
464
9448
100000
797
100000
20
402
100000
100000
563
392
100000
591
637
100000
181
100000
755
389
100000
100000
154
100000
250
100000
842
100000
100000
258
69
421
100000
100000
100000
100000
30
100000
100000
21532
661
5408
669
462
100000
1229
100000
1099
100000
445
100000
848
100000
100000
100000
571
100000
100000
100000
100000
1935
100000
822
100000
524
31
1058
307
100000
100000
570
100000
100000
100000
17
100000
1068
100000
647
1175
100000
100000
100000
118
236
100000
134
100000
100000
34
100000
100000
100000
100000
115
100000
1019
100000
611
100000
817
7838
229
100000
100000
100000
100000
66
100000
498
1410
100000
327
1824
100000
792
100000
100000
100000
100000
5495
100000
100000
100000
512
100000
100000
3167
100000
100000
142
319
1031
100000
416
283
223
144
100000
298
100000
223
100000
100000
801
454
211
100000
613
100000
293
100000
100000
100000
281
100000
138
336
409
3247
1062
5894
100000
484
100000
413
100000
312
100000
100000
396
100000
413
161
100000
100000
612
100000
343
161
100000
100000
437
100000
2547
400
1989
556
653
619
100000
255
100000
754
100000
1040
823
421
100000
163
100000
100000
495
274
403
100000
40
178
100000
100000
100000
100000
100000
221
365
100000
102
440
58
100000
100000
247
100000
100000
505
100000
100000
2690
273
607
114
100000
100000
1349
100000
100000
100000
432
100000
476
207
100000
100000
165
1705
498
100000
252
1706
100000
100000
100000
100000
489
76
100000
100000
576
210
100000
713
100000
496
100000
100000
100000
186
514
1073
174
106
100000
17210
100000
100000
100000
100000
6982
100000
1598
400
1114
100000
100000
100000
100000
100000
100000
265
6994
100000
100000
100000
361
1240
199
100
2115
100000
461
265
100000
57
619
117
100000
100000
100000
100000
145
351
100000
324
100000
5786
100000
135
752
100000
100000
556
100000
100000
681
261
100000
160
100000
946
100000
462
997
100000
100000
100000
447
100000
100000
100000
100000
300
164
100000
100000
100000
406
116
6621
100000
142
100000
100000
100000
100000
100000
81
100000
100000
100000
1407
100000
1245
329
180
204
100000
300
308
100000
100000
531
317
490
100000
100000
100000
196
171
463
100000
1848
537
100000
287
1
164
100000
100000
460
100000
100000
100000
100000
100000
100000
100000
100000
100000
98
100000
483
674
2175
665
248
44
100000
100000
100000
100000
250
100000
100000
100000
390
100000
100000
145
100000
535
416
100000
135
100000
100000
100000
100000
297
100000
355
100000
242
351
1801
440
100000
100000
923
100000
478
491
707
1004
483
2182
943
100000
713
318
100000
258
100000
2509
100000
1005
976
310
794
100000
606
100000
100000
361
7693
614
634
364
100000
229
651
838
100000
100000
267
340
100000
100000
100000
100000
100000
279
100000
383
368
431
1443
100000
291
476
100000
100000
100000
234
1843
100000
293
100000
100000
100000
109
100000
58
100000
100000
100000
100000
398
100000
100000
210
100000
100000
100000
169
445
388
100000
1774
552
100000
362
441
100000
100000
25746
357
225
100000
26381
592
100000
100000
811
100000
356
100000
163
100000
795
100000
100000
951
1252
471
584
1
100000
100000
334
100000
178
100000
100000
100000
268
484
100000
167
100000
100000
100000
435
100000
326
393
524
550
100000
21534
2513
9083
100000
100000
362
157
210
423
100000
371
30100
677
403
100000
397
100000
25
62
2365
100000
83
100000
3011
501
100000
328
100000
100000
100000
100000
340
452
100000
75
100000
279
100000
795
100000
124
415
100000
253
100000
573
595
308
417
5343
562
645
100000
494
100000
100000
1598
535
100000
265
7588
100000
388
154
323
100000
100000
100000
100000
465
100000
337
100000
100000
100000
100000
100000
100000
100000
5311
330
246
973
100000
385
189
151
100000
100000
351
662
100000
352
277
1508
100000
157
595
272
313
100000
100000
229
947
100000
100000
504
271
100000
1023
100000
100000
34282
267
100000
395
148
100000
37
805
326
100000
100000
161
2175
169
4523
100000
511
100000
1088
271
162
590
698
105
100000
100000
100000
5899
100000
100000
100000
100000
4394
1100
100000
100000
207
100000
677
570
100000
1475
100000
100000
100000
382
31
453
450
100000
391
429
357
742
100000
341
100000
100000
100000
100000
100000
485
571
1185
100000
100000
1514
100000
100000
146
900
751
100000
340
8134
100000
100000
706
300
100000
100000
100000
339
269
32693
100000
515
1289
417
100000
100000
100000
461
100000
107
1965
1953
213
100000
5516
330
604
100000
100000
3737
3355
322
100000
242
209
2060
100000
100000
259
112
232
100000
70
100000
994
100000
938
100000
100000
100000
100000
265
7672
100000
100000
2177
100000
783
100000
623
100000
322
100000
100000
312
280
100000
100000
255
803
100000
427
100000
151
248
100000
836
1764
575
100000
185
100000
652
100000
8847
415
100000
1207
782
4635
100000
100000
100000
100000
100000
100000
66
100000
183
100000
182
206
362
21788
100000
2460
430
100000
630
100000
15
100000
97
141
100000
585
100000
100000
100000
166
353
100000
496
153
469
242
100000
100000
1309
242
100000
100000
278
215
100000
2052
100000
100000
100000
323
100000
593
100000
100000
100000
100000
100000
100000
100000
100000
100000
277
100000
100000
356
100000
1174
100000
401
100000
629
6834
197
6582
100000
100000
377
100000
100000
100000
100000
100000
888
1979
100000
100000
100000
6065
370
494
393
100000
100000
958
100000
100000
659
100000
223
246
106
169
100000
118
173
4417
100000
100000
2135
541
100000
100000
293
416
100000
100000
80
100000
27085
100000
8163
100000
100000
100000
100000
656
396
142
320
100000
100000
67
100000
1953
26
100000
2965
411
100000
100000
311
100000
765
100000
100000
5757
245
100000
571
100000
127
224
100000
6736
268
258
100000
170
100000
100000
35
8356
100000
100000
100000
653
145
100000
100000
274
608
100000
6395
339
1694
100000
586
100000
100000
100000
136
100000
100000
100000
100000
970
100000
100000
937
613
398
100000
813
190
196
100000
240
278
100000
480
100000
2262
191
100000
21
277
463
383
149
777
799
633
1034
515
51
100000
100000
191
100000
100000
469
19835
100000
100000
137
1297
100000
7408
443
100000
2943
170
350
100000
454
100000
100000
1566
100000
100000
369
696
786
695
271
138
100000
2270
100000
1917
122
136
309
100000
100000
676
389
100000
369
200
100000
761
100000
78
864
429
830
806
33
1679
117
383
23565
100000
100000
460
704
637
125
100000
490
170
212
79
100000
100000
100000
5841
100000
1
100000
100000
1859
74
100000
313
100000
110
100000
232
100000
188
1704
100000
1713
6671
100000
100000
324
100000
100000
444
100000
43
100000
100000
549
393
100000
100000
100000
382
245
268
100000
100000
450
452
100000
933
346
100000
27
100000
409
5570
100000
323
100000
100000
100000
571
4945
100000
168
100000
100000
543
100000
100000
100000
92
448
263
100000
100000
389
100000
100000
100000
194
404
100000
100000
1317
537
100000
783
432
100000
212
361
5796
127
100000
978
100000
100000
100000
100000
100000
710
964
1112
368
100000
273
100000
5138
392
100000
94
100000
100000
354
513
331
100000
100000
100000
100000
1982
100000
238
100000
100000
513
352
133
1875
112
100000
100000
100000
327
100000
7129
1398
274
100000
100000
100000
516
285
100000
235
186
100000
167
100000
100000
100000
592
317
71
423
100000
217
100000
100000
325
228
319
1574
432
424
346
100000
314
100000
100000
100000
100000
100000
100000
58
51
238
100000
241
141
404
336
310
100000
873
100000
100000
100000
100000
479
100000
100000
100000
187
100000
100000
100000
310
100000
4897
100000
496
1053
100000
100000
100000
73
488
332
100000
246
100000
247
100000
523
178
1408
100000
691
100000
2530
56
100000
177
920
100000
100000
424
367
100000
245
100000
100000
100000
6228
271
1355
100000
100000
100000
100000
100000
100000
943
100000
143
100000
736
1781
146
100000
2100
100000
245
1286
100000
100000
429
100000
1133
100000
100000
100000
100000
100000
555
962
100000
100000
100000
100000
4232
100000
100000
440
302
386
100000
100000
1742
821
100000
100000
100000
66
12854
100000
338
100000
100000
100000
304
219
250
100000
1009
721
100000
100000
100000
100000
100000
100000
544
100000
121
436
55818
608
348
100000
100000
197
288
987
100000
684
100000
367
3236
100000
232
100000
281
2344
100000
100000
6423
559
100000
370
100000
100000
605
384
100000
100000
220
100000
1146
100000
100000
577
1523
100000
52
100000
100000
280
100000
100000
185
100000
548
238
682
100000
573
30224
140
100000
100000
100000
252
330
326
289
100000
54
5569
100000
1502
213
100000
100000
418
100000
100000
100000
100000
538
100000
101
737
337
100000
4559
100000
100000
262
100000
100000
100000
175
100000
100000
100000
356
5337
100000
100000
100000
100000
349
960
306
2066
707
276
1091
100000
6173
427
100000
100000
822
100000
588
100000
239
2302
100000
100000
1023
224
100000
100000
100000
100000
100000
96
328
313
347
100000
799
100000
384
100000
1
148
100000
100000
100000
100000
444
100000
100000
631
100000
100000
292
100000
328
100000
480
100000
7591
74
150
391
100000
1195
100000
100000
100000
341
557
100000
100000
137
499
21930
100000
100000
100000
100000
100000
603
100000
100000
100000
1603
275
1305
77
100000
100000
228
100000
1448
303
134
260
100000
100000
407
100000
284
290
1196
793
100000
920
100000
100000
100000
276
100000
262
100000
100000
872
100000
2028
100000
286
329
100000
285
331
100000
100000
100000
100000
225
100000
100000
100000
271
100000
359
100000
100000
100000
100000
100000
100000
100000
100000
100000
100000
610
316
100000
913
100000
233
100000
100000
100000
555
100000
100000
336
859
100000
100000
100000
536
7295
472
286
5388
310
2450
100000
24
1393
991
770
83
100000
3807
718
100000
1261
100000
100000
515
100000
260
24
100000
848
492
432
100000
100000
100000
1213
100000
100000
199
1023
100000
100000
76
1162
100000
100000
582
4547
100000
6923
767
497
336
100000
1346
133
100000
100000
100000
258
418
100000
100000
100000
288
381
107
1125
818
100000
100000
100000
100000
100000
109
100000
673
100000
100000
100000
925
1056
100000
2079
100000
1287
171
100000
428
100000
274
100000
100000
100000
748
100000
334
1
1715
402
100000
100000
448
100000
160
100000
100000
509
100000
304
100000
100000
231
1125
633
100000
1385
825
100000
100000
100000
100000
100000
100000
100000
514
272
100000
1199
100000
100000
417
331
100000
100000
193
193
100000
100000
536
100000
100000
100000
1216
539
100000
199
100000
349
100000
100000
555
982
356
767
22
6740
5500
577
955
214
100000
375
100000
100000
437
100000
377
100000
100000
100000
100000
100000
100000
244
100000
100000
204
355
100000
100000
100000
60
100000
100000
100000
100000
100000
100000
357
100000
100000
433
100000
100000
100000
679
149
100000
100000
100000
1212
100000
100000
626
100000
635
100000
100000
581
8748
624
100000
100000
100000
265
100000
100000
100000
327
586
100000
10
100000
1749
364
100000
100000
100000
7756
100000
345
100000
209
100000
827
100000
346
219
100000
100000
100000
369
1279
100000
100000
159
936
100000
258
833
244
148
194
100000
353
225
100000
5638
100000
100000
100000
598
274
100000
269
100000
329
261
697
484
596
1462
100000
100000
100000
100000
1020
561
402
100000
100000
726
350
100000
100000
100000
2661
100000
524
100000
100000
100000
100000
100000
100000
100000
1538
243
960
100000
100000
2052
819
100000
101
356
100000
641
105
47
100000
2278
100000
100000
282
100000
100000
358
100000
100000
100000
369
552
160
100000
100000
100000
444
100000
100000
100000
896
133
539
1082
86
100000
81
5342
409
322
100000
100000
605
100000
100000
100000
100000
100000
2107
100000
5692
717
115
9708
100000
100000
100000
100000
100000
332
3636
3035
100000
100000
100000
100000
488
100000
320
433
100000
115
100000
714
100000
100000
4483
249
583
100000
100000
313
882
416
100000
100000
100000
100000
100000
390
214
2990
509
551
231
2177
100000
100000
236
303
801
100000
234
623
100000
346
100000
168
100000
100000
100000
519
76
400
100000
330
1547
100000
462
100000
1238
33113
557
100000
3684
100000
29
100000
627
100000
100000
485
100000
100000
1023
100000
100000
100000
166
1729
383
442
100000
100000
100000
100000
89
100000
160
379
368
59
253
100000
439
1373
7920
100000
100000
100000
146
100000
100000
89
100000
479
7874
100000
465
100000
893
100000
1494
100000
451
288
100000
100000
483
4454
100000
90
100000
100000
100000
100000
100000
239
100000
100000
324
455
286
185
267
100000
100000
100000
100000
61
268
100000
100000
100000
100000
288
751
100000
100000
100000
100000
100000
100000
100000
100000
74
100000
100000
1
100000
100000
373
513
100000
100000
100000
100000
100000
100000
289
54
127
100000
1086
100000
100000
100000
100000
100000
935
100000
382
443
100000
7561
100000
1788
382
1303
100000
100000
148
100000
128
819
273
100000
100000
177
161
100000
221
100000
100000
100000
786
373
739
100000
100000
100000
100000
841
2670
100000
430
268
100000
268
2038
100000
100000
100000
77
100000
100000
100000
196
1700
100000
100000
273
6121
663
100000
100000
100000
1391
100000
170
3779
100000
4650
684
48
324
100000
100000
717
45
100000
7161
100000
100000
134
192
411
165
2029
341
587
100000
100000
100000
537
100000
7415
100000
100000
282
100000
344
224
381
100000
100000
288
24
97
5298
675
292
100000
1992
323
100000
149
100000
100000
85
119
100000
300
1428
235
208
100000
100000
100000
779
100000
100000
892
338
100000
100000
409
247
3663
605
1949
550
100000
2127
2070
100000
240
1055
84
100000
100000
100000
33919
1055
100000
402
382
40
100000
100000
100000
100000
100000
100000
100000
100000
222
100000
235
334
718
1087
1125
135
100000
383
100000
855
45
213
2800
100000
100000
100000
122
2352
100000
100000
525
100000
406
97
252
356
940
146
713
418
540
100000
100000
100000
100000
100000
100000
100000
405
100000
865
633
384
163
100000
89
100000
282
100000
100000
113
400
71
252
479
100000
100000
100000
1259
197
30601
100000
76
484
418
100000
100000
209
100000
85
100000
100000
111
100000
5214
100000
220
100000
171
100000
100000
784
100000
931
1651
100000
100000
24884
100000
638
560
100000
100000
179
100000
491
294
100000
100000
100000
100000
100000
891
100000
100000
100000
910
100000
6799
53389
100000
100000
1349
100000
633
100000
1005
517
100000
100000
100000
100000
100000
1194
100000
220
100000
100000
100000
57
100000
100000
100000
100000
236
569
310
100000
406
426
100000
772
400
335
100000
275
140
578
100000
1113
440
100000
100000
100000
100000
176
346
100000
85
659
100000
100000
191
801
469
100000
323
100000
100000
31
146
793
100000
100000
100000
100000
100000
425
108
116
100000
100000
1205
100000
100000
100000
315
100000
591
338
100000
510
67
508
292
566
1301
100000
883
1175
100000
100000
62
1883
171
287
100000
517
480
100000
100000
523
193
33
358
535
285
366
100000
100000
706
415
100000
1442
280
956
100000
100000
454
100000
100000
1822
100000
209
599
162
100000
100000
125
100000
100000
219
57
167
1102
323
458
796
968
100000
100000
503
905
100000
100000
384
100000
100000
490
333
100000
326
1006
100000
906
100000
548
100000
122
27
538
614
100000
239
294
381
476
204
100000
100000
100000
100000
498
100000
100000
328
100000
100000
196
114
955
627
383
133
7996
281
100000
100000
164
635
100000
100000
100000
636
114
100000
462
100000
100000
100000
456
100000
314
284
100000
100000
477
299
100000
729
100000
100000
100000
6261
2222
2274
100000
485
297
100000
76
100000
100000
320
100000
100000
228
43363
14
100000
100000
218
336
100000
316
100000
100000
100000
100000
239
87
100000
100000
100000
100000
100000
196
100000
49
443
1502
180
671
791
514
100000
100000
1
350
482
100000
95
100000
677
45764
84
100000
1966
252
1844
100000
435
100000
565
100000
100000
56
227
100000
100000
100000
33
360
100000
100000
100000
100000
340
100000
413
100000
398
538
48
539
100000
267
100000
479
349
100000
63
402
561
730
100000
745
100000
100000
100000
1825
197
100000
100000
646
100000
100000
100000
100000
266
100000
100000
100000
319
100000
89
100000
100000
161
100000
782
100000
100000
35
1077
193
100000
459
88
100000
234
100000
117
100000
653
100000
100000
100000
1499
100000
100000
648
100000
100000
100000
699
100000
1031
639
100000
417
100000
100000
100000
304
325
980
100000
66
2024
504
89
100000
350
100000
455
200
100000
100000
100000
438
19254
281
144
100000
100000
967
100000
214
255
100000
111
100000
100000
100000
100000
301
470
100000
100000
100000
608
100000
250
100000
1030
100000
5302
100000
100000
534
100000
4426
100000
100000
200
503
100000
383
82
993
100000
2569
100000
100000
1412
100000
100000
100000
1588
608
84
100000
100000
100000
1578
100000
743
100000
100000
100000
1531
100000
4620
100000
100000
7238
100000
107
100000
100000
100000
100000
100000
140
100000
100000
2014
100000
404
100000
100000
100000
100000
270
330
100000
13
386
100000
100000
100000
1435
37
100000
87
100000
100000
100000
100000
100000
100000
100000
701
100000
120
100000
100000
100000
100000
265
5444
200
1258
591
470
100000
38
152
100000
100000
84
351
632
1033
590
100000
425
100000
100000
418
182
36
448
595
100000
100000
100000
100000
338
569
401
100000
100000
784
78
100000
1900
100000
5219
100000
60
100000
100000
214
100000
704
100000
100000
100000
100000
100000
100000
100000
100000
24777
100000
100000
100000
160
1572
473
100000
245
100000
100000
100000
100000
100000
3434
100000
100000
100000
310
357
298
12
449
100000
100000
1783
3026
441
100000
100000
100000
15
789
100000
100000
100000
100000
258
52
100000
1468
100000
100000
2451
296
226
100000
416
1937
100000
100000
608
100000
167
141
87
100000
3334
100000
188
100000
100000
324
24
100000
100000
375
8022
100000
100000
2148
100000
37
470
100000
100000
100000
588
100000
100000
100000
304
100000
100000
116
267
100000
100000
218
534
100000
658
100000
134
429
100000
356
158
1658
100000
480
100000
100000
100000
100000
242
422
100000
100000
100000
100000
940
100000
100000
100000
507
7098
1298
100000
769
100000
100000
100000
100000
3000
100000
100000
1216
160
100000
100000
100000
147
100000
100000
1477
100000
1404
604
100000
100000
100000
176
672
100000
100000
100000
133
328
100000
100000
582
239
558
4583
593
100000
100000
402
287
100000
100000
25786
100000
100000
161
100000
100000
100000
332
41
355
432
100000
242
667
274
100000
1
29235
622
100000
100000
100000
338
100000
561
284
234
174
100000
122
746
100000
100000
100000
100000
108
393
100000
347
227
100000
100000
100000
100000
505
100000
403
100000
1253
100000
319
100000
893
130
100000
100000
100000
527
100000
100000
52
199
100000
100000
520
100000
531
100000
1961
100000
100000
100000
322
100000
100000
111
1945
100000
3002
2054
293
100000
100000
100000
100000
100000
905
100000
100000
386
100000
21
100000
586
419
100000
100000
100000
969
277
2118
100000
100000
101
352
313
916
203
100000
651
100000
100000
100000
100000
456
778
100000
100000
100000
100000
1771
434
337
10005
100000
100000
100000
133
100000
100000
62
100000
831
92
100000
394
100000
61
100000
292
100000
244
100000
86
100000
100000
353
707
2281
100000
100000
100000
426
100000
100000
100000
232
100000
100000
153
283
257
100000
100000
492
1018
100000
150
100000
132
100000
54
100000
100000
321
100000
7156
526
129
376
100000
100000
312
100000
100000
1191
100000
100000
100000
711
100000
148
100000
100000
609
626
100000
144
892
1727
100000
318
155
772
100000
100000
129
100000
371
2423
100000
1145
100000
2156
466
100000
1651
588
153
538
720
100000
100000
331
311
411
292
100000
806
510
100000
1352
279
100000
100000
100000
318
1525
100000
310
189
100000
963
100000
966
5778
3212
154
234
1557
100000
3683
407
100000
100000
584
403
100000
100000
100000
755
100000
66
1022
539
100000
100000
323
100000
158
550
134
100000
100000
2427
100000
798
102
814
1509
408
100000
334
304
100000
842
100000
100000
100000
100000
333
995
208
100000
100000
100000
100000
856
100000
1724
100000
100000
325
100000
770
100000
456
100000
610
100000
100000
1123
100000
100000
100000
100000
100000
2034
100000
100000
100000
100000
340
1017
100000
100000
100000
321
483
482
100000
159
100000
100000
100000
940
44
100000
100000
100000
580
300
171
100000
339
910
1880
900
721
100000
494
100000
100000
2104
73
100000
100000
425
100000
736
19
767
437
566
240
100000
100000
673
100000
100000
924
100000
222
100000
100000
100000
7375
264
865
320
100000
100000
209
447
275
100000
468
100000
90
100000
494
100000
270
433
53
95
444
100000
100000
1027
100000
520
1180
1692
100000
272
100000
341
100000
100000
444
523
100000
529
100000
100000
100000
100000
100000
622
100000
100000
602
201
100000
100000
1
100000
100000
584
100000
753
517
303
459
100000
100000
421
329
1532
246
100000
100000
1017
100000
100000
475
100000
100000
366
100000
465
100000
185
144
524
100000
100000
363
206
731
158
544
914
78
667
80
100000
100000
70
100000
100000
489
100000
100000
1262
100000
243
1937
100000
100000
100000
3770
100000
100000
352
100000
422
1019
100000
100000
100000
172
100000
100000
100000
1913
739
289
823
100000
100000
353
100000
100000
113
211
595
100000
685
100000
100000
344
100000
100000
948
100000
859
398
100000
385
563
100000
2718
213
100000
553
100000
510
100000
100000
134
100000
836
100000
454
398
100000
100000
27514
59
341
100000
100000
2170
100000
298
553
100000
100000
436
100000
710
100000
423
100000
276
500
3443
100000
100000
187
96
100000
100000
100000
289
425
100000
175
100000
280
100000
674
100000
100000
100000
100000
100000
188
108
78
100000
100000
356
1508
100000
313
1449
1028
100000
100000
100000
234
100000
100000
1048
100000
100000
100000
100000
100000
100000
2015
100000
148
691
100000
330
100000
100000
938
100000
100000
287
839
100000
354
569
265
100000
100000
1
100000
100000
100000
422
100000
100000
100000
100000
270
2154
260
226
100000
100000
92
100000
492
57
274
995
100000
100000
100000
100000
245
100000
376
100000
100000
559
471
42
463
414
100000
31
100000
100000
1310
100000
100000
589
153
100000
30894
378
100000
2321
100000
370
100000
100000
100000
1143
100000
414
100000
473
100000
602
100000
100000
458
24080
100000
100000
100000
207
100000
2537
142
401
134
1105
455
442
100000
100000
475
317
310
100000
346
100000
100000
100000
100000
100000
100000
570
100000
678
259
100000
100000
100000
100000
100000
485
222
449
773
459
234
100000
100000
100000
619
100000
2104
100000
100000
346
100000
227
5714
86
188
100000
146
113
100000
100000
2056
100000
100000
137
100000
100000
100000
100000
100000
100000
100000
100000
180
100000
100000
80
1734
100000
100000
100000
100000
100000
100000
509
100000
141
444
100000
100000
100000
270
100000
531
100000
114
97
1897
898
231
100000
100000
210
100000
100000
137
100000
337
100000
145
757
100000
555
100000
270
171
100000
100000
427
727
81
1170
100000
100000
398
100000
676
424
100000
528
286
316
100000
113
1439
166
3155
100000
297
7018
87
126
100000
462
100000
100000
100000
100000
100000
100000
18
100000
9655
312
100000
681
100000
1874
1989
431
100000
2165
100000
100000
59
100000
553
100000
849
100000
780
314
241
100000
100000
100000
142
191
100000
100000
170
100000
100000
96
256
100000
100000
134
50
76
863
118
100000
100000
100000
100000
117
416
100000
100000
99
513
100000
100000
100000
1838
1530
394
346
828
100000
100000
485
159
1258
65
1059
276
602
100000
782
259
100000
597
100000
394
352
395
1523
86
100000
100000
100000
100000
100000
100000
100000
100000
100000
100000
258
100000
100000
100000
328
5485
1731
100000
429
233
100000
1292
100000
151
100000
100000
404
100000
468
100000
261
232
91
36217
100000
100000
100000
100000
100000
100000
100000
389
100000
100000
100000
100000
58
100000
557
100000
100000
7242
100000
100000
100000
275
1051
100000
100000
18
100000
2222
666
6359
1999
2115
100000
231
100000
100000
59
100000
382
100000
158
100000
2405
218
100000
330
640
478
100000
52
100000
702
736
904
100000
100000
100000
100000
100000
116
100000
564
2623
100000
999
115
100000
494
100000
713
100000
100000
100000
148
36
37
728
1002
3678
100000
787
108
788
253
836
100000
100000
1034
298
100000
260
100000
100000
100000
356
365
100000
100000
167
100000
356
418
549
100000
15
338
322
190
253
100000
100000
100000
765
299
821
100000
100000
696
100000
100000
100000
100000
1210
243
659
312
312
44
375
25591
100000
100000
276
100000
100000
440
100000
100000
100000
459
100000
100000
100000
100000
218
728
118
100000
100000
253
100000
100000
100000
100000
53
100000
100000
100000
100000
100000
1642
100000
637
100000
100000
446
100000
11
210
310
2991
100000
608
1842
100000
100000
100000
111
638
100000
100000
100000
351
100000
295
119
257
100000
534
90
100000
100000
823
182
567
174
100000
100000
100000
100000
100000
100000
329
100000
100000
100000
139
100000
100000
100000
304
68
720
100000
3627
1111
197
100000
100000
775
100000
615
100000
13670
100000
6114
113
486
290
96
289
100000
100000
100000
57
481
636
1905
206
100000
100000
100000
100000
932
100000
100000
454
100000
551
282
1174
100000
2197
100000
111
100000
1527
100000
321
100000
385
570
2306
983
289
199
100000
316
100000
100000
308
609
100000
100000
100000
100000
100000
100000
100000
100000
100000
100000
100000
86
335
100000
100000
100000
100000
100000
100000
101
615
1
100000
100000
100000
100000
738
1
598
363
138
412
312
100000
100000
349
631
1207
100000
100000
100000
904
100000
7604
100000
91
100000
1156
564
100000
536
355
6262
53
199
1470
100000
659
219
100000
100000
100000
100000
100000
100000
100000
100000
100000
449
100000
521
100000
620
937
1933
100000
453
100000
407
100000
100000
100000
100000
739
100000
395
100000
100000
100000
2409
100000
100000
100000
78
100000
2408
100000
17177
100000
100000
505
406
2230
100000
101
534
100000
100000
1011
100000
474
100000
541
100000
626
100000
116
100000
391
100000
47
521
422
92
322
1190
134
100000
241
179
100000
100000
100000
100000
100000
100000
284
100000
100000
100000
100000
492
307
100000
100000
849
100000
100000
4646
100000
100000
85
2116
100000
2224
100000
100000
178
100000
385
100000
3257
100000
3297
142
299
247
337
100000
182
430
419
100000
100000
1592
238
172
711
268
100000
2301
1503
100000
257
2277
228
749
100000
463
100000
608
26
277
100000
100000
100000
279
905
100000
100000
21
208
358
275
382
100000
100000
797
522
3413
2133
100000
140
100000
187
380
149
100000
100000
1550
100000
873
539
897
6133
636
637
210
1896
100000
176
233
100000
456
100000
100000
100000
100000
22298
100000
834
100000
329
100000
250
100000
100000
897
100000
100000
100000
100000
583
964
93
100000
145
1008
422
100000
171
100000
100000
394
100000
100000
100000
100000
211
100000
100000
100000
579
108
283
100000
100000
100000
128
100000
100000
717
100000
393
100000
100000
117
2640
323
100000
813
1055
100000
2021
100000
477
1937
551
567
100000
489
100000
525
100000
428
100000
100000
470
76
100000
550
100000
204
100000
253
100000
100000
100000
300
100000
263
907
624
100000
100000
100000
636
375
420
100000
100000
93
197
100000
785
449
392
100000
88
100000
295
100000
357
100000
100000
100000
897
76
100000
294
100000
228
100000
100000
100000
2012
252
703
129
1723
100000
100000
90
100000
384
69
100000
672
100000
23401
744
100000
2277
100000
100000
100000
200
939
100000
658
131
100000
2139
215
153
100000
703
126
994
156
7783
100000
29460
100000
457
414
1231
377
452
490
247
100000
1032
381
100000
100000
3170
100000
493
196
100000
150
378
100000
500
100000
100000
100000
298
1840
275
200
1264
100000
100000
100000
280
100000
1368
709
100000
100000
100000
100000
109
338
33
100000
1953
2067
100000
245
100000
361
210
1008
100000
100000
100000
100000
100000
1379
173
100000
308
100000
4389
550
100000
100000
1673
328
1122
100000
130
804
1356
100000
30
100000
100000
100000
279
100000
100
100000
100000
158
124
100000
100000
100000
245
100000
100000
337
449
100000
680
406
738
100000
100000
100000
2091
100000
100000
100000
100000
63
95
168
7789
100000
100000
100000
100000
100000
262
100000
7023
327
100000
1000
100000
1218
100000
4751
100000
306
729
4010
511
100000
100000
100000
395
100000
100000
100000
243
518
100000
266
4694
100000
1710
368
100000
3145
547
398
591
100000
100000
249
100000
100000
100000
100000
100000
262
100000
307
100000
307
360
175
519
133
100000
622
100000
100000
100000
100000
100000
5824
100000
11
361
100000
486
100000
1023
100000
100000
100000
100000
144
51
158
387
100000
524
100000
100000
84
100000
273
160
240
100000
126
100000
100000
100000
100000
50
2412
100000
100000
100000
100000
100000
100000
371
7507
1087
295
100000
100000
100000
100000
1156
1398
100000
100000
267
2391
334
445
100000
100000
100000
100000
669
100000
100000
100000
100000
100000
100000
100000
531
456
100000
100000
147
527
100000
100000
100000
694
241
100000
100000
942
338
396
421
100000
100000
175
100000
100000
100000
1968
48
188
1602
837
100000
106
100000
276
138
5284
762
100000
215
40
100000
587
1112
42
100000
100000
100000
100000
100000
195
1348
100000
100000
100000
100000
371
100000
503
344
520
100000
100000
100000
100000
703
360
978
100000
100000
222
1205
100000
270
100000
635
100000
673
112
100000
360
518
100000
100000
100000
100000
100000
100000
922
100000
1474
3402
100000
100000
100000
100000
364
100000
71
286
100000
187
100000
100000
257
100000
100000
1421
100000
100000
100000
385
633
100000
548
100000
7006
100000
127
100000
100000
581
100000
5111
100000
858
221
42
314
100000
100000
100000
100000
411
100000
211
100000
3099
243
563
100000
475
445
135
545
674
100000
54
100000
924
100000
100000
100000
759
100000
8329
898
44
100000
100000
519
176
100000
100000
100000
266
301
2864
621
100000
2096
38
100000
867
100000
100000
1583
322
660
100000
251
100000
228
918
100000
100000
542
504
100000
1247
785
100000
596
717
523
217
554
100000
100000
100000
100000
45
100000
89
299
741
2969
100000
664
233
3245
68
100000
100000
25
256
100000
100000
600
806
100000
100000
655
100000
257
187
100000
100000
4862
414
393
2124
292
68
100000
2173
100000
100000
100000
203
72
546
100000
100000
100000
100000
7704
379
416
100000
100000
470
468
125
100000
100000
100000
7556
100000
100000
2715
1921
100000
100000
100000
100000
100000
100000
119
100000
100000
100000
170
341
1344
118
100000
100000
95
1208
1462
100000
300
92
273
100000
58
132
236
377
298
100000
161
100000
100000
100000
640
991
100000
100000
100000
100000
963
100000
1608
100000
458
503
100000
367
100000
100000
1651
100000
2781
100000
372
149
1830
100000
297
100000
252
320
923
100000
30
986
57
100000
215
164
100000
100000
100000
100000
428
536
243
100000
200
2921
690
373
100000
100000
146
100000
342
100000
100000
290
1853
100000
100000
100000
100000
100000
100000
18686
100000
100000
100000
2003
298
369
2206
100000
135
1132
595
417
298
100000
100000
100000
215
100000
4723
100000
100000
100000
741
100000
100000
100000
100000
100000
351
100000
469
100000
134
100000
291
298
100000
100000
531
100000
100000
133
100000
100000
100000
100000
100000
870
100000
415
382
100000
186
100000
100000
444
769
695
100000
100000
809
100000
100000
100000
234
100000
100000
348
100000
2351
122
364
1378
499
100000
1342
1776
2191
521
713
100000
3923
100000
100000
100000
100000
7138
150
100000
100000
100000
100000
1047
1554
366
68
1886
580
100000
860
228
100000
347
100000
100000
51294
227
100000
229
240
100000
231
100000
384
100000
100000
340
20046
493
100000
230
100000
179
197
31852
100000
342
100000
69
100000
339
4626
891
100000
1332
100000
229
882
179
100000
295
100000
148
123
281
351
100000
1465
314
214
652
100000
100000
100000
100000
100000
322
100000
100000
100000
209
100000
169
186
172
139
100000
100000
100000
100000
1583
100000
100000
416
259
100000
382
167
100000
283
84
100000
209
272
100000
100000
416
100000
100000
435
104
209
100000
109
100000
100000
300
100000
753
212
1231
199
602
100000
100000
100000
759
100000
100000
413
100000
146
100000
100000
100000
4016
100000
558
100000
100000
100000
100000
461
14267
100000
174
100000
100000
100000
100000
100000
100000
425
100000
100000
100000
524
100000
554
2384
1989
100000
226
242
100000
100000
270
100000
1840
82
6163
100000
100000
170
100000
215
103
169
90
100000
100000
100000
145
100000
100000
100000
1184
100000
208
100000
100000
4750
100000
100000
211
100000
2849
566
100000
150
100000
100000
458
219
1943
100000
100000
100000
100000
100000
100000
100000
100000
100000
100000
537
100000
226
1209
89
100000
504
884
100000
100000
256
100000
100000
202
100000
100000
245
100000
100000
100000
100000
100000
100000
493
100000
460
551
82
164
100000
100000
105
100000
100000
100000
100000
100000
720
382
607
100000
449
973
100000
1809
825
987
316
135
100000
31078
157
367
100000
325
100000
100000
540
100000
100000
292
100000
100000
100000
100000
100000
484
51
434
100000
466
100000
100000
100000
100000
100000
1516
305
2265
100000
976
100000
169
100000
2461
100000
1988
794
100000
100000
100000
100000
351
100000
100000
100000
771
263
664
100000
847
100000
5127
100000
170
100000
100000
100000
100000
88
100000
315
100000
2340
610
100000
450
482
3465
136
286
42
100000
100000
100000
100000
100000
100000
100000
100000
33
100000
100000
100000
402
396
100000
271
128
100000
100000
735
100000
100000
100000
100000
837
637
100000
100000
601
100000
100000
1227
100000
100000
100000
100000
607
100000
103
443
100000
3307
102
328
440
21
7608
100000
1975
100000
342
1488
100000
100000
711
100000
100000
311
178
2159
100000
100000
100000
100000
100000
100000
332
559
100000
397
395
140
100000
100000
671
321
903
543
100000
508
100000
354
453
463
1832
100000
1006
100000
244
833
100000
644
100000
232
717
100000
100000
130
100000
100000
326
549
113
100000
100000
100000
100000
6801
100000
1850
802
100000
567
65
100000
622
1183
641
100000
100000
100000
355
700
1982
286
1353
286
100000
271
100000
100000
100000
100000
1359
100000
125
100000
266
100000
359
173
100000
100000
100000
100000
1035
284
100000
614
100000
1933
381
621
406
100000
100000
100000
100000
100000
1106
505
100000
100000
39
174
100000
652
481
335
122
1773
100000
100000
182
100000
262
407
134
100000
100000
572
100000
100000
100000
100000
230
471
100000
791
100000
2194
100000
119
100000
100000
100000
794
100000
100000
469
100000
100000
100000
287
123
194
282
100000
328
360
100000
733
393
796
29
100000
100000
236
1472
100000
100000
100000
100000
745
114
344
100000
287
411
100000
343
54
100000
1720
100000
258
686
100000
211
160
636
126
966
100000
100000
2
100000
181
383
893
100000
461
113
100000
258
445
100000
100000
221
100000
100000
2479
100000
387
100000
100000
1949
100000
384
100000
100000
1232
100000
100000
569
100000
100000
100000
1772
100000
100000
100000
100000
100000
40
100000
100000
100000
100000
100000
100000
531
100000
100000
70
100000
100000
5016
100000
426
100000
8536
178
1163
785
113
326
971
100000
100000
100000
264
100000
2179
100000
1012
165
100000
100000
95
100000
100000
100000
465
7948
100000
111
258
368
1940
944
307
1190
100000
189
494
100000
100000
100000
768
100000
100000
127
407
100000
100000
100000
516
100000
100000
100000
100000
509
100000
1451
873
286
100000
100000
100000
1742
100000
347
842
229
100000
110
100000
387
100000
100000
156
100000
190
391
100000
356
100000
4978
100000
100000
277
100000
1715
196
100000
100000
530
1005
100000
486
1435
82
100000
609
100000
100000
365
69
100000
100000
404
260
2301
100000
100000
292
100000
100000
100000
100000
100000
100000
100000
100000
11
365
100000
423
314
100000
100000
100000
100000
100000
535
100000
2316
497
615
230
138
244
100000
757
118
100000
100000
100000
2734
357
406
100000
399
100000
100000
222
100000
100000
467
100000
100000
100000
100000
100000
270
1157
100000
1749
100000
124
100000
304
100000
100000
100000
100000
100000
100000
380
219
606
25857
100000
100000
13700
115
100000
404
295
100000
229
551
100000
100000
5180
100000
257
436
100000
225
100000
100000
100000
458
100000
100000
860
100000
1035
273
100000
100000
100000
100000
278
100000
100000
356
100000
100000
16
100000
100000
1587
868
99
100000
100000
311
100000
205
100000
100000
100000
100000
917
100000
638
100000
3673
100000
100000
70
648
296
66
100000
100000
100000
100000
1285
102
924
100000
989
100000
604
170
640
358
100000
100000
1234
100000
363
100000
344
442
2146
1486
318
100000
871
279
100000
945
100000
100000
413
133
4223
100000
67
100000
100000
475
230
100000
100000
100000
100000
100000
325
593
100000
7197
403
100000
327
101
624
100000
100000
291
100000
2314
4714
6077
100000
317
213
702
22034
100000
100000
100000
1728
3003
126
100000
100000
348
100000
503
323
201
100000
3553
1369
280
257
551
218
100000
508
100000
533
100000
210
5945
100000
100000
100000
100000
100000
512
167
100000
350
833
100000
152
100000
100000
100000
100000
100000
144
306
100000
521
100000
3456
100000
100000
368
100000
176
100000
100000
100000
251
2006
100000
638
433
100000
526
100000
100000
377
3450
236
100000
367
100000
100000
55
100000
363
100000
159
137
386
45
707
100000
100000
2693
593
100000
100000
295
100000
100000
100000
123
426
567
100000
988
411
124
100000
4356
100000
310
2525
100000
132
59
5654
195
100000
100000
100000
335
1903
352
100000
271
100000
100000
236
100000
600
234
100000
278
213
100000
100000
982
273
100000
598
1547
268
360
100000
229
335
408
100000
567
927
321
100000
100000
100000
100000
100000
542
436
533
403
100000
141
832
100000
100000
295
148
100000
100000
100000
100000
100000
100000
100000
100000
37000
1062
1367
100000
100000
100000
344
100000
100000
286
295
567
614
100000
392
92
100000
212
406
100000
595
100000
461
130
100000
100000
137
100000
100000
625
100000
100000
100000
258
100000
100000
100000
370
231
100000
1734
100000
229
558
100000
2328
318
100000
456
1212
100000
100000
100000
472
7347
100000
100000
306
863
100000
92
100000
100000
100000
310
267
418
100000
100000
100000
100000
459
100000
420
297
100000
420
407
100000
100000
100000
1160
100000
100000
100000
753
484
100000
724
198
100000
453
100000
100000
531
156
363
279
100000
100000
72
100000
1034
633
327
100000
100000
100000
100000
332
100000
1504
100000
1231
1112
1282
100000
419
100000
100000
50
100000
100000
443
100000
100000
100000
351
3012
184
100000
100000
100000
360
100000
100000
100000
100000
100000
740
735
100000
100000
859
100000
346
437
558
358
100000
100000
2527
100000
100000
100000
621
100000
100000
760
879
57
415
264
1530
779
308
100000
233
100000
100000
100000
100000
100000
2236
100000
100000
100000
438
1332
100000
370
81
8007
274
587
100000
460
17638
100000
100000
100000
100000
100000
2764
747
100000
100000
100000
100000
675
311
100000
100000
100000
100000
100000
100000
100000
100000
100000
1139
100000
861
1243
1528
100000
100000
100000
100000
100000
100000
100000
100000
392
100000
304
100000
524
335
5021
100000
100000
100000
100000
356
62
600
53
100000
224
241
100000
573
978
195
581
4399
100000
356
1057
620
3255
100000
100000
100000
293
100000
100000
150
100000
2514
112
73
100000
100000
100000
346
100000
530
857
587
177
260
100000
338
100000
1705
2575
401
1184
100000
100000
232
179
522
230
100000
100000
100000
100000
100000
85
100000
392
4756
100000
100000
100000
250
100000
317
249
330
2449
100000
397
423
100000
4978
461
542
100000
571
9819
100000
617
590
100000
100000
780
100000
100000
568
100000
100000
1774
514
100000
119
100000
344
100000
100000
100000
100000
100000
100000
137
1831
68
1834
100000
315
195
100000
576
307
274
100000
100000
1338
100000
97
102
329
1309
100000
2026
1297
1268
100000
100000
298
1192
100000
100000
642
343
7554
459
1722
100000
100000
560
100000
378
621
4846
357
100000
1176
100000
100000
100000
317
217
689
1280
642
100000
100000
160
1004
177
150
100000
107
199
100000
156
245
100000
100000
12
34035
100000
525
100000
100000
265
441
603
100000
100000
530
100000
215
100000
100000
100000
218
97
100000
100000
734
42
100000
100000
511
162
100000
100000
100000
821
53
1037
100000
100000
23327
100000
100000
100000
100000
100000
100000
100000
100000
229
100000
100000
100000
224
202
100000
6149
100000
103
354
132
915
100000
384
224
100000
191
290
4253
100000
100000
100000
494
100000
616
100000
100000
131
100000
264
100000
50
308
100000
291
479
706
2091
100000
100000
100000
70
207
100000
70
589
269
234
100000
100000
447
95
418
542
100000
957
141
105
568
454
100000
2308
906
1489
100000
100000
576
77
65
100000
100000
100000
100000
100000
100000
100000
100000
83
100000
327
100000
100000
656
100000
15
276
236
100000
100000
100000
596
5149
361
100000
100000
343
4860
66
201
255
125
977
100000
100000
296
100000
1233
5210
100000
100000
138
100000
100000
100000
100000
106
304
330
100000
100000
4098
100000
100000
100000
527
100000
100000
428
453
100000
168
479
28
146
100000
100000
666
100000
100000
100000
100000
403
481
309
100000
100000
2336
1144
100000
398
100000
100000
673
100000
100000
100000
690
1656
219
262
100000
100000
100000
100000
348
100000
100000
100000
2055
2160
100000
359
347
100000
100000
100000
100000
421
985
100000
80
484
811
287
100000
100000
255
100000
100000
290
100000
100000
1025
6192
1698
100000
100000
100000
301
6956
100000
433
100000
100000
100000
351
190
1565
100000
312
215
100000
100000
7070
304
100000
100000
197
100000
100000
100000
589
88
100000
100000
100000
2286
918
762
100000
186
177
100000
100000
536
100000
5411
100000
100000
100000
100000
100000
212
100000
274
309
1170
304
100000
100000
100000
100000
100000
100000
390
378
40
374
100000
100000
100000
317
100000
100000
100000
388
100000
100000
629
100000
389
100000
700
100000
332
47
100000
100000
100000
359
630
100000
100000
108
730
367
100000
100000
882
848
100000
983
100000
471
131
100000
250
100000
356
100000
855
100000
100000
100000
100000
395
100000
263
100000
100000
359
100000
292
100000
100000
404
100000
658
100000
181
100000
221
230
892
187
450
100000
100000
36
182
100000
100000
96
100000
340
100000
583
607
120
100000
38322
100000
100000
100000
100000
485
1724
100000
100000
100000
380
492
609
100000
319
100000
554
242
555
100000
100000
163
344
100000
100000
100000
100000
309
245
100000
100000
275
66
100000
1383
100000
122
100000
190
1242
100000
9
728
282
100000
100000
100000
100000
351
197
100000
100000
996
100000
470
610
334
100000
134
100000
100000
100000
912
1794
5577
100000
100000
100000
838
100000
100000
228
383
100000
100000
100000
100000
100000
100000
100000
100000
1804
100000
1379
225
171
100000
840
176
520
100000
617
254
387
143
873
211
100000
233
281
100000
100000
100000
177
100000
333
1591
927
30
158
829
2427
100000
1841
440
100000
1037
115
570
1574
354
8633
873
563
389
100000
298
411
100000
100000
100000
100000
100000
535
348
100000
305
100000
100000
332
2096
328
100000
100000
100000
100000
100000
100000
100000
176
5414
88
717
100000
436
100000
511
100000
195
400
817
100000
24
322
429
648
100000
388
678
69
100000
100000
37262
100000
100000
100000
220
48
100000
100000
100000
100000
119
304
100000
100000
3090
704
100000
100000
1161
352
100000
100000
335
2234
399
367
100000
355
100000
100000
454
148
3791
100000
100000
221
513
100000
5408
100000
126
100000
31
100000
100000
1059
652
100000
170
100000
100000
1000
100000
615
100000
100000
234
411
100000
100000
100000
100000
100000
100000
100000
100000
100000
100000
138
72
100000
972
100000
100000
100000
62
100000
100000
100000
100000
726
100000
5784
100000
65
100000
161
252
100000
100000
100000
181
100000
100000
1069
100000
381
100000
352
454
1373
221
469
1547
239
100000
100000
100000
1508
273
100000
279
100000
478
319
100000
100000
456
1341
100000
100000
100000
100000
511
100000
100000
253
228
314
100000
100000
100000
101
100000
991
228
239
100000
730
100000
100000
100000
100000
446
100000
1
524
86
100000
792
100000
100000
2000
295
375
100000
100000
174
194
100000
279
334
100000
383
100000
2669
100000
100000
1518
409
316
190
100000
112
412
100000
90
100000
100000
100000
100000
512
100000
100000
351
1966
100000
100000
210
14205
100000
100000
341
909
107
113
100000
100000
100000
227
1
413
100000
100000
119
766
161
100000
937
53
742
8267
378
976
410
408
100000
100000
100000
296
100000
100000
100000
744
635
3662
100000
1215
100000
454
129
100000
100000
100000
655
140
100000
1678
735
100000
100000
100000
100000
100000
2041
100000
374
100000
1949
508
100000
2732
100000
159
100000
100000
2709
100000
100000
100000
100000
100000
100000
100000
102
100000
100000
461
6630
567
238
281
265
100000
100000
131
100000
442
743
201
100000
100000
100000
1585
1
100000
217
109
599
80
100000
190
100000
100000
581
100000
50
324
100000
606
100000
100000
835
100000
100000
100000
135
100000
239
787
100000
100000
100000
1062
177
134
100000
956
100000
11
3275
300
100000
100000
100000
100000
100000
92
100000
858
104
144
288
266
100000
100000
59
2683
100000
227
100000
100000
2125
347
100000
100000
166
49
100000
1407
100000
87
1
100000
1929
100000
185
100000
100000
465
1124
493
461
361
100000
100000
100000
100000
97
100000
425
100000
494
100000
6775
4117
870
233
722
100000
793
100000
17
100000
100000
100000
100000
100000
789
750
617
100000
100000
100000
100000
100000
436
387
332
100000
145
83
35
100000
100000
190
100000
68
344
1935
100000
184
100000
140
414
253
406
3430
100000
100000
307
100000
543
950
100000
24
284
8968
100000
100000
36
348
213
100000
100000
163
100000
100000
100000
100000
100000
100000
100000
88
221
100000
841
47
100000
100000
100000
2421
100000
142
100000
100000
100000
21
211
377
837
196
100000
159
229
1564
559
100000
100000
100000
100000
145
356
100000
550
835
100000
425
383
100000
100000
100000
100000
410
117
100000
100000
383
526
2113
562
100000
100000
100000
143
100000
1006
649
100000
100000
100000
767
100000
259
288
883
210
100000
75
140
27
176
1784
100000
100000
100000
144
100000
100000
100000
100000
268
214
100000
3330
100000
389
242
274
100000
132
100000
309
100000
100000
100000
1430
407
100000
100000
100000
869
2440
815
100000
416
100000
111
128
654
664
100000
100000
100000
479
1211
100000
639
100000
198
100000
100000
100000
434
100000
83
100000
934
207
7026
100000
1896
100000
100000
100000
747
100000
100000
100000
118
237
1479
100000
131
404
100000
100000
100000
71
1598
100000
123
100000
100000
100000
100000
100000
194
100000
313
100000
100000
328
100000
100000
234
100000
100000
100000
36
952
5409
937
100000
100000
7955
325
1046
302
623
100000
956
100000
100000
396
345
100000
100000
1153
100000
105
408
100000
359
2281
100000
159
100000
100000
400
649
100000
100000
100000
100000
100000
905
143
418
217
275
100000
427
100000
12
123
233
20
95
219
100000
5092
100000
100000
100000
100000
100000
100000
100000
337
131
317
100000
100000
100000
100000
100000
310
100000
312
530
200
100000
2960
477
214
1761
1959
100000
100000
100000
100000
100000
100000
598
100000
100000
1344
240
100000
2464
100000
414
100000
57
100000
100000
100000
100000
100000
100000
243
199
588
26470
3744
261
285
100000
100000
196
100000
100000
100000
100000
747
33921
865
100000
91
224
97
100000
171
100000
325
629
718
1010
366
407
3417
94
265
105
142
1863
319
2329
100000
1276
100000
145
100000
100000
950
1367
701
100000
100000
1189
215
235
100000
483
100000
100000
100000
100000
100000
100000
100000
100000
100000
990
1177
484
100000
100000
100000
586
100000
480
606
100000
84
100000
342
100000
257
718
100000
276
52
100000
100000
100000
100000
100000
89
100000
100000
100000
668
100000
887
416
100000
3186
100000
100000
513
100000
423
100000
100000
1718
100000
100000
100000
100000
100000
100000
100000
100000
348
782
100000
495
25
503
100000
411
100000
100000
100000
28320
100000
648
292
100000
518
100000
100000
448
670
100000
261
547
100000
100000
49
100000
376
100000
100000
100000
100000
100000
735
100000
100000
72
681
242
528
100000
100000
100000
100000
346
549
425
60
100000
100000
100000
339
100000
1490
100000
3234
348
100000
100000
676
36
100000
100000
100000
2241
103
1696
2215
18
100000
345
100000
642
100000
100000
906
104
243
100000
415
245
100000
100000
100000
307
39
250
72
1075
100000
100000
95
100000
6712
100000
733
100000
474
7942
100000
100000
100000
100000
100000
325
516
185
94
130
100000
100000
461
947
100000
100000
744
100000
463
100000
45
279
514
409
100000
100000
930
1637
100000
100000
100000
537
362
276
100000
100000
150
343
100000
289
15
1558
332
6277
57
464
100000
1
100000
100000
100000
100000
100000
817
100000
1556
100000
100000
100000
100000
296
286
100000
100000
1128
100000
69
322
100000
21134
961
3183
301
100000
100000
1106
100000
206
100000
100000
100000
3027
100000
395
100000
100000
652
953
100000
708
472
100000
251
1742
123
100000
100000
100000
100000
92
100000
100000
456
173
100000
299
100000
100000
1724
100000
625
100000
100000
100000
1535
100000
152
796
100000
100000
100000
100000
100000
100000
408
161
100000
100000
36
198
100000
100000
770
704
100000
297
347
100000
100000
100000
100000
1375
3630
100000
232
368
245
100000
100000
100000
100000
100000
269
493
407
227
100000
100000
100000
304
100000
374
100000
100000
259
100000
100000
166
401
411
83
100000
699
100000
601
89
100000
560
1065
669
124
100000
100000
100000
567
100000
100
100000
100000
102
100000
414
572
47410
100000
100000
100000
100000
100000
100000
282
99
100000
125
733
100000
100000
287
100000
441
644
197
326
904
341
100000
625
100000
100000
100000
100000
100000
1761
100000
100000
593
100000
100000
139
292
1254
100000
516
100000
136
15
100000
205
156
100000
100000
551
346
100000
367
373
139
621
100000
100000
100000
100000
100000
321
100000
100000
265
100000
100000
100000
1772
100000
340
76
465
100000
732
100000
598
100000
100000
100000
100000
100000
100000
100000
105
117
100000
188
934
1315
100000
169
357
754
100000
100000
100000
192
100000
78
100000
100000
100000
496
194
100000
100000
87
721
100000
100000
100000
209
100000
100000
100000
98
100000
100000
100000
100000
100000
100000
248
1242
100000
100000
719
442
166
24726
100000
100000
100000
224
100000
100000
304
699
100000
1535
934
100000
71
23
270
100000
474
100000
100000
100000
464
100000
100000
100000
364
162
136
931
1157
172
262
303
100000
1281
464
105
100000
100000
824
315
100000
100000
100000
100000
446
286
100000
345
2127
324
100000
189
443
150
276
450
100000
100000
100000
686
53
83
100000
423
100000
100000
100000
100000
207
1846
100000
405
100000
229
100000
100000
100000
100000
100000
1100
509
1347
100000
100000
6563
100000
100000
496
282
244
100000
100000
100000
100000
100000
100000
100000
237
322
100000
100000
2323
314
205
215
100000
256
100000
2597
100000
4733
100000
1433
100000
100000
100000
657
100000
100000
100000
521
354
259
880
100000
100000
192
136
44
1925
100000
551
907
100000
1952
100000
275
100000
100000
194
13899
100000
100000
130
100000
100000
100000
100000
818
1291
100000
624
100000
100000
100000
310
270
179
644
450
46
100000
365
100000
100000
100000
100000
100000
100000
599
294
100000
100000
220
100000
100000
260
100000
100000
100000
100000
100000
100000
572
220
475
124
278
996
263
56
100000
1011
100000
100000
100000
606
155
758
100000
100000
211
724
9112
90
100000
100000
6096
1651
100000
100000
100000
331
262
100000
100000
100000
100000
413
205
100000
100000
140
487
1465
100000
198
97
926
83
100000
248
100000
165
346
100000
291
100000
100000
273
100000
713
19993
296
147
4390
465
100000
218
100000
272
188
100000
575
158
100000
147
100000
220
100000
100000
42
100000
100000
100000
256
100000
1583
674
1436
100000
113
2092
210
54
14389
412
949
100000
100000
695
372
100000
413
100000
237
1214
100000
100000
100000
100000
100000
100000
127
100000
874
100000
2416
100000
100000
100000
100000
100000
100000
100000
390
100000
1748
100000
100000
103
274
100000
100000
100000
100000
100000
307
100000
366
100000
100000
478
1162
562
100000
100000
100000
100000
100000
100000
100000
100000
334
100000
100000
100000
100000
100000
159
628
100000
100000
100000
100000
714
100000
228
1006
100000
100000
100000
100000
108
100000
1991
179
310
100000
299
315
100000
100000
90
100000
100000
279
100000
48
2192
139
100000
81
100000
1793
100000
100000
38913
100000
100000
196
506
100000
100000
228
100000
233
13838
260
23
100000
312
378
825
100000
131
100000
100000
100000
80
100000
892
100000
100000
100000
100000
100000
100000
100000
100000
100000
100000
100000
901
100000
100000
100000
100000
100000
100000
333
100000
568
100000
733
100000
334
2012
3002
715
1002
100000
264
100000
1965
100
881
100000
100000
435
106
100000
360
1628
100000
1464
100000
744
95
363
215
1654
2287
100000
100000
100000
469
100000
188
186
377
100000
370
511
100000
100000
100000
100000
674
100000
188
375
100000
100000
211
809
100000
137
100000
100000
100000
100000
838
100000
100000
100000
5282
2305
100000
100000
100000
1103
323
100000
100000
100000
1551
100000
720
100000
100000
100000
833
22
100000
100000
589
100000
100000
100000
35
145
100000
1337
100000
1147
520
261
100000
2366
257
100000
100000
100000
535
100000
632
100000
385
828
100000
180
474
100000
100000
708
464
100000
100000
831
383
34
100000
100000
100000
316
100000
2264
45
100000
350
324
72
375
100000
100000
543
136
615
100000
354
1010
100000
100000
854
171
394
100000
893
429
100000
100000
100000
1298
100000
1163
100000
100000
100000
100000
100000
305
668
441
395
100000
125
831
74
100000
159
311
100000
100000
246
100000
100000
100000
100000
100000
32
100000
100000
237
407
1250
100000
217
100000
100000
35
100000
100000
177
3227
100000
151
100000
745
1177
100000
100000
100000
100000
74
100000
100000
1792
73
222
277
989
100000
547
1705
100000
100000
2106
100000
605
710
363
100000
100000
1462
100000
100000
6705
100000
344
167
10
106
747
100000
1189
100000
324
100000
51
206
100000
368
100000
372
100000
100000
100000
951
209
100000
100000
178
550
100000
100000
477
2321
545
325
100000
100000
100000
118
100000
100000
100000
100000
100000
384
303
1038
100000
100000
179
361
189
100000
24533
100000
410
100000
100000
100000
100000
100000
326
100000
1445
293
100000
100000
100000
100000
51
100000
423
703
100000
100000
637
16235
15
249
301
100000
100000
100000
338
100000
366
36
2238
100000
100000
1004
779
35580
804
100000
100000
100000
100000
166
254
629
100000
1226
825
2035
526
49
991
100000
593
661
100000
100000
100000
148
100000
100000
100000
100000
233
100000
100000
648
100000
100000
100000
100000
609
100000
149
46
1151
100000
100000
100000
100000
716
150
100000
100000
100000
100000
100000
333
784
198
199
100000
100000
726
54
208
527
100000
100000
100000
100000
441
243
315
100000
100000
100000
330
254
100000
496
1726
830
100000
364
201
100000
100000
1832
325
225
100000
100000
796
100000
100000
100000
100000
100000
550
3509
100000
100000
426
100000
100000
211
100000
100000
100000
294
21015
236
100000
100000
100000
390
83
100000
100000
100000
100000
100000
100000
228
5015
258
100000
441
8128
100000
100000
100000
1607
100000
587
878
318
100000
472
2743
100000
565
100000
40
100000
170
100000
1692
100000
3154
100000
1029
183
100000
100000
456
100000
216
552
100000
100000
715
846
131
690
100000
229
100000
100000
100000
596
100000
443
733
199
288
233
100000
100000
100000
100000
100000
100000
725
486
100000
100000
100000
100000
100000
100000
100000
100000
215
100000
136
458
472
87
100000
421
290
183
100000
155
179
100000
100000
659
100000
1389
100000
100000
93
100000
136
100000
100000
505
345
100000
633
100000
164
299
7296
223
100000
100000
440
227
100000
100000
100000
100000
338
100000
100000
100000
282
100
1373
100000
82
100000
100000
1153
38580
86
461
100000
100000
730
100000
688
526
100000
100000
100000
3465
100000
100000
779
1115
100000
100000
416
270
438
100000
100000
100000
100000
100000
100000
914
100000
100000
348
100000
100000
409
587
100000
100000
100000
2160
190
265
100000
100000
3693
287
119
173
479
100000
100000
100000
523
100000
371
100000
21511
729
633
349
721
377
869
100000
100000
100000
100000
19
100000
100000
100000
4662
542
25134
143
100000
100000
100000
100000
100000
100000
100000
531
100000
9112
198
100000
3371
100000
214
386
100000
100000
387
100000
482
100000
501
100000
100000
100000
231
100000
100000
100000
735
111
100000
100000
60
100000
100000
1539
239
609
179
100000
156
100000
584
580
100000
100000
100000
381
100000
204
100000
100000
100000
1114
100000
397
100000
100000
100000
100000
100000
100000
100000
244
373
1543
100000
100000
100000
100000
100000
339
100000
100000
100000
1250
231
100000
138
100000
100000
229
215
269
366
219
100000
9067
100000
100000
100000
1108
965
375
303
916
100000
100000
505
221
100000
154
100000
1280
100000
100000
100000
100000
483
280
216
623
5296
7130
100000
100000
1022
100000
100000
268
99
100000
100000
380
239
100000
261
100000
3486
151
635
406
720
420
1307
395
885
342
100000
2552
497
100000
327
100000
455
104
393
223
100000
100000
369
222
100000
100000
200
4145
100000
100000
100000
130
100000
100000
261
100000
263
100000
214
100000
2354
100000
253
1030
229
158
100000
100000
716
100000
62
1504
310
100000
100000
445
100000
100000
810
545
100000
100000
455
768
100000
386
699
236
211
31
100000
100000
100000
236
365
100000
237
6504
100000
1810
100000
100000
100000
100000
100000
275
1028
100000
100000
124
2423
136
100000
100000
100000
633
397
166
100000
1270
673
100000
1930
100000
429
100000
33220
100000
314
100000
100000
100000
100000
100000
252
431
404
294
100000
225
100000
100000
100000
1054
457
100000
100000
343
81
100000
1275
507
100000
100000
368
100000
38721
100000
293
100000
100000
186
412
100000
100000
3707
100000
647
100000
504
100000
100000
100000
1366
100000
100000
245
220
23108
207
959
448
100000
100000
2421
100000
220
100000
334
100000
100000
100000
100000
461
100000
149
1
210
2472
100000
100000
100000
100000
1
100000
310
85
366
100000
162
100000
389
700
100000
100000
834
100000
102
447
215
25290
100000
636
5
100000
1461
234
100000
100000
100000
100000
100000
603
100000
305
35573
100000
100000
100000
100000
100000
396
196
270
230
174
1384
100000
100000
733
272
263
968
100000
100000
81
404
100000
330
100000
100000
100000
100000
100000
141
100000
121
100000
100000
100000
185
100000
100000
100000
226
100000
100000
100000
237
100000
100000
100000
100000
1442
248
200
100000
100000
100000
92
1799
267
100000
97
100000
481
297
100000
32381
51
674
100000
242
265
237
466
100000
100000
100000
100000
97
629
833
100000
293
460
100000
100000
100000
2006
100000
755
223
590
261
182
100000
100000
100000
432
297
100000
100000
100000
387
100000
459
100000
100000
888
100000
100000
100000
100000
321
100000
68
100000
100000
2380
101
100000
339
213
306
214
316
1352
100000
100000
100000
33
743
92
219
100000
168
65
431
100000
100000
100000
100000
100000
928
100000
100000
100000
635
100000
100000
745
182
100000
100000
100000
93
809
100000
720
192
100000
100000
100000
100000
8314
262
1112
100000
1071
100000
333
100000
118
300
100000
100000
644
60
100000
781
764
100000
145
100000
1289
100000
607
250
100000
100000
1099
1062
310
100000
85
100000
100000
274
1297
100000
100000
100000
100000
100000
100000
299
561
447
100000
100000
100000
264
100000
555
222
100000
100000
100000
5419
100000
3009
100000
229
100000
100000
100000
100000
100000
100000
125
100000
327
100000
100000
100000
100000
373
100000
100000
117
100000
100000
100000
1579
112
485
100000
100000
94
284
100000
100000
636
2279
413
6297
843
65
100000
27500
100000
100000
52
286
100000
1
76
515
100000
100000
204
100000
236
100000
23169
100000
100000
100000
100000
100000
100000
276
611
100000
100000
100000
100000
412
100000
100000
100000
100000
100000
100000
100000
100000
831
737
100000
100000
100000
100000
100000
100000
100000
100000
100000
100000
450
1000
884
100000
100000
100000
1036
1061
299
100000
76
100000
1039
309
100000
100000
212
100000
100000
100000
100000
100000
100000
167
423
12
100000
100000
198
100000
71
100000
100000
274
947
100000
2130
100000
100000
100000
100000
671
1288
38
100000
100000
100000
100000
100000
7905
176
100000
487
2083
100000
100000
2455
100000
100000
492
62
100000
100000
429
8602
100000
100000
100000
100000
2810
100000
444
100000
100000
992
244
416
597
437
100000
100000
1088
1
100000
3132
100000
100000
120
100000
5708
100000
100000
49
558
100000
100000
100000
181
118
100000
100000
208
284
100000
256
254
100000
263
948
121
278
100000
63
1551
100000
864
1379
158
499
100000
5423
100000
115
100000
100000
203
100000
100000
177
1649
100000
100000
100000
100000
33
100000
328
257
304
988
100000
100000
100000
100000
270
100000
100000
100000
45
100000
1902
100000
100000
180
348
854
100000
370
100000
100000
284
100000
100000
100000
100000
100000
100000
1983
100000
100000
100000
1375
100000
367
3727
218
6542
142
100000
100000
100000
262
100000
122
100000
100000
701
100000
100000
2090
100000
100000
100000
384
196
142
100000
328
100000
100000
417
333
680
100000
100000
100000
100000
100000
100000
100000
196
812
100000
554
100000
100000
234
100000
1127
467
100000
631
100000
126
100000
100000
100000
200
100000
100000
454
860
1071
282
100000
100000
100000
100000
100000
283
661
68
1013
428
441
164
870
100000
100000
100000
242
395
29604
105
969
332
100000
2099
208
100000
100000
100000
100000
121
100000
316
100000
278
266
100000
506
100000
100000
147
879
100000
327
100000
666
100000
677
100000
131
279
100000
100000
100000
100000
792
227
153
100000
7016
100000
100000
512
118
100000
264
548
744
100000
681
100000
14719
532
836
1174
1073
534
213
84
170
100000
524
664
100000
100000
250
100000
834
100000
100000
100000
100000
588
132
384
265
144
6614
100000
100000
100000
100000
493
100000
100000
100000
462
100000
800
394
100000
513
100000
281
317
100000
100000
220
914
247
100000
100000
100000
100000
100000
452
100000
238
26889
100000
100000
64
100000
100000
100000
100000
1525
857
100000
450
598
124
100000
100000
100000
477
100000
1158
100000
100000
100000
100000
907
539
100000
100000
53
100000
100000
100000
134
286
294
66
100000
100000
856
835
100000
1572
100000
619
100000
100000
736
100000
229
373
166
100000
100000
120
115
290
329
100000
100000
106
100000
100000
519
901
100000
100000
299
100000
100000
100000
100000
100000
301
100000
336
5569
66
164
100000
100000
400
1120
440
100000
100000
168
382
100000
146
341
100000
268
100000
290
100000
100000
5166
100000
155
317
100000
537
100000
100000
884
100000
100000
100000
402
988
100000
2082
100000
100000
100000
6929
645
343
332
136
2263
100000
583
100000
100000
43
146
431
100000
313
88
181
100000
100000
100000
60
725
100000
731
146
100000
100000
262
768
100000
100000
100000
237
1669
3743
100000
679
100000
1152
138
100000
251
100000
100000
100000
100000
100000
9
258
100000
261
100000
269
100000
321
1208
186
134
115
316
79
1235
417
7899
1157
100000
314
100000
100000
100000
325
100000
79
100000
17932
425
100000
100000
100000
823
217
100000
673
66
100000
261
100000
100000
100000
100000
100000
100000
222
100000
422
297
100000
100000
100000
151
100000
100000
100000
100000
100000
3121
100000
100000
275
1923
100000
3748
100000
2317
594
100000
100000
218
100000
828
100000
100000
100000
92
100000
100000
100000
144
491
216
100000
100000
100000
216
100000
510
212
247
100000
407
1634
321
100000
141
100000
97
579
100000
100000
100000
100000
100000
456
293
100000
22
100000
100000
100000
100000
142
32
100000
100000
100000
1224
100000
100000
386
100000
522
3587
100000
100000
376
100000
100000
109
1147
100000
100000
102
100000
81
438
100000
100000
829
137
358
100000
100000
295
100000
100000
100000
347
764
100000
882
100000
74
712
738
100000
518
259
100000
293
399
1020
426
100000
100000
704
100000
100000
100000
897
143
100000
100000
567
132
100000
754
100000
575
100000
100000
100000
179
217
100000
320
59
156
1448
264
100000
100000
100000
817
277
2044
100000
100000
100000
100000
114
75
1669
85
402
100000
596
100000
922
100000
563
100000
100000
209
712
100000
603
100000
760
100000
100000
100000
100000
671
629
208
100000
200
207
43
253
293
785
1520
1700
188
100000
140
100000
100000
473
4978
100000
278
191
234
100000
100000
1518
100000
1857
100000
100000
2905
100000
100000
100000
100000
100000
100000
100000
200
343
276
706
205
100000
100000
100000
203
100000
275
6293
100000
4553
650
270
100000
100000
729
351
1213
249
278
368
100000
25
2287
6600
100000
100000
100000
100000
100000
100000
100000
279
100000
100000
100000
100000
354
736
164
2009
100000
929
271
1055
100000
2230
100000
100000
100000
306
216
708
100000
100000
100000
100000
260
100000
213
494
309
100000
298
1445
100000
827
305
449
305
100000
610
632
177
944
536
100000
255
100000
386
183
418
710
221
100000
292
100000
25
100000
290
7705
100000
252
180
100000
256
284
480
123
2171
144
100000
292
100000
100000
415
100000
475
141
100000
1409
2799
527
36387
100000
638
100000
38
100000
100000
100000
916
100000
100000
257
1175
1029
427
1839
100000
77
100000
820
302
790
100000
236
87
323
100000
100000
100000
926
225
1150
100000
2146
298
100000
100000
742
100000
420
425
100000
100000
100000
100000
101
286
192
100000
309
100000
75
43
100000
309
100000
1226
1707
125
151
484
100000
594
256
100000
178
134
164
309
100000
100000
370
204
203
100000
15459
100000
100000
100000
100000
100000
100000
186
100000
550
339
565
6877
100000
449
623
298
100000
100000
250
100000
117
100000
100000
225
100000
192
1060
100000
530
18540
100000
100000
245
100000
100000
100000
250
100000
866
330
100000
100000
513
100000
100000
899
271
100000
116
609
253
770
100000
100000
100000
217
100000
100000
100000
100000
100000
1194
248
51
100000
100000
620
100000
262
100000
100000
1070
105
2026
386
100000
663
100000
1845
100000
100000
199
100000
100000
2758
100000
100000
30
100000
100000
100000
139
100000
1360
100000
100000
100000
100000
956
100000
100000
305
100000
100000
100000
100000
100000
100000
223
177
31
286
100000
100000
805
100000
100000
100000
100000
100000
100000
100000
220
332
193
563
100000
100000
208
499
4315
496
100000
4403
937
100000
295
100000
410
100000
253
134
100000
100000
100000
100000
100000
55
680
887
523
101
100000
100000
100000
100000
5766
100000
662
215
100000
100000
100000
100000
100000
119
321
675
273
878
100000
28
695
100000
170
100000
100000
567
100000
1040
100000
100000
732
100000
100000
100000
100000
100000
100000
100000
1033
576
100000
100000
24460
214
100000
127
161
1279
516
588
100000
113
100000
2767
393
1331
455
58
100000
100000
351
566
100000
182
20
118
100000
100000
1538
100000
100000
211
100000
269
100000
393
352
100000
4056
272
100000
100000
100000
225
100000
301
196
100000
100000
100000
234
100000
443
100000
100000
680
482
301
100000
100000
778
100000
100000
100000
100000
458
440
100000
100000
99
872
257
100000
100000
100000
101
100000
786
100000
100000
567
100000
100000
100000
179
589
360
150
321
100000
100000
1494
477
100000
100000
166
100000
312
100000
100000
173
100000
100000
100000
100000
100000
424
891
100000
134
1566
100000
100000
100000
100000
247
100000
100000
100000
100000
100000
99
100000
100000
100000
100000
497
100000
1048
689
100000
67
113
646
100000
27150
100000
203
355
100000
85
100000
100000
200
100000
100000
1853
519
100000
381
516
392
106
100000
100000
137
231
495
100000
548
100000
71
2020
148
100000
1962
100000
100000
328
709
576
1554
2294
100000
100000
140
100000
100000
498
100000
770
133
1581
100000
100000
35296
112
100000
100000
100000
53
100000
372
3434
100000
100000
176
100000
100000
100000
571
100000
100000
1063
1959
100000
100000
100000
100000
133
478
514
1211
479
62
100000
100000
100000
1075
302
100000
803
100000
100000
100000
262
100000
247
100000
100000
678
100000
100000
430
2936
100000
300
1170
449
100000
134
100000
227
755
100000
200
100000
100000
431
1376
100000
100000
2346
270
100000
100000
100000
100000
100000
100000
1341
100000
1153
193
100000
100000
100000
100000
100000
278
100000
1063
100000
100000
127
135
100000
100000
258
100000
100000
100000
467
100000
104
100000
243
83
1269
100000
211
661
1608
100000
430
2553
344
608
719
100000
100000
139
290
100000
100000
448
79
100000
155
217
424
100000
109
100000
100000
100000
179
100000
45
145
2278
145
100000
344
889
100000
485
280
888
54
6507
100000
53
100000
800
3396
100000
100000
100000
719
100000
559
410
100000
199
5289
865
100000
6659
331
103
100000
100000
174
100000
100000
100000
100000
2302
246
100000
243
100000
474
204
496
100000
255
100000
216
805
100000
327
248
100000
152
522
19358
257
100000
1460
100000
220
338
526
100000
100000
100000
248
458
100000
2291
333
1886
100000
1098
278
100000
215
100000
920
249
100000
180
136
26
100000
100000
100000
100000
100000
100000
618
450
100000
339
554
250
1111
371
3
100000
100000
100000
1454
1517
195
100000
100000
2985
100000
100000
100000
286
100000
196
100000
283
367
100000
876
100000
5956
347
100000
100000
100000
100000
100000
1253
100000
323
511
100000
100000
100000
244
310
251
129
615
100000
100000
100000
100000
509
100000
488
100000
100000
100000
100000
580
1938
100000
100000
100000
100000
100000
93
303
279
847
270
456
100000
408
705
10
100000
100000
5771
363
75
1018
100000
100000
100000
100000
230
100000
310
26827
100000
657
485
100000
365
100000
654
100000
100000
100000
100000
100000
100000
100000
858
109
190
1003
100000
205
100000
105
100000
7028
100000
100000
100000
100000
100000
100000
1116
106
100000
100000
100000
100000
100000
186
100000
988
228
100000
100000
100000
126
155
100000
172
384
290
100000
360
100000
100000
100000
100000
100000
289
100000
100000
100000
392
5
95
100000
100000
227
243
590
506
317
100000
952
20385
216
100000
395
1923
100000
53
906
100000
100000
100000
100000
293
100000
447
735
100000
355
606
235
100000
100000
100000
2751
100000
100000
533
100000
460
472
439
100000
100000
15653
100000
56
181
100000
527
27084
100000
100000
100000
1318
173
505
67
100000
100000
100000
715
546
284
100000
420
100000
100000
100000
100000
100000
100000
228
70
404
463
100000
100000
208
1
100000
100000
100000
1386
100000
100000
100000
100000
100000
926
100000
100000
100000
392
92
340
100000
100000
607
141
100000
100000
344
86
493
100000
109
100000
100000
100000
100000
2276
60
462
100000
100000
392
341
290
100000
28
241
100000
100000
81
615
100000
640
2121
148
161
559
100000
100000
84
100000
462
730
100000
675
100000
100000
100000
100000
224
1192
801
340
146
100000
352
100000
196
1560
100000
100000
100000
147
4659
986
464
901
100000
100000
1459
100000
273
310
299
100000
100000
100000
273
679
1491
100000
100000
382
2856
322
505
290
789
100000
100000
588
100000
100000
100000
570
728
100000
100000
266
370
100000
258
100000
100000
135
100000
1054
100000
100000
509
100000
100000
1116
1787
231
4031
213
167
100000
758
100000
603
100000
100000
817
100000
100000
100000
23851
100000
539
201
202
100000
100000
100000
100000
100000
100000
439
100000
100000
100000
100000
100000
239
195
308
100000
979
646
135
939
116
188
100000
100000
281
1056
183
535
100000
100000
233
100000
100000
100000
100000
360
2282
898
100000
100000
100000
100000
100000
100000
288
100000
100000
100000
100000
109
100000
371
2200
206
37
100000
100000
650
100000
100000
100000
920
100000
100000
100000
100000
100000
100000
301
100000
761
428
100000
128
313
100000
100000
100000
1656
100000
459
100000
100000
100000
100000
31932
100000
100000
904
100000
1112
100000
100000
870
132
207
304
372
100000
525
301
100000
551
268
100000
205
100000
126
165
385
100000
100000
5476
100000
100000
100000
100000
391
187
100000
162
100000
100000
207
832
100000
696
100000
185
100000
100000
100000
100000
411
1010
100000
573
100000
219
100000
100000
100000
363
594
483
1800
100000
100000
355
100000
597
345
225
357
100000
100000
248
100000
100000
100000
289
100000
1092
1759
91
100000
100000
100000
100000
100000
100000
6
100000
100000
100000
100000
393
100000
1181
100000
100000
54
100000
239
100000
100000
108
100000
100000
100000
427
100000
100000
100000
100000
100000
226
56
364
100000
55
425
222
405
346
1791
100000
252
4792
230
100000
3054
100000
218
100000
577
100000
100000
100000
100000
272
100000
100000
100000
390
100000
136
100000
100000
285
36
3085
290
100000
721
2419
100000
100000
100000
100000
353
202
607
400
100000
23049
375
378
100000
493
114
414
639
117
100000
100000
926
638
100000
100000
100000
100000
100000
6333
5940
274
100000
1698
411
100000
100000
100000
100000
100000
1142
2223
100000
432
2146
131
3088
1621
69
71
100000
100000
100000
14
109
100000
158
4
3939
342
116
151
100000
100000
745
100000
100000
482
669
591
100000
74
100000
100000
100000
169
236
5597
100000
100000
1893
24914
100000
100000
440
100000
100000
1394
100000
746
100000
100000
500
29977
100000
743
115
130
199
364
416
74
100000
100000
100000
271
153
100000
100000
140
100000
100000
446
100000
284
100000
95
100000
673
100000
100000
143
100000
100000
329
137
454
130
100000
100000
262
312
100000
134
100000
2238
100000
100000
308
100000
100000
475
100000
119
100000
100000
19508
100000
100000
100000
1193
100000
100000
100000
100000
325
100000
274
100000
2299
100000
100000
100000
78
2045
439
211
100000
100000
377
100000
100000
100000
1869
100000
393
980
100000
449
100000
199
100000
829
7983
590
421
540
100000
100000
100000
190
100000
24
697
3741
57
111
100000
1325
1432
100000
100000
100000
100000
100000
360
478
100000
577
100000
100000
100000
354
100000
100000
346
124
100000
100000
100000
100000
5526
993
100000
399
100000
100000
100000
100000
885
100000
1372
384
100000
1105
100000
100000
100000
167
38911
530
59
399
230
649
438
100000
100000
100000
100000
314
5637
100000
227
775
246
203
100000
263
342
100000
111
100000
100000
230
100000
100000
303
78
100000
100000
100000
100000
100000
100000
62
1327
100000
100000
100000
100000
100000
100000
100000
100000
100000
100000
304
409
236
100000
100000
100000
100000
100000
115
4248
100000
8719
448
100000
770
21579
100000
100000
107
100000
46
496
876
482
754
100000
100000
820
647
319
100000
1360
78
100000
295
100000
100000
477
255
100000
664
481
100000
386
45
100000
100000
381
204
144
1498
100000
1662
265
1844
293
4835
66
100000
100000
66
592
100000
100000
1339
184
410
100000
100000
226
466
100000
100000
100000
3681
2433
443
100000
988
523
100000
100000
100000
100000
100000
100000
178
708
100000
100000
749
100000
427
499
751
87
100000
100000
100000
611
100000
183
1387
100000
100000
214
30421
557
826
251
467
100000
100000
100000
100000
412
100000
598
300
100000
853
4898
100000
865
225
100000
100000
263
100000
845
2281
179
100000
100000
100000
1516
758
489
100000
100000
100000
100000
100000
3584
100000
100000
100000
328
784
100000
2265
100000
100000
100000
100000
100000
100000
100000
250
1353
100000
780
100000
100000
100000
488
1212
100000
100000
188
100000
276
82
100000
100000
564
100000
19353
100000
100000
258
248
1974
338
10
2072
81
100000
796
292
86
351
100000
2462
100000
100000
100000
2288
100000
479
970
40
815
274
326
100000
51
307
295
100000
100000
180
100000
100000
373
100000
916
523
100000
100000
506
100000
100000
301
304
100000
100000
100000
4880
100000
57
100000
272
120
100000
100000
61
141
100000
1261
100000
270
1
100000
100000
132
801
100000
723
100000
100000
457
100000
623
100000
100000
100000
100000
100000
510
46
47733
312
100000
235
792
100000
28
100000
100000
100000
100000
100000
131
296
100000
100000
345
535
691
6231
100000
147
355
100000
1373
100000
1593
376
370
253
505
100000
100000
100000
381
100000
100000
2229
100000
100000
100000
2807
274
551
368
100000
100000
1294
100000
970
100000
100000
295
100000
362
100000
100000
742
102
100000
100000
100000
100000
100000
295
525
281
100000
230
386
642
100000
185
642
182
2529
2083
100000
683
100000
521
100000
100000
82
418
362
19
538
100000
100000
102
161
100000
654
100000
100000
1051
423
100000
100000
100000
100000
100000
100000
6912
277
100000
100000
203
100000
316
100000
100000
100000
100000
100000
149
320
100000
100000
100000
64
146
100000
888
307
453
100000
688
332
100000
100000
100000
100000
80
100000
100000
267
15063
2043
728
100000
234
342
770
115
211
100000
100000
507
252
462
100000
615
738
100000
100000
1294
100000
100000
100000
1888
100000
100000
100000
96
1156
1315
100000
100000
100000
760
547
100000
100000
431
144
100000
524
100000
106
100000
95
100000
100000
85
100000
100000
100000
100000
100000
100000
100000
100000
100000
330
100000
100000
662
692
391
100000
211
100000
100000
100000
100000
281
100000
350
100000
100000
516
608
100000
100000
100000
100000
130
469
100000
100000
175
186
100000
360
480
360
82
100000
149
100000
571
100000
4753
244
569
100000
5136
83
100000
974
100000
100000
333
100000
100000
5752
495
100000
410
100000
100000
361
100000
222
101
25
100000
473
100000
100000
100000
135
842
100000
78
100000
297
6283
84
100000
100000
100000
39
100000
100000
383
494
246
110
100000
759
100000
37
100000
288
3370
200
100000
100000
100000
100000
13
338
100000
211
103
100000
100000
768
556
21037
34
100000
274
100000
100000
402
45
53
100000
597
38
100000
335
100000
100000
238
86
100000
1210
100000
100000
100000
100000
566
364
100000
1447
100000
134
100000
225
100000
100000
571
698
202
100000
314
100000
100000
100000
100000
167
100000
488
408
7941
772
100000
100000
237
100000
100000
838
1063
100000
100000
100000
710
195
391
227
3472
539
100000
355
612
100000
100000
235
100000
100000
100000
2129
100000
270
100000
100000
1616
100000
173
100000
1360
100000
297
297
100000
405
100000
100000
895
297
305
100000
504
492
100000
100000
100000
100000
45
106
100000
1174
252
100000
100000
100000
583
1250
973
309
100000
100000
100000
100000
100000
100000
96
484
8133
100000
100000
1060
3861
100000
111
100000
4543
100000
123
463
100000
100000
100000
100
100000
1320
100000
100000
540
100000
100000
100000
193
494
114
377
100000
125
378
206
100000
100000
100000
100000
682
100000
100000
1285
100000
558
95
540
105
100000
246
100000
68
100000
333
100000
100000
121
443
585
82
1015
100000
337
312
100000
265
230
100000
34736
150
100000
100000
100000
100000
427
100000
100000
331
587
100000
100000
100000
100000
235
322
100000
248
337
100000
1902
100000
56
290
723
772
471
100000
100000
582
100000
100000
100000
100000
100000
100000
100000
100000
100000
100000
100000
100000
248
109
35
181
100000
419
357
100000
100000
267
1770
49
100000
100000
100000
998
263
237
1067
100000
100000
506
599
100000
100000
250
517
100000
1371
766
100000
382
100000
18
100000
651
961
100000
100000
4421
100000
100000
7312
129
357
277
100000
421
100000
341
100000
369
3703
7994
305
100000
100000
292
1184
743
456
192
2006
100000
100000
100000
100000
117
507
100000
354
100000
728
208
314
103
319
358
418
100000
388
100000
519
917
201
100000
100000
157
100000
392
100000
100000
100000
317
2085
100000
1237
281
100000
212
302
194
111
100000
100000
290
233
173
515
1326
100000
100000
873
100000
100000
100000
280
919
100000
100000
100000
219
100000
161
85
72
355
100000
100000
886
225
719
1001
638
113
986
100000
244
100000
287
3045
100000
206
123
35
100000
20
512
100000
218
100000
100000
100000
395
138
526
100000
27593
100000
100000
100000
445
100000
258
100000
100000
100000
308
320
487
100000
100000
100000
323
214
21
584
457
243
100000
137
100000
901
577
100000
47
477
273
524
100000
339
112
151
57
336
814
100000
77
179
351
100000
100000
100000
100000
100000
100000
100000
377
2537
100000
234
100000
100000
100000
100000
229
483
129
100000
66
100000
280
2491
376
290
949
100000
327
378
100000
100000
503
100000
106
565
100000
246
99
300
100000
100000
100000
100000
1618
100000
7291
100000
421
127
296
100000
1820
100000
2702
100000
100000
100000
1855
1058
100000
146
325
100000
395
362
100000
248
529
100000
100000
92
244
100000
100000
100000
100000
100000
100000
100000
2763
100000
1740
100000
523
318
383
100000
162
100000
968
663
616
114
177
100000
100000
100000
549
100000
210
100000
220
1032
100000
1723
100000
584
100000
321
100000
100000
610
3700
38
100000
100000
100000
100000
100000
320
100000
1231
100000
540
162
1119
100000
268
100000
100000
2192
2374
654
100000
234
37769
71
382
100000
406
934
331
1564
100000
52
100000
293
698
242
100000
870
209
100000
632
1268
175
100000
588
261
788
100000
100000
142
338
100000
100000
100000
482
100000
100000
1871
100000
487
100000
100000
604
100000
359
1488
100000
182
100000
47
662
100000
100000
441
857
100000
1043
100000
25
13
193
867
100000
100000
100000
462
2639
100000
100000
100000
369
7
100000
84
100000
108
177
100000
154
7979
1127
390
617
100000
2015
100000
100000
100000
413
152
973
95
437
100000
100000
100000
100000
100000
100000
100000
1218
325
100000
1431
359
296
338
100000
100000
100000
299
100000
100000
100000
47612
100000
573
100000
100000
100000
100000
365
100000
100000
100000
100000
100000
100000
100000
100000
78
482
1031
85
100000
100000
100000
350
100000
149
322
209
100000
100000
691
1093
100000
100000
100000
100000
100000
100000
281
100000
100000
182
579
100000
100000
5239
776
100000
244
100000
263
525
100000
1896
2068
100000
100000
6765
100000
100000
214
100000
817
100000
100000
115
100000
100000
330
100000
538
100000
100000
100000
318
100000
100000
100000
272
100000
100000
292
2299
64
43
100000
38
100000
100000
284
444
100000
363
100000
100000
100000
100000
2031
100000
100000
571
6327
6441
126
109
100000
100000
100000
100000
412
100000
54
343
100000
100000
100000
95
100000
100000
1110
284
100000
618
570
100000
100000
108
100000
100000
100000
100000
477
100000
1239
2116
100000
238
100000
100000
100000
94
100000
100000
100000
765
112
100000
100000
516
368
1879
100000
997
1033
100000
824
151
100000
100000
276
100000
100000
100000
100000
159
289
100000
403
334
100000
794
100000
100000
100000
200
109
376
685
317
310
100000
100000
1654
357
1212
321
100000
100000
98
100000
100000
503
461
100000
2174
100000
213
211
1739
100000
100000
2772
311
100000
100000
100000
100000
927
580
126
432
100000
9527
100000
100000
100000
100000
100000
100000
664
100000
257
100000
100000
501
653
320
100000
575
99
100000
127
6017
136
152
100000
2349
100000
150
198
1158
100000
237
259
43
40
148
100000
686
86
780
100000
100000
100000
100000
389
1962
100000
289
100000
221
199
1922
100000
100000
433
100000
130
306
100000
2169
100000
100000
100000
100000
100000
246
157
379
399
100000
100000
100000
702
100000
113
100000
100000
512
100000
100000
1231
59
1027
100000
100000
100000
403
100000
220
206
1062
100000
1301
280
100000
100000
540
100000
100000
100000
100000
435
272
100000
100000
100000
349
144
43
100000
119
270
6421
6924
707
102
100000
100000
327
100000
712
100000
261
313
100000
1676
1664
777
100000
100000
411
620
100000
150
100000
100000
100000
100000
100000
100000
100000
422
100000
19
3310
125
92
2216
100000
100000
303
100000
100000
100000
338
962
100000
150
176
824
100000
100000
100000
100000
1614
100000
100000
287
100000
100000
636
522
1788
239
61
341
933
894
54
100000
100000
37
100000
100000
119
100000
264
100000
288
100000
100000
122
49
100000
189
416
1841
179
100000
745
212
1689
320
40
611
100000
242
100000
204
100000
100000
665
1088
255
100000
14912
446
100000
519
100000
100000
100000
425
100000
501
292
100000
122
398
100000
100000
100000
100000
100000
564
4806
165
124
52
100000
100000
100000
100000
4627
501
259
100000
395
38
325
175
100000
63
100000
100000
100000
150
100000
14
217
100000
100000
100000
1197
373
140
100000
12
100000
100000
26616
179
100000
1755
9651
1575
100000
100000
337
100000
229
1798
746
175
263
150
100000
1089
35
100000
596
100000
1491
100000
100000
100000
197
75
100000
100000
2477
128
195
142
100000
259
44
100000
100000
100000
428
100000
100000
216
100000
100000
1012
230
836
267
100000
100000
34
827
100000
100000
100000
316
202
100000
775
348
100000
249
100000
100000
100000
943
100000
132
100000
100000
100000
243
818
129
100000
189
574
151
1269
141
100000
100000
100000
559
100000
407
100000
100000
498
100000
100000
174
100000
197
100000
4185
100000
439
100000
6830
493
100000
100000
979
383
3888
100000
759
100000
470
100000
637
1028
1720
547
693
316
100000
100000
264
297
100000
412
292
100000
100000
100000
100000
463
195
139
578
100000
100000
1109
100000
100000
293
207
100000
100000
379
100000
101
659
100000
100000
100000
100000
776
100000
220
100000
2381
100000
100000
500
95
1333
100000
100000
100000
259
2933
100000
100000
510
100000
2177
260
100000
205
138
100000
100000
3834
100000
255
675
100000
100000
328
1190
171
708
100000
100000
100000
100000
100000
100000
266
100000
100000
100000
327
402
177
1824
216
276
270
241
100000
641
249
2281
100000
100000
100000
100000
289
313
28639
359
239
123
100000
100000
295
100000
267
367
122
100000
100000
1953
342
321
100000
100000
100000
100000
100000
100000
100000
2367
562
711
388
100000
158
100000
480
100000
100000
1
100000
100000
100000
525
100000
100000
325
100000
100000
100000
128
100000
100000
73
100000
100000
56
378
100000
914
100000
100000
100000
27
237
172
1803
100000
100000
497
100000
305
998
100000
331
100000
100000
212
178
100000
316
4957
100000
100000
25650
100000
315
3186
100000
100000
100000
100000
359
100000
505
150
2746
100000
100000
100000
276
100000
100000
256
136
100000
100000
126
100000
271
100000
100000
162
100000
227
100000
141
430
100000
227
213
100000
100000
1
813
100000
100000
197
650
100000
100000
259
100000
155
100000
451
263
126
100000
100000
100000
100000
100000
100000
100000
100000
1381
281
100000
100000
222
100000
162
100000
100000
100000
781
1302
100000
135
371
100000
100000
767
231
587
164
100000
100000
100000
100000
3991
100000
100000
186
100000
227
100000
375
100000
588
100000
100000
224
228
100000
100000
100000
253
100000
600
273
433
569
393
100000
100000
100000
100000
273
100000
100000
100000
522
1312
100000
556
100000
100000
100000
169
100000
100000
180
311
369
100000
360
100000
266
100000
100000
1493
100000
627
772
100000
272
100000
101
910
755
372
100000
89
2296
100000
100000
303
100000
100000
100000
158
100000
743
84
100000
462
1711
100000
587
162
299
215
100000
100000
100000
100000
433
100000
100000
100000
100000
183
100000
100000
1215
245
4671
175
100000
100000
243
379
100000
100000
100000
178
100000
514
103
100000
191
100000
1240
1816
100000
189
100000
80
100000
100000
410
85
203
753
100000
172
100000
100000
100000
271
100000
20
100000
100000
117
100000
695
100000
343
321
100000
690
100000
598
264
100000
100000
20480
100000
86
100000
100000
88
100000
263
100000
100000
100000
100000
100000
547
100000
3358
57
100000
712
100000
596
100000
264
661
61
100000
135
100000
100000
342
2716
329
1320
100000
60
406
100000
280
360
100000
325
958
100000
154
100000
207
490
178
188
383
640
100000
979
100000
100000
100000
466
100000
585
1258
289
29
139
100000
100000
136
1323
67
100000
100000
37
195
100000
402
100000
216
77
100000
1755
1090
100000
240
515
100000
100000
100000
100000
340
1103
1341
851
100000
100000
100000
191
401
1063
100000
100000
100000
1243
304
415
100000
13
682
540
100000
100000
100000
100000
100000
100000
293
755
100000
100000
100000
100000
100000
100000
100000
100000
970
540
203
1143
111
100000
229
193
100000
432
100000
268
100000
153
7870
35049
347
50
399
100000
100000
100000
100000
100000
703
100000
106
100000
523
373
100000
174
100000
100000
100000
100000
6322
578
100000
100000
100000
874
897
100000
100000
135
642
100000
100000
782
70
301
100000
254
100000
212
100000
598
100000
100000
1029
100000
890
100000
100000
195
100000
100000
100000
100000
100000
100000
182
908
100000
100000
532
143
100000
100000
5921
100000
100000
100000
100000
332
145
100000
100000
325
100000
144
26
100000
100000
339
100000
100000
100000
132
100000
311
100000
506
100000
165
307
100000
1895
157
100000
100000
262
384
65
225
100000
1025
231
224
118
21
100000
100000
149
100000
100000
367
343
100000
1990
23
216
100000
2653
100000
622
395
1159
100000
100000
100000
698
454
687
100000
100000
644
249
100000
100000
23499
410
100000
370
438
100000
100000
483
241
262
134
970
100000
261
2053
100000
82
1339
100000
545
100000
100000
192
42
41
100000
692
612
266
1022
100000
112
100000
100000
1031
100000
670
100000
100000
100000
100000
100000
100000
100000
6347
275
100000
431
100000
100000
100000
1215
304
241
100000
100000
100000
774
1690
29
196
100000
123
475
456
100000
100000
687
100000
1676
100000
100000
250
100000
100000
37828
278
100000
584
100000
100000
231
490
100000
100000
194
100000
22
4505
100000
131
148
177
90
1080
370
264
408
100000
100000
524
100000
225
100000
2530
100000
100000
100000
100000
100000
100000
61
54
100000
462
100000
289
100000
350
184
665
6093
100000
231
502
229
225
314
395
104
949
543
529
100000
98
381
5811
254
223
795
100000
394
100000
637
2162
100000
100000
572
570
100000
100000
1126
100000
100000
100000
651
100000
941
388
258
100000
536
100000
100000
100000
100000
294
617
100000
100000
100000
100000
100000
100000
100000
979
3631
22
341
320
100000
100000
652
100000
967
100000
228
100000
861
100000
725
100000
100000
100000
193
100000
100000
100000
137
100000
100000
288
106
208
258
2880
366
5662
914
137
140
1649
100000
701
100000
142
257
100000
164
100000
319
238
211
554
522
2283
100000
130
100000
100000
1408
100000
100000
522
100000
100000
100000
100000
100000
88
58
100000
535
14185
8
100000
918
2913
278
100000
366
100000
100000
207
329
53
1081
433
100000
879
100000
550
2271
117
100000
100000
100000
100000
1186
100000
171
648
157
344
124
343
17
232
100000
985
100000
100000
100000
100000
100000
100000
100000
100000
100000
100000
657
595
100000
100000
100000
100000
194
100000
267
100000
100000
100000
100000
100000
100000
333
187
100000
100000
100000
401
100000
465
792
145
3030
100000
3710
100000
708
100000
100000
6697
100000
475
910
570
1621
100000
200
100000
2784
100000
158
1188
100000
270
100000
100000
137
100000
100000
192
100000
349
336
486
100000
100000
281
100000
100000
35
385
100000
100000
100000
46
100000
100000
100000
100000
100000
100000
100000
100000
100000
100000
419
100000
109
797
503
100000
963
100000
100000
100000
100000
521
100000
259
62
265
356
338
292
427
100000
1336
100000
100000
1025
177
111
3536
421
100000
100000
100000
100000
134
622
100000
147
212
100000
100000
100000
1062
100000
47
337
100000
339
100000
100000
100000
5855
100000
100000
464
100000
846
227
348
100000
100000
100000
231
100000
100000
100000
7278
100000
303
410
100000
100000
100000
119
100000
100000
100000
851
100000
100000
357
100000
100000
100000
203
275
268
407
100000
100000
100000
100000
100000
100000
273
100000
623
213
704
100000
100000
100000
573
100000
100000
100000
836
248
100000
100000
34
417
483
329
100000
283
100000
100000
100000
310
426
547
271
100000
100000
343
100000
91
479
363
272
100000
100000
100000
236
1004
102
100000
100000
242
100000
14
841
100000
100000
43
368
100000
1978
100000
100000
1873
100000
490
100000
267
100000
574
100000
100000
4209
598
5953
100000
100000
100000
100000
203
100000
378
4718
60
100000
273
100000
220
100000
439
100000
100000
161
100000
100000
489
940
100000
1699
100000
283
100000
231
100000
100000
100000
100000
195
100000
100000
100000
59
1750
108
100000
100000
56
100000
100000
100000
100000
100000
1091
100000
100000
100000
100000
100
2573
5894
40
419
513
100000
1003
221
100000
100000
100000
660
1948
100000
346
100000
100000
100000
466
144
324
100000
100000
100000
246
293
100000
100000
100000
114
100000
100000
964
412
271
190
361
1848
127
1438
100000
219
518
100000
239
100000
611
100000
100000
127
1339
100000
642
242
100000
29
100000
100000
6760
100000
360
100000
100000
234
278
152
100000
215
100000
100000
526
3196
1743
100000
100000
292
465
100000
100000
100000
100000
346
2242
264
100000
481
278
100000
100000
639
100000
100000
100000
100000
263
100000
100000
100000
100000
358
100000
100000
100000
100000
100000
100000
291
234
5112
100000
100000
100000
100000
693
359
100000
100000
208
787
458
100000
626
100000
100000
100000
165
998
100000
1493
56
100000
100000
1347
100000
350
443
420
1732
132
214
517
562
100000
100000
100000
100000
100000
100000
77
251
872
100000
100000
1713
139
100000
100000
1007
181
100000
779
100000
478
100000
243
100000
484
100000
826
100000
100000
1694
490
1081
993
64
100000
100000
537
100000
173
636
330
100000
564
100000
580
100000
65
566
8301
100000
519
1
1221
100000
288
100000
100000
230
100000
476
100000
137
1118
288
3037
100000
100000
334
100000
100000
100000
1493
100000
100000
100000
288
100000
100000
3273
323
100000
100000
199
100000
7747
71
100000
411
182
100000
362
305
29
2418
100000
398
723
328
1186
100000
100000
100000
100000
100000
2449
379
342
100000
280
100000
19370
100000
503
100000
125
100000
100000
32
280
100000
758
169
100000
100000
988
441
100000
100000
100000
715
100000
100000
100000
100000
100000
851
100000
100000
100000
89
524
1072
100000
129
307
545
624
100000
100000
171
128
44
100000
453
140
352
43
100000
100000
131
100000
221
100000
1227
212
100000
261
100000
100000
46
244
100000
100000
100000
100000
100000
100000
355
100000
100000
1189
100000
100000
100000
100000
100000
100000
652
100000
100000
100000
100000
140
331
396
195
100000
100000
56
581
100000
1602
100000
1283
163
785
119
944
100000
100000
201
492
283
100000
100000
881
418
1908
100000
718
183
100000
100000
100000
487
278
623
100000
415
100000
314
1180
100000
100000
100000
284
480
100000
100000
208
100000
100000
417
100000
2622
125
100000
100000
192
100000
100000
100000
100000
276
1246
1159
100000
100000
1815
100000
23
2477
600
100000
279
100000
437
2716
100000
100000
498
1039
100000
100000
100000
100000
100000
100000
100000
229
12
100000
100000
810
100000
100000
633
229
100000
127
368
100000
100000
354
222
309
100000
157
2643
1312
100000
613
100000
1190
1255
308
100000
100000
50
331
100000
403
387
100000
34633
100000
100000
446
169
100000
1208
100000
235
100000
190
100000
91
100000
251
100000
363
535
100000
100000
100000
3112
605
100000
100000
18
100000
187
100000
35
1210
100000
100000
100000
1045
769
100000
100000
100000
3142
100000
100000
100000
536
100000
464
278
370
526
52
2538
100000
483
159
100000
390
258
100000
100000
100000
306
100000
100000
100000
48376
432
100000
100000
100000
2416
204
595
2477
450
119
100000
2104
100000
279
100000
100000
100000
318
255
100000
292
12789
100000
100000
1855
100000
576
1589
100000
100000
1506
358
100000
100000
230
2339
100000
323
407
100000
100000
259
100000
3091
239
405
100000
397
100000
300
4800
100000
100000
129
1206
100000
643
755
100000
257
369
100000
100000
2741
100000
226
100000
100000
1073
2374
100000
843
100000
213
47
598
100000
15
492
100000
100000
100000
653
258
4047
100000
100000
100000
711
100000
100000
100000
100000
1998
100000
100000
100000
100000
426
100000
708
100000
100000
1923
336
871
100000
100000
100000
100000
203
727
740
487
100000
100000
100000
100000
540
100000
100000
76
100000
100000
100000
100000
272
114
100000
100000
100000
845
100000
100000
100000
100000
100000
100000
324
100000
564
70
100000
100000
100000
261
100000
100000
152
100000
753
617
1141
569
100000
58
100000
100000
267
125
151
100000
100000
433
100000
221
125
100000
393
100000
100000
100000
212
100000
100000
100000
100000
100000
694
473
100000
100000
784
100000
100000
129
100000
100000
487
100000
834
100000
100000
1176
100000
725
100000
272
100000
86
100000
146
266
708
100000
96
337
179
288
153
100000
1798
100000
100000
507
100000
645
100000
100000
433
100000
100000
100000
110
1069
100000
329
100000
100000
245
100000
630
755
100000
169
1336
100000
100000
100000
230
834
100000
160
100000
2267
100000
100000
197
100000
100000
311
100000
635
1040
645
100000
100000
634
336
100000
100000
548
536
100000
235
100000
100000
100000
100000
100000
374
431
100000
1031
100000
100000
100000
100000
100000
100000
268
466
100000
100000
100000
988
252
1088
835
100000
100000
119
397
100000
100000
2013
100000
100000
93
100000
583
100000
186
537
100000
100000
100000
100000
100000
494
100000
604
624
100000
97
100000
100000
570
457
152
100000
100000
345
139
100000
100000
100000
100000
443
100000
100000
86
995
150
100000
699
100000
100000
100000
100000
460
407
100000
100000
100000
394
100000
218
100000
384
418
100000
433
100000
100000
100000
29
100000
100000
93
100000
100000
233
174
100000
100000
345
100000
100000
100000
100000
590
100000
229
547
648
100000
100000
100000
752
100000
100000
100000
595
100000
266
100000
1275
100000
100000
100000
100000
100000
3123
100000
860
261
540
100000
100000
316
110
1322
1010
100000
232
100000
419
1343
100000
1625
100000
100000
414
100000
179
100000
100000
45
910
287
239
495
100000
2663
43
494
100000
617
1149
619
62
1038
100000
100000
169
534
100000
107
30
100000
100000
112
100000
100000
100000
100000
58
100000
172
21847
251
100000
644
100000
50
100000
203
100000
92
100000
100000
100000
649
100000
100000
1819
445
7789
100000
1138
453
602
170
100000
100000
207
214
100000
100000
100
1133
1936
204
100000
100000
100000
329
100000
100000
1861
56
89
12
100000
100000
887
188
247
41
100000
433
280
712
100000
326
100000
156
100000
137
100000
415
18
100000
100000
100000
322
282
2031
100000
429
117
100000
100000
100000
3578
100000
156
366
100000
100000
164
45
100000
100000
5730
100000
1469
1792
1763
387
112
134
452
100000
100000
116
409
185
184
329
100000
274
100000
1120
335
100000
1014
100000
5160
100000
2039
194
475
698
13
100000
100000
100000
677
100000
100000
100000
408
100000
100000
413
100000
100000
301
150
100000
65
147
6628
38
226
1706
100000
287
100000
100000
220
453
82
548
100000
100000
100000
1208
3676
100000
100000
100000
100000
424
100000
644
100000
100000
100000
688
100000
100000
15
100000
100000
387
380
536
33
100000
100000
100000
246
600
621
672
100000
57
166
100000
100000
529
743
290
100000
100000
1267
100000
579
100000
122
100000
100000
100000
318
100000
317
615
210
100000
555
336
196
168
100000
100000
100000
125
306
644
100000
426
100000
100000
110
100000
100000
208
69
100000
100000
100000
114
100000
100000
2285
100000
100000
100000
57
250
100000
310
74
549
97
1068
844
2132
100000
100000
100000
128
366
100000
100000
285
100000
367
158
414
100000
100000
100000
434
2012
100000
100000
86
806
100000
100000
100000
100000
100000
5759
100000
100000
100000
66
116
1128
286
100000
1880
218
84
100000
100000
100000
73
55
100000
100000
702
325
100000
100000
135
100000
369
418
713
100000
804
990
201
501
100000
100000
5771
508
186
457
100000
99
100000
944
100000
100000
100000
213
182
827
100000
100000
540
101
323
100000
100000
227
453
100000
100000
346
246
100000
100000
100000
393
1560
100000
284
100000
100000
100000
100000
640
100000
1497
100000
1716
171
314
100000
350
237
354
1727
100000
100000
100000
100000
100000
100000
335
4124
309
400
100000
100000
381
296
218
2613
12207
100000
100000
1025
169
100000
134
100000
772
100000
100000
540
118
100000
100000
327
100000
100000
717
668
100000
2540
100000
100000
4734
346
100000
62
100000
100000
100000
100000
588
473
178
100000
110
365
191
100000
650
100000
346
100000
290
100000
69
100000
100000
100000
492
100000
100000
100000
100000
100000
100000
1215
1058
100000
100000
262
55
290
146
100000
100000
1
598
35901
224
1716
100000
100000
546
100000
100000
1217
100000
100000
291
883
333
100000
1421
283
761
473
100000
677
571
95
1483
426
100000
100000
261
100000
100000
100000
100000
387
100000
100000
4703
100000
442
100000
100000
100000
387
116
100000
100000
123
100000
100000
100000
100000
100000
100000
100000
290
100000
100000
796
408
100000
100000
184
100000
100000
100000
989
100000
207
1681
100000
373
100000
2803
233
100000
818
100000
496
100000
593
100000
5405
100000
191
100000
100000
100000
100000
100000
356
242
100000
122
100000
515
739
100000
982
169
252
14
346
301
100000
90
126
100000
100000
311
71
431
174
100000
394
100000
246
100000
100000
38
1171
100000
414
1470
192
55
381
349
100000
100000
100000
100000
202
100000
100000
100000
100000
1030
100000
100000
100000
100000
1051
100000
100000
100000
100000
100000
4801
114
202
100000
2090
764
100000
66
100000
100000
89
100000
113
375
938
100000
100000
803
100000
30
100000
100000
116
650
100000
298
276
100000
52
100000
100000
1916
99
100000
100000
100000
100000
100000
100000
100000
100000
215
100000
100000
1413
100000
100000
539
342
690
100000
258
348
334
100000
219
1345
100000
100000
156
1159
100000
90
514
767
100000
44
100000
100000
100000
842
100000
377
100000
2202
1193
959
662
329
100000
100000
300
100000
100000
100000
100000
100000
100000
100000
100000
25485
852
301
757
278
100000
35462
100000
251
596
100000
421
100000
100000
100000
100000
100000
100000
100000
119
1176
100000
394
431
100000
100000
130
1263
100000
297
100000
151
100000
272
100000
830
100000
100000
338
100000
667
14889
100000
6749
100000
100000
100000
1186
229
272
779
638
510
342
100000
263
967
361
100000
100000
100000
171
106
100000
52
267
100
184
100000
100000
100000
109
534
100000
100000
100000
3654
100000
263
482
100000
100000
100000
100000
126
275
100000
110
100000
100000
1589
204
208
100000
100000
344
100000
73
100000
359
100000
2239
100000
148
223
403
301
777
171
702
100000
135
1792
100000
1871
96
100000
100000
697
100000
100000
1800
804
1402
100000
100000
100000
160
100000
303
100000
793
23
97
100000
285
100000
509
100000
368
136
100000
100000
100000
260
100000
240
100000
100000
594
100000
100000
100000
196
100000
100000
100000
468
563
100000
593
1128
100000
100000
291
100000
100000
2974
100000
159
100000
100000
1000
79
73
680
1980
354
139
100000
719
45
821
100000
100000
100000
374
25763
254
406
100000
100000
100000
100000
294
122
100000
367
100000
100000
121
100000
289
100000
100000
248
100000
1681
100000
308
100000
100000
202
78
404
100000
15895
100000
502
100000
1320
651
100000
100000
100000
100000
36171
942
100000
875
100000
180
269
100000
100000
100000
839
100000
100000
6285
100000
100000
100000
218
100000
100000
205
133
100000
100000
548
100000
100000
282
165
71
291
73
257
100000
253
100000
115
2252
246
542
100000
214
100000
934
1911
100000
100000
71
100000
53
104
100000
514
100000
100000
238
100000
100000
100000
100000
100000
503
7
100000
100000
100000
567
100000
100000
181
114
40
246
100000
100000
100000
100000
1911
100000
100000
100000
218
100000
522
54
100000
100000
100000
100000
868
100000
78
659
334
100000
100000
100000
219
427
100000
100000
1090
100000
100000
716
8519
1700
52
3046
447
100000
100000
500
100000
387
100000
5142
100000
100000
100000
422
233
100000
100000
671
100000
100000
100000
369
100000
126
228
100000
433
100000
180
239
145
157
283
526
100000
176
100000
365
1
100000
100000
6
100000
386
433
371
100000
198
443
100000
253
100000
500
100000
1153
382
100000
389
100000
295
717
443
100000
129
100000
382
14
3068
709
100000
267
100000
100000
134
113
219
203
427
321
100000
24
3170
100000
203
270
683
1785
380
100000
791
671
100000
100000
247
100000
46
23043
100000
540
100000
100000
100000
304
651
167
245
100000
100000
6396
100000
100000
123
100000
100000
100000
100000
51
100000
533
456
100000
100000
304
78
100000
207
529
83
100000
268
100000
824
483
100000
100000
100000
328
237
56
100000
468
100000
78
100000
547
94
100000
100000
100000
100000
100000
100000
378
41
100000
100000
100000
442
50
100000
100000
100000
100000
100000
300
100000
131
100000
100000
414
360
491
100000
100000
100000
100000
344
100000
100000
100000
100000
100000
100000
92
172
408
306
100000
100000
100000
7370
100000
100000
344
100000
21
417
100000
100000
418
100000
858
2244
846
405
411
100000
100000
100000
100000
100000
100000
137
100000
100000
181
100000
100000
298
1054
100000
100000
100000
100000
896
625
2180
755
83
107
1075
100000
2073
100000
100000
100000
100000
100000
114
200
120
100000
77
100000
310
100000
202
100000
100000
100000
158
254
504
100000
100000
369
70
243
382
114
100000
263
736
236
8312
300
100000
445
100000
100000
100000
100000
350
100000
100000
100000
305
118
100000
100000
1078
73
100000
100000
127
100000
100000
397
100000
100000
390
286
335
450
100000
100000
659
100000
100000
469
390
100000
491
1256
195
4933
27805
100000
353
100000
100000
274
100000
100000
100000
456
100000
100000
100000
100000
708
62
1117
100000
314
100000
767
357
100000
272
51
502
100000
100000
100000
312
107
167
157
2259
162
100000
949
368
571
100000
278
278
100000
984
1500
100000
104
100000
100000
100000
1838
666
773
29
100000
100000
288
100000
100000
204
100000
100000
100000
276
100000
88
100000
100000
95
619
628
88
274
100000
100000
100000
1
100000
28
84
246
52
100000
270
100000
20873
455
539
184
1
1691
565
100000
100000
545
962
100000
100000
197
100000
202
100000
100000
265
100000
100000
100000
100000
369
100000
140
100000
100000
1885
100000
100000
100000
100000
2246
100000
418
279
127
100000
266
323
100000
105
344
1007
100000
358
100000
100000
303
100000
100000
100000
100000
100000
91
591
1228
151
98
100000
100000
100000
100000
100000
100000
100000
919
65
100000
100000
100000
100000
503
100000
187
100000
1120
405
100000
298
363
100000
1432
664
100000
731
380
100000
100000
100000
100000
38
100000
2123
100000
100000
129
2123
13260
903
100000
286
100000
100000
100000
100000
100000
587
218
100000
100000
157
100000
117
100000
100000
673
807
210
106
100000
100000
100000
4714
100000
135
447
242
58
100000
100000
100000
100000
2657
278
1099
100000
100000
100000
100000
100000
100000
100000
100000
100000
100000
470
1763
100000
4601
100000
24283
836
3966
100000
100000
100000
100000
384
100000
100000
100000
108
840
2206
100000
100000
100000
100000
100000
100000
100000
269
100000
100000
100000
204
100000
100000
100000
1014
100000
100000
100000
31
100000
100000
100000
100000
136
573
100000
425
100000
182
100000
200
196
1614
53
479
7450
628
100000
948
883
100000
100000
621
100000
78
100000
100000
100000
291
100000
100000
950
223
100000
238
1057
100000
100000
165
100000
288
1506
100000
645
2412
475
6263
53
100000
392
100000
183
100000
246
100000
100000
189
100000
100000
100000
100000
124
100000
100000
100000
1357
100000
70
100000
504
100000
4261
100000
100000
358
100000
142
246
100000
100000
1557
294
100000
62
100000
100000
738
1082
100000
497
61
63
86
200
100000
987
100000
38
100000
100000
201
214
100000
208
146
100000
100000
690
222
100000
100000
100000
100000
100000
100000
274
100000
100000
100000
100000
100000
100000
120
100000
100000
496
1020
100000
100000
100000
298
432
100000
100000
185
100000
594
100000
1388
100000
100000
100000
100000
469
100000
100000
100000
100000
476
646
22
1309
207
115
224
100000
100000
100000
1133
100000
100000
683
964
110
1398
197
100000
1952
283
100000
365
100000
100000
100000
100000
100000
100000
454
100000
109
221
100000
245
100000
100000
78
100000
773
100000
979
657
100000
551
1751
100000
1596
101
100000
212
91
100000
100000
123
207
2789
586
20
745
100000
229
323
534
108
469
279
100000
100000
100000
286
15639
100000
100000
341
100000
100000
13
100000
312
100000
100000
100000
100000
100000
100000
100000
100000
100000
100000
100000
100000
100000
5604
236
110
278
100000
100000
643
100000
100000
100000
100000
631
100000
100000
305
390
100000
100000
100000
514
344
100000
957
100000
1716
7465
100000
100000
100000
100000
100000
178
100000
100000
49
246
1512
123
100000
100000
100000
100000
333
100000
319
275
26
50
493
1609
100000
648
916
100000
202
100000
100000
100000
100000
626
430
268
100000
648
100000
229
119
214
754
100000
459
100000
100000
624
100000
338
50
100000
100000
100000
7987
100000
574
100000
645
100000
72
59
241
122
44
100000
375
5842
743
247
67
100000
100000
26441
1264
140
1535
222
100000
100000
100000
241
87
211
215
386
125
452
100000
222
187
116
100000
323
100000
100000
100000
100000
100000
191
148
305
178
241
135
100000
100000
100000
100000
383
97
806
463
986
100000
227
100000
100000
301
285
100000
101
286
447
347
501
100000
1891
100000
100000
176
6105
59
86
100000
363
100000
776
100000
100000
297
990
100000
100000
276
653
25
100000
100000
54
100000
100000
100000
57
301
345
111
120
100000
100000
162
100000
100000
100000
456
794
158
100000
100000
100000
100000
100000
144
100000
100000
267
323
97
92
292
221
100000
394
100000
1174
100000
100000
671
100000
100000
100000
671
412
100000
252
100000
100000
219
100000
100000
1356
334
100000
113
100000
220
738
206
100000
230
1741
485
230
100000
435
100000
100000
462
100000
100000
100000
100000
100000
100000
100000
74
100000
132
246
343
158
100000
358
100000
100000
100000
78
423
290
100000
2883
566
432
100000
100000
690
100000
100000
562
100000
514
100000
516
98
75
100000
100000
203
100000
100000
100000
210
100000
131
45567
100000
320
47
100000
401
8355
372
100000
100000
100000
901
1
387
93
56
100000
349
398
140
100000
100000
178
100000
100000
100000
100000
100000
100000
515
116
153
100000
255
197
100000
2612
100000
100000
100000
243
100000
612
707
82
100000
192
185
17
100000
100000
31803
56
139
100000
356
530
300
100000
100000
100000
100000
100000
100000
95
393
100000
100000
1041
7156
234
630
4204
100000
100000
100000
100000
6286
100000
66
179
100000
100000
808
100000
100000
100000
703
1599
183
320
100000
366
100000
100000
188
149
100000
70
45
100000
81
100000
112
294
426
102
100000
279
677
100000
100000
2398
462
415
100000
100000
143
141
344
108
100000
119
582
949
100000
221
100000
100000
343
100000
100000
198
5297
100000
100000
123
100000
100000
1181
6144
100000
100000
100000
100000
100000
100000
100000
100000
100000
836
100000
100000
761
6389
318
1344
100000
494
100000
100000
100000
100000
100000
100000
872
100000
399
100000
100000
247
668
100000
100000
100000
100000
100000
303
100000
38973
100000
517
100000
373
410
100000
100000
213
887
100000
100000
296
942
2291
838
300
303
505
100000
763
822
159
326
100000
100000
100000
171
100000
328
100000
100000
17018
255
100000
100000
100000
942
225
1316
100000
100000
100000
100000
100000
95
1032
5567
100000
144
587
100000
100000
100000
100000
100000
963
100000
100000
1233
100000
100000
835
323
252
100000
360
76
153
268
182
100000
100000
416
256
100000
100000
100000
100000
50
100000
588
617
7037
2195
100000
100000
280
100000
255
100000
522
100000
596
100000
3057
100000
100000
100000
100000
1417
100000
181
100000
100000
363
312
230
163
100000
110
183
100000
163
100000
100000
100000
100000
277
327
109
100000
100000
100000
31
100000
100000
3546
100000
50
542
593
100000
453
688
100000
42
222
872
233
100000
100000
100000
100000
100000
100000
100000
9262
448
443
100000
187
229
100000
100000
42
100000
58
100000
229
314
387
100000
100000
100000
2053
100000
100000
100000
2261
100000
100000
173
100000
58
243
100000
100000
539
127
1072
411
100000
681
288
4062
54
100000
100000
3773
111
100000
267
297
100000
183
52
100000
70
86
100000
12
147
2462
287
100000
100000
100
100000
100000
100000
397
100000
42413
6671
804
100000
100000
268
100000
305
100000
100000
491
100000
376
173
100000
1352
173
100000
100000
581
100000
100000
100000
100000
31
188
1610
100000
100000
3605
100000
381
989
100000
100000
100000
202
100000
389
206
25
4641
100000
175
109
279
100000
100000
100000
100000
456
100000
100000
395
146
396
31831
100000
361
398
351
15768
100000
100000
215
100000
100000
130
398
100000
8461
100000
201
100000
100000
245
100000
100000
100000
100000
1000
100000
254
249
100000
100000
100000
443
100000
100000
100000
2252
528
4723
138
177
100000
100000
100000
1467
100000
4417
293
100000
100000
73
977
929
100000
100000
672
100000
100000
290
100000
405
4721
178
711
76
650
100000
100000
46
102
263
100000
264
100000
100000
100000
100000
100000
474
100000
100000
100000
1041
100000
1431
105
811
100000
100000
100000
622
572
856
103
100000
100000
100000
450
100000
309
100000
588
417
100000
100000
194
139
100000
196
212
490
273
251
79
100000
100000
100000
100000
351
456
100000
100000
89
100000
100000
100000
350
100000
100000
913
712
100000
100000
234
100000
467
100000
423
1422
204
770
117
276
100000
328
185
100000
100000
780
28
100000
100000
387
104
100000
233
387
100000
100000
100000
100000
100000
100000
519
2945
19723
104
86
100000
100000
100000
100000
100000
438
100000
785
481
678
100000
313
100000
88
100000
100000
1944
100000
200
292
100000
1526
383
100000
249
100000
100000
100000
100000
100000
100000
100000
100000
100000
100000
372
111
128
318
100000
280
2263
100000
120
16642
517
2793
111
606
100000
100000
100000
100000
100000
100000
54
100000
100000
461
100000
120
250
100000
100000
531
100000
553
106
273
100000
100000
100000
81
100000
686
100000
100000
100000
100000
100000
100000
134
514
216
77
213
294
100000
538
100000
530
275
629
1621
997
287
115
536
216
100000
100000
266
418
216
971
464
183
100000
100000
125
100000
710
100000
100000
580
100000
175
134
781
100
100000
100000
293
100000
99
100000
100000
100000
83
863
100000
100000
740
573
310
20042
100000
736
966
100000
100000
100000
396
36
555
100000
100000
100000
100000
100000
100000
100000
100000
300
100000
100000
100000
242
100000
224
602
100000
3519
125
376
767
100000
100000
1300
100000
2004
41
147
100000
2235
111
100000
1434
159
267
426
100000
317
274
104
100000
170
100000
236
100000
405
100000
100000
100000
100000
292
100000
372
57
423
140
625
105
668
100000
2016
100000
100000
1632
100000
100000
100000
2357
100000
100000
180
304
917
100000
100000
361
971
100000
100000
220
100000
100000
100000
386
311
100000
100000
461
100000
100000
115
100000
661
100000
100000
100000
100000
223
100000
100000
126
64
244
261
100000
1106
283
409
100000
100000
100000
451
100000
100000
559
100000
306
261
100000
100000
100000
100000
520
382
100000
100000
100000
451
29
351
4738
100000
515
100000
100000
100000
387
100000
698
100000
351
100000
607
142
100000
100000
208
100000
100000
100000
326
100000
100000
100000
100000
100000
201
100000
100000
100000
367
100000
100000
100000
100000
100000
100000
6391
637
100000
348
276
100000
100000
5536
100000
4206
100000
100000
83
1263
234
64
418
100000
481
216
100000
302
318
100000
100000
100000
179
100000
210
100000
100000
100000
564
1109
2951
100000
100000
100000
100000
100000
244
1971
943
100000
283
263
218
100000
100000
2518
288
409
100000
100000
100000
100000
320
100000
100000
146
191
264
100000
100000
100000
387
89
278
100000
100000
100000
100000
654
308
111
100000
100000
100000
100000
819
415
100000
81
100000
100000
100000
100000
95
248
154
100000
2858
308
100000
127
2152
100000
100000
100000
520
100000
166
100000
100000
229
171
50
1157
217
100000
161
100000
100000
100000
100000
981
100000
488
100000
203
4622
100000
465
100000
538
100000
249
367
100000
100000
100000
100000
189
749
100000
100000
100000
100000
100000
299
527
100000
246
100000
150
100000
100000
508
100000
265
100000
153
724
425
219
100000
100000
100000
100000
33
45
100000
929
100000
325
100000
100000
100000
593
100000
182
100000
758
1946
100000
100000
2508
339
258
424
82
588
100000
100000
100000
126
106
269
552
375
258
235
100000
381
99
100000
100000
286
1386
100000
100000
100000
100000
100000
100000
128
130
100000
100000
100000
100000
479
181
100000
100000
100000
1673
100000
143
116
575
100000
100000
100000
100000
129
34
100000
493
100000
100000
100000
214
100000
929
796
100000
1873
1144
1868
288
100000
1247
100000
100000
145
832
100000
347
305
244
100000
100000
100000
394
100000
6920
100000
100000
1006
591
250
58
100000
100000
100000
159
242
100000
241
130
100000
135
100000
100000
100000
100000
100000
364
100000
100000
100000
100000
425
100000
1198
100000
611
307
100000
100000
479
2909
429
100000
59
100000
495
100000
100000
1446
100000
265
1223
994
100000
100000
408
100000
100000
100000
100000
210
1144
155
441
290
100000
45
100000
100000
191
100000
102
260
521
447
833
150
2145
39
114
544
120
1153
100000
161
100000
100000
100000
188
353
529
100000
100000
100000
100000
100000
100000
100000
2951
251
100000
100000
100000
139
100000
1112
100000
166
2306
808
406
27
340
100000
100000
100000
100000
7
100000
710
100000
100000
169
100000
100000
172
201
178
1652
906
100000
1610
4
247
100000
100000
2185
100000
199
100000
220
141
100000
547
151
220
81
231
8
100000
544
1786
100000
1018
263
715
100000
235
240
100000
100000
207
215
100000
324
100000
499
100000
508
98
2955
240
435
344
104
229
211
100000
742
100000
554
2459
27
868
100000
100000
523
100000
100000
100000
167
100000
103
100000
100000
100000
528
100000
100000
3246
100000
100000
89
100000
100000
97
100000
100000
100000
100000
100000
664
61
100000
4372
575
100000
100000
100000
100000
100000
418
100000
820
100000
100000
100000
1282
534
100000
100000
378
100000
274
163
100000
100000
100000
100000
733
865
209
100000
100000
100000
120
100000
39
504
1493
100000
82
100000
100000
327
113
100000
100000
89
100000
282
136
100000
426
100000
545
100
258
100000
100000
100000
195
518
100000
100000
1218
100000
1
100000
100000
406
1219
100000
127
465
100000
100000
6343
51
426
100000
100000
138
228
100000
2203
100000
100000
515
1087
51
882
236
80
275
183
16464
100000
100000
121
100000
327
27
144
188
401
100000
100000
70
160
100000
251
100000
370
386
9122
396
217
100000
100000
100000
602
100000
448
100000
290
154
100000
100000
100000
4759
100000
520
127
1348
100000
100000
100000
265
100000
100000
100000
100000
183
100000
100000
100000
265
232
1077
100000
137
100000
100000
1485
100000
773
100000
100000
100000
100000
100000
201
472
27
100000
100000
54
100000
100000
100000
442
432
79
241
100000
100000
100000
100000
87
100000
420
187
4539
100000
100000
276
671
100000
512
225
790
100000
128
1276
100000
100000
100000
282
100000
100000
164
417
100000
109
100000
100000
100000
373
100000
100000
100000
100000
100000
100000
100000
100000
154
445
974
100000
100000
100000
100000
107
310
100000
43
100000
399
100000
100000
100000
100000
438
100000
1093
299
827
578
4589
100000
75
210
355
898
85
100000
152
100000
269
552
547
2087
179
100000
100000
100000
100000
100000
100000
189
100000
100000
100000
24367
100000
100000
100000
69
100000
100000
100000
100000
100000
100000
330
663
100000
100000
100000
100000
387
100000
70
243
331
100000
1
945
100000
100000
100000
100000
100000
81
26885
290
100000
197
140
100000
100000
100000
100000
1424
297
100000
100000
100000
324
8453
194
100000
100000
809
296
100000
901
100000
107
170
2087
100000
176
24
100000
137
100000
100000
100000
100000
100000
193
100000
208
276
1012
100000
720
100000
449
100000
100000
100000
100000
100000
233
1385
320
100000
100000
100000
100000
474
256
678
100000
318
100000
857
135
1768
100000
242
512
308
100000
100000
100000
1059
100000
100000
100000
100000
441
100000
70
60
100000
96
100000
100000
100000
100000
100000
168
100000
1036
100000
290
100000
425
17193
100000
100000
100000
43
100000
100000
535
363
7374
100000
100000
100000
5167
952
100000
5410
100000
207
183
308
100000
569
100000
20024
100000
1657
100000
531
94
393
100000
100000
100000
100000
500
859
235
821
100000
100000
100000
325
191
100000
100000
298
1085
323
100000
100000
100000
100000
100000
6132
161
100000
308
100000
190
100000
100000
100000
100000
100000
100000
100000
137
100000
45
157
196
100000
249
100000
100000
199
100000
100000
923
353
100000
588
100000
165
100000
212
253
100000
100000
100000
200
219
100000
100000
708
209
100000
100000
351
100000
106
60
1210
198
321
273
421
100000
100000
100000
223
1551
2098
196
393
128
286
100000
100000
100000
100000
100000
100000
100000
100000
100000
100000
5053
100000
100000
970
195
100000
350
892
100000
100000
98
100000
147
100000
100000
100000
100000
100000
100000
246
4652
166
100000
100000
683
100000
115
403
100000
1879
2796
100000
126
100000
60
100000
100000
443
100000
100000
1062
220
100000
100000
100000
131
346
318
100000
216
100000
100000
436
100000
100000
100000
100000
135
100000
424
100000
57
100000
303
100000
881
100000
100000
2063
100000
643
100000
100000
100000
100000
381
42769
378
242
100000
100000
1137
100000
186
152
512
100000
312
108
100000
924
100000
100000
100000
100000
566
100000
4248
100000
154
305
100000
278
100000
100000
17
205
49
100000
5258
100000
253
176
100000
435
400
452
100000
184
199
363
100000
35
223
100000
100000
100000
192
100000
100000
649
100000
100000
100000
100000
8335
100000
894
258
781
53
100000
100000
100000
161
100000
674
100000
103
189
1264
100000
100000
121
1159
326
100000
305
382
4773
100000
100000
844
996
373
886
203
388
100000
295
100000
8937
100000
7202
100000
100000
100000
388
5090
681
575
442
100000
100000
226
29328
100000
100000
100000
290
184
100000
100000
100000
716
100000
100000
100000
100000
979
100000
6304
267
100000
100000
100000
659
100000
100000
100000
603
100000
265
314
100000
100000
100000
544
510
100000
100000
100000
141
100000
100000
100000
100000
208
100000
100000
87
100000
319
258
100000
100000
100000
100000
280
394
90
100000
100000
100000
236
314
100000
122
100000
203
100000
100000
340
100000
264
100000
410
100000
24
1506
112
100000
100000
953
891
100000
2320
100000
811
513
676
100000
301
229
1112
100000
100000
2300
100000
100000
160
1
147
1474
216
487
100000
100000
100000
191
100000
223
474
195
100000
252
100000
557
100000
390
173
240
100000
100000
100000
1034
394
6347
100000
100000
100000
100000
100000
578
100000
100000
100000
352
100000
963
3231
390
2416
100000
75
100000
230
1851
781
143
201
100000
100000
1955
530
100000
333
1943
453
1777
100000
100000
778
100000
100000
100000
86
94
282
1420
919
100000
100000
233
100000
100000
115
295
100000
279
100000
100000
100000
100000
137
182
100000
100000
100000
100000
100000
90
100000
100000
269
161
100000
521
482
126
100000
1614
100000
517
100000
100000
314
236
100000
117
100000
125
293
100000
187
100000
100000
1550
173
134
100000
100000
97
8662
289
100000
132
2207
100000
100000
100000
100000
136
481
100000
178
1214
100000
100000
707
100000
300
186
100000
100000
171
642
100000
387
91
100000
317
233
1295
100000
100000
100000
100000
100000
100000
202
100000
100000
100000
211
100000
100000
298
184
374
217
373
366
296
699
6
100000
96
100000
405
100000
100000
483
100000
1058
100000
100000
100000
100000
100000
100000
741
100000
320
279
100000
195
100000
169
100000
159
100000
100000
100000
104
1824
100000
100000
100000
100000
100000
100000
100000
100000
100000
1057
55
117
100000
845
100000
100000
1100
231
231
100000
287
100000
100000
100000
100000
205
707
100000
100000
63
5575
27
453
100000
100000
100000
172
100000
1051
100000
100000
191
100000
396
100000
75
1504
396
888
100000
100000
100000
100000
8210
351
373
100000
100000
112
100000
100000
477
1698
2216
198
3369
100000
100000
38
100000
460
679
274
528
591
100000
100000
100000
100000
100000
100000
174
126
100000
100000
100000
100000
100000
100000
624
100000
100000
100000
100000
417
34
266
100000
163
1090
100000
100000
100000
102
1842
100000
100000
100000
132
100000
251
271
163
100000
678
100000
57
100000
100000
100000
100000
11
78
941
100000
100000
256
240
451
100000
30
100000
100000
100000
100000
173
82
234
390
179
222
247
212
172
1553
989
302
593
224
107
201
100000
104
100000
7840
100000
100000
100000
100000
100000
3212
100000
510
145
328
100000
337
100000
100000
100000
797
480
1119
45
1029
100000
365
264
100000
100000
26
100000
100000
100000
37
100000
190
100000
100000
100000
285
100000
174
16041
201
306
100000
100000
100000
100000
549
100000
1097
643
322
200
100000
100000
1378
100000
100000
100000
525
378
100000
100000
100000
100000
100000
100000
5817
450
100000
34
597
738
241
252
100000
100000
556
1354
74
100000
100000
23
100000
1613
100000
617
420
440
323
43
13
100000
100000
359
172
100000
93
2377
100000
100000
100000
100000
368
100000
100000
100000
156
100000
216
100000
259
100000
100000
100000
100000
100000
100000
1082
267
100000
100000
506
100000
378
4201
100000
252
700
221
100000
100000
100000
685
100000
100000
580
100000
100000
28
368
70
592
878
100000
763
100000
100000
100000
100000
247
100000
100000
340
100000
139
176
100000
100000
390
304
100000
100000
876
100000
7668
20
100000
100000
85
159
513
100000
487
100000
100000
100000
921
351
635
141
153
100000
261
100000
226
100000
100000
100000
282
100000
100000
167
100000
119
100000
169
100000
192
100000
821
100000
100000
905
100000
81
100000
165
100000
100000
100000
100000
215
100000
100000
353
113
135
315
441
400
2794
409
394
369
100000
845
100000
100000
441
4880
100000
100000
100000
246
100000
100000
100000
819
668
100000
100000
43
100000
126
100000
100000
100000
100000
479
1318
1673
273
100000
163
100000
100000
100000
100000
100000
301
100000
462
25
100000
297
407
272
100000
100000
100000
271
203
100000
296
334
968
100000
360
425
286
100000
100000
100000
1475
100000
687
100000
100000
122
100000
82
937
100000
100000
943
100000
2093
100000
100000
100000
165
55
100000
100000
1034
100000
60
100000
595
100000
224
100000
100000
100000
100000
100000
100000
100000
100000
100000
100000
100000
1096
100000
100000
189
100000
384
100000
185
100000
100000
100000
246
239
100000
3526
2089
1226
100000
100000
347
1442
1649
1915
266
145
100000
100000
100000
100000
100000
100000
100000
100000
1746
192
417
609
100000
142
100000
8757
100000
166
145
148
1341
100000
100000
100000
100000
100000
100000
401
229
100000
100000
434
636
699
200
100000
100000
335
225
100000
100000
200
100000
230
100000
536
336
1857
100000
100000
100000
100000
795
52
38
100000
100000
22
100000
1246
100000
100000
100000
202
232
100000
100000
31
100000
100000
100000
671
782
355
489
145
100000
323
43
380
359
100000
100000
100000
100000
100000
526
100000
100000
268
100000
100000
100000
100000
79
100000
967
100000
147
100000
82
100000
100000
121
426
100000
3215
223
1339
4879
261
531
939
100000
291
550
789
100000
549
36166
842
100000
100000
100000
56
100000
1796
100000
202
100000
100000
100000
48
116
100000
100000
100000
100000
100000
100000
100000
100000
100000
100000
1064
100000
122
100000
134
1984
469
276
100
100000
100000
2444
100000
255
260
191
186
100000
424
495
100000
437
426
100000
258
191
205
100000
100000
100000
275
2152
100000
164
1963
116
100000
100000
419
129
337
100000
100000
100000
100000
6
100000
100000
469
100000
100000
426
100000
1774
100000
3305
100000
100000
100000
1361
100000
3889
100000
100000
100000
100000
7645
100000
120
100000
100000
1561
185
100000
851
100000
100000
627
714
100000
1315
100000
100000
383
100000
55
100000
100000
320
100000
100000
100000
2038
100000
227
100000
100000
100000
100000
1020
13
100000
1042
100000
45
100000
181
427
100000
453
999
100000
100000
100000
291
1
982
100000
100000
140
100000
100000
446
460
193
537
472
100000
100000
100000
1635
406
227
100000
33
332
144
195
616
100000
100000
100000
100000
1142
100000
221
203
100000
100000
100
100000
100000
182
100000
614
86
100000
100000
100000
201
246
210
100000
261
100000
100000
100000
100000
2134
44
311
8997
195
100000
100000
259
118
386
355
100000
356
100000
416
73
100000
100000
100000
100000
429
8433
507
100000
450
127
100000
329
100000
100000
422
737
363
100000
100000
17677
100000
100000
100000
184
90
100000
2407
813
1742
50
100000
399
100000
1831
100000
245
603
6712
62
270
361
18
316
519
1121
404
555
756
100000
100000
100000
100000
100000
100000
100000
100000
100000
100000
97
21388
769
100000
696
100000
2170
100000
100000
100000
399
91
234
100000
100000
100000
169
100000
497
100000
424
100000
100000
100000
299
100000
904
433
20
100000
100000
597
203
100000
131
100000
100000
211
100000
353
100000
265
100000
1140
386
47
453
100000
100000
100000
100000
100000
100000
121
490
529
100000
100000
1984
100000
979
100000
1652
100000
100000
150
100000
297
222
447
100000
100000
100000
100000
100000
375
434
100000
100000
100000
1392
100000
100000
100000
37
444
107
100000
291
590
36083
422
100000
211
100000
100000
100000
542
80
100000
100000
964
246
1
100000
100000
73
100000
341
428
133
100000
100000
984
106
100000
100000
100000
425
100000
76
100000
100000
426
643
100000
100000
100000
41
100000
659
258
100000
420
100000
100000
100000
100000
278
1377
7060
258
100000
100000
100000
500
517
2698
100000
100000
237
100000
293
100000
100000
2220
1559
100000
491
100000
795
77
510
100000
100000
877
501
100000
100000
100000
100000
100000
289
100000
255
100000
100000
100000
1959
100000
299
100000
100000
468
627
100000
100000
109
100000
927
100000
100000
819
153
755
36359
100000
100000
100000
394
365
340
1007
226
461
237
167
100000
335
253
386
254
100000
1484
752
100000
100000
100000
133
100000
100000
100000
6042
100000
27
458
261
728
321
100000
2177
100000
186
1248
100000
131
461
1262
1302
331
100000
100000
100000
258
100000
100000
100000
100000
100000
100000
100000
1682
100000
412
100000
100000
928
100000
100000
100000
100000
638
100000
100000
51
100000
100000
100000
680
100000
1532
152
31
100000
100000
1041
100000
1380
874
370
283
716
184
100000
84
2320
100000
100000
100000
100000
100000
100000
100000
100000
100000
897
917
82
100000
100000
100000
100000
100000
100000
187
100000
100000
100000
617
237
100000
494
100000
312
704
100000
100000
100000
100000
100000
100000
100000
95
100000
188
676
100000
100000
144
321
100000
100000
100000
1012
100000
670
100000
100000
100000
417
144
98
100000
100000
100000
100000
310
100000
100000
204
100000
100000
43
100000
379
229
100000
114
698
197
891
316
1170
100000
2748
1418
100000
674
100000
100000
1445
100000
330
1203
100000
223
592
433
115
1770
221
100000
278
100000
100000
100000
9
100000
379
100000
100000
1978
100000
100000
100000
1705
334
578
100000
242
127
100000
153
268
100000
168
100000
100000
5520
100000
100000
1167
376
93
100000
100000
1122
2341
100000
615
100000
100000
168
694
88
100000
100000
431
100000
3018
100000
100000
100000
100000
100000
2295
100000
661
191
100000
31
100000
3365
409
659
2291
100000
515
269
389
524
3704
156
100000
100000
443
1373
213
100000
100000
1441
100000
321
100000
100000
100000
264
100000
174
100000
761
100000
438
100000
559
100000
100000
100000
58
100000
1
877
257
2487
482
100000
100000
100000
822
100000
1978
100000
100000
47
221
100000
100000
335
100000
100000
100000
100000
100000
100000
53
100000
118
100000
100000
100000
100000
100000
281
100000
100000
727
52
100000
100000
330
100000
187
100000
516
1401
100000
583
100000
900
100000
145
84
96
173
1
100000
100000
100000
128
306
1870
100000
100000
871
254
100000
249
100000
100000
100000
980
100000
607
100000
122
100000
100000
332
100000
100000
100000
100000
505
100000
100000
100000
538
100000
491
100000
100000
100000
100000
668
100000
100000
341
100000
100000
100000
103
161
7890
100000
494
100000
100000
306
100000
191
100000
71
100000
100000
100000
296
63
1853
100000
220
100000
100000
100000
332
66
283
272
297
100000
100000
420
935
318
100000
100000
2024
100000
100000
4734
244
901
100000
303
2647
100000
100000
117
257
453
100000
100000
100000
100000
310
218
100000
892
100000
632
100000
853
734
100000
183
132
100000
100000
1075
126
431
100000
1899
149
132
376
282
100000
100000
100000
380
305
703
998
100000
100000
478
411
554
215
100000
100000
732
79
54
880
199
426
684
448
3125
2608
100000
3726
2338
1902
272
100000
100000
80
100000
100000
100000
100000
26
100000
100000
100000
850
318
63
33
198
100000
1305
100000
100000
100000
221
182
673
100000
100000
2450
433
100000
428
529
100000
100000
100000
100000
586
449
806
100000
100000
100000
100000
100000
100000
388
100000
469
100000
100000
102
27
72
77
140
100000
583
331
343
1418
1307
100000
100000
100000
100000
100000
251
100000
100000
100000
5771
736
100000
100000
1027
517
100000
179
100000
255
100000
100000
100000
100000
97
100000
100000
94
100000
100000
221
58
230
422
695
100000
100000
100000
100000
311
100000
100000
100000
2364
100000
100000
1209
100000
100000
100000
513
748
116
100000
1072
100000
1528
121
87
100000
100000
100000
416
295
100000
100000
100000
100000
341
100000
783
6760
100000
129
430
100000
124
55
1214
100000
100000
275
100000
551
100000
100000
100000
300
100000
100000
100000
100000
100000
134
1037
100000
100000
100000
100000
100000
16761
1068
100000
100000
491
100000
100000
349
331
100000
685
100000
98
2
100000
154
100000
100000
100000
100000
60
571
318
100000
782
100000
204
95
100000
753
100000
100000
181
267
348
100000
284
322
100000
100000
344
904
100000
300
100000
208
1093
245
100000
100000
163
481
100000
61
541
100000
100000
4597
100000
213
1036
189
1361
100000
100000
349
100000
100000
713
100000
100000
1019
8402
100000
100000
100000
333
1789
524
403
84
98
100000
89
242
100000
209
2277
213
194
100000
100000
100000
5864
100000
100000
1372
469
100000
120
100000
100000
100000
524
365
207
100000
100000
139
100000
100000
100000
100000
100000
472
689
100000
100000
100000
100000
1371
100000
141
1847
168
668
100000
199
844
928
290
456
198
343
100000
100000
100000
955
187
241
100000
432
100000
260
210
150
100000
325
393
100000
249
212
100000
386
41
100000
100000
431
1250
353
563
100000
184
100000
100000
100000
100000
100000
885
100000
1669
100000
544
100000
100000
1144
333
63
85
159
100000
100000
571
691
100000
100000
100000
195
100000
1536
100000
100000
806
353
284
100000
2030
553
100000
100000
100000
100000
162
100000
100000
100000
46
100000
100000
1815
543
100000
1284
100000
223
100000
100000
100000
100000
100000
511
300
453
100000
100000
100000
149
159
100000
100000
216
2613
176
100000
194
607
132
876
492
372
514
340
100000
100000
1944
100000
794
100000
100000
100000
130
100000
100000
1258
146
100000
100000
100000
12
100000
100000
220
350
115
7439
57
889
100000
261
100000
57
100000
100000
100000
100000
100000
526
288
100000
100000
100000
100000
104
358
100000
100000
48
100000
1462
7451
193
356
100000
100000
1006
100000
100000
167
634
100000
100000
100000
100000
100000
293
132
327
100000
100000
100000
100000
100000
100000
100000
100000
100000
1283
100000
100000
830
3568
131
100000
100000
129
255
100000
676
100000
302
100000
147
1199
100000
603
100000
573
100000
100000
100000
167
703
521
3972
100000
777
215
151
100000
100000
100000
100000
100000
274
431
416
488
180
100000
100000
100000
95
100000
308
139
100000
100000
812
100000
100000
2158
280
100000
100000
45
320
66
317
484
100000
385
66
100000
100000
153
740
344
100000
100000
100000
100000
100000
180
2783
100000
309
100000
100000
100000
258
100000
124
392
100000
100000
100000
100000
15982
100000
100000
100000
100000
123
192
100000
100000
100000
217
100000
100000
134
100000
109
247
100000
100000
100000
175
505
100000
322
100000
252
100000
291
100000
100000
2009
5149
385
1339
100000
229
100000
100000
1818
100000
2214
477
100000
278
1195
187
407
585
100000
100000
847
517
1707
257
864
100000
3729
100000
765
100000
142
106
100000
100000
609
100000
164
100000
100000
206
100000
100000
100000
100000
5012
213
4914
100000
100000
2152
1096
663
304
812
298
267
610
100000
510
157
214
100000
100000
100000
100000
100000
100000
289
100000
395
194
100000
471
100000
104
715
100000
1326
100000
670
22022
104
100000
215
100000
820
100000
1334
100000
100000
401
77
1951
100000
176
481
98
100000
357
196
100000
293
100000
100000
7077
179
100000
100000
100000
979
560
1978
868
506
100000
100000
1584
1508
757
428
100000
573
975
100000
100000
100000
210
100000
183
100000
100000
77
141
710
775
100000
100000
425
100000
100000
4700
204
503
140
100000
100000
332
100000
100000
100000
1290
100000
100000
1805
100000
222
311
100000
100000
270
100000
1033
100000
216
1122
100000
27546
303
100000
789
100000
1186
238
100000
100000
100000
186
123
100000
100000
638
302
225
100000
100000
100000
394
100000
5242
821
100000
100000
307
100000
1475
668
100000
139
754
100000
100000
100000
160
100000
100000
1005
461
277
307
100000
127
1225
100000
100000
100000
100000
100000
277
1525
100000
100000
100000
100000
341
100000
185
100000
560
166
100000
100000
789
100000
100000
100000
100000
100000
100000
100000
100000
44
100000
100000
342
100000
217
188
84
100000
102
100000
100000
100000
100000
100000
100000
413
37753
637
100000
613
100000
264
100000
569
100000
100000
142
100000
100000
100000
100000
396
100000
219
100000
583
100000
4999
537
100000
100000
253
129
100000
539
1317
293
100000
100000
320
100000
563
78
100000
1867
100000
100000
342
100000
100000
100000
456
100000
100000
1230
687
100000
205
100000
510
125
100000
100000
131
197
37
165
100000
100000
100000
100000
92
412
176
1337
100000
100000
257
1182
100000
100000
630
100000
328
268
260
900
100000
100000
285
100000
222
100000
100000
100000
100000
100000
100000
1046
337
100000
91
100000
100000
100000
46
59
1416
100000
1699
100000
129
389
100000
100000
100000
164
1322
100000
158
100000
76
100000
27
264
12
1249
288
269
464
3283
273
292
100000
411
282
100000
71
100000
100000
100000
321
100000
167
176
2681
100000
452
100000
59
898
100000
100000
100000
696
100000
100000
177
100000
100000
3065
100000
100000
100000
377
5298
163
333
133
100000
5926
100000
100000
100000
333
100000
230
373
100000
3017
394
100000
100000
100000
371
207
100000
442
100000
346
100000
25
832
100000
107
397
100000
188
406
100000
100000
821
100000
100000
100000
167
100000
86
123
100000
619
133
100000
750
325
6032
355
150
224
100000
100000
484
156
244
100000
100000
100000
262
566
100000
100000
100000
100000
2085
132
43
67
52
100000
100000
265
100000
163
100000
5658
100000
100000
100000
100000
100000
359
349
100000
137
256
100000
100000
100000
72
39387
60
552
100000
980
500
100000
100000
2427
756
405
100000
189
270
100000
117
100000
179
421
373
100000
100000
430
265
34352
100000
453
100000
100000
142
100000
100000
517
100000
100000
100000
100000
378
100000
208
118
100000
436
734
100000
1
100000
100000
291
100000
100000
100000
672
239
100000
100000
100000
100000
383
372
100000
100000
100000
152
68
210
1861
100000
100000
261
5126
100000
215
100000
100000
415
40
100000
100000
100000
138
1099
1195
100000
1501
100000
200
100000
241
100000
325
100000
321
100000
100000
1226
100000
185
564
100000
383
95
89
100000
1916
100000
143
178
526
100000
183
293
100000
100000
67
483
100000
100000
291
528
437
367
3520
353
97
1736
100000
100000
249
100000
656
100000
48
597
164
100000
357
100000
100000
100000
100000
100000
523
100000
100000
100000
3163
100000
100000
100000
100000
235
387
171
2098
159
100000
100000
100000
221
154
100000
100000
100000
22
100000
100000
100000
476
1246
652
704
290
100000
100000
100000
409
1583
100000
91
133
100000
917
2174
100000
100000
100000
229
100000
273
100000
100000
100000
376
100000
100000
1577
10
100000
291
100000
816
64
823
100000
100000
100000
72
100000
170
100000
286
100000
248
953
2445
100000
100000
100000
434
147
1205
548
100000
100000
400
100000
635
100000
100000
100000
193
296
100000
100000
8960
968
100000
63
100000
100000
100000
112
139
100000
100000
100000
240
569
100000
370
564
100000
525
48
1390
100000
100000
100000
431
100000
3423
100000
185
100000
100000
100000
2489
100000
1065
100000
118
100000
100000
100000
100000
254
100000
100000
100000
46
190
376
298
100000
100000
100000
100000
55
100000
53
57
100000
539
82
100000
482
100000
100000
100000
210
524
278
574
330
100000
2278
84
4923
100000
4922
100000
100000
284
100000
100000
100000
100000
1032
202
434
100000
77
1228
219
100000
320
139
100000
100000
222
100000
101
100000
100000
304
162
143
1927
100000
100000
151
100000
100000
100000
100000
51
100000
100000
100000
411
100000
619
221
267
94
560
100000
239
189
100000
1198
100000
954
40
639
100000
100000
284
100000
100000
100000
209
49
100000
100000
100000
1202
100000
100000
100000
197
1212
100000
100000
44
455
60
100000
787
843
3014
100000
100000
100000
100000
100000
360
100000
141
100000
717
100000
1967
516
472
100000
130
100000
325
100000
2356
82
281
613
1970
1308
100000
271
100000
100000
100000
178
100000
110
100000
307
318
206
285
264
73
519
100000
1457
347
83
100000
100000
100000
235
323
100000
211
416
759
188
100000
100000
100000
100000
100000
100000
31
100000
181
3387
100000
439
357
272
100000
602
100000
809
203
100000
100000
100000
319
151
248
100000
258
100000
229
100000
100000
601
100
100000
100000
100000
191
100000
1668
137
100000
182
100000
573
155
1397
22108
100000
100000
100000
100000
234
100000
100000
100000
1937
100000
100000
100000
661
613
100000
106
192
100000
100000
100000
100000
573
216
100000
36477
100000
100000
100000
4821
101
100000
100000
236
100000
108
531
100000
100000
100000
100000
100000
543
39016
100000
320
100000
100000
56
100000
100000
100000
100000
1339
100000
100000
3566
85
100000
1063
1479
172
131
100000
100000
100000
100000
495
97
100000
100000
100000
136
4787
663
100000
370
48
100000
133
100000
100000
100000
125
191
1051
100000
100000
1088
888
2078
85
81
100000
100000
100000
153
100000
100000
156
421
100000
100000
100000
202
88
411
241
191
100000
203
100000
100000
132
100000
363
100000
388
667
1714
39
276
1080
100000
100000
100000
100000
100000
100000
148
100000
2180
1442
100000
215
324
100000
1982
241
192
366
100000
431
419
304
100000
100000
100000
286
116
74
239
52
223
276
207
494
100000
231
100000
100000
185
599
55
100000
100000
392
100
100000
237
100000
192
45
91
192
100000
514
100000
100000
241
100000
100000
100000
195
100000
100000
116
100000
332
100000
160
100000
100000
1017
384
100000
369
100000
1385
867
100000
167
100000
100000
100000
111
127
843
100000
100000
255
452
100000
100000
123
100000
100000
100000
100000
236
100000
13712
206
38
100000
180
130
100000
206
293
100000
100000
100000
832
100000
100000
100000
100000
1457
100000
235
100000
1545
372
546
100000
100000
367
310
100000
100000
100000
404
329
100000
1258
100000
100000
86
275
583
2209
100000
620
319
100000
28078
1051
315
100000
100000
41
100000
660
300
280
100000
100000
100000
100000
100000
100000
284
100000
87
65
100000
2700
4937
4460
100000
97
100000
100000
100000
100000
100000
526
100000
5
712
966
299
294
100000
100000
100000
286
2407
100000
100000
5784
773
126
198
100000
100000
443
100000
100000
100000
83
483
100000
100000
383
100000
100000
100000
663
3157
6769
1670
739
468
100000
512
100000
27215
42
100000
100000
363
213
100000
100000
119
534
100000
1097
100000
100000
368
121
100000
229
734
100000
145
100000
26
758
100000
100000
100000
100000
1553
100000
201
100000
133
100000
626
142
192
147
100000
250
199
100000
245
100000
539
223
100000
100000
241
292
234
100000
100000
100000
100000
100000
100000
100000
100000
51
677
100000
100000
304
100000
405
100000
1510
100000
1413
100000
697
275
100000
101
100000
100000
368
100000
373
436
282
100000
1205
100000
100000
32445
100000
309
100000
2281
100000
100000
100000
100000
1885
516
24
100000
100000
100000
100000
445
204
94
100000
100000
100000
100000
100000
431
297
100000
275
100000
100000
100000
100000
100000
777
270
438
100000
265
468
237
185
100000
113
100000
100000
58
201
100000
100000
563
78
81
456
100000
100000
142
830
100000
168
63
4083
149
100000
256
100000
81
605
57
100000
100000
642
100000
100000
100000
100000
100000
100000
95
100000
100000
309
226
3495
100000
372
43
33
100000
33474
197
7997
194
100000
355
100000
349
42003
594
389
100000
100000
66
19743
100000
100000
291
100000
565
100000
100000
100000
100000
215
231
208
100000
357
301
751
531
100000
354
100000
187
100000
100000
56
184
437
316
105
200
141
418
100000
98
100000
100000
265
100000
100000
100000
168
100000
100000
142
632
100000
100000
100000
100000
1783
100000
320
100000
100000
100000
242
100000
336
525
100000
149
202
268
100000
100000
278
357
1068
100000
100000
100000
136
101
100000
100000
613
297
100000
100000
100000
100000
100000
100000
100000
240
100000
100000
100000
100000
100000
197
100000
347
100000
100000
358
6101
1518
100000
100000
100000
100000
100000
100000
213
216
100000
85
41
100000
445
82
100000
116
100000
100000
61
101
100000
158
643
235
227
2389
100000
22
100000
100000
100000
84
270
100000
100000
100000
3957
100000
141
100000
100000
348
1180
134
68
85
100000
100000
294
100000
100000
814
488
100000
100000
100000
216
100000
100000
100000
100000
334
207
204
893
100000
874
100000
100000
8022
100000
104
100000
17201
100000
238
1911
100000
100000
632
100000
100000
100000
586
374
140
100000
100000
22395
270
100000
16101
59
100000
100000
544
327
100000
100000
100000
362
100000
100000
533
255
100000
100000
100000
100000
80
100000
100000
420
100000
100000
77
100000
100000
100000
370
1081
100000
100
251
100000
100000
100000
100000
428
100000
291
100000
100000
100000
100000
100000
100000
100000
1102
100000
100000
15
100000
488
527
100000
295
620
176
100000
100000
100000
100000
1007
100000
100000
236
100000
100000
100000
100000
100000
637
158
100000
100000
1666
100000
1503
100000
100000
100000
100000
111
100000
50
224
906
100000
100000
100000
100000
100000
497
100000
429
312
2139
100000
100000
1008
205
100000
100000
100000
7489
100000
230
268
1765
100000
2107
742
100000
1015
100000
350
180
318
157
191
100000
100000
122
42
131
100000
100000
100000
290
926
100000
87
100000
542
100000
63
88
100000
1185
100000
309
1256
784
330
100000
261
100000
1095
424
100000
100000
1125
100000
24
698
164
527
100000
108
62
449
100000
100000
156
223
254
25757
284
100000
267
357
100000
100000
349
100000
100000
100000
505
100000
216
678
80
100000
100000
100000
100000
100000
100000
100000
225
402
100000
100000
100000
1101
142
100000
100000
100000
352
198
6340
100000
500
336
100000
128
100000
167
54
100000
100000
1570
100000
13040
27
100000
100000
206
289
100000
888
100000
47
6720
1022
29
100000
114
3112
345
100000
100000
1205
2103
100000
375
561
100000
100000
291
100000
160
100000
100000
142
100000
100000
100000
891
2137
393
100000
54
100000
358
100000
100000
1745
100000
457
100000
100000
48
136
536
996
100000
100000
100000
100000
100000
812
100000
206
100000
100000
1281
1146
329
178
100000
141
220
100000
319
33
100000
536
100000
100000
100000
205
100000
50
512
100000
100000
100000
100000
100000
362
534
578
610
100000
66
192
100000
287
100000
100000
100000
100000
100000
100000
100000
100000
100000
100000
507
137
135
100000
246
100000
100000
100000
100000
403
100000
100000
100000
22
431
100000
108
100000
100000
192
100000
5813
100000
100000
100000
100000
100000
3964
305
290
642
345
100000
100000
100000
335
463
154
100000
100000
920
888
100000
100000
1107
95
100000
100000
100000
822
3257
100000
20323
55
100000
100000
367
100000
100000
100000
100000
373
100000
851
2657
100000
100000
100000
100000
100000
100000
1939
100000
394
100000
109
100000
248
846
100000
1269
206
100000
546
100000
100000
100000
100000
312
259
100000
228
487
236
174
100000
100000
100000
450
199
100000
100000
472
366
100000
588
162
1221
245
100000
100000
100000
1258
103
100000
100000
100000
100000
100000
489
536
1003
100000
100000
630
970
1428
494
396
543
116
100000
160
42
100000
38
100000
100000
385
100000
333
100000
100000
1620
100000
1412
152
100000
466
383
1939
282
100000
100000
100000
100000
100000
100000
100000
100000
100000
100000
411
243
1055
431
308
100000
100000
640
268
1985
489
835
242
100000
62
972
100000
44
402
394
7909
1222
100000
80
30
231
410
625
100000
267
100000
544
100000
250
100000
100000
498
698
100000
297
153
257
100000
299
137
100000
234
1
213
100000
100000
98
100000
141
737
100000
32
290
345
13772
100000
67
1015
212
452
136
100000
97
281
100000
161
100000
100000
100000
100000
216
124
384
100000
1
677
100000
100000
201
100000
336
100000
100000
100000
100000
100000
347
100000
100000
100000
100000
114
24
600
100000
100000
100000
100000
1500
100000
100000
100000
100000
100000
1064
332
624
3645
100000
450
234
287
78
100000
100000
100000
159
100000
321
100000
100000
100000
324
969
100000
100000
100000
267
589
20432
100000
100000
100000
100000
100000
100000
421
100000
100000
72
100000
493
325
100000
100000
356
9658
3579
100000
100000
124
148
100000
100000
23
100000
100000
100000
220
100000
854
100000
100000
511
100000
694
656
264
100000
585
2322
100000
100000
212
542
206
238
604
100000
706
100000
126
100000
79
100000
100000
100000
100000
100000
100000
100000
153
395
100000
100000
100000
7
1250
1272
388
100000
325
1586
335
100000
181
100000
132
1230
208
100000
168
100000
100000
100000
190
100000
232
100000
182
552
100000
100000
100000
100000
100000
100000
1132
4214
64
201
1131
100000
50
100000
448
670
295
1952
265
1085
294
294
100000
255
572
100000
52
100000
100000
432
1017
100000
267
100000
100000
21786
461
47
100000
100000
424
100000
911
100000
716
449
93
100000
238
100000
100000
100000
100000
166
95
178
221
100000
100000
100000
100000
1044
5
100000
1923
100000
200
131
124
27191
100000
765
1615
100000
100000
1457
100000
249
28
100000
100000
100000
100000
100000
81
100000
297
100000
100000
100000
255
199
2279
158
921
100000
100000
100000
297
2083
527
276
100000
567
100000
100000
323
100000
2841
100000
94
100000
197
585
100000
100000
1102
100000
100000
2989
100000
100000
100000
100000
331
224
6120
104
100000
307
574
100000
100000
5815
100000
100000
441
313
100000
100000
1229
100000
265
1113
2353
100000
100000
523
135
182
100000
100000
100000
892
100000
100000
100000
624
100000
100000
2440
100000
473
100000
100000
1006
100000
172
81
100000
491
100000
629
567
100000
100000
100000
100000
1174
100000
100000
100000
100000
163
100000
100000
100000
1228
1511
100000
160
100000
100000
952
163
1098
29
152
30466
718
100000
100000
100000
100000
264
100000
299
100000
260
210
573
100000
100000
100000
133
100000
100000
100000
525
100000
100000
100000
833
262
100000
100000
100000
255
100000
706
353
100000
206
397
297
521
100000
100000
100000
100000
94
100000
59
366
100000
4278
217
100000
321
100000
264
100000
210
612
323
385
90
157
1014
100000
100000
28
100000
100000
100000
100000
100000
483
100000
100000
100000
100000
492
100000
93
17
366
100000
100000
100000
100000
100000
425
937
100000
100000
100000
100000
1061
100000
245
100000
29
100000
439
980
100000
100000
100000
100000
100000
1751
345
100000
61
725
12
225
601
213
100000
562
183
100000
359
110
100000
263
324
274
100000
100000
340
64
1365
5136
100000
100000
100000
224
100000
100000
100000
192
100000
100000
186
464
964
100000
1068
100000
100000
1308
27
258
100000
41412
100000
257
100000
100000
621
100000
100000
146
100000
33
88
963
2294
475
770
153
100000
244
1192
942
100000
950
100000
100000
100000
395
541
4581
479
100000
3561
1628
170
362
399
100000
100000
100000
167
323
100000
100000
974
1451
141
100000
480
100000
100000
100000
1137
100000
100000
2513
504
100000
485
1643
332
100000
135
100000
100000
100000
100000
449
175
100000
100000
100000
100000
100000
134
273
53
100000
100000
100000
100000
100000
100000
111
250
33
140
1
107
82
100000
100000
100000
100000
918
100000
1009
100000
100000
100000
304
377
912
100000
100000
100000
100000
100000
222
100000
337
416
100000
239
100000
100000
437
100000
207
309
258
100000
617
518
2095
100000
36
324
407
100000
729
100000
100000
2081
100000
119
100000
100000
367
100000
100000
274
100000
6387
59
100000
327
1224
223
500
100000
346
100000
100000
100000
100000
100000
100000
1355
778
267
314
100000
89
255
876
135
68
520
100000
423
373
100000
148
106
252
100000
100000
7338
100000
100000
100000
87
739
100000
100000
30635
100000
100000
100000
7537
100000
100000
100000
203
100000
100000
100000
100000
548
662
100000
412
139
366
100000
378
100000
100000
100000
100000
200
447
100000
100000
79
483
100000
155
100000
211
462
100000
100000
1774
221
572
100000
100000
100000
1958
100000
382
100000
100000
678
623
173
100000
518
131
562
100000
143
100000
186
100000
100000
100000
100000
190
100000
100000
100000
100000
111
435
278
100000
697
1058
100000
100000
589
100000
38
354
947
100000
481
2827
100000
399
104
342
145
100000
291
100000
100000
100000
192
1552
100000
100000
100000
167
3024
656
100000
100000
1104
325
471
850
281
616
100000
143
2525
98
515
91
116
485
100000
95
217
1495
100000
575
607
382
164
952
100000
202
100000
100000
307
100000
151
100000
227
100000
69
81
133
844
100000
762
100000
306
203
100000
100000
634
100000
118
100000
100000
1
752
100000
344
100000
166
424
100000
100000
2208
42
100000
253
100000
100000
979
302
282
100000
100000
289
594
100000
356
68
100000
100000
100000
100000
320
100000
974
245
100000
100000
100000
100000
752
1122
100000
512
78
324
100000
100000
100000
118
43
305
314
100000
100000
100000
100000
100000
100000
1290
100000
100000
203
384
100000
100000
444
76
100000
3751
100000
100000
235
100000
100000
100000
8184
287
445
100000
100000
100000
245
2911
43
66
100000
1123
191
559
197
112
209
29
59
122
100000
99
691
20412
1158
100000
100000
100000
100000
100000
311
88
67
213
100000
40
163
318
100000
100000
243
36
100000
100000
240
4548
100000
100000
100000
992
100000
366
100000
100000
100000
168
116
255
351
100000
185
247
100000
310
100000
733
2418
100000
100000
100000
281
100000
204
175
100000
89
100000
3678
225
100000
100000
100000
417
100000
56
93
100000
100000
100000
100000
455
271
100000
100000
69
209
100000
285
391
100000
100000
49
190
950
100000
100000
100000
100000
1
100000
70
321
100000
295
100000
100000
171
333
65
22
100000
100000
720
100000
1523
100000
989
162
100000
100000
100000
100000
244
216
100000
560
100000
100000
442
159
100000
100000
399
100000
100000
100000
622
100000
100000
100000
100000
1871
100000
100000
5112
100000
100000
100000
555
100000
60
100000
100000
100000
100000
100000
100000
100000
100000
100000
376
100000
100000
284
100000
100000
1062
238
492
100000
100000
100000
382
393
709
100000
317
349
1036
213
100000
100000
100000
100000
941
279
100000
100000
2455
100000
290
100000
115
126
314
100000
1959
100000
58
114
273
100000
100000
100000
89
806
152
260
100000
100000
100000
346
249
100000
100000
100000
100000
481
100000
677
907
339
100000
100000
100000
100000
187
778
100000
100000
100000
100000
100000
100000
100000
437
100000
62
213
100000
4792
100000
100000
492
22
100000
100000
17
100000
100000
702
100000
99
723
100000
130
100000
2915
100000
100000
519
810
1627
292
1288
100000
100000
100000
100000
29
100000
100000
100000
100000
1277
100000
720
321
148
100000
34
1307
100000
100000
187
134
170
1414
100000
468
326
100000
100000
312
673
257
100000
908
100000
929
341
100000
172
374
100000
100000
100000
100000
146
43
822
100000
100000
262
100000
228
489
83
100000
77
37
100000
3090
100000
100000
3765
842
100000
100000
100000
4672
45
459
434
100000
320
165
1671
914
448
100000
234
297
100000
114
100000
100000
229
100000
259
100000
1308
100000
100000
100000
100000
100000
45
100000
100000
4337
100000
100000
100000
100000
100000
208
100000
598
100000
447
1593
208
100000
100000
750
100000
100000
277
100000
100000
100000
100000
100000
100000
100000
100000
119
2212
100000
100000
100000
647
100000
33
103
358
267
100000
225
100000
541
100000
100000
474
100000
1158
1213
100000
100000
100000
3965
100000
100000
484
267
100000
100000
1318
100000
1535
180
126
100000
249
415
100000
100000
100000
67
100000
100000
110
270
100000
100000
100000
100000
100000
100000
100000
100000
706
100000
189
100000
152
432
147
100000
331
100000
100000
100000
104
85
100000
100000
100000
100000
436
100000
207
100000
1117
174
100000
135
100000
689
100000
745
100000
100000
100000
206
357
346
1159
74
203
126
511
150
100000
62
251
14463
228
616
100000
36
100000
100000
100000
100000
100000
505
1
1150
572
885
416
3091
622
522
100000
240
100000
100000
269
100000
61
188
100000
100000
100000
100000
100000
107
100000
201
100000
100000
100000
185
2076
100000
25614
100000
120
100000
100000
434
4547
161
256
952
100000
168
1054
575
100000
183
314
100000
1918
394
183
100000
326
2605
163
280
100000
217
282
1868
100000
100000
103
2257
100000
100000
1221
100000
266
115
100000
1085
328
175
845
100000
100000
100000
4203
100000
100000
36
100000
100000
1011
100000
120
100000
100000
100000
100000
100000
55
100000
100000
100000
305
100000
194
100000
100000
66
100000
100000
100000
100000
100000
199
470
100000
36991
100000
100000
100000
100000
100000
124
100000
126
131
44
100000
100000
115
100000
100000
1288
100000
100000
200
38
5083
353
100000
208
100000
628
1923
100000
313
100000
100000
73
565
314
100000
100000
100000
100000
276
100000
496
100000
114
1013
49
100000
100000
89
100000
1119
100000
100000
1826
240
238
100000
100000
988
306
423
586
907
517
100000
21
723
100000
588
100000
62
100000
100000
590
1146
123
100000
100000
716
190
174
100000
100000
280
100000
100000
125
100000
244
100000
142
100000
100000
207
100000
67
39
345
742
100000
504
100000
2150
100000
178
320
187
100000
139
100000
1178
100000
235
100000
843
72
100000
311
100000
404
624
100000
289
138
100000
100000
100000
100000
5472
37
100000
100000
8785
100000
100000
100000
100000
100000
259
99
100000
864
100000
100000
112
100000
100000
100000
5309
450
250
100000
100000
188
100000
100000
100000
860
61
100000
219
100000
100000
146
100000
324
226
2701
79
100000
39
576
680
100000
100000
100000
73
2000
100000
100000
584
590
7013
100000
100000
499
244
289
27
761
85
13938
100000
100000
257
100000
397
322
2410
100000
3058
100000
100000
237
100000
100000
1343
50
100000
455
100000
100000
100000
1066
100000
100000
100000
244
410
649
100000
100000
100000
2190
100000
100000
100000
973
141
698
100000
311
275
100000
43
168
100000
100000
100000
100000
281
100000
80
5659
761
100000
100000
310
100000
62
100000
100000
100000
9
100000
273
100000
402
100000
100000
153
100000
544
113
156
144
1019
100000
94
100000
1412
100000
100000
100000
100000
100000
100000
311
100000
100000
100000
100000
762
517
411
100000
33
207
4557
10059
750
139
100000
353
75
16933
100000
253
100000
100000
100000
104
100000
5836
200
100000
528
100000
311
100000
14
100000
493
100000
100000
100000
100000
100000
100000
100000
1372
100000
100000
100000
79
603
100000
100000
130
7368
259
263
100000
100000
100000
209
988
283
100000
236
374
100000
100000
100000
151
4798
57
100000
864
100000
1622
100000
100000
100000
123
100000
1573
100000
437
644
100000
100000
100000
758
112
51
445
110
2442
491
100000
1355
564
100000
100000
99
68
275
688
100000
100000
1931
3047
386
6755
264
100000
100000
100000
484
100000
100000
341
100000
238
326
100000
137
100000
113
1600
100000
100000
649
100000
232
100000
5869
100000
375
100000
728
100000
100000
820
100000
367
100000
100000
121
100000
134
100000
100000
100000
100000
270
100000
100000
3727
100000
256
110
100000
100000
100000
202
100000
100000
100000
166
231
100000
352
100000
100000
796
100000
222
100000
44
100000
510
550
100000
300
160
2627
100000
342
100000
1580
576
100000
100000
738
100000
100000
593
100000
100000
395
103
100000
100000
2510
814
17
243
552
137
100000
1153
58
100000
160
100000
364
100000
100000
100000
100000
100000
825
790
100000
100000
302
100000
307
100000
1114
104
100000
209
100000
100000
417
100000
100000
131
100000
266
100000
100000
192
100000
100000
100000
100000
378
175
4735
100000
100000
100000
100000
192
100000
125
606
79
100000
214
100000
100000
100000
1907
100000
100000
100000
100000
100000
100000
625
100000
100000
100000
100000
261
496
100000
100000
815
36
100000
100000
100000
100000
215
100000
37
100000
187
178
100000
853
100000
100000
162
236
100000
100000
420
1117
167
482
6
100000
59
100000
1822
205
133
100000
100000
100000
326
100000
100000
100000
246
108
100000
100000
100000
242
3113
100000
1162
100000
354
223
100000
272
1262
100000
105
100000
662
27
296
100000
100000
100000
277
100000
100000
236
301
366
100000
100000
221
118
209
370
100000
164
100000
275
100000
370
581
100000
350
100000
100000
242
100000
274
100000
100000
100000
100000
100000
418
4254
347
100000
100000
100000
140
224
100000
545
100000
100000
100000
100000
139
100000
80
41
100000
890
100000
100000
622
305
242
90
100000
100000
100000
100000
449
100000
100000
100000
671
57
195
100000
66
100000
100000
429
100000
100000
100000
486
1138
100000
100000
166
100000
103
100000
100000
331
100000
860
100000
34
100000
1442
55
441
892
614
100000
245
203
100000
100000
100000
5920
367
279
1938
394
276
166
100000
157
100000
481
100000
664
71
853
100000
100000
100000
238
100000
100000
1240
100000
39
100000
100000
100000
100000
906
100000
374
507
100000
65
100000
826
234
100000
232
100000
100000
100000
100000
244
239
110
100000
215
377
100000
100000
100000
100000
100000
70
100000
72
100000
323
100000
100000
651
1265
1742
100000
254
100000
511
100000
100000
100000
179
61
100000
240
227
409
820
100000
100000
2387
100000
277
685
100000
100000
100000
100000
1293
1836
57
100000
100000
87
100000
100000
281
100000
3729
100000
100000
100000
73
100000
100000
100000
100000
100000
100000
69
100000
160
100000
64
262
285
188
100000
537
100000
97
100000
100000
2434
2524
100000
100000
100000
100000
100000
561
100000
21
248
100000
100000
100000
100000
100000
100000
100000
283
113
100000
100000
100000
100000
237
281
100000
100000
52
1176
100000
100000
100000
100000
100000
1022
100000
2163
641
562
100000
100000
1006
100000
100000
100000
100000
100000
100000
357
204
100000
165
100000
424
100000
100000
568
100000
100000
78
100000
2162
100000
696
212
600
100000
100000
100000
100000
100000
192
100000
100000
100000
100000
100000
100000
98
37223
100000
100000
205
338
100000
100000
257
181
100000
812
100000
177
100000
265
549
100000
143
100000
100000
100000
920
100000
100000
100000
100000
114
100000
100000
395
157
100000
1511
2550
100000
100000
330
182
100000
100000
100000
100000
401
31
100000
100000
762
401
100000
100000
100000
100000
100000
100000
100000
100000
275
2451
100000
100000
100000
11985
336
100000
1251
63
122
332
100000
100000
100000
100000
100000
626
230
100000
100000
100000
100000
100000
12154
269
1389
369
100000
1397
1105
193
382
100000
4085
100000
942
297
192
100000
1074
100000
510
171
333
478
201
371
100000
87
195
1947
100000
100000
100000
100000
100000
100000
704
46
673
100000
326
100000
277
100000
180
100000
100000
89
100000
100000
933
1146
100000
254
212
643
100000
1400
100000
227
1189
301
1990
100000
5877
100000
229
199
618
100000
299
322
687
100000
100000
221
159
100000
130
1310
100000
1216
260
77
100000
100000
152
117
100000
295
100000
100000
100000
878
170
690
318
313
100000
269
100000
390
100000
266
100000
330
100000
100000
100000
100000
67
584
339
426
100000
512
100000
100000
100000
345
100000
100000
53
100000
100000
274
100000
807
486
187
204
101
443
543
100000
172
100000
100000
2210
173
100000
100000
100000
142
100000
933
50
83
100000
100000
278
92
100000
100000
230
100000
100000
372
567
100000
100000
171
513
417
102
359
629
101
100000
221
291
100000
100000
78
208
67
100000
100000
100000
100000
205
100000
319
100000
100000
310
6109
100000
100000
184
838
100000
100000
576
100000
338
96
100000
100000
300
2231
244
100000
316
100000
284
187
101
284
90
100000
546
100000
100000
194
100000
100000
100000
29290
100000
100000
100000
100000
100000
100000
574
100000
100000
1310
254
91
324
100000
527
100000
150
100000
100000
708
100000
100000
372
247
100000
100000
916
100000
100000
100000
100000
266
100000
100000
114
100000
100000
100000
196
214
92
349
36
82
100000
100000
983
100000
1222
225
447
376
220
100000
147
100000
33312
100000
79
100000
212
969
177
100000
100000
631
211
100000
19
100000
2239
1563
100000
100000
684
104
360
223
100000
640
983
607
64
100000
832
100000
100000
100000
565
100000
206
100000
419
340
100000
538
100000
1661
193
293
1970
100000
192
100000
100000
100000
100000
415
100000
126
100000
100000
63
3028
100000
167
229
100000
100000
403
826
100000
100000
512
542
60
100000
289
100000
1147
550
100000
806
552
32922
100000
100000
100000
100000
100000
100000
100000
1302
100000
409
100000
100000
100000
100000
1753
100000
100000
100000
100000
100000
100000
100000
100000
100000
100000
205
458
143
100000
745
100000
952
100000
137
100000
79
722
25817
100000
100000
100000
257
229
338
100000
586
100000
169
170
100000
100000
100000
100000
91
463
100000
100000
100000
100000
1780
254
153
100000
100000
206
100000
12100
100
241
100000
100000
368
3656
100000
100000
100000
100000
1293
483
34
100000
88
808
100000
100000
100000
100000
100000
399
313
446
166
100000
100000
100000
100000
643
100000
4420
127
385
100000
1484
100000
100000
1719
100000
637
100000
441
799
100000
100000
68
100000
100000
100000
421
124
100000
185
1585
420
100000
100000
172
255
314
646
100000
100000
646
100000
217
230
293
594
100000
1237
100000
166
1451
133
100000
297
100000
315
100000
100000
100000
785
460
378
100000
100000
100000
100000
100000
100000
100000
666
100000
100000
100000
100000
946
100000
100000
100000
100000
53
100000
606
1392
190
214
100000
717
100000
100000
249
100000
100000
100000
1041
100000
423
100000
100000
433
100000
235
6426
100000
100000
100000
597
100000
100000
469
148
289
297
100000
130
100000
79
100000
100000
719
100000
100000
100000
100000
262
167
169
100000
189
100000
100000
184
100000
100000
100000
387
100000
100000
100000
543
100000
100000
100000
581
100000
100000
4
100000
100000
262
1828
100000
1
100000
100000
510
61
23
100000
100000
123
150
100000
100000
207
112
100000
348
120
228
100000
100000
100000
100000
17
100000
96
97
100000
431
100000
100000
100000
181
191
100000
20
1423
100000
146
763
100000
100000
100000
205
268
626
100000
100000
1154
100000
741
438
100000
100000
110
100000
100000
306
449
253
100000
27271
100000
64
100000
100000
100000
100000
1050
174
86
65
100000
422
100000
403
207
100000
716
100000
105
100000
1031
925
1025
140
100000
100000
37268
100000
46
100000
270
100000
198
100000
133
100000
100000
315
100000
100000
174
265
100000
100000
100000
100000
100000
171
100000
82
114
100000
100000
100000
685
100000
210
100000
100000
1065
50
222
142
2135
100000
100000
100000
371
185
100000
100000
220
128
100000
245
794
685
100000
100000
343
3420
1014
703
100000
100000
1117
100000
100000
100000
100000
209
147
100000
520
186
100000
100000
165
142
257
627
113
100000
154
402
684
604
100000
817
114
127
492
100000
100000
142
1070
808
295
100000
32
100000
100000
194
100000
100000
100000
100000
148
100000
100000
100000
100000
100000
100000
100000
2277
640
100000
100000
100000
100000
55
232
590
8147
152
147
387
100000
114
769
100000
100000
100000
100000
345
289
100000
100000
100000
66
100000
100000
100000
932
153
481
245
100000
100000
303
186
100000
282
333
232
856
163
249
623
100000
100000
100000
100000
340
100000
100000
100000
100000
585
100000
197
100000
100000
100000
930
100000
660
156
100000
100000
100000
100000
2183
100000
100000
100000
100000
100000
186
100000
885
271
100000
59
100000
468
100000
100000
100000
396
251
100000
100000
100000
547
100000
100000
100000
100000
409
100000
635
100000
100000
609
100000
580
48
100000
100000
100000
100000
100000
27
100000
263
100000
250
100000
100000
100000
100000
967
100000
568
6199
100000
239
100000
100000
785
618
100000
184
100000
100000
226
100000
100000
100000
100000
100000
395
1774
161
508
32
100000
100000
253
100000
100000
100000
299
100000
100000
100000
100000
459
100000
98
100000
24
93
100000
108
100000
100000
1
100000
100000
125
100000
100000
100000
258
100000
100000
100000
280
100000
100000
2547
100000
911
524
55
100000
286
100000
100000
294
100000
179
100000
169
385
100000
100000
100000
100000
250
100000
100000
100000
250
347
2756
100000
100000
1353
100000
100000
100000
100000
100000
756
100000
100000
100000
100000
36
195
100000
100000
233
144
100000
100000
100000
100000
100000
100000
22
151
100000
100000
641
391
801
100000
100000
409
100000
271
100000
1474
1075
100000
100000
431
641
146
100000
100000
298
100000
100000
531
130
320
100000
100000
100000
568
100000
100000
100000
150
110
100000
166
100000
100000
141
100000
100000
216
163
522
100000
245
1667
344
100000
100000
355
169
100000
100000
100000
100000
100000
368
737
100000
100000
100000
33
134
100000
100000
100000
100000
100000
318
122
100000
1133
100000
100000
100000
100000
337
100000
4158
100000
172
100000
140
100000
610
437
100000
100000
510
100000
100000
124
100000
200
100000
100000
237
305
100000
1384
100000
100000
100000
723
100000
870
1645
100000
100000
87
497
713
100000
100000
808
459
100000
400
100000
137
100000
486
171
928
717
100
366
368
320
550
206
100000
261
100000
100000
633
100000
100000
815
1
15101
778
100000
1551
100000
3579
100000
153
100000
100000
100000
151
205
350
565
317
100000
100000
100000
321
100000
401
378
854
100000
403
100000
2196
100000
306
100000
100000
100000
226
1178
330
100000
355
249
100000
100000
100000
234
5356
5762
100000
100000
67
34
89
178
5429
218
100000
301
297
700
100000
265
100000
18823
100000
100000
100000
561
100000
100000
632
395
100000
100000
100000
1347
301
189
100000
100000
100000
100000
100000
100000
37
100000
205
781
975
34425
553
100000
98
541
78
100000
128
305
100000
100000
100000
202
100000
100000
100000
100000
100000
64
139
285
1528
1030
100000
256
132
423
5154
100000
100000
157
100000
189
100000
100000
375
100000
100000
2628
100000
100000
100000
100000
1439
434
64
478
237
100000
773
100000
3498
383
909
470
100000
100000
100000
11048
100000
100000
100000
1171
499
100000
100000
96
100000
246
226
2331
948
100000
399
100000
80
494
100000
100000
597
100000
88
100000
561
100000
298
100000
100000
1560
100000
99
100000
900
130
187
100000
100000
119
769
100000
1305
327
100000
50
528
1106
163
100000
100000
43
100000
253
858
100000
1653
100000
336
1416
100000
177
100000
151
100000
645
100000
1072
272
100000
100000
100000
630
100000
253
388
440
100000
14
100000
120
100000
3292
1164
292
100000
100000
100000
100000
220
262
100000
707
1228
123
641
311
240
807
100000
100000
547
239
775
100000
463
100000
129
100000
100000
126
100000
100000
100000
100000
100000
140
100000
428
100000
100000
100000
646
100000
160
163
100000
100000
147
100000
100000
100000
100000
100000
247
165
100000
886
100000
410
100000
317
310
100000
146
115
1255
100000
405
402
413
100000
551
100000
100000
7038
100000
713
279
87
7
342
100000
1618
56
257
233
277
600
210
100000
100000
100000
100000
100000
100000
149
182
100000
100000
189
2700
28
100000
247
100000
100000
822
100000
410
60
100000
189
47442
100000
100000
535
100000
267
100000
1068
100000
100000
377
54
780
8057
294
100000
100000
491
313
114
124
100000
100000
374
100000
6203
100000
100000
100000
232
295
100000
208
100000
100000
100000
44
100000
100000
361
100000
100000
100000
98
100000
100000
1023
100000
100000
100000
100000
318
100000
133
195
100000
2070
412
732
100000
426
115
100000
661
100000
100000
100000
100000
132
342
50
858
100000
673
100000
263
100000
117
100000
100000
100000
100000
100000
100000
100000
100000
469
108
43
2210
100000
100000
1885
103
100000
100000
100000
351
100000
29
204
144
100000
100000
100000
505
2192
100000
111
100000
100000
100000
4280
100000
196
2143
100000
225
100000
282
459
100000
348
220
100000
269
100000
155
100000
100000
100000
156
100000
100000
100000
413
100000
100000
402
100000
174
104
575
182
221
100000
100000
1026
397
100000
248
100000
100000
100000
187
100000
100000
100000
818
100000
100000
100000
100000
870
109
100000
384
100000
102
100000
834
643
100000
262
100000
100000
131
155
233
767
1138
100000
100000
100000
466
100000
100000
100000
322
762
57
104
365
22731
238
258
100000
339
890
100000
100000
100000
100000
4312
240
240
591
100000
100000
287
331
100000
423
100000
220
108
461
100000
42
100000
100000
100000
100000
231
96
100000
101
100000
897
100000
100000
201
1485
133
236
100000
1712
100000
100000
100000
100000
100000
100000
100000
1122
418
100000
1468
100000
270
100000
100000
100000
100000
100000
1366
1
100000
100000
1093
31873
310
248
498
269
43
100000
100000
100000
100000
189
2672
1046
373
100000
100000
133
22
381
169
100000
100000
100000
169
399
100000
100000
100000
100000
100000
100000
121
100000
100000
592
1328
354
100000
778
2051
1514
100000
437
357
389
31491
152
226
100000
2059
100000
100000
164
227
192
100000
249
100000
274
100000
96
269
100000
96
100000
203
100000
100000
100000
100000
100000
143
100000
100000
100000
404
100000
253
100000
100000
350
100000
100000
759
19279
119
100000
271
100000
100000
100000
941
448
100000
100000
218
89
127
1067
100000
100000
100000
1095
1550
123
100000
1680
100000
1579
100000
267
168
100000
252
100000
100000
166
100000
100000
227
100000
306
271
203
100000
100000
174
100000
43
1656
1266
216
100000
100000
100000
279
72
100000
100000
82
100000
562
524
100000
363
100000
4541
67
293
2167
100000
287
100000
100000
72
100000
100000
154
611
100000
108
549
319
310
100000
889
100000
420
100000
2612
100000
285
100000
1038
5472
100000
659
100000
226
100000
1272
139
236
47
100000
662
100000
154
193
100000
100000
74
103
100000
98
100000
100000
100000
100000
100000
254
351
100000
100000
136
100000
84
321
1119
6099
1063
100000
100000
100000
100000
58
273
100000
374
22
791
100000
219
1150
270
100000
100000
100000
1826
100000
100000
100000
100000
402
100000
100000
100000
4072
100000
538
100000
203
1040
100000
100000
3320
2151
100000
278
329
100000
114
100000
1067
100000
100000
737
100000
153
100000
1013
3824
100000
100
238
100000
233
100000
895
868
465
416
73
623
1321
100000
96
100000
418
100000
68
100000
100000
100000
72
100000
5138
6151
100000
54
367
155
190
150
100000
100000
289
1
100000
122
1178
97
100000
118
100000
427
634
100000
100000
100000
82
100000
344
257
100000
100000
100000
100000
100000
100000
127
100000
203
216
235
100000
100000
100000
602
316
499
141
100000
227
100000
371
100000
100000
5021
100000
100000
100000
100000
67
33622
100000
100000
100000
3460
100000
100000
100000
89
100000
100000
354
100000
100000
420
100000
100000
123
100000
100000
100000
372
100000
100000
100000
100000
973
1282
100000
929
100000
100000
100000
340
2369
1716
572
100000
100000
100000
100000
463
1235
100000
94
120
100000
2265
129
331
100000
170
100000
100000
100000
78
1459
34
100000
100000
100000
1908
462
882
34
100000
676
155
305
100000
4910
235
76
100000
100000
248
535
229
1949
534
148
75
100000
100000
100000
734
100000
100000
590
100000
298
203
1548
100000
343
208
838
246
100000
100000
100000
100000
377
167
100000
3186
365
115
777
729
1076
100000
1070
231
420
374
3046
100000
2957
100000
100000
100000
100000
436
173
977
122
100000
44
1011
100000
35
492
100000
566
100000
44
100000
100000
100000
100000
334
1061
100000
203
100000
55
100000
100000
100000
422
549
100000
100000
1402
140
100000
349
24
158
616
351
142
100000
100000
383
228
343
100000
100000
690
182
1467
518
193
100000
360
593
238
277
473
100000
100000
100000
173
100000
100000
100000
100000
100000
334
918
100000
121
100000
381
100000
168
100000
100000
665
100000
1395
100000
100000
100000
100000
100000
302
712
27
100000
422
539
100000
28
100000
185
186
100000
184
100000
223
2014
100000
100000
134
100000
5
100000
100000
100000
1317
100000
100000
183
100000
190
1214
100000
3588
100000
200
170
112
1429
129
237
100000
529
100000
100000
164
100000
672
289
146
100000
100000
133
100000
100000
297
100000
779
342
263
100000
113
100000
100000
1050
495
90
848
141
213
100000
100000
100000
365
19160
100000
463
100000
100000
100000
655
97
100000
100000
100000
100000
312
297
553
48
221
206
313
821
100000
8551
100000
82
211
100000
132
100000
100000
352
100000
100000
100000
69
131
100000
1040
1090
100000
100000
317
107
100000
100000
1902
782
100000
142
859
577
111
138
236
1277
100000
100000
37
216
27
1510
49
100000
100000
100000
348
100000
106
1043
411
100000
1020
1110
100000
30
100000
100000
185
100000
84
295
100000
100000
100000
4046
107
531
618
100000
100000
297
100000
418
100000
470
100000
100000
100000
4307
415
2292
352
903
56
181
100000
840
100000
5112
100000
100000
387
491
100000
100000
100000
100000
1155
20055
188
100000
100000
427
100000
100000
100000
84
100000
100000
100000
100000
355
296
561
116
100000
548
70
100000
100000
100000
58
490
100000
100000
100000
166
100000
100000
332
100000
3422
5
248
100000
100000
316
1634
319
408
509
100000
875
444
262
100000
138
585
100000
100000
7596
100000
100000
691
155
76
262
536
100000
232
100000
100000
220
103
100000
494
100000
100000
100000
100000
100000
152
1774
354
100000
100000
1333
100000
464
100000
421
100000
5053
851
488
100000
784
693
100000
100000
100000
375
100000
1572
780
100000
412
175
100000
426
162
100000
76
1755
100000
385
100000
72
536
119
100000
100000
107
435
100000
782
830
352
100000
421
100000
100000
408
100000
100000
100000
100000
345
317
100000
100000
100000
817
100000
100000
173
100000
481
100000
122
370
100000
410
100000
100000
166
41
100000
100000
100000
83
427
741
100000
100000
100000
275
77
320
100000
1408
293
571
100000
100000
100000
887
100000
100000
100000
212
67
4602
181
78
100000
100000
343
100000
310
696
100000
24
100000
100000
611
100000
100000
100000
143
1149
100000
100000
100000
250
156
965
100000
50
336
100000
100000
100000
100000
100000
100000
100000
100000
100000
100000
69
636
138
589
100000
100000
100000
100000
353
674
100000
735
100000
100000
100000
1851
161
100000
174
100000
359
100000
100000
100000
397
197
60
100000
100000
4320
100000
209
942
173
414
295
591
137
551
303
100000
442
100000
1102
275
534
100000
750
56
1615
100000
994
100000
186
1994
100000
100000
196
100000
261
100000
757
328
356
918
100000
100000
100000
135
1635
100000
100000
100000
932
327
100000
100000
100000
100000
100000
565
100000
267
310
265
100000
1651
100000
100000
176
100000
2559
100000
398
100000
100000
100000
100000
571
100000
100000
100000
100
934
100000
100000
275
229
720
100000
100000
97
7722
94
596
244
2198
100000
100000
100000
100000
100000
100000
297
100000
100000
100000
708
100000
341
100000
100000
91
270
223
100000
100000
100000
416
64
913
1053
610
100000
100000
471
1384
100000
841
224
100000
106
411
100000
100000
100000
100000
119
100000
165
100000
478
100000
100000
2027
100000
54
650
100000
100000
100000
100000
100000
100000
304
167
100000
100000
100000
100000
413
111
100000
100000
6004
20
100000
100000
100000
100000
100000
100000
100000
320
100000
100000
100000
100000
2091
264
100000
83
83
255
100000
100000
353
100000
100000
100000
100000
141
613
100000
344
100000
100000
403
222
6065
2067
132
659
100000
1837
100000
14
100000
233
439
385
398
100000
100000
100000
128
801
112
86
100000
194
216
1524
100000
1675
100000
277
100000
91
539
100000
100000
90
100000
595
65
1326
100000
464
100000
142
100000
367
804
100000
495
100000
100000
100000
88
100000
100000
725
100000
100000
223
482
100000
163
100000
100000
100000
516
68
100000
218
606
100000
100000
100000
656
100000
100000
431
243
100000
465
100000
100000
100000
550
100000
66
692
217
286
100000
100000
100000
27
100000
140
297
100000
100000
100000
100000
100000
336
125
305
100000
586
82
100000
100000
100000
202
826
472
100000
100000
344
100000
1244
100000
100000
392
185
436
231
289
100000
292
100000
116
457
100000
100000
65
105
131
100000
39
309
100000
1503
131
100000
462
100000
100000
174
100000
100000
100000
100000
100000
100000
1693
100000
100000
798
812
241
100000
100000
107
100000
100000
460
795
232
100000
359
343
358
269
100000
100000
100000
100000
107
89
100000
225
322
109
1276
100000
100000
100000
516
62
1226
100000
44
292
120
4211
511
135
100000
100000
100000
100000
100000
393
1192
153
100000
100000
100000
100000
213
42
100000
100000
100000
100000
651
100000
100000
925
100000
100000
100000
100000
100000
100000
100000
100000
100000
145
100000
180
100000
508
100000
149
37385
139
100000
100000
249
449
100000
100000
100000
104
100000
433
417
100000
100000
172
100000
100000
100000
100000
745
1095
100000
100000
40
100000
100000
125
47
101
431
100000
121
146
286
100000
6236
492
315
100000
100000
100000
805
361
284
1
1323
100000
100000
100000
565
100000
100000
100000
100000
100000
107
100000
100000
100000
684
100000
820
100000
100000
100000
100000
100000
100000
100000
725
100000
122
100000
100000
1925
134
256
100000
100000
100000
100000
230
100000
85
1160
2387
993
877
22232
325
100000
100000
291
100000
904
943
331
100000
100000
100000
100000
65
775
100000
48470
219
80
100000
185
100000
131
100000
100000
100000
100000
47
1630
230
100000
100000
142
560
100000
100000
146
670
5765
100000
100000
753
116
380
174
100000
100000
452
100000
184
272
100000
248
100000
762
360
100000
485
165
1546
100000
100000
397
408
248
251
330
431
100000
413
50
283
178
275
100000
237
100000
8793
622
100000
1254
100000
100000
822
100000
1045
185
100000
100000
389
100000
100000
843
100000
100000
100000
190
100000
100000
100000
100000
100000
100000
100000
100000
100000
100000
310
31
268
566
100000
23
638
94
100000
413
897
444
100000
19450
100000
20749
158
100000
100000
216
100000
100000
100000
644
359
201
100000
608
1105
100000
6577
100000
100000
811
151
282
337
100000
100000
80
100000
70
70
163
100000
136
312
100000
100000
602
100000
146
287
122
100000
100000
289
100000
100000
100000
100000
22
100000
224
100000
100000
100000
100000
100000
100000
54
100000
100000
637
100000
100000
100000
597
100000
425
517
100000
100000
100000
189
100000
212
100000
100000
100000
100000
100000
161
1252
4824
100000
100000
488
1171
7839
100000
100000
100000
100000
2393
100000
39
282
783
86
291
100000
49
672
100000
779
100000
1208
100000
34
100000
612
362
100000
100000
100000
100000
100000
100000
91
845
178
100000
69
159
1335
378
22
344
100000
100000
438
100000
100000
100000
100000
100000
296
100000
1342
297
100000
100000
201
1323
100000
100000
100000
100000
100000
100000
100000
735
100000
15
100000
1313
100000
100000
1675
100000
467
100000
618
344
308
100000
100000
502
100000
604
100000
164
353
199
1094
100000
100000
100000
318
261
908
100000
100000
100000
225
558
100000
100000
143
100000
477
100000
100000
100000
112
1596
640
379
100000
214
100000
309
198
100000
234
100000
100000
100000
100000
100000
100000
145
907
100000
100000
100000
373
626
171
100000
6124
100000
100000
333
421
909
100000
100000
411
329
100000
436
26
100000
1572
729
100000
12266
291
100000
100000
525
270
483
115
100000
100000
100000
100000
100000
100000
147
100000
100000
96
100000
104
100000
100000
100000
204
2847
105
598
100000
396
100000
242
100000
100000
100000
100000
100000
100000
149
100000
100000
728
1340
100000
34
405
24816
100000
100000
1897
396
100000
269
100000
507
336
464
100000
72
559
292
517
803
100000
146
58
100000
100000
100000
100000
100000
100000
122
100000
100000
566
115
1681
82
100000
739
100000
35
213
100000
100000
100000
100000
100000
1004
1262
100000
100000
187
100000
100000
999
3256
238
100000
100000
342
293
1301
270
100000
457
100000
779
100000
390
696
271
301
100000
5458
1897
100000
5221
1
100000
100000
100000
100000
100000
209
237
100000
100000
61
635
100000
100000
152
100000
100000
151
100000
78
100000
136
100000
100000
100000
24223
1475
100000
645
100000
795
851
598
100000
100000
100000
1572
100000
257
100000
194
1
100000
522
100000
100000
100000
100000
89
534
100000
100000
341
100000
441
274
100000
100000
100000
236
462
558
234
100000
100000
291
174
187
3834
204
100000
70
311
100000
211
100000
169
100000
100000
147
100000
257
100000
926
184
100000
1628
100000
100000
100000
100000
100000
293
100000
61
100000
18297
359
6051
100000
443
180
100000
100000
100000
374
181
163
100000
467
362
100000
169
100000
100000
100000
100000
100000
100000
359
100000
100000
336
100000
100000
100000
296
100000
100000
371
100
100000
370
100000
135
92
241
76
100000
100000
100000
171
56
100000
1389
141
7231
100000
453
100000
278
370
1741
100000
743
155
364
240
100000
100000
207
100000
388
128
100000
467
218
332
100000
97
100000
100000
100000
1495
988
23
100000
842
126
350
100000
100000
112
100000
100000
100000
63
243
100000
100000
100000
100000
57
100000
100000
208
100000
100000
157
51
100000
100000
205
100000
100000
100000
100000
100000
124
135
671
100000
183
100000
529
449
85
120
70
335
657
100000
100000
100000
100000
668
100000
1868
100000
100000
7027
262
472
97
140
100000
100000
100000
651
100000
442
100000
274
1076
100000
530
366
100000
100000
100000
163
406
351
230
188
100000
100000
100000
726
1835
100000
100000
100000
100000
504
100000
100000
100000
610
2202
411
100000
100000
100000
100000
57
100000
178
1425
100000
100000
491
464
100000
100000
100000
28
100000
317
100000
126
103
402
117
100000
100000
511
100000
128
83
416
1331
100000
100000
100000
100000
58
145
305
100000
81
377
349
177
202
347
454
100000
568
25
2415
100000
256
100000
100000
100000
100000
2985
100000
100
41
1573
195
178
5708
100000
100000
100000
603
100000
185
100000
81
100000
96
100000
401
1841
100000
716
100000
100000
100000
100000
60
100000
216
108
28
100000
100000
294
100000
100000
100000
100000
100000
451
100000
100000
586
155
459
473
100000
100000
100000
100000
1085
617
100000
757
130
450
247
378
49
100000
100000
149
100000
97
209
100000
100000
100000
1959
377
100000
284
365
100000
100000
1189
100000
100000
100000
795
100000
100000
116
140
100000
82
113
100000
1736
100000
319
178
100000
126
114
100000
140
100000
429
100000
100000
100000
100000
100000
100000
100000
100000
336
1084
793
1239
100000
100000
218
100000
36600
4068
100000
782
217
2814
100000
100000
100000
139
54
100000
331
100000
100000
293
7955
100000
100000
324
100000
395
259
100000
274
100000
100000
100000
100000
100000
100000
100000
569
100000
198
100000
120
433
459
100000
728
100000
116
100000
100000
100000
973
360
60
334
60
100000
100000
985
112
1121
100000
100000
158
1561
136
100000
100000
268
100000
244
100000
100000
100000
100000
600
100000
272
100000
100000
28
100000
118
203
261
184
100000
1173
100000
823
666
100000
1506
25
100000
724
100000
100000
100000
1117
100000
100000
963
2122
100000
1048
100000
100000
100000
100000
100000
140
481
454
1679
100000
237
100000
297
292
2081
100000
100000
327
100000
812
259
100000
86
208
100000
100000
100000
281
44
455
100000
100000
100000
300
100000
203
307
261
100000
122
43
1157
100000
100000
1089
100000
340
1887
342
206
100000
100000
108
100000
100000
100000
65
100000
174
97
100000
100000
192
1569
100000
297
100000
222
100000
100000
13598
100000
310
100000
100000
100000
100000
100000
783
2251
250
100000
266
319
100000
1247
396
100000
327
296
227
85
243
912
100000
100000
100000
101
100000
422
293
198
158
100000
457
278
47
528
100000
100000
297
503
100000
100000
100000
143
78
4243
100000
100000
59
100000
100000
100000
170
100000
177
649
100000
7
100000
100000
100000
100000
1598
100000
100000
361
1614
100000
100000
119
1541
192
100000
51
100000
100000
6232
100000
100000
100000
143
736
100000
481
100000
1157
100000
372
100000
100000
100000
2205
536
100000
100000
280
100000
227
100000
100000
799
100000
100000
100000
100000
100000
100000
100000
165
1008
100000
559
100000
100000
838
100000
252
100000
100000
2551
100000
100000
100000
362
2791
294
100000
100000
282
81
1272
336
567
100000
100000
299
503
130
100000
100000
208
449
329
33
79
100000
100000
495
100000
105
686
100000
100000
412
434
100000
351
134
49
8503
100000
885
357
211
94
126
1122
100000
500
100000
321
100000
100000
941
100000
128
100000
780
1633
2347
100000
100000
177
100000
100000
915
100000
388
100000
788
1683
100000
100000
1293
517
100000
100000
100000
100000
100000
452
1145
209
100000
1058
360
100000
100000
529
1268
100000
210
100000
130
100000
97
100000
100000
100000
100000
719
181
100000
100000
80
2385
85
100000
613
43
100000
201
100000
100000
105
111
100000
56
100000
100000
266
100000
100000
67
100000
100000
100000
135
144
658
100000
100000
459
100000
55
49
3073
100000
587
381
100000
371
100000
100000
104
100000
82
100000
413
100000
100000
318
100000
100000
411
610
299
100000
100000
100000
147
100000
87
100000
105
704
100000
100000
100000
100000
100000
245
170
441
253
100000
794
321
294
967
283
35310
158
148
362
38
100000
100000
100000
135
100000
100000
924
100000
2044
100000
1000
100000
100000
100000
100000
182
128
100000
338
48
100000
36
100000
100000
224
100000
100000
100000
100000
100000
289
100000
100000
100000
234
100000
964
100000
5265
13122
100000
32
100000
2375
419
230
100000
187
7947
463
189
100000
67
238
100000
100000
100000
100000
100000
107
248
100000
100000
112
211
100000
100000
100000
303
591
100000
100000
100000
100000
100000
100000
1688
1691
100000
100000
100000
100000
169
109
339
275
307
845
100000
722
248
156
100000
100000
2885
177
287
19
100000
250
100000
352
1206
687
458
460
349
620
264
143
100000
100000
262
747
538
664
21589
100000
100000
3207
100000
135
258
100000
2820
1008
100000
100000
100000
758
232
195
100000
100000
100000
333
100000
167
100000
100000
100000
100000
533
100000
131
100000
17207
100000
324
100000
136
253
251
812
100000
100000
233
4700
913
100000
100000
339
1
124
100000
350
255
100000
286
100000
100000
100000
100000
100000
100000
866
104
544
100000
1622
100000
100000
100000
100000
100000
100000
100000
100000
100000
394
261
96
234
486
100000
100000
1700
100000
190
100000
8396
1054
100000
100000
4997
1127
253
3050
100000
100000
90
232
100000
100000
208
2143
141
1735
1340
100000
100000
100000
89
100000
100000
100000
100000
100000
292
164
107
59
2292
3530
110
264
100000
6001
638
995
100000
100000
364
100000
903
100000
100000
135
100000
6002
32
1249
671
120
1758
100000
100000
226
384
404
100000
100000
382
100000
100000
100000
100000
252
100000
340
100000
100000
100000
354
100000
100000
855
1175
85
1219
165
91
100000
100000
100000
623
100000
100000
435
398
100000
7158
100000
603
100000
100000
239
895
100000
128
100000
233
38
100000
897
98
100000
100000
100000
409
735
100000
100000
153
100000
398
100000
100000
93
232
100000
100000
4401
194
535
100000
190
955
100000
112
310
100000
64
100000
100000
100000
100000
74
100000
100000
100000
476
76
381
100000
100000
100000
645
100000
194
117
100000
100000
100000
457
159
100000
168
100000
100000
100000
823
100000
293
434
199
100000
128
2467
100000
310
100000
100000
100000
100000
447
100000
332
100000
439
110
100000
5747
2304
100000
100000
240
100000
100000
100000
100000
363
141
294
100000
100000
540
700
100000
100000
100000
168
350
63
100000
100000
100000
249
100000
100000
224
809
100000
1065
981
271
2005
100000
100000
499
426
368
100000
174
517
100000
726
100000
100000
332
108
100000
100000
100000
54
303
100000
100000
340
470
100000
51
100000
973
100000
100000
100
686
100000
100000
100000
100000
241
140
100000
100000
100
103
100000
100000
488
201
1428
20
587
445
100000
293
100000
100000
241
100000
193
100000
100000
349
239
100000
877
100000
1096
228
35
165
100000
636
100000
100000
417
3343
100000
462
1765
100000
369
2241
100000
100000
4150
22702
100000
100000
168
565
382
100000
100000
100000
945
796
100000
100000
69
437
100000
177
100000
142
531
751
872
282
100000
100000
100000
100000
100000
100000
19
426
1105
375
1434
479
747
118
56
100000
100000
448
205
25
100000
100000
137
482
324
162
100000
744
109
100000
100000
87
100000
545
100000
196
133
100000
100000
100000
508
100000
100000
100000
100000
113
100000
100000
249
100000
21
211
142
156
100000
210
100000
167
125
97
304
60
166
177
70
100000
77
595
18
791
100000
100000
100000
134
263
100000
181
1119
1461
100000
100000
100000
800
100000
263
205
100000
425
135
266
249
51
154
100000
217
100000
174
8
100000
426
819
242
100000
100000
100000
100000
100000
100000
100000
100000
100000
100000
100000
67
195
567
100000
416
100000
100000
512
407
476
94
100000
100000
100000
100000
245
100000
100000
100000
100000
325
502
388
100000
406
100000
100000
174
29
100000
360
63
650
30598
100000
100000
100000
428
100000
932
100000
100000
100000
154
6966
100000
100000
303
330
338
100000
100000
100000
632
425
100000
697
335
142
2157
100000
100000
64
100000
100000
100000
458
100000
477
100000
100000
100000
30281
100000
100000
100000
629
303
100000
100000
91
503
100000
368
310
100000
100000
100000
913
100000
100000
100000
100000
100000
167
100000
100000
100000
100000
100000
89
100000
100000
100000
100000
100000
1257
100000
179
100000
100000
100000
910
100000
117
1576
100000
289
100000
100000
221
735
100000
100000
100000
198
100000
356
100000
100000
5667
100000
100000
100000
100000
100000
284
100000
100000
100000
143
100000
16
80
100000
130
100000
369
111
273
100000
100000
100000
101
103
100000
223
100000
100000
100000
100000
100000
100000
395
720
100000
100000
492
100000
854
476
100000
82
128
100000
100000
184
100000
100000
5489
909
100000
100000
394
6391
150
247
1
100000
1092
100000
88
1147
100000
100000
100000
141
5475
194
100000
100000
946
352
100000
312
310
183
100000
100000
459
100000
160
100000
100000
497
100000
882
168
100000
273
284
693
228
20375
100000
100000
105
100000
100000
100000
100000
100000
118
1345
100000
1008
402
100000
100000
1206
54
389
109
119
274
2143
100000
21
100000
100000
100000
327
204
194
228
1233
100000
100000
265
111
1018
100000
176
100000
487
100000
148
100000
100000
100000
4268
282
100000
23
154
1083
100000
100000
100000
40
100000
100000
100000
100000
66
100000
100000
455
100000
455
100000
7650
100000
228
220
100000
368
100000
134
100000
100000
120
42
100000
100000
1190
5201
236
100000
233
246
100000
322
359
100000
148
100000
247
403
100000
100000
706
100000
100000
100000
100000
100000
100000
100000
235
100000
100000
100000
100000
100000
100000
100000
100000
100000
314
12024
153
134
1170
100000
178
100000
307
421
203
369
276
464
301
489
422
100000
149
100000
100000
522
100000
100000
100000
308
100000
937
100000
369
100000
3456
4881
100000
120
100000
100000
100000
424
58
100000
100000
100000
100000
495
100000
309
100000
130
9
110
101
985
207
214
81
100000
100000
1188
814
100000
100000
100000
100000
752
10388
100000
1374
2358
100000
38158
391
100000
95
357
100000
146
2580
335
101
366
412
219
100000
100000
5190
850
852
100000
100000
100000
65
100000
1498
540
233
100000
100000
275
412
100000
100000
215
52
100000
100000
100000
100000
442
100000
100000
297
1818
100000
154
173
424
100000
112
100000
100000
100000
316
504
100000
100000
110
73
336
100000
100000
317
100000
1904
100000
1
100000
1948
209
624
166
100000
285
100000
62
421
311
190
225
1913
100000
294
6670
81
193
100000
100000
100000
100000
670
100000
100000
100000
229
100000
100000
100000
100000
86
286
3703
617
110
42224
10
100000
100000
1063
560
100000
100000
100000
100000
100000
237
226
40
100000
100000
242
100000
332
305
172
413
131
626
100000
1
210
380
100000
245
243
100000
372
192
449
58
100000
346
100000
100000
100000
100000
100000
530
100000
100000
100000
410
587
82
100000
100000
100000
759
246
100000
243
100000
159
5323
44
833
129
100000
660
286
250
1239
100000
100000
2177
100000
100000
100000
100000
100000
100000
100000
100000
100000
100000
100000
319
242
100000
756
588
100000
100000
540
100000
72
100000
502
100000
251
100000
374
100000
100000
100000
186
100000
100000
140
174
412
1576
100000
100000
163
100000
232
331
495
100000
327
72
232
485
100000
100000
100000
100000
48
100000
100000
582
87
100000
1013
100000
484
7993
221
895
299
135
396
221
437
1252
100000
100000
100000
859
100000
100000
100000
100000
100000
198
100000
100000
96
100000
100000
100000
100000
719
100000
100000
185
11
100000
100000
556
489
100000
72
100000
76
417
100000
100000
812
100000
100000
100000
100000
341
305
1070
100000
353
171
150
1400
3379
6256
302
100000
100000
100000
121
100000
440
100000
100
100000
100000
438
100000
268
409
100000
100000
916
1038
69
100000
100000
100000
213
197
100000
100000
100000
100000
100000
331
403
1381
109
100000
10
89
2903
345
235
100000
65
1187
100000
100000
100000
560
6075
100000
100000
217
100000
217
118
929
100000
100000
63
100000
100000
706
4720
100000
113
100000
100000
100000
100000
100000
100000
100000
54
2
100000
22781
995
1958
512
100000
100000
100000
100000
1004
497
100000
100000
96
40
379
189
205
100000
718
1462
953
148
100000
100000
100000
100000
105
100000
365
185
347
100000
100000
1348
100000
76
224
100000
100000
100000
76
1025
100000
262
438
100000
471
100000
100000
100000
100000
100000
100000
527
100000
374
100000
6309
685
100000
20
93
370
100000
100000
100000
191
134
100000
100000
26
288
267
137
100000
14
100000
100000
50
64
100000
155
500
82
560
376
100000
241
196
100000
85
2192
909
231
2097
367
174
100000
100000
100000
100000
84
667
100000
100000
416
100000
85
100000
100000
100000
310
100000
255
129
336
100000
827
100000
100000
100000
7628
170
100000
100000
21964
100000
100000
100000
100000
194
100000
100000
100000
445
256
272
137
200
100000
100000
100000
202
318
100000
772
100000
100000
41
1761
100000
100000
100000
100000
295
123
100000
436
282
226
100000
318
344
100000
100000
100000
100000
20
100000
100000
67
54
100000
35
167
433
307
100000
179
100000
100000
100000
1741
126
533
100000
174
100000
347
100000
100000
100000
565
100000
100000
100000
100000
100000
100000
100000
100000
100000
245
100000
100000
100000
100000
195
100000
80
100000
96
202
62
100000
100000
100000
416
100000
100000
100000
100000
100000
100000
286
814
884
100000
100000
100000
100000
100000
100000
100000
100000
100000
100000
430
100000
2016
126
698
356
197
100000
207
259
354
100000
787
100000
100000
157
3462
100000
343
100000
100000
1249
100000
212
1539
841
100000
686
100000
2585
100000
100000
100000
127
100000
100000
228
100000
743
100000
96
61
620
100000
100000
202
100000
90
403
100000
56
100000
100000
293
100000
100000
100000
106
146
100000
126
64
100000
199
1795
66
600
100000
551
100000
100000
26
100000
100000
100000
6901
2420
100000
287
100000
175
100000
100000
100000
433
100000
655
352
222
149
100000
100000
22148
100000
100000
214
100000
253
100000
3049
327
114
561
989
100000
100000
123
1055
100000
1172
212
45
100000
92
100000
100000
200
69
204
100000
209
31
353
87
137
1002
100000
42988
391
172
295
100000
100000
590
100000
100000
911
100000
100000
33
334
158
504
100000
100000
100000
576
728
100000
1240
100000
100000
138
100000
3193
949
100000
100000
105
100000
100000
100000
100
100000
472
240
100000
25
100000
398
587
237
465
100000
100000
426
168
100000
151
100000
100000
287
460
182
226
712
256
100000
100000
100000
100000
506
100000
1020
73
100000
891
100000
100000
100000
100000
100000
100000
100000
685
100000
233
100000
3834
230
125
100000
100000
2092
391
100000
133
46
100000
254
100000
100000
100000
210
57
1106
100000
97
203
100000
100000
100000
185
82
427
100000
60
100000
169
100000
330
100000
100000
162
170
100000
100000
100000
904
100000
100000
100000
100000
101
100000
100000
100000
556
298
100000
100000
956
503
100000
52
100000
91
100000
168
339
218
269
100000
100000
2611
100000
1713
80
184
128
126
218
100000
100000
100000
100000
332
100000
100000
100000
100000
293
100000
66
81
100000
3060
5318
100000
343
100000
50
100000
139
88
56
100000
100000
100000
100000
220
331
100000
100000
258
100000
207
100000
247
100000
100000
100000
100000
100000
249
100000
100000
100000
400
9472
100000
100000
12
100000
100000
100000
100000
442
100000
100000
280
66
1351
100000
100000
35
100000
100000
100000
522
100000
100000
2103
100000
100000
306
100000
100000
362
258
456
175
100000
100000
350
100000
100000
826
100000
100000
1703
100000
8351
2283
100000
508
100000
189
94
100000
100000
353
100000
173
96
100000
269
100000
183
100000
100000
52
392
104
249
100000
477
148
100000
100000
898
100000
86
100000
51
100000
100000
100000
204
299
19237
688
100000
100000
100000
100000
310
166
281
100000
100000
229
100000
100000
717
100000
1446
402
25890
460
100000
524
4861
100000
209
276
200
39
100000
100000
100000
21696
100000
156
632
100000
100000
170
594
100000
100000
571
333
100000
100000
100000
2221
248
763
2170
100000
12
100000
183
100000
98
882
100000
94
185
100000
279
100000
100000
100000
193
100000
100000
100000
100000
100000
100000
344
133
100000
2251
128
100000
273
1423
100000
100000
100000
100000
275
837
276
100000
1355
100000
100000
905
64
56
100000
100000
260
100000
513
109
96
100000
634
100000
354
100000
100000
100000
127
100000
682
100000
90
100000
100000
100000
100000
1495
1288
100000
100000
100000
367
100000
760
100000
100000
217
100000
100000
100000
100000
100000
3191
2142
15
183
100000
100000
1711
100000
100000
100000
100000
51
353
100000
100000
2278
198
112
825
194
450
100000
736
100000
391
100000
112
100000
100000
100000
185
100000
100000
252
100000
80
69
58
100000
100000
1809
569
100000
100000
100000
100000
100000
434
100000
100000
100000
100000
100000
918
100000
195
58
100000
723
100000
387
1374
100000
100000
100000
209
100000
158
100000
532
822
26
437
100000
100000
209
100000
100000
100000
369
100000
100000
100000
100000
327
331
100000
23
263
100000
701
1158
1050
298
100000
1762
100000
287
367
4426
1142
100000
100000
342
4417
100000
100000
100000
211
23
100000
100000
100000
1926
100000
190
100000
100000
6
233
443
243
100000
767
392
100000
946
219
100000
297
100000
335
100000
224
157
741
247
100000
16
193
100000
226
265
100000
100000
100000
100000
55
100000
100000
100000
100000
300
1149
100000
100000
234
100000
2220
100000
77
100000
100000
100000
100000
307
54359
100000
1002
100000
100000
409
103
271
100000
23
100000
503
100000
1269
100000
100000
288
447
126
198
241
100000
178
100000
100000
2021
100000
100000
206
100000
100000
100000
100000
202
100000
1295
100000
1565
472
100000
275
100000
178
112
100000
4753
100000
287
194
403
100000
100000
289
1015
292
100000
55
100000
648
281
172
100000
100000
100000
534
411
100000
2338
100000
100000
206
303
469
2205
100000
422
100000
885
100000
100000
1160
354
118
216
420
100000
81
100000
477
4468
219
113
436
171
188
396
100000
668
198
100000
100000
100000
100000
228
421
214
336
100000
515
718
100000
100000
100000
100000
100000
100000
1032
100000
128
100000
100000
468
100000
100000
134
100000
100000
93
39
100000
858
100000
243
100000
324
100000
100000
330
1615
349
100000
597
100000
100000
100000
100000
100000
100000
1061
100000
100000
445
100000
100000
706
100000
100000
143
329
746
182
1506
100000
100000
506
571
2128
567
100000
1
216
332
100000
100000
100000
577
2791
197
135
100000
261
100000
100000
377
400
81
100000
209
650
100000
100000
100000
110
121
381
100000
100000
1273
100000
100000
100000
99
293
406
100000
100000
111
100000
2226
100000
100000
329
1219
100000
97
33061
100000
100000
100000
790
578
100000
100000
554
1719
5425
2152
100000
209
309
100000
100000
100000
505
100000
100000
100000
136
100000
2113
96
47
100000
462
230
100000
312
94
100000
100000
100000
52
100000
100000
522
1080
100000
37953
591
46
696
100000
18
205
1063
351
100000
1200
297
185
63
316
215
34
100000
100000
100000
100000
100000
729
100000
129
100000
290
338
100000
67
258
100000
166
100000
2403
100000
100000
188
100000
100000
100000
1
490
217
100000
100000
4801
100000
289
100000
100000
300
100000
800
284
100000
100000
100000
100000
27
269
200
4784
100000
697
100000
100000
100000
100000
100000
965
100000
362
100000
933
100000
123
30
100000
58
100000
100000
367
165
420
185
100000
385
306
350
461
100000
100000
100000
100000
366
100000
100000
2155
100000
1122
151
1011
100000
100000
989
100000
7719
3594
100000
100000
100000
100000
100000
100000
100000
100000
418
385
100000
100000
100000
100000
850
916
100000
583
389
100000
585
291
100000
100000
100000
1761
100000
143
58
93
100000
100000
160
842
201
121
471
100000
181
100000
100000
338
50
100000
100000
100000
489
100000
100000
19020
937
100000
100000
100000
232
100000
339
232
436
52
100000
100000
233
754
3065
580
54
100000
100000
296
2374
534
288
2826
169
100000
1728
100000
100000
100000
100000
100000
100000
100000
307
71
100000
1084
100000
263
100000
100000
1883
84
1638
100000
100000
100000
100000
100000
158
100000
909
119
100000
100000
100000
100000
100000
100000
953
3311
100000
100000
100000
202
100000
100000
100000
100000
292
100000
318
100000
100000
942
100000
100000
236
100000
100000
100000
100000
212
100000
127
100000
1
100000
86
101
504
65
118
100000
248
100000
3203
1632
100000
154
123
100000
100000
100000
100000
7436
100000
128
463
506
100000
100000
107
75
100000
89
100000
221
213
816
100000
281
100000
3224
336
100000
1219
524
100000
100000
120
100000
100000
100000
100000
119
100000
100000
1108
100000
399
100000
100000
126
499
621
176
47
100000
100000
205
57
100000
5660
1442
100000
100000
247
100000
100000
254
100000
100000
100000
100000
4968
32
1572
112
100000
100000
100000
13
100000
307
44
525
100000
1694
35641
241
6117
100000
92
100000
100000
1318
803
106
100000
219
100000
858
170
100000
100000
25
100000
100000
100000
100000
513
206
716
100000
436
1708
100000
519
330
1039
100000
253
44
100000
310
38295
100000
145
100000
325
100000
999
759
443
100000
100000
100000
129
361
100000
2464
100000
49
161
293
301
100000
991
100000
100000
305
689
271
100000
282
100000
114
360
1838
100000
94
100000
100000
363
100000
100000
100000
330
100000
100000
100000
100000
34
261
100000
100000
333
100000
170
100000
100000
100000
100000
100000
272
180
242
68
462
100000
100000
47
134
100000
200
100000
57
172
100000
190
100000
100000
100000
100000
100000
55
2745
100000
100000
62
214
298
52
100000
100000
589
100000
100000
100000
100000
1483
141
224
100000
587
100000
100000
100000
278
100000
90
100000
100000
100000
293
92
100000
100000
100000
100000
525
100000
2906
100000
100000
100000
100000
100000
100000
100000
1
159
100000
244
100000
100000
293
1102
100000
100000
100000
1043
116
820
270
100000
100000
100000
369
100000
100000
296
100000
701
100000
100000
100000
229
130
100000
100000
100000
100000
100000
100000
1168
100000
100000
11352
100000
100000
100000
100000
100000
165
285
100000
58
100000
251
467
245
103
37
401
389
166
191
42
166
354
100000
573
100000
238
100000
100000
470
100000
100000
100000
86
100000
37
100000
1
100000
100000
100000
133
100000
80
2337
42
417
100000
100000
75
100000
100000
488
504
100000
100000
100000
73
6
100000
100000
100000
122
168
169
663
100000
100000
100000
100000
100000
100000
1757
2792
100000
100000
1608
100000
100000
100000
841
100000
100000
100000
55
100000
158
494
5739
121
100000
100000
1757
80
100000
132
194
177
100000
100000
100000
100000
337
100000
100000
100000
100000
154
134
100000
205
2720
365
100000
165
282
100000
297
236
100000
468
100000
409
100000
100000
119
288
100000
100000
100000
100000
593
100000
100000
896
100000
100000
34
100000
1058
153
100000
100000
100000
192
100000
103
100000
219
100000
100000
100000
100000
100000
100000
100000
296
100000
100000
100000
100000
409
100000
100000
269
31148
41632
79
100000
374
100000
100000
100000
100000
100000
100000
369
100000
100000
100000
100000
100000
100000
77
100000
100000
100000
100000
315
100000
247
149
938
99
504
201
135
100000
386
351
100000
100000
1208
100000
302
250
373
100000
896
100000
100000
100000
100000
33
100000
100000
100000
240
100000
459
218
883
645
100000
100000
100000
291
28
602
100000
100000
100000
1187
757
597
100000
100000
100000
100000
100000
100000
71
100000
182
27722
100000
81
271
100000
139
553
205
100000
2884
100000
954
1555
107
564
602
100000
5053
100000
933
88
100000
100000
722
318
92
1008
100000
100000
1114
843
100000
100000
272
221
100000
100000
100000
100000
619
296
100000
100000
58
132
100000
100000
100000
295
1643
100000
380
188
649
134
226
352
1043
100000
100000
100000
435
100000
100000
100000
156
4118
455
100000
472
368
100000
100000
692
1144
100000
290
100000
100000
100000
100000
100000
143
100000
100000
100000
277
198
100000
615
255
701
105
100000
100000
3057
100000
100000
100000
2882
87
100000
100000
85
100000
2244
173
125
147
100000
100000
94
124
100000
67
7
100000
100000
443
1721
100000
100000
100000
100000
20945
100000
100000
192
408
39
587
55
871
231
1
100000
358
100000
100000
100000
538
100000
100000
717
100000
223
100000
1080
100000
100000
100000
100000
100000
130
50
100000
100000
100000
940
182
315
100000
100000
100000
57
100000
100000
100000
259
100000
100000
100000
167
100000
5
86
495
226
946
1844
127
100000
100000
100000
603
367
738
100000
100000
255
100000
369
100000
1687
100000
262
22330
100000
100000
100000
100000
309
402
137
141
401
100000
100000
61
177
100000
100000
1
268
205
100000
100000
280
100000
100000
222
1
100000
506
100000
100000
180
100000
100000
100000
100000
45702
100000
100000
100000
100000
100000
100000
189
100000
106
517
469
190
100000
100000
544
576
12233
170
100000
343
100000
662
100000
100000
425
396
100000
400
263
5130
194
1201
100000
232
263
1007
100000
100000
322
60
369
100000
21
100000
285
967
100000
100000
296
100000
100000
100000
185
100000
100000
100000
1709
100000
196
100000
48
987
343
83
63
28
96
100000
100000
229
48
100
283
98
100000
97
281
401
480
100000
6462
286
100000
315
270
100000
100000
933
100000
312
100000
1007
65
515
100000
100000
100000
100000
187
36
100000
100000
69
100000
200
161
651
1070
93
548
217
100000
100000
627
136
100000
100000
145
124
90
100000
100000
209
208
257
100000
100000
100000
100000
639
92
398
100000
245
938
100000
100000
387
553
100000
6179
368
2351
379
113
100000
100000
733
100000
2048
100000
100000
617
100000
188
100000
698
294
100000
242
100000
100000
100000
432
100000
29
100000
100000
100000
377
100000
116
308
100000
100000
100000
905
376
257
430
3275
2946
203
185
165
100000
86
63
100000
100000
100000
100000
100000
249
83
100000
100000
100000
100000
100000
36
100000
100000
282
100000
638
100000
100000
861
100000
100000
100000
174
100000
100000
100000
100000
2094
100000
381
100000
1152
100000
100000
100000
181
237
671
348
100000
139
520
752
100000
100000
100000
408
882
11
100000
100000
245
100000
100000
100000
232
181
100000
751
100000
100000
58
750
19
100000
247
639
266
418
44502
100000
151
987
100000
100000
379
100000
100000
395
100000
100000
951
100000
100000
722
62
100000
100000
432
67
34753
17
155
100000
214
157
287
100000
214
100000
100000
100000
100000
992
100000
641
150
573
100000
100000
473
100000
2043
100000
100000
284
100000
100000
100000
89
100000
33
365
200
233
600
182
137
2611
100000
297
261
576
496
100000
642
100000
100000
100000
242
100000
6806
564
312
100000
100000
100000
57
458
100000
405
100000
100000
100000
100000
299
100000
100000
100000
325
100000
526
33
200
556
100000
7942
197
100000
100000
100000
234
5656
24
100000
107
187
32
385
313
228
100000
149
100000
53
33
240
100000
423
100000
122
123
100000
292
100000
292
100000
198
100000
100000
366
2170
1179
100000
100000
639
311
100000
100000
244
100000
300
239
365
3491
100000
100000
100000
929
82
100000
100000
100000
482
667
100000
100000
56
1548
100000
20
292
100000
100000
100000
295
100000
100000
100000
100000
123
701
409
100000
100000
226
100000
100000
100000
100000
100000
58
218
100000
52
45
158
668
268
100000
100000
100000
100000
307
1
100000
100000
100000
100000
232
295
100000
100000
100000
100000
128
546
100000
100000
100000
244
100000
100000
208
267
281
100000
155
2409
100000
830
100000
770
240
75
100000
196
100000
709
70
100000
21
223
1629
100000
100000
100000
490
100000
5307
114
197
100000
100000
100000
100000
100000
154
175
1158
100000
374
120
100000
267
800
100000
100000
100000
100000
1071
218
520
100000
100000
492
322
100000
71
2332
100000
100000
100000
712
100000
100000
214
215
100000
354
344
100000
53
310
519
263
307
717
100000
100000
161
326
100000
26
217
100000
512
320
117
213
352
806
100000
377
1424
1041
185
515
100000
100000
100000
100000
50
192
94
195
288
100000
303
100000
100000
209
116
460
259
190
1044
43
398
422
153
2109
100000
70
83
5447
189
578
100000
47
100000
100000
220
241
100000
306
331
100000
100000
45
100000
100000
481
100000
100000
100000
239
386
452
245
2145
235
100000
186
108
100000
100000
100000
100000
100000
803
198
100000
100000
200
134
100000
100000
320
666
100000
110
2929
246
434
1237
100000
100000
573
100000
100000
1049
215
941
176
339
100000
77
100000
100000
100000
543
78
100000
171
349
100000
100000
100000
100000
304
100000
780
44
100000
388
100000
100000
213
217
100000
28
165
100000
100000
100000
100000
100000
100000
191
751
786
282
100000
100000
117
100000
380
100000
100000
269
421
100000
224
100000
90
100000
185
1
100000
1275
254
100000
100000
226
100000
460
5451
100000
68
232
100000
420
100000
100000
208
1162
17
927
77
243
100000
100000
100000
183
100000
266
100000
100000
100000
100000
100000
236
87
100000
615
238
100000
994
100000
216
100000
743
100000
100000
100000
446
100000
100000
100000
490
100000
5016
100000
32
64
786
171
100000
100000
100000
22903
495
3955
100000
100000
100000
33
100000
299
100000
513
100000
100000
100000
100000
100000
452
24
44
100000
421
49
249
100000
479
100000
100000
144
78
100000
140
100000
100000
177
209
836
100000
171
207
1019
100000
123
42
100000
153
100000
100000
100000
100000
100000
81
157
169
243
100000
100000
789
193
238
97
205
100000
86
121
62
100000
100000
165
850
100000
143
100000
499
100000
100000
308
1383
100000
203
100000
100000
994
41
100000
63
100000
100000
360
486
100000
100000
371
100000
156
332
452
100000
186
520
1114
93
100000
100000
100000
395
100000
1634
2459
100
29
459
100000
156
1
231
273
100000
566
100000
100000
320
240
517
169
100000
1515
100000
236
137
205
68
100000
1041
100000
1162
100000
100000
223
100000
626
111
538
100000
100000
100000
100000
100000
100000
746
422
470
1
100000
619
258
100000
105
493
100000
100000
100000
117
519
474
78
100000
100000
1417
481
460
100000
100000
241
100000
100000
345
100000
100000
100000
100000
294
940
464
100000
3568
100000
83
100000
100000
805
100000
100000
65
470
100000
255
1471
241
69
72
100000
100000
294
100000
100000
126
418
294
357
229
32
100000
100000
1562
202
264
100000
100000
523
100000
519
100000
100000
100000
3736
100000
100000
217
414
100000
100000
100000
100000
100000
100000
100000
27
7099
85
216
100000
617
246
100000
81
310
100000
100000
402
304
46
100000
124
100000
100000
184
203
234
100000
100000
347
157
333
100000
1157
100000
92
100000
69
100000
100000
100000
159
100000
134
155
100000
585
100000
100000
100000
412
444
100000
100000
100000
1221
100000
114
304
198
100000
1215
100000
2317
162
60
100000
100000
143
995
100000
254
132
1781
100000
128
281
2087
100000
1302
181
100000
112
591
130
78
323
100000
100000
269
566
276
100000
100000
100000
100000
474
231
1887
264
100000
100000
100000
100000
340
100000
100000
100000
100000
100000
100000
204
100000
232
50
204
100000
681
101
100000
100000
19
100000
300
100000
896
852
100000
171
170
100000
629
100000
528
100000
70
363
462
100000
55
100000
100000
99
100000
135
100000
1740
100000
106
100000
7585
392
100000
191
77
168
100000
100000
100000
445
227
100000
100000
100000
100000
20109
3215
3175
243
227
788
100000
1401
100000
100000
100000
100000
100000
100000
41
100000
237
52
153
742
38052
100000
285
83
246
100000
100000
100000
100000
100000
7714
1073
199
117
146
217
100000
100000
282
100000
215
100000
100000
100000
49
775
100000
558
100000
100000
303
321
100000
100000
100000
100000
100000
403
113
385
100000
100000
100000
282
100000
586
100000
100000
464
1355
100000
905
100000
100000
100000
390
100000
275
100000
100000
100000
431
100000
1402
100000
100000
100000
435
100000
66
40613
100000
100000
244
100000
155
100000
100000
100000
100000
100000
111
100000
100000
1674
515
100000
100000
100000
100000
22
367
706
292
100000
100000
147
100000
100000
19495
100000
100000
100000
100000
677
286
286
100000
200
3116
100000
100000
100000
100000
100000
100000
41
1208
100000
115
100000
1020
286
100000
100000
100000
151
488
67
100000
100000
209
144
238
100000
116
59
100000
349
100000
100000
100000
535
100000
100000
100000
128
100000
100000
11661
112
523
660
87
100000
100000
19
100000
1366
100000
256
1
100000
105
237
445
76
80
58
100000
7861
100000
145
3913
100000
100000
685
143
100000
1093
331
100000
100000
100000
702
100000
107
4257
100000
100000
100000
100000
100000
111
100000
1770
274
799
100000
100000
100000
400
79
100000
1719
100000
100000
100000
937
100000
74
100000
191
100000
396
212
100000
100000
100000
141
16
3271
100000
100000
100000
2104
133
737
128
271
100000
100000
100000
52
100000
100000
21
100000
100000
100000
100000
94
100000
118
100000
66
100000
100000
100000
100000
67
768
100000
100000
100000
34977
100000
582
100000
100000
588
857
100000
302
100000
269
432
118
100000
94
100000
610
100000
968
113
922
59
100000
100000
100000
100000
100000
474
409
432
100000
100000
100000
7710
100000
100000
100000
100000
100000
100000
100000
117
161
212
100000
63
100000
434
109
100000
100000
100000
100000
665
337
3
100000
100000
3414
2058
100000
1696
100000
100000
174
100000
93
285
100000
100000
100000
622
100000
100000
100000
7286
187
100000
328
100000
247
124
100000
130
109
82
100000
100000
595
100000
100000
197
100000
100000
100000
100000
100000
100000
100000
100000
550
248
301
100000
100000
100000
100000
100000
119
726
298
100000
100000
808
100000
174
100000
157
100000
1151
100000
100000
100000
100000
100000
175
1235
100000
100000
393
100000
389
383
831
100000
154
156
100000
100000
476
100000
306
100000
341
5773
100000
371
83
694
447
100000
100000
100000
100000
100000
100000
100000
114
38
100000
303
459
100000
100000
153
2462
100000
348
151
797
69
100000
100000
461
100000
185
100000
100000
100000
8647
100000
222
385
100000
100000
100000
68
100000
100000
100000
100000
1
45
404
354
100000
100000
100000
100000
202
100000
100000
100000
473
498
100000
503
100000
179
648
261
100000
741
55
68
100000
447
100000
100000
67
100000
100000
100000
100000
127
622
100000
692
1978
100000
478
207
786
100000
100000
100000
100000
88
100000
237
653
43
442
830
100000
100000
183
292
1296
100000
141
1002
286
272
100000
100000
343
100000
1377
1099
960
100000
100000
337
100000
100000
466
100000
100000
100000
1191
100000
538
100000
100000
100000
100000
100000
100000
100000
641
100000
1690
100000
149
394
229
100000
100000
1312
315
683
100000
100000
1022
100000
117
100000
2152
100000
1040
100000
5571
1100
100000
5738
308
101
100000
100000
100000
100000
100000
100000
100000
100000
2113
2216
194
100000
362
2177
297
120
1
107
141
100000
100000
100000
326
264
500
145
50
406
100000
2140
160
100000
100000
100000
163
242
350
1658
587
100000
2242
469
1420
479
100000
167
100000
100000
542
100000
5705
100000
39
269
1863
100000
93
173
47
100000
716
100000
641
161
100000
100000
213
100000
100000
100000
269
100000
100000
100000
492
119
100000
36411
100000
271
100000
100000
287
100000
100000
345
149
100000
100000
97
100000
1373
42
208
47
100000
100000
620
100000
929
100000
199
100000
96
34
100000
670
278
100000
100000
100000
387
100000
100000
100000
1413
375
2429
100000
100000
100000
100000
43
100000
100000
38080
130
228
667
110
100000
32
100000
100000
165
100000
128
561
100000
100000
330
1822
100000
13520
255
116
95
303
100000
467
100000
100000
231
100000
2702
360
213
100000
100000
100000
100000
230
863
211
100000
493
100000
100000
27
4961
376
100000
100000
100000
100000
139
100000
93
114
145
98
123
100000
100000
225
100000
139
100000
130
100000
100000
100000
603
100000
202
100000
100000
61
152
100000
58
567
346
1714
506
104
100000
100000
100000
38
100000
54
100000
668
362
100000
100000
100000
779
100000
708
100000
1939
100000
100000
91
100000
837
195
558
100000
100000
100000
1749
227
609
100000
100000
100000
100000
100000
100000
100000
100000
884
100000
100000
100000
160
100000
396
95
100000
220
343
470
100000
121
94
100000
343
100000
1068
689
100000
150
390
82
961
100000
504
100000
401
564
100000
100000
270
100000
100000
79
83
100000
100000
1381
100000
88
428
100000
254
100000
100000
100000
100000
1421
412
557
136
100000
100000
100000
100000
212
100000
100000
607
59
844
771
339
100000
57
100000
166
100000
254
100000
193
100000
100000
423
583
1
100000
100000
304
100000
240
1501
25
315
100000
100000
224
100000
401
175
100000
204
30
100000
100000
100000
426
100000
371
100000
190
574
171
1648
198
675
100000
873
100000
425
100000
1061
100000
183
100000
100
100000
100000
100000
603
125
535
1512
28
397
100000
450
131
100000
414
133
100000
558
226
34
100000
806
1072
100000
130
253
100000
280
809
144
100000
199
100000
561
298
100000
100000
100000
73
100000
1849
1185
100000
100000
295
556
100000
100000
100000
549
94
100000
100000
100000
283
100000
196
42
177
113
1
122
100000
130
100000
100000
329
381
100000
400
142
100000
100000
80
563
463
869
100000
90
941
100000
117
100000
32
427
100000
100000
82
100000
100000
140
100000
100000
231
149
100000
404
253
100000
100000
966
100000
174
94
100000
321
66
1032
100000
276
100000
5658
100000
725
100000
100000
100000
129
100000
201
375
100000
508
482
610
100000
570
462
253
1591
308
100000
100000
100000
100000
55
205
100000
100000
304
100000
157
337
100000
1503
100000
149
1275
186
100000
100000
100000
2572
196
161
201
100000
28
100000
2124
138
396
573
158
100000
499
100000
100000
189
100000
92
4101
753
557
158
100000
115
69
449
100000
100000
449
100000
344
1287
100000
100000
100000
100000
133
222
100000
103
100000
100000
100000
198
160
100000
100000
100000
244
614
717
90
4645
115
113
100000
59
100000
121
7491
100000
641
1877
100000
100000
100000
100000
204
366
100000
385
390
294
100000
62
100000
243
299
823
4079
275
209
47
499
100000
100000
100000
188
315
125
100000
100000
121
100000
100000
895
61
100000
1483
100000
113
942
472
100000
100000
33
100000
162
222
100000
203
100000
100000
100000
6632
100000
100000
100000
865
504
704
100000
100000
100000
100000
241
100000
100000
341
100000
1906
132
56
490
138
100000
100000
2065
220
424
266
410
188
602
100000
777
100000
100000
351
100000
100000
2418
100000
108
100000
873
44
3513
100000
100000
323
543
129
100000
550
100000
100000
29
100000
5498
100000
100000
100000
100000
100000
134
716
100000
1161
61
100000
100000
129
461
349
100000
100000
615
118
559
849
304
496
100000
158
100000
100000
100000
48
100000
100000
100000
100000
5441
127
100000
100000
953
100000
100000
681
100000
180
100000
100000
2009
100000
1
100000
1761
156
245
100000
493
286
200
46
411
721
212
100000
100000
651
100000
289
618
100000
377
1426
100000
100000
100000
743
100000
100000
100000
2448
225
100000
154
100000
100000
314
598
100000
837
418
634
44
100000
100000
208
859
100000
100000
201
100000
100000
100000
983
1069
100000
100000
1151
600
223
100000
100000
2123
381
100000
100000
272
100000
620
100000
99
100000
194
100000
100000
174
945
100000
100000
368
102
100000
134
134
100000
100000
100000
238
100000
100000
100000
100000
100000
100000
100000
100000
100000
100000
100000
100000
317
1219
444
100000
100000
100000
390
71
345
100000
1
100000
346
100000
1260
100000
53
100000
268
100
253
100000
100000
100000
100000
2273
100000
1280
100000
78
2248
89
100000
100000
130
266
100000
3644
317
141
261
100000
193
100000
69
503
100000
100000
100000
100000
100000
100000
730
501
655
100000
67
100000
120
2730
602
100000
100000
227
100000
100000
97
100000
100000
100000
100000
82
1
321
7709
186
100000
100000
756
100000
247
506
2712
457
100000
138
100000
100000
100000
100000
922
100000
100000
100000
100000
1227
2
150
232
100000
1074
119
100000
354
100000
100000
100000
81
73
100000
100000
236
436
956
32
248
475
100000
1760
100000
68
100000
380
100000
100000
171
1
1651
160
143
54
100000
249
305
100000
100000
100000
100000
155
100000
1154
100000
5914
100000
100000
100000
100000
507
64
229
1473
679
121
100000
240
636
100000
100000
100000
1106
100000
697
755
507
274
175
120
100000
147
1035
100000
362
100000
100000
107
100000
1055
100000
100000
288
278
335
100000
100000
223
100000
100000
92
359
224
960
100000
100000
1708
100000
100000
257
100000
608
156
157
100000
100000
100000
143
357
174
100000
716
454
24
100000
3131
100000
204
243
100000
100000
569
206
100000
100000
100000
447
175
576
100000
1663
1617
100000
100000
828
49350
146
100000
1308
1170
1510
100000
139
152
100000
100000
100000
100000
100000
242
310
100000
100000
408
100000
100000
593
22622
732
100000
63
100000
100000
100000
353
269
922
285
227
91
100000
834
100000
100000
100000
1009
456
989
1762
100000
100000
100000
100000
100000
328
100000
100000
100000
100000
221
491
100000
164
6103
1
42
100000
100000
100000
100000
100000
73
100000
195
100000
100000
347
413
227
1792
100000
2256
100000
61
100000
541
320
100000
100000
1022
100000
2154
100000
278
100000
100000
100000
100000
100000
421
139
100000
100000
100000
224
100000
78
100000
286
299
472
100000
100000
243
679
111
100000
100000
176
795
20719
486
100000
290
100000
100000
100000
100000
100000
100000
100000
214
100000
507
100000
407
100000
100000
100000
509
100000
300
100000
100000
201
3164
1228
100000
100000
50
100000
179
100000
301
324
100000
240
100000
307
100000
29
100000
100000
831
207
100000
260
100000
100000
408
171
561
100000
595
1137
100000
471
100000
100000
100000
348
171
100000
636
24
131
93
3101
100000
184
220
974
100000
100000
100000
100000
100000
254
100000
100000
672
100000
239
1404
100000
531
100
100000
524
40
418
252
100000
100000
505
70
113
100000
287
100000
100000
100000
5436
170
1296
4512
1005
198
146
100000
100000
29613
100000
100000
100000
100000
217
100000
95
25
181
100000
100000
145
100000
761
100000
100000
693
343
206
196
293
100000
100000
237
77
100000
212
199
223
100000
100000
1160
177
425
100000
500
340
100000
100000
100000
100000
123
100000
1527
51
253
100000
2091
573
100000
629
100000
166
100000
456
5912
112
181
100000
147
100000
233
100000
100000
80
100000
100000
100000
317
123
38486
100000
100000
1664
100000
100000
376
100000
3006
222
100000
647
429
22
234
100000
100000
100000
100000
100000
100000
100000
100000
38
100000
676
703
109
100000
70
293
100000
2578
100000
160
100000
100000
179
394
458
100000
94
100000
100000
156
100000
100000
818
243
100000
107
2895
100000
747
100000
79
1262
101
127
103
100000
100000
100000
100000
237
385
100000
100000
207
100000
400
149
3239
100000
100000
100000
426
100000
100000
432
49
14
100000
84
100000
100000
332
100000
100000
116
1819
170
204
67
176
173
1101
100000
434
258
248
100000
307
100000
100000
107
100000
213
100000
124
186
290
100000
1797
629
175
392
100000
100000
100000
306
139
218
100000
100000
27
1075
100000
256
100000
100000
100000
100000
657
168
335
100000
97
100000
296
100000
100000
333
100000
100000
100000
161
100000
328
304
4127
160
243
100000
149
100000
100000
100000
473
100000
100000
2177
593
493
100000
106
100000
88
100000
352
100000
100000
100000
2167
100000
1726
1509
100000
772
100000
5933
559
91
100000
100000
251
84
100000
253
58
100000
100000
256
100000
924
283
100000
100000
125
1249
476
100000
272
156
156
4904
104
100000
66
100000
129
100000
61
126
100000
103
100000
104
100000
100000
5141
378
515
100000
160
224
254
100000
100000
65
47
43
100000
100000
100000
436
299
39
263
57
100000
100000
100000
309
190
418
910
100000
38
100000
231
100000
100000
373
100000
564
100000
976
1742
100000
518
100000
100000
520
100000
196
95
100000
1
274
100000
401
100000
227
100000
252
331
203
100000
100000
100000
100000
53
100000
100000
100000
100000
262
988
83
13
480
100000
100000
100000
21863
100000
528
100000
283
100000
667
100000
100000
467
100000
1001
205
100000
100000
100000
5154
116
100000
122
100000
100000
100000
100000
100000
100000
100000
100000
34
100000
100000
82
433
100000
100000
100000
100000
122
738
100000
78
249
523
616
266
100000
237
100000
100000
100000
100000
100000
222
199
620
161
94
100000
100000
100000
52
53
4509
161
100000
100000
244
41
156
100000
100000
100000
218
64
300
100000
100000
145
299
200
173
100000
100000
100000
185
100000
216
100000
246
100000
69
100000
145
100000
137
42
990
100000
100000
100000
100000
108
100000
100000
100000
163
197
796
100000
100000
100000
100000
100000
174
41
241
100000
266
100000
100000
835
100000
61
100000
100000
2347
100000
371
100000
100000
100000
298
95
97
100000
429
100000
100000
1983
100000
100000
205
2537
540
100000
100000
100000
100000
1757
108
883
100000
100000
100000
100000
100000
100000
100000
188
274
100000
337
100000
100000
100000
100000
100000
100000
100000
305
230
140
100000
388
133
100000
100000
306
559
100000
100000
424
100000
814
100000
100000
100000
375
100000
54
100000
100000
100000
100000
100000
434
192
1072
100000
100000
5189
100000
365
451
2827
100000
297
294
5004
306
100000
100000
100000
6162
522
3447
100000
100
438
100000
143
356
100000
100000
771
100000
100000
100000
164
100000
253
100000
238
100000
623
4387
100000
61
2576
2117
100000
100000
100000
159
782
418
100000
100000
211
3155
100000
128
216
100000
100000
100000
100000
100000
100000
214
1172
270
100000
100000
195
226
405
77
100000
100000
100000
100000
100000
79
188
268
343
100000
5040
100000
100000
100000
100000
1024
100000
3342
211
100000
685
29
100000
100000
100000
100000
100000
100000
100000
100000
494
100000
100000
100000
100000
61
292
100000
226
100000
100000
1179
100000
169
100000
243
100000
307
100000
100000
250
96
249
156
100000
323
302
70
100000
100000
100000
100000
248
100000
1740
1275
126
60
100000
317
100000
100000
100000
370
295
338
100000
103
100000
100000
100000
100000
100000
355
210
100000
18
100000
1877
100000
231
70
149
6046
182
100000
143
50
1438
100000
251
322
100000
100000
100000
691
959
1615
265
100000
362
48
6
161
493
14
100000
168
77
27
100000
1825
347
100000
211
463
100000
100000
100000
49
60
100000
100000
100000
6297
100000
100000
520
157
100000
236
100000
152
786
6406
100000
330
47
165
100000
127
100000
217
223
100000
100000
305
7
100000
100000
100000
100000
100000
197
415
52
41
32210
329
1208
175
100000
100000
120
100000
100000
20
100000
100000
885
47
729
100000
100000
100000
443
100000
100000
60
100000
294
100000
100000
100000
100000
100000
100000
100000
100000
100000
100000
100000
312
100000
257
100000
100000
71
221
1024
38324
100000
199
100000
4795
100000
437
100000
100000
100000
125
100000
100000
290
100000
44
3585
100000
100000
61
100000
187
100000
100000
28321
1019
100000
248
135
100000
100000
100000
100000
554
48
100000
100000
50
100000
100000
128
405
100000
100000
151
100000
5038
165
454
100000
100000
318
322
100000
100000
100000
100000
369
100000
100000
100000
100000
156
160
100000
100000
114
100000
100000
201
100000
100000
631
100000
100000
100000
1191
521
100000
100000
223
156
1212
1030
287
100000
123
113
100000
100000
100000
1189
404
1495
100000
273
137
100000
472
357
100000
100000
216
100000
141
280
100000
100000
35
100000
100000
127
273
100000
100000
100000
22
100000
66
321
100000
310
100000
100000
571
212
100000
121
1902
62
45
100000
215
100000
100000
89
6101
8
435
100000
1
100000
652
100000
30
96
169
584
100000
100000
100000
100000
100000
100000
100000
964
49
100000
407
100000
100000
100000
100000
100000
100000
161
47
861
70
335
100000
100000
57
100000
488
100000
768
100000
53
228
100000
2197
27
132
295
15970
275
660
100000
100000
100000
258
322
96
100000
244
414
2686
1467
294
135
444
383
227
100000
260
100000
100000
100000
100000
1649
1187
100000
100000
100000
305
1123
275
126
280
100000
326
1788
100000
949
201
479
44
247
252
100000
57
100000
85
342
3044
117
100000
100000
100000
1678
599
100000
208
53
100000
100000
100000
100000
1653
100000
100000
65
563
100000
100000
157
348
100000
100000
100000
524
522
100000
100000
8756
100000
100000
100000
173
100000
42
100000
100000
100000
200
251
100000
100000
100000
100000
100000
113
100000
604
573
100000
100000
100000
377
100000
100000
100
100000
163
284
100000
934
1340
100000
100000
100000
67
616
100000
414
100000
100000
226
100000
100000
4487
100000
100000
346
100000
788
954
100000
100000
100000
100000
100000
100000
1674
222
100000
100000
100000
184
197
200
541
100000
234
100000
303
1660
1007
100000
100000
476
424
100000
100000
205
100000
100000
100000
177
49
96
4380
327
960
100000
100000
100000
353
100000
100000
2862
1
87
157
100000
100000
100000
100000
2975
100000
35278
100000
440
396
277
100000
280
100000
100000
491
100000
114
100000
27
100000
100000
100000
100000
90
100000
352
415
384
100000
100000
100000
100000
94
382
1
100000
100000
100000
271
100000
100000
100000
100000
100000
100000
85
100000
312
77
356
100000
884
207
240
238
49
184
100000
100000
171
64
100000
100000
100000
100000
1
966
8236
100000
537
100000
100000
100000
100000
26427
100000
67
531
100000
65
1306
100000
100000
478
2445
283
100000
188
214
100000
100000
100000
100000
267
247
100000
1012
100000
100000
69
63
209
7663
100000
78
100000
501
202
407
100000
100000
701
2475
297
100000
158
100000
100000
100000
100000
100000
3341
100000
100000
249
493
100000
100000
100000
2097
100000
100000
142
100000
124
238
100000
100000
100000
468
100000
117
100000
1304
16261
100000
839
179
94
35
100000
100000
315
350
100000
470
509
100000
7613
100000
348
100000
6256
100000
131
100000
388
178
115
100000
725
495
146
161
100000
163
100000
100000
100000
191
118
100000
267
100000
100000
934
100000
100000
3364
4376
49
100000
208
100000
100000
600
100000
676
100000
108
5225
462
1430
100000
100000
357
100000
100000
100000
100000
100000
100000
97
100000
150
322
100000
100000
100000
100000
3723
100000
100000
100000
100000
100000
129
100000
1120
100000
105
258
144
1080
1083
250
100000
100000
1
314
164
6939
100000
252
196
100000
652
100000
247
7487
413
100000
178
1328
190
100000
100000
100000
100000
100000
545
100000
472
100000
100000
100000
143
100000
100000
250
1156
269
100000
100000
534
57
100000
131
467
488
100000
297
100000
100000
100000
100000
2697
179
100000
100000
265
18
513
100000
100000
1189
100000
188
161
803
100000
214
100000
180
100000
100000
100000
100000
57
100000
2199
303
100000
481
206
1931
112
100000
100000
100000
98
100000
141
100000
16
141
347
997
58
100000
100000
281
100000
100000
100000
100000
387
100000
100000
100000
100000
100000
446
100000
100000
166
100000
217
373
117
443
100000
304
100000
100000
100000
16768
376
419
458
100000
100000
100000
282
272
414
100000
100000
100000
225
358
313
98
100000
100000
100000
100000
305
309
100000
265
421
139
211
100000
100000
100000
100000
