25000
25000
10925
25000
8799
25000
25000
10317
7272
25000
9512
25000
25000
25000
25000
10157
9465
25000
25000
12251
25000
25000
10584
8032
25000
6700
25000
9158
25000
25000
6445
25000
25000
25000
8760
10965
25000
25000
9541
10515
8918
25000
25000
6706
25000
25000
11346
7498
25000
25000
25000
25000
25000
25000
7618
12216
25000
12329
25000
25000
7598
25000
9523
9876
25000
25000
11658
25000
25000
25000
9279
6473
25000
10835
10827
12306
25000
9931
11874
25000
25000
25000
7915
10418
11335
8212
25000
25000
11609
25000
25000
25000
25000
8995
7422
25000
3229
11194
25000
11396
25000
25000
9239
5369
9421
12373
7068
9188
25000
12101
8406
25000
25000
25000
12213
25000
25000
7136
25000
10309
25000
10545
25000
25000
9537
25000
9193
25000
5138
25000
4676
4015
7017
11449
12247
25000
25000
11668
25000
10405
25000
25000
25000
9109
25000
8090
25000
6965
25000
25000
9434
7336
7399
25000
6760
25000
10351
25000
9595
25000
25000
7735
11140
25000
7290
25000
25000
7870
25000
8482
25000
25000
25000
25000
9320
25000
25000
9061
10622
4722
11827
10474
3892
25000
25000
25000
25000
25000
10009
25000
25000
25000
5909
25000
25000
6415
25000
25000
25000
11997
25000
25000
25000
25000
8659
25000
25000
11874
9918
7985
25000
25000
25000
7785
10822
25000
25000
7362
11360
25000
5056
8597
7433
25000
10067
8683
10934
6024
7560
25000
25000
7725
8406
25000
11699
25000
1374
9659
25000
5296
25000
8074
8302
25000
25000
25000
25000
8490
25000
3459
8640
7254
25000
8842
25000
7542
11478
25000
25000
5671
5959
9591
25000
25000
1939
25000
25000
12476
25000
25000
25000
25000
7008
25000
25000
11732
8380
25000
25000
25000
25000
25000
6198
7547
6450
25000
25000
25000
5495
25000
7534
5970
9381
9297
25000
7331
8558
8820
25000
25000
10200
11345
25000
9757
10967
8204
25000
25000
5576
5559
25000
12291
25000
25000
25000
5805
25000
25000
25000
25000
25000
25000
7376
9282
25000
9816
25000
9652
25000
7795
25000
25000
8591
25000
7375
1737
25000
5935
4289
25000
25000
7042
25000
25000
11135
6485
7500
6243
3557
8080
25000
25000
1507
25000
7776
25000
25000
25000
12298
1826
7105
25000
25000
25000
2107
25000
11378
6540
11638
25000
3780
25000
25000
7891
6976
25000
25000
25000
5355
11789
25000
25000
25000
6167
7277
11027
1385
25000
8213
25000
3242
25000
25000
1532
25000
8199
3896
25000
10558
6391
25000
7757
10849
11393
25000
2394
2420
1203
5107
2067
11362
25000
10567
25000
2008
7642
25000
8754
25000
8666
12091
10134
25000
7456
25000
6076
4398
25000
25000
1963
10128
25000
4214
25000
7213
3461
1522
25000
6821
25000
4755
2985
11078
1386
7654
8475
7435
2640
25000
25000
25000
25000
5055
1798
25000
25000
10993
25000
1888
25000
25000
25000
9039
25000
8092
2588
25000
7384
5702
25000
25000
7244
25000
4475
1332
9356
25000
25000
2828
25000
25000
3309
25000
25000
25000
25000
25000
25000
25000
25000
6971
25000
25000
779
5732
3483
991
25000
5125
25000
25000
25000
6466
25000
11029
25000
4079
25000
3840
25000
8297
25000
25000
25000
25000
25000
25000
25000
25000
1435
10804
6587
1608
2814
25000
3954
7666
1083
25000
25000
9442
25000
25000
3514
10909
10720
25000
8909
25000
25000
1669
25000
4168
9083
25000
4691
1117
25000
6941
25000
11543
914
25000
25000
25000
12286
25000
25000
25000
6352
25000
25000
1367
25000
2893
25000
25000
25000
10902
25000
8606
25000
10412
25000
3702
25000
25000
6317
25000
1388
25000
25000
334
6391
25000
25000
6047
25000
6928
6413
8374
1563
25000
1482
1792
9241
6668
6790
4361
7483
1162
25000
25000
6592
25000
5801
7158
8544
3450
25000
2295
7586
25000
1441
25000
1093
4004
4843
1244
3964
5018
965
1553
25000
25000
7298
25000
6630
6989
25000
25000
1610
25000
25000
10530
11882
25000
1203
4457
25000
1034
1394
1413
7799
11868
25000
25000
25000
1255
25000
1886
25000
25000
25000
25000
25000
1798
1204
4008
9403
6734
25000
5850
3368
11890
5370
25000
11653
8248
25000
25000
25000
1507
25000
25000
10168
25000
25000
2333
25000
2462
12006
7006
25000
25000
25000
1892
5571
25000
12162
6810
25000
25000
1730
4372
7172
11173
25000
11525
25000
1790
1869
25000
25000
9624
25000
25000
1530
7102
25000
8856
25000
25000
1107
25000
25000
6286
1392
6556
237
25000
25000
25000
25000
11840
7562
11819
6847
1729
25000
7368
11979
25000
4019
25000
25000
25000
25000
5785
25000
5525
25000
25000
25000
6333
25000
1224
25000
25000
9774
1174
7766
1409
25000
12042
7100
10321
1151
1069
25000
164
1133
4561
25000
4218
3218
25000
25000
25000
7254
12298
10169
10474
25000
25000
8749
25000
3359
1046
11807
25000
1455
25000
3496
5207
25000
25000
1868
1327
25000
8895
25000
25000
25000
25000
1167
25000
25000
25000
3946
25000
1569
25000
1656
25000
25000
8440
25000
4496
1145
2141
25000
25000
3506
25000
1016
25000
25000
25000
25000
25000
25000
4117
8130
25000
320
25000
25000
25000
25000
6843
2867
1028
2112
6492
25000
1658
25000
25000
719
25000
1949
2490
25000
545
6648
483
25000
1798
25000
25000
25000
11280
25000
25000
2975
25000
25000
25000
1754
25000
25000
25000
25000
25000
2203
25000
25000
3293
25000
1694
1233
1040
25000
2197
372
551
773
7400
4298
25000
25000
1079
770
25000
25000
25000
997
25000
25000
25000
25000
25000
25000
25000
25000
25000
25000
25000
25000
1636
1152
25000
25000
25000
25000
3257
1272
25000
25000
25000
25000
4826
5241
732
1457
836
25000
25000
2958
648
25000
751
25000
25000
1011
5465
4234
629
1500
3028
1022
25000
25000
25000
1796
10558
4483
2811
5801
25000
25000
25000
776
1701
25000
3166
25000
1891
25000
25000
25000
25000
8011
532
1135
25000
4279
25000
1771
25000
706
25000
1309
1485
25000
4243
25000
1174
25000
4080
25000
867
25000
25000
7008
8312
908
25000
513
25000
25000
25000
4148
5860
25000
25000
7906
2789
25000
25000
3203
3034
1168
8577
25000
2657
8377
1233
970
25000
1569
777
25000
25000
976
25000
1445
8551
25000
3598
25000
25000
10371
25000
25000
25000
25000
25000
818
25000
25000
5655
7112
25000
25000
2090
25000
472
543
1296
2236
25000
25000
641
765
7570
25000
1123
601
1189
906
3807
149
817
353
25000
25000
25000
1865
1280
25000
1277
25000
764
855
25000
455
2708
6889
3405
25000
3282
1544
25000
25000
25000
25000
25000
25000
25000
25000
25000
1683
25000
3631
4154
25000
25000
25000
6291
5199
25000
25000
25000
25000
6935
25000
933
25000
6451
25000
1451
25000
1683
25000
25000
25000
25000
25000
25000
4035
25000
25000
5600
25000
25000
755
5136
25000
25000
1190
25000
25000
2164
25000
25000
979
25000
1252
25000
1266
7844
4211
463
25000
25000
25000
10111
1617
25000
1788
5056
1747
1788
8552
25000
25000
742
2080
25000
25000
25000
25000
711
676
5017
11756
25000
702
25000
25000
745
25000
177
9168
541
1814
928
25000
25000
1536
1037
1143
9638
25000
3805
4246
848
25000
3295
7136
25000
4178
25000
4923
2722
25000
3369
25000
647
1483
542
25000
4340
25000
25000
25000
25000
8741
25000
6024
348
1672
25000
1090
1226
3464
812
25000
25000
25000
1641
25000
25000
25000
25000
2876
25000
686
6118
3060
1324
25000
25000
2874
2756
25000
10215
5913
25000
5877
25000
9612
1034
25000
967
2101
25000
25000
25000
25000
620
25000
25000
25000
2786
326
656
25000
25000
5551
7564
25000
25000
7448
560
25000
1640
25000
25000
382
10917
25000
4793
2299
25000
792
25000
25000
1688
25000
4087
25000
2913
1263
2592
1571
973
933
25000
5145
2393
25000
25000
1305
25000
25000
3606
831
4891
25000
2976
8878
2279
25000
25000
10302
3072
25000
995
25000
25000
25000
10774
25000
25000
25000
25000
2491
877
1995
25000
25000
25000
25000
2227
25000
25000
25000
25000
7561
464
25000
25000
1157
25000
25000
25000
25000
664
25000
25000
25000
25000
25000
964
25000
360
948
25000
25000
25000
25000
10082
25000
1444
25000
3418
25000
25000
25000
780
25000
225
1411
25000
25000
25000
2199
25000
25000
25000
1216
25000
25000
3218
25000
6558
9363
25000
25000
7646
1621
25000
25000
10973
25000
10575
25000
25000
3384
2354
2436
25000
25000
25000
479
25000
25000
25000
617
25000
8952
25000
2580
25000
924
25000
25000
25000
25000
25000
3432
10578
25000
1094
25000
25000
4319
25000
25000
25000
25000
896
479
25000
25000
25000
1483
25000
25000
25000
1565
982
2706
25000
25000
25000
25000
3913
2254
25000
1391
25000
25000
7114
25000
9671
25000
3399
1207
1253
1913
25000
933
25000
352
3517
3944
25000
25000
6821
25000
10752
3340
1646
25000
25000
1421
832
25000
25000
1767
25000
1548
25000
25000
6314
25000
25000
25000
25000
879
1320
1227
6308
25000
25000
3622
25000
25000
3741
25000
25000
4176
1510
25000
25000
25000
25000
2437
25000
25000
670
1227
25000
2476
749
25000
2997
7484
2647
25000
9746
25000
2244
2671
10395
690
1829
25000
1448
385
3342
25000
25000
25000
9875
2685
25000
25000
25000
25000
25000
25000
25000
4529
714
25000
25000
889
25000
25000
25000
25000
1389
2709
6389
4259
25000
25000
25000
1132
669
25000
25000
1487
1687
761
7738
1936
2285
25000
25000
25000
316
25000
3983
25000
25000
25000
1074
7496
1249
25000
4324
576
25000
4756
25000
671
449
869
25000
25000
4274
9789
25000
25000
8159
25000
25000
25000
1466
1491
25000
11105
25000
25000
25000
445
25000
25000
2790
25000
25000
25000
1626
25000
7221
3741
25000
25000
1295
25000
25000
2000
4675
237
3785
25000
25000
470
3974
25000
25000
2641
1073
1555
356
830
7356
25000
1236
25000
25000
4078
25000
9636
25000
4384
25000
25000
861
1367
390
25000
25000
25000
579
1232
2418
25000
25000
8658
259
25000
25000
3465
25000
557
1172
25000
25000
25000
25000
25000
25000
1364
25000
651
789
455
704
25000
200
227
25000
1074
25000
25000
1325
25000
3097
25000
2268
577
810
9672
25000
25000
25000
2198
25000
25000
3710
1091
10251
3692
25000
25000
25000
25000
25000
25000
7256
25000
1333
25000
25000
25000
820
25000
10725
25000
25000
25000
25000
1896
1460
606
1854
1040
25000
25000
8260
25000
3075
25000
629
25000
25000
25000
2862
883
25000
25000
1534
25000
1017
7240
25000
25000
25000
4103
25000
522
25000
25000
1163
25000
1422
25000
1440
25000
25000
25000
6613
3100
25000
25000
25000
2570
25000
25000
25000
25000
25000
1179
25000
25000
25000
25000
25000
25000
25000
25000
25000
8412
7858
2028
10586
10056
25000
516
25000
25000
25000
2150
747
1415
889
25000
25000
25000
6022
820
25000
25000
6451
25000
1095
25000
1191
1026
1755
25000
10899
7523
1630
25000
25000
25000
25000
25000
800
1447
1731
457
25000
25000
5272
2326
899
25000
1499
25000
25000
198
1072
5856
1965
3177
25000
25000
858
25000
25000
25000
8971
1249
234
164
25000
3110
25000
25000
3218
25000
663
25000
25000
1293
25000
25000
5355
25000
25000
25000
910
1311
25000
25000
25000
25000
4605
25000
1039
25000
25000
1723
25000
1516
25000
25000
663
25000
1330
1371
25000
25000
3829
666
823
25000
25000
638
810
453
25000
25000
25000
25000
25000
946
9355
2741
25000
2656
25000
196
25000
2415
1424
25000
677
941
7943
25000
25000
25000
25000
25000
25000
25000
1136
1486
25000
1339
981
25000
2404
1293
25000
472
25000
25000
2317
25000
375
25000
25000
2136
25000
1526
2822
598
25000
825
9339
25000
25000
1174
529
820
35
25000
25000
25000
25000
25000
25000
2702
25000
25000
25000
2806
25000
5469
769
25000
25000
25000
25000
25000
25000
1753
463
3456
25000
25000
25000
25000
25000
25000
25000
3190
11024
1184
25000
25000
25000
1605
25000
25000
25000
25000
25000
10381
25000
7748
25000
25000
1402
25000
1132
25000
25000
1504
1150
8762
25000
25000
1740
134
7268
1356
25000
25000
25000
581
25000
831
2790
25000
2955
1347
25000
25000
163
3639
25000
2957
4271
781
5206
25000
295
25000
5628
25000
1743
678
2526
25000
829
9160
25000
2466
7890
25000
2303
9293
25000
1510
369
25000
25000
25000
25000
25000
45
25000
25000
25000
25000
25000
1239
7956
25000
4894
25000
25000
25000
25000
1335
25000
25000
1644
25000
1071
25000
25000
25000
10282
25000
1331
25000
332
25000
25000
25000
7718
658
25000
821
25000
257
913
1338
25000
1278
6430
1481
2640
450
1024
1242
57
1481
1023
6342
25000
9866
25000
904
1246
25000
779
25000
8798
1062
1651
8125
25000
25000
25000
5950
8508
667
25000
25000
1941
25000
25000
25000
1532
519
394
25000
8965
25000
2924
25000
1067
1916
1573
9035
9160
5935
25000
705
25000
800
25000
9402
25000
25000
898
25000
1051
1931
762
1012
822
2487
1339
6914
1628
925
1293
296
25000
25000
25000
25000
25000
25000
2914
25000
990
25000
360
516
25000
694
25000
25000
559
7756
8506
779
25000
592
993
25000
25000
383
1085
691
828
25000
915
3113
2360
6461
780
25000
25000
25000
25000
915
25000
25000
25000
545
25000
1436
3885
25000
25000
4408
25000
25000
964
7587
25000
1219
25000
25000
5565
25000
1113
600
2363
25000
4082
25000
25000
1720
25000
6082
526
489
250
25000
7900
25000
771
25000
25000
11218
25000
25000
932
25000
7522
777
2977
1856
1517
3687
25000
266
25000
406
2344
952
25000
1153
927
25000
25000
25000
5487
25000
725
267
656
25000
25000
25000
4832
2712
1403
1814
4578
25000
25000
1331
3111
681
565
2795
25000
25000
2151
700
1876
25000
25000
973
25000
25000
25000
25000
25000
25000
195
25000
25000
25000
681
25000
25000
25000
931
25000
25000
1286
745
2794
1265
25000
1798
2100
595
468
1138
25000
1647
25000
7159
7961
25000
1086
799
1140
25000
3729
25000
25000
25000
835
1016
1412
974
25000
799
25000
1118
25000
539
25000
25000
3010
628
895
25000
464
194
2768
1090
6327
25000
809
25000
8094
25000
25000
548
3956
25000
3262
851
25000
25000
2243
8483
3713
25000
1114
6972
1988
25000
25000
25000
25000
6104
1347
25000
1254
25000
7502
25000
566
25000
2807
796
25000
25000
25000
8521
644
1071
1305
25000
1327
25000
25000
4822
25000
802
1948
1175
3716
25000
1365
25000
25000
1677
25000
9753
25000
25000
2164
25000
25000
5345
10211
1755
989
25000
25000
25000
1297
25000
6152
652
1338
25000
25000
25000
25000
25000
617
2633
25000
8889
1831
25000
9387
25000
99
25000
9782
3043
25000
25000
25000
25000
247
775
1020
1039
25000
25000
881
1161
126
25000
946
60
938
2588
25000
25000
25000
25000
25000
735
25000
1101
25000
339
6457
25000
748
25000
25000
25000
747
25000
25000
25000
2062
831
2334
3923
776
431
1233
25000
1318
8682
1338
851
25000
25000
25000
25000
25000
25000
25000
613
3211
806
25000
25000
904
25000
10043
25000
6756
25000
25000
3493
1445
887
8755
3578
25000
25000
798
25000
25000
25000
25000
5449
2403
2182
722
25000
25000
25000
25000
25000
1
7980
2171
25000
2005
4234
5066
25000
25000
25000
714
25000
25000
2175
25000
1002
7602
25000
2827
25000
10612
8757
25000
581
25000
25000
1082
25000
25000
25000
25000
1717
25000
742
10656
2311
706
25000
25000
1465
4725
25000
25000
25000
25000
513
1031
25000
558
25000
25000
10600
25000
274
25000
25000
120
25000
25000
25000
25000
25000
1223
1312
861
1308
913
25000
850
25000
1161
25000
25000
25000
2716
5273
816
25000
25000
25000
25000
25000
1419
389
1354
836
1020
25000
25000
25000
3043
25000
25000
8358
25000
25000
1031
1879
25000
929
969
886
25000
25000
25000
25000
1010
25000
761
25000
25000
1413
25000
1015
1323
1502
8606
2131
2290
25000
25000
25000
1664
25000
1106
1066
7596
25000
25000
934
465
8690
25000
925
8906
25000
10629
25000
25000
4238
25000
25000
2387
25000
1216
699
550
25000
25000
25000
25000
367
25000
25000
1726
25000
2072
25000
2607
25000
25000
25000
25000
891
25000
25000
25000
132
2503
8883
25000
25000
25000
1235
25000
25000
25000
2829
217
25000
25000
687
25000
25000
5668
25000
25000
25000
25000
789
1842
25000
582
2485
25000
529
1403
25000
574
254
817
3935
8956
835
25000
25000
2344
106
25000
1139
260
872
1009
936
957
8157
904
25000
25000
8036
25000
25000
64
7724
25000
25000
25000
932
25000
981
9966
819
25000
25000
2371
2346
536
1553
25000
25000
25000
25000
25000
25000
2203
819
302
639
1426
927
2738
2050
2552
25000
25000
25000
471
201
6356
265
25000
25000
25000
3171
6691
995
25000
25000
25000
2055
1056
25000
25000
1935
25000
25000
25000
999
25000
904
627
3529
499
2485
2209
1343
960
25000
25000
25000
25000
25000
25000
25000
192
8502
25000
25000
25000
25000
281
25000
25000
25000
25000
686
25000
511
4240
291
160
25000
25000
547
620
2875
25000
25000
25000
25000
923
25000
3740
795
25000
1294
1175
842
2385
135
1994
25000
25000
25000
25000
321
910
4240
902
1999
25000
7594
25000
25000
1679
9312
6620
739
25000
25000
25000
745
633
594
1161
25000
1322
25000
25000
25000
25000
2131
263
25000
25000
619
5475
10073
219
1154
561
868
133
6675
25000
2606
25000
238
488
25000
25000
10752
25000
25000
25000
1113
25000
25000
177
1652
258
25000
25000
761
1288
25000
25000
3275
455
25000
2655
1
1059
446
25000
25000
749
25000
25000
25000
1033
1660
25000
25000
25000
2433
10097
25000
673
25000
25000
25000
25000
25000
25000
25000
25000
2706
1178
25000
6495
755
4044
1875
2744
25000
168
280
626
25000
2322
25000
25000
25000
921
1327
9086
25000
850
25000
25000
25000
3721
25000
25000
1081
25000
25000
36
4160
10149
6132
835
1083
25000
25000
258
1162
203
4224
2502
5420
25000
25000
25000
1507
6311
960
12125
25000
25000
25000
11370
2273
469
912
25000
653
25000
25000
98
9433
25000
1170
25000
25000
25000
25000
25000
758
481
1137
367
25000
25000
25000
2612
25000
3732
25000
1887
25000
25000
25000
25000
25000
25000
25000
25000
536
25000
25000
1107
483
25000
631
25000
25000
25000
25000
2093
7728
25000
1330
233
1598
7903
805
1119
25000
837
25000
1823
25000
149
25000
102
25000
25000
25000
25000
901
25000
25000
300
8139
25000
2434
1395
397
1448
25000
25000
25000
25000
3281
751
3093
1160
798
864
2455
616
25000
224
1042
1180
25000
5838
25000
737
726
8210
7495
7012
25000
25000
216
1487
25000
11582
25000
969
1654
742
25000
25000
25000
485
25000
25000
25000
756
25000
25000
3244
25000
25000
1292
9759
312
213
811
1896
1146
1036
25000
2938
470
25000
226
25000
25000
3067
25000
25000
25000
25000
25000
25000
25000
8046
25000
25000
696
25000
25000
25000
627
2330
1398
25000
25000
987
542
25000
25000
25000
25000
25000
1091
25000
1766
809
189
25000
25000
3114
25000
25000
25000
857
769
25000
25000
25000
25000
2697
298
25000
25000
25000
25000
25000
275
25000
25000
25000
25000
25000
25000
487
25000
1166
1250
1741
25000
6912
913
857
25000
611
543
25000
2765
4904
25000
25000
25000
25000
25000
1665
25000
25000
3200
25000
2780
25000
25000
25000
25000
670
1984
25000
25000
1403
8591
25000
25000
25000
7210
8128
7896
2321
2118
25000
7283
7318
4425
25000
9369
25000
25000
25000
146
25000
25000
25000
10120
25000
451
584
25000
25000
25000
25000
617
818
25000
147
25000
6964
1065
25000
220
25000
103
25000
25000
622
8345
1316
705
771
3820
1465
25000
982
1275
11387
25000
25000
194
1068
229
25000
1365
824
1477
25000
511
25000
1169
1149
2198
224
25000
361
204
25000
128
2323
25000
428
25000
25000
25000
25000
25000
25000
25000
602
25000
3354
218
1071
25000
25000
2072
25000
25000
25000
1260
25000
10742
25000
25000
25000
1596
25000
685
25000
25000
25000
25000
25000
675
25000
1100
25000
25000
3086
25000
25000
1023
25000
25000
722
25000
25000
25000
725
252
25000
25000
1418
1086
25000
25000
25000
690
429
25000
25000
25000
1511
447
25000
490
25000
3295
25000
10409
25000
3759
25000
158
996
25000
25000
25000
25000
800
237
25000
25000
25000
25000
2804
321
370
10745
25000
25000
902
407
25000
25000
1739
25000
25000
229
25000
25000
1435
9253
3174
232
775
2291
25000
825
25000
519
25000
1540
25000
25000
634
25000
2908
25000
25000
1989
367
1020
25000
699
25000
25000
8268
4630
25000
8120
25000
25000
8791
25000
989
396
2676
25000
25000
1697
354
25000
538
1402
25000
25000
25000
25000
3752
25000
29
25000
46
25000
1418
25000
1398
161
374
25000
25000
25000
25000
25000
849
740
25000
782
25000
1669
25000
25000
25000
25000
25000
724
25000
583
2730
5632
25000
25000
25000
25000
255
540
25000
1233
25000
25000
25000
25000
1222
277
25000
7410
751
1407
8050
1480
1174
25000
6850
25000
902
25000
25000
25000
366
1117
25000
25000
7234
25000
975
187
258
253
304
25000
25000
825
25000
185
32
283
906
25000
11859
1244
1027
9188
25000
25000
25000
456
900
6872
25000
25000
25000
3452
25000
25000
25000
25000
643
623
1083
410
190
280
1104
25000
1013
25000
1351
25000
732
25000
25000
25000
3226
1640
25000
644
25000
25000
25000
2577
933
671
93
25000
274
3724
1011
25000
25000
1309
25000
2006
25000
25000
4957
8422
25000
4251
25000
497
911
25000
25000
25000
704
25000
964
837
25000
1076
7362
25000
25000
25000
25000
248
1670
899
685
182
728
430
25000
183
1697
1060
25000
282
25000
25000
716
519
291
2585
692
4071
25000
25000
25000
25000
25000
7320
25000
508
6545
25000
2841
25000
1495
2014
25000
25000
1023
25000
2611
968
25000
1331
2913
25000
1694
1065
692
25000
980
959
25000
61
25000
25000
224
8214
25000
25000
8189
25000
25000
25000
25000
25000
1331
585
25000
25000
883
1921
25000
1
25000
25000
25000
25000
25000
25000
25000
1203
638
25000
386
25000
10158
802
25000
1199
598
25000
6052
25000
1483
25000
2217
2984
1111
171
25000
25000
25000
3693
1736
25000
771
574
7853
25000
25000
2453
25000
25000
3428
1117
25000
7761
5597
25000
25000
10781
25000
25000
9791
508
25000
25000
1286
25000
2497
2113
25000
25000
25000
25000
2895
1252
513
25000
3083
25000
25000
25000
25000
772
238
153
25000
9955
1038
25000
627
1336
25000
25000
25000
2236
25000
7284
25000
9364
25000
871
25000
25000
105
68
25000
9764
25000
8605
2427
25000
25000
25000
25000
6030
25000
25000
114
601
543
25000
9229
4051
6498
8049
25000
1382
25000
449
25000
25000
25000
25000
25000
25000
7642
3498
695
25000
7936
25000
25000
277
25000
25000
5609
25000
5462
801
829
25000
25000
25000
1175
805
4358
25000
3095
1704
801
25000
1234
25000
824
697
25000
9216
25000
235
4661
754
25000
6279
1511
25000
25000
25000
25000
3202
1439
25000
25000
25000
8189
25000
25000
765
25000
25000
2743
646
677
25000
25000
25000
850
25000
25000
6257
25000
2149
301
25000
6790
763
916
606
10367
25000
25000
2222
25000
25000
256
635
25000
25000
25000
25000
25000
25000
6119
25000
25000
25000
809
25000
25000
214
25000
850
1113
594
11309
25000
1831
25000
25000
774
366
25000
2971
25000
25000
453
25000
3812
3013
7578
579
25000
25000
593
25000
3110
686
25000
25000
25000
4794
3025
9559
176
3946
25000
25000
10803
716
25000
1352
1426
25000
25000
1015
1038
166
25000
171
25000
1104
699
1805
25000
1036
557
2008
9179
25000
2832
793
25000
601
1033
25000
25000
25000
25000
25000
552
87
3753
1071
25000
9836
892
5111
25000
2350
25000
25000
8584
289
25000
458
7711
25000
25000
258
25000
1024
9146
1170
25000
25000
2595
11080
646
25000
889
25000
5121
9144
25000
2290
936
25000
25000
25000
25000
25000
25000
233
25000
3070
1025
297
25000
10664
25000
25000
939
25000
2374
182
743
7832
25000
197
25000
25000
3180
25000
25000
10598
25000
25000
25000
25000
2451
25000
1902
25000
3342
25000
636
2129
25000
25000
941
1373
25000
25000
3097
7902
25000
25000
5263
25000
25000
25000
166
25000
25000
25000
25000
25000
810
25000
25000
25000
1065
25000
25000
25000
8104
25000
4306
25000
25000
12244
25000
1196
222
10818
7026
1848
25000
25000
114
25000
1210
25000
5386
25000
1331
25000
25000
502
2440
231
25000
2278
25000
25000
25000
575
2415
25000
589
25000
6439
2920
532
25000
6118
25000
25000
1823
500
25000
4404
25000
389
25000
1104
2118
25000
710
1184
25000
25000
2373
25000
2197
11625
25000
25000
512
25000
284
25000
25000
297
25000
534
978
9023
25000
25000
7367
25000
25000
25000
665
738
25000
25000
2357
10728
684
2611
25000
25000
25000
3006
25000
569
25000
726
25000
5934
647
25000
25000
11348
25000
25000
25000
9370
1151
2268
25000
978
25000
25000
25000
25000
2027
1143
644
25000
139
1108
937
1904
8163
25000
1116
25000
1462
25000
25000
1026
25000
25000
3991
739
25000
304
25000
1420
746
25000
2198
882
576
8648
150
129
25000
1355
1062
25000
910
25000
25000
25000
5630
573
25000
288
25000
935
976
7556
25000
2393
25000
25000
25000
643
25000
1151
163
10817
25000
1201
25000
965
25000
25000
2098
25000
25000
25000
25000
593
25000
25000
25000
25000
25000
25000
1515
274
25000
353
25000
25000
692
744
25000
1053
25000
25000
632
10119
138
1081
25000
25000
3754
600
83
25000
314
695
25000
25000
25000
25000
2203
53
279
7962
227
25000
1034
25000
25000
25000
25000
25000
25000
880
25000
1376
25000
1202
25000
814
25000
581
3432
25000
863
199
25000
2441
25000
25000
25000
9848
25000
72
25000
448
1382
141
25000
11204
25000
1530
1398
801
252
2809
25000
25000
274
25000
5399
940
947
2977
942
25000
2153
25000
25000
25000
665
25000
25000
25000
241
8849
216
25000
25000
779
25000
6709
25000
25000
3471
25000
738
25000
25000
7907
25000
2211
201
25000
2390
869
843
2694
1720
25000
25000
330
25000
6213
68
25000
25000
190
485
6434
25000
25000
792
5666
885
25000
5441
6047
25000
265
765
5799
398
10360
25000
2015
25000
25000
948
25000
763
25000
305
25000
811
39
406
25000
547
25000
25000
25000
9969
25000
1958
2954
25000
25000
25000
166
594
25000
25000
25000
813
25000
25000
25000
1407
25000
1302
25000
4150
25000
917
25000
25000
5519
25000
25000
25000
25000
25000
745
747
25000
43
25000
954
25000
2764
718
1052
2115
25000
25000
10486
25000
3044
25000
25000
25000
25000
232
25000
25000
25000
1093
25000
6078
392
1118
25000
25000
1859
622
25000
25000
25000
81
25000
10926
95
6913
11470
25000
25000
25000
25000
25000
1331
25000
25000
970
25000
360
183
4680
8960
6261
10293
1599
25000
416
431
25000
25000
25000
1896
25000
25000
276
161
828
25000
422
25000
8053
506
407
940
25000
1024
25000
1187
2575
25000
8912
1311
3682
2522
25000
25000
25000
2114
25000
874
25000
25000
25000
529
1090
422
595
554
25000
25000
846
25000
25000
25000
1687
109
25000
25000
25000
502
335
25000
25000
25000
25000
2117
1101
25000
238
612
414
7653
25000
25000
25000
25000
25000
25000
304
25000
25000
25000
25000
25000
25000
818
25000
3912
25000
25000
9733
1045
7451
25000
891
25000
25000
5778
25000
6490
25000
6169
12564
5023
25000
8057
25000
25000
7140
2302
25000
847
25000
244
198
25000
9841
25000
1617
25000
1981
25000
25000
529
25000
479
1387
25000
25000
25000
1584
25000
716
370
410
2009
3037
659
25000
613
25000
25000
25000
25000
908
25000
1982
25000
25000
25000
25000
25000
880
7121
25000
883
211
25000
1089
393
7208
25000
246
584
1032
4089
1131
64
25000
1796
25000
25000
8842
2011
25000
956
25000
25000
385
25000
25000
25000
11356
25000
7363
25000
6323
475
25000
629
85
576
429
25000
853
25000
1148
25000
790
10356
25000
1987
25000
25000
1388
276
156
25000
442
590
25000
25000
25000
515
811
25000
950
975
1105
803
1103
1933
11155
2224
25000
25000
25000
2033
25000
25000
25000
25000
25000
25000
25000
999
1249
933
25000
25000
25000
97
25000
25000
25000
25000
3524
25000
25000
25000
983
775
25000
848
25000
7128
25000
524
242
858
25000
2738
25000
25000
8448
1929
10510
5628
2265
12426
667
25000
25000
6223
5004
25000
973
25000
706
25000
25000
7187
25000
25000
4953
25000
25000
25000
471
769
595
1677
25000
25000
25000
2008
25000
25000
391
25000
25000
25000
25000
772
1738
11012
2163
51
168
446
886
25000
1094
1061
6127
25000
25000
1096
599
7525
25000
11131
25000
5468
1
859
2000
2297
25000
25000
25000
25000
25000
25000
3460
889
2223
152
1526
25000
346
45
811
25000
294
203
735
10509
25000
25000
1228
3638
893
693
25000
25000
2042
25000
25000
25000
25000
25000
25000
2480
375
25000
359
25000
1401
573
25000
545
548
523
25000
25000
982
2945
796
25000
2232
25000
2582
756
2765
25000
25000
77
730
3893
25000
25000
1147
25000
1288
269
1859
25000
547
25000
441
624
25000
25000
9188
2233
25000
25000
402
25000
25000
11040
25000
251
625
849
25000
25000
25000
2278
746
1294
1953
25000
25000
329
2835
25000
25000
184
580
25000
25000
65
25000
25000
25000
25000
3058
25000
25000
1529
25000
270
25000
1321
25000
25000
10234
25000
746
25000
11386
252
25000
25000
25000
1295
25000
2683
25000
25000
25000
25000
892
25000
25000
9768
1029
25000
339
367
4727
1415
261
25000
10826
779
25000
25000
25000
25000
269
892
9368
345
25000
25000
25000
25000
25000
25000
25000
100
25000
25000
25000
2675
25000
25000
25000
244
25000
746
754
25000
25000
122
8823
10576
25000
2884
25000
1121
576
10835
25000
259
25000
8331
320
948
261
636
829
25000
25000
25000
25000
91
1044
9209
5784
25000
25000
1451
113
25000
25000
6296
25000
9046
25000
7587
25000
25000
25000
25000
2710
25000
25000
25000
1362
12543
25000
25000
25000
1534
2052
25000
1101
107
25000
11381
25000
25000
814
1539
25000
949
385
1090
25000
811
933
1497
25000
25000
25000
3962
25000
458
10031
25000
2412
283
25000
25000
25000
25000
215
707
25000
3443
25000
1892
25000
25000
25000
3433
6884
25000
396
25000
492
25000
25000
5258
25000
923
636
25000
25000
1543
25000
228
25000
25000
425
25000
760
25000
25000
1250
2670
328
353
609
25000
25000
932
11250
25000
586
25000
688
25000
2733
909
70
4854
245
25000
860
25000
174
803
6506
575
9425
25000
1578
10535
141
25000
527
2463
25000
25000
25000
25000
25000
25000
1
196
25000
25000
25000
25000
25000
633
1926
2034
25000
25000
25000
25000
25000
968
846
25000
25000
345
6206
687
1309
25000
3891
616
25000
9997
759
11111
25000
25000
25000
25000
3285
25000
4029
25000
25000
25000
25000
25000
557
25000
2727
25000
2096
11487
25000
220
25000
2198
25000
25000
574
25000
779
25000
10596
8590
25000
642
25000
1885
25000
154
7095
25000
922
25000
25000
571
529
739
1130
25000
299
25000
25000
25000
6123
25000
25000
25000
25000
25000
25000
25000
25000
25000
8340
5395
25000
249
25000
56
25000
25000
969
25000
25000
25000
3437
25000
25000
1667
1078
1001
669
25000
25000
25000
6889
1136
25000
25000
1465
25000
25000
2897
1224
25000
25000
25000
25000
689
4862
25000
25000
225
25000
25000
702
25000
25000
25000
289
262
25000
25000
25000
256
734
518
25000
25000
587
908
1002
25000
25000
706
9923
946
25000
273
1131
139
5320
25000
6228
602
25000
25000
2533
1731
406
25000
25000
25000
25000
25000
192
25000
25000
777
3353
1373
363
25000
25000
419
25000
25000
25000
8923
271
517
1019
1963
8644
25000
25000
25000
782
25000
6596
8628
25000
25000
25000
25000
1075
25000
25000
25000
789
25000
842
25000
2719
1590
454
156
9400
25000
568
629
1654
936
25000
876
251
25000
319
2761
25000
2385
6602
839
2160
25000
25000
262
9722
25000
762
2245
25000
25000
6364
60
25000
611
251
6555
25000
1239
25000
464
25000
560
25000
1930
25000
9778
103
25000
25000
25000
25000
25000
1786
913
25000
25000
25000
910
25000
1752
3150
25000
8934
932
25000
25000
971
903
25000
25000
25000
25000
9354
266
25000
25000
6167
25000
959
25000
25000
25000
25000
1010
25000
675
25000
25000
25000
25000
2907
340
25000
6479
25000
282
25000
7339
10790
25000
25000
366
25000
25000
271
25000
945
634
25000
7980
25000
25000
8993
25000
520
25000
25000
25000
25000
483
469
25000
1609
25000
25000
271
25000
2411
9282
1498
422
3424
25000
25000
9380
1520
25000
611
25000
190
272
25000
580
76
25000
25000
25000
25000
278
25000
2430
3251
25000
1307
25000
25000
10873
25000
25000
4475
10351
9227
479
25000
25000
25000
25000
25000
25000
1588
25000
2306
5656
25000
2503
3606
25000
509
25000
25000
638
25000
25000
300
25000
65
25000
9270
226
25000
1691
25000
3825
189
2087
25000
25000
931
25000
260
25000
25000
496
309
25000
256
25000
1936
336
25000
461
2798
25000
2816
25000
2321
25000
220
7872
25000
25000
1281
10291
25000
25000
2369
25000
25000
25000
10935
1076
712
763
1051
1558
687
681
3712
472
25000
25000
55
268
25000
1139
914
25000
834
25000
8809
25000
1408
8842
25000
478
25000
25000
923
1886
25000
2332
7517
25000
970
681
483
25000
25000
71
1220
25000
25000
25000
244
2240
1176
830
756
25000
3374
222
25000
25000
25000
25000
1600
25000
25000
253
1594
2172
25000
25000
7585
25000
822
5665
743
25000
25000
25000
25000
25000
277
25000
25000
25000
25000
58
25000
1792
25000
262
2151
231
448
25000
25000
25000
25000
4693
25000
10752
902
25000
25000
25000
25000
25000
1221
25000
25000
8732
25000
25000
6193
701
152
1572
1753
1034
783
25000
25000
1411
335
25000
25000
25000
25000
1120
25000
377
1927
1485
8150
25000
10500
6577
2479
1131
82
4144
25000
25000
25000
3490
1768
25000
25000
25000
4470
752
580
2113
2870
25000
25000
2037
3942
25000
25000
10708
25000
25000
614
25000
25000
25000
1632
25000
291
2898
4342
25000
25000
2749
2162
25000
4828
736
268
25000
25000
818
12290
1412
25000
649
5189
25000
25000
1077
2164
25000
860
25000
455
25000
25000
25000
25000
25000
2006
25000
9592
25000
371
25000
453
25000
25000
967
59
25000
8329
3076
25000
25000
3319
25000
25000
218
25000
25000
25000
2611
798
25000
25000
25000
807
25000
25000
25000
6146
25000
117
25000
25000
10672
25000
203
25000
2787
7180
572
8481
236
363
25000
231
25000
714
1990
5956
379
25000
25000
25000
248
25000
62
245
25000
25000
25000
25000
25000
25000
25000
25000
2924
3318
659
4243
25000
25000
25000
1471
93
25000
1156
2464
813
25000
25000
25000
25000
25000
25000
1521
3639
284
1239
25000
25000
25000
1546
3281
559
185
1325
25000
3745
1477
25000
630
25000
25000
25000
25000
25000
25000
64
25000
2061
921
394
25000
503
25000
5421
25000
1436
25000
494
2619
25000
25000
591
5196
25000
25000
25000
25000
25000
565
721
25000
25000
1996
938
25000
238
25000
25000
476
1297
25000
4300
25000
6027
25000
1464
2439
25000
9819
25000
352
25000
1943
25000
25000
25000
1780
2912
2852
11154
25000
616
544
25000
25000
350
1820
954
2336
1746
25000
7917
25000
9545
25000
524
938
7925
1060
25000
25000
884
1132
25000
1157
25000
25000
25000
808
25000
25000
25000
246
6893
25000
143
25000
221
25000
25000
623
76
25000
225
8290
25000
25000
808
25000
535
571
25000
25000
1635
253
25000
1145
25000
25000
1028
25000
1788
25000
10380
25000
1230
3897
25000
25000
25000
191
7511
808
11229
25000
25000
60
503
1077
25000
438
206
25000
25000
25000
237
480
634
25000
25000
25000
533
282
25000
212
25000
25000
25000
5200
25000
25000
834
25000
2518
2724
25000
25000
25000
25000
492
25000
25000
25000
25000
25000
120
2641
25000
25000
25000
365
25000
2402
25000
25000
156
2272
25000
2437
406
25000
1312
976
25000
349
25000
9211
6473
25000
25000
25000
5283
25000
964
25000
1197
25000
843
749
25000
2130
25000
25000
25000
25000
2318
25000
328
25000
989
7804
8630
1085
25000
689
915
8357
25000
25000
25000
8440
25000
4862
25000
25000
25000
4240
25000
25000
25000
2741
25000
25000
960
25000
25000
1091
616
25000
25000
110
3886
227
25000
718
587
4233
640
25000
25000
25000
1413
1754
25000
581
25000
25000
25000
10064
86
1131
25000
226
616
25000
25000
25000
25000
243
350
2681
358
25000
1304
25000
773
25000
25000
476
522
423
1688
704
509
25000
403
25000
25000
25000
25000
25000
25000
25000
25000
25000
438
334
25000
367
25000
25000
25000
9190
620
25000
25000
25000
25000
25000
1823
25000
291
9362
25000
907
361
1270
342
1248
196
25000
25000
25000
25000
25000
25000
909
751
581
217
25000
25000
1908
275
739
25000
577
276
25000
46
25000
25000
211
25000
25000
2277
410
25000
276
265
729
2646
25000
878
25000
1613
25000
25000
25000
25000
25000
161
1382
7745
25000
158
25000
316
25000
2878
25000
25000
3286
528
25000
25000
25000
543
657
25000
1845
25000
25000
25000
25000
25000
25000
25000
25000
602
25000
1761
25000
805
1897
25000
25000
25000
25000
25000
25000
25000
25000
1379
5533
25000
25000
25000
25000
25000
2509
25000
25000
25000
25000
25000
1085
1770
25000
216
25000
1325
1238
824
1316
25000
25000
25000
25000
25000
506
25000
25000
1620
1088
589
1635
25000
1004
11030
25000
2921
25000
1317
25000
541
412
25000
1480
25000
1727
1710
245
25000
25000
25000
25000
25000
919
1110
1662
2650
25000
25000
25000
767
25000
25000
8344
25000
25000
25000
25000
4792
25000
2156
25000
9730
1062
883
1145
1661
6223
25000
25000
3647
25000
25000
572
25000
3561
295
25000
25000
12454
555
2160
25000
2814
25000
25000
2895
25000
3018
25000
25000
2454
11805
8269
25000
3440
447
701
25000
502
277
475
25000
25000
513
713
25000
25000
312
3558
25000
2156
25000
212
230
719
733
1628
25000
25000
25000
25000
25000
1509
25000
25000
60
818
25000
25000
25000
454
3575
25000
25000
1085
25000
25000
25000
11216
767
25000
8411
25000
9214
3080
7382
25000
3184
25000
264
25000
1353
259
150
11710
104
6438
25000
25000
463
334
25000
1442
7872
685
104
25000
25000
25000
25000
2246
25000
25000
541
3580
25000
65
10104
25000
5337
25000
581
411
25000
25000
85
25000
3588
8791
577
605
1366
2053
25000
316
2345
3586
6133
9810
1923
1420
25000
25000
25000
73
25000
309
523
12337
25000
834
25000
3941
25000
4994
25000
25000
639
25000
6974
2193
317
166
25000
2648
25000
1397
3222
25000
25000
7930
25000
25000
2708
25000
25000
25000
25000
44
25000
1693
25000
562
25000
613
25000
25000
25000
1251
25000
160
25000
10302
347
558
2163
432
9626
227
25000
25000
2254
25000
25000
25000
25000
369
488
25000
2798
25000
25000
115
25000
356
25000
884
1394
838
851
1319
3011
2542
25000
25000
10832
1147
236
25000
3193
3456
609
25000
25000
1107
25000
25000
25000
428
25000
1070
25000
1509
602
11109
387
2552
25000
9967
25000
708
2382
25000
9062
25000
155
25000
10888
114
551
25000
3679
25000
792
25000
8751
25000
561
25000
8869
25000
25000
25000
1819
1664
25000
9637
708
278
25000
25000
535
25000
25000
492
25000
25000
25000
1646
25000
25000
2425
489
976
361
1699
25000
745
25000
25000
363
140
3261
626
9156
25000
25000
25000
1134
3054
25000
25000
25000
25000
25000
25000
25000
25000
435
25000
127
25000
2621
173
25000
554
6829
25000
167
25000
25000
25000
128
536
25000
25000
185
25000
25000
1123
25000
25000
25000
25000
25000
551
25000
217
3364
25000
778
25000
406
25000
830
25000
25000
25000
2277
25000
25000
2003
162
25000
25000
25000
206
25000
25000
669
25000
25000
1870
530
12406
7060
712
25000
177
25000
81
25000
25000
2641
1762
360
237
25000
658
25000
25000
25000
8034
25000
2077
804
185
25000
612
25000
25000
660
25000
25000
25000
681
9164
27
25000
25000
25000
1567
6541
25000
448
25000
25000
25000
785
2156
25000
1123
25000
25000
25000
237
25000
2734
25000
25000
2829
25000
25000
25000
7944
25000
25000
7715
25000
25000
646
25000
603
203
25000
548
25000
2328
196
10410
25000
153
363
25000
25000
25000
531
820
671
25000
25000
25000
128
25000
25000
87
1416
25000
25000
25000
25000
25000
25000
2765
25000
1422
25000
25000
471
25000
25000
1774
771
751
2076
3017
10805
749
4051
25000
25000
25000
25000
738
5195
25000
477
25000
1714
937
265
25000
25000
616
25000
230
3368
25000
25000
25000
8474
25000
25000
25000
25000
463
805
25000
25000
25000
361
124
25000
99
1652
1978
25000
698
25000
1838
418
55
25000
376
168
25000
25000
25000
1925
25000
215
25000
493
25000
11
143
4362
25000
80
25000
953
25000
337
25000
265
4577
25000
626
25000
25000
25000
3478
1297
25000
25000
25000
25000
4073
25000
25000
478
25000
25000
780
3723
7169
25000
353
25000
1317
25000
2445
25000
25000
40
422
25000
25000
398
25000
325
1220
25000
25000
25000
25000
25000
147
2719
488
1
25000
25000
9250
25000
731
1603
25000
25000
25000
853
25000
944
370
7221
641
386
513
480
25000
25000
10707
25000
4659
25000
323
441
25000
500
12136
25000
25000
336
25000
2334
285
411
25000
2273
152
1281
893
25000
439
25000
25000
25000
25000
25000
25000
47
878
7110
25000
3281
25000
7034
1384
25000
471
25000
937
25000
589
25000
25000
572
729
299
25000
25000
25000
1838
507
25000
846
656
228
25000
8312
1909
3300
904
25000
1913
931
1432
2362
25000
25000
89
2397
4126
1773
25000
132
25000
701
1591
25000
2578
25000
25000
25000
25000
25000
25000
25000
25000
25000
25000
25000
2518
25000
555
176
25000
4610
316
25000
860
838
2151
2673
25000
2140
702
412
1613
25000
25000
25000
25000
25000
1204
135
9008
1973
258
296
25000
25000
115
12160
9514
25000
400
85
7633
25000
4113
25000
3115
2898
25000
25000
25000
25000
257
308
25000
7864
508
25000
25000
25000
134
208
275
25000
25000
25000
25000
25000
25000
1931
6077
25000
25000
1767
182
2619
141
364
389
25000
25000
25000
9301
25000
25000
25000
25000
25000
25000
385
200
1092
1115
276
25000
25000
53
284
25000
44
25000
25000
25000
4587
25000
3694
5046
25000
25000
429
25000
25000
25000
25000
25000
25000
25000
25000
567
25000
25000
25000
1978
25000
25000
25000
25000
137
5109
619
68
25000
25000
3838
25000
25000
485
25000
397
25000
25000
139
7168
390
9124
25000
25000
11035
437
25000
2006
25000
25000
569
25000
776
170
1347
546
361
248
25000
25000
1028
6994
667
25000
10133
1551
25000
4411
25000
25000
25000
360
250
25000
25000
1146
51
25000
522
25000
567
25000
25000
25000
3365
25000
25000
25000
25000
661
25000
25000
235
636
1516
25000
25000
859
25000
25000
25000
25000
25000
25000
759
87
25000
10300
25000
230
25000
671
1536
264
25000
295
25000
8675
619
25000
25000
25000
25000
25000
25000
502
25000
1572
25000
25000
442
25000
1314
25000
298
1354
8004
245
1704
590
25000
25000
312
669
25000
233
89
25000
25000
25000
1717
25000
925
1151
25000
1658
25000
25000
25000
25000
608
25000
7098
25000
1798
232
9446
25000
277
25000
25000
547
25000
25000
654
9893
25000
195
25000
547
25000
2518
8288
6525
3212
953
2212
306
25000
25000
25000
746
25000
25000
1860
25000
25000
858
157
25000
25000
25000
25000
172
9795
25000
25000
25000
9159
735
276
184
25000
25000
25000
1938
25000
531
494
25000
25000
25000
25000
76
25000
825
25000
557
579
25000
139
25000
526
25000
628
25000
720
161
25000
25000
25000
25000
25000
25000
25000
25000
25000
25000
25000
25000
1415
206
8231
25000
515
342
797
25000
271
4156
25000
25000
478
3729
792
25000
1657
25000
25000
445
408
25000
25000
25000
10320
248
190
227
25000
721
674
6758
605
768
25000
1461
318
461
25000
25000
25000
523
550
356
25000
25000
788
25000
1610
479
486
10752
226
25000
25000
383
25000
25000
9942
25000
9543
25000
341
25000
527
248
25000
2874
294
25000
25000
541
8707
493
25000
25000
821
25000
25000
1594
7096
8058
25000
25000
25000
25000
2513
25000
319
25000
576
464
25000
25000
60
25000
316
25000
25000
25000
281
25000
25000
25000
25000
1643
25000
25000
25000
25000
25000
25000
25000
25000
25000
219
25000
264
25000
235
25000
25000
8223
4193
8216
5374
658
1938
311
1568
25000
591
480
553
11947
2099
25000
25000
25000
70
1911
25000
7365
25000
2788
258
730
347
1719
131
25000
2468
6353
43
25000
653
25000
2221
25000
25000
25000
25000
25000
106
1255
627
25000
138
25000
25000
474
1
25000
481
25000
4697
25000
25000
25000
919
25000
401
353
1738
25000
5276
329
25000
25000
25000
25000
25000
1919
25000
25000
2269
2094
8005
25000
1112
544
714
1420
25000
1632
610
293
25000
239
25000
1157
25000
227
25000
151
25000
751
25000
25000
25000
1298
25000
184
796
262
3545
6357
25000
25000
25000
7162
25000
25000
25000
1538
3026
25000
25000
25000
2980
25000
43
25000
25000
25000
25000
664
251
25000
12189
25000
25000
3786
3362
25000
986
25000
275
25000
1333
25000
25000
411
2741
7522
190
25000
222
243
25000
1815
25000
518
25000
700
54
4900
443
6813
25000
25000
1667
25000
25000
25000
25000
793
25000
2831
25000
211
1189
498
25000
4891
25000
543
25000
25000
2882
25000
25000
25000
25000
25000
25000
3060
770
327
285
25000
158
143
25000
481
25000
25000
393
86
25000
458
612
25000
25000
25000
25000
800
25000
112
25000
25000
393
25000
776
2876
330
231
25000
25000
59
11228
25000
25000
25000
313
25000
25000
112
25000
255
25000
25000
25000
6852
314
235
25000
25000
25000
25000
1672
25000
25000
25000
25000
25000
25000
635
25000
25000
12472
6219
205
10468
785
25000
901
2725
872
1072
25000
606
25000
541
25000
621
25000
25000
25000
25000
7012
25000
1964
25000
495
9828
25000
48
6049
306
391
231
5683
25000
2119
25000
25000
25000
195
25000
73
25000
25000
25000
187
25000
1310
25000
4737
98
25000
25000
25000
651
25000
25000
460
25000
1199
900
8176
25000
1047
414
25000
25000
48
25000
2226
25000
10958
25000
25000
25000
581
25000
5114
25000
534
237
9067
530
25000
25000
113
2163
25000
242
449
2160
6148
272
428
270
25000
25000
6666
9010
25000
25000
25000
25000
370
25000
25000
25000
25000
25000
25000
25000
25000
430
25000
25000
741
25000
25000
31
8447
366
25000
666
232
25000
25000
25000
25000
25
25000
25000
6691
2066
1477
677
25000
640
25000
207
8299
470
25000
25000
167
932
12440
25000
25000
194
1373
25000
776
641
1
25000
3719
7498
25000
3261
647
25000
354
25000
25000
438
2862
231
25000
405
598
25000
745
849
25000
231
25000
9527
25000
25000
8574
25000
888
258
8508
25000
25000
306
1589
263
25000
25000
809
25000
142
25000
162
3293
25000
370
25000
25000
8771
25000
761
25000
2117
540
267
2744
149
3363
2585
452
1721
320
25000
251
292
25000
25000
25000
25000
25000
25000
25000
321
1764
7568
9563
296
5260
3332
962
686
25000
2345
25000
25000
458
6656
25000
25000
929
25000
137
25000
25000
25000
1880
25000
25000
806
25000
1773
25000
9542
25000
1612
546
25000
2249
477
25000
25000
7080
561
2838
25000
25000
10132
279
531
782
25000
345
25000
25000
488
25000
25000
1053
25000
25000
25000
660
25000
25000
448
25000
25000
25000
25000
574
12720
229
1287
1994
25000
6784
8101
25000
2034
25000
1012
25000
4814
25000
25000
25000
385
1422
25000
25000
1
593
25000
1240
25000
1885
1792
25000
1568
255
1128
69
998
25000
229
25000
683
239
77
9146
25000
2034
166
25000
25000
276
1331
25000
25000
25000
8763
25000
161
25000
25000
25000
295
25000
25000
212
6227
25000
25000
4104
3307
931
25000
555
25000
1226
25000
25000
34
25000
25000
924
350
882
25000
25000
190
25000
25000
25000
392
25000
381
420
49
1736
10416
25000
172
25000
25000
5285
1606
25000
25000
6999
241
7162
25000
25000
25000
25000
1367
426
25000
25000
25000
394
25000
412
25000
638
418
25000
1884
25000
99
25000
397
25000
6296
6739
1869
12407
25000
25000
25000
1
25000
11293
25000
618
268
25000
1121
8946
6907
1078
621
25000
25000
2001
25000
1316
25000
305
4212
916
25000
25000
1488
2042
25000
25000
5105
25000
25000
25000
25000
25000
25000
25000
25000
25000
25000
11433
381
3450
25000
25000
613
25000
25000
25000
25000
25000
3262
25000
25000
25000
25000
581
25000
25000
25000
25000
42
25000
78
25000
25000
6747
2835
3862
25000
25000
682
25000
11222
7819
25000
25000
25000
25000
1476
4434
2975
25000
3468
25000
2758
25000
25000
25000
25000
198
607
25000
173
202
2692
25000
51
25000
2450
1349
2244
429
25000
25000
11738
639
25000
25000
3852
1535
224
7165
25000
25000
62
885
1319
4574
781
25000
1233
25000
185
362
25000
2009
25000
115
562
25000
25000
25000
791
25000
25000
25000
25000
25000
25000
25000
1771
25000
25000
906
211
25000
25000
25000
1927
25000
164
25000
6239
923
25000
1336
25000
627
25000
25000
2430
25000
25000
252
25000
109
25000
25000
25000
25000
2909
25000
25000
25000
25000
25000
1212
25000
25000
25000
25000
25000
25000
25000
8015
847
25000
2464
25000
25000
25000
25000
369
1947
25000
6827
25000
454
1282
323
2522
2620
65
5948
879
969
906
25000
1640
25000
25000
25000
1493
963
25000
25000
774
461
6738
25000
495
2814
25000
253
726
25000
25000
25000
10544
1276
456
25000
25000
10227
744
607
25000
952
2624
895
25000
717
5118
25000
25000
25000
4003
25000
25000
2305
25000
25000
25000
5170
7843
25000
608
25000
25000
25000
5373
25000
2055
25000
11328
583
405
70
25000
164
25000
25000
491
853
950
25000
25000
10212
3758
25000
601
25000
25000
25000
8461
25000
25000
25000
25000
11576
25000
394
10537
249
25000
25000
68
5096
560
1601
33
25000
25000
207
25000
25000
5965
25000
7837
7675
25000
25000
25000
25000
277
25000
25000
10899
25000
25000
429
25000
1700
593
1230
410
7633
25000
3340
397
271
1572
25000
329
142
25000
25000
758
25000
282
25000
34
12393
451
444
25000
835
25000
202
25000
3463
2236
11377
2529
411
25000
25000
1834
10836
25000
664
25000
333
280
25000
174
1864
1644
7920
25000
25000
204
454
516
25000
25000
1743
250
692
25000
420
25000
430
25000
940
25000
25000
25000
25000
5318
25000
25000
25000
25000
25000
1708
50
117
1527
445
25000
2170
307
342
25000
520
25000
2892
25000
438
650
25000
6827
25000
25000
233
9359
25000
244
25000
25000
1244
62
347
25000
25000
25000
2297
25000
1749
4568
25000
1960
25000
25000
25000
25000
25000
25000
25000
25000
3585
1163
605
25000
25000
1671
25000
25000
520
280
213
25000
93
10747
374
9266
11
25000
3045
1861
3398
25000
25000
1839
22
260
25000
2362
2396
25000
25000
286
25000
118
25000
25000
25000
9961
25000
25000
25000
25000
257
25000
1606
88
25000
267
25000
1149
25000
25000
25000
25000
25000
578
193
975
1370
25000
3812
25000
753
25000
25000
1211
696
710
140
313
25000
25000
263
25000
25000
2705
25000
25000
25000
3070
2601
25000
25000
25000
25000
25000
3525
25000
25000
138
25000
25000
25000
133
116
25000
25000
25000
25000
852
25000
417
335
2405
25000
2016
604
41
384
25000
509
25000
925
521
25000
25000
270
786
25000
1232
25000
4055
25000
25000
2856
559
405
25000
25000
25000
25000
169
25000
231
564
934
2413
25000
2819
7347
134
2040
7834
25000
25000
728
25000
189
607
1495
2091
2747
3135
25000
25000
25000
443
25000
25000
25000
25000
25000
1604
25000
25000
25000
25000
151
590
401
3397
2217
614
819
1357
25000
217
383
6508
696
25000
25000
809
2181
660
161
25000
25000
178
1780
25000
2741
9946
25000
414
1065
492
25000
86
964
25000
25000
25000
64
25000
25000
2795
402
25000
735
25000
251
25000
25000
428
6438
286
25000
25000
145
25000
25000
25000
40
25000
198
25000
2195
25000
591
25000
25000
25000
569
6345
928
133
8878
3411
36
668
2532
6669
25000
25000
25000
25000
2128
25000
9705
25000
2531
25000
25000
259
25000
25000
1550
2900
141
25000
934
25000
10440
85
25000
25000
25000
482
10938
25000
617
134
25000
1907
25000
757
25000
768
25000
25000
963
8093
25000
25000
25000
288
361
252
25000
25000
1649
25000
2926
25000
326
25000
246
117
672
25000
206
253
25000
25000
360
95
25000
25000
25000
25000
189
25000
2529
25000
263
12525
1920
25000
25000
302
25000
25000
268
120
25000
25000
25000
25000
249
660
25000
2524
91
25000
7222
25000
25000
25000
25000
315
5572
25000
278
25000
121
7660
535
329
25000
25000
25000
25000
25000
25000
1380
25000
25000
150
25000
25000
3228
1331
194
30
5770
25000
593
25000
783
25000
580
7454
3039
98
25000
25000
25000
25000
1307
1133
25000
701
25000
25000
928
25000
25000
385
53
25000
25000
25000
25000
25000
952
25000
5943
7757
25000
623
1051
25000
25000
1742
266
25000
8550
1087
5710
25000
3353
1263
25000
25000
25000
25000
400
244
25000
25000
3212
25000
2527
25000
25000
25000
25000
25000
25000
928
25000
25000
306
25000
53
25000
25000
4767
25000
25000
25000
435
280
25000
25000
1252
8686
267
1329
25000
89
25000
25000
25000
2713
25000
25000
1340
2226
25000
363
25000
9612
25000
25000
25000
25000
25000
384
2618
789
25000
95
352
459
25000
25000
25000
8270
9518
25000
599
560
124
25000
25000
25000
7749
679
25000
245
25000
25000
182
62
1573
25000
3520
25000
521
85
25000
303
25000
710
25000
2151
25000
25000
74
25000
25000
25000
518
1602
25000
25000
25000
25000
25000
4043
1582
25000
627
1963
640
25000
25000
1885
1118
10066
1844
628
4563
362
25000
974
25000
1459
2623
297
9917
25000
205
25000
10292
25000
1078
146
42
25000
25000
884
25000
25000
535
1575
286
362
25000
222
217
756
25000
25000
2173
1764
861
25000
367
25000
332
25000
970
347
8596
25000
277
276
56
25000
502
132
544
25000
103
1925
259
3395
25000
701
25000
25000
115
25000
25000
25000
25000
25000
633
303
450
25000
25000
9857
807
861
10849
25000
945
6540
346
697
1862
121
25000
25000
25000
25000
25000
25000
25000
25000
25000
231
25000
25000
25000
25000
25000
25000
25000
25000
25000
25000
25000
965
25000
25000
25000
25000
472
9972
25000
25000
78
1104
25000
25000
463
25000
429
25000
8892
777
2334
2746
434
25000
1617
54
25000
23
25000
25000
25000
25000
272
25000
805
180
25000
6210
25000
7796
150
6885
2378
8813
25000
774
25000
25000
25000
25000
641
25000
25000
10185
25000
25000
318
1343
9480
25000
232
25000
25000
25000
25000
25000
40
195
25000
90
25000
25000
7611
25000
3230
25000
2591
49
2145
479
25000
10687
1888
998
25000
25000
25000
209
7475
234
1043
546
7188
2883
25000
25000
1452
25000
25000
25000
741
25000
3328
494
1657
25000
5201
1093
25000
603
25000
25000
25000
344
25000
278
25000
25000
1360
208
928
25000
25000
25000
25000
25000
25000
501
1204
7212
25000
25000
265
25000
204
25000
25000
25000
25000
2469
25000
742
25000
25000
1042
25000
913
25000
3246
10423
1
1397
25000
25000
25000
25000
8515
11114
25000
718
25000
277
1481
139
1249
25000
25000
236
3883
25000
432
2306
25000
674
292
25000
3613
150
25000
25000
25000
25000
25000
1138
236
937
25000
2747
25000
2122
25000
25000
363
3330
25000
25000
6915
25000
1105
1659
25000
92
25000
1357
2606
4156
1074
25000
25000
507
25000
308
3580
1190
293
25000
219
217
25000
25000
1045
25000
25000
25000
29
201
783
25000
25000
25000
136
1419
775
154
514
25000
6408
25000
324
707
25000
25000
25000
25000
25000
131
363
145
25000
25000
296
25000
520
2251
10676
416
25000
481
2055
2632
30
2654
211
25000
384
2784
9878
7450
25000
876
1222
25000
25000
25000
9608
1319
506
25000
483
3092
25000
134
2166
25000
90
179
25000
25000
870
800
47
25000
652
191
25000
25000
753
25000
25000
25000
199
25000
25000
370
465
62
242
25000
25000
25000
671
76
25000
25000
25000
25000
25000
899
476
85
667
527
25000
702
238
25000
25000
25000
25000
25000
25000
3354
25000
1317
1345
81
131
8645
25000
25000
25000
25000
323
25000
25000
128
12257
535
12185
25000
6351
2272
6320
25000
651
221
140
1048
76
1661
30
25000
25000
25000
25000
706
2263
25000
3585
2521
679
25000
25000
25000
25000
1528
25000
25000
25000
266
25000
65
315
25000
604
4867
25000
173
407
902
25000
771
287
6469
25000
25000
25000
25000
664
25000
25000
25000
25000
25000
25000
2131
25000
25000
234
25000
25000
761
214
660
294
910
25000
25000
25000
347
386
25000
25000
1817
25000
521
257
25000
168
204
404
25000
25000
2454
25000
25000
25000
25000
201
88
25000
25000
25000
25000
25000
25000
3935
10362
25000
25000
211
25000
301
25000
780
25000
6972
2657
25000
25000
25000
185
281
10161
25000
2735
25000
442
1414
25000
1455
25000
114
335
777
1841
894
2484
25000
1076
25000
25000
25000
25000
25000
25000
9952
25000
25000
1340
25000
25000
25000
10329
25000
25000
25000
2655
1
25000
25000
25000
8837
6802
25000
1361
25000
25000
25000
25000
2561
74
25000
25000
25000
82
645
1679
25000
25000
117
1468
546
66
953
25000
25000
7468
25000
138
1785
149
172
25000
25000
672
1947
25000
3912
10656
483
323
25000
1018
25000
25000
2736
25000
3647
25000
264
127
25000
25000
25000
25000
1317
25000
25000
84
25000
25000
307
79
1255
25000
67
9323
25000
25000
25000
25000
137
25000
1283
25000
475
25000
25000
25000
409
319
25000
25000
25000
25000
259
4623
1043
5293
25000
647
25000
25000
228
25000
25000
1112
8551
4011
25000
25000
3974
1441
633
171
25000
25000
25000
391
25000
9635
25000
2234
25000
25000
447
25000
25000
25000
25000
576
1123
414
362
25000
25000
25000
25000
25000
2529
824
1570
25000
196
25000
25000
279
25000
72
710
271
1077
5675
25000
537
242
25000
50
25000
25000
435
955
2956
25000
25000
25000
1607
221
25000
25000
25000
25000
1748
25000
25000
535
410
25000
25000
239
25000
25000
293
25000
201
2298
25000
25000
100
724
25000
25000
9348
25000
25000
127
10804
25000
25000
25000
832
25000
25000
472
238
25000
807
25000
25000
25000
736
484
64
670
25000
25000
25000
1397
121
184
25000
238
635
1640
25000
25000
774
96
1031
25000
25000
25000
9802
500
25000
240
432
53
25000
186
25000
25000
2675
25000
587
2582
25000
25000
241
25000
25000
137
25000
25000
25000
402
64
25000
182
1905
2045
25000
25000
25000
66
25000
25000
25000
2575
25000
25000
25000
2191
25000
25000
8714
565
255
1181
25000
1425
1330
25000
1001
25000
25000
25000
6594
1
25000
257
25000
25000
1092
435
25000
316
25000
276
913
25000
25000
8552
25000
25000
2489
25000
1783
25000
235
265
329
351
25000
4493
2113
2939
105
25000
342
25000
25000
25000
1872
317
25000
232
2006
25000
889
25000
25000
211
642
7163
85
25000
25000
272
951
537
25000
3529
444
25000
3269
25000
309
25000
25000
2424
25000
158
888
51
2757
25000
25000
2652
25000
25000
25000
3176
281
25000
25000
25000
25000
221
25000
25000
25000
25000
25000
25000
331
25000
25000
25000
25000
363
200
9249
361
1402
25000
25000
531
25000
1479
52
8914
25000
25000
9512
8767
25000
54
25000
1931
25000
4836
25000
25000
2120
1367
10638
9887
414
201
25000
5547
5088
25000
8530
25000
25000
25000
25000
25000
7156
733
25000
25000
1106
2413
204
25000
25000
25000
25000
25000
1099
1945
1027
25000
533
463
259
283
707
383
1275
25000
25000
25000
292
6466
645
3528
1596
301
25000
516
580
175
1531
721
25000
229
25000
25000
25000
329
25000
197
765
25000
25000
25000
25000
3389
25000
218
1701
25000
309
788
25000
860
2641
8058
201
25000
484
1095
724
1992
222
25000
25000
25000
25000
782
742
25000
298
1203
1234
25000
25000
10907
1506
25000
25000
25000
25000
25000
25000
25000
25000
25000
25000
25000
25000
348
25000
704
1470
25000
25000
25000
139
597
367
25000
25000
25000
25000
25000
9357
25000
414
1506
25000
57
25000
25000
345
25000
711
205
25000
687
25000
240
25000
7405
2438
25000
25000
25000
25000
88
724
25000
474
25000
25000
418
25000
797
378
537
25000
25000
814
25000
180
104
330
25000
611
25000
1046
25000
7597
25000
25000
25000
25000
25000
25000
3395
11087
25000
1706
25000
25000
25000
592
3739
25000
2370
9739
25000
254
162
25000
710
593
1499
25000
1238
25000
171
25000
25000
25000
25000
25000
25000
25000
25000
448
25000
171
486
11780
1689
25000
25000
300
270
25000
25000
25000
691
25000
207
25000
25000
25000
385
25000
158
375
8006
25000
25000
25000
90
25000
25000
182
474
25000
25000
12443
42
1250
1193
483
471
10703
25000
25000
175
25000
25000
1561
25000
25000
25000
25000
25000
487
1439
690
25000
2072
25000
25000
25000
232
25000
5876
6752
25000
83
25000
25000
25000
2462
25000
25000
426
25000
547
25000
25000
25000
25000
25000
25000
1504
25000
602
25000
25000
294
25000
25000
25000
25000
25000
25000
25000
25000
25000
25000
25000
11116
6768
25000
25000
260
7689
25000
25000
25000
25000
25000
611
744
3403
25000
10179
25000
25000
25000
681
1942
25000
1436
25000
228
1314
25000
25000
25000
320
76
10568
25000
1511
25000
426
25000
723
25000
25000
856
568
1633
25000
25000
25000
25000
433
25000
25000
122
25000
25000
100
25000
25000
915
25000
1355
25000
403
25000
1386
596
25000
25000
386
1184
501
2185
229
337
462
25000
458
10868
25000
25000
185
22
715
25000
25000
25000
25000
309
625
6618
25000
25000
25000
7873
25000
25000
25000
25000
25000
25000
25000
1480
25000
42
25000
25000
25000
25000
25000
25000
25000
254
8733
25000
25000
1242
1619
224
3435
1935
25000
573
241
25000
488
9119
8377
2788
420
25000
2836
25000
25000
25000
25000
1210
674
1514
25000
7838
10692
25000
388
2823
202
503
1846
675
10009
622
630
25000
25000
25000
9433
10587
4497
25000
25000
25000
159
329
204
769
25000
25000
1227
25000
25000
25000
25000
60
25000
7151
25000
182
25000
25000
25000
471
677
25000
569
25000
25000
25000
1046
25000
59
25000
25000
1270
1305
713
867
100
25000
401
6968
25000
228
586
478
620
1787
25000
719
25000
25000
454
7600
25000
1854
563
25000
1066
25000
25000
25000
321
143
452
903
25000
195
25000
136
734
25000
1609
94
1141
25000
584
25000
77
25000
705
25000
25000
25000
255
544
25000
592
223
25000
583
25000
295
25000
25000
217
472
111
25000
25000
25000
429
205
732
332
705
25000
649
25000
25000
25000
25000
25000
685
529
722
125
25000
183
25000
25000
689
25000
25000
25000
418
11512
25000
25000
9489
25000
68
1491
328
171
1831
25000
7921
247
25000
25000
25000
25000
25000
323
25000
697
696
25000
522
25000
25000
25000
337
21
25000
475
1149
548
3235
25000
25000
25000
504
63
91
25000
251
465
25000
25000
1762
253
25000
706
798
25000
25000
10299
852
712
25000
25000
539
25000
25000
25000
941
199
25000
25000
25000
25000
288
682
870
2274
25000
25000
25000
25000
306
729
25000
25000
1172
7257
9121
940
171
25000
25000
25000
25000
25000
307
25000
1412
1363
25000
242
735
25000
754
25000
144
1692
1182
25000
8682
1856
283
25000
25000
629
25000
327
25000
25000
888
25000
7925
25000
25000
1160
228
25000
749
25000
25000
177
25000
25000
2874
8453
189
25000
363
118
25000
25000
25000
25000
25000
25000
7074
391
220
25000
25000
555
918
25000
160
268
462
25000
394
25000
366
25000
311
193
25000
661
25000
25000
25000
25000
987
25000
274
25000
653
25000
25000
1274
25000
817
25000
5446
25000
1704
25000
150
25000
25000
223
221
544
1200
25000
587
25000
25000
455
25000
66
25000
685
1568
646
25000
712
25000
590
25000
25000
25000
25000
160
25000
523
25000
1108
25000
25000
614
25000
25000
25000
20
25000
92
329
25000
905
458
1621
257
1568
38
649
117
25000
25000
25000
25000
25000
302
25000
9763
384
1213
823
25000
107
9859
25000
853
521
9698
9629
10948
25000
765
25000
1720
25000
25000
25000
1230
97
824
11185
737
25000
25000
185
25000
25000
25000
25000
619
25000
425
25000
25000
25000
1315
25000
25000
25000
517
313
223
1248
1364
24
179
25000
25000
25000
155
944
25000
17
25000
414
25000
25000
25000
148
1473
25000
25000
25000
84
331
25000
25000
25000
25000
25000
25000
54
645
25000
11062
25000
25000
715
25000
25000
52
1014
511
25000
25000
25000
25000
25000
5560
87
261
25000
486
25000
25000
650
7480
25000
25000
988
221
25000
220
1053
268
496
25000
25000
25000
25000
953
734
25000
25000
1195
25000
516
25000
686
25000
2237
25000
25000
25000
25000
1059
25000
25000
25000
238
25000
168
25000
25000
25000
5712
1150
25000
10276
958
25000
25000
25000
25000
25000
11442
25000
25000
137
25000
223
25000
1332
847
9564
218
180
568
10429
25000
92
25000
25000
25000
62
25000
25000
25000
25000
254
25000
25000
423
25000
655
298
25000
25000
1241
25000
7604
25000
25000
25000
25000
25000
25000
25000
25000
25000
25000
693
8981
25000
248
1293
1021
300
383
788
50
495
1308
25000
25000
263
25000
25000
1035
6567
25000
863
1022
885
1631
25000
25000
25000
25000
25000
580
25000
25000
25000
696
25000
25000
85
25000
618
25000
104
218
862
436
25000
144
423
398
1841
1425
272
1425
25000
25000
665
1025
25000
25000
188
25000
25000
25000
25000
220
25000
25000
151
25000
341
25000
25000
25000
386
776
330
25000
1664
25000
413
113
25000
820
25000
12179
25000
25000
25000
25000
176
25000
25000
6457
8291
25000
1511
137
102
462
25000
25000
507
25000
918
25000
25000
361
25000
200
25000
2140
25000
369
25000
259
75
153
25000
25000
25000
25000
25000
247
25000
25000
566
25000
214
25000
25000
1228
25000
6125
25000
10605
1839
25000
25000
25000
25000
224
1840
25000
576
631
25000
50
947
25000
25000
577
122
25000
25000
786
25000
146
268
663
25000
25000
25000
697
610
25000
196
792
25000
260
25000
25000
25000
25000
234
1358
25000
25000
347
145
1553
7645
25000
25000
25000
529
25000
25000
240
490
803
25000
9836
25000
25000
935
603
315
25000
25000
25000
25000
25000
25000
25000
25000
25000
664
225
25000
25000
25000
512
25000
100
25000
753
315
25000
2944
25000
571
591
62
25000
10058
470
1344
760
25000
1206
25000
217
25000
25000
25000
25000
25000
25000
25000
333
572
6136
25000
158
25000
25000
25000
25000
619
1685
25000
25000
25000
10166
761
1274
25000
25000
25000
25000
10529
25000
949
25000
25000
25000
25000
143
25000
25000
25000
769
25000
638
25000
186
25000
25000
489
376
329
25000
823
25000
11341
25000
25000
25000
25000
25000
25000
1067
394
25000
25000
25000
2043
926
153
908
116
340
509
25000
25000
25000
497
10982
25000
940
1393
788
1907
25000
25000
211
1243
634
123
10683
25000
25000
25000
235
301
327
444
25000
25000
25000
25000
25000
25000
25000
25000
25000
1760
25000
22
221
646
305
198
25000
25000
313
113
884
476
279
25000
25000
25000
280
25000
260
815
267
25000
25000
25000
41
25000
600
1454
25000
25000
25000
25000
25000
25000
292
310
504
93
9354
25000
725
717
25000
25000
25000
25000
1744
379
25000
1180
25000
846
25000
395
9479
25000
25000
662
25000
25000
724
25000
25000
25000
25000
25000
880
25000
521
1170
25000
492
25000
658
25000
25000
25000
1609
25000
25000
25000
25000
130
287
7974
1161
764
833
767
25000
25000
1713
421
76
25000
218
413
25000
452
10170
285
25000
25000
1610
688
306
25000
334
686
25000
561
80
2436
25000
25000
583
25000
136
587
25000
25000
860
136
25000
25000
447
61
1263
1799
423
25000
25000
25000
25000
1752
1210
25000
25000
25000
25000
6380
25000
25000
25000
25000
25000
25000
9217
25000
335
1230
25000
25000
25000
402
25000
7504
25000
25000
78
25000
35
213
1470
542
9909
25000
25000
25000
25000
25000
25000
135
25000
566
409
25000
25000
25000
110
5760
25000
613
5894
25000
25000
385
25000
25000
706
216
25000
345
300
25000
99
25000
25000
25000
1276
96
246
73
25000
25000
25000
25000
25000
25000
25000
11482
25000
81
410
25000
25000
25000
452
25000
25000
25000
1231
291
1859
1798
25000
1416
99
268
232
25000
219
25000
25000
398
25000
9432
1577
25000
693
390
25000
25000
25000
25000
25000
25000
1795
1449
25000
153
25000
25000
380
25000
25000
25000
117
252
25000
934
25000
25000
25000
620
25000
595
25000
1458
257
25000
765
25000
814
67
50
343
25000
1365
25000
25000
702
812
25000
1520
202
140
103
1726
87
9163
592
517
25000
1174
673
451
345
25000
1420
25000
25000
25000
25000
25000
2442
25000
25000
64
448
25000
25000
777
25000
9073
191
1332
1352
622
49
25000
846
25000
25000
413
25000
25000
86
1304
25000
25000
79
25000
25000
101
8685
150
25000
25000
25000
25000
595
312
25000
25000
25000
1201
25000
25000
10569
25000
184
25000
25000
216
25000
25000
25000
25000
1334
25000
25000
25000
830
628
25000
791
25000
25000
179
25000
25000
10899
183
25000
6496
25000
25000
25000
25000
433
1136
25000
25000
25000
256
25000
395
25000
25000
25000
25000
1206
25000
25000
25000
25000
25000
600
25000
133
300
919
25000
25000
1538
1776
168
1473
25000
396
1786
25000
1263
139
1113
836
164
846
25000
63
3788
370
25000
25000
1068
25000
1148
333
25000
343
25000
25000
25000
440
25000
2642
75
189
25000
25000
8631
126
25000
25000
25000
1068
109
25000
25000
158
25000
176
449
25000
235
25000
25000
25000
25000
35
25000
25000
1388
25000
8428
25000
7211
157
25000
115
459
209
1474
1023
25000
25000
25000
25000
25000
1781
25000
120
25000
25000
66
25000
1398
25000
1421
25000
25000
25000
25000
114
108
25000
25000
9134
586
25000
25000
745
1000
25000
774
8768
25000
25000
25000
1330
6596
25000
224
8206
768
1665
25000
25000
995
57
25000
25000
25000
93
11726
701
25000
25000
10373
25000
25000
433
25000
25000
360
769
214
230
860
68
25000
25000
25000
298
10160
968
25000
555
25000
25000
1600
498
9525
25000
405
71
510
25000
25000
25000
25000
25000
25000
471
691
25000
25000
25000
25000
654
628
25000
384
26
322
25000
520
296
25000
25000
25000
529
353
536
25000
25000
25000
9082
61
25000
25000
79
25000
1431
25000
173
639
25000
25000
163
269
112
25000
903
25000
25000
1018
372
184
527
7186
560
25000
25000
25000
25000
33
25000
204
276
107
549
415
432
25000
155
25000
126
25000
788
25000
42
25000
135
26
25000
25000
25000
506
25000
6850
434
523
25000
25000
154
25000
957
25000
25000
25000
25000
25000
25000
12000
25000
25000
6969
882
674
761
90
25000
25000
275
1777
1511
25000
25000
451
1293
25000
1188
25000
25000
83
25000
760
25000
25000
25000
490
63
25000
25000
25000
305
192
25000
935
25000
25000
25000
271
25000
432
25000
10032
25000
25000
362
593
25000
25000
453
25000
25000
9832
25000
562
89
287
10912
25000
25000
25000
401
25000
234
63
871
25000
121
25000
25000
25000
25000
8438
25000
79
771
25000
25000
311
5267
25000
103
81
1426
25000
25000
449
25000
25000
25000
400
25000
72
136
1313
25000
60
25000
25000
25000
25000
65
648
345
501
285
25000
817
538
882
293
25000
647
10163
25000
25000
108
25000
56
418
25000
25000
25000
715
1006
1339
25000
25000
10378
25000
25000
25000
528
139
25000
215
10998
1357
141
465
27
25000
58
25000
25000
566
25000
25000
1318
159
11345
25000
25000
108
25000
25000
10014
516
25000
307
25000
479
25000
1005
25000
812
25000
32
135
10048
192
97
25000
374
25000
9322
296
786
25000
364
548
227
949
116
1126
323
455
769
25000
115
243
25000
25000
25000
25000
250
1503
96
25000
25000
193
1197
226
25000
25000
1385
896
25000
25000
231
25000
25000
1185
25000
25000
672
25000
25000
7278
114
10146
443
25000
25000
25000
1675
25000
25000
246
25000
25000
25000
25000
590
25000
705
25000
25000
25000
1765
25000
852
25000
240
25000
388
368
2154
83
51
25000
796
25000
541
25000
10774
256
6164
9742
1224
25000
108
25000
25000
25000
469
817
8629
25000
192
25000
193
25000
452
89
25000
25000
25000
282
242
591
111
25000
25000
25000
25000
25000
1177
25000
438
329
97
25000
70
25000
25000
25000
25000
447
99
1563
690
25000
1179
86
25000
234
25000
291
25000
25000
283
409
25000
292
524
356
25000
25000
25000
25000
25000
25000
25000
494
25000
1131
685
25000
8243
25000
25000
25000
25000
145
321
25000
1229
25000
1218
465
950
250
1275
655
25000
25000
600
25000
99
85
7639
200
368
25000
113
25000
25000
771
25000
25000
25000
113
713
25000
405
25000
25000
571
585
25000
25000
25000
25000
193
25000
25000
66
25000
25000
234
926
857
817
931
25000
481
514
299
25000
25000
459
1962
25000
31
92
1415
25000
25000
261
25000
25000
25000
516
513
254
305
6328
869
25000
25000
112
25000
10
25000
25000
25000
1489
25000
670
541
25000
25000
102
342
25000
25000
458
736
25000
25000
144
861
25000
25000
751
194
25000
88
25000
1379
25000
25000
25000
310
150
778
25000
107
455
472
25000
25000
25000
898
78
25000
89
25000
25000
25000
248
181
25000
476
7906
25000
108
114
331
3
300
455
25000
25000
7102
25000
25000
25000
693
63
991
25000
25000
25000
25000
106
10433
25000
738
866
11321
25000
107
833
25000
25000
43
255
25000
25000
1549
424
203
25000
229
25000
25000
855
307
25000
624
194
7426
337
25000
25000
477
25000
446
25000
25000
826
25000
288
25000
877
25000
25000
159
510
25000
25000
10595
727
25000
25000
25000
1688
25000
25000
25000
25000
25000
25000
25000
25000
971
25000
344
137
581
25000
25000
40
25000
25000
25000
25000
25000
25000
25000
25000
518
308
25000
25000
25000
25000
423
25000
154
25000
25000
7135
347
25000
25000
25000
730
1133
25000
28
25000
25000
565
454
283
25000
25000
691
1108
25000
25000
748
25000
25000
585
25000
442
25000
25000
25000
25000
1286
25000
25000
25000
25000
193
274
92
281
25000
25000
436
775
267
25000
25000
535
25000
25000
735
25000
25000
132
25000
942
753
83
1006
25000
25000
25000
25000
309
25000
969
25000
25000
906
405
25000
25000
25000
25000
764
1378
169
25000
25000
25000
25000
25000
25000
1373
208
25000
1386
934
25000
25000
716
25000
211
25000
366
25000
25000
535
410
25000
9227
480
10457
25000
25000
25000
9987
3561
421
25000
1895
739
25000
25000
1133
207
812
25000
25000
25000
118
365
25000
25000
25000
25000
868
75
25000
491
25000
272
45
25000
2157
25000
25000
661
861
584
531
88
25000
434
7667
25000
8433
1131
25000
25000
25000
178
674
858
25000
46
25000
25000
671
141
6348
25000
25000
919
25000
9629
211
25000
217
52
131
25000
25000
1861
25000
25000
25000
670
25000
25000
25000
713
25000
25000
25000
25000
587
25000
25000
917
25000
203
25000
321
25000
816
25000
5153
25000
862
401
25000
680
25000
680
25000
633
810
25000
12494
1325
312
144
25000
519
25000
25000
609
25000
25000
25000
389
25000
9189
25000
1232
6997
25000
660
1259
1466
25000
334
2141
25000
696
25000
551
25000
25000
617
25000
25000
25000
25000
405
25000
3796
233
25000
25000
1090
1279
25000
94
25000
4385
6363
372
1391
25000
25000
412
119
219
713
25000
25000
6520
407
1714
1206
366
163
25000
25000
94
25000
830
25000
654
25000
642
25000
631
8589
1014
25000
1692
626
25000
25000
25000
25000
25000
25000
25000
25000
25000
225
7567
25000
420
25000
6004
272
817
25000
893
997
25000
525
25000
469
25000
25000
25000
394
1436
1804
25000
529
25000
1150
25000
274
1463
517
25000
25000
25000
332
586
25000
134
25000
431
25000
25000
7075
434
25000
141
25000
25000
25000
525
2200
8178
25000
73
25000
5838
25000
25000
25000
29
25000
8616
37
6529
10624
25000
25000
25000
25000
25000
467
25000
25000
25000
197
8364
1899
25000
25000
25000
25000
25000
254
25000
171
932
25000
288
276
195
827
25000
1
25000
25000
25000
25000
25000
25000
25000
1921
761
25000
437
1232
551
25000
1693
199
25000
464
293
8169
7056
25000
25000
25000
25000
25000
25000
25000
232
25000
25000
72
25000
362
8212
25000
216
25000
25000
863
25000
10147
398
25000
431
25000
172
7259
25000
331
176
588
81
25000
25000
8553
25000
25000
25000
10614
25000
25000
25000
25000
235
127
433
25000
744
25000
344
847
1856
9342
25000
791
25000
1429
25000
25000
25000
25000
6527
526
326
25000
505
200
25000
78
25000
1296
9432
25000
9101
25000
208
988
25000
25000
25000
25000
25000
194
25000
25000
25000
9265
194
25000
10668
25000
25000
25000
156
558
753
113
1317
158
792
382
269
25000
25000
25000
25000
25000
151
173
1157
25000
108
7494
518
556
132
25000
324
25000
978
10397
25000
25000
711
352
25000
25000
25000
1334
25000
188
272
314
25000
1270
558
25000
189
25000
5745
25000
25000
25000
25000
25000
148
495
25000
833
415
25000
560
25000
25000
8757
79
8130
25000
953
25000
1566
25000
479
25000
25000
186
92
25000
25000
25000
560
25000
25000
25000
25000
25000
25000
25000
326
140
664
25000
25000
25000
5458
667
25000
25000
39
25000
25000
1106
25000
270
582
106
25000
248
25000
25000
25000
25000
173
25000
10475
1
309
713
25000
308
25000
284
1667
1036
25000
25000
25000
1377
25000
8048
25000
1243
25000
106
294
6167
740
394
1336
25000
25000
318
25000
25000
25000
25000
25000
1028
692
25000
92
25000
442
25000
472
25000
96
25000
12361
25000
496
135
25000
25000
488
25000
25000
25000
25000
25000
25000
785
25000
291
655
25000
358
25000
25000
311
1205
25000
1277
427
25000
646
238
495
25000
353
495
25000
25000
25000
25000
25000
25000
1025
25000
25000
25000
6845
1223
25000
25000
548
25000
251
342
25000
25000
25000
1134
25000
361
809
1275
767
1484
564
3922
57
1820
129
25000
499
1259
25000
25000
460
1148
530
8852
25000
25000
25000
9685
180
260
777
25000
1093
669
580
877
25000
25000
167
455
217
25000
1340
25000
25000
25000
25000
25000
25000
25000
9252
825
6934
71
25000
9171
25000
25000
25000
727
25000
235
9352
71
25000
25000
503
401
25000
25000
25000
913
818
238
467
25000
259
481
460
25000
25000
84
25000
405
94
25000
25000
25000
25000
606
813
25000
1781
677
406
948
25000
800
25000
25000
82
25000
1091
25000
340
7000
25000
628
267
25000
629
25000
25000
2058
25000
848
25000
25000
25000
25000
25000
25000
25000
228
207
25000
25000
726
25000
306
292
7263
25000
442
62
25000
69
747
86
134
25000
25000
1652
25000
61
323
549
261
66
678
24
468
405
25000
25000
25000
25000
25000
275
217
25000
25000
25000
810
25000
9121
188
25000
2905
25000
311
25000
247
672
174
374
25000
25000
1069
25000
152
577
377
25000
265
1119
331
267
9833
314
8349
196
25000
684
25000
660
365
25000
259
10489
25000
25000
25000
25000
146
3297
25000
63
60
25000
25000
25000
112
25000
25000
297
849
4023
25000
766
6703
25000
840
25000
25000
589
25000
25000
25000
400
407
25000
25000
463
653
319
25000
25000
208
371
25000
25000
25000
25000
579
8962
5327
25000
373
365
25000
1113
25000
25000
25000
25000
58
731
25000
659
25000
25000
24
29
458
25000
25000
25000
25000
79
25000
9636
25000
787
25000
243
25000
25000
25000
1281
25000
606
25000
25000
25000
25000
25000
25000
89
25000
25000
25000
25000
316
267
108
429
25000
25000
30
1683
25000
225
25000
1641
60
25000
25000
931
25000
25000
25000
25000
132
25000
25000
1443
146
8902
25000
650
25000
590
1385
87
25000
25000
164
1283
208
1751
25000
25000
499
268
7914
204
25000
10103
25000
25000
383
535
25000
25000
25000
25000
25000
425
190
25000
25000
84
25000
25000
8437
250
354
25000
7615
25000
7097
25000
25000
610
133
467
25000
11326
25000
25000
166
201
25000
197
814
25000
9634
377
25000
131
855
247
25000
299
25000
737
365
25000
362
136
365
25000
11325
25000
25000
199
25000
286
25000
118
25000
25000
25000
25000
1122
25000
25000
698
25000
445
25000
263
988
25000
25000
9166
90
889
6901
25000
330
383
25000
79
25000
600
329
25000
294
738
25000
25000
25000
103
73
25000
25000
140
25000
1192
25000
565
25000
401
25000
410
1064
1174
25000
1218
331
25000
1370
606
674
25000
184
25000
25000
2458
286
974
236
1330
241
25000
25000
186
25000
25000
728
1459
25000
1461
605
25000
23
405
216
25000
25000
85
25000
251
25000
556
25000
202
25000
94
1461
687
25000
25000
244
25000
25000
6336
217
25000
7212
386
389
771
186
25000
417
25000
25000
25000
5591
25000
343
559
25000
7141
25000
25000
25000
25000
25000
25000
426
917
258
153
8123
669
25000
25000
25000
25000
441
7826
386
472
25000
750
422
25000
85
25000
492
268
405
25000
25000
25000
25000
22
25000
250
25000
197
1448
9630
176
656
734
236
55
25000
25000
25000
25000
220
25000
406
25000
25000
1131
25000
257
11925
25000
782
395
6475
25000
25000
25000
40
25000
25000
10584
25000
25000
149
25000
25
614
25000
25000
1684
145
111
25000
25000
8227
25000
25000
6845
25000
25000
304
25000
25000
25000
25000
265
25000
25000
928
25000
793
25000
25000
25000
25000
25000
25000
25000
25000
25000
25000
183
298
440
362
25000
994
25000
25000
39
25000
25000
1726
170
867
25000
25000
25000
638
697
25000
58
25000
470
445
25000
25000
883
25000
25000
291
11050
25000
25000
25000
10710
530
25000
583
25000
25000
25000
25000
25000
108
58
25000
25000
1036
25000
25000
81
236
25000
25000
25000
8593
25000
280
10134
25000
7820
25000
163
47
25000
297
25000
25000
25000
25000
25000
1447
25000
25000
346
25000
25000
25000
25000
25000
957
25000
683
291
25000
69
10292
300
25000
477
534
140
25000
25000
25000
186
1824
80
25000
1133
25000
25000
206
25000
25000
376
8580
5635
6921
1200
25000
25000
262
25000
294
25000
84
721
552
8998
1204
274
479
25000
180
209
25000
25000
139
25000
1518
25000
295
2399
336
544
25000
25000
25000
878
47
25000
25000
6447
25000
143
25000
1527
25000
152
137
25000
25000
25000
492
235
65
25000
760
501
11296
25000
248
25000
25000
25000
2314
25000
569
25000
181
1081
1030
44
25000
420
1111
131
350
25000
25000
921
25000
25000
25000
1862
6299
915
705
119
25000
25000
31
25000
263
252
25000
465
25000
177
25000
25000
25000
25000
631
25000
25000
259
1527
25000
54
265
25000
1252
97
25000
25000
25000
612
25000
669
25000
1326
40
234
1134
202
25000
25000
188
476
25000
376
34
643
215
25000
25000
79
25000
8212
519
415
25000
366
25000
69
133
388
353
525
25000
25000
25000
25000
25000
25
25000
136
25000
25000
25000
539
219
25000
494
2136
565
462
366
67
25000
473
25000
25000
25000
25000
3604
46
25000
25000
10742
25000
25000
354
25000
658
25000
321
25000
25000
25000
374
25000
244
25000
25000
260
25000
302
25000
259
60
1766
25000
25000
10276
1137
1832
81
1470
271
25000
413
25000
706
1394
25000
25000
231
591
8758
25000
3787
11410
25000
25000
25000
25000
9074
25000
25000
25000
25000
25000
194
25000
25000
25000
791
25000
25000
25000
567
25000
305
25000
7446
23
25000
139
954
691
25000
25000
25000
25000
206
219
345
25000
25000
25000
11645
25000
7670
25000
25000
704
25000
25000
1086
19
137
758
161
17
25000
190
117
25000
397
25000
25000
25000
218
25000
898
16
25000
846
621
25000
25000
9119
25000
315
224
25000
25000
25000
152
897
25000
1044
25000
319
8121
362
200
25000
439
25000
25000
204
146
767
25000
362
25000
478
25000
25000
143
225
25000
44
25000
5465
100
146
293
25000
25000
25000
296
380
25000
730
25000
25000
25000
25000
8490
25000
25000
25000
306
533
25000
25000
25000
697
1772
25000
224
647
25000
25000
25000
25000
182
25000
1369
25000
1228
23
134
25000
25000
162
25000
25000
25000
8644
25000
358
8699
7638
25000
25000
212
25000
25000
25000
25000
156
9846
25000
25000
403
7588
320
25000
25000
25000
319
25000
6112
435
749
9821
25000
249
25000
132
355
10310
25000
7692
674
25000
25000
25000
1772
25000
10684
136
25000
3600
25000
753
812
459
442
268
25000
11153
25000
490
25000
1736
25000
25000
25000
735
94
195
137
3674
285
115
174
681
1206
25000
25000
25000
25000
330
475
45
25000
25000
25000
213
267
25000
1040
906
171
25000
5603
25000
67
25000
884
25000
80
25000
25000
25000
25000
136
25000
267
25000
30
341
192
236
112
25000
25000
687
2647
25000
1009
25000
25000
25000
6840
632
354
25000
306
25000
477
549
25000
25000
667
142
10083
348
25000
25000
8684
201
25000
25000
25000
137
25000
140
85
25000
25000
506
328
25000
25000
25000
25000
25000
756
25000
25000
891
635
23
65
25000
246
677
233
515
25000
90
86
25000
2453
1008
25000
951
25000
25000
96
25000
25000
27
25000
291
25000
420
25000
25000
25000
760
25000
704
25000
440
175
25000
65
25000
69
244
34
761
243
25000
1756
6516
603
25000
25000
25000
358
25000
515
25000
25000
7463
718
25000
2074
655
385
149
343
537
747
93
522
6457
25000
261
225
25000
25000
25000
337
25000
25000
25000
237
25000
25000
25000
84
285
25000
25000
25000
928
1268
457
25000
8169
25000
841
25000
812
1364
227
458
25000
25000
454
1
25000
216
25000
25000
25000
797
25000
358
25000
25000
25000
25000
504
249
25000
6708
25000
6713
25000
53
143
1108
7159
161
25000
25000
300
25000
25000
25000
453
130
372
943
113
25000
8726
1371
175
25000
509
544
548
25000
5541
912
2143
870
25000
683
25000
131
25000
25000
242
25000
34
25000
341
748
25000
141
528
25000
25000
647
180
45
25000
348
25000
1114
25000
25000
25000
176
25000
664
111
25000
581
1598
256
25000
25000
283
11748
115
438
25000
25000
467
25000
25000
25000
25000
31
25000
332
768
195
1681
127
25000
206
279
25000
105
1712
715
518
25000
491
173
529
6307
25000
330
25000
1371
25000
520
701
25000
311
25000
25000
25000
160
25000
25000
25000
25000
1370
150
25000
25000
25000
726
25000
25000
367
9185
507
25000
446
336
80
6040
202
834
25000
25000
25000
25000
25000
473
25000
25000
451
25000
25000
25000
467
25000
25000
25000
25000
25000
25000
25000
442
25000
25000
25000
186
112
827
25000
57
25000
931
8572
25000
133
25000
25000
25000
25000
739
194
172
25000
672
77
25000
1001
687
25000
828
33
25000
25000
25000
25000
25000
314
10315
25000
483
25000
25000
25000
42
151
25000
25000
445
8719
25000
25000
25000
25000
25000
273
773
25000
25000
133
144
25000
408
25000
6213
204
25000
9131
25000
25000
5072
25000
25000
782
311
25000
235
25000
1516
25000
25000
51
25000
540
25000
390
25000
460
532
132
1163
128
25000
241
422
25000
180
877
25000
25000
1436
25000
167
71
25000
1462
25000
1221
398
25000
25000
214
127
25000
156
1178
25000
25000
25000
25000
25000
25000
25000
665
25000
899
25000
25000
279
273
121
111
10964
25000
25000
25000
159
197
25000
583
25000
716
25000
6765
137
220
25000
141
25000
25000
25000
25000
25000
638
6900
59
137
243
25000
333
25000
25000
25000
25000
44
451
25000
25000
25000
66
312
25000
135
25000
221
25000
25000
303
6866
25000
727
25000
524
187
25000
1902
25000
25000
25000
25000
25000
25000
25000
899
9169
25000
25000
25000
25000
25000
25000
25000
25000
25000
1138
55
25000
317
25000
25000
739
1521
717
2020
25000
167
28
25000
25000
25000
25000
873
6282
25000
25000
146
25000
149
231
1728
208
25000
25000
25000
446
251
25000
25000
25000
25000
551
25000
355
6015
25000
94
128
25000
25000
25000
401
231
633
25000
25000
307
478
505
749
25000
428
25000
1216
663
25000
25000
1571
983
326
4169
10102
25000
84
10542
238
256
25000
1096
25000
25000
184
25000
25000
25000
291
340
198
257
25000
247
387
25000
1432
137
25000
3936
25000
25000
25000
25000
105
154
25000
25000
25000
25000
1824
25000
639
443
67
25000
25000
10433
25000
25000
302
25000
209
249
608
25000
687
1341
25000
1592
25000
25000
25000
25000
651
25000
235
25000
25000
25000
717
25000
25000
291
473
202
25000
25000
25000
780
934
25000
6452
25000
25000
621
282
209
25000
25000
9518
436
197
553
25000
123
25000
25000
25000
573
245
25000
25000
471
11
123
25000
97
25000
59
9551
25000
25000
25000
257
1736
25000
25000
25000
728
6363
256
25000
5734
25000
25000
25000
25000
9068
25000
186
1041
25000
25000
120
25000
25000
106
6278
661
185
25000
666
25000
931
25000
328
6394
10081
25000
7793
25000
25000
25000
25000
25000
25000
25000
25000
5636
25000
25000
25000
25000
25000
25000
153
425
97
25000
25000
263
234
25000
81
20
596
25000
254
25000
25000
25000
25000
5515
25000
25000
544
25000
261
1077
25000
95
25000
181
25000
83
25000
8062
360
25000
25000
6192
25000
25000
7083
25000
193
316
25000
788
208
25000
25000
25000
25000
662
25000
1014
1392
180
1061
909
728
313
25000
652
25000
8903
192
6247
860
25000
329
149
25000
25000
1111
136
71
25000
25000
492
212
25000
25000
246
707
25000
25000
25000
25000
25000
25000
684
860
25000
25000
630
391
25000
143
25000
25000
10965
25000
25000
341
25000
96
516
25000
25000
499
25000
9238
25000
25000
118
544
677
25000
25000
25000
73
25000
25000
25000
25000
97
403
25000
25000
1018
7361
281
43
895
25000
25000
25000
70
25000
7038
181
25000
25000
25000
126
25000
744
885
25000
25000
94
65
330
654
25000
25000
25000
848
806
25000
25000
716
25000
799
8951
25000
374
25000
25000
25000
361
25000
25000
25000
1088
717
25000
118
25000
300
25000
25000
25000
25000
69
25000
1252
627
1031
1719
25000
273
25000
25000
703
5686
25000
324
1003
25000
25000
25000
25000
25000
25000
25000
25000
25000
692
771
106
172
25000
25000
25000
9312
956
351
25000
25000
233
646
25000
25000
623
1312
25000
25000
167
93
1631
883
276
348
758
25000
661
580
25000
25000
730
1442
25000
25000
266
9617
25000
93
25000
25000
25000
403
729
8062
165
498
25000
365
609
777
95
25000
25000
25000
25000
25000
25000
25000
25000
25000
9941
1083
53
25000
25000
138
1597
728
25000
25000
25000
25000
382
1331
25000
9468
25000
25000
25000
327
25000
25000
424
25000
5493
25000
318
25000
25000
25000
6846
25000
25000
25000
228
723
11856
1006
6377
25000
25000
25000
222
25000
462
25000
25000
257
25000
1409
11316
25000
8580
480
503
7289
25000
18
280
330
25000
9050
654
312
1018
25000
179
204
25000
1
168
25000
155
25000
912
25000
25000
25000
25000
486
25000
25000
25000
97
25000
343
9710
595
23
609
25000
25000
725
248
25000
236
239
81
25000
702
25000
25000
25000
25000
25000
25000
99
25000
25000
164
25000
25000
40
872
157
1095
25000
95
111
24
1064
25000
25000
25000
489
25000
70
549
709
24
25000
839
25000
25000
784
25000
157
809
25000
25000
25000
223
25000
25000
25000
354
25000
265
25000
25000
25000
934
25000
25000
25000
681
706
166
25000
25000
25000
25000
25000
25000
199
25000
25000
4136
181
204
25000
6548
241
77
562
336
654
25000
25000
26
25000
383
113
25000
25000
25000
179
1337
25000
25000
540
25000
77
637
25000
61
25000
25000
1793
783
25000
120
25000
1216
25000
866
147
155
490
1160
95
423
147
3484
102
25000
25000
25000
1518
798
25000
308
25000
25000
25000
25000
91
262
25000
25000
25000
25000
22
25000
25000
25000
117
187
114
8251
25000
25000
25000
356
449
25000
1180
25000
2739
532
25000
54
25000
25000
246
25000
147
382
62
553
25000
34
65
25000
25000
25000
25000
25000
91
25000
79
25000
263
25000
25000
25000
25000
296
429
115
183
255
25000
25000
25000
25000
25000
25000
25000
386
25000
518
190
313
460
223
25000
152
25000
25000
25000
25000
19
177
715
348
25000
25000
139
322
25000
25000
648
263
25000
176
149
25000
706
25000
216
25000
25000
94
25000
41
210
25000
25000
445
466
142
25000
217
25000
25000
228
219
448
140
245
204
25000
1215
878
185
25000
25000
25000
25000
353
25000
25000
886
136
25000
64
6270
143
217
3667
25000
25000
25000
1217
274
748
77
369
108
25000
432
439
25000
6269
25000
25000
257
25000
25000
25000
66
632
25000
2100
882
25000
25000
760
25000
670
25000
733
25000
248
25000
203
25000
25000
120
640
320
1064
3687
462
946
25000
244
514
475
25000
25000
25000
254
25000
25000
25000
215
3956
25000
660
25000
25000
25000
1102
378
25000
25000
25000
411
25000
137
25000
314
804
25000
25000
25000
25000
581
25000
25000
46
381
25000
25000
25000
25000
72
772
258
388
54
25000
890
25000
425
25000
262
134
472
1223
25000
25000
25000
25000
94
25000
707
96
25000
191
25000
25000
25000
25000
370
536
5283
25000
25000
25000
25000
1416
240
25000
25000
25000
1272
25000
512
3485
25000
612
25000
165
299
25000
25000
712
326
25000
303
25000
5483
32
25000
25000
25000
230
25000
817
25000
6640
25000
159
26
98
25000
25000
887
5778
890
58
1463
25000
25000
25000
25000
6532
833
232
232
25000
276
990
25000
25000
25000
261
25000
25000
25000
25000
116
25000
25000
25000
107
25000
174
25000
25000
25000
25000
20
67
25000
25000
99
830
25000
1045
680
25000
25000
623
112
83
741
25000
25000
911
5724
49
1826
152
205
228
85
458
25000
25000
370
103
25000
4157
25000
25000
25000
193
432
25000
122
25000
1643
427
25000
25000
1680
2611
1655
25000
25000
25000
244
25000
1113
641
25000
262
365
4427
25000
7841
345
25000
25000
877
25000
448
25000
25000
25000
25000
877
25000
1141
811
319
263
25000
25000
25000
452
341
25000
1155
603
25000
554
25000
388
25000
25000
25000
5049
445
25000
171
25000
4055
51
1
25000
469
25000
25000
747
4873
25000
342
25000
25000
80
25000
680
25000
169
272
25000
87
25000
44
677
555
333
25000
25000
83
25000
82
25000
25000
58
9724
417
235
336
761
25000
25000
25000
182
25000
25000
293
25000
166
116
91
5905
25000
172
265
492
710
1331
287
25000
82
25000
543
25000
650
25000
25000
25000
24
25000
662
761
25000
25000
25000
478
490
239
305
10958
351
25000
129
25000
784
72
25000
676
154
1883
25000
25000
25000
73
53
25000
25000
25000
25000
25000
309
331
25000
2642
25000
249
25000
25000
123
257
25000
195
131
866
307
25000
456
284
186
25000
668
25000
25000
5445
4636
1354
25000
719
797
1775
2335
1025
743
25000
24
163
25000
1470
25000
25000
129
25000
412
47
676
25000
25000
149
36
1055
25000
25000
2401
842
25000
4960
25000
21
25000
25000
264
25000
25000
25000
10119
1062
25000
25000
963
25000
88
633
289
1143
25000
30
83
4201
367
1338
25000
25000
25000
255
25000
25000
47
25000
25000
991
25000
25000
25000
25000
607
901
906
25000
25000
25000
25000
25000
700
679
25000
25000
25000
25000
25000
25000
25000
88
25000
314
25000
25000
173
25000
91
25000
25000
69
25000
25000
163
519
25000
1312
25000
20
25000
528
25000
1100
207
25000
25000
309
296
1639
25000
25000
25000
25000
123
25000
25000
25000
25000
25000
25000
25000
265
25000
25000
211
25000
31
25000
662
25000
25000
25000
25000
25000
25000
669
290
717
194
113
25000
25000
25000
25000
25000
25000
25000
489
185
25000
116
131
598
25000
25000
25000
25000
25000
566
25000
25000
25000
163
278
25000
713
25000
433
25000
368
25000
327
5940
426
25000
398
25000
238
812
25000
739
988
98
82
25000
25000
25000
25000
25000
25000
25000
482
212
25000
25000
25000
25000
686
25000
25000
867
469
25000
65
99
116
25000
25000
25000
193
25000
932
3284
25000
25000
4
25000
25000
4094
494
25000
47
3457
25000
452
25000
25000
25000
25000
25000
435
25000
25000
25000
25000
25000
25000
204
25000
195
453
165
25000
25000
85
25000
31
25000
66
277
483
25000
36
25000
25000
104
6132
25000
177
50
85
25000
25000
325
158
25000
25000
25000
25000
25000
411
25000
49
184
25000
25000
25000
25000
261
4629
25000
717
25000
25000
1036
230
313
248
149
25000
25000
25000
430
797
262
25000
688
25000
352
25000
3999
25000
287
1532
1145
25000
713
112
78
25000
25000
256
177
543
79
409
25000
81
182
394
376
25000
25000
25000
270
25000
227
25000
233
25000
25000
25000
25000
287
537
881
25000
646
25000
25000
25000
390
927
25000
1064
142
291
424
1483
73
25000
25000
499
219
25000
26
25000
4738
324
25000
5519
286
5866
25000
472
1335
830
25000
63
77
25000
25000
38
60
25000
126
25000
823
3186
612
375
25000
480
25000
117
29
216
25000
25000
25000
638
25000
713
25000
765
103
25000
25000
3463
159
24
25000
292
25000
412
887
879
68
227
589
25000
514
25000
1
25000
25000
25000
131
25000
25000
25000
388
248
94
72
1174
705
6445
25000
25000
188
25000
25000
25000
25000
25000
25000
25000
6090
5222
245
98
25000
25000
25000
102
553
25000
395
314
771
25000
25000
25000
157
25000
1220
25000
464
710
156
351
618
33
25000
25000
25000
25000
25000
25000
5221
25000
24
409
25000
131
25000
25000
610
152
25000
25000
522
6509
25000
25000
37
25000
626
5352
25000
508
25000
25000
25000
25000
25000
259
485
25000
76
25000
136
250
381
6310
51
25000
508
348
84
25000
25000
170
25000
25000
570
97
25000
7581
171
417
25000
25000
25000
25000
84
25000
25000
1205
123
148
125
25000
25000
416
730
25000
25000
25000
25000
25000
887
48
263
25000
25000
25000
25000
25000
652
25000
676
25000
1028
264
4008
155
25000
25000
248
125
25000
233
921
25000
25000
25000
1086
130
338
25000
25000
25000
125
208
25000
259
25000
1
373
263
81
1239
25000
25000
25000
25000
686
25000
1001
74
433
249
629
25000
25000
115
986
1509
427
25000
25000
25000
25000
235
25000
25000
281
912
890
238
796
329
25000
203
130
25000
73
276
819
25000
7531
886
464
721
25000
25000
25000
25000
25000
25000
25000
25000
69
25000
2522
699
444
25000
1076
25000
25000
25000
25000
299
260
25000
25000
25000
25000
25000
25000
25000
727
25000
25000
25000
87
25000
144
25000
143
25000
373
183
285
25000
133
175
25000
3057
572
148
1547
25000
41
203
25000
302
25000
136
850
25000
701
25000
1198
375
518
1439
763
25000
25000
837
127
25000
25000
25000
490
25000
25000
327
809
2735
561
25000
25000
398
25000
448
25000
25000
25000
25000
81
87
535
577
25000
1989
11401
210
25000
25000
78
25000
25000
373
25000
25000
25000
25000
25000
25000
334
255
25000
553
25000
5850
25000
1038
25000
25000
202
25000
25000
258
631
25000
25000
405
251
25000
25000
25000
1320
1037
25000
25000
25000
210
674
257
2356
25000
25000
25000
25000
25000
25000
25000
352
25000
25000
5143
25000
25000
25000
25000
3001
1333
25000
25000
595
61
25000
25000
35
210
409
25000
1043
25000
725
25000
25000
25000
182
14
25000
383
176
662
25000
25000
381
25000
25000
25000
25000
4094
887
25000
633
25000
576
56
25000
25000
25000
25000
25000
25000
338
25000
94
3521
25000
1456
25000
2763
43
107
25000
25000
25000
25000
25000
178
178
25000
25000
25000
25000
53
25000
25000
25000
364
135
154
25000
25000
973
25000
2435
25000
25000
25000
25000
25000
25000
169
55
25000
25000
268
25000
25000
229
361
832
25000
816
25000
124
25000
115
817
93
353
230
245
25000
25000
291
25000
656
1091
491
25000
783
25000
94
188
25000
25000
25000
6846
25000
127
25000
325
25000
129
25000
25000
25000
962
223
94
25000
25000
120
25000
583
25000
410
25000
25000
253
25000
284
25000
341
794
1403
25000
25000
25000
339
119
315
4058
218
25000
110
101
652
3971
25000
25000
265
574
992
104
25000
136
359
25000
74
25000
563
949
25000
25000
124
90
25000
336
11580
25000
25000
256
77
585
25000
25000
25000
298
25000
25000
328
25000
114
108
25000
25000
25000
507
25000
25000
25000
366
6509
225
21
204
25000
25000
25000
352
90
25000
152
25000
947
25000
135
25000
25000
271
25000
25000
25000
25000
25000
25000
25000
25000
25000
25000
399
1
195
1073
25000
25000
25000
25000
617
25000
499
40
509
25000
155
25000
25000
369
41
92
394
285
377
519
25000
665
25000
520
233
25000
25000
84
120
25000
25000
25000
25000
167
267
25000
83
181
25000
25000
25000
25000
348
110
688
25000
25000
233
421
6823
25000
2667
205
91
25000
27
672
25000
25000
408
134
215
25000
91
359
145
25000
25000
25000
23
25000
1511
25000
25000
25000
873
25000
25000
346
25000
185
25000
25000
838
25000
418
25000
25000
867
25000
376
25000
25000
25000
381
25000
25000
832
25000
135
25000
926
25000
973
335
2061
2218
193
530
12774
50
401
286
71
247
176
25000
25000
2092
116
247
25000
387
727
25000
25000
25000
25000
25000
4392
65
326
2265
25000
25000
6158
25000
25000
25000
25000
25000
136
25000
81
134
163
176
182
25000
1499
198
25000
1000
25000
25000
25000
25000
183
46
77
540
25000
25000
278
25000
25000
25000
25000
25000
25000
25000
25000
25000
231
25000
591
25000
25000
25000
25000
22
123
421
25000
25000
25000
438
6286
288
6695
25000
301
182
266
213
25000
25000
30
503
25000
922
354
25000
272
66
135
25000
341
395
633
25000
2461
206
25000
25000
753
25000
622
25000
552
25000
25000
25000
25000
369
25000
25000
6543
25000
575
25000
25000
25000
51
910
25000
25000
97
992
21
25000
28
25000
25000
25000
25000
153
1550
210
4021
343
25000
141
430
25000
25000
25000
25000
25000
149
25000
190
25000
176
25000
46
175
508
25000
25000
25000
25000
75
2376
25000
91
25000
25000
25000
140
459
25000
25000
25000
618
171
25000
25000
75
25000
25000
178
25000
188
1130
1253
4653
141
25000
237
178
368
204
1150
25000
25000
25000
137
526
25000
50
48
18
25000
25000
25000
345
25000
214
153
25000
25000
3143
25000
25000
96
25000
278
25000
25000
650
25000
236
389
25000
56
25000
169
25000
204
25000
25000
178
25000
47
25000
444
25000
111
25000
25000
1351
71
25000
25000
217
25000
25000
291
25000
135
25000
25000
37
25000
25000
356
25000
25000
25000
332
331
25000
25000
25000
25000
25000
297
25000
25000
158
25000
25000
54
2077
25000
71
306
447
25000
25000
10522
318
25000
368
25000
25000
25000
25000
25000
25000
21
25000
25000
135
763
275
25000
25000
25000
152
25000
25000
25000
25000
25000
25000
201
201
25000
25000
25000
25000
110
25000
213
165
25000
413
25000
25000
142
25000
25000
25000
25000
25000
47
25000
25000
25000
25000
1341
839
4318
85
25000
696
132
25000
25000
25000
189
2796
25000
153
258
239
131
25000
122
25000
136
25000
124
25000
25000
25000
506
642
641
25000
3394
1467
25000
247
25000
84
25000
211
25000
25000
25000
25000
25000
25000
175
886
437
4433
25000
25000
25000
591
61
232
4316
25000
25000
6
25000
65
165
52
245
122
25000
2025
25000
25000
690
173
201
25000
316
75
25000
690
237
25000
25000
16
25000
25000
25000
25000
155
6127
25000
1016
649
25000
296
25000
57
25000
349
25000
25000
829
1
23
25000
25000
51
25000
25000
25000
25000
25000
25000
281
25000
25000
25000
355
25000
25000
403
25000
409
166
57
25000
25000
139
272
25000
25000
34
25000
25000
146
49
25000
25000
25000
25000
49
249
25000
25000
173
25000
126
1355
25000
25000
25000
1122
25000
25000
25000
283
25000
302
124
54
25000
733
25000
25000
341
1225
25000
92
130
25000
84
25000
25000
115
314
25000
25000
25000
25000
149
253
87
25000
25000
500
1658
25000
25000
25000
366
25000
416
2983
25000
25000
25000
25000
25000
83
402
25000
181
25000
1373
234
25000
399
89
100
25000
676
112
25000
76
215
155
25000
25000
25000
25000
105
25000
179
25000
314
25000
148
25000
25000
365
76
25000
25000
25000
113
25000
3589
25000
183
25000
25000
25000
25000
25000
25000
189
25000
157
2444
78
25000
25000
25000
25000
25000
839
334
1910
25000
25000
25000
25000
978
25000
135
604
131
12122
25000
250
1151
735
382
284
396
25000
25000
25000
25000
728
287
197
30
25000
148
4590
25000
92
25000
25000
25000
25000
25000
92
25000
25000
25000
25000
25000
1
25000
63
25000
25000
25000
25000
25000
25000
362
6379
25000
1434
77
25000
2227
450
25000
25000
56
87
25000
390
25000
173
25000
25000
888
484
25000
25000
25000
101
3057
1189
297
25000
25000
25000
25000
25000
25000
539
25000
25000
187
25000
174
106
694
25000
147
25000
341
4860
25000
175
29
306
38
411
197
25000
635
25000
25000
25000
25000
25000
25000
427
240
137
185
25000
25000
269
718
208
25000
25000
867
10677
25000
25000
25000
25000
25000
25000
25000
27
25000
25000
236
25000
25
25000
25000
25000
1527
25000
192
25000
91
616
25000
5366
25000
25000
289
25000
134
25000
79
25000
25000
25000
25000
743
25000
25000
25000
220
25000
249
4978
25000
25000
25000
25000
785
5884
25000
25000
25000
25000
25000
25000
6327
25000
142
25000
25000
129
168
753
67
25000
55
25000
107
97
25000
25000
25000
986
25000
25000
25000
25000
25000
25000
25000
25000
25000
140
212
639
371
16
82
248
6881
5789
25000
2379
55
25000
25000
320
25000
25000
25000
44
25000
233
83
293
160
427
25000
25000
377
83
125
1254
3025
25000
322
64
25000
588
421
61
25000
44
25000
225
25000
86
25000
71
25000
25000
169
25000
128
25000
25000
460
196
372
25000
451
50
25000
25000
144
25000
25000
99
182
25000
25000
25000
289
121
278
439
25000
25000
25000
25000
1106
42
25000
25000
25000
54
25000
25000
947
25
25000
25000
331
78
25000
393
25000
115
25000
25000
25000
25000
1
29
365
25000
235
215
25000
25000
266
870
25000
336
714
408
25000
886
25000
25000
25000
25000
2207
25000
25000
25000
194
621
25000
25000
80
17
25000
5727
420
334
6355
25000
25000
105
25000
25000
25000
401
56
386
594
25000
25000
25000
154
76
25000
72
25000
436
25000
250
729
338
25000
25000
214
18
25000
25000
3859
25000
25000
25000
205
25000
25000
6727
25000
186
271
25000
25000
31
64
25000
234
25000
25000
840
40
415
785
350
25000
25000
25000
25000
25000
25000
260
147
25000
25000
25000
25000
361
25000
3135
25000
346
158
203
25000
25000
385
25000
25000
63
321
344
25000
25000
25000
25000
89
25000
25000
25000
4941
25000
183
357
25000
478
25000
132
25000
257
94
25000
51
4800
1014
222
211
25000
25000
25000
421
1
25000
25000
377
25000
664
25000
403
4967
25000
2012
61
25000
25000
25000
25000
597
158
25000
64
3973
25000
104
713
50
3141
25000
25000
25000
1259
400
25000
110
333
25000
25000
64
25000
25000
25000
381
803
25000
1650
25000
25000
2780
25000
280
672
25000
25000
280
153
62
62
158
29
25000
25000
801
1608
6073
25000
25000
497
215
25000
87
5401
25000
25000
436
46
25000
25000
25000
2932
388
113
25000
73
370
25000
25000
25000
25000
432
11718
472
25000
82
29
25000
25000
296
25000
489
25000
40
25000
323
193
57
25000
25000
207
25000
128
25000
275
1466
25000
4785
98
152
25000
25000
25000
506
179
25000
25000
25000
25000
25000
9941
4702
556
25000
25000
25000
25000
174
25000
25000
25000
25000
146
430
25000
290
56
198
25000
25000
497
142
6389
25000
25000
25000
25000
25000
25000
323
25000
25000
25000
25000
25000
314
25000
25000
25000
25000
409
25000
246
792
1604
2594
25000
25000
25000
460
25000
133
69
453
25000
128
25000
167
315
25000
194
264
7729
25000
278
413
25000
25000
412
368
25000
175
25000
63
25000
412
25000
25000
25000
25000
25000
25000
263
155
300
103
25000
4608
25000
10606
5668
25000
25000
165
1906
1369
177
172
25000
261
209
101
129
25000
1105
25000
25000
25000
599
199
73
197
25000
25000
222
237
25000
577
25000
25000
25000
6682
25000
25000
25000
25000
432
251
25000
25000
25000
98
25000
25000
25000
25000
219
683
4984
25000
226
25000
8885
25000
25000
156
288
25000
49
25000
41
143
25000
25000
25000
25000
234
210
25000
25000
25000
62
25000
25000
25000
25000
25000
25000
97
2609
25000
261
25000
49
212
104
38
25000
1178
3400
25000
25000
38
632
90
221
492
25000
260
208
259
300
25000
25000
25000
25000
3930
4953
1069
25000
25000
25000
25000
25000
620
91
25000
25000
25
582
1415
25000
25000
25000
25000
25000
352
25000
25000
25000
25000
25000
602
25000
25000
735
562
25000
100
25000
25000
354
25000
25000
5106
25000
246
41
25000
25000
295
3191
25000
25000
328
2339
1
25000
741
213
25000
25000
61
154
25000
25000
25000
25000
25000
135
25000
268
141
773
34
165
25000
113
25000
25000
25000
474
123
25000
130
25000
4513
25000
25000
25000
57
77
386
25000
25000
6577
159
364
161
448
5835
208
25000
25000
360
25000
711
75
25000
25000
25000
119
1608
25000
25000
25000
25000
239
25000
25000
435
25000
317
627
100
25000
273
25000
4554
111
308
3305
29
25000
656
532
6432
1636
149
25000
25000
25000
25000
254
693
187
1953
107
25000
895
25000
84
255
25000
25000
425
25000
25000
1035
10945
25000
25000
25000
4084
25000
25000
25000
25000
73
25000
223
25000
25000
426
48
25000
25000
25000
211
25000
258
98
25000
25000
248
107
25000
25000
25000
137
137
38
85
25000
215
25000
1016
25000
25000
25000
25000
25000
175
368
25000
671
134
572
793
2423
25000
25000
25000
67
26
3444
3353
25000
25000
185
85
145
3156
848
4577
25000
25000
25000
25000
706
25000
25000
33
256
77
25000
25000
25000
511
25000
25000
341
25000
25000
1005
25000
25000
230
42
1330
25000
25000
25000
25000
397
25000
25000
25000
55
25000
2320
25000
55
25000
25000
25000
160
125
102
181
25000
75
25000
25000
25000
25000
25000
25000
428
25000
591
575
106
767
25000
211
25000
377
25000
438
59
25000
56
25000
25000
25000
323
25000
195
25000
359
25000
25000
348
25000
53
275
25000
25000
655
136
25000
41
94
84
25000
252
25000
244
25000
25000
25000
25000
25000
25000
25000
373
227
25000
617
94
25000
118
25000
856
25000
137
25000
812
25000
112
25000
25000
56
105
289
25000
209
377
25000
25000
609
151
960
218
25000
25000
133
25000
25000
25000
2682
189
742
25000
2613
395
25000
322
25000
25000
25000
162
3171
25000
25000
25000
217
25000
25000
25000
25000
25000
25000
25000
1136
25000
25000
25000
25000
755
188
25000
25000
25000
288
123
56
25000
25000
25000
416
25000
206
425
260
134
25000
25000
25000
181
25000
25000
25000
318
3314
412
5726
25000
313
25000
132
3661
25000
25000
250
330
466
998
11
119
25000
25000
298
25000
829
25000
25000
25000
794
25000
25000
517
25000
25000
25000
25000
25000
119
25000
29
25000
186
181
25000
25000
25000
361
25000
237
25000
3738
25000
25000
25000
25000
25000
1231
806
25000
226
25000
3130
25000
84
25000
59
25000
704
180
515
25000
84
25000
123
25000
37
462
348
252
25000
71
46
25000
111
23
25000
115
221
25000
25000
25000
25000
25000
25000
25000
54
325
25000
25000
25000
25000
25000
1274
25000
3589
63
25000
25000
3371
25000
25000
25000
158
3605
25000
25000
165
267
25000
139
100
774
3757
1052
25000
25000
356
25000
25000
171
25000
1262
25000
25000
25000
25000
46
822
25000
526
25000
25000
25000
235
965
25000
224
25000
100
232
722
221
25000
25000
128
122
25000
25000
25000
2670
389
221
1002
416
766
25000
25000
25000
72
236
162
25000
25000
221
25000
25000
25000
171
25000
283
25000
25000
606
25000
25000
171
6120
25000
25000
93
25000
25000
25000
592
275
25000
25000
136
11
66
25000
95
25000
41
25000
25000
25000
25000
25000
25000
394
233
2674
25000
687
25000
1418
294
131
191
25000
25000
157
25000
25000
2983
25000
352
25000
1686
25000
185
73
25000
1211
77
25000
483
2052
438
25000
462
2765
25000
25000
119
25000
298
25000
25000
894
338
387
9439
440
837
25000
25000
187
421
154
25000
88
25000
90
290
6615
130
25000
478
25000
25000
265
323
244
173
288
8
98
25000
1304
187
25000
176
294
25000
25000
25000
25000
321
255
25000
25000
19
647
25000
370
25000
673
200
25000
129
166
25000
25000
25000
54
25000
25000
25000
25000
746
25000
25000
25000
1766
25000
607
25000
25000
564
25000
196
25000
64
25000
25000
25000
25000
25000
25000
25000
25000
150
553
25000
25000
237
25000
190
160
607
25000
25000
25000
815
25000
197
25000
406
25000
54
25000
88
25000
1174
142
2673
254
23
25000
778
25000
468
25000
25000
25000
25000
223
85
25000
25000
2098
698
588
292
381
6793
25000
951
127
1145
25000
25000
10
660
25000
25000
604
292
4308
25000
25000
25000
25000
287
121
15
210
11290
525
333
25000
25000
25000
162
137
181
2661
25000
2065
25000
25000
371
25000
336
112
25000
25000
25000
25000
288
135
192
2362
473
25000
25000
25000
223
25000
42
25000
393
301
25000
5566
25000
3507
25000
186
25000
388
25000
25000
402
25000
479
25000
2047
25000
25000
25000
214
479
25000
196
25000
25000
25000
25000
25000
25000
25000
1959
250
25000
25000
149
25000
117
293
2728
25000
178
97
50
25000
1697
720
25000
295
25000
25000
25000
25000
177
60
25000
130
25000
194
25000
447
122
331
25000
25000
25000
110
25000
152
804
710
25000
87
25000
25000
74
25000
1148
299
25000
25000
25000
305
25000
435
25000
57
110
25000
25000
50
83
25000
1024
25000
25000
209
969
25000
73
257
25000
25000
420
732
2062
1373
25000
54
733
25000
25000
227
25000
25000
918
25000
364
198
25000
242
116
25000
25000
25000
25000
40
25000
25000
25
25000
177
25000
25000
196
25000
25000
219
25000
1
25000
147
25000
25000
25000
25000
25000
25000
217
723
25000
25000
108
2079
25000
25000
226
25000
25000
1385
25000
25000
248
25000
25000
25000
262
25000
3107
865
25000
25000
93
1607
173
25000
313
46
811
25000
142
449
847
25000
25000
2067
515
25000
632
25000
25000
60
25000
380
23
426
165
367
25000
25000
38
25000
25000
25000
25000
25000
25000
55
392
25000
25000
25000
376
1358
218
153
25000
476
64
25000
25000
25000
25000
213
25000
25000
25000
2698
224
25000
25000
265
25000
150
25000
25000
10606
25000
339
25000
25000
25000
46
25000
25000
253
215
25000
2083
25000
25000
301
1014
25000
25000
25000
25000
189
25000
145
25000
8704
6477
25000
1497
25000
25000
433
25000
151
60
25000
25000
25000
760
25000
25000
120
25000
125
25000
25000
25000
25000
25000
25000
110
25000
537
161
95
93
25000
25000
25000
25000
589
25000
269
25000
221
25000
25000
82
2752
25000
355
941
387
83
407
25000
25000
25000
25000
1055
25000
25000
25000
400
25000
321
25000
25000
68
213
25000
226
25000
25000
3968
445
178
25000
173
183
25000
25000
1555
117
25000
25000
25000
25000
25000
25000
25000
487
1092
790
700
25000
25000
1045
1
166
25000
25000
61
215
252
25000
25000
186
25000
25000
25000
46
681
147
25000
25000
326
25000
38
73
25000
67
106
37
25000
229
25000
178
335
25000
4021
475
125
480
791
160
25000
25000
25000
369
25000
25000
25000
25000
6071
25000
25000
207
25000
1937
185
25000
25000
429
25000
25000
1092
25000
397
25000
25000
46
25000
106
157
25000
107
25000
2072
25000
25000
25000
150
25000
25000
25000
25000
2125
25000
25000
130
25000
552
4029
25000
25000
1897
607
132
787
94
25000
25000
25000
294
432
293
25000
231
400
25000
25000
25000
419
25000
25000
153
146
25000
25000
201
25000
25000
401
25000
314
297
565
158
1061
148
25000
25000
136
25000
25000
25000
25000
25000
25000
25000
25000
25000
25000
2356
508
25000
25000
25000
25000
267
25000
1015
25000
25000
373
25000
25000
1407
25000
557
25000
329
25000
25000
25000
25000
25000
187
56
25000
250
311
25000
25000
453
25000
25000
134
5676
25000
1195
9537
25000
3332
185
25000
25000
357
116
28
25000
46
636
205
25000
278
1119
36
306
196
228
360
25000
111
25000
25000
25000
25000
256
2867
116
25000
217
152
273
50
61
25000
2372
25000
25000
71
1048
25000
87
67
25000
166
25000
25000
62
184
72
242
87
25000
25000
29
25000
1370
25000
473
175
25000
25000
134
25000
25000
279
25000
1404
25000
25000
168
25000
25000
208
33
25000
25000
140
160
592
152
25000
25000
1062
1144
43
146
205
25000
25000
25000
25000
25000
25000
25000
25000
25000
138
47
269
25000
25000
248
385
189
25000
25000
25000
91
25000
25000
25000
25000
493
138
25000
25000
25000
25000
113
25000
25000
25000
25000
3485
90
25000
25000
319
25000
25000
541
25000
46
25000
25000
68
25000
310
27
25000
156
25000
25000
131
702
256
80
25000
554
25000
217
2997
99
25000
25000
85
117
25000
363
25000
68
25000
25000
105
1401
25000
28
189
25000
146
25000
25000
25000
25000
25000
25000
25000
1019
25000
135
25000
2683
25000
25000
244
630
1125
963
721
371
25000
25000
585
220
1757
25000
25000
155
25000
258
752
25000
25000
368
25000
133
672
168
127
316
275
25000
179
17
205
25000
25000
25000
879
25000
25000
25000
25000
25000
25000
3317
1610
25000
267
181
25000
249
3952
311
106
219
25000
25000
134
28
25000
696
90
48
123
25000
25000
437
25000
25000
570
180
275
25000
25000
370
97
208
249
25000
6831
110
25000
25000
225
25000
35
409
25000
25000
152
2000
25000
25000
25000
198
746
76
252
25000
104
25000
1111
25000
25000
25000
408
25000
557
761
25000
25000
25000
25000
25000
25000
25
25000
61
25000
25000
295
25000
25000
48
40
25000
25000
650
25000
171
25000
25000
25000
25000
3338
25000
25000
25000
6390
584
107
25000
225
2580
811
25000
144
25000
25000
518
25000
25000
1236
200
25000
178
25000
25000
25000
25000
25000
25000
178
25000
277
634
128
25000
25000
25000
160
25000
273
25000
25000
171
441
252
25000
25000
25000
25000
868
282
120
25000
604
25000
254
25000
228
120
25000
410
25000
25000
102
25000
412
693
25000
109
2578
23
25000
25000
74
25000
25000
578
164
175
311
177
25000
25000
86
63
1099
345
63
25000
25000
175
820
25000
678
25000
3340
400
25000
222
109
25000
25000
375
223
596
101
25000
274
582
25000
51
25000
112
25000
25000
25000
170
177
201
25000
25000
114
147
25000
25000
834
181
841
25000
359
25000
67
25000
183
25000
298
185
106
253
461
25000
25000
464
25000
3180
23
22
25000
170
25000
25000
99
2484
1228
25000
129
25000
25000
623
25000
228
25000
25000
155
25000
25000
25000
12
25000
25000
25000
25000
678
25000
25000
25000
3853
25000
25000
263
575
25000
25000
25000
184
435
342
201
25000
3443
2147
704
25000
25000
25000
25000
25000
25000
355
1278
89
25000
25000
25000
111
143
126
25000
96
3868
1524
1174
25000
25000
274
25000
25000
338
227
934
25000
25000
25000
516
25000
102
25000
25000
534
25000
25000
25000
25000
196
116
155
25000
25000
239
668
25000
25000
234
102
312
176
270
25000
25000
224
25000
25000
245
25000
183
496
25000
25000
636
25000
232
105
25000
865
62
25000
502
25000
289
152
25000
421
25000
25000
1149
2665
25000
135
25000
25000
25000
25000
25000
466
87
478
25000
25000
346
25000
25000
680
147
897
164
25000
25000
25000
25000
25000
275
25000
158
44
25000
5025
25000
25000
25000
25000
31
434
823
25000
350
20
57
367
25000
25000
25000
25000
131
257
26
213
25000
25000
283
25000
53
316
85
195
89
25000
223
25000
25000
25000
367
25000
25000
25000
1364
8716
272
51
324
25000
45
25000
25000
113
25000
10490
25000
3394
143
25000
244
62
25000
77
25000
374
69
25000
3047
25000
355
354
25000
271
25000
296
311
25000
77
25000
25000
566
25000
30
3926
591
25000
25000
936
150
634
59
25000
25000
197
25000
25000
819
25000
79
25000
25000
246
76
236
25000
25000
125
158
25000
61
90
25000
859
186
25000
25000
25000
1040
25000
469
25000
25000
25000
161
25000
407
62
74
25000
25000
108
25000
25000
249
686
205
25000
59
155
25000
212
25000
25000
144
325
194
658
597
366
25000
903
25000
91
532
25000
25000
25000
25000
246
25000
369
25000
213
25000
25000
125
361
610
395
25000
748
25000
25000
509
25000
408
25000
141
701
25000
206
3620
25000
25000
25000
25000
104
679
25000
25000
25000
193
25000
229
169
25000
24
25000
25000
25000
25000
550
25000
100
350
25000
25000
25000
25000
25000
25000
551
25000
25000
25000
231
25000
89
25000
25000
25000
90
430
228
25000
308
25000
25000
177
5221
25000
182
25000
25000
75
25000
25000
145
25000
25000
25000
209
25000
25000
242
198
532
25000
25000
25000
465
971
347
25000
25000
253
1885
25000
25000
25000
25000
25000
25000
25000
2874
6127
47
25000
25000
187
237
133
25000
25000
261
858
25000
152
888
25000
25000
448
268
25000
25000
25000
25000
25000
25000
484
25000
1392
25000
25000
412
145
23
123
49
25000
25000
78
3347
42
479
25000
567
25000
229
2693
25000
222
81
171
227
25000
406
25000
1709
206
58
168
153
884
25000
408
162
25000
105
38
25000
163
648
25000
217
303
54
25000
25000
25000
416
25000
134
25000
25000
379
25000
123
85
25000
25000
25000
25000
25000
25000
25000
25000
25000
314
25000
25000
245
25000
3497
204
1673
183
395
203
132
25000
473
25000
25000
25000
25000
25000
123
311
134
317
458
78
117
484
25000
25000
25000
25000
282
274
25000
25000
25000
25000
703
481
25000
215
25000
25000
25000
25000
25000
25000
139
317
25000
25000
25000
25000
25000
149
25000
117
335
25000
25000
138
25000
263
25000
252
315
25000
219
1000
25000
25000
25000
867
130
25000
25000
36
25000
2355
25000
25000
210
25000
25000
25000
25000
25000
25000
25000
172
105
33
26
143
25000
25000
422
25000
25000
25000
91
533
3834
25000
25000
300
25000
25000
25000
94
25000
25000
25000
25000
25000
25000
143
25000
25000
62
91
77
25000
25000
159
55
25000
25000
107
459
91
418
693
25000
25000
25000
25000
261
386
3492
25000
110
25000
25000
1114
94
61
25000
405
154
25000
25000
25000
25000
25000
178
25000
209
25000
195
25000
25000
25000
25000
70
25000
25000
25000
25000
442
113
141
160
25000
25000
5291
383
226
432
647
727
671
25000
25000
25000
25000
233
1292
2856
25000
70
346
164
44
25000
25000
368
1275
151
25000
55
25000
25000
53
55
25000
25000
248
302
500
25000
442
320
657
99
360
495
3313
25000
25000
716
25000
70
25000
25000
25000
433
284
151
125
25000
25000
289
25000
25000
149
123
11515
25000
145
225
913
25000
25000
305
25000
2817
25000
162
25000
230
257
25000
25000
254
25000
1060
25000
25000
25000
25000
25000
112
25000
383
25000
249
25000
168
80
25000
25000
364
25000
25000
25000
25000
25000
38
25000
165
25000
120
129
25000
96
83
408
25000
337
442
534
376
25000
116
25000
4692
25000
167
25000
25000
25000
17
25000
284
25000
25000
25000
25000
25000
330
154
25000
272
437
25000
86
25000
25000
3745
25000
25000
25000
25000
146
25000
25000
25000
25000
2621
6714
121
25000
6
432
25000
302
25000
25000
376
138
1088
235
25000
567
25000
387
153
25000
25000
372
1
25000
236
71
25000
525
25000
25000
25000
31
25000
25000
907
413
25000
25000
114
25000
157
197
25000
52
25000
25000
91
6336
25000
25000
25000
119
165
29
80
25000
160
25000
2077
25000
25000
25000
338
25000
25000
25000
77
25000
25000
130
25000
83
1892
25000
449
691
451
324
25000
25000
171
25000
52
83
25000
25000
25000
390
25000
25000
152
25000
25000
25000
43
25000
25000
25000
145
312
206
25000
25000
25000
2867
25000
25000
2676
25000
25000
25000
25000
25000
96
25000
243
25000
39
25000
25000
393
25000
25000
9
25000
25000
25000
790
213
25000
3103
25000
25000
25000
407
25000
25000
5957
25000
25000
25000
25000
25000
213
388
477
10517
25000
25000
88
25000
25000
25000
25000
25000
25000
25000
25000
25000
25000
25000
25000
25000
25000
267
2470
25000
25000
25000
220
25000
25000
74
6056
25000
25000
25000
25000
119
2797
25000
62
129
78
276
526
212
25000
3119
25000
419
25000
25000
25000
25000
324
376
29
25000
25000
134
320
127
25000
104
25000
354
3768
25000
124
5414
25000
25000
3759
70
369
307
25000
220
25000
25000
2823
120
25000
25000
25000
25000
25000
338
25000
137
1647
939
713
181
25000
25000
25000
84
25000
741
306
25000
25000
25000
983
150
149
65
463
339
273
25000
47
25000
403
25000
25000
534
25000
233
25000
273
303
449
25000
50
396
25000
185
25000
112
25000
25000
25000
167
133
219
66
25000
103
130
145
414
10
25000
118
625
209
25000
25000
17
25000
423
25000
86
437
349
1370
146
25000
173
25000
43
25000
25000
79
25000
207
302
153
25000
53
25000
25000
80
25000
25000
25000
25000
1166
272
25000
25000
254
25000
131
25000
148
545
25000
25000
25000
25000
49
881
25000
25000
3374
25000
25000
521
25000
173
99
25000
25000
25000
25000
48
76
280
330
164
169
411
25000
25000
230
161
170
25000
25000
25000
2058
137
25000
52
25000
285
25000
74
25000
834
454
221
279
172
133
64
25000
182
136
336
25000
25000
25000
58
25000
25000
25000
286
25000
25000
25000
25000
25000
38
140
25000
408
25000
25000
692
25000
277
522
375
25000
25000
56
630
25000
25000
185
25000
25000
906
25000
25000
25000
43
888
25000
121
92
25000
301
96
25000
25000
25000
25000
275
62
25000
347
20
242
25000
25000
25000
116
73
25000
77
25000
129
217
25000
25000
25000
25000
114
25000
25000
138
2973
25000
53
196
56
260
25000
25000
25000
25000
216
25000
25000
291
25000
225
56
363
636
25000
701
25000
276
25000
3306
25000
172
1028
25000
25000
770
301
373
133
259
25000
25000
50
25000
25000
25000
25000
25000
110
25000
25000
25000
25000
25000
25000
108
25000
93
297
25000
25000
568
408
241
25000
150
25000
634
928
1128
190
25000
25000
53
896
143
25000
25000
25000
901
25000
25000
81
191
25000
191
25000
127
25000
270
1286
2493
52
136
137
25000
91
452
84
25000
25000
25000
2770
25000
422
25000
25000
1903
153
25000
420
25000
306
25000
120
25000
92
65
216
25000
47
25000
316
388
25000
25000
355
25000
63
78
25000
535
25000
73
214
25000
25000
256
3087
25000
25000
166
25000
25000
877
387
166
25000
358
25000
25000
251
25000
687
184
25000
292
25000
25000
25000
137
76
25000
25000
126
116
25000
25000
180
351
262
775
25000
25000
25000
25000
146
25000
227
25000
770
25000
25000
25000
25000
25000
25000
782
461
303
20
169
25000
292
25000
25000
206
1618
164
255
1296
440
25000
25000
25000
3450
82
25000
1312
198
25000
789
310
53
25000
234
25000
2693
25000
814
1
1959
64
278
25000
25000
112
25000
25000
246
412
127
25000
50
25000
171
25000
25000
25000
25000
83
218
25000
25000
44
25000
487
25000
25000
148
16
646
92
25000
32
33
465
197
25000
71
25000
25000
25000
192
25000
25000
22
25000
79
25000
25000
190
425
25000
25000
25000
25000
249
25000
25000
186
50
25000
355
144
3037
25000
553
327
181
260
25000
25000
202
25000
404
333
25000
25000
25000
321
25000
25000
25000
25000
423
25000
25000
6731
25000
25000
178
254
432
3868
25000
882
25000
129
25000
25000
25000
1577
25000
669
25000
579
25000
25000
25000
25000
25000
25000
25000
25000
663
101
3241
25000
1151
261
96
25000
25000
280
20
25000
25000
25000
77
100
25000
1607
25000
25000
25000
25000
253
25000
25000
25000
25000
418
25000
1375
25000
25000
25000
1010
511
3077
47
25000
25000
25000
44
52
25000
25000
25000
25000
25000
25000
1363
25000
222
628
25000
25000
25000
25000
25000
25000
134
1
25000
25000
25000
25000
25000
332
547
281
25000
25000
702
87
25000
25000
25000
4527
2875
294
25000
25000
25000
287
25000
25000
25000
25000
530
25000
25000
109
25000
25000
68
49
32
25000
25000
380
25000
25000
25000
25000
25000
25000
25000
181
35
25000
77
96
617
60
25000
25000
25000
2283
25000
25000
96
25000
25000
25000
283
25000
39
381
25000
25000
25000
91
86
25000
25000
25000
241
399
2005
361
44
25000
21
25000
25000
25000
25000
698
314
25000
25000
25000
25000
295
265
467
295
25000
25000
1
25000
191
258
91
25000
1366
25000
25000
25000
25000
1068
283
25000
167
25000
3041
2280
25000
81
295
405
25000
628
25000
25000
164
25000
1232
99
25000
25000
335
25000
626
25000
311
251
536
25000
25000
25000
25000
111
25000
721
186
155
25000
25000
722
140
25000
243
203
242
499
25000
25000
94
118
25000
25000
71
25000
90
121
815
25000
77
536
25000
66
1523
25000
25000
679
25000
362
123
25000
25000
1229
25000
25000
111
25000
39
25000
25000
103
10
25000
25000
25000
25000
533
5976
25000
94
188
205
25000
25000
3301
382
9225
205
25000
25000
336
25000
25000
25000
25000
160
25000
25000
25000
25000
290
25000
25000
231
362
25000
25000
130
2402
25000
61
79
207
419
25000
25000
25000
3389
178
25000
4661
25000
25000
25000
25000
25000
25000
25000
25000
25000
25000
25000
25000
3897
800
1222
146
25000
1400
25000
55
485
270
25000
25000
91
612
25000
25000
4937
25000
461
25000
25000
25000
57
25000
413
25000
25000
2441
25000
3466
3165
668
25000
122
154
25000
25000
25000
25000
59
62
379
25000
25000
460
99
25000
25000
672
25000
48
425
25000
25000
25000
379
25000
25000
576
245
25000
25000
295
25000
25000
2856
25000
25000
753
25000
221
328
25000
56
25000
25000
472
2800
123
25000
47
25000
25000
25000
378
93
25000
362
25000
167
150
166
64
25000
1235
88
25000
25000
25000
25000
117
25000
25000
107
25000
977
25000
25000
238
25000
70
25000
25000
3432
25000
100
25000
39
1139
25000
400
25000
50
80
162
25000
25000
25000
55
25000
223
199
25000
227
493
79
205
93
2545
174
25000
123
360
557
675
508
360
705
48
66
25000
25000
25000
25000
95
4073
82
66
25000
25000
80
443
203
25000
25000
150
286
146
25000
25000
136
25000
25000
140
1166
25000
197
1187
25000
2423
25000
65
25000
25000
25000
131
25000
129
492
237
25000
526
25000
25000
153
25000
173
11713
147
25000
715
25000
161
972
25000
25000
25000
296
25000
25000
25000
66
25000
666
25000
25000
531
1059
138
697
356
1487
25000
25000
331
406
25000
149
25000
3497
25000
25000
25000
116
25000
313
99
25000
10
25000
158
25000
2192
25000
25000
25000
87
25000
25000
25000
25000
25000
25000
25000
25000
25000
499
25000
25000
25000
25000
168
226
25000
25000
462
25000
25000
1321
1084
369
25000
88
25000
72
38
25000
25000
25000
25000
2448
3360
25000
135
111
25000
25000
25000
475
26
25000
25000
25000
298
25000
25000
184
374
619
147
25000
25000
293
192
1514
34
25000
100
267
25000
25000
29
25000
74
96
149
152
65
25000
25000
244
25000
146
25000
2195
25000
25000
25000
25000
25000
139
25000
150
133
25000
167
697
25000
25000
25000
25000
25000
178
25000
103
25000
2010
25000
213
25000
1829
231
413
275
25000
25000
358
25000
25000
160
25000
25000
25000
837
25000
25000
25000
25000
64
442
25000
25000
25000
81
27
124
25000
25000
25000
25000
25000
25000
25000
25000
54
25000
25000
310
25000
25000
25000
25000
25000
25000
1689
25000
205
1021
25000
141
25000
25000
131
25000
25000
64
57
25000
275
25000
25000
279
25000
670
25000
25000
25000
25000
25000
25000
507
25000
25000
4849
25000
3051
421
376
25000
25000
10
187
25000
71
155
118
225
2597
268
328
274
206
25000
25000
132
818
118
25000
25000
25000
25000
56
176
129
25000
25000
25000
25000
25000
25000
25000
25000
25000
39
125
486
25000
25000
25000
25000
25000
162
25000
25000
85
25000
25000
25000
25000
108
25000
25000
58
25000
25000
25000
25000
25000
657
25000
25000
25000
698
586
25000
25000
141
48
264
25000
294
144
25000
178
328
719
159
25000
79
25000
1119
25000
25000
820
25000
25000
25000
25000
111
25000
25000
25000
167
51
278
632
132
255
64
995
25000
250
25000
3497
159
151
25000
25000
25000
830
40
25000
25000
41
25000
25000
25000
52
25000
25000
25000
134
237
25000
564
25000
358
25000
103
123
25000
25000
449
802
25000
90
25000
25000
351
25000
128
25000
109
25000
72
107
25000
868
25000
25000
25000
25000
25000
260
6771
1929
25000
44
25000
72
127
233
25000
25000
2790
25000
25000
25000
115
25000
25000
317
142
25000
25000
571
608
473
25000
31
463
806
25000
25000
31
388
335
25000
116
272
25000
291
25000
25000
25000
25000
25000
25000
25000
64
25000
119
715
118
25000
25000
25000
513
25000
25000
270
25000
25000
25000
32
25000
25000
585
25000
399
25000
25000
48
25000
386
25000
25000
25000
25000
25000
25000
1095
25000
25000
25000
175
103
116
166
231
25000
407
25000
195
105
25000
25000
586
25000
131
25000
25000
25000
25000
530
235
25000
25000
354
222
354
25000
25000
25000
64
25000
140
5001
3088
40
130
157
357
25000
79
155
134
25000
25000
25000
25000
25000
2629
25000
25000
25000
422
25000
25000
25000
25000
25000
6214
2455
25000
403
961
25000
25000
25000
176
689
25000
25000
178
491
25000
25000
36
383
25000
75
94
25000
25000
59
25000
271
284
65
190
25000
144
384
2770
25000
25000
214
3124
25000
146
25000
363
100
25000
51
80
25000
25000
25000
838
25000
25000
25000
25000
25000
461
25000
25000
25000
25000
25000
126
129
396
25000
25000
25000
522
25000
25000
25000
25000
180
71
922
25000
25000
25000
1
235
25000
683
218
25000
3089
25000
72
25000
25000
3672
332
25000
25000
146
151
74
398
281
25000
321
316
96
8924
25000
25000
25000
163
25000
226
25000
1409
107
25000
78
25000
122
25000
25000
25000
387
25000
7
233
4312
103
613
25000
25000
347
34
25000
345
25000
532
535
183
25000
470
396
25000
25000
25000
136
25000
665
392
25000
25000
25000
25000
281
491
121
25000
25000
116
154
25000
25000
415
635
3275
25000
64
270
25000
668
106
931
25000
354
120
1062
25000
208
25000
71
90
204
25000
247
213
25000
25000
858
25000
25000
25000
2072
101
35
303
25000
25000
10915
131
25000
25000
126
220
3606
25000
745
2727
25000
155
699
25000
25000
25000
5055
262
25000
166
25000
52
25000
25000
25000
25000
25000
59
300
25000
454
25000
25000
25000
78
25000
25000
25000
3766
25000
595
98
25000
206
84
25000
412
66
130
882
100
25000
38
25000
126
56
25000
25000
25000
129
24
25000
25000
101
55
25000
634
25000
54
25000
1879
242
25000
25000
25000
216
25000
25000
25000
25000
25000
25000
25000
25000
827
25000
25000
148
25000
25000
324
37
25000
25000
25000
260
2117
567
264
462
2929
25000
25000
25000
133
202
74
25000
25000
25000
25000
85
325
122
25000
25000
52
25000
98
115
240
27
25000
253
25000
290
142
25000
415
165
301
25000
61
658
25000
296
25000
763
25000
25000
111
548
102
25000
25000
25000
25000
25000
25000
25000
734
25000
25000
25000
25000
230
25000
2780
84
25000
25000
25000
150
116
25000
25000
123
25000
105
25000
25000
25000
376
25000
97
25000
25000
25000
3522
25000
25000
25000
59
1523
25000
136
25000
304
25000
25000
25000
138
25000
630
25000
3556
25000
25000
25000
98
25000
25000
66
25000
390
25000
78
25000
25000
112
25000
228
2
25000
25000
49
25000
329
176
4693
3315
25000
25000
25000
284
136
113
25000
25000
313
25000
766
25000
346
25000
48
186
25000
254
76
25000
975
25000
57
25000
25000
268
167
25000
25000
25000
2943
524
25000
218
75
25000
353
96
413
778
149
299
25000
25000
3123
25000
25000
25000
25000
25000
25000
575
146
412
245
400
109
25000
2988
25000
25000
279
25000
3203
25000
119
25000
176
91
1078
25000
25000
572
562
112
2313
25000
25000
270
25000
25000
200
25000
96
25000
25000
209
25000
240
121
158
25000
25000
665
3355
319
101
589
43
255
25000
25000
176
137
285
3060
25000
84
440
226
125
955
548
25000
25000
150
761
25000
25000
25000
15
810
25000
25000
25000
499
25000
25000
417
25000
484
68
25000
90
25000
1143
25000
216
25000
25000
25000
73
316
25000
25000
64
25000
59
3188
25000
58
827
424
275
25000
4061
167
220
1718
1
83
25000
25000
59
157
25000
25000
25000
25000
25000
89
91
6592
93
3184
25000
25000
25000
25000
136
25000
25000
25000
25000
279
25000
25000
351
64
2830
25000
2531
25000
351
25000
356
25000
258
25000
25000
741
714
25000
70
362
199
46
25000
73
676
25000
25000
70
25000
25000
2174
406
25000
25000
25000
46
76
78
694
25000
25000
351
25000
291
25000
25000
25000
25000
380
25000
25000
25000
25000
39
71
175
25000
25000
25000
594
25000
164
25000
25000
2586
272
25000
25000
339
658
25000
194
25000
25000
751
59
3350
25000
260
627
37
25000
176
11636
25000
2952
3413
25000
25000
79
85
238
25000
141
25000
165
25000
25000
77
2154
25000
843
1107
25000
330
678
25000
269
834
704
25000
126
25000
25000
121
25000
25000
25000
1
83
25000
25000
25000
219
25000
208
25000
25000
25000
125
48
25000
114
25000
76
142
25000
197
25000
302
67
25000
25000
25000
25000
25000
25000
25000
25000
25000
171
25000
276
25000
25000
25000
63
25000
125
25000
25000
336
71
359
25000
46
1
25000
208
519
1840
221
370
78
25000
376
25000
25000
252
25000
839
504
25000
25000
25000
667
3079
110
3418
25000
37
301
36
103
369
25000
151
174
25000
25000
25000
616
92
25000
299
25000
75
25000
1202
82
25000
25000
188
313
190
634
136
202
25000
59
25000
393
335
270
25000
25000
114
25000
499
382
25000
163
25000
135
142
212
25000
337
215
159
138
25000
25000
604
76
25000
25000
121
25000
25000
1234
25000
25000
25000
25000
53
128
25000
49
67
25000
1102
25000
25000
25000
396
25000
701
25000
25000
25000
25000
80
81
25000
25000
326
528
25000
25000
25000
263
25000
25000
25000
893
179
89
25000
182
128
25000
25000
169
25000
2420
436
409
241
350
3195
65
211
123
47
25000
646
1
124
110
25000
4555
25000
151
313
188
25000
25000
25000
25000
25000
25000
1122
203
326
25000
488
25000
25000
128
25000
73
25000
185
25000
25000
25000
165
25000
25000
437
2657
782
25000
261
25000
25000
317
156
25000
25000
25000
25000
1124
2716
25000
186
25000
1263
245
25000
25000
25000
25000
459
151
25000
428
25000
157
744
25000
25000
25000
25000
77
97
29
320
285
717
25000
25000
25000
25000
47
202
25000
1071
25000
2259
25000
74
25000
25000
25000
25000
25000
627
25000
86
25000
85
25000
25000
6681
25000
594
25000
25000
173
25000
327
25000
25000
148
542
586
25000
1
82
90
25000
25000
118
25000
284
25000
25000
119
42
3204
25000
25000
198
450
358
25000
550
37
270
443
25000
196
25000
231
62
118
297
25000
63
70
25000
25000
634
273
79
25000
25000
1
110
302
25000
236
81
25000
54
140
824
234
282
25000
572
63
25000
64
25000
532
25000
25000
23
25000
25000
25000
25000
35
25000
95
311
25000
46
25000
25000
3884
25000
135
25000
1231
269
25000
10699
218
25000
25000
1146
25000
25000
110
25000
57
25000
477
25000
25000
83
175
502
1004
920
630
25000
25000
437
1210
25000
25000
25000
25000
51
3860
25000
562
154
206
295
384
51
30
25000
25000
3008
25000
4313
25000
25000
25000
25000
209
25000
37
34
25000
288
298
25000
457
95
178
71
151
154
793
25000
25000
25000
554
181
25000
105
25000
127
3439
2400
25000
144
25000
5906
91
25000
329
25000
243
25000
433
855
25000
25000
25000
848
115
281
112
223
25000
223
25000
25000
25000
25000
25000
1069
59
25000
25000
1084
221
25000
202
356
3040
25000
190
25000
112
61
25000
25000
25000
25000
25000
25000
