JA
22075
45 138
45 83
45 286
45 161
45 281
45 29
45 184
45 68
45 215
45 186
45 253
45 160
45 194
45 100
45 279
45 128
45 150
45 243
45 134
45 70
45 7
45 199
45 195
45 58
45 20
45 24
45 250
45 228
45 56
45 291
45 133
45 47
45 130
45 132
45 175
45 63
45 168
45 77
45 299
45 21
45 298
45 289
45 13
45 53
45 170
45 174
45 231
45 157
45 210
45 167
45 223
45 105
45 244
45 65
45 187
45 255
45 203
45 209
45 103
45 67
45 39
45 82
45 264
45 144
45 48
45 154
45 212
45 162
45 238
45 62
45 8
45 74
45 267
45 204
45 135
45 92
45 125
45 227
45 234
45 87
45 57
45 273
45 208
45 158
45 95
45 123
45 96
45 257
45 268
45 249
45 296
45 94
45 97
45 265
45 46
45 276
45 98
45 78
45 152
45 4
45 3
45 55
45 242
45 220
45 141
45 19
45 139
45 118
45 200
45 85
45 2
45 193
45 112
45 16
45 75
45 31
45 164
45 49
45 50
45 18
45 232
45 246
45 30
45 99
45 148
45 88
45 114
45 173
45 127
45 225
45 93
45 117
45 216
45 147
45 295
45 6
45 179
45 297
45 111
45 214
45 271
45 247
45 104
45 137
45 166
45 155
45 169
45 84
45 230
45 177
45 149
45 12
45 32
45 277
45 176
45 126
45 159
45 282
45 9
45 142
45 280
45 171
45 290
45 1
45 288
45 235
45 5
45 259
45 256
45 221
45 89
45 108
45 107
45 41
45 263
45 207
45 27
45 145
45 14
45 172
45 42
45 17
45 270
45 254
45 197
45 287
45 116
45 122
45 81
45 106
45 11
45 274
45 73
45 269
45 252
45 261
45 262
45 66
45 51
45 181
45 272
45 283
45 91
45 226
45 198
45 25
45 119
45 23
45 188
45 248
45 28
45 54
45 185
45 35
45 251
45 113
45 79
45 300
195 58
195 20
195 24
195 250
195 228
195 56
195 291
195 133
195 47
195 130
195 132
195 175
195 63
195 168
195 77
195 299
195 21
195 298
195 289
195 13
195 53
195 170
195 174
195 231
195 157
195 210
195 167
195 223
195 105
195 244
195 65
195 187
195 255
195 203
195 209
195 103
195 67
195 39
195 82
195 264
195 144
195 48
195 154
195 212
195 162
195 238
195 62
195 8
195 74
195 267
195 204
195 135
195 92
195 125
195 227
195 234
195 87
195 57
195 273
195 208
195 158
195 95
195 123
195 96
195 257
195 268
195 249
195 296
195 94
195 97
195 265
195 46
195 276
195 98
195 78
195 152
195 4
195 3
195 55
195 242
195 220
195 141
195 19
195 139
195 118
195 200
195 85
195 2
195 193
195 112
195 16
195 75
195 31
195 164
195 49
195 50
195 18
195 232
195 246
195 30
195 99
195 148
195 88
195 114
195 173
195 127
195 225
195 93
195 117
195 216
195 147
195 295
195 6
195 179
195 297
195 111
195 214
195 271
195 247
195 104
195 137
195 166
195 155
195 169
195 84
195 230
195 177
195 149
195 12
195 32
195 277
195 176
195 126
195 159
195 282
195 9
195 142
195 280
195 171
195 290
195 1
195 288
195 235
195 5
195 259
195 256
195 221
195 89
195 108
195 107
195 41
195 263
195 207
195 27
195 145
195 14
195 172
195 42
195 17
195 270
195 254
195 197
195 287
195 116
195 122
195 81
195 106
195 11
195 274
195 73
195 269
195 252
195 261
195 262
195 66
195 51
195 181
195 272
195 283
195 91
195 226
195 198
195 25
195 119
195 23
195 188
195 248
195 28
195 54
195 185
195 35
195 251
195 113
195 79
195 300
38 59
38 178
38 183
38 140
38 76
38 90
38 182
38 60
38 293
38 43
38 294
38 260
38 15
38 266
38 240
38 201
38 40
38 189
38 86
38 213
38 229
38 217
38 241
38 180
38 237
38 239
38 205
38 131
38 245
38 218
38 206
38 136
38 275
38 36
38 69
38 44
38 191
38 196
38 22
38 192
38 285
38 202
38 211
38 233
38 72
38 64
38 101
38 284
38 109
38 222
38 37
38 10
38 102
38 34
38 190
38 26
38 219
38 292
38 129
38 110
38 153
38 33
38 165
38 156
38 258
38 115
38 278
38 151
38 163
38 71
38 80
38 124
38 52
38 146
38 224
38 138
38 83
38 286
38 161
38 281
38 29
38 184
38 68
38 215
38 186
38 253
38 160
38 194
38 100
38 279
38 128
38 150
38 243
38 134
38 70
38 7
38 199
38 58
38 20
38 24
38 250
38 228
38 56
38 291
38 133
38 47
38 130
38 132
38 175
38 63
38 168
38 77
38 299
38 21
38 298
38 289
38 13
38 53
38 170
38 174
38 231
38 157
38 210
38 167
38 223
38 105
38 244
38 65
38 187
38 255
38 203
38 209
38 103
38 67
38 39
38 82
38 264
38 144
38 48
38 154
38 212
38 162
38 238
38 62
38 8
38 74
38 267
38 204
38 135
38 92
38 125
38 227
38 234
38 87
38 57
38 273
38 208
38 158
38 95
38 123
38 96
38 257
38 268
38 249
38 296
38 94
38 97
38 265
38 46
38 276
38 98
38 78
38 152
38 4
38 3
38 55
38 242
38 220
38 141
38 19
38 139
38 118
38 200
38 85
38 2
38 193
38 112
38 16
38 75
38 31
38 164
38 49
38 50
38 18
38 232
38 246
38 30
38 99
38 148
38 88
38 114
38 173
38 127
38 225
38 93
38 117
38 216
38 147
38 295
38 6
38 179
38 297
38 111
38 214
38 271
38 247
38 104
38 137
38 166
38 155
38 169
38 84
38 230
38 177
38 149
38 12
38 32
38 277
38 176
38 126
38 159
38 282
38 9
38 142
38 280
38 171
38 290
38 1
38 288
38 235
38 5
38 259
38 256
38 221
38 89
38 108
38 107
38 41
38 263
38 207
38 27
38 145
38 14
38 172
38 42
38 17
38 270
38 254
38 197
38 287
38 116
38 122
38 81
38 106
38 11
38 274
38 73
38 269
38 252
38 261
38 262
38 66
38 51
38 181
38 272
38 283
38 91
38 226
38 198
38 25
38 119
38 23
38 188
38 248
38 28
38 54
38 185
38 35
38 251
38 113
38 79
38 300
212 162
212 238
212 62
212 8
212 74
212 267
212 204
212 135
212 92
212 125
212 227
212 234
212 87
212 57
212 273
212 208
212 158
212 95
212 123
212 96
212 257
212 268
212 249
212 296
212 94
212 97
212 265
212 46
212 276
212 98
212 78
212 152
212 4
212 3
212 55
212 242
212 220
212 141
212 19
212 139
212 118
212 200
212 85
212 2
212 193
212 112
212 16
212 75
212 31
212 164
212 49
212 50
212 18
212 232
212 246
212 30
212 99
212 148
212 88
212 114
212 173
212 127
212 225
212 93
212 117
212 216
212 147
212 295
212 6
212 179
212 297
212 111
212 214
212 271
212 247
212 104
212 137
212 166
212 155
212 169
212 84
212 230
212 177
212 149
212 12
212 32
212 277
212 176
212 126
212 159
212 282
212 9
212 142
212 280
212 171
212 290
212 1
212 288
212 235
212 5
212 259
212 256
212 221
212 89
212 108
212 107
212 41
212 263
212 207
212 27
212 145
212 14
212 172
212 42
212 17
212 270
212 254
212 197
212 287
212 116
212 122
212 81
212 106
212 11
212 274
212 73
212 269
212 252
212 261
212 262
212 66
212 51
212 181
212 272
212 283
212 91
212 226
212 198
212 25
212 119
212 23
212 188
212 248
212 28
212 54
212 185
212 35
212 251
212 113
212 79
212 300
79 300
199 58
199 20
199 24
199 250
199 228
199 56
199 291
199 133
199 47
199 130
199 132
199 175
199 63
199 168
199 77
199 299
199 21
199 298
199 289
199 13
199 53
199 170
199 174
199 231
199 157
199 210
199 167
199 223
199 105
199 244
199 65
199 187
199 255
199 203
199 209
199 103
199 67
199 39
199 82
199 264
199 144
199 48
199 154
199 162
199 238
199 62
199 8
199 74
199 267
199 204
199 135
199 92
199 125
199 227
199 234
199 87
199 57
199 273
199 208
199 158
199 95
199 123
199 96
199 257
199 268
199 249
199 296
199 94
199 97
199 265
199 46
199 276
199 98
199 78
199 152
199 4
199 3
199 55
199 242
199 220
199 141
199 19
199 139
199 118
199 200
199 85
199 2
199 193
199 112
199 16
199 75
199 31
199 164
199 49
199 50
199 18
199 232
199 246
199 30
199 99
199 148
199 88
199 114
199 173
199 127
199 225
199 93
199 117
199 216
199 147
199 295
199 6
199 179
199 297
199 111
199 214
199 271
199 247
199 104
199 137
199 166
199 155
199 169
199 84
199 230
199 177
199 149
199 12
199 32
199 277
199 176
199 126
199 159
199 282
199 9
199 142
199 280
199 171
199 290
199 1
199 288
199 235
199 5
199 259
199 256
199 221
199 89
199 108
199 107
199 41
199 263
199 207
199 27
199 145
199 14
199 172
199 42
199 17
199 270
199 254
199 197
199 287
199 116
199 122
199 81
199 106
199 11
199 274
199 73
199 269
199 252
199 261
199 262
199 66
199 51
199 181
199 272
199 283
199 91
199 226
199 198
199 25
199 119
199 23
199 188
199 248
199 28
199 54
199 185
199 35
199 251
199 113
199 300
27 145
27 14
27 172
27 42
27 17
27 270
27 254
27 197
27 287
27 116
27 122
27 81
27 106
27 11
27 274
27 73
27 269
27 252
27 261
27 262
27 66
27 51
27 181
27 272
27 283
27 91
27 226
27 198
27 25
27 119
27 23
27 188
27 248
27 28
27 54
27 185
27 35
27 251
27 113
27 300
185 35
185 251
185 113
185 300
55 242
55 220
55 141
55 19
55 139
55 118
55 200
55 85
55 2
55 193
55 112
55 16
55 75
55 31
55 164
55 49
55 50
55 18
55 232
55 246
55 30
55 99
55 148
55 88
55 114
55 173
55 127
55 225
55 93
55 117
55 216
55 147
55 295
55 6
55 179
55 297
55 111
55 214
55 271
55 247
55 104
55 137
55 166
55 155
55 169
55 84
55 230
55 177
55 149
55 12
55 32
55 277
55 176
55 126
55 159
55 282
55 9
55 142
55 280
55 171
55 290
55 1
55 288
55 235
55 5
55 259
55 256
55 221
55 89
55 108
55 107
55 41
55 263
55 207
55 145
55 14
55 172
55 42
55 17
55 270
55 254
55 197
55 287
55 116
55 122
55 81
55 106
55 11
55 274
55 73
55 269
55 252
55 261
55 262
55 66
55 51
55 181
55 272
55 283
55 91
55 226
55 198
55 25
55 119
55 23
55 188
55 248
55 28
55 54
55 35
55 251
55 113
55 300
219 292
219 129
219 110
219 153
219 33
219 165
219 156
219 258
219 115
219 278
219 151
219 163
219 71
219 80
219 124
219 52
219 146
219 224
219 138
219 83
219 286
219 161
219 281
219 29
219 184
219 68
219 215
219 186
219 253
219 160
219 194
219 100
219 279
219 128
219 150
219 243
219 134
219 70
219 7
219 58
219 20
219 24
219 250
219 228
219 56
219 291
219 133
219 47
219 130
219 132
219 175
219 63
219 168
219 77
219 299
219 21
219 298
219 289
219 13
219 53
219 170
219 174
219 231
219 157
219 210
219 167
219 223
219 105
219 244
219 65
219 187
219 255
219 203
219 209
219 103
219 67
219 39
219 82
219 264
219 144
219 48
219 154
219 162
219 238
219 62
219 8
219 74
219 267
219 204
219 135
219 92
219 125
219 227
219 234
219 87
219 57
219 273
219 208
219 158
219 95
219 123
219 96
219 257
219 268
219 249
219 296
219 94
219 97
219 265
219 46
219 276
219 98
219 78
219 152
219 4
219 3
219 242
219 220
219 141
219 19
219 139
219 118
219 200
219 85
219 2
219 193
219 112
219 16
219 75
219 31
219 164
219 49
219 50
219 18
219 232
219 246
219 30
219 99
219 148
219 88
219 114
219 173
219 127
219 225
219 93
219 117
219 216
219 147
219 295
219 6
219 179
219 297
219 111
219 214
219 271
219 247
219 104
219 137
219 166
219 155
219 169
219 84
219 230
219 177
219 149
219 12
219 32
219 277
219 176
219 126
219 159
219 282
219 9
219 142
219 280
219 171
219 290
219 1
219 288
219 235
219 5
219 259
219 256
219 221
219 89
219 108
219 107
219 41
219 263
219 207
219 145
219 14
219 172
219 42
219 17
219 270
219 254
219 197
219 287
219 116
219 122
219 81
219 106
219 11
219 274
219 73
219 269
219 252
219 261
219 262
219 66
219 51
219 181
219 272
219 283
219 91
219 226
219 198
219 25
219 119
219 23
219 188
219 248
219 28
219 54
219 35
219 251
219 113
219 300
66 51
66 181
66 272
66 283
66 91
66 226
66 198
66 25
66 119
66 23
66 188
66 248
66 28
66 54
66 35
66 251
66 113
66 300
243 134
243 70
243 7
243 58
243 20
243 24
243 250
243 228
243 56
243 291
243 133
243 47
243 130
243 132
243 175
243 63
243 168
243 77
243 299
243 21
243 298
243 289
243 13
243 53
243 170
243 174
243 231
243 157
243 210
243 167
243 223
243 105
243 244
243 65
243 187
243 255
243 203
243 209
243 103
243 67
243 39
243 82
243 264
243 144
243 48
243 154
243 162
243 238
243 62
243 8
243 74
243 267
243 204
243 135
243 92
243 125
243 227
243 234
243 87
243 57
243 273
243 208
243 158
243 95
243 123
243 96
243 257
243 268
243 249
243 296
243 94
243 97
243 265
243 46
243 276
243 98
243 78
243 152
243 4
243 3
243 242
243 220
243 141
243 19
243 139
243 118
243 200
243 85
243 2
243 193
243 112
243 16
243 75
243 31
243 164
243 49
243 50
243 18
243 232
243 246
243 30
243 99
243 148
243 88
243 114
243 173
243 127
243 225
243 93
243 117
243 216
243 147
243 295
243 6
243 179
243 297
243 111
243 214
243 271
243 247
243 104
243 137
243 166
243 155
243 169
243 84
243 230
243 177
243 149
243 12
243 32
243 277
243 176
243 126
243 159
243 282
243 9
243 142
243 280
243 171
243 290
243 1
243 288
243 235
243 5
243 259
243 256
243 221
243 89
243 108
243 107
243 41
243 263
243 207
243 145
243 14
243 172
243 42
243 17
243 270
243 254
243 197
243 287
243 116
243 122
243 81
243 106
243 11
243 274
243 73
243 269
243 252
243 261
243 262
243 51
243 181
243 272
243 283
243 91
243 226
243 198
243 25
243 119
243 23
243 188
243 248
243 28
243 54
243 35
243 251
243 113
243 300
90 182
90 60
90 293
90 43
90 294
90 260
90 15
90 266
90 240
90 201
90 40
90 189
90 86
90 213
90 229
90 217
90 241
90 180
90 237
90 239
90 205
90 131
90 245
90 218
90 206
90 136
90 275
90 36
90 69
90 44
90 191
90 196
90 22
90 192
90 285
90 202
90 211
90 233
90 72
90 64
90 101
90 284
90 109
90 222
90 37
90 10
90 102
90 34
90 190
90 26
90 292
90 129
90 110
90 153
90 33
90 165
90 156
90 258
90 115
90 278
90 151
90 163
90 71
90 80
90 124
90 52
90 146
90 224
90 138
90 83
90 286
90 161
90 281
90 29
90 184
90 68
90 215
90 186
90 253
90 160
90 194
90 100
90 279
90 128
90 150
90 134
90 70
90 7
90 58
90 20
90 24
90 250
90 228
90 56
90 291
90 133
90 47
90 130
90 132
90 175
90 63
90 168
90 77
90 299
90 21
90 298
90 289
90 13
90 53
90 170
90 174
90 231
90 157
90 210
90 167
90 223
90 105
90 244
90 65
90 187
90 255
90 203
90 209
90 103
90 67
90 39
90 82
90 264
90 144
90 48
90 154
90 162
90 238
90 62
90 8
90 74
90 267
90 204
90 135
90 92
90 125
90 227
90 234
90 87
90 57
90 273
90 208
90 158
90 95
90 123
90 96
90 257
90 268
90 249
90 296
90 94
90 97
90 265
90 46
90 276
90 98
90 78
90 152
90 4
90 3
90 242
90 220
90 141
90 19
90 139
90 118
90 200
90 85
90 2
90 193
90 112
90 16
90 75
90 31
90 164
90 49
90 50
90 18
90 232
90 246
90 30
90 99
90 148
90 88
90 114
90 173
90 127
90 225
90 93
90 117
90 216
90 147
90 295
90 6
90 179
90 297
90 111
90 214
90 271
90 247
90 104
90 137
90 166
90 155
90 169
90 84
90 230
90 177
90 149
90 12
90 32
90 277
90 176
90 126
90 159
90 282
90 9
90 142
90 280
90 171
90 290
90 1
90 288
90 235
90 5
90 259
90 256
90 221
90 89
90 108
90 107
90 41
90 263
90 207
90 145
90 14
90 172
90 42
90 17
90 270
90 254
90 197
90 287
90 116
90 122
90 81
90 106
90 11
90 274
90 73
90 269
90 252
90 261
90 262
90 51
90 181
90 272
90 283
90 91
90 226
90 198
90 25
90 119
90 23
90 188
90 248
90 28
90 54
90 35
90 251
90 113
90 300
155 169
155 84
155 230
155 177
155 149
155 12
155 32
155 277
155 176
155 126
155 159
155 282
155 9
155 142
155 280
155 171
155 290
155 1
155 288
155 235
155 5
155 259
155 256
155 221
155 89
155 108
155 107
155 41
155 263
155 207
155 145
155 14
155 172
155 42
155 17
155 270
155 254
155 197
155 287
155 116
155 122
155 81
155 106
155 11
155 274
155 73
155 269
155 252
155 261
155 262
155 51
155 181
155 272
155 283
155 91
155 226
155 198
155 25
155 119
155 23
155 188
155 248
155 28
155 54
155 35
155 251
155 113
155 300
1 288
1 235
1 5
1 259
1 256
1 221
1 89
1 108
1 107
1 41
1 263
1 207
1 145
1 14
1 172
1 42
1 17
1 270
1 254
1 197
1 287
1 116
1 122
1 81
1 106
1 11
1 274
1 73
1 269
1 252
1 261
1 262
1 51
1 181
1 272
1 283
1 91
1 226
1 198
1 25
1 119
1 23
1 188
1 248
1 28
1 54
1 35
1 251
1 113
1 300
50 18
50 232
50 246
50 30
50 99
50 148
50 88
50 114
50 173
50 127
50 225
50 93
50 117
50 216
50 147
50 295
50 6
50 179
50 297
50 111
50 214
50 271
50 247
50 104
50 137
50 166
50 169
50 84
50 230
50 177
50 149
50 12
50 32
50 277
50 176
50 126
50 159
50 282
50 9
50 142
50 280
50 171
50 290
50 288
50 235
50 5
50 259
50 256
50 221
50 89
50 108
50 107
50 41
50 263
50 207
50 145
50 14
50 172
50 42
50 17
50 270
50 254
50 197
50 287
50 116
50 122
50 81
50 106
50 11
50 274
50 73
50 269
50 252
50 261
50 262
50 51
50 181
50 272
50 283
50 91
50 226
50 198
50 25
50 119
50 23
50 188
50 248
50 28
50 54
50 35
50 251
50 113
50 300
31 164
31 49
31 18
31 232
31 246
31 30
31 99
31 148
31 88
31 114
31 173
31 127
31 225
31 93
31 117
31 216
31 147
31 295
31 6
31 179
31 297
31 111
31 214
31 271
31 247
31 104
31 137
31 166
31 169
31 84
31 230
31 177
31 149
31 12
31 32
31 277
31 176
31 126
31 159
31 282
31 9
31 142
31 280
31 171
31 290
31 288
31 235
31 5
31 259
31 256
31 221
31 89
31 108
31 107
31 41
31 263
31 207
31 145
31 14
31 172
31 42
31 17
31 270
31 254
31 197
31 287
31 116
31 122
31 81
31 106
31 11
31 274
31 73
31 269
31 252
31 261
31 262
31 51
31 181
31 272
31 283
31 91
31 226
31 198
31 25
31 119
31 23
31 188
31 248
31 28
31 54
31 35
31 251
31 113
31 300
180 237
180 239
180 205
180 131
180 245
180 218
180 206
180 136
180 275
180 36
180 69
180 44
180 191
180 196
180 22
180 192
180 285
180 202
180 211
180 233
180 72
180 64
180 101
180 284
180 109
180 222
180 37
180 10
180 102
180 34
180 190
180 26
180 292
180 129
180 110
180 153
180 33
180 165
180 156
180 258
180 115
180 278
180 151
180 163
180 71
180 80
180 124
180 52
180 146
180 224
180 138
180 83
180 286
180 161
180 281
180 29
180 184
180 68
180 215
180 186
180 253
180 160
180 194
180 100
180 279
180 128
180 150
180 134
180 70
180 7
180 58
180 20
180 24
180 250
180 228
180 56
180 291
180 133
180 47
180 130
180 132
180 175
180 63
180 168
180 77
180 299
180 21
180 298
180 289
180 13
180 53
180 170
180 174
180 231
180 157
180 210
180 167
180 223
180 105
180 244
180 65
180 187
180 255
180 203
180 209
180 103
180 67
180 39
180 82
180 264
180 144
180 48
180 154
180 162
180 238
180 62
180 8
180 74
180 267
180 204
180 135
180 92
180 125
180 227
180 234
180 87
180 57
180 273
180 208
180 158
180 95
180 123
180 96
180 257
180 268
180 249
180 296
180 94
180 97
180 265
180 46
180 276
180 98
180 78
180 152
180 4
180 3
180 242
180 220
180 141
180 19
180 139
180 118
180 200
180 85
180 2
180 193
180 112
180 16
180 75
180 164
180 49
180 18
180 232
180 246
180 30
180 99
180 148
180 88
180 114
180 173
180 127
180 225
180 93
180 117
180 216
180 147
180 295
180 6
180 179
180 297
180 111
180 214
180 271
180 247
180 104
180 137
180 166
180 169
180 84
180 230
180 177
180 149
180 12
180 32
180 277
180 176
180 126
180 159
180 282
180 9
180 142
180 280
180 171
180 290
180 288
180 235
180 5
180 259
180 256
180 221
180 89
180 108
180 107
180 41
180 263
180 207
180 145
180 14
180 172
180 42
180 17
180 270
180 254
180 197
180 287
180 116
180 122
180 81
180 106
180 11
180 274
180 73
180 269
180 252
180 261
180 262
180 51
180 181
180 272
180 283
180 91
180 226
180 198
180 25
180 119
180 23
180 188
180 248
180 28
180 54
180 35
180 251
180 113
180 300
40 189
40 86
40 213
40 229
40 217
40 241
40 237
40 239
40 205
40 131
40 245
40 218
40 206
40 136
40 275
40 36
40 69
40 44
40 191
40 196
40 22
40 192
40 285
40 202
40 211
40 233
40 72
40 64
40 101
40 284
40 109
40 222
40 37
40 10
40 102
40 34
40 190
40 26
40 292
40 129
40 110
40 153
40 33
40 165
40 156
40 258
40 115
40 278
40 151
40 163
40 71
40 80
40 124
40 52
40 146
40 224
40 138
40 83
40 286
40 161
40 281
40 29
40 184
40 68
40 215
40 186
40 253
40 160
40 194
40 100
40 279
40 128
40 150
40 134
40 70
40 7
40 58
40 20
40 24
40 250
40 228
40 56
40 291
40 133
40 47
40 130
40 132
40 175
40 63
40 168
40 77
40 299
40 21
40 298
40 289
40 13
40 53
40 170
40 174
40 231
40 157
40 210
40 167
40 223
40 105
40 244
40 65
40 187
40 255
40 203
40 209
40 103
40 67
40 39
40 82
40 264
40 144
40 48
40 154
40 162
40 238
40 62
40 8
40 74
40 267
40 204
40 135
40 92
40 125
40 227
40 234
40 87
40 57
40 273
40 208
40 158
40 95
40 123
40 96
40 257
40 268
40 249
40 296
40 94
40 97
40 265
40 46
40 276
40 98
40 78
40 152
40 4
40 3
40 242
40 220
40 141
40 19
40 139
40 118
40 200
40 85
40 2
40 193
40 112
40 16
40 75
40 164
40 49
40 18
40 232
40 246
40 30
40 99
40 148
40 88
40 114
40 173
40 127
40 225
40 93
40 117
40 216
40 147
40 295
40 6
40 179
40 297
40 111
40 214
40 271
40 247
40 104
40 137
40 166
40 169
40 84
40 230
40 177
40 149
40 12
40 32
40 277
40 176
40 126
40 159
40 282
40 9
40 142
40 280
40 171
40 290
40 288
40 235
40 5
40 259
40 256
40 221
40 89
40 108
40 107
40 41
40 263
40 207
40 145
40 14
40 172
40 42
40 17
40 270
40 254
40 197
40 287
40 116
40 122
40 81
40 106
40 11
40 274
40 73
40 269
40 252
40 261
40 262
40 51
40 181
40 272
40 283
40 91
40 226
40 198
40 25
40 119
40 23
40 188
40 248
40 28
40 54
40 35
40 251
40 113
40 300
240 201
240 189
240 86
240 213
240 229
240 217
240 241
240 237
240 239
240 205
240 131
240 245
240 218
240 206
240 136
240 275
240 36
240 69
240 44
240 191
240 196
240 22
240 192
240 285
240 202
240 211
240 233
240 72
240 64
240 101
240 284
240 109
240 222
240 37
240 10
240 102
240 34
240 190
240 26
240 292
240 129
240 110
240 153
240 33
240 165
240 156
240 258
240 115
240 278
240 151
240 163
240 71
240 80
240 124
240 52
240 146
240 224
240 138
240 83
240 286
240 161
240 281
240 29
240 184
240 68
240 215
240 186
240 253
240 160
240 194
240 100
240 279
240 128
240 150
240 134
240 70
240 7
240 58
240 20
240 24
240 250
240 228
240 56
240 291
240 133
240 47
240 130
240 132
240 175
240 63
240 168
240 77
240 299
240 21
240 298
240 289
240 13
240 53
240 170
240 174
240 231
240 157
240 210
240 167
240 223
240 105
240 244
240 65
240 187
240 255
240 203
240 209
240 103
240 67
240 39
240 82
240 264
240 144
240 48
240 154
240 162
240 238
240 62
240 8
240 74
240 267
240 204
240 135
240 92
240 125
240 227
240 234
240 87
240 57
240 273
240 208
240 158
240 95
240 123
240 96
240 257
240 268
240 249
240 296
240 94
240 97
240 265
240 46
240 276
240 98
240 78
240 152
240 4
240 3
240 242
240 220
240 141
240 19
240 139
240 118
240 200
240 85
240 2
240 193
240 112
240 16
240 75
240 164
240 49
240 18
240 232
240 246
240 30
240 99
240 148
240 88
240 114
240 173
240 127
240 225
240 93
240 117
240 216
240 147
240 295
240 6
240 179
240 297
240 111
240 214
240 271
240 247
240 104
240 137
240 166
240 169
240 84
240 230
240 177
240 149
240 12
240 32
240 277
240 176
240 126
240 159
240 282
240 9
240 142
240 280
240 171
240 290
240 288
240 235
240 5
240 259
240 256
240 221
240 89
240 108
240 107
240 41
240 263
240 207
240 145
240 14
240 172
240 42
240 17
240 270
240 254
240 197
240 287
240 116
240 122
240 81
240 106
240 11
240 274
240 73
240 269
240 252
240 261
240 262
240 51
240 181
240 272
240 283
240 91
240 226
240 198
240 25
240 119
240 23
240 188
240 248
240 28
240 54
240 35
240 251
240 113
240 300
146 224
146 138
146 83
146 286
146 161
146 281
146 29
146 184
146 68
146 215
146 186
146 253
146 160
146 194
146 100
146 279
146 128
146 150
146 134
146 70
146 7
146 58
146 20
146 24
146 250
146 228
146 56
146 291
146 133
146 47
146 130
146 132
146 175
146 63
146 168
146 77
146 299
146 21
146 298
146 289
146 13
146 53
146 170
146 174
146 231
146 157
146 210
146 167
146 223
146 105
146 244
146 65
146 187
146 255
146 203
146 209
146 103
146 67
146 39
146 82
146 264
146 144
146 48
146 154
146 162
146 238
146 62
146 8
146 74
146 267
146 204
146 135
146 92
146 125
146 227
146 234
146 87
146 57
146 273
146 208
146 158
146 95
146 123
146 96
146 257
146 268
146 249
146 296
146 94
146 97
146 265
146 46
146 276
146 98
146 78
146 152
146 4
146 3
146 242
146 220
146 141
146 19
146 139
146 118
146 200
146 85
146 2
146 193
146 112
146 16
146 75
146 164
146 49
146 18
146 232
146 246
146 30
146 99
146 148
146 88
146 114
146 173
146 127
146 225
146 93
146 117
146 216
146 147
146 295
146 6
146 179
146 297
146 111
146 214
146 271
146 247
146 104
146 137
146 166
146 169
146 84
146 230
146 177
146 149
146 12
146 32
146 277
146 176
146 126
146 159
146 282
146 9
146 142
146 280
146 171
146 290
146 288
146 235
146 5
146 259
146 256
146 221
146 89
146 108
146 107
146 41
146 263
146 207
146 145
146 14
146 172
146 42
146 17
146 270
146 254
146 197
146 287
146 116
146 122
146 81
146 106
146 11
146 274
146 73
146 269
146 252
146 261
146 262
146 51
146 181
146 272
146 283
146 91
146 226
146 198
146 25
146 119
146 23
146 188
146 248
146 28
146 54
146 35
146 251
146 113
146 300
283 91
283 226
283 198
283 25
283 119
283 23
283 188
283 248
283 28
283 54
283 35
283 251
283 113
283 300
91 226
91 198
91 25
91 119
91 23
91 188
91 248
91 28
91 54
91 35
91 251
91 113
91 300
282 9
282 142
282 280
282 171
282 290
282 288
282 235
282 5
282 259
282 256
282 221
282 89
282 108
282 107
282 41
282 263
282 207
282 145
282 14
282 172
282 42
282 17
282 270
282 254
282 197
282 287
282 116
282 122
282 81
282 106
282 11
282 274
282 73
282 269
282 252
282 261
282 262
282 51
282 181
282 272
282 226
282 198
282 25
282 119
282 23
282 188
282 248
282 28
282 54
282 35
282 251
282 113
282 300
144 48
144 154
144 162
144 238
144 62
144 8
144 74
144 267
144 204
144 135
144 92
144 125
144 227
144 234
144 87
144 57
144 273
144 208
144 158
144 95
144 123
144 96
144 257
144 268
144 249
144 296
144 94
144 97
144 265
144 46
144 276
144 98
144 78
144 152
144 4
144 3
144 242
144 220
144 141
144 19
144 139
144 118
144 200
144 85
144 2
144 193
144 112
144 16
144 75
144 164
144 49
144 18
144 232
144 246
144 30
144 99
144 148
144 88
144 114
144 173
144 127
144 225
144 93
144 117
144 216
144 147
144 295
144 6
144 179
144 297
144 111
144 214
144 271
144 247
144 104
144 137
144 166
144 169
144 84
144 230
144 177
144 149
144 12
144 32
144 277
144 176
144 126
144 159
144 9
144 142
144 280
144 171
144 290
144 288
144 235
144 5
144 259
144 256
144 221
144 89
144 108
144 107
144 41
144 263
144 207
144 145
144 14
144 172
144 42
144 17
144 270
144 254
144 197
144 287
144 116
144 122
144 81
144 106
144 11
144 274
144 73
144 269
144 252
144 261
144 262
144 51
144 181
144 272
144 226
144 198
144 25
144 119
144 23
144 188
144 248
144 28
144 54
144 35
144 251
144 113
144 300
297 111
297 214
297 271
297 247
297 104
297 137
297 166
297 169
297 84
297 230
297 177
297 149
297 12
297 32
297 277
297 176
297 126
297 159
297 9
297 142
297 280
297 171
297 290
297 288
297 235
297 5
297 259
297 256
297 221
297 89
297 108
297 107
297 41
297 263
297 207
297 145
297 14
297 172
297 42
297 17
297 270
297 254
297 197
297 287
297 116
297 122
297 81
297 106
297 11
297 274
297 73
297 269
297 252
297 261
297 262
297 51
297 181
297 272
297 226
297 198
297 25
297 119
297 23
297 188
297 248
297 28
297 54
297 35
297 251
297 113
297 300
132 175
132 63
132 168
132 77
132 299
132 21
132 298
132 289
132 13
132 53
132 170
132 174
132 231
132 157
132 210
132 167
132 223
132 105
132 244
132 65
132 187
132 255
132 203
132 209
132 103
132 67
132 39
132 82
132 264
132 48
132 154
132 162
132 238
132 62
132 8
132 74
132 267
132 204
132 135
132 92
132 125
132 227
132 234
132 87
132 57
132 273
132 208
132 158
132 95
132 123
132 96
132 257
132 268
132 249
132 296
132 94
132 97
132 265
132 46
132 276
132 98
132 78
132 152
132 4
132 3
132 242
132 220
132 141
132 19
132 139
132 118
132 200
132 85
132 2
132 193
132 112
132 16
132 75
132 164
132 49
132 18
132 232
132 246
132 30
132 99
132 148
132 88
132 114
132 173
132 127
132 225
132 93
132 117
132 216
132 147
132 295
132 6
132 179
132 111
132 214
132 271
132 247
132 104
132 137
132 166
132 169
132 84
132 230
132 177
132 149
132 12
132 32
132 277
132 176
132 126
132 159
132 9
132 142
132 280
132 171
132 290
132 288
132 235
132 5
132 259
132 256
132 221
132 89
132 108
132 107
132 41
132 263
132 207
132 145
132 14
132 172
132 42
132 17
132 270
132 254
132 197
132 287
132 116
132 122
132 81
132 106
132 11
132 274
132 73
132 269
132 252
132 261
132 262
132 51
132 181
132 272
132 226
132 198
132 25
132 119
132 23
132 188
132 248
132 28
132 54
132 35
132 251
132 113
132 300
276 98
276 78
276 152
276 4
276 3
276 242
276 220
276 141
276 19
276 139
276 118
276 200
276 85
276 2
276 193
276 112
276 16
276 75
276 164
276 49
276 18
276 232
276 246
276 30
276 99
276 148
276 88
276 114
276 173
276 127
276 225
276 93
276 117
276 216
276 147
276 295
276 6
276 179
276 111
276 214
276 271
276 247
276 104
276 137
276 166
276 169
276 84
276 230
276 177
276 149
276 12
276 32
276 277
276 176
276 126
276 159
276 9
276 142
276 280
276 171
276 290
276 288
276 235
276 5
276 259
276 256
276 221
276 89
276 108
276 107
276 41
276 263
276 207
276 145
276 14
276 172
276 42
276 17
276 270
276 254
276 197
276 287
276 116
276 122
276 81
276 106
276 11
276 274
276 73
276 269
276 252
276 261
276 262
276 51
276 181
276 272
276 226
276 198
276 25
276 119
276 23
276 188
276 248
276 28
276 54
276 35
276 251
276 113
276 300
93 117
93 216
93 147
93 295
93 6
93 179
93 111
93 214
93 271
93 247
93 104
93 137
93 166
93 169
93 84
93 230
93 177
93 149
93 12
93 32
93 277
93 176
93 126
93 159
93 9
93 142
93 280
93 171
93 290
93 288
93 235
93 5
93 259
93 256
93 221
93 89
93 108
93 107
93 41
93 263
93 207
93 145
93 14
93 172
93 42
93 17
93 270
93 254
93 197
93 287
93 116
93 122
93 81
93 106
93 11
93 274
93 73
93 269
93 252
93 261
93 262
93 51
93 181
93 272
93 226
93 198
93 25
93 119
93 23
93 188
93 248
93 28
93 54
93 35
93 251
93 113
93 300
267 204
267 135
267 92
267 125
267 227
267 234
267 87
267 57
267 273
267 208
267 158
267 95
267 123
267 96
267 257
267 268
267 249
267 296
267 94
267 97
267 265
267 46
267 98
267 78
267 152
267 4
267 3
267 242
267 220
267 141
267 19
267 139
267 118
267 200
267 85
267 2
267 193
267 112
267 16
267 75
267 164
267 49
267 18
267 232
267 246
267 30
267 99
267 148
267 88
267 114
267 173
267 127
267 225
267 117
267 216
267 147
267 295
267 6
267 179
267 111
267 214
267 271
267 247
267 104
267 137
267 166
267 169
267 84
267 230
267 177
267 149
267 12
267 32
267 277
267 176
267 126
267 159
267 9
267 142
267 280
267 171
267 290
267 288
267 235
267 5
267 259
267 256
267 221
267 89
267 108
267 107
267 41
267 263
267 207
267 145
267 14
267 172
267 42
267 17
267 270
267 254
267 197
267 287
267 116
267 122
267 81
267 106
267 11
267 274
267 73
267 269
267 252
267 261
267 262
267 51
267 181
267 272
267 226
267 198
267 25
267 119
267 23
267 188
267 248
267 28
267 54
267 35
267 251
267 113
267 300
105 244
105 65
105 187
105 255
105 203
105 209
105 103
105 67
105 39
105 82
105 264
105 48
105 154
105 162
105 238
105 62
105 8
105 74
105 204
105 135
105 92
105 125
105 227
105 234
105 87
105 57
105 273
105 208
105 158
105 95
105 123
105 96
105 257
105 268
105 249
105 296
105 94
105 97
105 265
105 46
105 98
105 78
105 152
105 4
105 3
105 242
105 220
105 141
105 19
105 139
105 118
105 200
105 85
105 2
105 193
105 112
105 16
105 75
105 164
105 49
105 18
105 232
105 246
105 30
105 99
105 148
105 88
105 114
105 173
105 127
105 225
105 117
105 216
105 147
105 295
105 6
105 179
105 111
105 214
105 271
105 247
105 104
105 137
105 166
105 169
105 84
105 230
105 177
105 149
105 12
105 32
105 277
105 176
105 126
105 159
105 9
105 142
105 280
105 171
105 290
105 288
105 235
105 5
105 259
105 256
105 221
105 89
105 108
105 107
105 41
105 263
105 207
105 145
105 14
105 172
105 42
105 17
105 270
105 254
105 197
105 287
105 116
105 122
105 81
105 106
105 11
105 274
105 73
105 269
105 252
105 261
105 262
105 51
105 181
105 272
105 226
105 198
105 25
105 119
105 23
105 188
105 248
105 28
105 54
105 35
105 251
105 113
105 300
268 249
268 296
268 94
268 97
268 265
268 46
268 98
268 78
268 152
268 4
268 3
268 242
268 220
268 141
268 19
268 139
268 118
268 200
268 85
268 2
268 193
268 112
268 16
268 75
268 164
268 49
268 18
268 232
268 246
268 30
268 99
268 148
268 88
268 114
268 173
268 127
268 225
268 117
268 216
268 147
268 295
268 6
268 179
268 111
268 214
268 271
268 247
268 104
268 137
268 166
268 169
268 84
268 230
268 177
268 149
268 12
268 32
268 277
268 176
268 126
268 159
268 9
268 142
268 280
268 171
268 290
268 288
268 235
268 5
268 259
268 256
268 221
268 89
268 108
268 107
268 41
268 263
268 207
268 145
268 14
268 172
268 42
268 17
268 270
268 254
268 197
268 287
268 116
268 122
268 81
268 106
268 11
268 274
268 73
268 269
268 252
268 261
268 262
268 51
268 181
268 272
268 226
268 198
268 25
268 119
268 23
268 188
268 248
268 28
268 54
268 35
268 251
268 113
268 300
94 97
94 265
94 46
94 98
94 78
94 152
94 4
94 3
94 242
94 220
94 141
94 19
94 139
94 118
94 200
94 85
94 2
94 193
94 112
94 16
94 75
94 164
94 49
94 18
94 232
94 246
94 30
94 99
94 148
94 88
94 114
94 173
94 127
94 225
94 117
94 216
94 147
94 295
94 6
94 179
94 111
94 214
94 271
94 247
94 104
94 137
94 166
94 169
94 84
94 230
94 177
94 149
94 12
94 32
94 277
94 176
94 126
94 159
94 9
94 142
94 280
94 171
94 290
94 288
94 235
94 5
94 259
94 256
94 221
94 89
94 108
94 107
94 41
94 263
94 207
94 145
94 14
94 172
94 42
94 17
94 270
94 254
94 197
94 287
94 116
94 122
94 81
94 106
94 11
94 274
94 73
94 269
94 252
94 261
94 262
94 51
94 181
94 272
94 226
94 198
94 25
94 119
94 23
94 188
94 248
94 28
94 54
94 35
94 251
94 113
94 300
275 36
275 69
275 44
275 191
275 196
275 22
275 192
275 285
275 202
275 211
275 233
275 72
275 64
275 101
275 284
275 109
275 222
275 37
275 10
275 102
275 34
275 190
275 26
275 292
275 129
275 110
275 153
275 33
275 165
275 156
275 258
275 115
275 278
275 151
275 163
275 71
275 80
275 124
275 52
275 224
275 138
275 83
275 286
275 161
275 281
275 29
275 184
275 68
275 215
275 186
275 253
275 160
275 194
275 100
275 279
275 128
275 150
275 134
275 70
275 7
275 58
275 20
275 24
275 250
275 228
275 56
275 291
275 133
275 47
275 130
275 175
275 63
275 168
275 77
275 299
275 21
275 298
275 289
275 13
275 53
275 170
275 174
275 231
275 157
275 210
275 167
275 223
275 244
275 65
275 187
275 255
275 203
275 209
275 103
275 67
275 39
275 82
275 264
275 48
275 154
275 162
275 238
275 62
275 8
275 74
275 204
275 135
275 92
275 125
275 227
275 234
275 87
275 57
275 273
275 208
275 158
275 95
275 123
275 96
275 257
275 249
275 296
275 97
275 265
275 46
275 98
275 78
275 152
275 4
275 3
275 242
275 220
275 141
275 19
275 139
275 118
275 200
275 85
275 2
275 193
275 112
275 16
275 75
275 164
275 49
275 18
275 232
275 246
275 30
275 99
275 148
275 88
275 114
275 173
275 127
275 225
275 117
275 216
275 147
275 295
275 6
275 179
275 111
275 214
275 271
275 247
275 104
275 137
275 166
275 169
275 84
275 230
275 177
275 149
275 12
275 32
275 277
275 176
275 126
275 159
275 9
275 142
275 280
275 171
275 290
275 288
275 235
275 5
275 259
275 256
275 221
275 89
275 108
275 107
275 41
275 263
275 207
275 145
275 14
275 172
275 42
275 17
275 270
275 254
275 197
275 287
275 116
275 122
275 81
275 106
275 11
275 274
275 73
275 269
275 252
275 261
275 262
275 51
275 181
275 272
275 226
275 198
275 25
275 119
275 23
275 188
275 248
275 28
275 54
275 35
275 251
275 113
275 300
116 122
116 81
116 106
116 11
116 274
116 73
116 269
116 252
116 261
116 262
116 51
116 181
116 272
116 226
116 198
116 25
116 119
116 23
116 188
116 248
116 28
116 54
116 35
116 251
116 113
116 300
173 127
173 225
173 117
173 216
173 147
173 295
173 6
173 179
173 111
173 214
173 271
173 247
173 104
173 137
173 166
173 169
173 84
173 230
173 177
173 149
173 12
173 32
173 277
173 176
173 126
173 159
173 9
173 142
173 280
173 171
173 290
173 288
173 235
173 5
173 259
173 256
173 221
173 89
173 108
173 107
173 41
173 263
173 207
173 145
173 14
173 172
173 42
173 17
173 270
173 254
173 197
173 287
173 122
173 81
173 106
173 11
173 274
173 73
173 269
173 252
173 261
173 262
173 51
173 181
173 272
173 226
173 198
173 25
173 119
173 23
173 188
173 248
173 28
173 54
173 35
173 251
173 113
173 300
9 142
9 280
9 171
9 290
9 288
9 235
9 5
9 259
9 256
9 221
9 89
9 108
9 107
9 41
9 263
9 207
9 145
9 14
9 172
9 42
9 17
9 270
9 254
9 197
9 287
9 122
9 81
9 106
9 11
9 274
9 73
9 269
9 252
9 261
9 262
9 51
9 181
9 272
9 226
9 198
9 25
9 119
9 23
9 188
9 248
9 28
9 54
9 35
9 251
9 113
9 300
181 272
181 226
181 198
181 25
181 119
181 23
181 188
181 248
181 28
181 54
181 35
181 251
181 113
181 300
148 88
148 114
148 127
148 225
148 117
148 216
148 147
148 295
148 6
148 179
148 111
148 214
148 271
148 247
148 104
148 137
148 166
148 169
148 84
148 230
148 177
148 149
148 12
148 32
148 277
148 176
148 126
148 159
148 142
148 280
148 171
148 290
148 288
148 235
148 5
148 259
148 256
148 221
148 89
148 108
148 107
148 41
148 263
148 207
148 145
148 14
148 172
148 42
148 17
148 270
148 254
148 197
148 287
148 122
148 81
148 106
148 11
148 274
148 73
148 269
148 252
148 261
148 262
148 51
148 272
148 226
148 198
148 25
148 119
148 23
148 188
148 248
148 28
148 54
148 35
148 251
148 113
148 300
233 72
233 64
233 101
233 284
233 109
233 222
233 37
233 10
233 102
233 34
233 190
233 26
233 292
233 129
233 110
233 153
233 33
233 165
233 156
233 258
233 115
233 278
233 151
233 163
233 71
233 80
233 124
233 52
233 224
233 138
233 83
233 286
233 161
233 281
233 29
233 184
233 68
233 215
233 186
233 253
233 160
233 194
233 100
233 279
233 128
233 150
233 134
233 70
233 7
233 58
233 20
233 24
233 250
233 228
233 56
233 291
233 133
233 47
233 130
233 175
233 63
233 168
233 77
233 299
233 21
233 298
233 289
233 13
233 53
233 170
233 174
233 231
233 157
233 210
233 167
233 223
233 244
233 65
233 187
233 255
233 203
233 209
233 103
233 67
233 39
233 82
233 264
233 48
233 154
233 162
233 238
233 62
233 8
233 74
233 204
233 135
233 92
233 125
233 227
233 234
233 87
233 57
233 273
233 208
233 158
233 95
233 123
233 96
233 257
233 249
233 296
233 97
233 265
233 46
233 98
233 78
233 152
233 4
233 3
233 242
233 220
233 141
233 19
233 139
233 118
233 200
233 85
233 2
233 193
233 112
233 16
233 75
233 164
233 49
233 18
233 232
233 246
233 30
233 99
233 88
233 114
233 127
233 225
233 117
233 216
233 147
233 295
233 6
233 179
233 111
233 214
233 271
233 247
233 104
233 137
233 166
233 169
233 84
233 230
233 177
233 149
233 12
233 32
233 277
233 176
233 126
233 159
233 142
233 280
233 171
233 290
233 288
233 235
233 5
233 259
233 256
233 221
233 89
233 108
233 107
233 41
233 263
233 207
233 145
233 14
233 172
233 42
233 17
233 270
233 254
233 197
233 287
233 122
233 81
233 106
233 11
233 274
233 73
233 269
233 252
233 261
233 262
233 51
233 272
233 226
233 198
233 25
233 119
233 23
233 188
233 248
233 28
233 54
233 35
233 251
233 113
233 300
37 10
37 102
37 34
37 190
37 26
37 292
37 129
37 110
37 153
37 33
37 165
37 156
37 258
37 115
37 278
37 151
37 163
37 71
37 80
37 124
37 52
37 224
37 138
37 83
37 286
37 161
37 281
37 29
37 184
37 68
37 215
37 186
37 253
37 160
37 194
37 100
37 279
37 128
37 150
37 134
37 70
37 7
37 58
37 20
37 24
37 250
37 228
37 56
37 291
37 133
37 47
37 130
37 175
37 63
37 168
37 77
37 299
37 21
37 298
37 289
37 13
37 53
37 170
37 174
37 231
37 157
37 210
37 167
37 223
37 244
37 65
37 187
37 255
37 203
37 209
37 103
37 67
37 39
37 82
37 264
37 48
37 154
37 162
37 238
37 62
37 8
37 74
37 204
37 135
37 92
37 125
37 227
37 234
37 87
37 57
37 273
37 208
37 158
37 95
37 123
37 96
37 257
37 249
37 296
37 97
37 265
37 46
37 98
37 78
37 152
37 4
37 3
37 242
37 220
37 141
37 19
37 139
37 118
37 200
37 85
37 2
37 193
37 112
37 16
37 75
37 164
37 49
37 18
37 232
37 246
37 30
37 99
37 88
37 114
37 127
37 225
37 117
37 216
37 147
37 295
37 6
37 179
37 111
37 214
37 271
37 247
37 104
37 137
37 166
37 169
37 84
37 230
37 177
37 149
37 12
37 32
37 277
37 176
37 126
37 159
37 142
37 280
37 171
37 290
37 288
37 235
37 5
37 259
37 256
37 221
37 89
37 108
37 107
37 41
37 263
37 207
37 145
37 14
37 172
37 42
37 17
37 270
37 254
37 197
37 287
37 122
37 81
37 106
37 11
37 274
37 73
37 269
37 252
37 261
37 262
37 51
37 272
37 226
37 198
37 25
37 119
37 23
37 188
37 248
37 28
37 54
37 35
37 251
37 113
37 300
225 117
225 216
225 147
225 295
225 6
225 179
225 111
225 214
225 271
225 247
225 104
225 137
225 166
225 169
225 84
225 230
225 177
225 149
225 12
225 32
225 277
225 176
225 126
225 159
225 142
225 280
225 171
225 290
225 288
225 235
225 5
225 259
225 256
225 221
225 89
225 108
225 107
225 41
225 263
225 207
225 145
225 14
225 172
225 42
225 17
225 270
225 254
225 197
225 287
225 122
225 81
225 106
225 11
225 274
225 73
225 269
225 252
225 261
225 262
225 51
225 272
225 226
225 198
225 25
225 119
225 23
225 188
225 248
225 28
225 54
225 35
225 251
225 113
225 300
115 278
115 151
115 163
115 71
115 80
115 124
115 52
115 224
115 138
115 83
115 286
115 161
115 281
115 29
115 184
115 68
115 215
115 186
115 253
115 160
115 194
115 100
115 279
115 128
115 150
115 134
115 70
115 7
115 58
115 20
115 24
115 250
115 228
115 56
115 291
115 133
115 47
115 130
115 175
115 63
115 168
115 77
115 299
115 21
115 298
115 289
115 13
115 53
115 170
115 174
115 231
115 157
115 210
115 167
115 223
115 244
115 65
115 187
115 255
115 203
115 209
115 103
115 67
115 39
115 82
115 264
115 48
115 154
115 162
115 238
115 62
115 8
115 74
115 204
115 135
115 92
115 125
115 227
115 234
115 87
115 57
115 273
115 208
115 158
115 95
115 123
115 96
115 257
115 249
115 296
115 97
115 265
115 46
115 98
115 78
115 152
115 4
115 3
115 242
115 220
115 141
115 19
115 139
115 118
115 200
115 85
115 2
115 193
115 112
115 16
115 75
115 164
115 49
115 18
115 232
115 246
115 30
115 99
115 88
115 114
115 127
115 117
115 216
115 147
115 295
115 6
115 179
115 111
115 214
115 271
115 247
115 104
115 137
115 166
115 169
115 84
115 230
115 177
115 149
115 12
115 32
115 277
115 176
115 126
115 159
115 142
115 280
115 171
115 290
115 288
115 235
115 5
115 259
115 256
115 221
115 89
115 108
115 107
115 41
115 263
115 207
115 145
115 14
115 172
115 42
115 17
115 270
115 254
115 197
115 287
115 122
115 81
115 106
115 11
115 274
115 73
115 269
115 252
115 261
115 262
115 51
115 272
115 226
115 198
115 25
115 119
115 23
115 188
115 248
115 28
115 54
115 35
115 251
115 113
115 300
278 151
278 163
278 71
278 80
278 124
278 52
278 224
278 138
278 83
278 286
278 161
278 281
278 29
278 184
278 68
278 215
278 186
278 253
278 160
278 194
278 100
278 279
278 128
278 150
278 134
278 70
278 7
278 58
278 20
278 24
278 250
278 228
278 56
278 291
278 133
278 47
278 130
278 175
278 63
278 168
278 77
278 299
278 21
278 298
278 289
278 13
278 53
278 170
278 174
278 231
278 157
278 210
278 167
278 223
278 244
278 65
278 187
278 255
278 203
278 209
278 103
278 67
278 39
278 82
278 264
278 48
278 154
278 162
278 238
278 62
278 8
278 74
278 204
278 135
278 92
278 125
278 227
278 234
278 87
278 57
278 273
278 208
278 158
278 95
278 123
278 96
278 257
278 249
278 296
278 97
278 265
278 46
278 98
278 78
278 152
278 4
278 3
278 242
278 220
278 141
278 19
278 139
278 118
278 200
278 85
278 2
278 193
278 112
278 16
278 75
278 164
278 49
278 18
278 232
278 246
278 30
278 99
278 88
278 114
278 127
278 117
278 216
278 147
278 295
278 6
278 179
278 111
278 214
278 271
278 247
278 104
278 137
278 166
278 169
278 84
278 230
278 177
278 149
278 12
278 32
278 277
278 176
278 126
278 159
278 142
278 280
278 171
278 290
278 288
278 235
278 5
278 259
278 256
278 221
278 89
278 108
278 107
278 41
278 263
278 207
278 145
278 14
278 172
278 42
278 17
278 270
278 254
278 197
278 287
278 122
278 81
278 106
278 11
278 274
278 73
278 269
278 252
278 261
278 262
278 51
278 272
278 226
278 198
278 25
278 119
278 23
278 188
278 248
278 28
278 54
278 35
278 251
278 113
278 300
107 41
107 263
107 207
107 145
107 14
107 172
107 42
107 17
107 270
107 254
107 197
107 287
107 122
107 81
107 106
107 11
107 274
107 73
107 269
107 252
107 261
107 262
107 51
107 272
107 226
107 198
107 25
107 119
107 23
107 188
107 248
107 28
107 54
107 35
107 251
107 113
107 300
239 205
239 131
239 245
239 218
239 206
239 136
239 36
239 69
239 44
239 191
239 196
239 22
239 192
239 285
239 202
239 211
239 72
239 64
239 101
239 284
239 109
239 222
239 10
239 102
239 34
239 190
239 26
239 292
239 129
239 110
239 153
239 33
239 165
239 156
239 258
239 151
239 163
239 71
239 80
239 124
239 52
239 224
239 138
239 83
239 286
239 161
239 281
239 29
239 184
239 68
239 215
239 186
239 253
239 160
239 194
239 100
239 279
239 128
239 150
239 134
239 70
239 7
239 58
239 20
239 24
239 250
239 228
239 56
239 291
239 133
239 47
239 130
239 175
239 63
239 168
239 77
239 299
239 21
239 298
239 289
239 13
239 53
239 170
239 174
239 231
239 157
239 210
239 167
239 223
239 244
239 65
239 187
239 255
239 203
239 209
239 103
239 67
239 39
239 82
239 264
239 48
239 154
239 162
239 238
239 62
239 8
239 74
239 204
239 135
239 92
239 125
239 227
239 234
239 87
239 57
239 273
239 208
239 158
239 95
239 123
239 96
239 257
239 249
239 296
239 97
239 265
239 46
239 98
239 78
239 152
239 4
239 3
239 242
239 220
239 141
239 19
239 139
239 118
239 200
239 85
239 2
239 193
239 112
239 16
239 75
239 164
239 49
239 18
239 232
239 246
239 30
239 99
239 88
239 114
239 127
239 117
239 216
239 147
239 295
239 6
239 179
239 111
239 214
239 271
239 247
239 104
239 137
239 166
239 169
239 84
239 230
239 177
239 149
239 12
239 32
239 277
239 176
239 126
239 159
239 142
239 280
239 171
239 290
239 288
239 235
239 5
239 259
239 256
239 221
239 89
239 108
239 41
239 263
239 207
239 145
239 14
239 172
239 42
239 17
239 270
239 254
239 197
239 287
239 122
239 81
239 106
239 11
239 274
239 73
239 269
239 252
239 261
239 262
239 51
239 272
239 226
239 198
239 25
239 119
239 23
239 188
239 248
239 28
239 54
239 35
239 251
239 113
239 300
54 35
54 251
54 113
54 300
230 177
230 149
230 12
230 32
230 277
230 176
230 126
230 159
230 142
230 280
230 171
230 290
230 288
230 235
230 5
230 259
230 256
230 221
230 89
230 108
230 41
230 263
230 207
230 145
230 14
230 172
230 42
230 17
230 270
230 254
230 197
230 287
230 122
230 81
230 106
230 11
230 274
230 73
230 269
230 252
230 261
230 262
230 51
230 272
230 226
230 198
230 25
230 119
230 23
230 188
230 248
230 28
230 35
230 251
230 113
230 300
87 57
87 273
87 208
87 158
87 95
87 123
87 96
87 257
87 249
87 296
87 97
87 265
87 46
87 98
87 78
87 152
87 4
87 3
87 242
87 220
87 141
87 19
87 139
87 118
87 200
87 85
87 2
87 193
87 112
87 16
87 75
87 164
87 49
87 18
87 232
87 246
87 30
87 99
87 88
87 114
87 127
87 117
87 216
87 147
87 295
87 6
87 179
87 111
87 214
87 271
87 247
87 104
87 137
87 166
87 169
87 84
87 177
87 149
87 12
87 32
87 277
87 176
87 126
87 159
87 142
87 280
87 171
87 290
87 288
87 235
87 5
87 259
87 256
87 221
87 89
87 108
87 41
87 263
87 207
87 145
87 14
87 172
87 42
87 17
87 270
87 254
87 197
87 287
87 122
87 81
87 106
87 11
87 274
87 73
87 269
87 252
87 261
87 262
87 51
87 272
87 226
87 198
87 25
87 119
87 23
87 188
87 248
87 28
87 35
87 251
87 113
87 300
241 237
241 205
241 131
241 245
241 218
241 206
241 136
241 36
241 69
241 44
241 191
241 196
241 22
241 192
241 285
241 202
241 211
241 72
241 64
241 101
241 284
241 109
241 222
241 10
241 102
241 34
241 190
241 26
241 292
241 129
241 110
241 153
241 33
241 165
241 156
241 258
241 151
241 163
241 71
241 80
241 124
241 52
241 224
241 138
241 83
241 286
241 161
241 281
241 29
241 184
241 68
241 215
241 186
241 253
241 160
241 194
241 100
241 279
241 128
241 150
241 134
241 70
241 7
241 58
241 20
241 24
241 250
241 228
241 56
241 291
241 133
241 47
241 130
241 175
241 63
241 168
241 77
241 299
241 21
241 298
241 289
241 13
241 53
241 170
241 174
241 231
241 157
241 210
241 167
241 223
241 244
241 65
241 187
241 255
241 203
241 209
241 103
241 67
241 39
241 82
241 264
241 48
241 154
241 162
241 238
241 62
241 8
241 74
241 204
241 135
241 92
241 125
241 227
241 234
241 57
241 273
241 208
241 158
241 95
241 123
241 96
241 257
241 249
241 296
241 97
241 265
241 46
241 98
241 78
241 152
241 4
241 3
241 242
241 220
241 141
241 19
241 139
241 118
241 200
241 85
241 2
241 193
241 112
241 16
241 75
241 164
241 49
241 18
241 232
241 246
241 30
241 99
241 88
241 114
241 127
241 117
241 216
241 147
241 295
241 6
241 179
241 111
241 214
241 271
241 247
241 104
241 137
241 166
241 169
241 84
241 177
241 149
241 12
241 32
241 277
241 176
241 126
241 159
241 142
241 280
241 171
241 290
241 288
241 235
241 5
241 259
241 256
241 221
241 89
241 108
241 41
241 263
241 207
241 145
241 14
241 172
241 42
241 17
241 270
241 254
241 197
241 287
241 122
241 81
241 106
241 11
241 274
241 73
241 269
241 252
241 261
241 262
241 51
241 272
241 226
241 198
241 25
241 119
241 23
241 188
241 248
241 28
241 35
241 251
241 113
241 300
68 215
68 186
68 253
68 160
68 194
68 100
68 279
68 128
68 150
68 134
68 70
68 7
68 58
68 20
68 24
68 250
68 228
68 56
68 291
68 133
68 47
68 130
68 175
68 63
68 168
68 77
68 299
68 21
68 298
68 289
68 13
68 53
68 170
68 174
68 231
68 157
68 210
68 167
68 223
68 244
68 65
68 187
68 255
68 203
68 209
68 103
68 67
68 39
68 82
68 264
68 48
68 154
68 162
68 238
68 62
68 8
68 74
68 204
68 135
68 92
68 125
68 227
68 234
68 57
68 273
68 208
68 158
68 95
68 123
68 96
68 257
68 249
68 296
68 97
68 265
68 46
68 98
68 78
68 152
68 4
68 3
68 242
68 220
68 141
68 19
68 139
68 118
68 200
68 85
68 2
68 193
68 112
68 16
68 75
68 164
68 49
68 18
68 232
68 246
68 30
68 99
68 88
68 114
68 127
68 117
68 216
68 147
68 295
68 6
68 179
68 111
68 214
68 271
68 247
68 104
68 137
68 166
68 169
68 84
68 177
68 149
68 12
68 32
68 277
68 176
68 126
68 159
68 142
68 280
68 171
68 290
68 288
68 235
68 5
68 259
68 256
68 221
68 89
68 108
68 41
68 263
68 207
68 145
68 14
68 172
68 42
68 17
68 270
68 254
68 197
68 287
68 122
68 81
68 106
68 11
68 274
68 73
68 269
68 252
68 261
68 262
68 51
68 272
68 226
68 198
68 25
68 119
68 23
68 188
68 248
68 28
68 35
68 251
68 113
68 300
259 256
259 221
259 89
259 108
259 41
259 263
259 207
259 145
259 14
259 172
259 42
259 17
259 270
259 254
259 197
259 287
259 122
259 81
259 106
259 11
259 274
259 73
259 269
259 252
259 261
259 262
259 51
259 272
259 226
259 198
259 25
259 119
259 23
259 188
259 248
259 28
259 35
259 251
259 113
259 300
131 245
131 218
131 206
131 136
131 36
131 69
131 44
131 191
131 196
131 22
131 192
131 285
131 202
131 211
131 72
131 64
131 101
131 284
131 109
131 222
131 10
131 102
131 34
131 190
131 26
131 292
131 129
131 110
131 153
131 33
131 165
131 156
131 258
131 151
131 163
131 71
131 80
131 124
131 52
131 224
131 138
131 83
131 286
131 161
131 281
131 29
131 184
131 215
131 186
131 253
131 160
131 194
131 100
131 279
131 128
131 150
131 134
131 70
131 7
131 58
131 20
131 24
131 250
131 228
131 56
131 291
131 133
131 47
131 130
131 175
131 63
131 168
131 77
131 299
131 21
131 298
131 289
131 13
131 53
131 170
131 174
131 231
131 157
131 210
131 167
131 223
131 244
131 65
131 187
131 255
131 203
131 209
131 103
131 67
131 39
131 82
131 264
131 48
131 154
131 162
131 238
131 62
131 8
131 74
131 204
131 135
131 92
131 125
131 227
131 234
131 57
131 273
131 208
131 158
131 95
131 123
131 96
131 257
131 249
131 296
131 97
131 265
131 46
131 98
131 78
131 152
131 4
131 3
131 242
131 220
131 141
131 19
131 139
131 118
131 200
131 85
131 2
131 193
131 112
131 16
131 75
131 164
131 49
131 18
131 232
131 246
131 30
131 99
131 88
131 114
131 127
131 117
131 216
131 147
131 295
131 6
131 179
131 111
131 214
131 271
131 247
131 104
131 137
131 166
131 169
131 84
131 177
131 149
131 12
131 32
131 277
131 176
131 126
131 159
131 142
131 280
131 171
131 290
131 288
131 235
131 5
131 256
131 221
131 89
131 108
131 41
131 263
131 207
131 145
131 14
131 172
131 42
131 17
131 270
131 254
131 197
131 287
131 122
131 81
131 106
131 11
131 274
131 73
131 269
131 252
131 261
131 262
131 51
131 272
131 226
131 198
131 25
131 119
131 23
131 188
131 248
131 28
131 35
131 251
131 113
131 300
226 198
226 25
226 119
226 23
226 188
226 248
226 28
226 35
226 251
226 113
226 300
34 190
34 26
34 292
34 129
34 110
34 153
34 33
34 165
34 156
34 258
34 151
34 163
34 71
34 80
34 124
34 52
34 224
34 138
34 83
34 286
34 161
34 281
34 29
34 184
34 215
34 186
34 253
34 160
34 194
34 100
34 279
34 128
34 150
34 134
34 70
34 7
34 58
34 20
34 24
34 250
34 228
34 56
34 291
34 133
34 47
34 130
34 175
34 63
34 168
34 77
34 299
34 21
34 298
34 289
34 13
34 53
34 170
34 174
34 231
34 157
34 210
34 167
34 223
34 244
34 65
34 187
34 255
34 203
34 209
34 103
34 67
34 39
34 82
34 264
34 48
34 154
34 162
34 238
34 62
34 8
34 74
34 204
34 135
34 92
34 125
34 227
34 234
34 57
34 273
34 208
34 158
34 95
34 123
34 96
34 257
34 249
34 296
34 97
34 265
34 46
34 98
34 78
34 152
34 4
34 3
34 242
34 220
34 141
34 19
34 139
34 118
34 200
34 85
34 2
34 193
34 112
34 16
34 75
34 164
34 49
34 18
34 232
34 246
34 30
34 99
34 88
34 114
34 127
34 117
34 216
34 147
34 295
34 6
34 179
34 111
34 214
34 271
34 247
34 104
34 137
34 166
34 169
34 84
34 177
34 149
34 12
34 32
34 277
34 176
34 126
34 159
34 142
34 280
34 171
34 290
34 288
34 235
34 5
34 256
34 221
34 89
34 108
34 41
34 263
34 207
34 145
34 14
34 172
34 42
34 17
34 270
34 254
34 197
34 287
34 122
34 81
34 106
34 11
34 274
34 73
34 269
34 252
34 261
34 262
34 51
34 272
34 198
34 25
34 119
34 23
34 188
34 248
34 28
34 35
34 251
34 113
34 300
178 183
178 140
178 76
178 182
178 60
178 293
178 43
178 294
178 260
178 15
178 266
178 201
178 189
178 86
178 213
178 229
178 217
178 237
178 205
178 245
178 218
178 206
178 136
178 36
178 69
178 44
178 191
178 196
178 22
178 192
178 285
178 202
178 211
178 72
178 64
178 101
178 284
178 109
178 222
178 10
178 102
178 190
178 26
178 292
178 129
178 110
178 153
178 33
178 165
178 156
178 258
178 151
178 163
178 71
178 80
178 124
178 52
178 224
178 138
178 83
178 286
178 161
178 281
178 29
178 184
178 215
178 186
178 253
178 160
178 194
178 100
178 279
178 128
178 150
178 134
178 70
178 7
178 58
178 20
178 24
178 250
178 228
178 56
178 291
178 133
178 47
178 130
178 175
178 63
178 168
178 77
178 299
178 21
178 298
178 289
178 13
178 53
178 170
178 174
178 231
178 157
178 210
178 167
178 223
178 244
178 65
178 187
178 255
178 203
178 209
178 103
178 67
178 39
178 82
178 264
178 48
178 154
178 162
178 238
178 62
178 8
178 74
178 204
178 135
178 92
178 125
178 227
178 234
178 57
178 273
178 208
178 158
178 95
178 123
178 96
178 257
178 249
178 296
178 97
178 265
178 46
178 98
178 78
178 152
178 4
178 3
178 242
178 220
178 141
178 19
178 139
178 118
178 200
178 85
178 2
178 193
178 112
178 16
178 75
178 164
178 49
178 18
178 232
178 246
178 30
178 99
178 88
178 114
178 127
178 117
178 216
178 147
178 295
178 6
178 179
178 111
178 214
178 271
178 247
178 104
178 137
178 166
178 169
178 84
178 177
178 149
178 12
178 32
178 277
178 176
178 126
178 159
178 142
178 280
178 171
178 290
178 288
178 235
178 5
178 256
178 221
178 89
178 108
178 41
178 263
178 207
178 145
178 14
178 172
178 42
178 17
178 270
178 254
178 197
178 287
178 122
178 81
178 106
178 11
178 274
178 73
178 269
178 252
178 261
178 262
178 51
178 272
178 198
178 25
178 119
178 23
178 188
178 248
178 28
178 35
178 251
178 113
178 300
33 165
33 156
33 258
33 151
33 163
33 71
33 80
33 124
33 52
33 224
33 138
33 83
33 286
33 161
33 281
33 29
33 184
33 215
33 186
33 253
33 160
33 194
33 100
33 279
33 128
33 150
33 134
33 70
33 7
33 58
33 20
33 24
33 250
33 228
33 56
33 291
33 133
33 47
33 130
33 175
33 63
33 168
33 77
33 299
33 21
33 298
33 289
33 13
33 53
33 170
33 174
33 231
33 157
33 210
33 167
33 223
33 244
33 65
33 187
33 255
33 203
33 209
33 103
33 67
33 39
33 82
33 264
33 48
33 154
33 162
33 238
33 62
33 8
33 74
33 204
33 135
33 92
33 125
33 227
33 234
33 57
33 273
33 208
33 158
33 95
33 123
33 96
33 257
33 249
33 296
33 97
33 265
33 46
33 98
33 78
33 152
33 4
33 3
33 242
33 220
33 141
33 19
33 139
33 118
33 200
33 85
33 2
33 193
33 112
33 16
33 75
33 164
33 49
33 18
33 232
33 246
33 30
33 99
33 88
33 114
33 127
33 117
33 216
33 147
33 295
33 6
33 179
33 111
33 214
33 271
33 247
33 104
33 137
33 166
33 169
33 84
33 177
33 149
33 12
33 32
33 277
33 176
33 126
33 159
33 142
33 280
33 171
33 290
33 288
33 235
33 5
33 256
33 221
33 89
33 108
33 41
33 263
33 207
33 145
33 14
33 172
33 42
33 17
33 270
33 254
33 197
33 287
33 122
33 81
33 106
33 11
33 274
33 73
33 269
33 252
33 261
33 262
33 51
33 272
33 198
33 25
33 119
33 23
33 188
33 248
33 28
33 35
33 251
33 113
33 300
194 100
194 279
194 128
194 150
194 134
194 70
194 7
194 58
194 20
194 24
194 250
194 228
194 56
194 291
194 133
194 47
194 130
194 175
194 63
194 168
194 77
194 299
194 21
194 298
194 289
194 13
194 53
194 170
194 174
194 231
194 157
194 210
194 167
194 223
194 244
194 65
194 187
194 255
194 203
194 209
194 103
194 67
194 39
194 82
194 264
194 48
194 154
194 162
194 238
194 62
194 8
194 74
194 204
194 135
194 92
194 125
194 227
194 234
194 57
194 273
194 208
194 158
194 95
194 123
194 96
194 257
194 249
194 296
194 97
194 265
194 46
194 98
194 78
194 152
194 4
194 3
194 242
194 220
194 141
194 19
194 139
194 118
194 200
194 85
194 2
194 193
194 112
194 16
194 75
194 164
194 49
194 18
194 232
194 246
194 30
194 99
194 88
194 114
194 127
194 117
194 216
194 147
194 295
194 6
194 179
194 111
194 214
194 271
194 247
194 104
194 137
194 166
194 169
194 84
194 177
194 149
194 12
194 32
194 277
194 176
194 126
194 159
194 142
194 280
194 171
194 290
194 288
194 235
194 5
194 256
194 221
194 89
194 108
194 41
194 263
194 207
194 145
194 14
194 172
194 42
194 17
194 270
194 254
194 197
194 287
194 122
194 81
194 106
194 11
194 274
194 73
194 269
194 252
194 261
194 262
194 51
194 272
194 198
194 25
194 119
194 23
194 188
194 248
194 28
194 35
194 251
194 113
194 300
51 272
51 198
51 25
51 119
51 23
51 188
51 248
51 28
51 35
51 251
51 113
51 300
176 126
176 159
176 142
176 280
176 171
176 290
176 288
176 235
176 5
176 256
176 221
176 89
176 108
176 41
176 263
176 207
176 145
176 14
176 172
176 42
176 17
176 270
176 254
176 197
176 287
176 122
176 81
176 106
176 11
176 274
176 73
176 269
176 252
176 261
176 262
176 272
176 198
176 25
176 119
176 23
176 188
176 248
176 28
176 35
176 251
176 113
176 300
20 24
20 250
20 228
20 56
20 291
20 133
20 47
20 130
20 175
20 63
20 168
20 77
20 299
20 21
20 298
20 289
20 13
20 53
20 170
20 174
20 231
20 157
20 210
20 167
20 223
20 244
20 65
20 187
20 255
20 203
20 209
20 103
20 67
20 39
20 82
20 264
20 48
20 154
20 162
20 238
20 62
20 8
20 74
20 204
20 135
20 92
20 125
20 227
20 234
20 57
20 273
20 208
20 158
20 95
20 123
20 96
20 257
20 249
20 296
20 97
20 265
20 46
20 98
20 78
20 152
20 4
20 3
20 242
20 220
20 141
20 19
20 139
20 118
20 200
20 85
20 2
20 193
20 112
20 16
20 75
20 164
20 49
20 18
20 232
20 246
20 30
20 99
20 88
20 114
20 127
20 117
20 216
20 147
20 295
20 6
20 179
20 111
20 214
20 271
20 247
20 104
20 137
20 166
20 169
20 84
20 177
20 149
20 12
20 32
20 277
20 126
20 159
20 142
20 280
20 171
20 290
20 288
20 235
20 5
20 256
20 221
20 89
20 108
20 41
20 263
20 207
20 145
20 14
20 172
20 42
20 17
20 270
20 254
20 197
20 287
20 122
20 81
20 106
20 11
20 274
20 73
20 269
20 252
20 261
20 262
20 272
20 198
20 25
20 119
20 23
20 188
20 248
20 28
20 35
20 251
20 113
20 300
161 281
161 29
161 184
161 215
161 186
161 253
161 160
161 100
161 279
161 128
161 150
161 134
161 70
161 7
161 58
161 24
161 250
161 228
161 56
161 291
161 133
161 47
161 130
161 175
161 63
161 168
161 77
161 299
161 21
161 298
161 289
161 13
161 53
161 170
161 174
161 231
161 157
161 210
161 167
161 223
161 244
161 65
161 187
161 255
161 203
161 209
161 103
161 67
161 39
161 82
161 264
161 48
161 154
161 162
161 238
161 62
161 8
161 74
161 204
161 135
161 92
161 125
161 227
161 234
161 57
161 273
161 208
161 158
161 95
161 123
161 96
161 257
161 249
161 296
161 97
161 265
161 46
161 98
161 78
161 152
161 4
161 3
161 242
161 220
161 141
161 19
161 139
161 118
161 200
161 85
161 2
161 193
161 112
161 16
161 75
161 164
161 49
161 18
161 232
161 246
161 30
161 99
161 88
161 114
161 127
161 117
161 216
161 147
161 295
161 6
161 179
161 111
161 214
161 271
161 247
161 104
161 137
161 166
161 169
161 84
161 177
161 149
161 12
161 32
161 277
161 126
161 159
161 142
161 280
161 171
161 290
161 288
161 235
161 5
161 256
161 221
161 89
161 108
161 41
161 263
161 207
161 145
161 14
161 172
161 42
161 17
161 270
161 254
161 197
161 287
161 122
161 81
161 106
161 11
161 274
161 73
161 269
161 252
161 261
161 262
161 272
161 198
161 25
161 119
161 23
161 188
161 248
161 28
161 35
161 251
161 113
161 300
21 298
21 289
21 13
21 53
21 170
21 174
21 231
21 157
21 210
21 167
21 223
21 244
21 65
21 187
21 255
21 203
21 209
21 103
21 67
21 39
21 82
21 264
21 48
21 154
21 162
21 238
21 62
21 8
21 74
21 204
21 135
21 92
21 125
21 227
21 234
21 57
21 273
21 208
21 158
21 95
21 123
21 96
21 257
21 249
21 296
21 97
21 265
21 46
21 98
21 78
21 152
21 4
21 3
21 242
21 220
21 141
21 19
21 139
21 118
21 200
21 85
21 2
21 193
21 112
21 16
21 75
21 164
21 49
21 18
21 232
21 246
21 30
21 99
21 88
21 114
21 127
21 117
21 216
21 147
21 295
21 6
21 179
21 111
21 214
21 271
21 247
21 104
21 137
21 166
21 169
21 84
21 177
21 149
21 12
21 32
21 277
21 126
21 159
21 142
21 280
21 171
21 290
21 288
21 235
21 5
21 256
21 221
21 89
21 108
21 41
21 263
21 207
21 145
21 14
21 172
21 42
21 17
21 270
21 254
21 197
21 287
21 122
21 81
21 106
21 11
21 274
21 73
21 269
21 252
21 261
21 262
21 272
21 198
21 25
21 119
21 23
21 188
21 248
21 28
21 35
21 251
21 113
21 300
211 72
211 64
211 101
211 284
211 109
211 222
211 10
211 102
211 190
211 26
211 292
211 129
211 110
211 153
211 165
211 156
211 258
211 151
211 163
211 71
211 80
211 124
211 52
211 224
211 138
211 83
211 286
211 281
211 29
211 184
211 215
211 186
211 253
211 160
211 100
211 279
211 128
211 150
211 134
211 70
211 7
211 58
211 24
211 250
211 228
211 56
211 291
211 133
211 47
211 130
211 175
211 63
211 168
211 77
211 299
211 298
211 289
211 13
211 53
211 170
211 174
211 231
211 157
211 210
211 167
211 223
211 244
211 65
211 187
211 255
211 203
211 209
211 103
211 67
211 39
211 82
211 264
211 48
211 154
211 162
211 238
211 62
211 8
211 74
211 204
211 135
211 92
211 125
211 227
211 234
211 57
211 273
211 208
211 158
211 95
211 123
211 96
211 257
211 249
211 296
211 97
211 265
211 46
211 98
211 78
211 152
211 4
211 3
211 242
211 220
211 141
211 19
211 139
211 118
211 200
211 85
211 2
211 193
211 112
211 16
211 75
211 164
211 49
211 18
211 232
211 246
211 30
211 99
211 88
211 114
211 127
211 117
211 216
211 147
211 295
211 6
211 179
211 111
211 214
211 271
211 247
211 104
211 137
211 166
211 169
211 84
211 177
211 149
211 12
211 32
211 277
211 126
211 159
211 142
211 280
211 171
211 290
211 288
211 235
211 5
211 256
211 221
211 89
211 108
211 41
211 263
211 207
211 145
211 14
211 172
211 42
211 17
211 270
211 254
211 197
211 287
211 122
211 81
211 106
211 11
211 274
211 73
211 269
211 252
211 261
211 262
211 272
211 198
211 25
211 119
211 23
211 188
211 248
211 28
211 35
211 251
211 113
211 300
145 14
145 172
145 42
145 17
145 270
145 254
145 197
145 287
145 122
145 81
145 106
145 11
145 274
145 73
145 269
145 252
145 261
145 262
145 272
145 198
145 25
145 119
145 23
145 188
145 248
145 28
145 35
145 251
145 113
145 300
299 298
299 289
299 13
299 53
299 170
299 174
299 231
299 157
299 210
299 167
299 223
299 244
299 65
299 187
299 255
299 203
299 209
299 103
299 67
299 39
299 82
299 264
299 48
299 154
299 162
299 238
299 62
299 8
299 74
299 204
299 135
299 92
299 125
299 227
299 234
299 57
299 273
299 208
299 158
299 95
299 123
299 96
299 257
299 249
299 296
299 97
299 265
299 46
299 98
299 78
299 152
299 4
299 3
299 242
299 220
299 141
299 19
299 139
299 118
299 200
299 85
299 2
299 193
299 112
299 16
299 75
299 164
299 49
299 18
299 232
299 246
299 30
299 99
299 88
299 114
299 127
299 117
299 216
299 147
299 295
299 6
299 179
299 111
299 214
299 271
299 247
299 104
299 137
299 166
299 169
299 84
299 177
299 149
299 12
299 32
299 277
299 126
299 159
299 142
299 280
299 171
299 290
299 288
299 235
299 5
299 256
299 221
299 89
299 108
299 41
299 263
299 207
299 14
299 172
299 42
299 17
299 270
299 254
299 197
299 287
299 122
299 81
299 106
299 11
299 274
299 73
299 269
299 252
299 261
299 262
299 272
299 198
299 25
299 119
299 23
299 188
299 248
299 28
299 35
299 251
299 113
299 300
140 76
140 182
140 60
140 293
140 43
140 294
140 260
140 15
140 266
140 201
140 189
140 86
140 213
140 229
140 217
140 237
140 205
140 245
140 218
140 206
140 136
140 36
140 69
140 44
140 191
140 196
140 22
140 192
140 285
140 202
140 72
140 64
140 101
140 284
140 109
140 222
140 10
140 102
140 190
140 26
140 292
140 129
140 110
140 153
140 165
140 156
140 258
140 151
140 163
140 71
140 80
140 124
140 52
140 224
140 138
140 83
140 286
140 281
140 29
140 184
140 215
140 186
140 253
140 160
140 100
140 279
140 128
140 150
140 134
140 70
140 7
140 58
140 24
140 250
140 228
140 56
140 291
140 133
140 47
140 130
140 175
140 63
140 168
140 77
140 298
140 289
140 13
140 53
140 170
140 174
140 231
140 157
140 210
140 167
140 223
140 244
140 65
140 187
140 255
140 203
140 209
140 103
140 67
140 39
140 82
140 264
140 48
140 154
140 162
140 238
140 62
140 8
140 74
140 204
140 135
140 92
140 125
140 227
140 234
140 57
140 273
140 208
140 158
140 95
140 123
140 96
140 257
140 249
140 296
140 97
140 265
140 46
140 98
140 78
140 152
140 4
140 3
140 242
140 220
140 141
140 19
140 139
140 118
140 200
140 85
140 2
140 193
140 112
140 16
140 75
140 164
140 49
140 18
140 232
140 246
140 30
140 99
140 88
140 114
140 127
140 117
140 216
140 147
140 295
140 6
140 179
140 111
140 214
140 271
140 247
140 104
140 137
140 166
140 169
140 84
140 177
140 149
140 12
140 32
140 277
140 126
140 159
140 142
140 280
140 171
140 290
140 288
140 235
140 5
140 256
140 221
140 89
140 108
140 41
140 263
140 207
140 14
140 172
140 42
140 17
140 270
140 254
140 197
140 287
140 122
140 81
140 106
140 11
140 274
140 73
140 269
140 252
140 261
140 262
140 272
140 198
140 25
140 119
140 23
140 188
140 248
140 28
140 35
140 251
140 113
140 300
296 97
296 265
296 46
296 98
296 78
296 152
296 4
296 3
296 242
296 220
296 141
296 19
296 139
296 118
296 200
296 85
296 2
296 193
296 112
296 16
296 75
296 164
296 49
296 18
296 232
296 246
296 30
296 99
296 88
296 114
296 127
296 117
296 216
296 147
296 295
296 6
296 179
296 111
296 214
296 271
296 247
296 104
296 137
296 166
296 169
296 84
296 177
296 149
296 12
296 32
296 277
296 126
296 159
296 142
296 280
296 171
296 290
296 288
296 235
296 5
296 256
296 221
296 89
296 108
296 41
296 263
296 207
296 14
296 172
296 42
296 17
296 270
296 254
296 197
296 287
296 122
296 81
296 106
296 11
296 274
296 73
296 269
296 252
296 261
296 262
296 272
296 198
296 25
296 119
296 23
296 188
296 248
296 28
296 35
296 251
296 113
296 300
135 92
135 125
135 227
135 234
135 57
135 273
135 208
135 158
135 95
135 123
135 96
135 257
135 249
135 97
135 265
135 46
135 98
135 78
135 152
135 4
135 3
135 242
135 220
135 141
135 19
135 139
135 118
135 200
135 85
135 2
135 193
135 112
135 16
135 75
135 164
135 49
135 18
135 232
135 246
135 30
135 99
135 88
135 114
135 127
135 117
135 216
135 147
135 295
135 6
135 179
135 111
135 214
135 271
135 247
135 104
135 137
135 166
135 169
135 84
135 177
135 149
135 12
135 32
135 277
135 126
135 159
135 142
135 280
135 171
135 290
135 288
135 235
135 5
135 256
135 221
135 89
135 108
135 41
135 263
135 207
135 14
135 172
135 42
135 17
135 270
135 254
135 197
135 287
135 122
135 81
135 106
135 11
135 274
135 73
135 269
135 252
135 261
135 262
135 272
135 198
135 25
135 119
135 23
135 188
135 248
135 28
135 35
135 251
135 113
135 300
298 289
298 13
298 53
298 170
298 174
298 231
298 157
298 210
298 167
298 223
298 244
298 65
298 187
298 255
298 203
298 209
298 103
298 67
298 39
298 82
298 264
298 48
298 154
298 162
298 238
298 62
298 8
298 74
298 204
298 92
298 125
298 227
298 234
298 57
298 273
298 208
298 158
298 95
298 123
298 96
298 257
298 249
298 97
298 265
298 46
298 98
298 78
298 152
298 4
298 3
298 242
298 220
298 141
298 19
298 139
298 118
298 200
298 85
298 2
298 193
298 112
298 16
298 75
298 164
298 49
298 18
298 232
298 246
298 30
298 99
298 88
298 114
298 127
298 117
298 216
298 147
298 295
298 6
298 179
298 111
298 214
298 271
298 247
298 104
298 137
298 166
298 169
298 84
298 177
298 149
298 12
298 32
298 277
298 126
298 159
298 142
298 280
298 171
298 290
298 288
298 235
298 5
298 256
298 221
298 89
298 108
298 41
298 263
298 207
298 14
298 172
298 42
298 17
298 270
298 254
298 197
298 287
298 122
298 81
298 106
298 11
298 274
298 73
298 269
298 252
298 261
298 262
298 272
298 198
298 25
298 119
298 23
298 188
298 248
298 28
298 35
298 251
298 113
298 300
149 12
149 32
149 277
149 126
149 159
149 142
149 280
149 171
149 290
149 288
149 235
149 5
149 256
149 221
149 89
149 108
149 41
149 263
149 207
149 14
149 172
149 42
149 17
149 270
149 254
149 197
149 287
149 122
149 81
149 106
149 11
149 274
149 73
149 269
149 252
149 261
149 262
149 272
149 198
149 25
149 119
149 23
149 188
149 248
149 28
149 35
149 251
149 113
149 300
255 203
255 209
255 103
255 67
255 39
255 82
255 264
255 48
255 154
255 162
255 238
255 62
255 8
255 74
255 204
255 92
255 125
255 227
255 234
255 57
255 273
255 208
255 158
255 95
255 123
255 96
255 257
255 249
255 97
255 265
255 46
255 98
255 78
255 152
255 4
255 3
255 242
255 220
255 141
255 19
255 139
255 118
255 200
255 85
255 2
255 193
255 112
255 16
255 75
255 164
255 49
255 18
255 232
255 246
255 30
255 99
255 88
255 114
255 127
255 117
255 216
255 147
255 295
255 6
255 179
255 111
255 214
255 271
255 247
255 104
255 137
255 166
255 169
255 84
255 177
255 12
255 32
255 277
255 126
255 159
255 142
255 280
255 171
255 290
255 288
255 235
255 5
255 256
255 221
255 89
255 108
255 41
255 263
255 207
255 14
255 172
255 42
255 17
255 270
255 254
255 197
255 287
255 122
255 81
255 106
255 11
255 274
255 73
255 269
255 252
255 261
255 262
255 272
255 198
255 25
255 119
255 23
255 188
255 248
255 28
255 35
255 251
255 113
255 300
58 24
58 250
58 228
58 56
58 291
58 133
58 47
58 130
58 175
58 63
58 168
58 77
58 289
58 13
58 53
58 170
58 174
58 231
58 157
58 210
58 167
58 223
58 244
58 65
58 187
58 203
58 209
58 103
58 67
58 39
58 82
58 264
58 48
58 154
58 162
58 238
58 62
58 8
58 74
58 204
58 92
58 125
58 227
58 234
58 57
58 273
58 208
58 158
58 95
58 123
58 96
58 257
58 249
58 97
58 265
58 46
58 98
58 78
58 152
58 4
58 3
58 242
58 220
58 141
58 19
58 139
58 118
58 200
58 85
58 2
58 193
58 112
58 16
58 75
58 164
58 49
58 18
58 232
58 246
58 30
58 99
58 88
58 114
58 127
58 117
58 216
58 147
58 295
58 6
58 179
58 111
58 214
58 271
58 247
58 104
58 137
58 166
58 169
58 84
58 177
58 12
58 32
58 277
58 126
58 159
58 142
58 280
58 171
58 290
58 288
58 235
58 5
58 256
58 221
58 89
58 108
58 41
58 263
58 207
58 14
58 172
58 42
58 17
58 270
58 254
58 197
58 287
58 122
58 81
58 106
58 11
58 274
58 73
58 269
58 252
58 261
58 262
58 272
58 198
58 25
58 119
58 23
58 188
58 248
58 28
58 35
58 251
58 113
58 300
244 65
244 187
244 203
244 209
244 103
244 67
244 39
244 82
244 264
244 48
244 154
244 162
244 238
244 62
244 8
244 74
244 204
244 92
244 125
244 227
244 234
244 57
244 273
244 208
244 158
244 95
244 123
244 96
244 257
244 249
244 97
244 265
244 46
244 98
244 78
244 152
244 4
244 3
244 242
244 220
244 141
244 19
244 139
244 118
244 200
244 85
244 2
244 193
244 112
244 16
244 75
244 164
244 49
244 18
244 232
244 246
244 30
244 99
244 88
244 114
244 127
244 117
244 216
244 147
244 295
244 6
244 179
244 111
244 214
244 271
244 247
244 104
244 137
244 166
244 169
244 84
244 177
244 12
244 32
244 277
244 126
244 159
244 142
244 280
244 171
244 290
244 288
244 235
244 5
244 256
244 221
244 89
244 108
244 41
244 263
244 207
244 14
244 172
244 42
244 17
244 270
244 254
244 197
244 287
244 122
244 81
244 106
244 11
244 274
244 73
244 269
244 252
244 261
244 262
244 272
244 198
244 25
244 119
244 23
244 188
244 248
244 28
244 35
244 251
244 113
244 300
102 190
102 26
102 292
102 129
102 110
102 153
102 165
102 156
102 258
102 151
102 163
102 71
102 80
102 124
102 52
102 224
102 138
102 83
102 286
102 281
102 29
102 184
102 215
102 186
102 253
102 160
102 100
102 279
102 128
102 150
102 134
102 70
102 7
102 24
102 250
102 228
102 56
102 291
102 133
102 47
102 130
102 175
102 63
102 168
102 77
102 289
102 13
102 53
102 170
102 174
102 231
102 157
102 210
102 167
102 223
102 65
102 187
102 203
102 209
102 103
102 67
102 39
102 82
102 264
102 48
102 154
102 162
102 238
102 62
102 8
102 74
102 204
102 92
102 125
102 227
102 234
102 57
102 273
102 208
102 158
102 95
102 123
102 96
102 257
102 249
102 97
102 265
102 46
102 98
102 78
102 152
102 4
102 3
102 242
102 220
102 141
102 19
102 139
102 118
102 200
102 85
102 2
102 193
102 112
102 16
102 75
102 164
102 49
102 18
102 232
102 246
102 30
102 99
102 88
102 114
102 127
102 117
102 216
102 147
102 295
102 6
102 179
102 111
102 214
102 271
102 247
102 104
102 137
102 166
102 169
102 84
102 177
102 12
102 32
102 277
102 126
102 159
102 142
102 280
102 171
102 290
102 288
102 235
102 5
102 256
102 221
102 89
102 108
102 41
102 263
102 207
102 14
102 172
102 42
102 17
102 270
102 254
102 197
102 287
102 122
102 81
102 106
102 11
102 274
102 73
102 269
102 252
102 261
102 262
102 272
102 198
102 25
102 119
102 23
102 188
102 248
102 28
102 35
102 251
102 113
102 300
288 235
288 5
288 256
288 221
288 89
288 108
288 41
288 263
288 207
288 14
288 172
288 42
288 17
288 270
288 254
288 197
288 287
288 122
288 81
288 106
288 11
288 274
288 73
288 269
288 252
288 261
288 262
288 272
288 198
288 25
288 119
288 23
288 188
288 248
288 28
288 35
288 251
288 113
288 300
139 118
139 200
139 85
139 2
139 193
139 112
139 16
139 75
139 164
139 49
139 18
139 232
139 246
139 30
139 99
139 88
139 114
139 127
139 117
139 216
139 147
139 295
139 6
139 179
139 111
139 214
139 271
139 247
139 104
139 137
139 166
139 169
139 84
139 177
139 12
139 32
139 277
139 126
139 159
139 142
139 280
139 171
139 290
139 235
139 5
139 256
139 221
139 89
139 108
139 41
139 263
139 207
139 14
139 172
139 42
139 17
139 270
139 254
139 197
139 287
139 122
139 81
139 106
139 11
139 274
139 73
139 269
139 252
139 261
139 262
139 272
139 198
139 25
139 119
139 23
139 188
139 248
139 28
139 35
139 251
139 113
139 300
248 28
248 35
248 251
248 113
248 300
52 224
52 138
52 83
52 286
52 281
52 29
52 184
52 215
52 186
52 253
52 160
52 100
52 279
52 128
52 150
52 134
52 70
52 7
52 24
52 250
52 228
52 56
52 291
52 133
52 47
52 130
52 175
52 63
52 168
52 77
52 289
52 13
52 53
52 170
52 174
52 231
52 157
52 210
52 167
52 223
52 65
52 187
52 203
52 209
52 103
52 67
52 39
52 82
52 264
52 48
52 154
52 162
52 238
52 62
52 8
52 74
52 204
52 92
52 125
52 227
52 234
52 57
52 273
52 208
52 158
52 95
52 123
52 96
52 257
52 249
52 97
52 265
52 46
52 98
52 78
52 152
52 4
52 3
52 242
52 220
52 141
52 19
52 118
52 200
52 85
52 2
52 193
52 112
52 16
52 75
52 164
52 49
52 18
52 232
52 246
52 30
52 99
52 88
52 114
52 127
52 117
52 216
52 147
52 295
52 6
52 179
52 111
52 214
52 271
52 247
52 104
52 137
52 166
52 169
52 84
52 177
52 12
52 32
52 277
52 126
52 159
52 142
52 280
52 171
52 290
52 235
52 5
52 256
52 221
52 89
52 108
52 41
52 263
52 207
52 14
52 172
52 42
52 17
52 270
52 254
52 197
52 287
52 122
52 81
52 106
52 11
52 274
52 73
52 269
52 252
52 261
52 262
52 272
52 198
52 25
52 119
52 23
52 188
52 28
52 35
52 251
52 113
52 300
252 261
252 262
252 272
252 198
252 25
252 119
252 23
252 188
252 28
252 35
252 251
252 113
252 300
147 295
147 6
147 179
147 111
147 214
147 271
147 247
147 104
147 137
147 166
147 169
147 84
147 177
147 12
147 32
147 277
147 126
147 159
147 142
147 280
147 171
147 290
147 235
147 5
147 256
147 221
147 89
147 108
147 41
147 263
147 207
147 14
147 172
147 42
147 17
147 270
147 254
147 197
147 287
147 122
147 81
147 106
147 11
147 274
147 73
147 269
147 261
147 262
147 272
147 198
147 25
147 119
147 23
147 188
147 28
147 35
147 251
147 113
147 300
162 238
162 62
162 8
162 74
162 204
162 92
162 125
162 227
162 234
162 57
162 273
162 208
162 158
162 95
162 123
162 96
162 257
162 249
162 97
162 265
162 46
162 98
162 78
162 152
162 4
162 3
162 242
162 220
162 141
162 19
162 118
162 200
162 85
162 2
162 193
162 112
162 16
162 75
162 164
162 49
162 18
162 232
162 246
162 30
162 99
162 88
162 114
162 127
162 117
162 216
162 295
162 6
162 179
162 111
162 214
162 271
162 247
162 104
162 137
162 166
162 169
162 84
162 177
162 12
162 32
162 277
162 126
162 159
162 142
162 280
162 171
162 290
162 235
162 5
162 256
162 221
162 89
162 108
162 41
162 263
162 207
162 14
162 172
162 42
162 17
162 270
162 254
162 197
162 287
162 122
162 81
162 106
162 11
162 274
162 73
162 269
162 261
162 262
162 272
162 198
162 25
162 119
162 23
162 188
162 28
162 35
162 251
162 113
162 300
4 3
4 242
4 220
4 141
4 19
4 118
4 200
4 85
4 2
4 193
4 112
4 16
4 75
4 164
4 49
4 18
4 232
4 246
4 30
4 99
4 88
4 114
4 127
4 117
4 216
4 295
4 6
4 179
4 111
4 214
4 271
4 247
4 104
4 137
4 166
4 169
4 84
4 177
4 12
4 32
4 277
4 126
4 159
4 142
4 280
4 171
4 290
4 235
4 5
4 256
4 221
4 89
4 108
4 41
4 263
4 207
4 14
4 172
4 42
4 17
4 270
4 254
4 197
4 287
4 122
4 81
4 106
4 11
4 274
4 73
4 269
4 261
4 262
4 272
4 198
4 25
4 119
4 23
4 188
4 28
4 35
4 251
4 113
4 300
158 95
158 123
158 96
158 257
158 249
158 97
158 265
158 46
158 98
158 78
158 152
158 3
158 242
158 220
158 141
158 19
158 118
158 200
158 85
158 2
158 193
158 112
158 16
158 75
158 164
158 49
158 18
158 232
158 246
158 30
158 99
158 88
158 114
158 127
158 117
158 216
158 295
158 6
158 179
158 111
158 214
158 271
158 247
158 104
158 137
158 166
158 169
158 84
158 177
158 12
158 32
158 277
158 126
158 159
158 142
158 280
158 171
158 290
158 235
158 5
158 256
158 221
158 89
158 108
158 41
158 263
158 207
158 14
158 172
158 42
158 17
158 270
158 254
158 197
158 287
158 122
158 81
158 106
158 11
158 274
158 73
158 269
158 261
158 262
158 272
158 198
158 25
158 119
158 23
158 188
158 28
158 35
158 251
158 113
158 300
69 44
69 191
69 196
69 22
69 192
69 285
69 202
69 72
69 64
69 101
69 284
69 109
69 222
69 10
69 190
69 26
69 292
69 129
69 110
69 153
69 165
69 156
69 258
69 151
69 163
69 71
69 80
69 124
69 224
69 138
69 83
69 286
69 281
69 29
69 184
69 215
69 186
69 253
69 160
69 100
69 279
69 128
69 150
69 134
69 70
69 7
69 24
69 250
69 228
69 56
69 291
69 133
69 47
69 130
69 175
69 63
69 168
69 77
69 289
69 13
69 53
69 170
69 174
69 231
69 157
69 210
69 167
69 223
69 65
69 187
69 203
69 209
69 103
69 67
69 39
69 82
69 264
69 48
69 154
69 238
69 62
69 8
69 74
69 204
69 92
69 125
69 227
69 234
69 57
69 273
69 208
69 95
69 123
69 96
69 257
69 249
69 97
69 265
69 46
69 98
69 78
69 152
69 3
69 242
69 220
69 141
69 19
69 118
69 200
69 85
69 2
69 193
69 112
69 16
69 75
69 164
69 49
69 18
69 232
69 246
69 30
69 99
69 88
69 114
69 127
69 117
69 216
69 295
69 6
69 179
69 111
69 214
69 271
69 247
69 104
69 137
69 166
69 169
69 84
69 177
69 12
69 32
69 277
69 126
69 159
69 142
69 280
69 171
69 290
69 235
69 5
69 256
69 221
69 89
69 108
69 41
69 263
69 207
69 14
69 172
69 42
69 17
69 270
69 254
69 197
69 287
69 122
69 81
69 106
69 11
69 274
69 73
69 269
69 261
69 262
69 272
69 198
69 25
69 119
69 23
69 188
69 28
69 35
69 251
69 113
69 300
270 254
270 197
270 287
270 122
270 81
270 106
270 11
270 274
270 73
270 269
270 261
270 262
270 272
270 198
270 25
270 119
270 23
270 188
270 28
270 35
270 251
270 113
270 300
154 238
154 62
154 8
154 74
154 204
154 92
154 125
154 227
154 234
154 57
154 273
154 208
154 95
154 123
154 96
154 257
154 249
154 97
154 265
154 46
154 98
154 78
154 152
154 3
154 242
154 220
154 141
154 19
154 118
154 200
154 85
154 2
154 193
154 112
154 16
154 75
154 164
154 49
154 18
154 232
154 246
154 30
154 99
154 88
154 114
154 127
154 117
154 216
154 295
154 6
154 179
154 111
154 214
154 271
154 247
154 104
154 137
154 166
154 169
154 84
154 177
154 12
154 32
154 277
154 126
154 159
154 142
154 280
154 171
154 290
154 235
154 5
154 256
154 221
154 89
154 108
154 41
154 263
154 207
154 14
154 172
154 42
154 17
154 254
154 197
154 287
154 122
154 81
154 106
154 11
154 274
154 73
154 269
154 261
154 262
154 272
154 198
154 25
154 119
154 23
154 188
154 28
154 35
154 251
154 113
154 300
294 260
294 15
294 266
294 201
294 189
294 86
294 213
294 229
294 217
294 237
294 205
294 245
294 218
294 206
294 136
294 36
294 44
294 191
294 196
294 22
294 192
294 285
294 202
294 72
294 64
294 101
294 284
294 109
294 222
294 10
294 190
294 26
294 292
294 129
294 110
294 153
294 165
294 156
294 258
294 151
294 163
294 71
294 80
294 124
294 224
294 138
294 83
294 286
294 281
294 29
294 184
294 215
294 186
294 253
294 160
294 100
294 279
294 128
294 150
294 134
294 70
294 7
294 24
294 250
294 228
294 56
294 291
294 133
294 47
294 130
294 175
294 63
294 168
294 77
294 289
294 13
294 53
294 170
294 174
294 231
294 157
294 210
294 167
294 223
294 65
294 187
294 203
294 209
294 103
294 67
294 39
294 82
294 264
294 48
294 238
294 62
294 8
294 74
294 204
294 92
294 125
294 227
294 234
294 57
294 273
294 208
294 95
294 123
294 96
294 257
294 249
294 97
294 265
294 46
294 98
294 78
294 152
294 3
294 242
294 220
294 141
294 19
294 118
294 200
294 85
294 2
294 193
294 112
294 16
294 75
294 164
294 49
294 18
294 232
294 246
294 30
294 99
294 88
294 114
294 127
294 117
294 216
294 295
294 6
294 179
294 111
294 214
294 271
294 247
294 104
294 137
294 166
294 169
294 84
294 177
294 12
294 32
294 277
294 126
294 159
294 142
294 280
294 171
294 290
294 235
294 5
294 256
294 221
294 89
294 108
294 41
294 263
294 207
294 14
294 172
294 42
294 17
294 254
294 197
294 287
294 122
294 81
294 106
294 11
294 274
294 73
294 269
294 261
294 262
294 272
294 198
294 25
294 119
294 23
294 188
294 28
294 35
294 251
294 113
294 300
106 11
106 274
106 73
106 269
106 261
106 262
106 272
106 198
106 25
106 119
106 23
106 188
106 28
106 35
106 251
106 113
106 300
277 126
277 159
277 142
277 280
277 171
277 290
277 235
277 5
277 256
277 221
277 89
277 108
277 41
277 263
277 207
277 14
277 172
277 42
277 17
277 254
277 197
277 287
277 122
277 81
277 11
277 274
277 73
277 269
277 261
277 262
277 272
277 198
277 25
277 119
277 23
277 188
277 28
277 35
277 251
277 113
277 300
113 300
292 129
292 110
292 153
292 165
292 156
292 258
292 151
292 163
292 71
292 80
292 124
292 224
292 138
292 83
292 286
292 281
292 29
292 184
292 215
292 186
292 253
292 160
292 100
292 279
292 128
292 150
292 134
292 70
292 7
292 24
292 250
292 228
292 56
292 291
292 133
292 47
292 130
292 175
292 63
292 168
292 77
292 289
292 13
292 53
292 170
292 174
292 231
292 157
292 210
292 167
292 223
292 65
292 187
292 203
292 209
292 103
292 67
292 39
292 82
292 264
292 48
292 238
292 62
292 8
292 74
292 204
292 92
292 125
292 227
292 234
292 57
292 273
292 208
292 95
292 123
292 96
292 257
292 249
292 97
292 265
292 46
292 98
292 78
292 152
292 3
292 242
292 220
292 141
292 19
292 118
292 200
292 85
292 2
292 193
292 112
292 16
292 75
292 164
292 49
292 18
292 232
292 246
292 30
292 99
292 88
292 114
292 127
292 117
292 216
292 295
292 6
292 179
292 111
292 214
292 271
292 247
292 104
292 137
292 166
292 169
292 84
292 177
292 12
292 32
292 126
292 159
292 142
292 280
292 171
292 290
292 235
292 5
292 256
292 221
292 89
292 108
292 41
292 263
292 207
292 14
292 172
292 42
292 17
292 254
292 197
292 287
292 122
292 81
292 11
292 274
292 73
292 269
292 261
292 262
292 272
292 198
292 25
292 119
292 23
292 188
292 28
292 35
292 251
292 300
136 36
136 44
136 191
136 196
136 22
136 192
136 285
136 202
136 72
136 64
136 101
136 284
136 109
136 222
136 10
136 190
136 26
136 129
136 110
136 153
136 165
136 156
136 258
136 151
136 163
136 71
136 80
136 124
136 224
136 138
136 83
136 286
136 281
136 29
136 184
136 215
136 186
136 253
136 160
136 100
136 279
136 128
136 150
136 134
136 70
136 7
136 24
136 250
136 228
136 56
136 291
136 133
136 47
136 130
136 175
136 63
136 168
136 77
136 289
136 13
136 53
136 170
136 174
136 231
136 157
136 210
136 167
136 223
136 65
136 187
136 203
136 209
136 103
136 67
136 39
136 82
136 264
136 48
136 238
136 62
136 8
136 74
136 204
136 92
136 125
136 227
136 234
136 57
136 273
136 208
136 95
136 123
136 96
136 257
136 249
136 97
136 265
136 46
136 98
136 78
136 152
136 3
136 242
136 220
136 141
136 19
136 118
136 200
136 85
136 2
136 193
136 112
136 16
136 75
136 164
136 49
136 18
136 232
136 246
136 30
136 99
136 88
136 114
136 127
136 117
136 216
136 295
136 6
136 179
136 111
136 214
136 271
136 247
136 104
136 137
136 166
136 169
136 84
136 177
136 12
136 32
136 126
136 159
136 142
136 280
136 171
136 290
136 235
136 5
136 256
136 221
136 89
136 108
136 41
136 263
136 207
136 14
136 172
136 42
136 17
136 254
136 197
136 287
136 122
136 81
136 11
136 274
136 73
136 269
136 261
136 262
136 272
136 198
136 25
136 119
136 23
136 188
136 28
136 35
136 251
136 300
236 59
236 183
236 76
236 182
236 60
236 293
236 43
236 260
236 15
236 266
236 201
236 189
236 86
236 213
236 229
236 217
236 237
236 205
236 245
236 218
236 206
236 36
236 44
236 191
236 196
236 22
236 192
236 285
236 202
236 72
236 64
236 101
236 284
236 109
236 222
236 10
236 190
236 26
236 129
236 110
236 153
236 165
236 156
236 258
236 151
236 163
236 71
236 80
236 124
236 224
236 138
236 83
236 286
236 281
236 29
236 184
236 215
236 186
236 253
236 160
236 100
236 279
236 128
236 150
236 134
236 70
236 7
236 24
236 250
236 228
236 56
236 291
236 133
236 47
236 130
236 175
236 63
236 168
236 77
236 289
236 13
236 53
236 170
236 174
236 231
236 157
236 210
236 167
236 223
236 65
236 187
236 203
236 209
236 103
236 67
236 39
236 82
236 264
236 48
236 238
236 62
236 8
236 74
236 204
236 92
236 125
236 227
236 234
236 57
236 273
236 208
236 95
236 123
236 96
236 257
236 249
236 97
236 265
236 46
236 98
236 78
236 152
236 3
236 242
236 220
236 141
236 19
236 118
236 200
236 85
236 2
236 193
236 112
236 16
236 75
236 164
236 49
236 18
236 232
236 246
236 30
236 99
236 88
236 114
236 127
236 117
236 216
236 295
236 6
236 179
236 111
236 214
236 271
236 247
236 104
236 137
236 166
236 169
236 84
236 177
236 12
236 32
236 126
236 159
236 142
236 280
236 171
236 290
236 235
236 5
236 256
236 221
236 89
236 108
236 41
236 263
236 207
236 14
236 172
236 42
236 17
236 254
236 197
236 287
236 122
236 81
236 11
236 274
236 73
236 269
236 261
236 262
236 272
236 198
236 25
236 119
236 23
236 188
236 28
236 35
236 251
236 300
43 260
43 15
43 266
43 201
43 189
43 86
43 213
43 229
43 217
43 237
43 205
43 245
43 218
43 206
43 36
43 44
43 191
43 196
43 22
43 192
43 285
43 202
43 72
43 64
43 101
43 284
43 109
43 222
43 10
43 190
43 26
43 129
43 110
43 153
43 165
43 156
43 258
43 151
43 163
43 71
43 80
43 124
43 224
43 138
43 83
43 286
43 281
43 29
43 184
43 215
43 186
43 253
43 160
43 100
43 279
43 128
43 150
43 134
43 70
43 7
43 24
43 250
43 228
43 56
43 291
43 133
43 47
43 130
43 175
43 63
43 168
43 77
43 289
43 13
43 53
43 170
43 174
43 231
43 157
43 210
43 167
43 223
43 65
43 187
43 203
43 209
43 103
43 67
43 39
43 82
43 264
43 48
43 238
43 62
43 8
43 74
43 204
43 92
43 125
43 227
43 234
43 57
43 273
43 208
43 95
43 123
43 96
43 257
43 249
43 97
43 265
43 46
43 98
43 78
43 152
43 3
43 242
43 220
43 141
43 19
43 118
43 200
43 85
43 2
43 193
43 112
43 16
43 75
43 164
43 49
43 18
43 232
43 246
43 30
43 99
43 88
43 114
43 127
43 117
43 216
43 295
43 6
43 179
43 111
43 214
43 271
43 247
43 104
43 137
43 166
43 169
43 84
43 177
43 12
43 32
43 126
43 159
43 142
43 280
43 171
43 290
43 235
43 5
43 256
43 221
43 89
43 108
43 41
43 263
43 207
43 14
43 172
43 42
43 17
43 254
43 197
43 287
43 122
43 81
43 11
43 274
43 73
43 269
43 261
43 262
43 272
43 198
43 25
43 119
43 23
43 188
43 28
43 35
43 251
43 300
205 245
205 218
205 206
205 36
205 44
205 191
205 196
205 22
205 192
205 285
205 202
205 72
205 64
205 101
205 284
205 109
205 222
205 10
205 190
205 26
205 129
205 110
205 153
205 165
205 156
205 258
205 151
205 163
205 71
205 80
205 124
205 224
205 138
205 83
205 286
205 281
205 29
205 184
205 215
205 186
205 253
205 160
205 100
205 279
205 128
205 150
205 134
205 70
205 7
205 24
205 250
205 228
205 56
205 291
205 133
205 47
205 130
205 175
205 63
205 168
205 77
205 289
205 13
205 53
205 170
205 174
205 231
205 157
205 210
205 167
205 223
205 65
205 187
205 203
205 209
205 103
205 67
205 39
205 82
205 264
205 48
205 238
205 62
205 8
205 74
205 204
205 92
205 125
205 227
205 234
205 57
205 273
205 208
205 95
205 123
205 96
205 257
205 249
205 97
205 265
205 46
205 98
205 78
205 152
205 3
205 242
205 220
205 141
205 19
205 118
205 200
205 85
205 2
205 193
205 112
205 16
205 75
205 164
205 49
205 18
205 232
205 246
205 30
205 99
205 88
205 114
205 127
205 117
205 216
205 295
205 6
205 179
205 111
205 214
205 271
205 247
205 104
205 137
205 166
205 169
205 84
205 177
205 12
205 32
205 126
205 159
205 142
205 280
205 171
205 290
205 235
205 5
205 256
205 221
205 89
205 108
205 41
205 263
205 207
205 14
205 172
205 42
205 17
205 254
205 197
205 287
205 122
205 81
205 11
205 274
205 73
205 269
205 261
205 262
205 272
205 198
205 25
205 119
205 23
205 188
205 28
205 35
205 251
205 300
59 183
59 76
59 182
59 60
59 293
59 260
59 15
59 266
59 201
59 189
59 86
59 213
59 229
59 217
59 237
59 245
59 218
59 206
59 36
59 44
59 191
59 196
59 22
59 192
59 285
59 202
59 72
59 64
59 101
59 284
59 109
59 222
59 10
59 190
59 26
59 129
59 110
59 153
59 165
59 156
59 258
59 151
59 163
59 71
59 80
59 124
59 224
59 138
59 83
59 286
59 281
59 29
59 184
59 215
59 186
59 253
59 160
59 100
59 279
59 128
59 150
59 134
59 70
59 7
59 24
59 250
59 228
59 56
59 291
59 133
59 47
59 130
59 175
59 63
59 168
59 77
59 289
59 13
59 53
59 170
59 174
59 231
59 157
59 210
59 167
59 223
59 65
59 187
59 203
59 209
59 103
59 67
59 39
59 82
59 264
59 48
59 238
59 62
59 8
59 74
59 204
59 92
59 125
59 227
59 234
59 57
59 273
59 208
59 95
59 123
59 96
59 257
59 249
59 97
59 265
59 46
59 98
59 78
59 152
59 3
59 242
59 220
59 141
59 19
59 118
59 200
59 85
59 2
59 193
59 112
59 16
59 75
59 164
59 49
59 18
59 232
59 246
59 30
59 99
59 88
59 114
59 127
59 117
59 216
59 295
59 6
59 179
59 111
59 214
59 271
59 247
59 104
59 137
59 166
59 169
59 84
59 177
59 12
59 32
59 126
59 159
59 142
59 280
59 171
59 290
59 235
59 5
59 256
59 221
59 89
59 108
59 41
59 263
59 207
59 14
59 172
59 42
59 17
59 254
59 197
59 287
59 122
59 81
59 11
59 274
59 73
59 269
59 261
59 262
59 272
59 198
59 25
59 119
59 23
59 188
59 28
59 35
59 251
59 300
221 89
221 108
221 41
221 263
221 207
221 14
221 172
221 42
221 17
221 254
221 197
221 287
221 122
221 81
221 11
221 274
221 73
221 269
221 261
221 262
221 272
221 198
221 25
221 119
221 23
221 188
221 28
221 35
221 251
221 300
65 187
65 203
65 209
65 103
65 67
65 39
65 82
65 264
65 48
65 238
65 62
65 8
65 74
65 204
65 92
65 125
65 227
65 234
65 57
65 273
65 208
65 95
65 123
65 96
65 257
65 249
65 97
65 265
65 46
65 98
65 78
65 152
65 3
65 242
65 220
65 141
65 19
65 118
65 200
65 85
65 2
65 193
65 112
65 16
65 75
65 164
65 49
65 18
65 232
65 246
65 30
65 99
65 88
65 114
65 127
65 117
65 216
65 295
65 6
65 179
65 111
65 214
65 271
65 247
65 104
65 137
65 166
65 169
65 84
65 177
65 12
65 32
65 126
65 159
65 142
65 280
65 171
65 290
65 235
65 5
65 256
65 89
65 108
65 41
65 263
65 207
65 14
65 172
65 42
65 17
65 254
65 197
65 287
65 122
65 81
65 11
65 274
65 73
65 269
65 261
65 262
65 272
65 198
65 25
65 119
65 23
65 188
65 28
65 35
65 251
65 300
263 207
263 14
263 172
263 42
263 17
263 254
263 197
263 287
263 122
263 81
263 11
263 274
263 73
263 269
263 261
263 262
263 272
263 198
263 25
263 119
263 23
263 188
263 28
263 35
263 251
263 300
141 19
141 118
141 200
141 85
141 2
141 193
141 112
141 16
141 75
141 164
141 49
141 18
141 232
141 246
141 30
141 99
141 88
141 114
141 127
141 117
141 216
141 295
141 6
141 179
141 111
141 214
141 271
141 247
141 104
141 137
141 166
141 169
141 84
141 177
141 12
141 32
141 126
141 159
141 142
141 280
141 171
141 290
141 235
141 5
141 256
141 89
141 108
141 41
141 207
141 14
141 172
141 42
141 17
141 254
141 197
141 287
141 122
141 81
141 11
141 274
141 73
141 269
141 261
141 262
141 272
141 198
141 25
141 119
141 23
141 188
141 28
141 35
141 251
141 300
285 202
285 72
285 64
285 101
285 284
285 109
285 222
285 10
285 190
285 26
285 129
285 110
285 153
285 165
285 156
285 258
285 151
285 163
285 71
285 80
285 124
285 224
285 138
285 83
285 286
285 281
285 29
285 184
285 215
285 186
285 253
285 160
285 100
285 279
285 128
285 150
285 134
285 70
285 7
285 24
285 250
285 228
285 56
285 291
285 133
285 47
285 130
285 175
285 63
285 168
285 77
285 289
285 13
285 53
285 170
285 174
285 231
285 157
285 210
285 167
285 223
285 187
285 203
285 209
285 103
285 67
285 39
285 82
285 264
285 48
285 238
285 62
285 8
285 74
285 204
285 92
285 125
285 227
285 234
285 57
285 273
285 208
285 95
285 123
285 96
285 257
285 249
285 97
285 265
285 46
285 98
285 78
285 152
285 3
285 242
285 220
285 19
285 118
285 200
285 85
285 2
285 193
285 112
285 16
285 75
285 164
285 49
285 18
285 232
285 246
285 30
285 99
285 88
285 114
285 127
285 117
285 216
285 295
285 6
285 179
285 111
285 214
285 271
285 247
285 104
285 137
285 166
285 169
285 84
285 177
285 12
285 32
285 126
285 159
285 142
285 280
285 171
285 290
285 235
285 5
285 256
285 89
285 108
285 41
285 207
285 14
285 172
285 42
285 17
285 254
285 197
285 287
285 122
285 81
285 11
285 274
285 73
285 269
285 261
285 262
285 272
285 198
285 25
285 119
285 23
285 188
285 28
285 35
285 251
285 300
98 78
98 152
98 3
98 242
98 220
98 19
98 118
98 200
98 85
98 2
98 193
98 112
98 16
98 75
98 164
98 49
98 18
98 232
98 246
98 30
98 99
98 88
98 114
98 127
98 117
98 216
98 295
98 6
98 179
98 111
98 214
98 271
98 247
98 104
98 137
98 166
98 169
98 84
98 177
98 12
98 32
98 126
98 159
98 142
98 280
98 171
98 290
98 235
98 5
98 256
98 89
98 108
98 41
98 207
98 14
98 172
98 42
98 17
98 254
98 197
98 287
98 122
98 81
98 11
98 274
98 73
98 269
98 261
98 262
98 272
98 198
98 25
98 119
98 23
98 188
98 28
98 35
98 251
98 300
179 111
179 214
179 271
179 247
179 104
179 137
179 166
179 169
179 84
179 177
179 12
179 32
179 126
179 159
179 142
179 280
179 171
179 290
179 235
179 5
179 256
179 89
179 108
179 41
179 207
179 14
179 172
179 42
179 17
179 254
179 197
179 287
179 122
179 81
179 11
179 274
179 73
179 269
179 261
179 262
179 272
179 198
179 25
179 119
179 23
179 188
179 28
179 35
179 251
179 300
12 32
12 126
12 159
12 142
12 280
12 171
12 290
12 235
12 5
12 256
12 89
12 108
12 41
12 207
12 14
12 172
12 42
12 17
12 254
12 197
12 287
12 122
12 81
12 11
12 274
12 73
12 269
12 261
12 262
12 272
12 198
12 25
12 119
12 23
12 188
12 28
12 35
12 251
12 300
172 42
172 17
172 254
172 197
172 287
172 122
172 81
172 11
172 274
172 73
172 269
172 261
172 262
172 272
172 198
172 25
172 119
172 23
172 188
172 28
172 35
172 251
172 300
73 269
73 261
73 262
73 272
73 198
73 25
73 119
73 23
73 188
73 28
73 35
73 251
73 300
224 138
224 83
224 286
224 281
224 29
224 184
224 215
224 186
224 253
224 160
224 100
224 279
224 128
224 150
224 134
224 70
224 7
224 24
224 250
224 228
224 56
224 291
224 133
224 47
224 130
224 175
224 63
224 168
224 77
224 289
224 13
224 53
224 170
224 174
224 231
224 157
224 210
224 167
224 223
224 187
224 203
224 209
224 103
224 67
224 39
224 82
224 264
224 48
224 238
224 62
224 8
224 74
224 204
224 92
224 125
224 227
224 234
224 57
224 273
224 208
224 95
224 123
224 96
224 257
224 249
224 97
224 265
224 46
224 78
224 152
224 3
224 242
224 220
224 19
224 118
224 200
224 85
224 2
224 193
224 112
224 16
224 75
224 164
224 49
224 18
224 232
224 246
224 30
224 99
224 88
224 114
224 127
224 117
224 216
224 295
224 6
224 111
224 214
224 271
224 247
224 104
224 137
224 166
224 169
224 84
224 177
224 32
224 126
224 159
224 142
224 280
224 171
224 290
224 235
224 5
224 256
224 89
224 108
224 41
224 207
224 14
224 42
224 17
224 254
224 197
224 287
224 122
224 81
224 11
224 274
224 269
224 261
224 262
224 272
224 198
224 25
224 119
224 23
224 188
224 28
224 35
224 251
224 300
57 273
57 208
57 95
57 123
57 96
57 257
57 249
57 97
57 265
57 46
57 78
57 152
57 3
57 242
57 220
57 19
57 118
57 200
57 85
57 2
57 193
57 112
57 16
57 75
57 164
57 49
57 18
57 232
57 246
57 30
57 99
57 88
57 114
57 127
57 117
57 216
57 295
57 6
57 111
57 214
57 271
57 247
57 104
57 137
57 166
57 169
57 84
57 177
57 32
57 126
57 159
57 142
57 280
57 171
57 290
57 235
57 5
57 256
57 89
57 108
57 41
57 207
57 14
57 42
57 17
57 254
57 197
57 287
57 122
57 81
57 11
57 274
57 269
57 261
57 262
57 272
57 198
57 25
57 119
57 23
57 188
57 28
57 35
57 251
57 300
207 14
207 42
207 17
207 254
207 197
207 287
207 122
207 81
207 11
207 274
207 269
207 261
207 262
207 272
207 198
207 25
207 119
207 23
207 188
207 28
207 35
207 251
207 300
46 78
46 152
46 3
46 242
46 220
46 19
46 118
46 200
46 85
46 2
46 193
46 112
46 16
46 75
46 164
46 49
46 18
46 232
46 246
46 30
46 99
46 88
46 114
46 127
46 117
46 216
46 295
46 6
46 111
46 214
46 271
46 247
46 104
46 137
46 166
46 169
46 84
46 177
46 32
46 126
46 159
46 142
46 280
46 171
46 290
46 235
46 5
46 256
46 89
46 108
46 41
46 14
46 42
46 17
46 254
46 197
46 287
46 122
46 81
46 11
46 274
46 269
46 261
46 262
46 272
46 198
46 25
46 119
46 23
46 188
46 28
46 35
46 251
46 300
238 62
238 8
238 74
238 204
238 92
238 125
238 227
238 234
238 273
238 208
238 95
238 123
238 96
238 257
238 249
238 97
238 265
238 78
238 152
238 3
238 242
238 220
238 19
238 118
238 200
238 85
238 2
238 193
238 112
238 16
238 75
238 164
238 49
238 18
238 232
238 246
238 30
238 99
238 88
238 114
238 127
238 117
238 216
238 295
238 6
238 111
238 214
238 271
238 247
238 104
238 137
238 166
238 169
238 84
238 177
238 32
238 126
238 159
238 142
238 280
238 171
238 290
238 235
238 5
238 256
238 89
238 108
238 41
238 14
238 42
238 17
238 254
238 197
238 287
238 122
238 81
238 11
238 274
238 269
238 261
238 262
238 272
238 198
238 25
238 119
238 23
238 188
238 28
238 35
238 251
238 300
128 150
128 134
128 70
128 7
128 24
128 250
128 228
128 56
128 291
128 133
128 47
128 130
128 175
128 63
128 168
128 77
128 289
128 13
128 53
128 170
128 174
128 231
128 157
128 210
128 167
128 223
128 187
128 203
128 209
128 103
128 67
128 39
128 82
128 264
128 48
128 62
128 8
128 74
128 204
128 92
128 125
128 227
128 234
128 273
128 208
128 95
128 123
128 96
128 257
128 249
128 97
128 265
128 78
128 152
128 3
128 242
128 220
128 19
128 118
128 200
128 85
128 2
128 193
128 112
128 16
128 75
128 164
128 49
128 18
128 232
128 246
128 30
128 99
128 88
128 114
128 127
128 117
128 216
128 295
128 6
128 111
128 214
128 271
128 247
128 104
128 137
128 166
128 169
128 84
128 177
128 32
128 126
128 159
128 142
128 280
128 171
128 290
128 235
128 5
128 256
128 89
128 108
128 41
128 14
128 42
128 17
128 254
128 197
128 287
128 122
128 81
128 11
128 274
128 269
128 261
128 262
128 272
128 198
128 25
128 119
128 23
128 188
128 28
128 35
128 251
128 300
193 112
193 16
193 75
193 164
193 49
193 18
193 232
193 246
193 30
193 99
193 88
193 114
193 127
193 117
193 216
193 295
193 6
193 111
193 214
193 271
193 247
193 104
193 137
193 166
193 169
193 84
193 177
193 32
193 126
193 159
193 142
193 280
193 171
193 290
193 235
193 5
193 256
193 89
193 108
193 41
193 14
193 42
193 17
193 254
193 197
193 287
193 122
193 81
193 11
193 274
193 269
193 261
193 262
193 272
193 198
193 25
193 119
193 23
193 188
193 28
193 35
193 251
193 300
13 53
13 170
13 174
13 231
13 157
13 210
13 167
13 223
13 187
13 203
13 209
13 103
13 67
13 39
13 82
13 264
13 48
13 62
13 8
13 74
13 204
13 92
13 125
13 227
13 234
13 273
13 208
13 95
13 123
13 96
13 257
13 249
13 97
13 265
13 78
13 152
13 3
13 242
13 220
13 19
13 118
13 200
13 85
13 2
13 112
13 16
13 75
13 164
13 49
13 18
13 232
13 246
13 30
13 99
13 88
13 114
13 127
13 117
13 216
13 295
13 6
13 111
13 214
13 271
13 247
13 104
13 137
13 166
13 169
13 84
13 177
13 32
13 126
13 159
13 142
13 280
13 171
13 290
13 235
13 5
13 256
13 89
13 108
13 41
13 14
13 42
13 17
13 254
13 197
13 287
13 122
13 81
13 11
13 274
13 269
13 261
13 262
13 272
13 198
13 25
13 119
13 23
13 188
13 28
13 35
13 251
13 300
174 231
174 157
174 210
174 167
174 223
174 187
174 203
174 209
174 103
174 67
174 39
174 82
174 264
174 48
174 62
174 8
174 74
174 204
174 92
174 125
174 227
174 234
174 273
174 208
174 95
174 123
174 96
174 257
174 249
174 97
174 265
174 78
174 152
174 3
174 242
174 220
174 19
174 118
174 200
174 85
174 2
174 112
174 16
174 75
174 164
174 49
174 18
174 232
174 246
174 30
174 99
174 88
174 114
174 127
174 117
174 216
174 295
174 6
174 111
174 214
174 271
174 247
174 104
174 137
174 166
174 169
174 84
174 177
174 32
174 126
174 159
174 142
174 280
174 171
174 290
174 235
174 5
174 256
174 89
174 108
174 41
174 14
174 42
174 17
174 254
174 197
174 287
174 122
174 81
174 11
174 274
174 269
174 261
174 262
174 272
174 198
174 25
174 119
174 23
174 188
174 28
174 35
174 251
174 300
74 204
74 92
74 125
74 227
74 234
74 273
74 208
74 95
74 123
74 96
74 257
74 249
74 97
74 265
74 78
74 152
74 3
74 242
74 220
74 19
74 118
74 200
74 85
74 2
74 112
74 16
74 75
74 164
74 49
74 18
74 232
74 246
74 30
74 99
74 88
74 114
74 127
74 117
74 216
74 295
74 6
74 111
74 214
74 271
74 247
74 104
74 137
74 166
74 169
74 84
74 177
74 32
74 126
74 159
74 142
74 280
74 171
74 290
74 235
74 5
74 256
74 89
74 108
74 41
74 14
74 42
74 17
74 254
74 197
74 287
74 122
74 81
74 11
74 274
74 269
74 261
74 262
74 272
74 198
74 25
74 119
74 23
74 188
74 28
74 35
74 251
74 300
198 25
198 119
198 23
198 188
198 28
198 35
198 251
198 300
29 184
29 215
29 186
29 253
29 160
29 100
29 279
29 150
29 134
29 70
29 7
29 24
29 250
29 228
29 56
29 291
29 133
29 47
29 130
29 175
29 63
29 168
29 77
29 289
29 53
29 170
29 231
29 157
29 210
29 167
29 223
29 187
29 203
29 209
29 103
29 67
29 39
29 82
29 264
29 48
29 62
29 8
29 204
29 92
29 125
29 227
29 234
29 273
29 208
29 95
29 123
29 96
29 257
29 249
29 97
29 265
29 78
29 152
29 3
29 242
29 220
29 19
29 118
29 200
29 85
29 2
29 112
29 16
29 75
29 164
29 49
29 18
29 232
29 246
29 30
29 99
29 88
29 114
29 127
29 117
29 216
29 295
29 6
29 111
29 214
29 271
29 247
29 104
29 137
29 166
29 169
29 84
29 177
29 32
29 126
29 159
29 142
29 280
29 171
29 290
29 235
29 5
29 256
29 89
29 108
29 41
29 14
29 42
29 17
29 254
29 197
29 287
29 122
29 81
29 11
29 274
29 269
29 261
29 262
29 272
29 25
29 119
29 23
29 188
29 28
29 35
29 251
29 300
222 10
222 190
222 26
222 129
222 110
222 153
222 165
222 156
222 258
222 151
222 163
222 71
222 80
222 124
222 138
222 83
222 286
222 281
222 184
222 215
222 186
222 253
222 160
222 100
222 279
222 150
222 134
222 70
222 7
222 24
222 250
222 228
222 56
222 291
222 133
222 47
222 130
222 175
222 63
222 168
222 77
222 289
222 53
222 170
222 231
222 157
222 210
222 167
222 223
222 187
222 203
222 209
222 103
222 67
222 39
222 82
222 264
222 48
222 62
222 8
222 204
222 92
222 125
222 227
222 234
222 273
222 208
222 95
222 123
222 96
222 257
222 249
222 97
222 265
222 78
222 152
222 3
222 242
222 220
222 19
222 118
222 200
222 85
222 2
222 112
222 16
222 75
222 164
222 49
222 18
222 232
222 246
222 30
222 99
222 88
222 114
222 127
222 117
222 216
222 295
222 6
222 111
222 214
222 271
222 247
222 104
222 137
222 166
222 169
222 84
222 177
222 32
222 126
222 159
222 142
222 280
222 171
222 290
222 235
222 5
222 256
222 89
222 108
222 41
222 14
222 42
222 17
222 254
222 197
222 287
222 122
222 81
222 11
222 274
222 269
222 261
222 262
222 272
222 25
222 119
222 23
222 188
222 28
222 35
222 251
222 300
142 280
142 171
142 290
142 235
142 5
142 256
142 89
142 108
142 41
142 14
142 42
142 17
142 254
142 197
142 287
142 122
142 81
142 11
142 274
142 269
142 261
142 262
142 272
142 25
142 119
142 23
142 188
142 28
142 35
142 251
142 300
272 25
272 119
272 23
272 188
272 28
272 35
272 251
272 300
75 164
75 49
75 18
75 232
75 246
75 30
75 99
75 88
75 114
75 127
75 117
75 216
75 295
75 6
75 111
75 214
75 271
75 247
75 104
75 137
75 166
75 169
75 84
75 177
75 32
75 126
75 159
75 280
75 171
75 290
75 235
75 5
75 256
75 89
75 108
75 41
75 14
75 42
75 17
75 254
75 197
75 287
75 122
75 81
75 11
75 274
75 269
75 261
75 262
75 25
75 119
75 23
75 188
75 28
75 35
75 251
75 300
175 63
175 168
175 77
175 289
175 53
175 170
175 231
175 157
175 210
175 167
175 223
175 187
175 203
175 209
175 103
175 67
175 39
175 82
175 264
175 48
175 62
175 8
175 204
175 92
175 125
175 227
175 234
175 273
175 208
175 95
175 123
175 96
175 257
175 249
175 97
175 265
175 78
175 152
175 3
175 242
175 220
175 19
175 118
175 200
175 85
175 2
175 112
175 16
175 164
175 49
175 18
175 232
175 246
175 30
175 99
175 88
175 114
175 127
175 117
175 216
175 295
175 6
175 111
175 214
175 271
175 247
175 104
175 137
175 166
175 169
175 84
175 177
175 32
175 126
175 159
175 280
175 171
175 290
175 235
175 5
175 256
175 89
175 108
175 41
175 14
175 42
175 17
175 254
175 197
175 287
175 122
175 81
175 11
175 274
175 269
175 261
175 262
175 25
175 119
175 23
175 188
175 28
175 35
175 251
175 300
14 42
14 17
14 254
14 197
14 287
14 122
14 81
14 11
14 274
14 269
14 261
14 262
14 25
14 119
14 23
14 188
14 28
14 35
14 251
14 300
182 60
182 293
182 260
182 15
182 266
182 201
182 189
182 86
182 213
182 229
182 217
182 237
182 245
182 218
182 206
182 36
182 44
182 191
182 196
182 22
182 192
182 202
182 72
182 64
182 101
182 284
182 109
182 10
182 190
182 26
182 129
182 110
182 153
182 165
182 156
182 258
182 151
182 163
182 71
182 80
182 124
182 138
182 83
182 286
182 281
182 184
182 215
182 186
182 253
182 160
182 100
182 279
182 150
182 134
182 70
182 7
182 24
182 250
182 228
182 56
182 291
182 133
182 47
182 130
182 63
182 168
182 77
182 289
182 53
182 170
182 231
182 157
182 210
182 167
182 223
182 187
182 203
182 209
182 103
182 67
182 39
182 82
182 264
182 48
182 62
182 8
182 204
182 92
182 125
182 227
182 234
182 273
182 208
182 95
182 123
182 96
182 257
182 249
182 97
182 265
182 78
182 152
182 3
182 242
182 220
182 19
182 118
182 200
182 85
182 2
182 112
182 16
182 164
182 49
182 18
182 232
182 246
182 30
182 99
182 88
182 114
182 127
182 117
182 216
182 295
182 6
182 111
182 214
182 271
182 247
182 104
182 137
182 166
182 169
182 84
182 177
182 32
182 126
182 159
182 280
182 171
182 290
182 235
182 5
182 256
182 89
182 108
182 41
182 42
182 17
182 254
182 197
182 287
182 122
182 81
182 11
182 274
182 269
182 261
182 262
182 25
182 119
182 23
182 188
182 28
182 35
182 251
182 300
99 88
99 114
99 127
99 117
99 216
99 295
99 6
99 111
99 214
99 271
99 247
99 104
99 137
99 166
99 169
99 84
99 177
99 32
99 126
99 159
99 280
99 171
99 290
99 235
99 5
99 256
99 89
99 108
99 41
99 42
99 17
99 254
99 197
99 287
99 122
99 81
99 11
99 274
99 269
99 261
99 262
99 25
99 119
99 23
99 188
99 28
99 35
99 251
99 300
249 97
249 265
249 78
249 152
249 3
249 242
249 220
249 19
249 118
249 200
249 85
249 2
249 112
249 16
249 164
249 49
249 18
249 232
249 246
249 30
249 88
249 114
249 127
249 117
249 216
249 295
249 6
249 111
249 214
249 271
249 247
249 104
249 137
249 166
249 169
249 84
249 177
249 32
249 126
249 159
249 280
249 171
249 290
249 235
249 5
249 256
249 89
249 108
249 41
249 42
249 17
249 254
249 197
249 287
249 122
249 81
249 11
249 274
249 269
249 261
249 262
249 25
249 119
249 23
249 188
249 28
249 35
249 251
249 300
72 64
72 101
72 284
72 109
72 10
72 190
72 26
72 129
72 110
72 153
72 165
72 156
72 258
72 151
72 163
72 71
72 80
72 124
72 138
72 83
72 286
72 281
72 184
72 215
72 186
72 253
72 160
72 100
72 279
72 150
72 134
72 70
72 7
72 24
72 250
72 228
72 56
72 291
72 133
72 47
72 130
72 63
72 168
72 77
72 289
72 53
72 170
72 231
72 157
72 210
72 167
72 223
72 187
72 203
72 209
72 103
72 67
72 39
72 82
72 264
72 48
72 62
72 8
72 204
72 92
72 125
72 227
72 234
72 273
72 208
72 95
72 123
72 96
72 257
72 97
72 265
72 78
72 152
72 3
72 242
72 220
72 19
72 118
72 200
72 85
72 2
72 112
72 16
72 164
72 49
72 18
72 232
72 246
72 30
72 88
72 114
72 127
72 117
72 216
72 295
72 6
72 111
72 214
72 271
72 247
72 104
72 137
72 166
72 169
72 84
72 177
72 32
72 126
72 159
72 280
72 171
72 290
72 235
72 5
72 256
72 89
72 108
72 41
72 42
72 17
72 254
72 197
72 287
72 122
72 81
72 11
72 274
72 269
72 261
72 262
72 25
72 119
72 23
72 188
72 28
72 35
72 251
72 300
260 15
260 266
260 201
260 189
260 86
260 213
260 229
260 217
260 237
260 245
260 218
260 206
260 36
260 44
260 191
260 196
260 22
260 192
260 202
260 64
260 101
260 284
260 109
260 10
260 190
260 26
260 129
260 110
260 153
260 165
260 156
260 258
260 151
260 163
260 71
260 80
260 124
260 138
260 83
260 286
260 281
260 184
260 215
260 186
260 253
260 160
260 100
260 279
260 150
260 134
260 70
260 7
260 24
260 250
260 228
260 56
260 291
260 133
260 47
260 130
260 63
260 168
260 77
260 289
260 53
260 170
260 231
260 157
260 210
260 167
260 223
260 187
260 203
260 209
260 103
260 67
260 39
260 82
260 264
260 48
260 62
260 8
260 204
260 92
260 125
260 227
260 234
260 273
260 208
260 95
260 123
260 96
260 257
260 97
260 265
260 78
260 152
260 3
260 242
260 220
260 19
260 118
260 200
260 85
260 2
260 112
260 16
260 164
260 49
260 18
260 232
260 246
260 30
260 88
260 114
260 127
260 117
260 216
260 295
260 6
260 111
260 214
260 271
260 247
260 104
260 137
260 166
260 169
260 84
260 177
260 32
260 126
260 159
260 280
260 171
260 290
260 235
260 5
260 256
260 89
260 108
260 41
260 42
260 17
260 254
260 197
260 287
260 122
260 81
260 11
260 274
260 269
260 261
260 262
260 25
260 119
260 23
260 188
260 28
260 35
260 251
260 300
121 143
121 61
121 120
121 183
121 76
121 60
121 293
121 15
121 266
121 201
121 189
121 86
121 213
121 229
121 217
121 237
121 245
121 218
121 206
121 36
121 44
121 191
121 196
121 22
121 192
121 202
121 64
121 101
121 284
121 109
121 10
121 190
121 26
121 129
121 110
121 153
121 165
121 156
121 258
121 151
121 163
121 71
121 80
121 124
121 138
121 83
121 286
121 281
121 184
121 215
121 186
121 253
121 160
121 100
121 279
121 150
121 134
121 70
121 7
121 24
121 250
121 228
121 56
121 291
121 133
121 47
121 130
121 63
121 168
121 77
121 289
121 53
121 170
121 231
121 157
121 210
121 167
121 223
121 187
121 203
121 209
121 103
121 67
121 39
121 82
121 264
121 48
121 62
121 8
121 204
121 92
121 125
121 227
121 234
121 273
121 208
121 95
121 123
121 96
121 257
121 97
121 265
121 78
121 152
121 3
121 242
121 220
121 19
121 118
121 200
121 85
121 2
121 112
121 16
121 164
121 49
121 18
121 232
121 246
121 30
121 88
121 114
121 127
121 117
121 216
121 295
121 6
121 111
121 214
121 271
121 247
121 104
121 137
121 166
121 169
121 84
121 177
121 32
121 126
121 159
121 280
121 171
121 290
121 235
121 5
121 256
121 89
121 108
121 41
121 42
121 17
121 254
121 197
121 287
121 122
121 81
121 11
121 274
121 269
121 261
121 262
121 25
121 119
121 23
121 188
121 28
121 35
121 251
121 300
196 22
196 192
196 202
196 64
196 101
196 284
196 109
196 10
196 190
196 26
196 129
196 110
196 153
196 165
196 156
196 258
196 151
196 163
196 71
196 80
196 124
196 138
196 83
196 286
196 281
196 184
196 215
196 186
196 253
196 160
196 100
196 279
196 150
196 134
196 70
196 7
196 24
196 250
196 228
196 56
196 291
196 133
196 47
196 130
196 63
196 168
196 77
196 289
196 53
196 170
196 231
196 157
196 210
196 167
196 223
196 187
196 203
196 209
196 103
196 67
196 39
196 82
196 264
196 48
196 62
196 8
196 204
196 92
196 125
196 227
196 234
196 273
196 208
196 95
196 123
196 96
196 257
196 97
196 265
196 78
196 152
196 3
196 242
196 220
196 19
196 118
196 200
196 85
196 2
196 112
196 16
196 164
196 49
196 18
196 232
196 246
196 30
196 88
196 114
196 127
196 117
196 216
196 295
196 6
196 111
196 214
196 271
196 247
196 104
196 137
196 166
196 169
196 84
196 177
196 32
196 126
196 159
196 280
196 171
196 290
196 235
196 5
196 256
196 89
196 108
196 41
196 42
196 17
196 254
196 197
196 287
196 122
196 81
196 11
196 274
196 269
196 261
196 262
196 25
196 119
196 23
196 188
196 28
196 35
196 251
196 300
16 164
16 49
16 18
16 232
16 246
16 30
16 88
16 114
16 127
16 117
16 216
16 295
16 6
16 111
16 214
16 271
16 247
16 104
16 137
16 166
16 169
16 84
16 177
16 32
16 126
16 159
16 280
16 171
16 290
16 235
16 5
16 256
16 89
16 108
16 41
16 42
16 17
16 254
16 197
16 287
16 122
16 81
16 11
16 274
16 269
16 261
16 262
16 25
16 119
16 23
16 188
16 28
16 35
16 251
16 300
186 253
186 160
186 100
186 279
186 150
186 134
186 70
186 7
186 24
186 250
186 228
186 56
186 291
186 133
186 47
186 130
186 63
186 168
186 77
186 289
186 53
186 170
186 231
186 157
186 210
186 167
186 223
186 187
186 203
186 209
186 103
186 67
186 39
186 82
186 264
186 48
186 62
186 8
186 204
186 92
186 125
186 227
186 234
186 273
186 208
186 95
186 123
186 96
186 257
186 97
186 265
186 78
186 152
186 3
186 242
186 220
186 19
186 118
186 200
186 85
186 2
186 112
186 164
186 49
186 18
186 232
186 246
186 30
186 88
186 114
186 127
186 117
186 216
186 295
186 6
186 111
186 214
186 271
186 247
186 104
186 137
186 166
186 169
186 84
186 177
186 32
186 126
186 159
186 280
186 171
186 290
186 235
186 5
186 256
186 89
186 108
186 41
186 42
186 17
186 254
186 197
186 287
186 122
186 81
186 11
186 274
186 269
186 261
186 262
186 25
186 119
186 23
186 188
186 28
186 35
186 251
186 300
92 125
92 227
92 234
92 273
92 208
92 95
92 123
92 96
92 257
92 97
92 265
92 78
92 152
92 3
92 242
92 220
92 19
92 118
92 200
92 85
92 2
92 112
92 164
92 49
92 18
92 232
92 246
92 30
92 88
92 114
92 127
92 117
92 216
92 295
92 6
92 111
92 214
92 271
92 247
92 104
92 137
92 166
92 169
92 84
92 177
92 32
92 126
92 159
92 280
92 171
92 290
92 235
92 5
92 256
92 89
92 108
92 41
92 42
92 17
92 254
92 197
92 287
92 122
92 81
92 11
92 274
92 269
92 261
92 262
92 25
92 119
92 23
92 188
92 28
92 35
92 251
92 300
262 25
262 119
262 23
262 188
262 28
262 35
262 251
262 300
97 265
97 78
97 152
97 3
97 242
97 220
97 19
97 118
97 200
97 85
97 2
97 112
97 164
97 49
97 18
97 232
97 246
97 30
97 88
97 114
97 127
97 117
97 216
97 295
97 6
97 111
97 214
97 271
97 247
97 104
97 137
97 166
97 169
97 84
97 177
97 32
97 126
97 159
97 280
97 171
97 290
97 235
97 5
97 256
97 89
97 108
97 41
97 42
97 17
97 254
97 197
97 287
97 122
97 81
97 11
97 274
97 269
97 261
97 25
97 119
97 23
97 188
97 28
97 35
97 251
97 300
258 151
258 163
258 71
258 80
258 124
258 138
258 83
258 286
258 281
258 184
258 215
258 253
258 160
258 100
258 279
258 150
258 134
258 70
258 7
258 24
258 250
258 228
258 56
258 291
258 133
258 47
258 130
258 63
258 168
258 77
258 289
258 53
258 170
258 231
258 157
258 210
258 167
258 223
258 187
258 203
258 209
258 103
258 67
258 39
258 82
258 264
258 48
258 62
258 8
258 204
258 125
258 227
258 234
258 273
258 208
258 95
258 123
258 96
258 257
258 265
258 78
258 152
258 3
258 242
258 220
258 19
258 118
258 200
258 85
258 2
258 112
258 164
258 49
258 18
258 232
258 246
258 30
258 88
258 114
258 127
258 117
258 216
258 295
258 6
258 111
258 214
258 271
258 247
258 104
258 137
258 166
258 169
258 84
258 177
258 32
258 126
258 159
258 280
258 171
258 290
258 235
258 5
258 256
258 89
258 108
258 41
258 42
258 17
258 254
258 197
258 287
258 122
258 81
258 11
258 274
258 269
258 261
258 25
258 119
258 23
258 188
258 28
258 35
258 251
258 300
89 108
89 41
89 42
89 17
89 254
89 197
89 287
89 122
89 81
89 11
89 274
89 269
89 261
89 25
89 119
89 23
89 188
89 28
89 35
89 251
89 300
273 208
273 95
273 123
273 96
273 257
273 265
273 78
273 152
273 3
273 242
273 220
273 19
273 118
273 200
273 85
273 2
273 112
273 164
273 49
273 18
273 232
273 246
273 30
273 88
273 114
273 127
273 117
273 216
273 295
273 6
273 111
273 214
273 271
273 247
273 104
273 137
273 166
273 169
273 84
273 177
273 32
273 126
273 159
273 280
273 171
273 290
273 235
273 5
273 256
273 108
273 41
273 42
273 17
273 254
273 197
273 287
273 122
273 81
273 11
273 274
273 269
273 261
273 25
273 119
273 23
273 188
273 28
273 35
273 251
273 300
122 81
122 11
122 274
122 269
122 261
122 25
122 119
122 23
122 188
122 28
122 35
122 251
122 300
251 300
63 168
63 77
63 289
63 53
63 170
63 231
63 157
63 210
63 167
63 223
63 187
63 203
63 209
63 103
63 67
63 39
63 82
63 264
63 48
63 62
63 8
63 204
63 125
63 227
63 234
63 208
63 95
63 123
63 96
63 257
63 265
63 78
63 152
63 3
63 242
63 220
63 19
63 118
63 200
63 85
63 2
63 112
63 164
63 49
63 18
63 232
63 246
63 30
63 88
63 114
63 127
63 117
63 216
63 295
63 6
63 111
63 214
63 271
63 247
63 104
63 137
63 166
63 169
63 84
63 177
63 32
63 126
63 159
63 280
63 171
63 290
63 235
63 5
63 256
63 108
63 41
63 42
63 17
63 254
63 197
63 287
63 81
63 11
63 274
63 269
63 261
63 25
63 119
63 23
63 188
63 28
63 35
63 300
250 228
250 56
250 291
250 133
250 47
250 130
250 168
250 77
250 289
250 53
250 170
250 231
250 157
250 210
250 167
250 223
250 187
250 203
250 209
250 103
250 67
250 39
250 82
250 264
250 48
250 62
250 8
250 204
250 125
250 227
250 234
250 208
250 95
250 123
250 96
250 257
250 265
250 78
250 152
250 3
250 242
250 220
250 19
250 118
250 200
250 85
250 2
250 112
250 164
250 49
250 18
250 232
250 246
250 30
250 88
250 114
250 127
250 117
250 216
250 295
250 6
250 111
250 214
250 271
250 247
250 104
250 137
250 166
250 169
250 84
250 177
250 32
250 126
250 159
250 280
250 171
250 290
250 235
250 5
250 256
250 108
250 41
250 42
250 17
250 254
250 197
250 287
250 81
250 11
250 274
250 269
250 261
250 25
250 119
250 23
250 188
250 28
250 35
250 300
119 23
119 188
119 28
119 35
119 300
269 261
269 25
269 23
269 188
269 28
269 35
269 300
86 213
86 229
86 217
86 237
86 245
86 218
86 206
86 36
86 44
86 191
86 22
86 192
86 202
86 64
86 101
86 284
86 109
86 10
86 190
86 26
86 129
86 110
86 153
86 165
86 156
86 151
86 163
86 71
86 80
86 124
86 138
86 83
86 286
86 281
86 184
86 215
86 253
86 160
86 100
86 279
86 150
86 134
86 70
86 7
86 24
86 228
86 56
86 291
86 133
86 47
86 130
86 168
86 77
86 289
86 53
86 170
86 231
86 157
86 210
86 167
86 223
86 187
86 203
86 209
86 103
86 67
86 39
86 82
86 264
86 48
86 62
86 8
86 204
86 125
86 227
86 234
86 208
86 95
86 123
86 96
86 257
86 265
86 78
86 152
86 3
86 242
86 220
86 19
86 118
86 200
86 85
86 2
86 112
86 164
86 49
86 18
86 232
86 246
86 30
86 88
86 114
86 127
86 117
86 216
86 295
86 6
86 111
86 214
86 271
86 247
86 104
86 137
86 166
86 169
86 84
86 177
86 32
86 126
86 159
86 280
86 171
86 290
86 235
86 5
86 256
86 108
86 41
86 42
86 17
86 254
86 197
86 287
86 81
86 11
86 274
86 261
86 25
86 23
86 188
86 28
86 35
86 300
237 245
237 218
237 206
237 36
237 44
237 191
237 22
237 192
237 202
237 64
237 101
237 284
237 109
237 10
237 190
237 26
237 129
237 110
237 153
237 165
237 156
237 151
237 163
237 71
237 80
237 124
237 138
237 83
237 286
237 281
237 184
237 215
237 253
237 160
237 100
237 279
237 150
237 134
237 70
237 7
237 24
237 228
237 56
237 291
237 133
237 47
237 130
237 168
237 77
237 289
237 53
237 170
237 231
237 157
237 210
237 167
237 223
237 187
237 203
237 209
237 103
237 67
237 39
237 82
237 264
237 48
237 62
237 8
237 204
237 125
237 227
237 234
237 208
237 95
237 123
237 96
237 257
237 265
237 78
237 152
237 3
237 242
237 220
237 19
237 118
237 200
237 85
237 2
237 112
237 164
237 49
237 18
237 232
237 246
237 30
237 88
237 114
237 127
237 117
237 216
237 295
237 6
237 111
237 214
237 271
237 247
237 104
237 137
237 166
237 169
237 84
237 177
237 32
237 126
237 159
237 280
237 171
237 290
237 235
237 5
237 256
237 108
237 41
237 42
237 17
237 254
237 197
237 287
237 81
237 11
237 274
237 261
237 25
237 23
237 188
237 28
237 35
237 300
67 39
67 82
67 264
67 48
67 62
67 8
67 204
67 125
67 227
67 234
67 208
67 95
67 123
67 96
67 257
67 265
67 78
67 152
67 3
67 242
67 220
67 19
67 118
67 200
67 85
67 2
67 112
67 164
67 49
67 18
67 232
67 246
67 30
67 88
67 114
67 127
67 117
67 216
67 295
67 6
67 111
67 214
67 271
67 247
67 104
67 137
67 166
67 169
67 84
67 177
67 32
67 126
67 159
67 280
67 171
67 290
67 235
67 5
67 256
67 108
67 41
67 42
67 17
67 254
67 197
67 287
67 81
67 11
67 274
67 261
67 25
67 23
67 188
67 28
67 35
67 300
254 197
254 287
254 81
254 11
254 274
254 261
254 25
254 23
254 188
254 28
254 35
254 300
118 200
118 85
118 2
118 112
118 164
118 49
118 18
118 232
118 246
118 30
118 88
118 114
118 127
118 117
118 216
118 295
118 6
118 111
118 214
118 271
118 247
118 104
118 137
118 166
118 169
118 84
118 177
118 32
118 126
118 159
118 280
118 171
118 290
118 235
118 5
118 256
118 108
118 41
118 42
118 17
118 197
118 287
118 81
118 11
118 274
118 261
118 25
118 23
118 188
118 28
118 35
118 300
256 108
256 41
256 42
256 17
256 197
256 287
256 81
256 11
256 274
256 261
256 25
256 23
256 188
256 28
256 35
256 300
71 80
71 124
71 138
71 83
71 286
71 281
71 184
71 215
71 253
71 160
71 100
71 279
71 150
71 134
71 70
71 7
71 24
71 228
71 56
71 291
71 133
71 47
71 130
71 168
71 77
71 289
71 53
71 170
71 231
71 157
71 210
71 167
71 223
71 187
71 203
71 209
71 103
71 39
71 82
71 264
71 48
71 62
71 8
71 204
71 125
71 227
71 234
71 208
71 95
71 123
71 96
71 257
71 265
71 78
71 152
71 3
71 242
71 220
71 19
71 200
71 85
71 2
71 112
71 164
71 49
71 18
71 232
71 246
71 30
71 88
71 114
71 127
71 117
71 216
71 295
71 6
71 111
71 214
71 271
71 247
71 104
71 137
71 166
71 169
71 84
71 177
71 32
71 126
71 159
71 280
71 171
71 290
71 235
71 5
71 108
71 41
71 42
71 17
71 197
71 287
71 81
71 11
71 274
71 261
71 25
71 23
71 188
71 28
71 35
71 300
266 201
266 189
266 213
266 229
266 217
266 245
266 218
266 206
266 36
266 44
266 191
266 22
266 192
266 202
266 64
266 101
266 284
266 109
266 10
266 190
266 26
266 129
266 110
266 153
266 165
266 156
266 151
266 163
266 80
266 124
266 138
266 83
266 286
266 281
266 184
266 215
266 253
266 160
266 100
266 279
266 150
266 134
266 70
266 7
266 24
266 228
266 56
266 291
266 133
266 47
266 130
266 168
266 77
266 289
266 53
266 170
266 231
266 157
266 210
266 167
266 223
266 187
266 203
266 209
266 103
266 39
266 82
266 264
266 48
266 62
266 8
266 204
266 125
266 227
266 234
266 208
266 95
266 123
266 96
266 257
266 265
266 78
266 152
266 3
266 242
266 220
266 19
266 200
266 85
266 2
266 112
266 164
266 49
266 18
266 232
266 246
266 30
266 88
266 114
266 127
266 117
266 216
266 295
266 6
266 111
266 214
266 271
266 247
266 104
266 137
266 166
266 169
266 84
266 177
266 32
266 126
266 159
266 280
266 171
266 290
266 235
266 5
266 108
266 41
266 42
266 17
266 197
266 287
266 81
266 11
266 274
266 261
266 25
266 23
266 188
266 28
266 35
266 300
133 47
133 130
133 168
133 77
133 289
133 53
133 170
133 231
133 157
133 210
133 167
133 223
133 187
133 203
133 209
133 103
133 39
133 82
133 264
133 48
133 62
133 8
133 204
133 125
133 227
133 234
133 208
133 95
133 123
133 96
133 257
133 265
133 78
133 152
133 3
133 242
133 220
133 19
133 200
133 85
133 2
133 112
133 164
133 49
133 18
133 232
133 246
133 30
133 88
133 114
133 127
133 117
133 216
133 295
133 6
133 111
133 214
133 271
133 247
133 104
133 137
133 166
133 169
133 84
133 177
133 32
133 126
133 159
133 280
133 171
133 290
133 235
133 5
133 108
133 41
133 42
133 17
133 197
133 287
133 81
133 11
133 274
133 261
133 25
133 23
133 188
133 28
133 35
133 300
284 109
284 10
284 190
284 26
284 129
284 110
284 153
284 165
284 156
284 151
284 163
284 80
284 124
284 138
284 83
284 286
284 281
284 184
284 215
284 253
284 160
284 100
284 279
284 150
284 134
284 70
284 7
284 24
284 228
284 56
284 291
284 47
284 130
284 168
284 77
284 289
284 53
284 170
284 231
284 157
284 210
284 167
284 223
284 187
284 203
284 209
284 103
284 39
284 82
284 264
284 48
284 62
284 8
284 204
284 125
284 227
284 234
284 208
284 95
284 123
284 96
284 257
284 265
284 78
284 152
284 3
284 242
284 220
284 19
284 200
284 85
284 2
284 112
284 164
284 49
284 18
284 232
284 246
284 30
284 88
284 114
284 127
284 117
284 216
284 295
284 6
284 111
284 214
284 271
284 247
284 104
284 137
284 166
284 169
284 84
284 177
284 32
284 126
284 159
284 280
284 171
284 290
284 235
284 5
284 108
284 41
284 42
284 17
284 197
284 287
284 81
284 11
284 274
284 261
284 25
284 23
284 188
284 28
284 35
284 300
101 109
101 10
101 190
101 26
101 129
101 110
101 153
101 165
101 156
101 151
101 163
101 80
101 124
101 138
101 83
101 286
101 281
101 184
101 215
101 253
101 160
101 100
101 279
101 150
101 134
101 70
101 7
101 24
101 228
101 56
101 291
101 47
101 130
101 168
101 77
101 289
101 53
101 170
101 231
101 157
101 210
101 167
101 223
101 187
101 203
101 209
101 103
101 39
101 82
101 264
101 48
101 62
101 8
101 204
101 125
101 227
101 234
101 208
101 95
101 123
101 96
101 257
101 265
101 78
101 152
101 3
101 242
101 220
101 19
101 200
101 85
101 2
101 112
101 164
101 49
101 18
101 232
101 246
101 30
101 88
101 114
101 127
101 117
101 216
101 295
101 6
101 111
101 214
101 271
101 247
101 104
101 137
101 166
101 169
101 84
101 177
101 32
101 126
101 159
101 280
101 171
101 290
101 235
101 5
101 108
101 41
101 42
101 17
101 197
101 287
101 81
101 11
101 274
101 261
101 25
101 23
101 188
101 28
101 35
101 300
257 265
257 78
257 152
257 3
257 242
257 220
257 19
257 200
257 85
257 2
257 112
257 164
257 49
257 18
257 232
257 246
257 30
257 88
257 114
257 127
257 117
257 216
257 295
257 6
257 111
257 214
257 271
257 247
257 104
257 137
257 166
257 169
257 84
257 177
257 32
257 126
257 159
257 280
257 171
257 290
257 235
257 5
257 108
257 41
257 42
257 17
257 197
257 287
257 81
257 11
257 274
257 261
257 25
257 23
257 188
257 28
257 35
257 300
84 177
84 32
84 126
84 159
84 280
84 171
84 290
84 235
84 5
84 108
84 41
84 42
84 17
84 197
84 287
84 81
84 11
84 274
84 261
84 25
84 23
84 188
84 28
84 35
84 300
246 30
246 88
246 114
246 127
246 117
246 216
246 295
246 6
246 111
246 214
246 271
246 247
246 104
246 137
246 166
246 169
246 177
246 32
246 126
246 159
246 280
246 171
246 290
246 235
246 5
246 108
246 41
246 42
246 17
246 197
246 287
246 81
246 11
246 274
246 261
246 25
246 23
246 188
246 28
246 35
246 300
78 152
78 3
78 242
78 220
78 19
78 200
78 85
78 2
78 112
78 164
78 49
78 18
78 232
78 30
78 88
78 114
78 127
78 117
78 216
78 295
78 6
78 111
78 214
78 271
78 247
78 104
78 137
78 166
78 169
78 177
78 32
78 126
78 159
78 280
78 171
78 290
78 235
78 5
78 108
78 41
78 42
78 17
78 197
78 287
78 81
78 11
78 274
78 261
78 25
78 23
78 188
78 28
78 35
78 300
187 203
187 209
187 103
187 39
187 82
187 264
187 48
187 62
187 8
187 204
187 125
187 227
187 234
187 208
187 95
187 123
187 96
187 265
187 152
187 3
187 242
187 220
187 19
187 200
187 85
187 2
187 112
187 164
187 49
187 18
187 232
187 30
187 88
187 114
187 127
187 117
187 216
187 295
187 6
187 111
187 214
187 271
187 247
187 104
187 137
187 166
187 169
187 177
187 32
187 126
187 159
187 280
187 171
187 290
187 235
187 5
187 108
187 41
187 42
187 17
187 197
187 287
187 81
187 11
187 274
187 261
187 25
187 23
187 188
187 28
187 35
187 300
19 200
19 85
19 2
19 112
19 164
19 49
19 18
19 232
19 30
19 88
19 114
19 127
19 117
19 216
19 295
19 6
19 111
19 214
19 271
19 247
19 104
19 137
19 166
19 169
19 177
19 32
19 126
19 159
19 280
19 171
19 290
19 235
19 5
19 108
19 41
19 42
19 17
19 197
19 287
19 81
19 11
19 274
19 261
19 25
19 23
19 188
19 28
19 35
19 300
200 85
200 2
200 112
200 164
200 49
200 18
200 232
200 30
200 88
200 114
200 127
200 117
200 216
200 295
200 6
200 111
200 214
200 271
200 247
200 104
200 137
200 166
200 169
200 177
200 32
200 126
200 159
200 280
200 171
200 290
200 235
200 5
200 108
200 41
200 42
200 17
200 197
200 287
200 81
200 11
200 274
200 261
200 25
200 23
200 188
200 28
200 35
200 300
112 164
112 49
112 18
112 232
112 30
112 88
112 114
112 127
112 117
112 216
112 295
112 6
112 111
112 214
112 271
112 247
112 104
112 137
112 166
112 169
112 177
112 32
112 126
112 159
112 280
112 171
112 290
112 235
112 5
112 108
112 41
112 42
112 17
112 197
112 287
112 81
112 11
112 274
112 261
112 25
112 23
112 188
112 28
112 35
112 300
287 81
287 11
287 274
287 261
287 25
287 23
287 188
287 28
287 35
287 300
123 96
123 265
123 152
123 3
123 242
123 220
123 85
123 2
123 164
123 49
123 18
123 232
123 30
123 88
123 114
123 127
123 117
123 216
123 295
123 6
123 111
123 214
123 271
123 247
123 104
123 137
123 166
123 169
123 177
123 32
123 126
123 159
123 280
123 171
123 290
123 235
123 5
123 108
123 41
123 42
123 17
123 197
123 81
123 11
123 274
123 261
123 25
123 23
123 188
123 28
123 35
123 300
234 208
234 95
234 96
234 265
234 152
234 3
234 242
234 220
234 85
234 2
234 164
234 49
234 18
234 232
234 30
234 88
234 114
234 127
234 117
234 216
234 295
234 6
234 111
234 214
234 271
234 247
234 104
234 137
234 166
234 169
234 177
234 32
234 126
234 159
234 280
234 171
234 290
234 235
234 5
234 108
234 41
234 42
234 17
234 197
234 81
234 11
234 274
234 261
234 25
234 23
234 188
234 28
234 35
234 300
44 191
44 22
44 192
44 202
44 64
44 109
44 10
44 190
44 26
44 129
44 110
44 153
44 165
44 156
44 151
44 163
44 80
44 124
44 138
44 83
44 286
44 281
44 184
44 215
44 253
44 160
44 100
44 279
44 150
44 134
44 70
44 7
44 24
44 228
44 56
44 291
44 47
44 130
44 168
44 77
44 289
44 53
44 170
44 231
44 157
44 210
44 167
44 223
44 203
44 209
44 103
44 39
44 82
44 264
44 48
44 62
44 8
44 204
44 125
44 227
44 208
44 95
44 96
44 265
44 152
44 3
44 242
44 220
44 85
44 2
44 164
44 49
44 18
44 232
44 30
44 88
44 114
44 127
44 117
44 216
44 295
44 6
44 111
44 214
44 271
44 247
44 104
44 137
44 166
44 169
44 177
44 32
44 126
44 159
44 280
44 171
44 290
44 235
44 5
44 108
44 41
44 42
44 17
44 197
44 81
44 11
44 274
44 261
44 25
44 23
44 188
44 28
44 35
44 300
184 215
184 253
184 160
184 100
184 279
184 150
184 134
184 70
184 7
184 24
184 228
184 56
184 291
184 47
184 130
184 168
184 77
184 289
184 53
184 170
184 231
184 157
184 210
184 167
184 223
184 203
184 209
184 103
184 39
184 82
184 264
184 48
184 62
184 8
184 204
184 125
184 227
184 208
184 95
184 96
184 265
184 152
184 3
184 242
184 220
184 85
184 2
184 164
184 49
184 18
184 232
184 30
184 88
184 114
184 127
184 117
184 216
184 295
184 6
184 111
184 214
184 271
184 247
184 104
184 137
184 166
184 169
184 177
184 32
184 126
184 159
184 280
184 171
184 290
184 235
184 5
184 108
184 41
184 42
184 17
184 197
184 81
184 11
184 274
184 261
184 25
184 23
184 188
184 28
184 35
184 300
32 126
32 159
32 280
32 171
32 290
32 235
32 5
32 108
32 41
32 42
32 17
32 197
32 81
32 11
32 274
32 261
32 25
32 23
32 188
32 28
32 35
32 300
163 80
163 124
163 138
163 83
163 286
163 281
163 215
163 253
163 160
163 100
163 279
163 150
163 134
163 70
163 7
163 24
163 228
163 56
163 291
163 47
163 130
163 168
163 77
163 289
163 53
163 170
163 231
163 157
163 210
163 167
163 223
163 203
163 209
163 103
163 39
163 82
163 264
163 48
163 62
163 8
163 204
163 125
163 227
163 208
163 95
163 96
163 265
163 152
163 3
163 242
163 220
163 85
163 2
163 164
163 49
163 18
163 232
163 30
163 88
163 114
163 127
163 117
163 216
163 295
163 6
163 111
163 214
163 271
163 247
163 104
163 137
163 166
163 169
163 177
163 126
163 159
163 280
163 171
163 290
163 235
163 5
163 108
163 41
163 42
163 17
163 197
163 81
163 11
163 274
163 261
163 25
163 23
163 188
163 28
163 35
163 300
15 201
15 189
15 213
15 229
15 217
15 245
15 218
15 206
15 36
15 191
15 22
15 192
15 202
15 64
15 109
15 10
15 190
15 26
15 129
15 110
15 153
15 165
15 156
15 151
15 80
15 124
15 138
15 83
15 286
15 281
15 215
15 253
15 160
15 100
15 279
15 150
15 134
15 70
15 7
15 24
15 228
15 56
15 291
15 47
15 130
15 168
15 77
15 289
15 53
15 170
15 231
15 157
15 210
15 167
15 223
15 203
15 209
15 103
15 39
15 82
15 264
15 48
15 62
15 8
15 204
15 125
15 227
15 208
15 95
15 96
15 265
15 152
15 3
15 242
15 220
15 85
15 2
15 164
15 49
15 18
15 232
15 30
15 88
15 114
15 127
15 117
15 216
15 295
15 6
15 111
15 214
15 271
15 247
15 104
15 137
15 166
15 169
15 177
15 126
15 159
15 280
15 171
15 290
15 235
15 5
15 108
15 41
15 42
15 17
15 197
15 81
15 11
15 274
15 261
15 25
15 23
15 188
15 28
15 35
15 300
114 127
114 117
114 216
114 295
114 6
114 111
114 214
114 271
114 247
114 104
114 137
114 166
114 169
114 177
114 126
114 159
114 280
114 171
114 290
114 235
114 5
114 108
114 41
114 42
114 17
114 197
114 81
114 11
114 274
114 261
114 25
114 23
114 188
114 28
114 35
114 300
6 111
6 214
6 271
6 247
6 104
6 137
6 166
6 169
6 177
6 126
6 159
6 280
6 171
6 290
6 235
6 5
6 108
6 41
6 42
6 17
6 197
6 81
6 11
6 274
6 261
6 25
6 23
6 188
6 28
6 35
6 300
167 223
167 203
167 209
167 103
167 39
167 82
167 264
167 48
167 62
167 8
167 204
167 125
167 227
167 208
167 95
167 96
167 265
167 152
167 3
167 242
167 220
167 85
167 2
167 164
167 49
167 18
167 232
167 30
167 88
167 127
167 117
167 216
167 295
167 111
167 214
167 271
167 247
167 104
167 137
167 166
167 169
167 177
167 126
167 159
167 280
167 171
167 290
167 235
167 5
167 108
167 41
167 42
167 17
167 197
167 81
167 11
167 274
167 261
167 25
167 23
167 188
167 28
167 35
167 300
152 3
152 242
152 220
152 85
152 2
152 164
152 49
152 18
152 232
152 30
152 88
152 127
152 117
152 216
152 295
152 111
152 214
152 271
152 247
152 104
152 137
152 166
152 169
152 177
152 126
152 159
152 280
152 171
152 290
152 235
152 5
152 108
152 41
152 42
152 17
152 197
152 81
152 11
152 274
152 261
152 25
152 23
152 188
152 28
152 35
152 300
253 160
253 100
253 279
253 150
253 134
253 70
253 7
253 24
253 228
253 56
253 291
253 47
253 130
253 168
253 77
253 289
253 53
253 170
253 231
253 157
253 210
253 223
253 203
253 209
253 103
253 39
253 82
253 264
253 48
253 62
253 8
253 204
253 125
253 227
253 208
253 95
253 96
253 265
253 3
253 242
253 220
253 85
253 2
253 164
253 49
253 18
253 232
253 30
253 88
253 127
253 117
253 216
253 295
253 111
253 214
253 271
253 247
253 104
253 137
253 166
253 169
253 177
253 126
253 159
253 280
253 171
253 290
253 235
253 5
253 108
253 41
253 42
253 17
253 197
253 81
253 11
253 274
253 261
253 25
253 23
253 188
253 28
253 35
253 300
49 18
49 232
49 30
49 88
49 127
49 117
49 216
49 295
49 111
49 214
49 271
49 247
49 104
49 137
49 166
49 169
49 177
49 126
49 159
49 280
49 171
49 290
49 235
49 5
49 108
49 41
49 42
49 17
49 197
49 81
49 11
49 274
49 261
49 25
49 23
49 188
49 28
49 35
49 300
213 229
213 217
213 245
213 218
213 206
213 36
213 191
213 22
213 192
213 202
213 64
213 109
213 10
213 190
213 26
213 129
213 110
213 153
213 165
213 156
213 151
213 80
213 124
213 138
213 83
213 286
213 281
213 215
213 160
213 100
213 279
213 150
213 134
213 70
213 7
213 24
213 228
213 56
213 291
213 47
213 130
213 168
213 77
213 289
213 53
213 170
213 231
213 157
213 210
213 223
213 203
213 209
213 103
213 39
213 82
213 264
213 48
213 62
213 8
213 204
213 125
213 227
213 208
213 95
213 96
213 265
213 3
213 242
213 220
213 85
213 2
213 164
213 18
213 232
213 30
213 88
213 127
213 117
213 216
213 295
213 111
213 214
213 271
213 247
213 104
213 137
213 166
213 169
213 177
213 126
213 159
213 280
213 171
213 290
213 235
213 5
213 108
213 41
213 42
213 17
213 197
213 81
213 11
213 274
213 261
213 25
213 23
213 188
213 28
213 35
213 300
61 120
61 183
61 76
61 60
61 293
61 201
61 189
61 229
61 217
61 245
61 218
61 206
61 36
61 191
61 22
61 192
61 202
61 64
61 109
61 10
61 190
61 26
61 129
61 110
61 153
61 165
61 156
61 151
61 80
61 124
61 138
61 83
61 286
61 281
61 215
61 160
61 100
61 279
61 150
61 134
61 70
61 7
61 24
61 228
61 56
61 291
61 47
61 130
61 168
61 77
61 289
61 53
61 170
61 231
61 157
61 210
61 223
61 203
61 209
61 103
61 39
61 82
61 264
61 48
61 62
61 8
61 204
61 125
61 227
61 208
61 95
61 96
61 265
61 3
61 242
61 220
61 85
61 2
61 164
61 18
61 232
61 30
61 88
61 127
61 117
61 216
61 295
61 111
61 214
61 271
61 247
61 104
61 137
61 166
61 169
61 177
61 126
61 159
61 280
61 171
61 290
61 235
61 5
61 108
61 41
61 42
61 17
61 197
61 81
61 11
61 274
61 261
61 25
61 23
61 188
61 28
61 35
61 300
231 157
231 210
231 223
231 203
231 209
231 103
231 39
231 82
231 264
231 48
231 62
231 8
231 204
231 125
231 227
231 208
231 95
231 96
231 265
231 3
231 242
231 220
231 85
231 2
231 164
231 18
231 232
231 30
231 88
231 127
231 117
231 216
231 295
231 111
231 214
231 271
231 247
231 104
231 137
231 166
231 169
231 177
231 126
231 159
231 280
231 171
231 290
231 235
231 5
231 108
231 41
231 42
231 17
231 197
231 81
231 11
231 274
231 261
231 25
231 23
231 188
231 28
231 35
231 300
77 289
77 53
77 170
77 157
77 210
77 223
77 203
77 209
77 103
77 39
77 82
77 264
77 48
77 62
77 8
77 204
77 125
77 227
77 208
77 95
77 96
77 265
77 3
77 242
77 220
77 85
77 2
77 164
77 18
77 232
77 30
77 88
77 127
77 117
77 216
77 295
77 111
77 214
77 271
77 247
77 104
77 137
77 166
77 169
77 177
77 126
77 159
77 280
77 171
77 290
77 235
77 5
77 108
77 41
77 42
77 17
77 197
77 81
77 11
77 274
77 261
77 25
77 23
77 188
77 28
77 35
77 300
229 217
229 245
229 218
229 206
229 36
229 191
229 22
229 192
229 202
229 64
229 109
229 10
229 190
229 26
229 129
229 110
229 153
229 165
229 156
229 151
229 80
229 124
229 138
229 83
229 286
229 281
229 215
229 160
229 100
229 279
229 150
229 134
229 70
229 7
229 24
229 228
229 56
229 291
229 47
229 130
229 168
229 289
229 53
229 170
229 157
229 210
229 223
229 203
229 209
229 103
229 39
229 82
229 264
229 48
229 62
229 8
229 204
229 125
229 227
229 208
229 95
229 96
229 265
229 3
229 242
229 220
229 85
229 2
229 164
229 18
229 232
229 30
229 88
229 127
229 117
229 216
229 295
229 111
229 214
229 271
229 247
229 104
229 137
229 166
229 169
229 177
229 126
229 159
229 280
229 171
229 290
229 235
229 5
229 108
229 41
229 42
229 17
229 197
229 81
229 11
229 274
229 261
229 25
229 23
229 188
229 28
229 35
229 300
60 293
60 201
60 189
60 217
60 245
60 218
60 206
60 36
60 191
60 22
60 192
60 202
60 64
60 109
60 10
60 190
60 26
60 129
60 110
60 153
60 165
60 156
60 151
60 80
60 124
60 138
60 83
60 286
60 281
60 215
60 160
60 100
60 279
60 150
60 134
60 70
60 7
60 24
60 228
60 56
60 291
60 47
60 130
60 168
60 289
60 53
60 170
60 157
60 210
60 223
60 203
60 209
60 103
60 39
60 82
60 264
60 48
60 62
60 8
60 204
60 125
60 227
60 208
60 95
60 96
60 265
60 3
60 242
60 220
60 85
60 2
60 164
60 18
60 232
60 30
60 88
60 127
60 117
60 216
60 295
60 111
60 214
60 271
60 247
60 104
60 137
60 166
60 169
60 177
60 126
60 159
60 280
60 171
60 290
60 235
60 5
60 108
60 41
60 42
60 17
60 197
60 81
60 11
60 274
60 261
60 25
60 23
60 188
60 28
60 35
60 300
156 151
156 80
156 124
156 138
156 83
156 286
156 281
156 215
156 160
156 100
156 279
156 150
156 134
156 70
156 7
156 24
156 228
156 56
156 291
156 47
156 130
156 168
156 289
156 53
156 170
156 157
156 210
156 223
156 203
156 209
156 103
156 39
156 82
156 264
156 48
156 62
156 8
156 204
156 125
156 227
156 208
156 95
156 96
156 265
156 3
156 242
156 220
156 85
156 2
156 164
156 18
156 232
156 30
156 88
156 127
156 117
156 216
156 295
156 111
156 214
156 271
156 247
156 104
156 137
156 166
156 169
156 177
156 126
156 159
156 280
156 171
156 290
156 235
156 5
156 108
156 41
156 42
156 17
156 197
156 81
156 11
156 274
156 261
156 25
156 23
156 188
156 28
156 35
156 300
3 242
3 220
3 85
3 2
3 164
3 18
3 232
3 30
3 88
3 127
3 117
3 216
3 295
3 111
3 214
3 271
3 247
3 104
3 137
3 166
3 169
3 177
3 126
3 159
3 280
3 171
3 290
3 235
3 5
3 108
3 41
3 42
3 17
3 197
3 81
3 11
3 274
3 261
3 25
3 23
3 188
3 28
3 35
3 300
157 210
157 223
157 203
157 209
157 103
157 39
157 82
157 264
157 48
157 62
157 8
157 204
157 125
157 227
157 208
157 95
157 96
157 265
157 242
157 220
157 85
157 2
157 164
157 18
157 232
157 30
157 88
157 127
157 117
157 216
157 295
157 111
157 214
157 271
157 247
157 104
157 137
157 166
157 169
157 177
157 126
157 159
157 280
157 171
157 290
157 235
157 5
157 108
157 41
157 42
157 17
157 197
157 81
157 11
157 274
157 261
157 25
157 23
157 188
157 28
157 35
157 300
81 11
81 274
81 261
81 25
81 23
81 188
81 28
81 35
81 300
247 104
247 137
247 166
247 169
247 177
247 126
247 159
247 280
247 171
247 290
247 235
247 5
247 108
247 41
247 42
247 17
247 197
247 11
247 274
247 261
247 25
247 23
247 188
247 28
247 35
247 300
83 286
83 281
83 215
83 160
83 100
83 279
83 150
83 134
83 70
83 7
83 24
83 228
83 56
83 291
83 47
83 130
83 168
83 289
83 53
83 170
83 210
83 223
83 203
83 209
83 103
83 39
83 82
83 264
83 48
83 62
83 8
83 204
83 125
83 227
83 208
83 95
83 96
83 265
83 242
83 220
83 85
83 2
83 164
83 18
83 232
83 30
83 88
83 127
83 117
83 216
83 295
83 111
83 214
83 271
83 104
83 137
83 166
83 169
83 177
83 126
83 159
83 280
83 171
83 290
83 235
83 5
83 108
83 41
83 42
83 17
83 197
83 11
83 274
83 261
83 25
83 23
83 188
83 28
83 35
83 300
280 171
280 290
280 235
280 5
280 108
280 41
280 42
280 17
280 197
280 11
280 274
280 261
280 25
280 23
280 188
280 28
280 35
280 300
150 134
150 70
150 7
150 24
150 228
150 56
150 291
150 47
150 130
150 168
150 289
150 53
150 170
150 210
150 223
150 203
150 209
150 103
150 39
150 82
150 264
150 48
150 62
150 8
150 204
150 125
150 227
150 208
150 95
150 96
150 265
150 242
150 220
150 85
150 2
150 164
150 18
150 232
150 30
150 88
150 127
150 117
150 216
150 295
150 111
150 214
150 271
150 104
150 137
150 166
150 169
150 177
150 126
150 159
150 171
150 290
150 235
150 5
150 108
150 41
150 42
150 17
150 197
150 11
150 274
150 261
150 25
150 23
150 188
150 28
150 35
150 300
295 111
295 214
295 271
295 104
295 137
295 166
295 169
295 177
295 126
295 159
295 171
295 290
295 235
295 5
295 108
295 41
295 42
295 17
295 197
295 11
295 274
295 261
295 25
295 23
295 188
295 28
295 35
295 300
124 138
124 286
124 281
124 215
124 160
124 100
124 279
124 134
124 70
124 7
124 24
124 228
124 56
124 291
124 47
124 130
124 168
124 289
124 53
124 170
124 210
124 223
124 203
124 209
124 103
124 39
124 82
124 264
124 48
124 62
124 8
124 204
124 125
124 227
124 208
124 95
124 96
124 265
124 242
124 220
124 85
124 2
124 164
124 18
124 232
124 30
124 88
124 127
124 117
124 216
124 111
124 214
124 271
124 104
124 137
124 166
124 169
124 177
124 126
124 159
124 171
124 290
124 235
124 5
124 108
124 41
124 42
124 17
124 197
124 11
124 274
124 261
124 25
124 23
124 188
124 28
124 35
124 300
245 218
245 206
245 36
245 191
245 22
245 192
245 202
245 64
245 109
245 10
245 190
245 26
245 129
245 110
245 153
245 165
245 151
245 80
245 138
245 286
245 281
245 215
245 160
245 100
245 279
245 134
245 70
245 7
245 24
245 228
245 56
245 291
245 47
245 130
245 168
245 289
245 53
245 170
245 210
245 223
245 203
245 209
245 103
245 39
245 82
245 264
245 48
245 62
245 8
245 204
245 125
245 227
245 208
245 95
245 96
245 265
245 242
245 220
245 85
245 2
245 164
245 18
245 232
245 30
245 88
245 127
245 117
245 216
245 111
245 214
245 271
245 104
245 137
245 166
245 169
245 177
245 126
245 159
245 171
245 290
245 235
245 5
245 108
245 41
245 42
245 17
245 197
245 11
245 274
245 261
245 25
245 23
245 188
245 28
245 35
245 300
53 170
53 210
53 223
53 203
53 209
53 103
53 39
53 82
53 264
53 48
53 62
53 8
53 204
53 125
53 227
53 208
53 95
53 96
53 265
53 242
53 220
53 85
53 2
53 164
53 18
53 232
53 30
53 88
53 127
53 117
53 216
53 111
53 214
53 271
53 104
53 137
53 166
53 169
53 177
53 126
53 159
53 171
53 290
53 235
53 5
53 108
53 41
53 42
53 17
53 197
53 11
53 274
53 261
53 25
53 23
53 188
53 28
53 35
53 300
129 110
129 153
129 165
129 151
129 80
129 138
129 286
129 281
129 215
129 160
129 100
129 279
129 134
129 70
129 7
129 24
129 228
129 56
129 291
129 47
129 130
129 168
129 289
129 170
129 210
129 223
129 203
129 209
129 103
129 39
129 82
129 264
129 48
129 62
129 8
129 204
129 125
129 227
129 208
129 95
129 96
129 265
129 242
129 220
129 85
129 2
129 164
129 18
129 232
129 30
129 88
129 127
129 117
129 216
129 111
129 214
129 271
129 104
129 137
129 166
129 169
129 177
129 126
129 159
129 171
129 290
129 235
129 5
129 108
129 41
129 42
129 17
129 197
129 11
129 274
129 261
129 25
129 23
129 188
129 28
129 35
129 300
2 164
2 18
2 232
2 30
2 88
2 127
2 117
2 216
2 111
2 214
2 271
2 104
2 137
2 166
2 169
2 177
2 126
2 159
2 171
2 290
2 235
2 5
2 108
2 41
2 42
2 17
2 197
2 11
2 274
2 261
2 25
2 23
2 188
2 28
2 35
2 300
24 228
24 56
24 291
24 47
24 130
24 168
24 289
24 170
24 210
24 223
24 203
24 209
24 103
24 39
24 82
24 264
24 48
24 62
24 8
24 204
24 125
24 227
24 208
24 95
24 96
24 265
24 242
24 220
24 85
24 164
24 18
24 232
24 30
24 88
24 127
24 117
24 216
24 111
24 214
24 271
24 104
24 137
24 166
24 169
24 177
24 126
24 159
24 171
24 290
24 235
24 5
24 108
24 41
24 42
24 17
24 197
24 11
24 274
24 261
24 25
24 23
24 188
24 28
24 35
24 300
10 190
10 26
10 110
10 153
10 165
10 151
10 80
10 138
10 286
10 281
10 215
10 160
10 100
10 279
10 134
10 70
10 7
10 228
10 56
10 291
10 47
10 130
10 168
10 289
10 170
10 210
10 223
10 203
10 209
10 103
10 39
10 82
10 264
10 48
10 62
10 8
10 204
10 125
10 227
10 208
10 95
10 96
10 265
10 242
10 220
10 85
10 164
10 18
10 232
10 30
10 88
10 127
10 117
10 216
10 111
10 214
10 271
10 104
10 137
10 166
10 169
10 177
10 126
10 159
10 171
10 290
10 235
10 5
10 108
10 41
10 42
10 17
10 197
10 11
10 274
10 261
10 25
10 23
10 188
10 28
10 35
10 300
169 177
169 126
169 159
169 171
169 290
169 235
169 5
169 108
169 41
169 42
169 17
169 197
169 11
169 274
169 261
169 25
169 23
169 188
169 28
169 35
169 300
80 138
80 286
80 281
80 215
80 160
80 100
80 279
80 134
80 70
80 7
80 228
80 56
80 291
80 47
80 130
80 168
80 289
80 170
80 210
80 223
80 203
80 209
80 103
80 39
80 82
80 264
80 48
80 62
80 8
80 204
80 125
80 227
80 208
80 95
80 96
80 265
80 242
80 220
80 85
80 164
80 18
80 232
80 30
80 88
80 127
80 117
80 216
80 111
80 214
80 271
80 104
80 137
80 166
80 177
80 126
80 159
80 171
80 290
80 235
80 5
80 108
80 41
80 42
80 17
80 197
80 11
80 274
80 261
80 25
80 23
80 188
80 28
80 35
80 300
261 25
261 23
261 188
261 28
261 35
261 300
108 41
108 42
108 17
108 197
108 11
108 274
108 25
108 23
108 188
108 28
108 35
108 300
286 281
286 215
286 160
286 100
286 279
286 134
286 70
286 7
286 228
286 56
286 291
286 47
286 130
286 168
286 289
286 170
286 210
286 223
286 203
286 209
286 103
286 39
286 82
286 264
286 48
286 62
286 8
286 204
286 125
286 227
286 208
286 95
286 96
286 265
286 242
286 220
286 85
286 164
286 18
286 232
286 30
286 88
286 127
286 117
286 216
286 111
286 214
286 271
286 104
286 137
286 166
286 177
286 126
286 159
286 171
286 290
286 235
286 5
286 41
286 42
286 17
286 197
286 11
286 274
286 25
286 23
286 188
286 28
286 35
286 300
126 159
126 171
126 290
126 235
126 5
126 41
126 42
126 17
126 197
126 11
126 274
126 25
126 23
126 188
126 28
126 35
126 300
165 151
165 138
165 281
165 215
165 160
165 100
165 279
165 134
165 70
165 7
165 228
165 56
165 291
165 47
165 130
165 168
165 289
165 170
165 210
165 223
165 203
165 209
165 103
165 39
165 82
165 264
165 48
165 62
165 8
165 204
165 125
165 227
165 208
165 95
165 96
165 265
165 242
165 220
165 85
165 164
165 18
165 232
165 30
165 88
165 127
165 117
165 216
165 111
165 214
165 271
165 104
165 137
165 166
165 177
165 159
165 171
165 290
165 235
165 5
165 41
165 42
165 17
165 197
165 11
165 274
165 25
165 23
165 188
165 28
165 35
165 300
5 41
5 42
5 17
5 197
5 11
5 274
5 25
5 23
5 188
5 28
5 35
5 300
166 177
166 159
166 171
166 290
166 235
166 41
166 42
166 17
166 197
166 11
166 274
166 25
166 23
166 188
166 28
166 35
166 300
151 138
151 281
151 215
151 160
151 100
151 279
151 134
151 70
151 7
151 228
151 56
151 291
151 47
151 130
151 168
151 289
151 170
151 210
151 223
151 203
151 209
151 103
151 39
151 82
151 264
151 48
151 62
151 8
151 204
151 125
151 227
151 208
151 95
151 96
151 265
151 242
151 220
151 85
151 164
151 18
151 232
151 30
151 88
151 127
151 117
151 216
151 111
151 214
151 271
151 104
151 137
151 177
151 159
151 171
151 290
151 235
151 41
151 42
151 17
151 197
151 11
151 274
151 25
151 23
151 188
151 28
151 35
151 300
289 170
289 210
289 223
289 203
289 209
289 103
289 39
289 82
289 264
289 48
289 62
289 8
289 204
289 125
289 227
289 208
289 95
289 96
289 265
289 242
289 220
289 85
289 164
289 18
289 232
289 30
289 88
289 127
289 117
289 216
289 111
289 214
289 271
289 104
289 137
289 177
289 159
289 171
289 290
289 235
289 41
289 42
289 17
289 197
289 11
289 274
289 25
289 23
289 188
289 28
289 35
289 300
96 265
96 242
96 220
96 85
96 164
96 18
96 232
96 30
96 88
96 127
96 117
96 216
96 111
96 214
96 271
96 104
96 137
96 177
96 159
96 171
96 290
96 235
96 41
96 42
96 17
96 197
96 11
96 274
96 25
96 23
96 188
96 28
96 35
96 300
264 48
264 62
264 8
264 204
264 125
264 227
264 208
264 95
264 265
264 242
264 220
264 85
264 164
264 18
264 232
264 30
264 88
264 127
264 117
264 216
264 111
264 214
264 271
264 104
264 137
264 177
264 159
264 171
264 290
264 235
264 41
264 42
264 17
264 197
264 11
264 274
264 25
264 23
264 188
264 28
264 35
264 300
95 265
95 242
95 220
95 85
95 164
95 18
95 232
95 30
95 88
95 127
95 117
95 216
95 111
95 214
95 271
95 104
95 137
95 177
95 159
95 171
95 290
95 235
95 41
95 42
95 17
95 197
95 11
95 274
95 25
95 23
95 188
95 28
95 35
95 300
271 104
271 137
271 177
271 159
271 171
271 290
271 235
271 41
271 42
271 17
271 197
271 11
271 274
271 25
271 23
271 188
271 28
271 35
271 300
110 153
110 138
110 281
110 215
110 160
110 100
110 279
110 134
110 70
110 7
110 228
110 56
110 291
110 47
110 130
110 168
110 170
110 210
110 223
110 203
110 209
110 103
110 39
110 82
110 48
110 62
110 8
110 204
110 125
110 227
110 208
110 265
110 242
110 220
110 85
110 164
110 18
110 232
110 30
110 88
110 127
110 117
110 216
110 111
110 214
110 104
110 137
110 177
110 159
110 171
110 290
110 235
110 41
110 42
110 17
110 197
110 11
110 274
110 25
110 23
110 188
110 28
110 35
110 300
291 47
291 130
291 168
291 170
291 210
291 223
291 203
291 209
291 103
291 39
291 82
291 48
291 62
291 8
291 204
291 125
291 227
291 208
291 265
291 242
291 220
291 85
291 164
291 18
291 232
291 30
291 88
291 127
291 117
291 216
291 111
291 214
291 104
291 137
291 177
291 159
291 171
291 290
291 235
291 41
291 42
291 17
291 197
291 11
291 274
291 25
291 23
291 188
291 28
291 35
291 300
138 281
138 215
138 160
138 100
138 279
138 134
138 70
138 7
138 228
138 56
138 47
138 130
138 168
138 170
138 210
138 223
138 203
138 209
138 103
138 39
138 82
138 48
138 62
138 8
138 204
138 125
138 227
138 208
138 265
138 242
138 220
138 85
138 164
138 18
138 232
138 30
138 88
138 127
138 117
138 216
138 111
138 214
138 104
138 137
138 177
138 159
138 171
138 290
138 235
138 41
138 42
138 17
138 197
138 11
138 274
138 25
138 23
138 188
138 28
138 35
138 300
183 76
183 293
183 201
183 189
183 217
183 218
183 206
183 36
183 191
183 22
183 192
183 202
183 64
183 109
183 190
183 26
183 153
183 281
183 215
183 160
183 100
183 279
183 134
183 70
183 7
183 228
183 56
183 47
183 130
183 168
183 170
183 210
183 223
183 203
183 209
183 103
183 39
183 82
183 48
183 62
183 8
183 204
183 125
183 227
183 208
183 265
183 242
183 220
183 85
183 164
183 18
183 232
183 30
183 88
183 127
183 117
183 216
183 111
183 214
183 104
183 137
183 177
183 159
183 171
183 290
183 235
183 41
183 42
183 17
183 197
183 11
183 274
183 25
183 23
183 188
183 28
183 35
183 300
11 274
11 25
11 23
11 188
11 28
11 35
11 300
171 290
171 235
171 41
171 42
171 17
171 197
171 274
171 25
171 23
171 188
171 28
171 35
171 300
82 48
82 62
82 8
82 204
82 125
82 227
82 208
82 265
82 242
82 220
82 85
82 164
82 18
82 232
82 30
82 88
82 127
82 117
82 216
82 111
82 214
82 104
82 137
82 177
82 159
82 290
82 235
82 41
82 42
82 17
82 197
82 274
82 25
82 23
82 188
82 28
82 35
82 300
232 30
232 88
232 127
232 117
232 216
232 111
232 214
232 104
232 137
232 177
232 159
232 290
232 235
232 41
232 42
232 17
232 197
232 274
232 25
232 23
232 188
232 28
232 35
232 300
62 8
62 204
62 125
62 227
62 208
62 265
62 242
62 220
62 85
62 164
62 18
62 30
62 88
62 127
62 117
62 216
62 111
62 214
62 104
62 137
62 177
62 159
62 290
62 235
62 41
62 42
62 17
62 197
62 274
62 25
62 23
62 188
62 28
62 35
62 300
190 26
190 153
190 281
190 215
190 160
190 100
190 279
190 134
190 70
190 7
190 228
190 56
190 47
190 130
190 168
190 170
190 210
190 223
190 203
190 209
190 103
190 39
190 48
190 8
190 204
190 125
190 227
190 208
190 265
190 242
190 220
190 85
190 164
190 18
190 30
190 88
190 127
190 117
190 216
190 111
190 214
190 104
190 137
190 177
190 159
190 290
190 235
190 41
190 42
190 17
190 197
190 274
190 25
190 23
190 188
190 28
190 35
190 300
26 153
26 281
26 215
26 160
26 100
26 279
26 134
26 70
26 7
26 228
26 56
26 47
26 130
26 168
26 170
26 210
26 223
26 203
26 209
26 103
26 39
26 48
26 8
26 204
26 125
26 227
26 208
26 265
26 242
26 220
26 85
26 164
26 18
26 30
26 88
26 127
26 117
26 216
26 111
26 214
26 104
26 137
26 177
26 159
26 290
26 235
26 41
26 42
26 17
26 197
26 274
26 25
26 23
26 188
26 28
26 35
26 300
218 206
218 36
218 191
218 22
218 192
218 202
218 64
218 109
218 153
218 281
218 215
218 160
218 100
218 279
218 134
218 70
218 7
218 228
218 56
218 47
218 130
218 168
218 170
218 210
218 223
218 203
218 209
218 103
218 39
218 48
218 8
218 204
218 125
218 227
218 208
218 265
218 242
218 220
218 85
218 164
218 18
218 30
218 88
218 127
218 117
218 216
218 111
218 214
218 104
218 137
218 177
218 159
218 290
218 235
218 41
218 42
218 17
218 197
218 274
218 25
218 23
218 188
218 28
218 35
218 300
137 177
137 159
137 290
137 235
137 41
137 42
137 17
137 197
137 274
137 25
137 23
137 188
137 28
137 35
137 300
293 201
293 189
293 217
293 206
293 36
293 191
293 22
293 192
293 202
293 64
293 109
293 153
293 281
293 215
293 160
293 100
293 279
293 134
293 70
293 7
293 228
293 56
293 47
293 130
293 168
293 170
293 210
293 223
293 203
293 209
293 103
293 39
293 48
293 8
293 204
293 125
293 227
293 208
293 265
293 242
293 220
293 85
293 164
293 18
293 30
293 88
293 127
293 117
293 216
293 111
293 214
293 104
293 177
293 159
293 290
293 235
293 41
293 42
293 17
293 197
293 274
293 25
293 23
293 188
293 28
293 35
293 300
117 216
117 111
117 214
117 104
117 177
117 159
117 290
117 235
117 41
117 42
117 17
117 197
117 274
117 25
117 23
117 188
117 28
117 35
117 300
228 56
228 47
228 130
228 168
228 170
228 210
228 223
228 203
228 209
228 103
228 39
228 48
228 8
228 204
228 125
228 227
228 208
228 265
228 242
228 220
228 85
228 164
228 18
228 30
228 88
228 127
228 216
228 111
228 214
228 104
228 177
228 159
228 290
228 235
228 41
228 42
228 17
228 197
228 274
228 25
228 23
228 188
228 28
228 35
228 300
39 48
39 8
39 204
39 125
39 227
39 208
39 265
39 242
39 220
39 85
39 164
39 18
39 30
39 88
39 127
39 216
39 111
39 214
39 104
39 177
39 159
39 290
39 235
39 41
39 42
39 17
39 197
39 274
39 25
39 23
39 188
39 28
39 35
39 300
217 206
217 36
217 191
217 22
217 192
217 202
217 64
217 109
217 153
217 281
217 215
217 160
217 100
217 279
217 134
217 70
217 7
217 56
217 47
217 130
217 168
217 170
217 210
217 223
217 203
217 209
217 103
217 48
217 8
217 204
217 125
217 227
217 208
217 265
217 242
217 220
217 85
217 164
217 18
217 30
217 88
217 127
217 216
217 111
217 214
217 104
217 177
217 159
217 290
217 235
217 41
217 42
217 17
217 197
217 274
217 25
217 23
217 188
217 28
217 35
217 300
88 127
88 216
88 111
88 214
88 104
88 177
88 159
88 290
88 235
88 41
88 42
88 17
88 197
88 274
88 25
88 23
88 188
88 28
88 35
88 300
188 28
188 35
188 300
17 197
17 274
17 25
17 23
17 28
17 35
17 300
202 64
202 109
202 153
202 281
202 215
202 160
202 100
202 279
202 134
202 70
202 7
202 56
202 47
202 130
202 168
202 170
202 210
202 223
202 203
202 209
202 103
202 48
202 8
202 204
202 125
202 227
202 208
202 265
202 242
202 220
202 85
202 164
202 18
202 30
202 127
202 216
202 111
202 214
202 104
202 177
202 159
202 290
202 235
202 41
202 42
202 197
202 274
202 25
202 23
202 28
202 35
202 300
130 168
130 170
130 210
130 223
130 203
130 209
130 103
130 48
130 8
130 204
130 125
130 227
130 208
130 265
130 242
130 220
130 85
130 164
130 18
130 30
130 127
130 216
130 111
130 214
130 104
130 177
130 159
130 290
130 235
130 41
130 42
130 197
130 274
130 25
130 23
130 28
130 35
130 300
170 210
170 223
170 203
170 209
170 103
170 48
170 8
170 204
170 125
170 227
170 208
170 265
170 242
170 220
170 85
170 164
170 18
170 30
170 127
170 216
170 111
170 214
170 104
170 177
170 159
170 290
170 235
170 41
170 42
170 197
170 274
170 25
170 23
170 28
170 35
170 300
7 56
7 47
7 168
7 210
7 223
7 203
7 209
7 103
7 48
7 8
7 204
7 125
7 227
7 208
7 265
7 242
7 220
7 85
7 164
7 18
7 30
7 127
7 216
7 111
7 214
7 104
7 177
7 159
7 290
7 235
7 41
7 42
7 197
7 274
7 25
7 23
7 28
7 35
7 300
159 290
159 235
159 41
159 42
159 197
159 274
159 25
159 23
159 28
159 35
159 300
48 8
48 204
48 125
48 227
48 208
48 265
48 242
48 220
48 85
48 164
48 18
48 30
48 127
48 216
48 111
48 214
48 104
48 177
48 290
48 235
48 41
48 42
48 197
48 274
48 25
48 23
48 28
48 35
48 300
242 220
242 85
242 164
242 18
242 30
242 127
242 216
242 111
242 214
242 104
242 177
242 290
242 235
242 41
242 42
242 197
242 274
242 25
242 23
242 28
242 35
242 300
125 227
125 208
125 265
125 220
125 85
125 164
125 18
125 30
125 127
125 216
125 111
125 214
125 104
125 177
125 290
125 235
125 41
125 42
125 197
125 274
125 25
125 23
125 28
125 35
125 300
279 134
279 70
279 56
279 47
279 168
279 210
279 223
279 203
279 209
279 103
279 8
279 204
279 227
279 208
279 265
279 220
279 85
279 164
279 18
279 30
279 127
279 216
279 111
279 214
279 104
279 177
279 290
279 235
279 41
279 42
279 197
279 274
279 25
279 23
279 28
279 35
279 300
100 134
100 70
100 56
100 47
100 168
100 210
100 223
100 203
100 209
100 103
100 8
100 204
100 227
100 208
100 265
100 220
100 85
100 164
100 18
100 30
100 127
100 216
100 111
100 214
100 104
100 177
100 290
100 235
100 41
100 42
100 197
100 274
100 25
100 23
100 28
100 35
100 300
201 189
201 206
201 36
201 191
201 22
201 192
201 64
201 109
201 153
201 281
201 215
201 160
201 134
201 70
201 56
201 47
201 168
201 210
201 223
201 203
201 209
201 103
201 8
201 204
201 227
201 208
201 265
201 220
201 85
201 164
201 18
201 30
201 127
201 216
201 111
201 214
201 104
201 177
201 290
201 235
201 41
201 42
201 197
201 274
201 25
201 23
201 28
201 35
201 300
22 192
22 64
22 109
22 153
22 281
22 215
22 160
22 134
22 70
22 56
22 47
22 168
22 210
22 223
22 203
22 209
22 103
22 8
22 204
22 227
22 208
22 265
22 220
22 85
22 164
22 18
22 30
22 127
22 216
22 111
22 214
22 104
22 177
22 290
22 235
22 41
22 42
22 197
22 274
22 25
22 23
22 28
22 35
22 300
160 134
160 70
160 56
160 47
160 168
160 210
160 223
160 203
160 209
160 103
160 8
160 204
160 227
160 208
160 265
160 220
160 85
160 164
160 18
160 30
160 127
160 216
160 111
160 214
160 104
160 177
160 290
160 235
160 41
160 42
160 197
160 274
160 25
160 23
160 28
160 35
160 300
18 30
18 127
18 216
18 111
18 214
18 104
18 177
18 290
18 235
18 41
18 42
18 197
18 274
18 25
18 23
18 28
18 35
18 300
204 227
204 208
204 265
204 220
204 85
204 164
204 30
204 127
204 216
204 111
204 214
204 104
204 177
204 290
204 235
204 41
204 42
204 197
204 274
204 25
204 23
204 28
204 35
204 300
134 70
134 56
134 47
134 168
134 210
134 223
134 203
134 209
134 103
134 8
134 227
134 208
134 265
134 220
134 85
134 164
134 30
134 127
134 216
134 111
134 214
134 104
134 177
134 290
134 235
134 41
134 42
134 197
134 274
134 25
134 23
134 28
134 35
134 300
265 220
265 85
265 164
265 30
265 127
265 216
265 111
265 214
265 104
265 177
265 290
265 235
265 41
265 42
265 197
265 274
265 25
265 23
265 28
265 35
265 300
70 56
70 47
70 168
70 210
70 223
70 203
70 209
70 103
70 8
70 227
70 208
70 220
70 85
70 164
70 30
70 127
70 216
70 111
70 214
70 104
70 177
70 290
70 235
70 41
70 42
70 197
70 274
70 25
70 23
70 28
70 35
70 300
223 203
223 209
223 103
223 8
223 227
223 208
223 220
223 85
223 164
223 30
223 127
223 216
223 111
223 214
223 104
223 177
223 290
223 235
223 41
223 42
223 197
223 274
223 25
223 23
223 28
223 35
223 300
56 47
56 168
56 210
56 203
56 209
56 103
56 8
56 227
56 208
56 220
56 85
56 164
56 30
56 127
56 216
56 111
56 214
56 104
56 177
56 290
56 235
56 41
56 42
56 197
56 274
56 25
56 23
56 28
56 35
56 300
191 192
191 64
191 109
191 153
191 281
191 215
191 47
191 168
191 210
191 203
191 209
191 103
191 8
191 227
191 208
191 220
191 85
191 164
191 30
191 127
191 216
191 111
191 214
191 104
191 177
191 290
191 235
191 41
191 42
191 197
191 274
191 25
191 23
191 28
191 35
191 300
30 127
30 216
30 111
30 214
30 104
30 177
30 290
30 235
30 41
30 42
30 197
30 274
30 25
30 23
30 28
30 35
30 300
214 104
214 177
214 290
214 235
214 41
214 42
214 197
214 274
214 25
214 23
214 28
214 35
214 300
109 153
109 281
109 215
109 47
109 168
109 210
109 203
109 209
109 103
109 8
109 227
109 208
109 220
109 85
109 164
109 127
109 216
109 111
109 104
109 177
109 290
109 235
109 41
109 42
109 197
109 274
109 25
109 23
109 28
109 35
109 300
220 85
220 164
220 127
220 216
220 111
220 104
220 177
220 290
220 235
220 41
220 42
220 197
220 274
220 25
220 23
220 28
220 35
220 300
35 300
192 64
192 153
192 281
192 215
192 47
192 168
192 210
192 203
192 209
192 103
192 8
192 227
192 208
192 85
192 164
192 127
192 216
192 111
192 104
192 177
192 290
192 235
192 41
192 42
192 197
192 274
192 25
192 23
192 28
192 300
47 168
47 210
47 203
47 209
47 103
47 8
47 227
47 208
47 85
47 164
47 127
47 216
47 111
47 104
47 177
47 290
47 235
47 41
47 42
47 197
47 274
47 25
47 23
47 28
47 300
210 203
210 209
210 103
210 8
210 227
210 208
210 85
210 164
210 127
210 216
210 111
210 104
210 177
210 290
210 235
210 41
210 42
210 197
210 274
210 25
210 23
210 28
210 300
64 153
64 281
64 215
64 168
64 203
64 209
64 103
64 8
64 227
64 208
64 85
64 164
64 127
64 216
64 111
64 104
64 177
64 290
64 235
64 41
64 42
64 197
64 274
64 25
64 23
64 28
64 300
203 209
203 103
203 8
203 227
203 208
203 85
203 164
203 127
203 216
203 111
203 104
203 177
203 290
203 235
203 41
203 42
203 197
203 274
203 25
203 23
203 28
203 300
36 153
36 281
36 215
36 168
36 209
36 103
36 8
36 227
36 208
36 85
36 164
36 127
36 216
36 111
36 104
36 177
36 290
36 235
36 41
36 42
36 197
36 274
36 25
36 23
36 28
36 300
189 206
189 153
189 281
189 215
189 168
189 209
189 103
189 8
189 227
189 208
189 85
189 164
189 127
189 216
189 111
189 104
189 177
189 290
189 235
189 41
189 42
189 197
189 274
189 25
189 23
189 28
189 300
42 197
42 274
42 25
42 23
42 28
42 300
227 208
227 85
227 164
227 127
227 216
227 111
227 104
227 177
227 290
227 235
227 41
227 197
227 274
227 25
227 23
227 28
227 300
103 8
103 208
103 85
103 164
103 127
103 216
103 111
103 104
103 177
103 290
103 235
103 41
103 197
103 274
103 25
103 23
103 28
103 300
208 85
208 164
208 127
208 216
208 111
208 104
208 177
208 290
208 235
208 41
208 197
208 274
208 25
208 23
208 28
208 300
28 300
177 290
177 235
177 41
177 197
177 274
177 25
177 23
177 300
41 197
41 274
41 25
41 23
41 300
215 168
215 209
215 8
215 85
215 164
215 127
215 216
215 111
215 104
215 290
215 235
215 197
215 274
215 25
215 23
215 300
76 206
76 153
76 281
76 168
76 209
76 8
76 85
76 164
76 127
76 216
76 111
76 104
76 290
76 235
76 197
76 274
76 25
76 23
76 300
164 127
164 216
164 111
164 104
164 290
164 235
164 197
164 274
164 25
164 23
164 300
8 85
8 127
8 216
8 111
8 104
8 290
8 235
8 197
8 274
8 25
8 23
8 300
168 209
168 85
168 127
168 216
168 111
168 104
168 290
168 235
168 197
168 274
168 25
168 23
168 300
111 104
111 290
111 235
111 197
111 274
111 25
111 23
111 300
206 153
206 281
206 209
206 85
206 127
206 216
206 104
206 290
206 235
206 197
206 274
206 25
206 23
206 300
23 300
216 104
216 290
216 235
216 197
216 274
216 25
216 300
153 281
153 209
153 85
153 127
153 104
153 290
153 235
153 197
153 274
153 25
153 300
143 120
143 281
143 209
143 85
143 127
143 104
143 290
143 235
143 197
143 274
143 25
290 235
290 197
290 274
290 25
104 235
104 197
104 274
104 25
281 209
281 85
281 127
281 235
281 197
281 274
281 25
120 209
120 85
120 127
120 235
120 197
120 274
120 25
209 85
209 127
209 235
209 197
209 274
209 25
197 274
85 127
85 235
85 274
127 235
