1 1000
31622
1 1
5 1
8 1
20 1
16 1
44 1
30 1
37 1
92 1
56 1
68 1
156 1
182 1
105 1
241 1
138 1
155 1
171 1
192 1
210 1
233 1
506 1
552 1
601 1
327 1
703 1
378 1
812 1
436 1
466 1
496 1
1058 1
563 1
595 1
631 1
668 1
703 1
741 1
1561 1
821 1
1722 1
905 1
1892 1
991 1
1035 1
2162 1
2257 1
2353 1
2450 1
2551 1
2653 1
1378 1
2863 1
1486 1
1540 1
1596 1
1654 1
1711 1
1772 1
3661 1
1893 1
1954 1
2016 1
2082 1
2145 1
4422 1
2279 1
2347 1
4832 1
4971 1
5114 1
5257 1
2703 1
2777 1
5700 1
5852 1
6008 1
6164 1
6320 1
3242 1
6642 1
3403 1
6973 1
3570 1
7311 1
7483 1
7657 1
7832 1
4007 1
8191 1
8372 1
8556 1
8743 1
8932 1
9120 1
9313 1
9508 1
9703 1
9901 1
5050 1
5152 1
5253 1
5357 1
10921 1
11131 1
11342 1
11558 1
5887 1
5995 1
6106 1
12432 1
12657 1
12884 1
6557 1
13340 1
6787 1
6903 1
7023 1
14280 1
14520 1
14764 1
15008 1
15253 1
15502 1
15751 1
16003 1
8130 1
16512 1
16772 1
17030 1
17292 1
17556 1
8911 1
18091 1
18362 1
9318 1
18908 1
19184 1
9730 1
19742 1
20022 1
20308 1
20594 1
10441 1
21172 1
10732 1
10878 1
22053 1
22352 1
22651 1
11476 1
11630 1
23563 1
23870 1
12091 1
12248 1
12405 1
25122 1
25440 1
25760 1
13042 1
26407 1
13366 1
13530 1
13695 1
13861 1
14029 1
14196 1
28732 1
29071 1
14706 1
14880 1
15052 1
30451 1
15400 1
15577 1
15754 1
15932 1
32222 1
32580 1
16473 1
16655 1
16836 1
17020 1
34412 1
34783 1
17580 1
35532 1
17956 1
18146 1
18337 1
18529 1
37443 1
18915 1
19111 1
19307 1
39006 1
19701 1
39800 1
20100 1
20302 1
41008 1
41412 1
41822 1
42231 1
42643 1
21529 1
21737 1
21947 1
22157 1
22368 1
45156 1
22791 1
23005 1
46440 1
23438 1
47306 1
23871 1
24090 1
48620 1
24533 1
24754 1
24978 1
50401 1
50850 1
51302 1
51757 1
26107 1
26335 1
26566 1
53594 1
54058 1
27262 1
27497 1
55462 1
55933 1
28204 1
56884 1
28680 1
57840 1
58322 1
58807 1
59293 1
59781 1
30136 1
30381 1
30629 1
61754 1
62252 1
62751 1
63253 1
63756 1
32131 1
64771 1
65282 1
65794 1
33154 1
66824 1
33670 1
33931 1
34191 1
34454 1
34717 1
69961 1
35246 1
35512 1
35780 1
36047 1
72632 1
36587 1
73713 1
37129 1
37401 1
75352 1
37952 1
76452 1
77007 1
77562 1
39062 1
39342 1
39621 1
39905 1
80374 1
80942 1
40755 1
82083 1
82657 1
41617 1
41907 1
84392 1
84973 1
42779 1
43073 1
86731 1
87322 1
87913 1
88508 1
89103 1
89702 1
90302 1
45451 1
45754 1
92114 1
92720 1
93332 1
93944 1
94556 1
95173 1
95792 1
96411 1
97033 1
97658 1
49142 1
49456 1
49771 1
50086 1
50405 1
101442 1
102081 1
51361 1
51681 1
104007 1
52326 1
52650 1
105950 1
53302 1
107258 1
107913 1
108570 1
109232 1
54947 1
55278 1
55611 1
111891 1
112562 1
56616 1
56953 1
114583 1
57632 1
57972 1
58312 1
117306 1
117993 1
59342 1
119371 1
60033 1
60380 1
60726 1
61077 1
61426 1
123552 1
124256 1
62481 1
62836 1
63190 1
63548 1
63904 1
128523 1
64621 1
64982 1
130682 1
65705 1
66066 1
132860 1
66795 1
134323 1
67530 1
135794 1
68267 1
68637 1
69007 1
138756 1
69751 1
70126 1
141002 1
70878 1
71254 1
71633 1
72011 1
144781 1
145544 1
73155 1
73536 1
73922 1
74305 1
149383 1
150158 1
150933 1
75855 1
76245 1
153272 1
77030 1
77423 1
77816 1
156422 1
78608 1
158006 1
158803 1
159602 1
80201 1
161202 1
81005 1
81406 1
81811 1
82215 1
165242 1
83028 1
83436 1
167690 1
168511 1
84667 1
85078 1
170983 1
171810 1
86322 1
86736 1
87153 1
87572 1
175982 1
176820 1
88831 1
89254 1
179354 1
180202 1
90525 1
181902 1
91379 1
91807 1
184470 1
92665 1
93098 1
187056 1
93962 1
188791 1
189660 1
190532 1
191407 1
96142 1
193162 1
194040 1
97463 1
195808 1
98347 1
197581 1
99235 1
199364 1
100130 1
100578 1
101025 1
101477 1
203854 1
102380 1
205662 1
206570 1
103741 1
208394 1
209308 1
105111 1
211141 1
106030 1
212984 1
213908 1
107418 1
215760 1
216692 1
217623 1
218556 1
109746 1
220431 1
221370 1
222313 1
111629 1
112103 1
112576 1
113051 1
113527 1
114004 1
228962 1
114961 1
230881 1
231843 1
232807 1
233774 1
117371 1
235710 1
236683 1
118828 1
119317 1
239611 1
240592 1
120788 1
242557 1
121771 1
122266 1
245522 1
123256 1
123755 1
124253 1
249500 1
250500 1
251504 1
126254 1
253513 1
254522 1
127767 1
128272 1
257558 1
258573 1
129797 1
260612 1
261632 1
131328 1
263682 1
264712 1
132872 1
133386 1
267807 1
134423 1
134942 1
135462 1
135983 1
136505 1
137028 1
275100 1
276151 1
277204 1
278257 1
279314 1
280372 1
140716 1
282493 1
283556 1
284623 1
285692 1
286762 1
287832 1
144453 1
289984 1
145530 1
292140 1
146611 1
147154 1
147696 1
148240 1
148785 1
149332 1
299757 1
150427 1
150975 1
151526 1
152078 1
305257 1
306363 1
307471 1
308580 1
309692 1
310806 1
311923 1
156520 1
157080 1
315283 1
316406 1
317533 1
318660 1
319791 1
160461 1
322058 1
323193 1
162165 1
162735 1
163307 1
327756 1
328903 1
165027 1
165601 1
332352 1
166755 1
334663 1
335821 1
336980 1
169072 1
169654 1
170236 1
341641 1
342810 1
171991 1
172578 1
173166 1
347510 1
174345 1
349872 1
351056 1
352243 1
353431 1
354622 1
355812 1
178505 1
358203 1
359400 1
180301 1
180901 1
181504 1
182108 1
365422 1
183317 1
183922 1
184529 1
185138 1
371490 1
186356 1
373932 1
375156 1
188193 1
377612 1
189420 1
380073 1
190653 1
382542 1
383782 1
385021 1
386262 1
387507 1
388752 1
390000 1
391250 1
392504 1
196878 1
395013 1
396270 1
198766 1
398794 1
200028 1
401324 1
201296 1
201930 1
202567 1
406407 1
203842 1
204480 1
410240 1
205763 1
206404 1
207046 1
207691 1
208336 1
417963 1
419257 1
210278 1
210927 1
211575 1
424452 1
425758 1
213533 1
214185 1
214842 1
215498 1
216153 1
433624 1
434942 1
218132 1
218791 1
438906 1
220117 1
220782 1
442892 1
444222 1
222779 1
223448 1
224116 1
224787 1
225458 1
452256 1
226803 1
227476 1
228152 1
228828 1
459007 1
460362 1
230862 1
463080 1
232222 1
232904 1
467174 1
468540 1
234956 1
235641 1
236328 1
474034 1
237705 1
238397 1
478173 1
239779 1
240471 1
241167 1
241861 1
485113 1
243254 1
487903 1
489300 1
245352 1
492103 1
246753 1
494914 1
248160 1
497732 1
499142 1
500557 1
250988 1
251697 1
504810 1
506233 1
507656 1
509082 1
510512 1
255970 1
256686 1
257404 1
516243 1
517680 1
519122 1
260283 1
261003 1
523454 1
262451 1
263176 1
263902 1
529257 1
530713 1
532172 1
533631 1
267546 1
268278 1
538024 1
269747 1
540961 1
542432 1
271954 1
272692 1
546860 1
274171 1
549823 1
275655 1
276397 1
554282 1
555771 1
557264 1
279378 1
280128 1
561750 1
281625 1
564753 1
283129 1
567762 1
284637 1
570782 1
286147 1
573806 1
575323 1
288421 1
289181 1
579883 1
581408 1
291467 1
584461 1
292995 1
587522 1
294529 1
590594 1
296067 1
593672 1
595214 1
596757 1
598302 1
599851 1
300700 1
602952 1
302254 1
303032 1
303810 1
304591 1
610743 1
612308 1
613873 1
307721 1
308507 1
618583 1
620158 1
621732 1
311657 1
624891 1
626474 1
628057 1
314821 1
315615 1
632821 1
634414 1
636007 1
318803 1
639202 1
640801 1
642402 1
322004 1
322808 1
647221 1
324416 1
650443 1
652058 1
653672 1
327647 1
328457 1
329267 1
330078 1
661782 1
331705 1
665040 1
666673 1
334155 1
334973 1
335792 1
673220 1
674862 1
338253 1
678153 1
339900 1
340726 1
341551 1
684756 1
343208 1
688072 1
689731 1
345697 1
346529 1
694724 1
696390 1
349030 1
699733 1
701406 1
351542 1
352381 1
706441 1
354063 1
354905 1
355747 1
356591 1
714872 1
358283 1
718256 1
719952 1
360827 1
361675 1
362527 1
363380 1
728464 1
365086 1
365942 1
366796 1
735307 1
737022 1
738742 1
370230 1
371093 1
371954 1
745633 1
747362 1
749091 1
750823 1
376279 1
377148 1
378015 1
757772 1
379757 1
761257 1
381503 1
382376 1
383251 1
384126 1
770006 1
771764 1
773521 1
775281 1
777042 1
389403 1
780574 1
782341 1
784111 1
392942 1
393830 1
394718 1
395607 1
396496 1
794774 1
796557 1
399171 1
400067 1
801920 1
803713 1
402755 1
807302 1
809102 1
810902 1
812703 1
814506 1
408156 1
409061 1
819932 1
410873 1
823556 1
825374 1
413595 1
829010 1
830834 1
832658 1
834482 1
418155 1
838141 1
419987 1
841807 1
421822 1
845481 1
423660 1
424583 1
851007 1
852853 1
854702 1
428277 1
429202 1
430129 1
431058 1
863972 1
432916 1
867694 1
434780 1
871422 1
436646 1
437581 1
877034 1
878908 1
880783 1
882660 1
884542 1
443212 1
888306 1
445097 1
446042 1
893970 1
895864 1
448878 1
449826 1
450777 1
451726 1
452678 1
907257 1
909163 1
455535 1
456491 1
457446 1
458404 1
459361 1
460321 1
461282 1
924483 1
463204 1
464168 1
465130 1
932192 1
934124 1
468030 1
937992 1
469966 1
941871 1
471908 1
472878 1
473852 1
474825 1
475800 1
476776 1
955507 1
957464 1
959420 1
961381 1
963342 1
965308 1
967273 1
484620 1
485607 1
973184 1
975158 1
977133 1
489556 1
981091 1
491537 1
985056 1
987044 1
989032 1
991022 1
496506 1
995007 1
498502 1
499501 1
1001002 1
1003002 1
1005007 1
503507 1
1009021 1
1011031 1
1013043 1
1015058 1
1017074 1
509546 1
1021110 1
511566 1
1025156 1
513592 1
1029211 1
1031242 1
516638 1
1035306 1
1037342 1
1039382 1
520710 1
521732 1
1045507 1
1047552 1
524802 1
525827 1
526853 1
1055758 1
1057814 1
529935 1
1061931 1
531998 1
533029 1
1068122 1
1070190 1
536130 1
1074332 1
1076408 1
539242 1
1080560 1
541321 1
1084722 1
1086808 1
1088892 1
1090982 1
1093072 1
1095162 1
548628 1
549678 1
550727 1
551775 1
552827 1
1107757 1
1109862 1
555987 1
1114081 1
558097 1
559154 1
560213 1
1122540 1
1124662 1
1126784 1
1128907 1
1131032 1
1133162 1
1135291 1
1137424 1
569779 1
570847 1
571916 1
572986 1
1148114 1
1150257 1
1152404 1
1154551 1
1156702 1
579427 1
1161008 1
581581 1
1165320 1
1167482 1
1169643 1
1171807 1
586986 1
1176141 1
589156 1
1180482 1
1182657 1
1184834 1
1187012 1
1189192 1
1191372 1
596780 1
1195742 1
1197931 1
1200120 1
601158 1
602254 1
603353 1
1208901 1
605551 1
606652 1
607755 1
1217713 1
609960 1
1222130 1
1224343 1
613279 1
1228773 1
1230991 1
616605 1
1235434 1
1237658 1
1239882 1
1242112 1
622171 1
1246572 1
1248807 1
625523 1
626641 1
627762 1
628883 1
630004 1
1262254 1
632252 1
633377 1
1269002 1
1271257 1
636758 1
637887 1
1278032 1
640148 1
1282557 1
642411 1
1287090 1
1289360 1
645816 1
646953 1
1296184 1
649232 1
650372 1
651511 1
652653 1
653797 1
1309880 1
1312171 1
1314462 1
658378 1
1319054 1
1321352 1
1323650 1
1325954 1
1328256 1
665281 1
666435 1
1335182 1
1337492 1
1339806 1
1342123 1
672220 1
1346761 1
1349083 1
1351406 1
1353733 1
1356061 1
1358391 1
1360722 1
1363056 1
1365393 1
1367730 1
685037 1
1372413 1
687380 1
1377104 1
1379452 1
690901 1
692078 1
1386508 1
1388864 1
1391221 1
696790 1
697973 1
1398308 1
1400674 1
1403040 1
702705 1
703891 1
705080 1
1412532 1
707455 1
708645 1
709837 1
711030 1
1424443 1
713415 1
714611 1
715807 1
717005 1
718201 1
1438801 1
1441200 1
721801 1
723003 1
724208 1
1450820 1
726616 1
727822 1
729030 1
730236 1
731446 1
1465311 1
733867 1
1470158 1
1472584 1
737507 1
738721 1
739936 1
741153 1
1484743 1
1487180 1
744810 1
746032 1
1494507 1
1496954 1
749702 1
1501852 1
1504304 1
753378 1
754607 1
1511670 1
757066 1
1516594 1
1519058 1
1521524 1
761996 1
763231 1
764468 1
765705 1
766942 1
768181 1
1538841 1
770662 1
1543806 1
773146 1
774390 1
1551272 1
1553763 1
778128 1
1558754 1
1561252 1
781877 1
1566252 1
784380 1
1571263 1
786887 1
788142 1
1578793 1
1581307 1
1583824 1
793172 1
1588861 1
1591382 1
796953 1
798217 1
1598962 1
1601490 1
1604023 1
1606556 1
804546 1
1611632 1
807085 1
1616714 1
1619258 1
1621804 1
812175 1
1626901 1
814727 1
816003 1
1634564 1
818562 1
1639680 1
1642244 1
822404 1
1647374 1
1649941 1
826255 1
827542 1
828829 1
1660232 1
831406 1
1665392 1
833986 1
1670556 1
1673143 1
837866 1
839161 1
1680914 1
841754 1
843053 1
1688700 1
845652 1
846952 1
848253 1
1699113 1
850860 1
852166 1
1706944 1
1709558 1
856086 1
857396 1
858707 1
860016 1
1722656 1
862642 1
1727910 1
865270 1
1733173 1
1735806 1
869221 1
870542 1
1743721 1
873182 1
1749007 1
875826 1
1754300 1
1756950 1
1759602 1
1762258 1
1764914 1
1767572 1
1770231 1
1772893 1
1775557 1
889112 1
1780891 1
891781 1
1786232 1
1788906 1
1791584 1
897132 1
898472 1
1799624 1
1802308 1
902497 1
1807681 1
1810372 1
1813064 1
907879 1
1818453 1
910577 1
911927 1
1826553 1
914628 1
1831964 1
1834670 1
918691 1
920047 1
921404 1
1845522 1
924122 1
925480 1
926843 1
928203 1
929568 1
930930 1
932297 1
933663 1
1870056 1
936396 1
937765 1
1878272 1
940506 1
941879 1
943253 1
944627 1
1892002 1
947378 1
948753 1
1900262 1
1903020 1
1905780 1
1908544 1
955654 1
1914074 1
958421 1
1919611 1
961192 1
962578 1
1927933 1
1930712 1
966746 1
1936272 1
969528 1
970923 1
1944631 1
973711 1
975107 1
976505 1
977903 1
979301 1
1961400 1
982101 1
1967007 1
1969814 1
1972620 1
987716 1
1978242 1
990529 1
1983872 1
1986691 1
994757 1
1992334 1
997580 1
998991 1
2000810 1
2003640 1
2006472 1
1004654 1
1006072 1
2014981 1
1008912 1
1010333 1
2023506 1
2026353 1
2029201 1
1016025 1
1017453 1
1018880 1
1020308 1
1021736 1
1023167 1
2049193 1
1026030 1
2054922 1
1028896 1
2060661 1
2063534 1
2066406 1
1034641 1
1036081 1
1037520 1
1038962 1
1040403 1
2083694 1
1043290 1
2089472 1
1046182 1
1047630 1
2098153 1
2101052 1
1051975 1
2106853 1
1054880 1
1056331 1
1057787 1
2118480 1
2121392 1
2124308 1
1063611 1
2130141 1
1066531 1
1067993 1
2138908 1
1070916 1
2144760 1
2147692 1
1075311 1
1076780 1
2156492 1
1079715 1
2162371 1
1082656 1
1084130 1
2171202 1
1087076 1
1088550 1
2180052 1
2183007 1
1092982 1
1094460 1
2191881 1
2194844 1
2197806 1
1100388 1
1101871 1
1103357 1
1104843 1
1106329 1
1107818 1
1109307 1
2221592 1
2224572 1
2227556 1
2230544 1
1116766 1
2236521 1
1119758 1
1121255 1
1122752 1
1124252 1
1125752 1
2254504 1
1128755 1
2260513 1
2263522 1
1133265 1
1134772 1
1136279 1
2275573 1
2278590 1
2281612 1
1142316 1
1143828 1
1145341 1
1146856 1
1148372 1
2299774 1
1151404 1
2305844 1
1154441 1
2311922 1
2314964 1
2318008 1
2321054 1
1162051 1
1163576 1
2330202 1
2333257 1
2336313 1
1169685 1
1171217 1
2345493 1
1174279 1
2351622 1
2354692 1
1178880 1
2360832 1
2363906 1
2366983 1
1185030 1
1186572 1
1188113 1
2379306 1
1191197 1
1192740 1
1194285 1
1195831 1
1197379 1
2397853 1
2400952 1
1202025 1
1203578 1
1205130 1
2413362 1
1208235 1
2419582 1
1211348 1
2425806 1
2428923 1
1216020 1
1217580 1
1219141 1
1220703 1
2444534 1
1223832 1
2450791 1
2453922 1
2457058 1
1230096 1
2463332 1
2466472 1
2469614 1
2472758 1
2475902 1
1239527 1
2482200 1
1242678 1
2488507 1
2491663 1
1247410 1
1248992 1
2501143 1
2504307 1
1253738 1
2510641 1
1256906 1
2516983 1
1260080 1
2523334 1
2526512 1
2529691 1
1266436 1
2536057 1
2539242 1
2542431 1
1272810 1
1274406 1
2552007 1
2555203 1
2558400 1
1280800 1
1282403 1
1284003 1
1285607 1
2574420 1
2577631 1
1290422 1
2584057 1
1293636 1
2590492 1
2593712 1
2596934 1
1300078 1
1301691 1
1303307 1
1304922 1
1306538 1
1308155 1
2619543 1
1311392 1
1313012 1
1314633 1
2632506 1
1317877 1
1319500 1
1321125 1
2645504 1
2648756 1
1326007 1
1327635 1
1329265 1
2661793 1
1332528 1
1334161 1
2671590 1
1337432 1
2678133 1
2681407 1
1342341 1
1343982 1
1345622 1
1347263 1
2697806 1
2701094 1
1352191 1
1353835 1
1355482 1
2714258 1
1358777 1
1360425 1
2724151 1
1363728 1
2730756 1
1367032 1
1368687 1
2740682 1
2743994 1
1373654 1
1375312 1
1376972 1
1378631 1
2760582 1
2763906 1
1383618 1
1385280 1
2773891 1
2777224 1
2780558 1
2783894 1
1393615 1
2790571 1
2793912 1
1398630 1
2800603 1
1401975 1
2807302 1
1405326 1
1407005 1
2817363 1
1410361 1
1412040 1
1413721 1
1415403 1
1417088 1
2837541 1
2840912 1
1422141 1
1423830 1
2851033 1
1427206 1
2857791 1
1430586 1
1432278 1
2867944 1
2871330 1
1437360 1
1439057 1
2881507 1
1442451 1
2888300 1
1445850 1
1447552 1
2898508 1
2901914 1
2905321 1
1454367 1
1456071 1
2915557 1
2918973 1
1461197 1
2925810 1
2929234 1
2932657 1
2936083 1
1469757 1
1471471 1
1473187 1
2949807 1
2953242 1
1478340 1
1480062 1
2963563 1
1483504 1
1485228 1
2973902 1
2977350 1
2980802 1
2984258 1
2987713 1
1495586 1
2994631 1
1499048 1
1500780 1
1502511 1
3008490 1
1505981 1
3015434 1
3018906 1
3022384 1
3025862 1
1514670 1
3032824 1
3036306 1
3039793 1
1521641 1
3046771 1
3050263 1
3053758 1
1528627 1
1530377 1
1532127 1
3067754 1
3071256 1
1537383 1
1539136 1
1540892 1
3085294 1
3088806 1
3092322 1
3095840 1
3099360 1
3102882 1
1553203 1
1554968 1
3113462 1
1558496 1
1560262 1
1562029 1
3127594 1
3131130 1
1567336 1
1569108 1
1570880 1
3145303 1
3148851 1
3152400 1
1577976 1
1579755 1
1581531 1
3166620 1
1585090 1
3173742 1
1588655 1
1590437 1
1592220 1
1594005 1
1595792 1
3195158 1
3198733 1
1601157 1
1602947 1
1604738 1
3213056 1
3216644 1
3220231 1
3223821 1
3227413 1
1615505 1
1617301 1
3238201 1
3241802 1
1622701 1
1624505 1
3252612 1
1628111 1
3259830 1
1631722 1
1633530 1
1635337 1
3274291 1
3277910 1
3281532 1
1642580 1
3288782 1
3292411 1
1648020 1
1649836 1
3303306 1
3306944 1
1655292 1
1657112 1
3317864 1
1660755 1
3325154 1
1664402 1
1666227 1
1668051 1
3339758 1
3343414 1
3347071 1
1675365 1
3354392 1
1679030 1
1680861 1
3365392 1
3369060 1
1686367 1
3376406 1
1690043 1
3383760 1
3387442 1
1695563 1
1697403 1
3398493 1
1701090 1
1702937 1
3409564 1
1706630 1
3416954 1
1710326 1
3424350 1
1714026 1
1715878 1
1717731 1
3439172 1
3442880 1
3446594 1
3450307 1
3454024 1
3457742 1
3461460 1
3465182 1
1734454 1
3472632 1
1738181 1
3480091 1
3483824 1
1743778 1
3491292 1
1747515 1
1749385 1
3502512 1
1753129 1
1755003 1
3513752 1
3517502 1
3521252 1
1762504 1
1764382 1
3532521 1
1768142 1
3540042 1
3543808 1
1773786 1
3551340 1
1777557 1
3558884 1
1781328 1
1783216 1
1785107 1
1786997 1
3577774 1
3581556 1
1792671 1
1794565 1
1796462 1
1798356 1
1800255 1
3604302 1
3608100 1
3611902 1
1807853 1
1809753 1
1811656 1
1813560 1
1815467 1
1817373 1
1819280 1
3642373 1
3646192 1
3650010 1
1826918 1
3657657 1
3661483 1
3665311 1
1834572 1
3672972 1
3676807 1
1840323 1
3684482 1
3688322 1
1846083 1
1848005 1
1849926 1
1851850 1
1853776 1
3711402 1
1857628 1
1859558 1
1861485 1
1863416 1
1865347 1
1867278 1
1869211 1
1871145 1
1873081 1
1875016 1
3753908 1
1878891 1
1880830 1
3765542 1
1884713 1
1886655 1
3777194 1
3781081 1
1892486 1
1894433 1
3792758 1
1898327 1
3800551 1
3804451 1
1904177 1
1906129 1
3816164 1
1910036 1
3823981 1
3827892 1
3831806 1
1917862 1
3839640 1
1921782 1
3847483 1
3851406 1
1927667 1
3859261 1
1931597 1
3867123 1
1935530 1
3874993 1
3878931 1
1941435 1
1943406 1
3890756 1
3894704 1
1949325 1
3902602 1
3906553 1
1955253 1
3914463 1
3918420 1
1961191 1
1963171 1
1965155 1
3934274 1
1969122 1
3942211 1
1973093 1
1975079 1
1977066 1
1979055 1
3962092 1
1983037 1
3970058 1
3974042 1
1989017 1
1991010 1
3986013 1
3990007 1
3994003 1
3998001 1
2001000 1
4006002 1
4010006 1
2007006 1
2009011 1
2011016 1
4026044 1
4030057 1
4034072 1
4038091 1
2021056 1
4046133 1
4050156 1
2027091 1
4058212 1
2031121 1
2033138 1
4070307 1
4074342 1
2039190 1
4082421 1
2043231 1
4090506 1
4094554 1
2049302 1
4102650 1
4106702 1
4110758 1
4114814 1
2059435 1
4122932 1
2063496 1
2065529 1
4135122 1
2069595 1
2071631 1
2073667 1
4151407 1
4155483 1
4159562 1
4163640 1
4167723 1
2085903 1
2087946 1
4179981 1
2092035 1
4188163 1
2096129 1
4196352 1
4200452 1
4204550 1
4208654 1
2106378 1
4216863 1
4220971 1
4225082 1
4229194 1
4233307 1
2118713 1
4241542 1
2122830 1
2124893 1
2126955 1
4258034 1
4262162 1
4266291 1
2135212 1
4274558 1
2139348 1
4282832 1
2143487 1
2145556 1
2147630 1
2149703 1
4303552 1
2153850 1
4311853 1
2158003 1
2160081 1
2162160 1
4328481 1
4332642 1
4336808 1
2170488 1
2172570 1
4349310 1
2176741 1
4357656 1
2180916 1
2183007 1
4370192 1
2187187 1
4378557 1
2191372 1
2193467 1
2195561 1
2197656 1
2199754 1
4403704 1
2203950 1
2206052 1
2208151 1
2210255 1
4424714 1
4428922 1
2216567 1
2218671 1
2220778 1
4445772 1
2224997 1
4454210 1
2229218 1
2231328 1
2233442 1
4471112 1
2237672 1
2239787 1
2241903 1
2244021 1
2246140 1
4496522 1
4500763 1
4505006 1
2254626 1
2256751 1
2258877 1
2261003 1
2263128 1
2265258 1
4534770 1
2269516 1
4543293 1
4547557 1
2275913 1
2278047 1
2280180 1
4564633 1
2284455 1
4573182 1
2288732 1
4581742 1
2293013 1
2295153 1
4594592 1
4598880 1
4603172 1
4607464 1
2305878 1
2308027 1
4620350 1
4624650 1
2314478 1
2316629 1
4637563 1
4641871 1
4646181 1
2325246 1
4654808 1
2329561 1
4663442 1
4667761 1
2336041 1
4676407 1
4680733 1
2342531 1
4689392 1
2346862 1
2349029 1
4702393 1
4706732 1
2355537 1
4715412 1
4719757 1
2362052 1
4728450 1
4732800 1
2368577 1
4741506 1
2372932 1
2375111 1
2377292 1
2379473 1
2381654 1
4767673 1
2386021 1
2388206 1
4780782 1
4785156 1
2394767 1
4793910 1
2399146 1
2401338 1
2403528 1
4811442 1
4815831 1
2410112 1
2412307 1
2414503 1
4833402 1
2418900 1
4842202 1
4846602 1
4851007 1
2427707 1
2429910 1
2432115 1
4868642 1
4873058 1
2438738 1
2440945 1
2443157 1
2445368 1
2447580 1
4899584 1
2452006 1
4908442 1
4912873 1
2458653 1
4921743 1
2463091 1
4930621 1
4935064 1
4939508 1
4943954 1
2474200 1
2476426 1
2478651 1
4961757 1
4966212 1
2485336 1
4975131 1
4979592 1
4984057 1
2494263 1
4992990 1
2498730 1
2500966 1
5006407 1
5010882 1
2507680 1
5019841 1
5024323 1
5028808 1
5033292 1
5037780 1
5042272 1
5046763 1
2525630 1
2527877 1
2530127 1
2532376 1
5069253 1
5073756 1
2539133 1
5082770 1
2543640 1
2545896 1
5096307 1
5100824 1
5105341 1
2554931 1
2557191 1
2559455 1
5123432 1
5127961 1
5132490 1
5137024 1
5141558 1
5146094 1
2575317 1
2577586 1
2579857 1
5164258 1
2584401 1
5173352 1
5177901 1
2591228 1
2593505 1
5191564 1
2598060 1
5200680 1
5205244 1
2604905 1
2607187 1
2609470 1
2611757 1
2614041 1
5232658 1
5237234 1
5241812 1
5246392 1
2625487 1
5255558 1
5260142 1
2632365 1
2634660 1
2636956 1
5278506 1
2641551 1
5287702 1
5292300 1
2648452 1
5301506 1
2653056 1
5310721 1
5315332 1
5319944 1
5324556 1
2664586 1
2666896 1
5338412 1
2671518 1
2673828 1
5352282 1
5356911 1
5361540 1
5366173 1
5370807 1
2687721 1
5380082 1
5384722 1
2694681 1
5394008 1
5398654 1
5403300 1
2703977 1
2706303 1
5417256 1
2710957 1
2713287 1
5431231 1
2717947 1
2720279 1
2722612 1
2724945 1
2727281 1
2729618 1
2731955 1
5468582 1
5473262 1
5477942 1
2741312 1
5487306 1
2745998 1
2748340 1
5501370 1
2753031 1
5510757 1
5515452 1
2760075 1
2762425 1
5529553 1
5534256 1
2769481 1
2771836 1
5548381 1
5553094 1
5557808 1
2781262 1
2783621 1
5571961 1
2788341 1
5581407 1
5586132 1
2795432 1
5595591 1
2800163 1
5605058 1
2804898 1
5614530 1
5619270 1
2812008 1
2814379 1
5633503 1
5638252 1
2821501 1
2823878 1
2826254 1
2828631 1
2831011 1
2833390 1
2835773 1
5676308 1
5681072 1
2842921 1
2845306 1
5695382 1
2850079 1
2852468 1
2854855 1
2857246 1
5719274 1
5724057 1
5728843 1
2866816 1
2869212 1
2871607 1
5748007 1
5752804 1
5757600 1
2881202 1
5767203 1
2886003 1
2888407 1
2890810 1
5786430 1
2895621 1
5796058 1
2900438 1
2902847 1
5810512 1
2907668 1
2910079 1
5824982 1
5829812 1
5834642 1
2919738 1
5844307 1
5849142 1
2926990 1
2929411 1
2931832 1
2934255 1
2936677 1
5878200 1
2941527 1
5887902 1
2946378 1
2948806 1
2951235 1
5907331 1
2956096 1
5917057 1
5921923 1
5926791 1
5931662 1
5936532 1
5941407 1
2973142 1
2975581 1
2978020 1
2980463 1
2982905 1
5970692 1
2987790 1
5980472 1
2992683 1
2995129 1
2997578 1
3000025 1
6004950 1
3004926 1
6014758 1
3009832 1
6024571 1
6029482 1
3017196 1
6039308 1
6044224 1
3024572 1
6054061 1
6058982 1
6063908 1
6068832 1
6073762 1
3039347 1
3041813 1
3044279 1
6093494 1
6098430 1
6103370 1
3054158 1
6113257 1
6118204 1
3061576 1
6128102 1
6133054 1
3069003 1
6142962 1
6147922 1
6152880 1
6157843 1
3081404 1
3083886 1
3086372 1
3088856 1
6182683 1
3093829 1
6192634 1
6197611 1
3101295 1
6207573 1
6212557 1
3108772 1
3111265 1
6227521 1
3116258 1
3118754 1
6242504 1
3123750 1
6252501 1
6257503 1
3131255 1
6267514 1
3136260 1
3138765 1
3141272 1
3143780 1
6292572 1
3148797 1
6302611 1
6307634 1
6312656 1
3158843 1
6322710 1
3163872 1
3166388 1
6337806 1
3171423 1
3173940 1
3176462 1
6357964 1
6363008 1
6368053 1
3186552 1
6378152 1
6383204 1
6388257 1
3196658 1
6398371 1
6403432 1
6408493 1
6413556 1
3209313 1
6423692 1
3214382 1
3216916 1
6438907 1
6443983 1
6449061 1
3227072 1
3229611 1
3232153 1
3234698 1
6474482 1
3239785 1
6484662 1
3244878 1
6494853 1
3249975 1
6505052 1
3255076 1
6515256 1
6520364 1
6525472 1
3265292 1
6535693 1
6540808 1
6545924 1
6551041 1
3278080 1
6561284 1
6566406 1
3285766 1
3288330 1
6581790 1
3293462 1
6592057 1
6597193 1
6602332 1
6607472 1
6612614 1
6617756 1
6622902 1
6628052 1
3316602 1
3319178 1
6643507 1
3324333 1
6653822 1
6658982 1
3332073 1
3334654 1
6674472 1
6679640 1
6684810 1
3344993 1
3347578 1
3350166 1
3352757 1
6710692 1
3357937 1
6721058 1
3363123 1
3365716 1
6736620 1
3370908 1
6747007 1
3376103 1
6757401 1
3381302 1
6767804 1
6773006 1
3389107 1
6783420 1
6788630 1
3396922 1
3399530 1
6804272 1
6809490 1
6814711 1
3409968 1
6825156 1
6830383 1
3417805 1
3420420 1
6846072 1
3425653 1
3428273 1
6861782 1
3433511 1
3436132 1
3438755 1
3441377 1
6888001 1
6893250 1
3449251 1
6903756 1
3454507 1
6914271 1
3459767 1
6924792 1
6930058 1
6935323 1
3470295 1
3472932 1
6951132 1
6956407 1
6961683 1
3483480 1
3486120 1
3488762 1
6982807 1
3494048 1
6993380 1
3499336 1
7003964 1
3504629 1
7014552 1
3509927 1
7025151 1
3515226 1
7035757 1
7041064 1
3523185 1
7051682 1
7056993 1
7062308 1
7067622 1
7072941 1
7078260 1
3541792 1
7088907 1
3547118 1
7099562 1
7104890 1
3555112 1
3557779 1
7120894 1
3563115 1
7131571 1
7136913 1
7142258 1
7147602 1
7152950 1
7158302 1
3581828 1
7169008 1
7174364 1
7179722 1
3592540 1
7190443 1
3597904 1
7201172 1
3603271 1
7211912 1
7217282 1
7222657 1
7228033 1
7233411 1
7238790 1
3622087 1
7249556 1
7254942 1
3630166 1
3632861 1
3635558 1
3638254 1
7281904 1
7287301 1
7292700 1
3649051 1
7303506 1
3654456 1
3657161 1
7319732 1
7325142 1
3665278 1
7335973 1
7341390 1
3673407 1
7352234 1
3678829 1
3681542 1
3684255 1
3686972 1
3689687 1
3692404 1
7390243 1
3697841 1
7401121 1
7406562 1
7412006 1
3708726 1
3711451 1
7428351 1
7433803 1
7439257 1
3722358 1
7450172 1
7455632 1
3730548 1
7466556 1
7472023 1
7477491 1
7482962 1
3744218 1
7493907 1
7499382 1
7504861 1
7510341 1
7515822 1
3760655 1
7526792 1
7532282 1
7537772 1
7543263 1
3774380 1
7554254 1
3779876 1
3782625 1
7570753 1
3788130 1
3790883 1
7587270 1
3796391 1
3799147 1
3801904 1
7609323 1
7614842 1
3810181 1
3812941 1
7631406 1
7636932 1
7642460 1
7647992 1
7653524 1
7659057 1
7664592 1
7670132 1
7675672 1
3840607 1
7686757 1
7692304 1
3848927 1
7703400 1
7708952 1
7714507 1
7720063 1
3862812 1
7731181 1
3868372 1
7742308 1
7747873 1
3876722 1
3879505 1
7764584 1
7770157 1
3887867 1
7781311 1
3893445 1
7792472 1
7798057 1
3901823 1
3904616 1
3907411 1
7820413 1
3913005 1
3915803 1
7837201 1
7842800 1
3924201 1
7854008 1
7859613 1
3932612 1
3935415 1
7876442 1
7882056 1
7887674 1
3946645 1
3949456 1
7904534 1
3955080 1
3957891 1
7921411 1
3963522 1
3966338 1
7938307 1
7943944 1
7949581 1
3977611 1
3980433 1
7966508 1
7972152 1
7977802 1
3991725 1
3994553 1
3997379 1
4000207 1
4003037 1
8011732 1
8017392 1
8023057 1
8028724 1
8034392 1
8040062 1
8045734 1
8051408 1
8057082 1
8062760 1
4034220 1
4037062 1
8079806 1
8085492 1
4045590 1
4048437 1
4051282 1
8108256 1
4056977 1
8119652 1
8125352 1
8131054 1
4068379 1
8142462 1
4074086 1
4076941 1
4079797 1
4082654 1
4085513 1
8176742 1
4091230 1
4094093 1
8193908 1
4099816 1
4102680 1
4105546 1
4108413 1
4111279 1
4114147 1
4117016 1
8239772 1
4122758 1
8251256 1
8257003 1
8262752 1
8268500 1
4137126 1
8280006 1
8285764 1
8291520 1
8297281 1
8303042 1
4154404 1
8314572 1
8320340 1
8326112 1
4165942 1
4168830 1
8343433 1
4174606 1
4177496 1
8360772 1
4183280 1
8372342 1
8378131 1
4191960 1
8389714 1
4197755 1
4200653 1
8407102 1
4206451 1
4209351 1
4212253 1
4215157 1
8436120 1
8441931 1
4223873 1
4226779 1
8459373 1
4232597 1
4235505 1
4238418 1
4241329 1
4244243 1
4247155 1
8500142 1
8505972 1
8511808 1
8517642 1
8523481 1
4264660 1
8535164 1
8541007 1
8546853 1
8552701 1
8558552 1
8564403 1
4285128 1
8576113 1
8581971 1
4293915 1
4296848 1
4299780 1
8605423 1
8611290 1
4308580 1
4311516 1
8628908 1
4317391 1
4320331 1
8646542 1
8652424 1
8658306 1
8664194 1
8670081 1
4337985 1
4340931 1
8687758 1
8693654 1
4349775 1
4352726 1
8711353 1
8717258 1
4361582 1
8729070 1
8734982 1
4370447 1
8746806 1
4376362 1
8758640 1
4382280 1
4385241 1
8776406 1
8782333 1
8788261 1
4397097 1
8800122 1
4403029 1
4405997 1
4408966 1
4411936 1
8829813 1
4417879 1
8841704 1
8847651 1
4426802 1
8859553 1
8865508 1
8871463 1
4438711 1
4441691 1
4444673 1
4447655 1
4450637 1
8907241 1
4456605 1
4459592 1
4462579 1
8931132 1
8937112 1
4471547 1
4474536 1
8955056 1
4480523 1
4483515 1
8973020 1
8979012 1
4492503 1
4495502 1
8997002 1
4501502 1
4504501 1
9015008 1
4510508 1
9027021 1
4516516 1
9039043 1
4522529 1
9051072 1
9057090 1
9063111 1
4534568 1
9075156 1
4540593 1
9087211 1
9093240 1
4549638 1
4552655 1
4555673 1
4558691 1
4561710 1
9129464 1
9135508 1
9141553 1
9147601 1
9153651 1
4579851 1
4582880 1
9171812 1
4588936 1
9183932 1
9189994 1
4598030 1
4601061 1
4604096 1
9214260 1
4610168 1
9226408 1
4616242 1
4619281 1
9244641 1
9250722 1
9256806 1
9262892 1
4634490 1
9275071 1
9281162 1
9287257 1
4646677 1
9299450 1
4652775 1
9311654 1
9317757 1
4661932 1
4664986 1
4668042 1
9342193 1
9348308 1
9354423 1
9360540 1
4683332 1
4686391 1
9378907 1
9385033 1
9391161 1
4698646 1
9403423 1
9409558 1
4707846 1
4710916 1
4713986 1
9434114 1
9440258 1
9446403 1
4726275 1
4729350 1
4732426 1
9471006 1
4738582 1
9483322 1
4744741 1
4747821 1
9501806 1
9507973 1
9514140 1
9520310 1
4763243 1
9532656 1
9538833 1
4772505 1
4775595 1
4778688 1
9563557 1
4784872 1
4787966 1
4791062 1
9588314 1
4797255 1
4800353 1
4803451 1
4806551 1
4809652 1
9625506 1
9631713 1
4818961 1
9644130 1
4825172 1
9656557 1
4831387 1
9668992 1
9675210 1
4840716 1
9687657 1
4846941 1
9700110 1
9706340 1
4856286 1
9718807 1
4862522 1
4865642 1
4868760 1
9743764 1
4875003 1
4878128 1
9762501 1
4884376 1
9775003 1
9781258 1
4893758 1
9793771 1
9800031 1
4903148 1
4906280 1
4909412 1
4912545 1
4915682 1
4918817 1
4921953 1
9850182 1
9856461 1
9862741 1
9869023 1
4937653 1
9881594 1
9887880 1
4947085 1
4950232 1
9906756 1
4956527 1
4959676 1
4962825 1
9931953 1
9938257 1
9944562 1
4975435 1
4978590 1
9963492 1
9969806 1
4988063 1
4991222 1
4994381 1
4997541 1
5000703 1
5003868 1
10014062 1
10020390 1
10026723 1
10033056 1
5019698 1
10045732 1
10052070 1
5029207 1
5032380 1
10071102 1
5038725 1
10083801 1
10090152 1
10096506 1
10102864 1
5054610 1
5057792 1
10121943 1
10128306 1
10134674 1
5070521 1
10147410 1
10153783 1
5080079 1
5083268 1
5086455 1
5089647 1
5092838 1
5096030 1
5099222 1
10204830 1
5105610 1
10217614 1
10224008 1
5115201 1
5118401 1
5121602 1
5124801 1
10256008 1
10262412 1
10268821 1
10275230 1
10281643 1
5144029 1
5147237 1
10300891 1
5153655 1
5156868 1
5160080 1
5163293 1
10333010 1
5169720 1
5172936 1
10352308 1
10358742 1
10365181 1
5185812 1
10378064 1
5192254 1
10390952 1
10397401 1
5201926 1
5205153 1
5208379 1
5211607 1
5214837 1
5218065 1
10442593 1
5224529 1
5227763 1
10461991 1
5234232 1
10474933 1
5240703 1
5243941 1
10494362 1
10500842 1
5253662 1
5256904 1
5260146 1
10526781 1
5266636 1
5269882 1
10546258 1
10552753 1
5279626 1
10565751 1
10572252 1
5289378 1
5292631 1
5295885 1
5299142 1
10604794 1
5305655 1
5308913 1
5312171 1
10630861 1
5318693 1
5321954 1
10650432 1
10656960 1
5331745 1
10670023 1
10676556 1
5341547 1
10689632 1
5348086 1
5351357 1
5354629 1
10715803 1
5361175 1
5364450 1
10735453 1
10742006 1
5374282 1
10755122 1
10761680 1
5384121 1
5387403 1
5390687 1
10787942 1
5397256 1
10801082 1
5403830 1
10814233 1
5410405 1
5413697 1
5416986 1
10840556 1
10847142 1
5426865 1
5430161 1
10866912 1
5436754 1
10880103 1
10886702 1
5446652 1
5449952 1
10906508 1
5456557 1
10919720 1
10926331 1
5466472 1
10939556 1
10946173 1
10952792 1
10959412 1
10966034 1
10972657 1
5489641 1
10985911 1
5496270 1
5499588 1
5502904 1
5506222 1
11019082 1
11025721 1
5516183 1
5519504 1
5522828 1
11052300 1
11058952 1
5532802 1
5536130 1
5539458 1
5542787 1
5546116 1
5549446 1
5552779 1
11112224 1
11118892 1
11125562 1
11132233 1
5569455 1
5572792 1
11152261 1
11158940 1
5582811 1
11172308 1
11178994 1
5592841 1
5596185 1
11199063 1
5602878 1
5606227 1
5609575 1
11225850 1
11232552 1
5619628 1
11245964 1
5626336 1
11259381 1
11266093 1
5636405 1
5639761 1
11286240 1
11292962 1
5649841 1
11306408 1
5656568 1
5659930 1
11326591 1
11333323 1
11340058 1
11346792 1
11353531 1
5680135 1
5683506 1
11373757 1
5690251 1
11387252 1
11394002 1
5700376 1
11407508 1
5707131 1
11421022 1
5713892 1
11434543 1
5720653 1
11448073 1
5727421 1
5730806 1
5734191 1
11475158 1
11481934 1
11488711 1
11495490 1
11502272 1
5754529 1
5757923 1
5761315 1
5764712 1
5768108 1
5771504 1
11549804 1
11556600 1
11563400 1
11570204 1
11577007 1
11583812 1
5795310 1
5798717 1
11604243 1
11611056 1
5808937 1
5812345 1
5815755 1
5819166 1
5822578 1
11651983 1
11658810 1
5832821 1
5836238 1
5839655 1
5843071 1
11692982 1
5849910 1
5853333 1
11713506 1
11720353 1
5863602 1
11734050 1
11740903 1
11747756 1
5877308 1
11761470 1
5884166 1
11775194 1
5891029 1
5894463 1
11795790 1
5901332 1
5904766 1
5908204 1
11823282 1
5915081 1
5918521 1
11843924 1
11850806 1
11857693 1
11864580 1
5935735 1
11878363 1
5942630 1
5946078 1
11899051 1
5952976 1
5956428 1
5959879 1
5963332 1
5966787 1
11940481 1
11947393 1
5977153 1
11961222 1
11968141 1
5987530 1
11981983 1
11988907 1
5997917 1
12002762 1
6004846 1
12016624 1
6011779 1
12030494 1
6018715 1
12044370 1
12051312 1
6029129 1
6032602 1
6036077 1
6039550 1
12086052 1
12093008 1
12099964 1
6053462 1
12113881 1
6060422 1
12127808 1
12134774 1
6070872 1
6074357 1
12155682 1
6081328 1
6084816 1
12176612 1
12183590 1
12190572 1
12197556 1
12204544 1
6105765 1
12218522 1
6112756 1
6116253 1
12239504 1
12246500 1
6126750 1
12260504 1
12267508 1
12274513 1
12281520 1
6144267 1
6147772 1
6151278 1
6154788 1
6158296 1
12323611 1
6165318 1
12337657 1
12344682 1
6175855 1
12358740 1
6182886 1
6186403 1
6189923 1
12386881 1
12393922 1
12400964 1
12408008 1
12415052 1
6211050 1
6214575 1
12436202 1
12443257 1
6225157 1
12457370 1
6232216 1
12471494 1
12478558 1
12485623 1
6246346 1
12499762 1
6253417 1
6256954 1
12520983 1
6264030 1
6267571 1
12542223 1
12549306 1
12556393 1
12563482 1
6285286 1
12577662 1
6292379 1
12591854 1
6299475 1
12606050 1
12613153 1
6310130 1
12627364 1
12634472 1
12641582 1
12648693 1
12655807 1
6331463 1
6335022 1
6338580 1
6342143 1
6345704 1
6349266 1
6352830 1
12712790 1
6359962 1
6363528 1
12734194 1
6370666 1
6374237 1
12755614 1
6381378 1
12769903 1
6388525 1
6392102 1
6395676 1
12798506 1
6402832 1
6406410 1
6409991 1
6413572 1
12834307 1
12841472 1
12848641 1
6427905 1
6431492 1
12870157 1
6438666 1
6442255 1
12891691 1
6449437 1
12906056 1
6456623 1
6460215 1
6463811 1
12934812 1
6471003 1
6474601 1
12956401 1
12963600 1
6485401 1
6489005 1
6492607 1
6496211 1
6499815 1
13006843 1
13014057 1
13021273 1
13028491 1
6517855 1
6521468 1
13050158 1
6528692 1
6532307 1
13071842 1
13079072 1
13086306 1
6546771 1
6550392 1
6554012 1
6557633 1
6561253 1
6564876 1
13137002 1
13144252 1
6575752 1
13158757 1
13166013 1
6586636 1
6590266 1
13187793 1
13195057 1
13202324 1
13209592 1
6608432 1
13224132 1
13231406 1
6619341 1
13245960 1
13253240 1
6630261 1
6633905 1
6637547 1
13282381 1
6644835 1
13296962 1
13304256 1
13311554 1
13318850 1
6663076 1
6666728 1
6670379 1
13348064 1
13355372 1
13362680 1
13369994 1
13377308 1
6692311 1
6695971 1
13399262 1
6703293 1
13413907 1
13421232 1
13428561 1
6717945 1
13443222 1
6725278 1
13457893 1
13465231 1
6736287 1
13479912 1
6743628 1
6747301 1
13501952 1
13509300 1
13516653 1
13524007 1
6765681 1
13538722 1
13546082 1
13553443 1
13560808 1
13568173 1
13575542 1
13582912 1
6795141 1
6798830 1
6802518 1
13612410 1
6809896 1
13627172 1
13634556 1
6820971 1
13649332 1
6828360 1
6832057 1
13671507 1
13678903 1
6843151 1
13693702 1
13701104 1
13708507 1
6857957 1
13723321 1
6865367 1
6869071 1
6872778 1
6876488 1
6880195 1
6883906 1
13775234 1
13782658 1
13790082 1
6898756 1
6902470 1
13812374 1
6909903 1
6913623 1
13834681 1
13842121 1
6924782 1
6928505 1
6932227 1
6935951 1
13879351 1
6943403 1
13894256 1
13901712 1
13909170 1
13916631 1
13924092 1
13931556 1
13939024 1
6973245 1
13953960 1
6980717 1
6984455 1
13976382 1
13983860 1
13991340 1
6999411 1
7003155 1
14013794 1
7010642 1
14028772 1
7018131 1
14043757 1
7025626 1
14058750 1
7033126 1
14073753 1
7040629 1
7044383 1
7048136 1
14103780 1
7055647 1
14118808 1
7063162 1
14133840 1
14141360 1
7074441 1
7078205 1
7081968 1
7085731 1
7089497 1
7093261 1
7097030 1
7100798 1
7104567 1
14216670 1
7112106 1
7115878 1
14239302 1
14246851 1
14254402 1
7130976 1
14269508 1
14277063 1
14284620 1
14292181 1
14299743 1
7153653 1
7157438 1
14322440 1
7165006 1
14337582 1
7172579 1
14352732 1
14360311 1
14367892 1
14375473 1
7191528 1
7195322 1
7199116 1
7202911 1
14413413 1
7210503 1
14428604 1
7218100 1
7221902 1
14451404 1
14459008 1
7233308 1
7237110 1
7240915 1
14489443 1
7248529 1
14504674 1
7256145 1
14519911 1
14527534 1
14535157 1
14542784 1
7275207 1
14558040 1
7282836 1
7286655 1
7290471 1
14588581 1
14596221 1
7301933 1
14611508 1
7309578 1
7313400 1
7317225 1
14642102 1
14649757 1
14657414 1
14665071 1
7336367 1
7340196 1
7344028 1
7347863 1
14703390 1
14711061 1
14718733 1
7363204 1
7367041 1
14741761 1
7374722 1
14757122 1
7382405 1
7386248 1
7390091 1
14787870 1
7397781 1
7401628 1
7405478 1
14818652 1
7413176 1
7417026 1
7420878 1
14849463 1
7428587 1
7432440 1
14872593 1
14880308 1
7444012 1
14895741 1
14903461 1
7455591 1
7459454 1
14926632 1
7467182 1
7471047 1
14949822 1
7478779 1
7482646 1
14973032 1
7490385 1
14988512 1
14996258 1
7502003 1
7505876 1
15019500 1
15027252 1
7517504 1
15042764 1
7525261 1
7529141 1
7533023 1
15073806 1
7540786 1
15089342 1
7548555 1
15104884 1
7556328 1
7560216 1
15128210 1
7567995 1
15143772 1
15151556 1
15159342 1
7583566 1
7587461 1
15182714 1
15190508 1
15198303 1
15206100 1
7606952 1
7610852 1
7614755 1
7618657 1
15245121 1
7626466 1
7630372 1
7634280 1
15276374 1
7642096 1
15292012 1
15299834 1
7653830 1
7657742 1
15323310 1
15331140 1
15338972 1
15346807 1
7677323 1
15362482 1
15370321 1
7689083 1
15386008 1
7696926 1
7700850 1
15409551 1
15417404 1
7712628 1
7716556 1
15440971 1
15448830 1
15456694 1
15464558 1
7736211 1
15480290 1
15488160 1
7748018 1
7751953 1
15511784 1
7759832 1
15527541 1
7767711 1
7771653 1
7775598 1
7779541 1
15566971 1
7787431 1
7791379 1
7795328 1
15598552 1
15606450 1
7807177 1
15622257 1
7815082 1
15638072 1
7822990 1
7826948 1
15661808 1
15669724 1
7838822 1
7842781 1
7846743 1
15701406 1
15709334 1
15717262 1
7862596 1
15733122 1
15741058 1
7874496 1
7878466 1
7882436 1
15772813 1
7890380 1
7894353 1
7898326 1
7902301 1
7906277 1
7910254 1
7914232 1
15836422 1
15844382 1
7926172 1
7930154 1
7934137 1
15876241 1
7942107 1
15892184 1
7950079 1
15908132 1
15916110 1
7962046 1
15932072 1
7970030 1
15948044 1
15956032 1
15964020 1
7986007 1
15980006 1
7994003 1
7998002 1
16004001 1
8006001 1
8010005 1
16028014 1
8018012 1
8022015 1
16052042 1
8030030 1
16068073 1
8038045 1
8042055 1
8046066 1
16100158 1
8054091 1
8058106 1
16124241 1
8066137 1
8070155 1
8074171 1
16156382 1
16164420 1
8086232 1
8090255 1
8094278 1
8098302 1
8102326 1
8106351 1
8110378 1
16228813 1
16236871 1
8122467 1
16252992 1
16261057 1
16269122 1
16277191 1
8142631 1
16293334 1
16301406 1
16309484 1
8158780 1
8162821 1
8166862 1
8170905 1
8174947 1
16357981 1
16366070 1
16374163 1
8191129 1
16390352 1
16398450 1
8203276 1
8207328 1
16422758 1
16430863 1
8219485 1
8223540 1
8227597 1
8231654 1
8235713 1
16479542 1
8243832 1
8247891 1
16503908 1
8256016 1
8260080 1
16528292 1
8268211 1
8272279 1
8276347 1
8280415 1
8284487 1
16577113 1
8292628 1
8296701 1
8300776 1
8304852 1
16617853 1
8313004 1
8317083 1
16642321 1
16650482 1
16658644 1
16666808 1
8337488 1
16683142 1
16691310 1
8349743 1
8353828 1
16715833 1
8362007 1
16732191 1
8370186 1
16748556 1
16756742 1
16764932 1
8386560 1
8390658 1
16789506 1
16797704 1
8402952 1
16814102 1
8411151 1
8415255 1
8419358 1
8423461 1
16855131 1
16863344 1
8435779 1
16879774 1
8443995 1
8448105 1
8452217 1
8456328 1
8460442 1
16929112 1
8468670 1
16945572 1
16953807 1
16962042 1
8485141 1
8489261 1
8493383 1
8497503 1
8501628 1
17011502 1
8509877 1
17028003 1
8518128 1
8522258 1
17052771 1
17061032 1
17069294 1
17077556 1
17085822 1
17094091 1
8551181 1
17110632 1
17118907 1
17127183 1
8567732 1
8571870 1
8576013 1
8580154 1
17168594 1
8588440 1
17185171 1
8596732 1
17201756 1
8605026 1
8609177 1
8613327 1
17234954 1
17243256 1
8625783 1
17259871 1
8634092 1
17276493 1
17284808 1
17293123 1
8650721 1
8654880 1
17318082 1
17326407 1
8667366 1
8671532 1
17351391 1
8679863 1
8684030 1
8688197 1
8692365 1
8696535 1
17401413 1
17409757 1
8709051 1
8713226 1
8717402 1
8721577 1
17451506 1
8729932 1
17468220 1
17476581 1
8742471 1
8746654 1
17501673 1
17510040 1
8759207 1
8763393 1
17535158 1
17543533 1
17551910 1
17560292 1
17568673 1
8788529 1
17585442 1
8796917 1
8801112 1
8805306 1
17619006 1
8813702 1
8817900 1
17644202 1
8826301 1
8830503 1
17669412 1
17677821 1
17686230 1
8847323 1
17703056 1
8855736 1
8859945 1
8864155 1
17736733 1
8872580 1
8876792 1
8881007 1
8885221 1
17778874 1
17787306 1
8897871 1
17804181 1
8906311 1
8910533 1
17829506 1
17837952 1
8923201 1
17854852 1
17863304 1
8935878 1
8940106 1
8944335 1
17897131 1
17905593 1
17914056 1
8961262 1
17930992 1
17939461 1
17947934 1
8978204 1
8982443 1
17973361 1
17981842 1
8995162 1
17998808 1
9003648 1
9007890 1
18024271 1
18032764 1
18041258 1
18049753 1
18058251 1
9033377 1
18075254 1
9041879 1
18092262 1
18100772 1
18109282 1
9058896 1
18126308 1
18134822 1
9071671 1
9075931 1
18160382 1
9084453 1
9088718 1
18185960 1
9097246 1
18203023 1
18211558 1
18220094 1
18228630 1
9118586 1
9122857 1
18254258 1
18262803 1
9135677 1
18279901 1
18288454 1
9148505 1
18305562 1
18314122 1
9161340 1
9165622 1
18339808 1
9174188 1
18356940 1
9182756 1
9187042 1
9191329 1
9195617 1
18399812 1
18408390 1
9208487 1
18425557 1
9217072 1
9221365 1
18451322 1
18459914 1
18468507 1
18477102 1
18485702 1
18494302 1
9251453 1
9255754 1
18520114 1
9264362 1
18537330 1
18545944 1
9277280 1
9281588 1
9285897 1
18580411 1
18589032 1
9298830 1
9303143 1
9307457 1
18623542 1
18632172 1
9320405 1
18649444 1
9329042 1
9333362 1
9337681 1
18684008 1
18692652 1
9350650 1
9354975 1
9359302 1
9363629 1
18735913 1
9372287 1
18753231 1
18761894 1
18770556 1
18779223 1
18787891 1
9398281 1
18805234 1
9406953 1
18822582 1
9415630 1
18839941 1
9424313 1
18857308 1
18865993 1
18874680 1
18883371 1
9446032 1
18900756 1
9454726 1
18918150 1
18926850 1
18935553 1
18944256 1
9476482 1
9480835 1
9485190 1
18979094 1
18987806 1
9498262 1
9502622 1
19013960 1
9511341 1
9515703 1
9520066 1
19048862 1
9528796 1
9533161 1
9537529 1
9541897 1
9546265 1
9550636 1
19110012 1
9559380 1
19127504 1
19136252 1
19145001 1
19153753 1
19162506 1
9585631 1
9590012 1
9594391 1
19197543 1
19206308 1
19215073 1
19223842 1
9616306 1
19241382 1
9625080 1
9629466 1
9633855 1
9638247 1
19285272 1
19294057 1
19302843 1
9655815 1
9660212 1
19329214 1
19338008 1
9673401 1
19355600 1
19364400 1
9686602 1
9691005 1
9695406 1
19399621 1
19408431 1
9708622 1
19426058 1
9717437 1
19443692 1
9726257 1
9730667 1
19470158 1
19478984 1
9743905 1
9748321 1
9752736 1
9757155 1
19523142 1
19531981 1
9770412 1
9774831 1
19558508 1
9783678 1
19576202 1
19585051 1
9796953 1
9801380 1
19611612 1
9810235 1
19629332 1
9819097 1
19647057 1
19655923 1
19664790 1
19673661 1
9841268 1
19691408 1
9850141 1
9854582 1
9859020 1
19726922 1
19735807 1
19744693 1
19753580 1
9881237 1
9885682 1
19780258 1
9894578 1
19798052 1
19806951 1
19815852 1
19824757 1
19833663 1
19842571 1
19851480 1
19860394 1
19869306 1
19878224 1
19887141 1
9948032 1
9952492 1
19913908 1
19922834 1
19931760 1
19940692 1
9974812 1
9979279 1
19967493 1
19976430 1
9992686 1
9997156 1
10001629 1
10006102 1
20021150 1
20030102 1
20039054 1
20048008 1
10028483 1
10032961 1
20074882 1
10041923 1
20092806 1
10050888 1
20110741 1
10059855 1
20128684 1
20137656 1
20146632 1
10077807 1
10082297 1
10086786 1
10091280 1
20191544 1
20200531 1
20209520 1
20218512 1
10113755 1
20236502 1
20245500 1
20254501 1
20263504 1
10136253 1
10140756 1
10145261 1
10149765 1
20308543 1
20317558 1
10163286 1
20335592 1
10172307 1
10176818 1
20362656 1
20371682 1
10190357 1
20389742 1
20398774 1
10203904 1
20416844 1
20425881 1
10217461 1
10221981 1
20453007 1
20462052 1
20471102 1
20480152 1
20489203 1
20498257 1
20507314 1
20516371 1
10262717 1
10267246 1
20543558 1
20552624 1
20561690 1
10285382 1
20579832 1
10294454 1
10298991 1
20607062 1
20616142 1
20625222 1
10317155 1
10321698 1
20652481 1
10330786 1
10335331 1
20679756 1
10344426 1
20697951 1
10353526 1
20716154 1
20725258 1
20734363 1
10371736 1
10376290 1
10380846 1
10385404 1
20779922 1
10394521 1
20798160 1
20807282 1
20816408 1
10412767 1
20834662 1
10421896 1
10426463 1
10431029 1
20871194 1
20880330 1
20889470 1
20898612 1
20907756 1
20916904 1
10463027 1
20935202 1
20944353 1
20953508 1
10481331 1
10485911 1
10490491 1
10495072 1
10499653 1
21008474 1
10508820 1
10513406 1
10517991 1
21045156 1
10527167 1
21063510 1
21072690 1
21081874 1
21091056 1
21100244 1
10554715 1
10559310 1
10563907 1
10568505 1
21146202 1
21155402 1
10582301 1
21173802 1
10591505 1
10596108 1
21201420 1
10605315 1
10609921 1
21229058 1
10619136 1
10623747 1
21256712 1
10632967 1
10637579 1
10642192 1
10646807 1
10651420 1
10656036 1
10660653 1
10665273 1
21339780 1
10674512 1
10679131 1
21367507 1
21376752 1
21386000 1
21395252 1
21404503 1
10706880 1
10711507 1
10716136 1
10720767 1
21450793 1
21460058 1
21469324 1
10739297 1
21487862 1
10748567 1
21506408 1
10757843 1
10762482 1
21534241 1
21543524 1
10776403 1
21562093 1
21571381 1
21580671 1
21589962 1
10799628 1
21608554 1
21617850 1
21627151 1
21636453 1
21645758 1
10827533 1
10832185 1
10836842 1
10841498 1
21692306 1
21701623 1
21710940 1
21720262 1
21729582 1
21738907 1
10874118 1
21757561 1
10883446 1
21776223 1
10892778 1
21794892 1
21804232 1
10906786 1
10911458 1
21832257 1
21841603 1
10925477 1
10930152 1
10934827 1
10939503 1
21888362 1
21897721 1
10953542 1
10958221 1
21925808 1
10967588 1
21944540 1
10976957 1
21963283 1
21972657 1
21982032 1
21991411 1
11000395 1
11005087 1
11009779 1
22028943 1
11019166 1
22047722 1
22057114 1
22066507 1
22075903 1
11042652 1
22094702 1
22104104 1
22113507 1
22122912 1
11066160 1
11070867 1
22151143 1
11080280 1
11084987 1
11089697 1
11094405 1
11099116 1
11103829 1
11108542 1
11113257 1
22235940 1
22245373 1
11127403 1
11132123 1
11136841 1
22283120 1
22292562 1
11151003 1
11155726 1
11160450 1
22330352 1
11169902 1
22349257 1
11179357 1
11184086 1
22377630 1
11193546 1
11198280 1
22406022 1
22415492 1
11212480 1
22434434 1
22443908 1
11226691 1
22462861 1
22472340 1
22481823 1
11245655 1
22500794 1
11255142 1
22519772 1
22529264 1
22538756 1
22548253 1
11278876 1
11283627 1
11288378 1
22586256 1
22595762 1
22605271 1
22614780 1
11312148 1
11316903 1
11321661 1
22652840 1
11331182 1
11335943 1
11340703 1
11345468 1
22700461 1
22709992 1
11359761 1
22729056 1
11369296 1
22748132 1
22757670 1
11383607 1
11388378 1
11393153 1
11397926 1
11402700 1
11407477 1
22824506 1
11417032 1
22843621 1
11426591 1
11431373 1
11436154 1
11440936 1
11445721 1
11450507 1
11455293 1
11460078 1
11464868 1
11469655 1
11474447 1
11479237 1
11484028 1
22977642 1
11493615 1
11498411 1
11503206 1
23016006 1
23025604 1
23035200 1
23044801 1
11527202 1
11532003 1
11536806 1
11541612 1
23092832 1
23102442 1
23112056 1
11560836 1
11565646 1
11570457 1
11575267 1
23160156 1
23169783 1
11589707 1
23189042 1
11599337 1
23208307 1
11608972 1
11613790 1
23237221 1
11623433 1
11628255 1
11633076 1
23275800 1
23285450 1
23295102 1
23304758 1
11657206 1
23324070 1
11666865 1
23343393 1
23353057 1
23362724 1
11686195 1
23382060 1
11695866 1
23401408 1
23411082 1
11710382 1
23430440 1
23440122 1
11724903 1
11729746 1
11734592 1
23478871 1
11744281 1
23498258 1
11753978 1
23517652 1
11763676 1
11768528 1
11773378 1
23556464 1
11783086 1
11787941 1
23585594 1
23595307 1
11802512 1
11807371 1
23624460 1
11817093 1
23643906 1
23653634 1
11831680 1
11836546 1
23682824 1
23692556 1
11851148 1
11856015 1
23721770 1
11865758 1
11870628 1
23751004 1
11880376 1
23770500 1
11890128 1
11895004 1
23799763 1
23809520 1
11909641 1
11914523 1
11919405 1
23848573 1
11929172 1
11934055 1
11938941 1
11943828 1
11948717 1
11953607 1
11958496 1
11963387 1
11968280 1
23946344 1
11978065 1
23965920 1
11987858 1
23985506 1
23995302 1
24005102 1
12007452 1
24024703 1
12017253 1
12022158 1
24054122 1
12031965 1
12036872 1
24083557 1
24093373 1
24103190 1
24113011 1
12061416 1
12066328 1
24142484 1
24152311 1
12081071 1
12085988 1
24181807 1
12095823 1
12100741 1
12105662 1
12110582 1
12115504 1
12120428 1
24250702 1
24260550 1
12135201 1
24280258 1
24290113 1
24299971 1
24309831 1
12159848 1
12164780 1
12169712 1
12174647 1
12179582 1
24369034 1
12189455 1
24388783 1
24398661 1
24408541 1
24418423 1
24428306 1
12219096 1
24448082 1
12228986 1
12233933 1
24477756 1
24487654 1
24497550 1
24507451 1
24517352 1
24527257 1
24537162 1
24547072 1
12278490 1
24566893 1
12288405 1
12293361 1
12298321 1
12303282 1
12308241 1
24626407 1
12318167 1
12323131 1
12328096 1
24666122 1
12338029 1
24685993 1
12347967 1
12352935 1
12357906 1
12362878 1
24735704 1
12372826 1
12377801 1
24765553 1
24775508 1
24785464 1
24795421 1
12402690 1
24815344 1
24825307 1
12417638 1
12422621 1
24855210 1
24865184 1
12437578 1
24885133 1
12447556 1
12452545 1
24915073 1
12462530 1
24935043 1
12472516 1
24955021 1
12482507 1
12487503 1
24985004 1
24995000 1
25005000 1
12507501 1
25025007 1
12517508 1
12522512 1
12527517 1
12532523 1
25075056 1
12542536 1
25095092 1
25105110 1
25115134 1
25125158 1
25135183 1
25145212 1
25155242 1
25165274 1
12587653 1
12592673 1
25195381 1
25205422 1
25215463 1
12612755 1
25235552 1
12622801 1
12627825 1
25265704 1
12637878 1
12642907 1
25295870 1
25305931 1
12657996 1
25326057 1
12668063 1
25346190 1
25356260 1
25366333 1
25376407 1
25386484 1
12698280 1
25406642 1
25416724 1
25426807 1
12718448 1
12723492 1
25457072 1
25467163 1
12738629 1
12743677 1
12748725 1
25507550 1
25517653 1
12763878 1
25537863 1
12773987 1
12779041 1
25568192 1
12789153 1
12794213 1
25598541 1
12804332 1
12809392 1
12814455 1
25639033 1
25649161 1
25659292 1
12834713 1
12839780 1
12844848 1
25699830 1
25709971 1
25720113 1
12865130 1
12870201 1
25750551 1
12880351 1
12885427 1
12890505 1
12895581 1
12900661 1
12905742 1
12910823 1
12915903 1
12920987 1
25852142 1
12931155 1
25872484 1
12941328 1
12946418 1
12951506 1
12956596 1
25923373 1
25933558 1
12971871 1
25953931 1
25964121 1
12987157 1
12992254 1
25994704 1
26004901 1
26015102 1
26025304 1
13017755 1
13022858 1
26055921 1
26066130 1
13038172 1
26086558 1
26096772 1
26106992 1
26117211 1
26127433 1
26137658 1
26147883 1
26158112 1
26168341 1
26178573 1
13094405 1
26199042 1
26209281 1
26219522 1
13114883 1
13120003 1
13125128 1
13130250 1
26270751 1
26281003 1
26291257 1
13150756 1
26311771 1
26322032 1
13166147 1
13171280 1
13176411 1
26363091 1
26373362 1
13191816 1
13196953 1
13202092 1
26414460 1
13212372 1
13217512 1
26445306 1
26455592 1
26465882 1
13238086 1
13243232 1
26496756 1
13253527 1
13258676 1
13263826 1
13268976 1
26548257 1
26558562 1
13284436 1
26579181 1
26589494 1
13299904 1
13305061 1
26620442 1
26630760 1
13320542 1
26651408 1
13330866 1
26672060 1
26682390 1
26692722 1
13351528 1
26713392 1
26723731 1
26734071 1
13372208 1
26754757 1
13382553 1
26775451 1
13392900 1
13398078 1
26806506 1
13408431 1
13413611 1
26837580 1
13423973 1
26858307 1
13434337 1
13439520 1
26889410 1
26899784 1
13455079 1
26920534 1
26930911 1
13470647 1
13475838 1
26962056 1
26972444 1
26982831 1
13496610 1
27003614 1
13507005 1
13512203 1
27034801 1
27045201 1
13527803 1
13533004 1
13538207 1
27086820 1
13548616 1
27107643 1
27118058 1
13564236 1
13569447 1
27149311 1
27159732 1
27170157 1
13590292 1
27191012 1
27201440 1
27211874 1
13611154 1
13616371 1
27243181 1
27253621 1
13632031 1
13637253 1
13642476 1
13647700 1
13652927 1
13658153 1
13663379 1
27337212 1
13673836 1
27358131 1
13684298 1
27379056 1
13694762 1
13699997 1
13705232 1
27420933 1
13715704 1
13720943 1
13726182 1
27462842 1
13736662 1
13741905 1
27494292 1
13752392 1
13757637 1
13762881 1
27536256 1
27546754 1
27557252 1
27567751 1
13789127 1
27588757 1
27599264 1
27609772 1
13810140 1
13815398 1
13820655 1
13825912 1
27662342 1
27672860 1
13841691 1
27693908 1
27704432 1
27714960 1
27725490 1
27736023 1
13873279 1
27757093 1
13883816 1
13889087 1
13894356 1
27799257 1
13904902 1
27820352 1
13915451 1
13920727 1
27852007 1
27862564 1
27873122 1
27883680 1
13947121 1
27904806 1
27915373 1
13962972 1
27936511 1
27947082 1
27957657 1
27968234 1
13989405 1
13994695 1
27999974 1
14005278 1
28021144 1
28031732 1
28042322 1
14026458 1
14031755 1
28074104 1
14042352 1
28095301 1
28105904 1
14058253 1
28127113 1
28137721 1
14074167 1
28158942 1
14084778 1
14090088 1
14095396 1
14100705 1
28212032 1
28222657 1
14116643 1
28243911 1
28254540 1
28265173 1
14137903 1
28286444 1
14148542 1
14153861 1
28318362 1
28329006 1
28339652 1
14175152 1
28360950 1
28371602 1
28382258 1
28392914 1
28403571 1
28414230 1
14212446 1
28435557 1
28446223 1
28456890 1
14233782 1
14239117 1
28488906 1
14249792 1
28510260 1
28520940 1
28531622 1
28542307 1
28552994 1
14281842 1
28574371 1
28585064 1
14297879 1
14303227 1
14308577 1
14313926 1
28638554 1
14324629 1
28659962 1
28670670 1
28681381 1
14346046 1
28702808 1
14356762 1
28724240 1
28734962 1
28745684 1
14378204 1
28767132 1
28777862 1
14394296 1
28799323 1
14405030 1
14410398 1
28831530 1
28842271 1
28853014 1
14431880 1
28874503 1
14442625 1
28896002 1
14453376 1
14458753 1
28928264 1
14469510 1
14474891 1
28960542 1
28971307 1
28982074 1
28992842 1
14501805 1
29014383 1
14512580 1
29035934 1
14523355 1
14528747 1
14534137 1
29079056 1
14544923 1
14550317 1
14555711 1
14561106 1
29133007 1
29143803 1
29154600 1
29165402 1
14588103 1
14593505 1
29197814 1
29208622 1
29219431 1
29230244 1
14620530 1
14625937 1
14631347 1
14636756 1
29284334 1
14647578 1
29305982 1
14658405 1
14663821 1
14669237 1
14674655 1
29360144 1
29370982 1
14690910 1
14696332 1
14701753 1
14707176 1
29425202 1
29436050 1
29446904 1
14728880 1
29468613 1
29479472 1
29490330 1
29501192 1
14756029 1
29522924 1
14766897 1
14772331 1
29555532 1
29566408 1
14788643 1
29588160 1
29599040 1
29609922 1
14810404 1
29631693 1
14821290 1
14826736 1
29664362 1
29675257 1
14843078 1
14848527 1
29707950 1
29718853 1
29729758 1
29740663 1
14875785 1
29762482 1
14886697 1
29784307 1
14897612 1
29806142 1
14908532 1
29827984 1
29838907 1
29849833 1
29860762 1
14935845 1
14941311 1
14946778 1
14952247 1
14957717 1
14963185 1
14968657 1
14974129 1
29959204 1
14985076 1
14990552 1
14996026 1
15001503 1
30013962 1
15012460 1
15017942 1
30046844 1
15028903 1
15034387 1
15039871 1
15045357 1
30101682 1
15056329 1
30123634 1
30134611 1
15072797 1
15078286 1
30167557 1
30178543 1
30189532 1
30200522 1
30211512 1
30222507 1
15116753 1
15122252 1
15127750 1
15133252 1
30277506 1
15144258 1
15149761 1
30310531 1
15160773 1
15166279 1
15171788 1
30354591 1
15182807 1
15188316 1
30387657 1
15199341 1
30409712 1
30420741 1
15215887 1
30442808 1
30453842 1
15232441 1
15237960 1
15243481 1
15249005 1
15254527 1
15260050 1
30531150 1
30542204 1
15276629 1
15282157 1
15287686 1
15293216 1
30597494 1
30608556 1
15309812 1
15315347 1
30641761 1
30652834 1
30663906 1
15337493 1
15343031 1
15348570 1
30708223 1
30719307 1
30730394 1
15370741 1
15376286 1
30763663 1
15387380 1
15392928 1
15398476 1
30808051 1
30819153 1
30830257 1
15420681 1
15426235 1
15431792 1
15437347 1
15442904 1
15448463 1
15454021 1
30919161 1
30930284 1
30941408 1
30952532 1
15481830 1
15487396 1
30985922 1
15498530 1
15504096 1
31019330 1
31030472 1
15520807 1
31052757 1
15531952 1
31075051 1
31086202 1
15548676 1
31108506 1
31119662 1
15565412 1
15570990 1
31153143 1
15582154 1
31175473 1
15593321 1
31197811 1
15604493 1
31220158 1
31231332 1
31242512 1
31253692 1
31264872 1
31276056 1
31287243 1
31298431 1
15654810 1
15660407 1
31332007 1
15671603 1
15677202 1
31365602 1
31376803 1
15694003 1
15699607 1
15705211 1
15710816 1
15716423 1
31444058 1
15727638 1
15733247 1
15738856 1
31488934 1
31500158 1
31511382 1
15761306 1
15766921 1
31545072 1
15778153 1
15783771 1
31578780 1
31590022 1
15800633 1
15806254 1
31623752 1
15817501 1
15823127 1
15828753 1
31668758 1
31680013 1
15845636 1
15851265 1
15856897 1
31725058 1
31736323 1
31747591 1
31758861 1
15885066 1
31781408 1
15896341 1
31803962 1
31815242 1
31826524 1
31837806 1
15924548 1
15930190 1
31871672 1
31882964 1
31894258 1
15952778 1
31916850 1
31928151 1
15969728 1
31950758 1
31962063 1
15986687 1
15992340 1
15997997 1
16003654 1
32018624 1
32029942 1
32041260 1
16026291 1
16031955 1
16037616 1
16043280 1
16048947 1
32109223 1
32120556 1
16065948 1
16071615 1
32154572 1
32165913 1
16088628 1
16094302 1
16099977 1
32211302 1
32222654 1
32234006 1
32245362 1
16128361 1
16134040 1
32279444 1
16145404 1
16151088 1
32313540 1
16162457 1
32336282 1
32347658 1
32359032 1
32370412 1
32381790 1
32393172 1
32404558 1
32415943 1
16213667 1
32438720 1
16225056 1
32461506 1
16236451 1
16242150 1
16247852 1
16253553 1
16259255 1
16264957 1
16270661 1
16276367 1
32564142 1
32575556 1
32586974 1
16299196 1
16304906 1
32621232 1
32632656 1
32644084 1
32655512 1
32666942 1
32678372 1
32689806 1
16350623 1
16356342 1
16362061 1
32735562 1
32747006 1
32758453 1
16384952 1
16390677 1
32792804 1
16402129 1
16407857 1
32827172 1
32838632 1
16425047 1
16430778 1
32873023 1
32884491 1
32895961 1
16453716 1
32918907 1
32930384 1
32941861 1
16476672 1
32964822 1
32976307 1
16493898 1
32999281 1
33010770 1
16511132 1
33033757 1
33045252 1
16528376 1
33068252 1
16539876 1
33091258 1
33102764 1
33114270 1
16562891 1
33137293 1
33148806 1
33160323 1
33171840 1
16591680 1
16597443 1
16603205 1
33217932 1
16614730 1
33240991 1
16626262 1
16632028 1
33275594 1
33287132 1
16649336 1
33310212 1
33321757 1
16666652 1
16672427 1
33356401 1
33367954 1
33379507 1
33391063 1
16701310 1
16707091 1
16712871 1
33437308 1
16724436 1
33460441 1
33472012 1
33483584 1
33495156 1
16753368 1
33518311 1
33529891 1
33541474 1
16776529 1
16782321 1
33576231 1
33587820 1
33599413 1
16805504 1
33622604 1
16817102 1
16822900 1
33657403 1
16834505 1
16840307 1
16846111 1
16851915 1
16857723 1
16863530 1
33738674 1
33750290 1
33761911 1
33773533 1
33785156 1
16898393 1
33808410 1
16910022 1
16915838 1
33843307 1
16927472 1
33866581 1
33878221 1
33889864 1
33901506 1
33913153 1
16962401 1
33936451 1
33948104 1
16979878 1
33971413 1
33983071 1
33994730 1
34006393 1
17009030 1
17014863 1
34041392 1
17026532 1
34064733 1
34076408 1
34088082 1
34099760 1
17055722 1
34123123 1
34134807 1
17073248 1
17079091 1
34169872 1
17090782 1
17096628 1
17102477 1
34216651 1
34228352 1
34240052 1
34251757 1
17131732 1
34275171 1
17143442 1
34298592 1
17155155 1
34322023 1
34333742 1
17172732 1
34357183 1
34368906 1
34380632 1
34392362 1
17202045 1
34415822 1
17213778 1
17219647 1
17225516 1
17231387 1
34474512 1
34486258 1
34498003 1
17254877 1
34521502 1
34533253 1
17272504 1
17278382 1
17284260 1
17290140 1
34592044 1
17301904 1
34615574 1
34627340 1
17319557 1
34650884 1
34662657 1
17337218 1
34686210 1
34697992 1
34709772 1
17360780 1
34733343 1
34745132 1
17378461 1
34768712 1
17390254 1
17396152 1
34804101 1
34815901 1
34827702 1
34839506 1
17425658 1
34863120 1
17437466 1
34886744 1
17449278 1
17455186 1
34922191 1
17467007 1
17472916 1
17478830 1
17484741 1
34981310 1
34993140 1
35004974 1
35016806 1
35028643 1
35040481 1
17526161 1
35064164 1
17538005 1
35087854 1
17549851 1
35111551 1
35123403 1
17567628 1
17573557 1
35158970 1
17585416 1
17591348 1
17597280 1
35206424 1
17609146 1
17615080 1
17621016 1
35253906 1
17632892 1
17638832 1
17644772 1
35301424 1
17656653 1
17662596 1
35337082 1
35348970 1
17680431 1
35372758 1
35384653 1
17698276 1
35408451 1
35420354 1
35432256 1
35444164 1
35456072 1
17733990 1
35479893 1
35491807 1
35503723 1
35515640 1
17763780 1
35539484 1
35551407 1
17781668 1
35575262 1
35587190 1
35599124 1
17805530 1
17811496 1
35634931 1
17823435 1
35658814 1
35670757 1
35682704 1
35694650 1
17853300 1
35718554 1
35730508 1
17871231 1
35754421 1
35766380 1
35778344 1
17895153 1
17901138 1
35814241 1
35826211 1
35838183 1
35850158 1
35862134 1
17937056 1
17943047 1
17949038 1
35910056 1
35922044 1
17967016 1
17973011 1
17979008 1
35970006 1
17991003 1
35994001 1
36006000 1
18009001 1
18015004 1
36042013 1
36054020 1
36066032 1
36078044 1
18045030 1
18051038 1
36114092 1
36126110 1
18069068 1
36150157 1
36162184 1
18087105 1
18093121 1
36198274 1
36210308 1
36222342 1
36234380 1
18123212 1
36258462 1
18135253 1
18141278 1
18147301 1
36306651 1
36318704 1
36330758 1
36342813 1
18177436 1
36366930 1
18189496 1
36391057 1
18201563 1
36415192 1
18213630 1
36439333 1
18225705 1
18231743 1
36475560 1
36487641 1
18249863 1
18255904 1
18261947 1
18267991 1
36548072 1
36560164 1
36572257 1
36584354 1
36596451 1
36608552 1
18310328 1
36632758 1
18322431 1
36656972 1
18334541 1
18340597 1
36693307 1
36705424 1
18358771 1
18364832 1
36741783 1
18376954 1
18383018 1
18389082 1
18395145 1
18401213 1
18407278 1
36826693 1
36838831 1
36850970 1
36863113 1
18437628 1
36887403 1
36899550 1
18455851 1
18461928 1
18468004 1
18474082 1
36960321 1
18486241 1
18492321 1
18498404 1
18504488 1
37021140 1
18516656 1
18522741 1
18528828 1
18534917 1
37082012 1
37094190 1
37106374 1
37118557 1
37130744 1
37142930 1
37155122 1
18583658 1
18589755 1
18595851 1
18601950 1
18608050 1
18614151 1
37240507 1
37252713 1
37264920 1
18638566 1
37289343 1
18650779 1
18656886 1
18662997 1
37338210 1
37350433 1
18681328 1
37374882 1
18693557 1
18699671 1
37411574 1
18711903 1
18718021 1
37448281 1
18730260 1
18736381 1
18742505 1
37497252 1
37509501 1
37521752 1
18767001 1
18773128 1
18779256 1
37570770 1
37583030 1
18797648 1
18803778 1
37619822 1
18816045 1
37644361 1
37656632 1
18834454 1
18840592 1
18846731 1
37705741 1
18859013 1
37730306 1
18871298 1
37754880 1
37767170 1
18889733 1
18895880 1
37804053 1
37816350 1
18914325 1
18920476 1
37853258 1
37865563 1
18938937 1
18945090 1
18951247 1
18957403 1
18963562 1
18969722 1
18975881 1
37964083 1
18988205 1
18994368 1
19000531 1
19006697 1
19012861 1
19019030 1
38050393 1
38062731 1
19037535 1
19043706 1
19049879 1
38112102 1
38124450 1
19068400 1
38149154 1
38161507 1
38173864 1
38186221 1
38198582 1
19105473 1
19111654 1
19117838 1
38248040 1
38260411 1
19136393 1
38285156 1
38297533 1
38309912 1
38322291 1
38334672 1
38347058 1
19179721 1
38371831 1
38384221 1
38396613 1
38409006 1
19210701 1
38433801 1
19223102 1
38458604 1
38471006 1
38483413 1
19247910 1
38508230 1
19260322 1
38533057 1
38545472 1
38557892 1
19285157 1
38582734 1
19297580 1
38607584 1
19310005 1
19316222 1
38644874 1
19328654 1
19334873 1
38682182 1
19347312 1
38707062 1
19359755 1
38731954 1
19372201 1
38756850 1
38769302 1
19390878 1
38794214 1
19403335 1
38819132 1
19415796 1
19422028 1
38856522 1
19434495 1
19440730 1
38893932 1
19453205 1
38918882 1
38931361 1
19471922 1
38956323 1
19484403 1
38981294 1
19496891 1
19503137 1
19509382 1
19515630 1
19521877 1
39056252 1
19534375 1
19540627 1
39093757 1
39106264 1
19559385 1
39131282 1
19571896 1
19578155 1
19584412 1
39181340 1
39193861 1
39206384 1
39218908 1
19615718 1
39243961 1
19628247 1
39269022 1
19640779 1
39294093 1
19653316 1
19659587 1
19665856 1
19672130 1
39356804 1
19684675 1
39381901 1
19697228 1
39407007 1
39419562 1
19716061 1
19722342 1
19728622 1
39469808 1
39482373 1
19747472 1
19753755 1
39520082 1
19766329 1
39545232 1
19778906 1
39570392 1
39582973 1
19797780 1
39608144 1
39620732 1
19816662 1
19822957 1
39658507 1
19835553 1
39683702 1
19848151 1
39708903 1
19860755 1
39734113 1
39746722 1
39759330 1
19885971 1
39784556 1
19898586 1
19904897 1
39822410 1
19917517 1
19923828 1
39860284 1
19936457 1
19942771 1
39898173 1
39910808 1
19961723 1
39936080 1
39948722 1
19980681 1
39974008 1
39986653 1
39999301 1
20005977 1
20012303 1
20018628 1
20024956 1
40062572 1
20037616 1
20043948 1
20050278 1
40113224 1
40125891 1
40138561 1
20075617 1
40163908 1
40176582 1
20094631 1
40201940 1
40214623 1
40227306 1
40239992 1
40252681 1
40265370 1
40278062 1
40290757 1
20151727 1
40316150 1
20164425 1
20170777 1
20177128 1
40366962 1
40379671 1
20196190 1
20202547 1
40417806 1
20215263 1
20221620 1
20227980 1
40468683 1
40481406 1
40494134 1
20253432 1
40519590 1
20266162 1
20272530 1
40557792 1
20285265 1
40583270 1
20298006 1
20304378 1
20310752 1
20317127 1
40647001 1
40659752 1
20336254 1
40685264 1
40698021 1
20355390 1
20361773 1
20368155 1
20374538 1
20380921 1
20387305 1
20393692 1
20400078 1
20406466 1
40825712 1
40838492 1
40851273 1
20432028 1
20438422 1
40889632 1
40902420 1
40915213 1
20464004 1
40940804 1
40953600 1
40966402 1
20489601 1
40992008 1
20502408 1
20508810 1
41030430 1
20521622 1
20528028 1
41068873 1
20540845 1
41094511 1
41107332 1
41120158 1
20566492 1
41145812 1
41158640 1
41171472 1
41184306 1
20598571 1
41209980 1
20611411 1
41235663 1
41248506 1
41261352 1
20637100 1
20643526 1
20649953 1
41312758 1
41325613 1
20669237 1
41351331 1
20682098 1
20688530 1
41389923 1
20701396 1
41415661 1
20714267 1
41441408 1
20727141 1
20733581 1
20740022 1
20746462 1
20752905 1
41518693 1
41531580 1
41544471 1
41557363 1
41570258 1
20791578 1
20798027 1
20804476 1
41621854 1
41634758 1
20823832 1
41660570 1
20836741 1
41686392 1
41699306 1
41712222 1
20862572 1
41738060 1
20875492 1
41763906 1
20888416 1
41789762 1
20901347 1
41815623 1
20914278 1
20920747 1
20927215 1
20933685 1
20940157 1
20946630 1
41906203 1
20959576 1
20966050 1
20972528 1
41958007 1
20985483 1
20991960 1
41996881 1
21004921 1
21011405 1
42035773 1
21024370 1
21030855 1
42074684 1
42087657 1
21050318 1
21056806 1
42126591 1
21069787 1
42152557 1
42165543 1
21089265 1
21095760 1
21102258 1
21108755 1
42230503 1
21121752 1
42256500 1
21134752 1
21141253 1
42295513 1
42308520 1
21160766 1
21167271 1
42347558 1
42360574 1
21186796 1
21193306 1
21199818 1
42412657 1
42425683 1
42438710 1
21225870 1
21232388 1
21238903 1
42490843 1
21251940 1
42516922 1
21264981 1
42543006 1
21278027 1
21284552 1
42582152 1
21297603 1
42608258 1
42621314 1
42634372 1
21323716 1
21330247 1
21336780 1
21343312 1
21349846 1
42712762 1
21362918 1
42738906 1
42751982 1
42765061 1
42778142 1
42791223 1
42804307 1
42817392 1
42830480 1
21421787 1
42856664 1
21434878 1
42882854 1
42895952 1
42909052 1
42922153 1
42935257 1
42948362 1
21480735 1
21487292 1
42987694 1
21500405 1
43013924 1
43027040 1
21520082 1
43053283 1
21533205 1
43079532 1
21546330 1
43105791 1
43118923 1
21566030 1
21572597 1
43158331 1
43171472 1
21592307 1
43197758 1
43210902 1
21612026 1
21618600 1
21625176 1
21631754 1
43276664 1
21644910 1
21651490 1
21658073 1
21664654 1
21671236 1
43355642 1
43368812 1
21690992 1
21697580 1
43408333 1
43421511 1
43434691 1
43447873 1
21730529 1
21737122 1
21743716 1
21750310 1
43513814 1
43527008 1
21770103 1
21776701 1
21783300 1
43579803 1
43593006 1
43606212 1
43619421 1
43632631 1
21822921 1
21829529 1
21836136 1
43685490 1
21849357 1
43711933 1
21862579 1
43738383 1
43751611 1
21882421 1
21889036 1
43791308 1
43804544 1
43817782 1
21915512 1
21922132 1
43857507 1
43870752 1
21942000 1
21948625 1
21955253 1
21961880 1
21968506 1
21975137 1
43963532 1
43976792 1
43990056 1
22001661 1
22008296 1
22014930 1
44043134 1
22028203 1
22034841 1
22041480 1
44096242 1
22054762 1
44122808 1
22068047 1
44149381 1
22081336 1
44175962 1
44189256 1
44202552 1
44215850 1
44229152 1
22121228 1
44255756 1
44269063 1
44282371 1
44295680 1
22154496 1
22161153 1
44335622 1
22174472 1
22181132 1
44375583 1
22194453 1
22201118 1
22207782 1
44428890 1
22221111 1
22227778 1
22234448 1
22241117 1
44495572 1
22254458 1
22261128 1
22267801 1
22274476 1
22281151 1
22287827 1
44589008 1
22301183 1
44615722 1
22314542 1
44642444 1
44655806 1
22334587 1
44682541 1
44695912 1
44709282 1
44722658 1
22368018 1
22374707 1
22381395 1
44776174 1
44789557 1
44802942 1
44816331 1
44829721 1
22421557 1
44856507 1
22434951 1
22441651 1
44896701 1
22455052 1
22461753 1
22468456 1
22475161 1
22481865 1
44977142 1
22495278 1
22501988 1
45017390 1
45030811 1
45044232 1
22528829 1
22535542 1
22542256 1
22548972 1
45111374 1
22562405 1
22569122 1
45151682 1
45165122 1
45178564 1
45192006 1
22602728 1
22609452 1
45232350 1
22622901 1
22629628 1
45272714 1
45286171 1
22649817 1
45313092 1
45326558 1
45340024 1
45353492 1
45366961 1
22690217 1
45393908 1
22703692 1
22710430 1
45434342 1
22723913 1
22730655 1
22737397 1
22744141 1
22750887 1
22757631 1
45528758 1
22771128 1
45555751 1
22784626 1
45582754 1
22798129 1
45609764 1
45623271 1
22818392 1
45650292 1
45663808 1
22838662 1
45690842 1
45704361 1
45717882 1
45731406 1
22872467 1
45758462 1
45771990 1
45785524 1
22899530 1
22906296 1
22913067 1
45839671 1
22926606 1
45866758 1
22940151 1
22946927 1
45907401 1
22960476 1
22967253 1
45948062 1
22980812 1
22987590 1
45988744 1
46002307 1
23007938 1
46029441 1
23021507 1
46056582 1
23035079 1
46083734 1
46097310 1
46110892 1
23062237 1
23069029 1
46151644 1
23082616 1
46178820 1
46192414 1
23103004 1
23109802 1
23116602 1
23123402 1
23130201 1
23137003 1
23143806 1
23150610 1
23157415 1
23164222 1
23171030 1
23177837 1
46369291 1
23191455 1
23198267 1
46410158 1
23211892 1
23218705 1
23225522 1
23232338 1
46478308 1
23245973 1
23252791 1
23259610 1
23266431 1
23273253 1
46560153 1
46573801 1
23293727 1
23300553 1
46614756 1
46628414 1
23321037 1
23327866 1
23334698 1
23341530 1
46696723 1
23355196 1
23362030 1
46737732 1
23375705 1
46765082 1
23389380 1
46792441 1
46806122 1
23409903 1
23416747 1
46847180 1
23430435 1
46874562 1
46888256 1
46901952 1
23457825 1
46929350 1
23471526 1
46956758 1
46970462 1
46984170 1
23498940 1
23505797 1
47025308 1
47039024 1
23526371 1
47066461 1
47080183 1
23546953 1
23553816 1
47121361 1
47135091 1
23574411 1
47162558 1
47176292 1
23595017 1
23601885 1
47217513 1
47231256 1
23622503 1
47258752 1
23636252 1
47286254 1
47300006 1
23656882 1
23663762 1
23670641 1
47355044 1
23684403 1
23691288 1
47396341 1
47410112 1
47423883 1
23718830 1
23725716 1
47465211 1
23739495 1
23746387 1
47506556 1
47520344 1
23767067 1
47547920 1
23780856 1
47575508 1
23794651 1
23801551 1
47616901 1
47630704 1
23822254 1
23829157 1
47672120 1
47685930 1
47699742 1
47713557 1
23863686 1
23870597 1
23877505 1
47768833 1
23891329 1
47796483 1
47810312 1
23912071 1
47837972 1
23925905 1
23932822 1
23939742 1
23946662 1
47907163 1
23960503 1
23967426 1
23974352 1
47962551 1
23988201 1
23995128 1
48004112 1
48017970 1
48031832 1
24022847 1
48059557 1
48073422 1
24043647 1
48101161 1
48115033 1
48128908 1
24071393 1
48156660 1
48170542 1
24092212 1
48198306 1
24106096 1
24113041 1
48239970 1
48253863 1
48267757 1
48281654 1
48295551 1
48309451 1
24161677 1
24168628 1
24175583 1
24182536 1
48378981 1
24196446 1
48406807 1
48420722 1
24217322 1
48448561 1
48462484 1
24238203 1
48490332 1
48504262 1
24259097 1
24266063 1
48546056 1
24279996 1
48573931 1
24293936 1
24300908 1
48615758 1
48629704 1
48643652 1
24328800 1
48671554 1
48685506 1
24349731 1
24356711 1
24363692 1
24370672 1
24377654 1
24384636 1
48783242 1
24398607 1
48811184 1
24412579 1
24419566 1
24426555 1
48867090 1
48881074 1
48895057 1
24454523 1
24461516 1
24468512 1
24475507 1
24482503 1
24489501 1
24496501 1
49007002 1
49021003 1
24517503 1
49049012 1
24531510 1
49077032 1
24545522 1
49105056 1
24559538 1
49133092 1
49147112 1
49161132 1
49175157 1
24594591 1
49203211 1
49217241 1
24615638 1
49245306 1
24629672 1
49273381 1
49287421 1
49301464 1
49315507 1
49329554 1
49343600 1
24678826 1
24685852 1
49385756 1
49399813 1
24706935 1
49427932 1
24720998 1
24728029 1
49470122 1
24742096 1
49498260 1
24756167 1
24763203 1
49540482 1
49554561 1
49568640 1
24791362 1
24798403 1
24805447 1
49624980 1
49639071 1
24826581 1
49667258 1
24840677 1
24847727 1
49709550 1
49723654 1
49737756 1
49751863 1
49765970 1
24890042 1
24897098 1
24904153 1
24911211 1
49836540 1
24925330 1
24932393 1
24939453 1
24946516 1
24953582 1
49921290 1
24967712 1
49949557 1
49963693 1
24988915 1
49991971 1
50006114 1
25010129 1
50034403 1
50048551 1
25031351 1
50076854 1
50091007 1
25052581 1
50119320 1
50133480 1
25073821 1
50161807 1
25087986 1
25095071 1
50204311 1
25109243 1
50232656 1
25123416 1
25130505 1
25137595 1
50289374 1
25151778 1
25158871 1
25165965 1
50346120 1
25180157 1
50374506 1
25194352 1
25201451 1
50417100 1
50431304 1
50445507 1
25229858 1
25236960 1
25244065 1
25251172 1
25258279 1
50530774 1
25272497 1
50559211 1
50573433 1
25293828 1
50601884 1
50616111 1
50630342 1
50644573 1
50658807 1
25336522 1
25343641 1
50701520 1
50715764 1
25365004 1
50744253 1
25379250 1
25386376 1
25393502 1
25400628 1
25407756 1
25414887 1
50844030 1
50858293 1
50872557 1
25443412 1
25450546 1
50915361 1
25464818 1
50943906 1
50958182 1
50972462 1
25493372 1
25500511 1
51015306 1
25514797 1
51043881 1
51058170 1
51072464 1
51086757 1
51101052 1
51115350 1
51129652 1
51143952 1
51158257 1
25586282 1
25593435 1
51201180 1
25607746 1
25614905 1
25622063 1
25629220 1
51272761 1
25643542 1
51301407 1
25657866 1
25665030 1
51344391 1
25679362 1
25686529 1
51387394 1
25700867 1
51416071 1
51430413 1
25722378 1
25729551 1
51473451 1
25743901 1
51502153 1
51516506 1
25765432 1
51545220 1
51559582 1
25786971 1
25794153 1
51602672 1
25808520 1
25815705 1
51645784 1
51660157 1
25837266 1
25844455 1
51703290 1
25858836 1
25866028 1
51746443 1
25880415 1
25887611 1
25894806 1
51804007 1
25909202 1
25916402 1
25923600 1
25930802 1
51876006 1
25945206 1
25952412 1
25959616 1
51933643 1
25974030 1
51962472 1
51976891 1
25995655 1
26002868 1
26010079 1
26017292 1
26024506 1
26031720 1
52077874 1
26046154 1
26053373 1
26060592 1
26067812 1
52150062 1
52164508 1
52178952 1
52193402 1
26103927 1
52222304 1
26118378 1
26125607 1
26132835 1
26140067 1
52294593 1
26154529 1
52323523 1
26168996 1
52352461 1
26183466 1
52381408 1
52395884 1
26205181 1
52424840 1
26219662 1
52453807 1
26234146 1
26241392 1
26248635 1
52511763 1
26263130 1
26270377 1
26277626 1
52569752 1
26292126 1
52598758 1
52613264 1
52627771 1
52642280 1
26328396 1
26335655 1
26342911 1
52700342 1
26357432 1
52729384 1
26371953 1
52758432 1
52772960 1
26393747 1
52802023 1
26408280 1
26415547 1
26422815 1
26430086 1
52874714 1
52889257 1
26451901 1
52918351 1
52932900 1
52947453 1
52962006 1
52976562 1
26495561 1
26502840 1
53020243 1
53034807 1
53049374 1
53063940 1
53078511 1
53093082 1
53107657 1
53122233 1
26568406 1
26575696 1
53165973 1
53180557 1
53195144 1
53209732 1
53224320 1
53238912 1
26626755 1
26634052 1
26641352 1
26648651 1
26655951 1
53326507 1
53341114 1
53355721 1
26685167 1
53384942 1
26699779 1
26707088 1
26714396 1
53443410 1
26729018 1
26736328 1
26743643 1
53501911 1
53516541 1
26765587 1
53545806 1
26780223 1
53575082 1
26794861 1
53604363 1
26809503 1
53633652 1
26824150 1
53662950 1
53677602 1
26846129 1
26853456 1
26860786 1
26868117 1
53750893 1
26882779 1
26890111 1
53794891 1
53809561 1
53824234 1
26919454 1
53853584 1
26934131 1
53882942 1
53897624 1
26956153 1
53926992 1
26970840 1
26978186 1
53971063 1
53985756 1
54000453 1
27007575 1
27014925 1
54044552 1
54059257 1
27036983 1
54088670 1
54103380 1
27059046 1
27066403 1
54147524 1
54162242 1
54176962 1
27095841 1
54206406 1
27110566 1
27117930 1
54250592 1
54265324 1
27140028 1
54294794 1
27154767 1
27162137 1
27169508 1
27176879 1
27184251 1
54383251 1
54398001 1
27206378 1
27213755 1
54442262 1
27228511 1
27235892 1
27243272 1
54501307 1
27258037 1
54530842 1
27272805 1
27280193 1
54575157 1
54589934 1
54604710 1
54619490 1
27317138 1
54649057 1
27331921 1
54678630 1
54693421 1
27354108 1
27361503 1
27368902 1
27376301 1
27383702 1
54782202 1
27398503 1
27405907 1
27413311 1
27420717 1
27428123 1
54871058 1
27442936 1
54900690 1
54915511 1
27465168 1
54945156 1
27479991 1
27487407 1
54989640 1
55004473 1
27509653 1
27517072 1
55048980 1
27531911 1
27539332 1
55093506 1
27554176 1
27561600 1
27569025 1
55152903 1
55167757 1
55182612 1
55197472 1
55212330 1
27613596 1
55242056 1
27628463 1
27635896 1
27643330 1
55301534 1
55316407 1
55331284 1
27673081 1
27680521 1
55375924 1
55390806 1
55405692 1
55420580 1
55435470 1
27725181 1
55465256 1
55480152 1
55495051 1
55509952 1
27762426 1
27769879 1
55554664 1
27784785 1
27792240 1
27799696 1
55614307 1
55629223 1
27822071 1
27829532 1
55673984 1
55688908 1
27851916 1
55718760 1
27866845 1
55748622 1
27881780 1
55778493 1
55793431 1
55808371 1
27911657 1
55838256 1
27926602 1
27934076 1
27941550 1
55898052 1
27956503 1
55927964 1
27971462 1
55957882 1
27986422 1
27993903 1
56002772 1
28008872 1
56032710 1
28023843 1
28031328 1
28038818 1
28046306 1
28053796 1
28061288 1
56137556 1
28076271 1
28083765 1
28091262 1
56197513 1
56212506 1
56227504 1
28121251 1
56257500 1
28136253 1
28143753 1
28151258 1
56317522 1
28166265 1
28173771 1
28181278 1
28188788 1
56392590 1
56407610 1
28211316 1
56437657 1
56452683 1
56467710 1
56482740 1
56497772 1
28256403 1
28263922 1
28271441 1
28278961 1
56572963 1
28294005 1
28301528 1
28309051 1
56633150 1
28324103 1
28331629 1
28339158 1
56693372 1
56708430 1
56723493 1
28369279 1
28376813 1
28384346 1
56783760 1
56798832 1
56813908 1
56828982 1
28422030 1
28429572 1
56874224 1
28444654 1
28452196 1
28459741 1
28467287 1
56949663 1
56964757 1
56979853 1
28497476 1
57010050 1
57025154 1
28520130 1
57055364 1
28535236 1
57085580 1
57100693 1
28557905 1
57130924 1
28573020 1
28580581 1
57176282 1
28595705 1
57206532 1
57221660 1
28618395 1
57251924 1
57267057 1
57282192 1
57297330 1
57312471 1
57327613 1
28671378 1
57357902 1
57373050 1
28694101 1
57403353 1
57418506 1
28716831 1
28724412 1
28731991 1
28739572 1
28747153 1
57509472 1
57524642 1
57539811 1
57554983 1
57570156 1
28792666 1
28800256 1
28807847 1
57630872 1
57646057 1
57661243 1
28838217 1
28845812 1
57706814 1
57722006 1
57737203 1
28876202 1
28883801 1
28891401 1
57798007 1
28906606 1
57828420 1
28921816 1
57858844 1
57874058 1
28944637 1
57904492 1
57919710 1
28967467 1
57950158 1
57965384 1
28990307 1
28997921 1
29005536 1
58026306 1
58041542 1
58056781 1
58072022 1
29043632 1
58102508 1
29058876 1
58133000 1
29074125 1
29081751 1
58178758 1
29097007 1
58209271 1
58224531 1
29119896 1
58255056 1
29135162 1
58285591 1
58300861 1
58316132 1
29165705 1
29173343 1
29180981 1
58377240 1
29196261 1
29203905 1
58423094 1
58438382 1
29226836 1
58468962 1
29242128 1
29249778 1
29257427 1
58530151 1
29272726 1
29280380 1
29288031 1
29295686 1
58606682 1
29310996 1
29318654 1
58652624 1
29333971 1
29341632 1
29349292 1
29356954 1
58729232 1
29372280 1
29379945 1
58775224 1
29395278 1
58805893 1
58821230 1
29418286 1
58851912 1
29433630 1
58882603 1
58897952 1
29456650 1
29464327 1
29472003 1
29479681 1
29487362 1
58990081 1
29502721 1
29510405 1
29518087 1
59051542 1
59066912 1
29541143 1
59097658 1
59113034 1
59128410 1
59143792 1
59159172 1
59174557 1
59189943 1
59205332 1
59220720 1
59236114 1
29625753 1
29633452 1
29641152 1
59297700 1
29656552 1
59328508 1
59343914 1
59359320 1
59374732 1
29695071 1
59405556 1
29710488 1
59436391 1
59451810 1
29733616 1
29741328 1
29749042 1
29756757 1
59528940 1
59544374 1
59559806 1
29787622 1
59590682 1
29803061 1
59621564 1
29818505 1
29826228 1
59667902 1
29841677 1
29849401 1
29857129 1
29864857 1
59745171 1
59760632 1
59776092 1
29895779 1
29903513 1
59822491 1
29918981 1
59853434 1
59868906 1
59884384 1
29949932 1
59915340 1
29965411 1
59946308 1
29980897 1
29988641 1
59992770 1
60008262 1
60023756 1
30019626 1
60054750 1
60070251 1
60085752 1
30050630 1
30058381 1
60132271 1
30073891 1
30081648 1
60178806 1
60194324 1
60209841 1
60225362 1
60240884 1
60256407 1
30135968 1
30143732 1
60302992 1
30159263 1
60334058 1
60349593 1
60365130 1
60380671 1
30198107 1
60411756 1
60427303 1
60442851 1
30229200 1
30236977 1
60489507 1
60505064 1
30260312 1
30268092 1
30275873 1
30283655 1
60582874 1
60598440 1
30307007 1
60629584 1
30322579 1
60660734 1
30338156 1
30345945 1
30353737 1
60723056 1
30369323 1
60754231 1
60769822 1
60785413 1
30400505 1
60816603 1
60832200 1
30423900 1
30431703 1
60879006 1
30447306 1
60910222 1
30462917 1
60941442 1
30478530 1
60972672 1
30494147 1
61003912 1
61019534 1
30517579 1
61050782 1
30533207 1
30541022 1
61097672 1
61113307 1
30564473 1
61144581 1
30580112 1
30587933 1
30595753 1
61207152 1
30611401 1
61238452 1
30627051 1
61269756 1
61285413 1
30650535 1
61316730 1
30666196 1
30674028 1
61363722 1
61379391 1
61395062 1
30705366 1
30713203 1
30721041 1
30728881 1
61473440 1
61489123 1
61504806 1
61520492 1
30768090 1
61551872 1
30783782 1
30791630 1
30799477 1
30807326 1
30815175 1
30823027 1
30830880 1
61677463 1
30846586 1
61708880 1
30862296 1
61740307 1
61756022 1
30885872 1
61787461 1
61803184 1
30909454 1
30917318 1
61850360 1
61866092 1
61881823 1
61897557 1
30956647 1
30964515 1
61944771 1
61960513 1
61976256 1
30996001 1
31003877 1
31011752 1
31019626 1
31027504 1
31035382 1
31043260 1
31051142 1
31059021 1
62133806 1
62149574 1
31082670 1
31090556 1
31098442 1
62212657 1
31114216 1
62244212 1
31129995 1
31137888 1
31145779 1
62307342 1
31161566 1
62338921 1
31177358 1
31185253 1
31193151 1
62402102 1
31208952 1
31216853 1
62449506 1
62465314 1
62481122 1
62496932 1
31256373 1
62528558 1
31272186 1
62560190 1
62576011 1
31295917 1
31303828 1
31311742 1
31319657 1
62655140 1
31335486 1
31343403 1
31351323 1
62718481 1
31367161 1
31375081 1
31383003 1
31390927 1
31398851 1
62813552 1
62829403 1
31422630 1
31430556 1
31438487 1
31446416 1
62908694 1
31462280 1
62940424 1
62956290 1
62972160 1
31494016 1
31501953 1
63019782 1
63035661 1
63051542 1
63067423 1
31541654 1
31549598 1
63115080 1
31565485 1
31573433 1
63162758 1
31589326 1
31597275 1
31605227 1
63226352 1
63242258 1
31629082 1
31637036 1
63289982 1
31652947 1
31660904 1
63337724 1
63353640 1
31684782 1
31692742 1
63401408 1
63417332 1
31716631 1
63449192 1
63465123 1
63481056 1
63496993 1
31756466 1
63528870 1
63544814 1
31780378 1
63576704 1
31796327 1
31804302 1
31812276 1
31820253 1
63656464 1
31836211 1
31844192 1
31852173 1
63720308 1
31868136 1
31876122 1
31884106 1
63784182 1
31900080 1
63816133 1
63832110 1
63848092 1
63864073 1
63880057 1
31948021 1
31956017 1
63928021 1
31972008 1
31980004 1
31988003 1
63992000 1
64008000 1
64024004 1
32020005 1
32028006 1
32036011 1
64088031 1
64104044 1
32060030 1
32068036 1
32076047 1
32084057 1
32092067 1
64200157 1
64216184 1
32116105 1
32124120 1
32132137 1
32140154 1
64296343 1
32156191 1
32164211 1
32172233 1
64360508 1
32188276 1
64392602 1
32204325 1
64424702 1
64440756 1
32228406 1
64472870 1
64488931 1
32252498 1
32260529 1
64537122 1
32276597 1
64569260 1
64585334 1
64601408 1
64617482 1
32316781 1
32324822 1
32332862 1
32340903 1
64697894 1
64713981 1
32365037 1
64746162 1
32381130 1
32389177 1
32397227 1
32405275 1
32413327 1
32421379 1
32429433 1
32437487 1
32445542 1
32453598 1
32461654 1
64939422 1
32477770 1
32485830 1
32493892 1
32501953 1
32510017 1
65036160 1
65052290 1
65068424 1
65084557 1
32550346 1
32558417 1
65132971 1
65149113 1
65165256 1
32590703 1
65197552 1
32606851 1
65229853 1
65246008 1
32631083 1
65278320 1
65294480 1
65310643 1
32663403 1
32671487 1
32679570 1
32687655 1
65391482 1
32703828 1
65423832 1
65440011 1
32728097 1
65472373 1
65488558 1
32752371 1
32760465 1
65537122 1
65553312 1
32784754 1
65585702 1
32800952 1
65618100 1
32817152 1
32825254 1
32833357 1
32841460 1
32849566 1
32857673 1
32865778 1
65747772 1
32881996 1
65780210 1
65796432 1
32906330 1
32914442 1
65845111 1
32930672 1
65877572 1
32946905 1
65910043 1
65926282 1
32971260 1
32979381 1
32987504 1
32995626 1
33003750 1
33011875 1
66040003 1
66056256 1
33036257 1
33044387 1
66105032 1
33060646 1
33068779 1
33076911 1
66170090 1
33093181 1
66202634 1
66218907 1
33117592 1
66251461 1
33133870 1
66284022 1
66300308 1
66316592 1
33166442 1
66349172 1
33182732 1
66381757 1
33199026 1
33207176 1
33215325 1
33223476 1
33231630 1
33239782 1
66495872 1
66512180 1
66528493 1
33272404 1
66561123 1
66577441 1
66593761 1
33305041 1
33313204 1
66642733 1
33329532 1
66675392 1
33345861 1
33354028 1
66724392 1
66740731 1
66757071 1
33386707 1
66789756 1
33403052 1
33411225 1
33419402 1
33427576 1
66871507 1
33443931 1
33452112 1
66920582 1
66936942 1
66953308 1
66969672 1
66986042 1
67002411 1
67018784 1
67035156 1
33525768 1
67067910 1
33542147 1
33550337 1
33558528 1
67133444 1
33574917 1
67166221 1
67182612 1
67199008 1
33607702 1
67231800 1
67248200 1
67264602 1
33640504 1
33648706 1
33656911 1
67330230 1
33673323 1
67363058 1
33689738 1
67395892 1
67412311 1
33714367 1
67445157 1
67461584 1
33739006 1
67494442 1
33755437 1
33763653 1
67543744 1
33780091 1
33788311 1
67593062 1
33804753 1
33812976 1
33821202 1
33829425 1
67675302 1
33845879 1
67708212 1
33862335 1
33870565 1
67757594 1
67774057 1
67790523 1
67806992 1
33911732 1
33919966 1
67856407 1
33936441 1
33944681 1
33952921 1
67922322 1
67938807 1
33977648 1
67971782 1
67988271 1
68004762 1
34010629 1
34018878 1
34027126 1
34035377 1
68087252 1
68103757 1
34060131 1
68136772 1
68153280 1
34084897 1
34093153 1
34101411 1
68219342 1
34117932 1
34126192 1
68268908 1
34142718 1
68301961 1
34159246 1
34167513 1
34175779 1
34184048 1
34192316 1
68401170 1
68417714 1
68434256 1
68450803 1
68467352 1
68483902 1
68500454 1
68517008 1
34266782 1
68550121 1
34283341 1
34291623 1
68599806 1
68616372 1
68632942 1
34324755 1
68666083 1
68682657 1
68699234 1
34357905 1
68732390 1
34374486 1
34382778 1
34391073 1
34399367 1
34407662 1
34415956 1
34424255 1
34432553 1
34440851 1
34449152 1
34457452 1
34465753 1
34474056 1
34482361 1
68981330 1
34498971 1
69014557 1
34515587 1
69047792 1
34532207 1
34540517 1
34548828 1
34557141 1
34565457 1
69147541 1
69164174 1
69180808 1
69197444 1
34607040 1
34615361 1
34623681 1
34632005 1
69280653 1
34648650 1
34656976 1
34665301 1
69347256 1
34681958 1
69380570 1
34698616 1
34706948 1
34715278 1
69447222 1
69463892 1
69480560 1
69497232 1
69513908 1
34765292 1
34773632 1
34781970 1
69580622 1
34798654 1
69613993 1
34815341 1
69647371 1
69664062 1
69680757 1
69697453 1
69714151 1
34865425 1
34873776 1
34882129 1
34890483 1
34898837 1
34907192 1
69831094 1
34923903 1
69864523 1
34940622 1
69897961 1
69914682 1
69931406 1
34974067 1
69964862 1
69981592 1
34999161 1
35007528 1
35015896 1
70048532 1
35032636 1
70082012 1
35049378 1
35057752 1
35066125 1
35074500 1
70165754 1
70182508 1
35099631 1
35108012 1
35116392 1
70249543 1
35133153 1
70283074 1
70299841 1
35158305 1
35166693 1
70350156 1
70366933 1
35191855 1
35200245 1
70417274 1
35217029 1
70450842 1
70467631 1
35242211 1
35250607 1
70518007 1
70534804 1
35275800 1
35284201 1
70585203 1
35301003 1
35309407 1
35317811 1
70652431 1
35334622 1
35343029 1
70702874 1
35359845 1
70736511 1
70753334 1
35385080 1
70786984 1
70803811 1
35410320 1
35418736 1
35427153 1
35435573 1
70887982 1
35452411 1
70921663 1
70938506 1
35477677 1
70972202 1
35494527 1
71005902 1
71022756 1
35519807 1
35528237 1
35536666 1
71090193 1
35553528 1
71123923 1
35570396 1
35578831 1
71174533 1
71191406 1
35604142 1
71225160 1
71242041 1
71258924 1
71275807 1
71292693 1
35654790 1
71326471 1
35671683 1
35680128 1
35688578 1
71394051 1
71410950 1
35713928 1
71444757 1
71461662 1
71478570 1
35747741 1
35756197 1
71529307 1
35773113 1
71563140 1
71580060 1
35798492 1
71613906 1
71630832 1
71647762 1
35832347 1
71681622 1
71698557 1
35857746 1
35866215 1
71749371 1
71766312 1
71783256 1
71800204 1
35908576 1
71834100 1
35925528 1
71868006 1
71884962 1
71901922 1
35959440 1
35967923 1
71952806 1
71969774 1
35993371 1
72003711 1
36010343 1
36018829 1
36027318 1
36035807 1
72088592 1
36052786 1
72122556 1
72139544 1
72156530 1
72173521 1
36095257 1
72207508 1
72224502 1
72241501 1
72258501 1
72275502 1
36146253 1
72309512 1
36163261 1
36171765 1
36180272 1
36188778 1
72394574 1
72411592 1
36214306 1
72445634 1
72462657 1
36239842 1
36248357 1
72513740 1
72530774 1
36273905 1
36282422 1
72581882 1
36299461 1
72615963 1
72633008 1
72650052 1
36333552 1
36342075 1
36350602 1
72718257 1
36367656 1
36376186 1
36384715 1
72786492 1
72803557 1
72820624 1
36418847 1
36427382 1
72871834 1
72888907 1
36452991 1
36461530 1
72940140 1
36478613 1
36487155 1
36495697 1
73008482 1
73025572 1
36521331 1
73059757 1
73076853 1
36546975 1
36555526 1
73128154 1
36572630 1
73162364 1
73179471 1
36598290 1
36606848 1
36615405 1
73247923 1
36632521 1
73282162 1
73299282 1
36658204 1
36666766 1
73350662 1
36683895 1
36692463 1
73402058 1
73419194 1
73436331 1
73453472 1
36735306 1
36743878 1
36752453 1
36761025 1
73539200 1
36778178 1
73573507 1
36795332 1
36803912 1
36812492 1
73642143 1
36829655 1
36838238 1
36846822 1
36855405 1
73727983 1
36872580 1
73762334 1
73779511 1
73796690 1
73813872 1
36915530 1
73848242 1
73865430 1
36941310 1
73899812 1
73917006 1
73934202 1
36975702 1
36984302 1
36992902 1
74003007 1
74020213 1
37018711 1
74054630 1
37035922 1
74089056 1
74106272 1
74123491 1
74140710 1
37078968 1
37087580 1
74192382 1
37104805 1
74226842 1
37122038 1
74261306 1
37139273 1
74295781 1
37156511 1
74330262 1
37173755 1
37182378 1
37191002 1
74399250 1
37208251 1
37216880 1
74451013 1
37234136 1
74485532 1
37251397 1
74520058 1
74537322 1
74554592 1
74571860 1
74589133 1
74606407 1
37311842 1
74640960 1
74658241 1
74675524 1
37346405 1
37355047 1
74727380 1
74744671 1
74761963 1
74779258 1
74796552 1
74813850 1
37415576 1
74848454 1
74865757 1
74883063 1
37450186 1
37458841 1
74934994 1
37476153 1
37484813 1
37493470 1
37502130 1
37510793 1
37519455 1
75056233 1
37536780 1
37545447 1
37554112 1
75125558 1
37571446 1
37580115 1
75177571 1
37597457 1
75212256 1
37614803 1
75246950 1
37632151 1
75281652 1
37649504 1
75316362 1
75333720 1
75351080 1
75368443 1
75385808 1
75403174 1
37710270 1
75437912 1
37727642 1
75472657 1
37745017 1
75507412 1
75524790 1
75542173 1
37779779 1
75576943 1
37797167 1
37805862 1
37814558 1
37823255 1
75663904 1
37840652 1
75698701 1
37858052 1
75733506 1
75750914 1
75768322 1
75785730 1
75803143 1
37910279 1
37918988 1
75855392 1
75872810 1
75890234 1
75907657 1
37962543 1
75942511 1
75959942 1
37988686 1
75994807 1
76012243 1
38014840 1
76047120 1
76064563 1
76082008 1
76099452 1
38058450 1
76134350 1
38075902 1
76169257 1
38093358 1
38102086 1
76221631 1
38119548 1
76256557 1
76274024 1
76291490 1
76308961 1
76326432 1
38171953 1
76361383 1
38189430 1
76396340 1
76413824 1
76431308 1
38224397 1
76466282 1
76483770 1
76501262 1
38259378 1
76536253 1
38276877 1
76571250 1
76588752 1
38303130 1
38311881 1
76641272 1
38329391 1
76676294 1
76693806 1
38355661 1
38364420 1
76746360 1
76763882 1
76781408 1
76798934 1
76816460 1
76833992 1
76851522 1
38434528 1
76886592 1
76904131 1
76921670 1
38469606 1
38478378 1
38487151 1
38495927 1
38504702 1
38513478 1
38522253 1
77062062 1
77079622 1
77097181 1
38557373 1
77132306 1
77149874 1
38583722 1
77185010 1
77202582 1
38610078 1
77237734 1
38627655 1
77272890 1
77290474 1
77308058 1
38662822 1
77343231 1
77360820 1
77378414 1
77396008 1
77413602 1
38715602 1
77448801 1
77466404 1
38742005 1
38750807 1
38759611 1
77536832 1
38777223 1
38786030 1
38794836 1
77607290 1
38812456 1
77642533 1
77660158 1
38838892 1
38847706 1
38856520 1
77730673 1
77748307 1
77765943 1
38891790 1
77801221 1
77818863 1
77836506 1
77854152 1
77871800 1
38944725 1
38953551 1
38962379 1
77942413 1
38980036 1
38988866 1
38997696 1
78013057 1
39015361 1
78048391 1
78066060 1
39041868 1
78101407 1
78119083 1
78136762 1
39077220 1
39086062 1
78189807 1
78207492 1
78225180 1
39121436 1
78260564 1
39139130 1
78295953 1
39156825 1
78331350 1
39174528 1
78366758 1
39192231 1
39201087 1
78419882 1
39218796 1
78455308 1
39236512 1
39245371 1
39254230 1
78526182 1
39271953 1
78561632 1
78579362 1
39298547 1
39307411 1
39316278 1
78650292 1
39334015 1
39342886 1
78703513 1
78721256 1
78739003 1
78756752 1
39387252 1
78792254 1
39405004 1
39413881 1
39422761 1
78863281 1
78881042 1
39449403 1
39458286 1
78934341 1
39476056 1
39484941 1
39493830 1
39502718 1
79023212 1
79040992 1
79058773 1
39538280 1
39547171 1
39556067 1
39564962 1
39573857 1
79165508 1
39591652 1
79201100 1
39609450 1
39618351 1
39627255 1
39636158 1
79290122 1
79307930 1
79325742 1
39671780 1
39680688 1
39689597 1
39698506 1
79414833 1
39716329 1
79450482 1
39734157 1
79486141 1
79503972 1
39760903 1
79539643 1
79557481 1
39787660 1
39796582 1
79611008 1
39814428 1
79646700 1
39832277 1
39841203 1
39850128 1
79718114 1
39867987 1
39876917 1
79771694 1
79789557 1
79807423 1
79825291 1
39921581 1
39930516 1
39939454 1
39948392 1
79914662 1
79932542 1
39975211 1
39984155 1
79986193 1
80004082 1
80021972 1
40019931 1
40028878 1
80075654 1
80093552 1
80111451 1
40064677 1
80147256 1
40082583 1
40091536 1
80200980 1
80218893 1
80236806 1
80254722 1
80272640 1
40145281 1
40154241 1
40163203 1
40172168 1
40181132 1
80380192 1
40199062 1
80416057 1
80433992 1
40225966 1
40234935 1
40243907 1
40252880 1
40261851 1
80541651 1
80559600 1
40288777 1
80595508 1
40306733 1
40315712 1
40324691 1
80667343 1
80685306 1
40351637 1
40360620 1
40369605 1
40378592 1
40387578 1
40396568 1
40405555 1
40414546 1
40423537 1
80865058 1
80883044 1
40450517 1
40459511 1
40468506 1
40477504 1
80973003 1
80991002 1
81009000 1
40513503 1
81045006 1
40531507 1
81081022 1
40549515 1
40558522 1
81135057 1
40576536 1
81171092 1
40594556 1
40603566 1
40612578 1
81243182 1
40630606 1
81279242 1
40648637 1
81315307 1
40666673 1
81351382 1
81369420 1
40693731 1
81405507 1
40711777 1
81441602 1
40729827 1
40738852 1
40747878 1
81513814 1
81531872 1
81549931 1
40783996 1
40793028 1
81604123 1
81622191 1
40820130 1
40829167 1
40838204 1
40847241 1
81712561 1
81730640 1
81748723 1
40883403 1
40892448 1
40901490 1
40910535 1
81839164 1
40928630 1
40937678 1
40946725 1
40955775 1
40964828 1
81947757 1
40982932 1
40991986 1
41001042 1
82020192 1
41019153 1
82056424 1
41037271 1
82092661 1
82110782 1
82128907 1
82147034 1
41082580 1
82183290 1
41100713 1
41109778 1
82237694 1
82255831 1
41136985 1
41146058 1
82310258 1
82328402 1
41173275 1
41182350 1
82382852 1
41200505 1
82419162 1
82437320 1
82455481 1
82473644 1
82491807 1
41254987 1
82528142 1
41273157 1
82564483 1
41291328 1
41300417 1
82619012 1
41318595 1
41327687 1
41336779 1
82691742 1
41354967 1
82728121 1
82746313 1
41382253 1
41391351 1
82800901 1
82819100 1
41418653 1
41427753 1
41436858 1
82891921 1
41455065 1
41464173 1
82946558 1
82964772 1
82982992 1
41500605 1
83019434 1
41518829 1
41527941 1
41537055 1
83092340 1
83110573 1
41564403 1
83147043 1
41582642 1
83183520 1
83201764 1
41610003 1
41619127 1
83256501 1
41637376 1
83293002 1
83311256 1
83329512 1
83347770 1
41683017 1
83384293 1
41701278 1
83420823 1
83439092 1
83457361 1
83475632 1
83493906 1
41756091 1
83530461 1
83548741 1
83567023 1
83585307 1
83603593 1
83621880 1
83640172 1
41829231 1
83676756 1
41847527 1
41856675 1
41865827 1
83749952 1
83768258 1
83786563 1
83804870 1
41911592 1
83841494 1
83859807 1
41939061 1
41948221 1
83914761 1
41966541 1
83951408 1
41984866 1
83988061 1
42003197 1
84024723 1
42021528 1
42030697 1
84079730 1
42049037 1
42058207 1
84134756 1
42076553 1
42085726 1
84189801 1
84208153 1
84226506 1
84244864 1
42131612 1
84281580 1
42149972 1
84318307 1
84336674 1
84355042 1
42186707 1
42195892 1
42205080 1
84428533 1
84446910 1
84465291 1
42241837 1
42251028 1
84520442 1
42269417 1
42278611 1
42287806 1
42297004 1
84612404 1
42315402 1
42324600 1
42333803 1
84686006 1
42352208 1
84722821 1
42370616 1
42379821 1
42389030 1
84796472 1
84814890 1
42416656 1
84851734 1
84870158 1
84888584 1
84907011 1
84925440 1
84943873 1
42481153 1
42490373 1
84999180 1
85017620 1
42518033 1
42527255 1
85072954 1
42545702 1
85109850 1
42564152 1
42573378 1
85165214 1
42591835 1
85202131 1
85220592 1
42619528 1
85257523 1
42637995 1
85294462 1
42656467 1
85331407 1
42674941 1
42684180 1
42693420 1
85405323 1
42711904 1
42721146 1
42730391 1
42739637 1
42748883 1
85516257 1
85534754 1
85553252 1
85571750 1
85590254 1
85608757 1
85627264 1
85645770 1
42832140 1
42841396 1
42850653 1
85719824 1
85738342 1
85756862 1
42887693 1
85793907 1
85812434 1
42915482 1
85849490 1
85868022 1
42943278 1
42952547 1
85923631 1
42971086 1
85960712 1
42989630 1
42998903 1
86016351 1
86034902 1
86053454 1
43036004 1
43045283 1
86109122 1
43063841 1
86146244 1
43082403 1
86183373 1
43100972 1
86220510 1
86239084 1
86257656 1
43138116 1
43147407 1
43156695 1
43165987 1
86350557 1
43184571 1
43193867 1
43203162 1
43212458 1
86443508 1
86462102 1
86480700 1
86499301 1
43258953 1
43268254 1
86555112 1
86573722 1
86592331 1
86610943 1
43314778 1
86648172 1
86666792 1
43342707 1
43352018 1
86722656 1
43370643 1
86759910 1
43389270 1
43398588 1
43407905 1
43417221 1
86853080 1
43435862 1
86890362 1
86909008 1
86927652 1
43473150 1
86964951 1
43491802 1
87002258 1
87020913 1
43519787 1
87058230 1
87076894 1
87095557 1
87114223 1
43566447 1
87151560 1
43585117 1
87188908 1
43603793 1
87226261 1
43622470 1
87263623 1
87282308 1
43650498 1
43659840 1
87338370 1
87357064 1
87375758 1
43697228 1
43706577 1
87431850 1
87450553 1
43734628 1
87487963 1
43753336 1
87525380 1
87544093 1
43781405 1
43790762 1
87600241 1
43809481 1
43818842 1
87656408 1
87675133 1
43846932 1
43856295 1
87731322 1
87750056 1
43884396 1
87787532 1
43903137 1
87825014 1
87843756 1
43931251 1
43940625 1
43950000 1
87918754 1
87937507 1
87956264 1
43987512 1
43996891 1
44006271 1
44015653 1
88050072 1
88068841 1
44043805 1
88106382 1
44062580 1
44071967 1
88162710 1
88181490 1
88200272 1
88219057 1
88237842 1
88256631 1
44137710 1
44147106 1
88313008 1
88331802 1
44175302 1
44184702 1
88388204 1
44203503 1
88425814 1
44222311 1
44231715 1
44241123 1
44250528 1
88519872 1
88538690 1
44278756 1
44288168 1
44297578 1
44306991 1
88632811 1
88651640 1
88670472 1
88689307 1
88708143 1
44363492 1
44372910 1
44382333 1
88783506 1
88802352 1
44410602 1
88840052 1
88858904 1
88877756 1
88896614 1
88915472 1
44467165 1
88953192 1
88972057 1
44495462 1
89009791 1
89028662 1
89047534 1
89066408 1
44542643 1
89104160 1
89123042 1
89141924 1
89160806 1
44589847 1
89198582 1
44608737 1
89236364 1
44627630 1
44637077 1
44646525 1
44655975 1
89330853 1
89349758 1
44684333 1
44693786 1
89406481 1
89425394 1
89444307 1
89463222 1
89482140 1
44750532 1
89519983 1
44769455 1
89557833 1
44788382 1
89595691 1
89614623 1
89633558 1
89652494 1
44835716 1
89690371 1
89709313 1
89728258 1
89747203 1
44883077 1
44892551 1
89804052 1
44911505 1
44920981 1
44930461 1
89879882 1
89898844 1
44958905 1
44968387 1
89955740 1
89974711 1
89993684 1
45006328 1
90031634 1
45025306 1
90069592 1
45044288 1
45053780 1
90126544 1
45072766 1
90164522 1
90183514 1
45101255 1
90221503 1
45120251 1
45129752 1
45139253 1
45148754 1
90316512 1
45167762 1
45177267 1
90373544 1
90392558 1
45205788 1
90430591 1
90449611 1
90468633 1
45243828 1
90506682 1
45262857 1
45272370 1
45281886 1
45291404 1
45300922 1
45310440 1
90639921 1
45329482 1
90678007 1
45348527 1
45358051 1
45367576 1
90754204 1
45386630 1
45396157 1
90811372 1
90830430 1
90849494 1
90868558 1
45443811 1
90906690 1
90925760 1
90944832 1
90963906 1
90982982 1
45501031 1
45510572 1
91040223 1
45529653 1
91078394 1
91097481 1
45558287 1
91135662 1
45577379 1
91173854 1
45596476 1
91212051 1
91231152 1
45625128 1
45634682 1
45644236 1
91307581 1
91326694 1
91345807 1
45682462 1
45692022 1
45701582 1
91422284 1
45720704 1
91460533 1
45739832 1
91498790 1
45758962 1
45768528 1
91556194 1
45787666 1
45797236 1
45806808 1
91632757 1
45825953 1
45835527 1
45845101 1
45854678 1
91728506 1
45873832 1
45883412 1
45892992 1
91805143 1
45912153 1
91843474 1
45931322 1
91881812 1
45950493 1
91920157 1
45969666 1
91958511 1
45988845 1
45998437 1
92016056 1
92035244 1
92054430 1
46036810 1
92092813 1
46056005 1
92131204 1
92150402 1
92169601 1
92188803 1
46104005 1
46113606 1
46123211 1
92265631 1
92284844 1
92304057 1
46161638 1
92342492 1
46180857 1
46190468 1
92400157 1
92419384 1
46219306 1
92457841 1
46238537 1
46248155 1
46257771 1
46267392 1
46277011 1
92573262 1
92592508 1
92611754 1
46315502 1
46325127 1
46334751 1
46344378 1
92708014 1
46363636 1
92746531 1
46382898 1
46392528 1
92804322 1
92823591 1
46421430 1
46431068 1
46440704 1
46450342 1
92919961 1
92939241 1
46479262 1
92977807 1
92997092 1
93016380 1
46517837 1
93054963 1
93074256 1
46546776 1
46556427 1
46566077 1
93151454 1
93170758 1
93190062 1
93209372 1
46614342 1
46623997 1
46633655 1
93286624 1
93305941 1
46662630 1
46672293 1
46681954 1
93383233 1
93402562 1
93421892 1
46720612 1
46730278 1
93479894 1
46749615 1
46759286 1
46768958 1
46778628 1
93576604 1
46797975 1
93615302 1
93634654 1
93654008 1
93673363 1
93692720 1
46856040 1
46865723 1
93750806 1
93770172 1
93789540 1
93808910 1
93828284 1
93847657 1
46933518 1
46943207 1
46952896 1
93925172 1
93944556 1
46981972 1
46991667 1
94002720 1
94022112 1
47020755 1
94060904 1
47040151 1
94099702 1
94119102 1
47069254 1
47078956 1
94177320 1
94196730 1
94216143 1
47117778 1
94254974 1
94274390 1
47146905 1
94313233 1
47166329 1
94352082 1
47185756 1
94390941 1
94410374 1
94429808 1
47224622 1
94468682 1
47244061 1
47253782 1
47263505 1
94546453 1
94565900 1
94585350 1
47302402 1
94624257 1
47321856 1
94663170 1
47341317 1
94702092 1
47360780 1
47370512 1
47380246 1
94779961 1
47399718 1
47409454 1
94838382 1
94857862 1
94877341 1
47448411 1
47458154 1
94935793 1
47477640 1
47487386 1
47497132 1
47506879 1
47516628 1
47526376 1
95072250 1
47545876 1
47555630 1
95130762 1
95150270 1
95169780 1
47594647 1
47604403 1
47614162 1
95247841 1
47633680 1
47643442 1
47653205 1
95325932 1
47672730 1
47682497 1
95384523 1
47702028 1
47711796 1
95443132 1
47731336 1
95482214 1
95501756 1
47760652 1
95540850 1
95560402 1
95579954 1
95599506 1
47809531 1
95638621 1
95658181 1
95677744 1
95697307 1
47858437 1
95736440 1
47878005 1
95775584 1
47897578 1
95814734 1
95834312 1
95853890 1
95873472 1
47946530 1
95912642 1
47966117 1
95951820 1
95971414 1
95991007 1
96010604 1
48015100 1
48024902 1
96069404 1
96089006 1
48054306 1
96128221 1
48073916 1
96167442 1
48093529 1
96206674 1
48113147 1
96245912 1
96265532 1
96285156 1
96304782 1
48162207 1
48172020 1
96363674 1
96383308 1
48201471 1
96422582 1
48221110 1
48230932 1
48240753 1
48250576 1
48260400 1
96540450 1
48280053 1
96579756 1
96599414 1
48309536 1
48319365 1
96658393 1
96678058 1
48348861 1
48358696 1
48368532 1
48378366 1
48388205 1
48398043 1
96815760 1
96835441 1
96855123 1
96874808 1
48447247 1
96914182 1
48466936 1
48476782 1
96973256 1
48496476 1
48506326 1
97032351 1
48526026 1
97071757 1
48545733 1
97111171 1
48565440 1
97150593 1
97170306 1
97190023 1
48604870 1
48614731 1
48624591 1
48634455 1
48644318 1
48654180 1
48664047 1
48673912 1
97367556 1
48693647 1
97407032 1
48713385 1
48723257 1
97466257 1
97486004 1
97505752 1
48762750 1
97545252 1
97565006 1
48792382 1
97604520 1
97624282 1
97644043 1
97663807 1
97683574 1
48851671 1
97723110 1
48871442 1
97762656 1
97782433 1
48901105 1
48910996 1
48920887 1
97861556 1
97881344 1
97901130 1
97920920 1
97940714 1
97960508 1
97980303 1
98000102 1
98019902 1
98039704 1
98059506 1
98079313 1
49049562 1
98118932 1
49069371 1
49079278 1
49089187 1
98198192 1
98218011 1
49118918 1
49128828 1
49138743 1
98297311 1
98317141 1
98336972 1
98356806 1
49188321 1
98396482 1
98416322 1
98436164 1
49228004 1
98475853 1
49247851 1
98515551 1
49267701 1
98555258 1
98575112 1
49297487 1
49307416 1
49317347 1
49327279 1
49337212 1
49347146 1
98714162 1
49367017 1
98753908 1
98773782 1
49396832 1
49406772 1
49416712 1
98853308 1
49436598 1
49446540 1
98912970 1
49466432 1
49476380 1
49486328 1
98992550 1
49506225 1
49516177 1
99052258 1
49536082 1
99092072 1
49555992 1
99131892 1
99151806 1
99171722 1
49595822 1
99211561 1
99231484 1
99251408 1
49635667 1
99291260 1
49655597 1
99331124 1
99351058 1
49685496 1
49695466 1
99410871 1
99430812 1
99450758 1
49735353 1
49745325 1
99510602 1
99530554 1
99550506 1
99570463 1
99590420 1
49805192 1
49815172 1
49825153 1
49835137 1
49845121 1
49855106 1
49865093 1
99750157 1
49885067 1
49895055 1
49905047 1
49915038 1
99850057 1
99870044 1
49945016 1
99910022 1
49965007 1
49975005 1
49985001 1
99990002 1
50005001 1
100030003 1
50025004 1
100070014 1
50045011 1
100110031 1
50065021 1
100150057 1
50085036 1
100190092 1
50105057 1
100230133 1
100250158 1
100270184 1
50145105 1
50155122 1
100330273 1
100350307 1
50185171 1
50195192 1
100410420 1
50215233 1
100450506 1
100470554 1
100490600 1
100510650 1
50265352 1
100550758 1
50285406 1
50295436 1
50305466 1
50315497 1
100651058 1
100671123 1
50345595 1
50355632 1
50365666 1
50375703 1
100771483 1
50395782 1
50405820 1
50415861 1
100851806 1
50435946 1
50445991 1
50456036 1
50466082 1
100952256 1
100972352 1
100992450 1
50506277 1
101032652 1
101052756 1
50536433 1
101092971 1
50556541 1
50566598 1
50576654 1
50586711 1
101193542 1
101213661 1
101233782 1
101253906 1
50637016 1
101294161 1
50657147 1
50667212 1
50677280 1
101374693 1
101394832 1
101414971 1
101435112 1
101455258 1
50737701 1
101495552 1
101515700 1
101535853 1
101556006 1
101576163 1
50798161 1
101616481 1
50818323 1
50828404 1
101676974 1
101697140 1
50858656 1
101737483 1
101757657 1
101777834 1
50899005 1
50909095 1
50919187 1
50929278 1
101878744 1
50949466 1
101919121 1
101939312 1
101959507 1
101979703 1
101999902 1
102020100 1
102040303 1
102060508 1
102080714 1
102100922 1
51060567 1
51070673 1
51080778 1
51090887 1
102201990 1
102222210 1
51121218 1
51131328 1
51141441 1
102303111 1
102323341 1
51171786 1
51181903 1
102384043 1
51202140 1
51212260 1
51222383 1
102465007 1
51242628 1
51252751 1
102525750 1
51273003 1
51283130 1
51293258 1
102606771 1
102627032 1
51323647 1
102667557 1
102687824 1
51354045 1
51364182 1
102748634 1
102768908 1
102789183 1
102809461 1
51414870 1
102850023 1
102870306 1
51445296 1
102910882 1
102931170 1
102951464 1
51485879 1
51496027 1
103012350 1
103032652 1
103052953 1
51536630 1
103093564 1
51556936 1
103134181 1
103154493 1
103174806 1
103195123 1
103215442 1
51617881 1
103256083 1
103276407 1
103296732 1
103317062 1
103337391 1
103357723 1
103378056 1
103398393 1
103418732 1
51719535 1
103459412 1
51739879 1
103500104 1
103520450 1
103540802 1
103561154 1
103581508 1
103601862 1
103622220 1
103642582 1
51831473 1
103683308 1
103703672 1
103724041 1
51872207 1
103764782 1
103785157 1
51902767 1
51912956 1
51923147 1
51933336 1
51943530 1
51953723 1
103927830 1
51974111 1
51984308 1
51994505 1
104009403 1
52014900 1
104050200 1
104070602 1
104091008 1
104111412 1
52065911 1
104152230 1
104172644 1
52096530 1
52106737 1
104233891 1
104254312 1
52137367 1
52147579 1
52157793 1
52168006 1
104356440 1
104376872 1
52198654 1
52208871 1
104438181 1
104458620 1
104479064 1
104499506 1
52259978 1
52270200 1
104560852 1
104581303 1
104601757 1
52311107 1
52321336 1
52331566 1
52341797 1
52352029 1
52362263 1
104744991 1
52382731 1
104785934 1
104806406 1
52413442 1
52423682 1
104867840 1
104888322 1
104908807 1
104929292 1
52474890 1
104970272 1
104990762 1
52505629 1
105031752 1
105052250 1
52536376 1
105093252 1
105113757 1
105134263 1
52577385 1
105175280 1
105195792 1
105216308 1
52618412 1
105257342 1
52638930 1
105298383 1
105318907 1
105339433 1
105359962 1
105380492 1
52700512 1
52710780 1
52721047 1
105462632 1
52741587 1
52751856 1
105524258 1
52772401 1
105565350 1
105585902 1
52803228 1
105627006 1
52823782 1
52834060 1
105688682 1
52854623 1
52864905 1
52875188 1
52885470 1
52895757 1
52906042 1
52916328 1
105853232 1
105873810 1
105894391 1
52957488 1
105935556 1
52978073 1
105976731 1
52998662 1
53008958 1
106038507 1
106059103 1
106079700 1
53050151 1
53060452 1
53070755 1
106162112 1
53091362 1
53101667 1
106223943 1
106244558 1
53132586 1
53142896 1
106306411 1
106327034 1
53173830 1
106368282 1
106388911 1
53204771 1
106430173 1
106450807 1
106471442 1
106492081 1
53256361 1
106533363 1
53277003 1
53287328 1
53297650 1
106615952 1
106636604 1
106657257 1
53338958 1
53349287 1
53359617 1
53369948 1
106760558 1
106781222 1
106801892 1
53411282 1
53421618 1
53431954 1
106884583 1
106905261 1
106925942 1
106946623 1
53483655 1
106987994 1
53504341 1
107029371 1
107050062 1
53535378 1
53545726 1
107112152 1
107132851 1
107153553 1
53587130 1
53597482 1
107215671 1
107236382 1
53628546 1
53638904 1
107298523 1
53659622 1
53669982 1
107360682 1
107381407 1
53701066 1
53711431 1
107443592 1
53732162 1
53742529 1
53752898 1
53763265 1
53773636 1
107568012 1
53794379 1
53804752 1
107630252 1
53825500 1
53835876 1
107692507 1
107713264 1
107734021 1
107754781 1
53887772 1
53898154 1
107817072 1
53918920 1
107858610 1
107879382 1
107900158 1
53960467 1
53970855 1
107962491 1
53991636 1
108004056 1
108024844 1
108045632 1
54033212 1
108087214 1
108108006 1
54064403 1
108149601 1
108170400 1
54095602 1
108212006 1
108232812 1
108253622 1
108274430 1
108295242 1
108316057 1
108336874 1
54178845 1
108378512 1
108399334 1
54210080 1
54220491 1
54230906 1
108482640 1
108503474 1
108524307 1
108545144 1
108565981 1
54293411 1
54303832 1
54314254 1
108649354 1
54335100 1
54345527 1
108711903 1
108732758 1
54376808 1
54387235 1
54397666 1
54408096 1
108837057 1
54428962 1
108878790 1
54449832 1
108920534 1
108941406 1
108962284 1
108983160 1
54502022 1
109024923 1
109045808 1
54533348 1
54543791 1
109108472 1
109129364 1
54575129 1
109171152 1
109192052 1
54606475 1
54616926 1
54627380 1
109275662 1
109296570 1
109317482 1
54669198 1
109359306 1
109380222 1
54700572 1
54711031 1
54721491 1
109463906 1
54742418 1
54752880 1
54763345 1
109547624 1
109568557 1
54794746 1
54805217 1
54815685 1
109652313 1
109673256 1
54847103 1
109715150 1
54868051 1
54878526 1
109778007 1
109798963 1
109819920 1
109840882 1
54930921 1
109882807 1
54951888 1
109924741 1
54972855 1
54983342 1
109987656 1
55004317 1
110029611 1
55025296 1
55035786 1
55046278 1
55056772 1
55067265 1
110155521 1
110176512 1
110197508 1
55109253 1
110239502 1
55130250 1
55140751 1
55151254 1
110323513 1
55172262 1
55182767 1
110386542 1
110407556 1
55214287 1
110449591 1
55235306 1
110491632 1
110512656 1
55266841 1
110554711 1
110575741 1
110596774 1
55308904 1
55319421 1
110659882 1
55340460 1
55350982 1
55361503 1
55372027 1
55382550 1
110786151 1
55403602 1
110828258 1
55424658 1
55435185 1
55445717 1
55456247 1
55466778 1
110954623 1
110975691 1
55498380 1
111017833 1
111038907 1
111059982 1
111081061 1
111102140 1
55561613 1
55572155 1
111165393 1
111186480 1
111207570 1
111228663 1
111249756 1
111270854 1
111291952 1
111313051 1
55667076 1
111355257 1
111376363 1
111397470 1
111418580 1
111439693 1
55730405 1
111481924 1
55751521 1
111524160 1
111545283 1
55783204 1
111587533 1
55804330 1
55814895 1
111650922 1
55836028 1
55846596 1
111714331 1
55867736 1
111756613 1
55888880 1
55899451 1
111820051 1
111841201 1
55931176 1
55941754 1
111904662 1
55962912 1
55973490 1
55984072 1
55994653 1
112010474 1
56015822 1
56026406 1
56036993 1
112095158 1
56058168 1
112137512 1
56079345 1
56089938 1
112201057 1
56111122 1
112243431 1
112264621 1
112285814 1
112307008 1
56164103 1
112349400 1
112370600 1
56195902 1
56206505 1
112434213 1
112455422 1
112476630 1
112497844 1
56259528 1
56270136 1
56280745 1
112582711 1
112603934 1
56312578 1
112646382 1
112667610 1
112688840 1
56355038 1
56365654 1
112752543 1
56386890 1
112795020 1
112816263 1
56418754 1
112858754 1
112880001 1
112901250 1
112922502 1
56471880 1
56482506 1
56493137 1
56503766 1
113028792 1
56525030 1
113071323 1
113092590 1
113113861 1
56567568 1
113156408 1
113177683 1
56599482 1
113220240 1
56620761 1
113262806 1
113284094 1
113305381 1
113326671 1
56673983 1
113369257 1
56695277 1
56705925 1
113433152 1
56727226 1
56737879 1
56748533 1
113518371 1
56769842 1
113560993 1
56791153 1
56801813 1
113624942 1
113646260 1
113667584 1
56844454 1
113710233 1
56865780 1
113752890 1
56887113 1
56897779 1
113816894 1
56919116 1
56929785 1
56940456 1
56951128 1
113923602 1
113944952 1
56983152 1
56993826 1
114009008 1
114030362 1
114051722 1
114073081 1
57047221 1
114115808 1
114137174 1
57079271 1
57089955 1
57100642 1
57111328 1
114244033 1
114265410 1
114286792 1
57154086 1
57164780 1
57175473 1
114372331 1
57196860 1
114415114 1
114436506 1
57228952 1
57239652 1
114500702 1
114522104 1
57271755 1
114564914 1
114586320 1
114607731 1
114629144 1
114650558 1
114671973 1
114693391 1
114714811 1
57368117 1
57378829 1
57389543 1
57400256 1
114821941 1
57421688 1
57432405 1
57443122 1
114907681 1
114929121 1
57475281 1
114972007 1
114993454 1
115014900 1
57518175 1
57528901 1
57539628 1
57550356 1
57561085 1
115143631 1
115165092 1
57593278 1
57604013 1
115229490 1
57625482 1
115272434 1
115293907 1
57657691 1
57668430 1
115358340 1
115379824 1
57700653 1
115422793 1
115444282 1
57732885 1
57743632 1
57754380 1
115530253 1
115551750 1
115573252 1
115594753 1
57808128 1
57818882 1
115659271 1
57840390 1
115702292 1
115723806 1
115745322 1
115766840 1
57894182 1
115809884 1
57915705 1
57926467 1
57937231 1
57947995 1
57958762 1
57969530 1
115960592 1
57991067 1
58001835 1
58012606 1
116046758 1
58034151 1
116089852 1
58055701 1
58066477 1
58077255 1
58088033 1
58098811 1
116219182 1
58120372 1
116262308 1
58141936 1
58152720 1
58163505 1
116348582 1
58185080 1
116391734 1
58206655 1
116434891 1
116456472 1
58239028 1
58249823 1
116521230 1
116542820 1
58282208 1
58293005 1
58303801 1
116629200 1
116650800 1
116672404 1
116694008 1
116715612 1
58368610 1
58379416 1
116780444 1
58401030 1
58411836 1
116845291 1
58433456 1
116888533 1
116910157 1
116931783 1
116953412 1
116975041 1
116996673 1
117018306 1
58519972 1
117061581 1
117083220 1
117104863 1
58563254 1
117148152 1
117169802 1
117191452 1
117213104 1
58617379 1
58628208 1
58639035 1
58649866 1
117321394 1
117343058 1
58682362 1
58693196 1
58704031 1
58714866 1
117451408 1
117473082 1
58747382 1
58758221 1
117538124 1
58779905 1
58790748 1
117603182 1
117624870 1
117646564 1
117668256 1
117689954 1
58855827 1
58866677 1
117755052 1
117776756 1
58899232 1
58910087 1
117841881 1
58931796 1
58942653 1
58953511 1
58964372 1
58975232 1
117972184 1
58996953 1
59007818 1
118037362 1
59029545 1
118080823 1
118102558 1
118124294 1
118146031 1
59083886 1
118189512 1
118211256 1
59116503 1
59127377 1
118276500 1
59149128 1
118320007 1
118341763 1
118363522 1
59192641 1
118407042 1
59214403 1
118450573 1
118472340 1
118494112 1
59257941 1
118537658 1
59279718 1
59290607 1
59301495 1
59312387 1
59323279 1
59334172 1
59345067 1
59355961 1
59366858 1
59377754 1
118777303 1
118799100 1
59410451 1
59421352 1
118864506 1
118886314 1
59454060 1
118929930 1
118951744 1
118973556 1
59497686 1
119017190 1
59519507 1
119060833 1
119082658 1
59552241 1
59563156 1
59574071 1
119169974 1
59595903 1
59606823 1
59617741 1
119257322 1
119279162 1
59650503 1
59661428 1
59672350 1
59683275 1
59694201 1
119410258 1
59716057 1
59726985 1
119475830 1
59748846 1
59759780 1
119541423 1
59781646 1
119585161 1
119607034 1
119628908 1
59825393 1
59836330 1
119694541 1
119716424 1
59869155 1
59880097 1
119782082 1
59901985 1
59912933 1
119847756 1
59934828 1
59945777 1
119913451 1
119935352 1
59978629 1
119979164 1
60000535 1
60011490 1
120044892 1
120066806 1
60044362 1
60055320 1
120132560 1
120154483 1
120176407 1
60099167 1
120220262 1
120242190 1
60132061 1
120286056 1
120307994 1
120329932 1
120351872 1
60186908 1
60197880 1
60208852 1
60219827 1
60230802 1
120483553 1
60252755 1
120527462 1
60274712 1
120571381 1
60296672 1
120615308 1
60318638 1
120659242 1
60340605 1
120703182 1
60362579 1
120747133 1
60384555 1
120791090 1
60406536 1
120835057 1
60428522 1
120879031 1
120901020 1
120923013 1
60472505 1
60483501 1
120989000 1
60505500 1
60516501 1
60527505 1
121077013 1
60549511 1
60560517 1
60571521 1
60582528 1
60593538 1
60604547 1
60615557 1
121253134 1
121275158 1
60648592 1
121319212 1
121341240 1
60681638 1
60692654 1
60703673 1
60714691 1
60725712 1
121473462 1
60747754 1
121517554 1
121539602 1
121561652 1
60791852 1
121605758 1
60813907 1
60824936 1
121671930 1
121693993 1
121716058 1
60869061 1
60880097 1
121782260 1
121804333 1
60913204 1
60924241 1
121870561 1
121892641 1
121914723 1
121936806 1
60979446 1
60990490 1
122003072 1
122025163 1
122047258 1
122069353 1
122091450 1
122113551 1
61067826 1
122157757 1
122179862 1
61100987 1
122224081 1
61123097 1
122268308 1
122290423 1
61156272 1
122334661 1
61178391 1
122378906 1
61200516 1
61211581 1
122445290 1
122467424 1
61244780 1
61255848 1
122533830 1
61277987 1
61289058 1
61300130 1
122622403 1
122644552 1
122666702 1
122688854 1
122711007 1
122733162 1
61377661 1
61388740 1
61399822 1
61410905 1
122843974 1
122866142 1
122888310 1
122910484 1
122932656 1
61477418 1
61488507 1
61499596 1
61510686 1
61521778 1
123065742 1
61543965 1
61555060 1
61566157 1
123154506 1
61588353 1
61599451 1
123221102 1
61621652 1
61632754 1
123287714 1
61654962 1
61666067 1
61677173 1
61688279 1
123398773 1
61710496 1
123443210 1
123465434 1
61743829 1
61754942 1
123532111 1
123554341 1
123576574 1
61799405 1
123621044 1
61821642 1
61832761 1
123687762 1
61855003 1
123732253 1
61877251 1
123776751 1
123799003 1
123821257 1
61921756 1
61932885 1
123888030 1
61955148 1
123932557 1
61977412 1
123977091 1
123999360 1
124021633 1
124043907 1
62033092 1
124088460 1
124110742 1
124133023 1
62077655 1
62088797 1
62099942 1
62111085 1
62122231 1
62133380 1
62144527 1
124311351 1
62166826 1
62177978 1
62189128 1
62200283 1
62211435 1
124445182 1
124467492 1
62244904 1
124512122 1
62267220 1
62278381 1
124579084 1
62300704 1
124623733 1
124646060 1
124668392 1
124690722 1
62356529 1
62367696 1
62378867 1
124780071 1
124802412 1
124824756 1
62423553 1
62434725 1
62445901 1
124914152 1
124936508 1
124958863 1
62490610 1
125003580 1
125025943 1
125048306 1
62535337 1
125093040 1
125115410 1
125137784 1
62580079 1
125182532 1
62602456 1
62613645 1
62624836 1
62636028 1
62647221 1
125316832 1
62669612 1
125361612 1
62692004 1
125406402 1
125428801 1
62725602 1
125473602 1
125496006 1
125518413 1
125540822 1
62781616 1
125585644 1
62804030 1
125630473 1
62826446 1
62837657 1
125697734 1
62860080 1
125742583 1
62882505 1
62893721 1
62904936 1
62916155 1
125854742 1
62938592 1
62949811 1
125922063 1
125944508 1
62983478 1
125989402 1
126011852 1
126034303 1
126056757 1
63039607 1
126101671 1
63062066 1
63073297 1
126169056 1
63095763 1
63106995 1
126236460 1
63129468 1
126281408 1
126303884 1
63163180 1
63174422 1
63185662 1
63196903 1
126416293 1
126438780 1
63230637 1
63241882 1
63253129 1
126528753 1
63275625 1
63286877 1
126596252 1
126618757 1
126641263 1
126663771 1
126686282 1
126708793 1
63365653 1
63376912 1
126776341 1
126798861 1
63410693 1
63421954 1
63433217 1
63444482 1
126911492 1
63467011 1
126956558 1
126979094 1
63500815 1
63512086 1
127046713 1
127069258 1
127091804 1
63557176 1
63568452 1
127159453 1
127182007 1
63602281 1
127227122 1
127249680 1
127272242 1
127294808 1
63658686 1
63669970 1
127362511 1
63692543 1
127407657 1
127430233 1
63726405 1
127475392 1
127497974 1
63760278 1
127543142 1
63782867 1
127588322 1
127610914 1
63816754 1
127656102 1
127678700 1
63850652 1
63861951 1
63873255 1
127769113 1
127791720 1
63907165 1
63918473 1
63929778 1
63941087 1
63952397 1
127927411 1
127950033 1
127972657 1
63997642 1
128017910 1
64020271 1
128063172 1
128085808 1
64054222 1
128131080 1
128153722 1
128176362 1
128199006 1
128221652 1
128244300 1
128266952 1
128289604 1
128312258 1
128334913 1
64178785 1
128380230 1
128402893 1
64212778 1
64224111 1
128470892 1
128493562 1
64258116 1
64269454 1
128561583 1
64292130 1
128606942 1
64314813 1
128652306 1
128674994 1
64348841 1
128720370 1
64371532 1
128765758 1
64394227 1
64405575 1
128833851 1
64428277 1
128879256 1
64450981 1
64462337 1
128947382 1
128970092 1
128992808 1
129015524 1
129038242 1
129060961 1
129083684 1
129106408 1
129129133 1
129151860 1
64587296 1
64598661 1
129220058 1
129242792 1
129265530 1
129288271 1
64655506 1
64666879 1
64678251 1
64689627 1
129402001 1
64712378 1
129447507 1
129470263 1
64746512 1
64757891 1
129538542 1
129561306 1
129584072 1
129606841 1
64814806 1
129652384 1
64837578 1
129697934 1
64860355 1
64871745 1
64883138 1
129789058 1
129811842 1
64917316 1
129857420 1
64940108 1
129903007 1
129925804 1
64974301 1
64985700 1
64997102 1
130017007 1
130039814 1
65031310 1
130085432 1
65054123 1
65065530 1
65076937 1
65088347 1
65099757 1
130222332 1
65122579 1
130267984 1
130290810 1
130313640 1
130336474 1
130359307 1
65191073 1
65202490 1
130427821 1
65225331 1
65236753 1
130496352 1
130519201 1
130542052 1
65282453 1
130587757 1
65305306 1
130633470 1
65328167 1
130679192 1
65351028 1
130724923 1
65373897 1
65385330 1
65396766 1
130816406 1
65419641 1
130862160 1
130885041 1
65453962 1
65465404 1
65476847 1
130976582 1
130999470 1
65511182 1
65522630 1
65534078 1
65545526 1
65556975 1
65568426 1
65579880 1
131182664 1
131205572 1
131228482 1
65625696 1
65637154 1
65648611 1
131320141 1
131343061 1
65682991 1
65694454 1
65705917 1
131434761 1
131457692 1
131480624 1
65751780 1
65763247 1
65774717 1
65786187 1
131595314 1
131618257 1
65820601 1
131664151 1
131687100 1
65855028 1
131733008 1
65877983 1
131778922 1
131801881 1
131824844 1
65923903 1
65935388 1
65946871 1
131916712 1
131939682 1
131962657 1
131985633 1
132008612 1
132031592 1
66027287 1
132077558 1
132100542 1
132123531 1
66073262 1
132169513 1
66096254 1
132215504 1
66119250 1
132261502 1
66142252 1
66153754 1
66165256 1
66176762 1
132376532 1
66199771 1
132422557 1
132445574 1
132468592 1
132491612 1
66257316 1
66268829 1
66280342 1
132583712 1
132606742 1
132629773 1
66326405 1
66337923 1
132698882 1
132721921 1
66372483 1
132768008 1
66395528 1
66407052 1
66418575 1
132860203 1
132883257 1
132906314 1
66464687 1
66476215 1
66487748 1
66499279 1
133021622 1
133044691 1
133067760 1
66545416 1
66556953 1
133136983 1
66580032 1
66591571 1
133206224 1
66614655 1
133252392 1
133275482 1
133298572 1
133321664 1
66672379 1
66683926 1
66695475 1
133414050 1
133437153 1
66730128 1
66741683 1
66753236 1
133529582 1
66776346 1
133575808 1
66799462 1
133622042 1
133645162 1
133668284 1
66845705 1
66857268 1
66868830 1
66880395 1
133783923 1
133807056 1
66915097 1
133853331 1
66938236 1
133899613 1
133922756 1
133945903 1
133969052 1
133992200 1
134015352 1
67019253 1
134061664 1
67042411 1
134107981 1
67065572 1
67077154 1
67088737 1
67100320 1
134223810 1
67123492 1
134270156 1
134293333 1
134316510 1
67169847 1
67181436 1
67193030 1
134409244 1
67216215 1
67227810 1
134478813 1
67251004 1
67262601 1
67274202 1
134571600 1
134594803 1
67309005 1
67320607 1
67332211 1
67343815 1
67355421 1
134734057 1
134757273 1
67390247 1
67401857 1
134826932 1
134850158 1
67436691 1
67448307 1
67459921 1
134943073 1
134966307 1
134989542 1
67506392 1
135036020 1
135059262 1
135082508 1
67552876 1
135129001 1
67576127 1
67587753 1
135198756 1
135222012 1
135245271 1
67634266 1
67645897 1
67657528 1
135338322 1
67680796 1
135384860 1
67704068 1
67715704 1
67727343 1
135477961 1
135501242 1
67762263 1
135547807 1
135571092 1
67797190 1
67808835 1
67820483 1
135664256 1
67843776 1
67855426 1
135734152 1
135757452 1
135780756 1
135804064 1
135827371 1
67925340 1
135873994 1
67948654 1
135920624 1
67971971 1
67983630 1
67995291 1
68006955 1
68018618 1
136060561 1
136083892 1
68053611 1
136130558 1
68076947 1
136177230 1
68100285 1
68111956 1
68123629 1
136270603 1
136293952 1
68158650 1
68170326 1
68182003 1
136387364 1
68205360 1
136434080 1
136457442 1
136480807 1
136504172 1
136527541 1
68275455 1
136574282 1
136597656 1
68310516 1
136644412 1
136667790 1
136691173 1
136714558 1
68368971 1
136761332 1
68392361 1
68404056 1
68415753 1
68427452 1
136878301 1
136901702 1
136925104 1
136948508 1
68485956 1
136995321 1
68509367 1
68521072 1
137065557 1
137088974 1
68556195 1
137135812 1
68579617 1
137182657 1
137206082 1
68614755 1
68626470 1
137276373 1
137299806 1
68661623 1
137346681 1
137370120 1
137393562 1
68708504 1
68720228 1
68731950 1
137487352 1
137510802 1
137534257 1
137557712 1
137581172 1
68802316 1
68814046 1
68825780 1
137675023 1
68849247 1
68860982 1
137745434 1
68884455 1
137792382 1
68907932 1
68919671 1
137862824 1
68943155 1
68954896 1
137933281 1
68978385 1
68990132 1
138003758 1
69013627 1
69025377 1
69037126 1
69048877 1
69060629 1
69072381 1
69084136 1
138191782 1
138215294 1
138238808 1
138262323 1
138285842 1
69154681 1
138332884 1
138356406 1
69189968 1
69201730 1
138426992 1
138450522 1
138474058 1
69248797 1
69260566 1
69272335 1
138568212 1
69295879 1
69307651 1
138638852 1
69331201 1
138685953 1
138709506 1
138733063 1
69378310 1
69390091 1
69401872 1
69413655 1
69425436 1
69437220 1
69449005 1
69460793 1
138945158 1
69484366 1
69496157 1
69507946 1
69519736 1
69531530 1
139086644 1
69555116 1
69566910 1
139157413 1
69590504 1
69602303 1
69614102 1
139251801 1
69637701 1
139299007 1
139322614 1
139346222 1
139369830 1
69696721 1
69708528 1
69720338 1
139464292 1
69743955 1
139511532 1
139535157 1
139558784 1
69791206 1
139606041 1
139629672 1
69826654 1
69838471 1
69850292 1
69862110 1
139747862 1
69885755 1
69897576 1
69909400 1
69921227 1
139866104 1
139889757 1
69956708 1
69968537 1
69980365 1
69992196 1
140008058 1
140031722 1
70027695 1
70039532 1
140102733 1
140126407 1
70075042 1
140173761 1
70098720 1
70110563 1
140244808 1
70134248 1
70146091 1
70157937 1
140339562 1
140363256 1
70193478 1
70205326 1
140434350 1
70229027 1
70240879 1
140505464 1
140529170 1
70276442 1
70288298 1
70300155 1
140624022 1
70323870 1
140671460 1
70347591 1
70359454 1
140742632 1
70383182 1
140790092 1
140813823 1
70418779 1
140861293 1
140885030 1
70454386 1
140932513 1
70478130 1
70490001 1
70501877 1
141027502 1
70525628 1
70537504 1
70549383 1
70561262 1
141146280 1
141170044 1
141193806 1
70608786 1
141241342 1
141265111 1
70644443 1
70656328 1
70668218 1
141360210 1
70691995 1
141407774 1
70715778 1
70727673 1
141479131 1
141502920 1
70763358 1
70775254 1
70787152 1
70799052 1
141621901 1
70822851 1
141669506 1
141693313 1
141717122 1
70870467 1
141764743 1
141788558 1
70906188 1
141836191 1
70930005 1
70941918 1
141907656 1
70965741 1
141955312 1
70989570 1
71001488 1
142026806 1
142050642 1
71037240 1
71049162 1
71061082 1
71073004 1
71084927 1
142193702 1
71108775 1
142241402 1
142265258 1
71144557 1
142312970 1
142336832 1
142360694 1
142384556 1
142408422 1
71216147 1
71228080 1
142480034 1
71251955 1
71263891 1
71275831 1
71287772 1
142599423 1
71311653 1
142647194 1
142671080 1
142694972 1
142718863 1
71371378 1
71383326 1
71395275 1
142814450 1
71419177 1
142862256 1
142886162 1
142910072 1
142933980 1
71478946 1
71490903 1
143005723 1
71514820 1
143053562 1
143077482 1
143101406 1
71562667 1
71574632 1
71586597 1
71598562 1
143221056 1
71622498 1
143268931 1
71646436 1
71658406 1
71670379 1
71682352 1
71694326 1
71706300 1
71718278 1
143460507 1
143484464 1
71754210 1
71766190 1
71778173 1
71790154 1
71802137 1
143628241 1
71826106 1
143676184 1
143700157 1
71862066 1
71874057 1
143772091 1
71898038 1
143820056 1
143844043 1
71934016 1
71946012 1
71958006 1
143940006 1
71982002 1
143988000 1
144012001 1
72018003 1
144060007 1
144084013 1
72054012 1
72066015 1
72078022 1
144180057 1
72102038 1
144228090 1
144252111 1
72138067 1
144300158 1
72162093 1
72174107 1
144372240 1
72198136 1
144420308 1
72222173 1
72234192 1
144492421 1
144516464 1
72270253 1
144564554 1
72294302 1
144612651 1
72318352 1
144660756 1
144684814 1
72354436 1
144732932 1
72378497 1
72390528 1
72402562 1
72414596 1
72426632 1
72438668 1
144901408 1
72462741 1
72474780 1
72486821 1
72498861 1
145021806 1
145045892 1
145069980 1
145094072 1
145118163 1
72571129 1
145166353 1
72595225 1
145214552 1
72619328 1
72631380 1
72643431 1
72655487 1
145335082 1
72679597 1
145383307 1
72703712 1
145431542 1
145455660 1
72739893 1
72751955 1
145528034 1
72776082 1
72788146 1
145600422 1
72812278 1
145648692 1
145672830 1
145696971 1
145721112 1
72872629 1
145769403 1
145793551 1
72908851 1
145841852 1
145866008 1
145890164 1
72957162 1
145938481 1
145962643 1
72993403 1
73005487 1
73017570 1
73029656 1
146083482 1
73053828 1
146131832 1
73078006 1
146180190 1
73102188 1
73114279 1
73126372 1
146276932 1
146301121 1
146325313 1
73174753 1
73186851 1
73198950 1
73211052 1
73223153 1
73235255 1
146494714 1
73259461 1
146543132 1
146567342 1
146591557 1
73307886 1
146639992 1
146664210 1
146688434 1
146712656 1
146736882 1
146761111 1
146785341 1
73404786 1
73416903 1
146858043 1
73441142 1
146906522 1
73465382 1
73477505 1
73489628 1
147003500 1
147027752 1
73526002 1
73538129 1
147100513 1
147124772 1
73574515 1
147173293 1
73598779 1
147221824 1
73623047 1
73635180 1
73647316 1
73659455 1
73671593 1
147367460 1
73695872 1
147416022 1
147440306 1
147464594 1
147488880 1
73756585 1
147537463 1
147561757 1
147586052 1
73805175 1
73817326 1
147658952 1
147683256 1
147707563 1
73865937 1
147756180 1
73890247 1
147804806 1
147829122 1
147853441 1
73938882 1
147902083 1
73963205 1
147950733 1
147975060 1
147999390 1
148023724 1
148048057 1
74036197 1
74048366 1
74060535 1
74072707 1
148169757 1
74097051 1
148218451 1
74121400 1
148267153 1
148291506 1
74157933 1
74170111 1
74182292 1
74194472 1
148413306 1
74218836 1
74231020 1
74243206 1
148510783 1
148535157 1
148559532 1
148583910 1
74304146 1
74316337 1
74328528 1
74340722 1
74352915 1
74365112 1
148754613 1
148779006 1
74401702 1
148827801 1
148852202 1
148876602 1
74450505 1
74462706 1
74474911 1
74487116 1
148998644 1
149023057 1
74523737 1
74535945 1
149096311 1
149120733 1
74572579 1
149169583 1
149194010 1
74609222 1
74621436 1
74633654 1
74645871 1
149316180 1
149340620 1
74682532 1
149389506 1
149413954 1
149438401 1
74731425 1
149487304 1
74755878 1
149536212 1
74780336 1
74792567 1
74804798 1
74817028 1
149658523 1
149682990 1
149707460 1
74865967 1
74878203 1
149780882 1
74902681 1
149829841 1
149854322 1
74939404 1
149903293 1
149927782 1
149952272 1
149976763 1
150001257 1
150025753 1
150050252 1
150074750 1
75049627 1
75061878 1
150148263 1
150172772 1
75098642 1
75110897 1
150246308 1
150270823 1
150295340 1
150319861 1
75172192 1
150368907 1
75196718 1
75208981 1
75221245 1
75233513 1
75245780 1
150516092 1
150540630 1
75282585 1
75294856 1
150614257 1
150638804 1
75331676 1
150687902 1
150712454 1
75368503 1
75380782 1
75393061 1
75405341 1
150835242 1
75429905 1
75442188 1
75454472 1
150933510 1
150958083 1
150982656 1
75503618 1
75515906 1
75528195 1
151080973 1
151105556 1
151130142 1
75577365 1
151179320 1
151203913 1
151228507 1
151253104 1
75638852 1
151302300 1
151326903 1
75675755 1
151376112 1
151400720 1
75712667 1
151449943 1
75737278 1
151499172 1
151523792 1
151548411 1
75786516 1
151597658 1
151622282 1
151646912 1
75835771 1
75848088 1
75860403 1
151745443 1
151770081 1
151794721 1
75909683 1
75922004 1
151868652 1
151893302 1
75958977 1
151942604 1
75983629 1
75995956 1
76008287 1
76020615 1
76032947 1
152090556 1
152115223 1
152139890 1
76082281 1
76094617 1
76106955 1
76119292 1
152263260 1
152287940 1
152312623 1
76168654 1
76180998 1
152386680 1
152411371 1
76218033 1
76230380 1
76242726 1
76255075 1
76267425 1
76279776 1
76292128 1
76304483 1
152633672 1
76329192 1
76341548 1
152707807 1
152732524 1
76378621 1
152781960 1
76403343 1
76415703 1
152856134 1
152880861 1
76452797 1
152930323 1
152955058 1
152979792 1
76502265 1
153029270 1
76527008 1
153078756 1
153103502 1
76564126 1
153153000 1
76588876 1
153202506 1
76613632 1
76626011 1
76638391 1
153301542 1
153326307 1
153351072 1
76687922 1
153400612 1
76712693 1
76725078 1
153474932 1
153499710 1
153524491 1
76774636 1
153574056 1
76799421 1
76811816 1
153648420 1
76836607 1
153698008 1
76861401 1
76873801 1
76886200 1
153797203 1
76911003 1
76923407 1
76935810 1
153896432 1
76960622 1
153946058 1
76985437 1
153995691 1
154020511 1
77022667 1
154070158 1
77047492 1
77059905 1
77072320 1
154169473 1
154194307 1
77109572 1
154243982 1
154268822 1
154293662 1
154318506 1
154343353 1
77184102 1
77196527 1
154417904 1
77221378 1
77233808 1
154492470 1
77258665 1
154542192 1
77283529 1
77295961 1
154616790 1
154641661 1
154666532 1
77345704 1
77358141 1
77370580 1
154766041 1
77395461 1
77407905 1
154840692 1
77432791 1
154890472 1
154915364 1
154940258 1
154965153 1
154990052 1
155014951 1
155039853 1
155064757 1
77544833 1
155114571 1
155139482 1
77582196 1
155189308 1
155214222 1
77619572 1
155264060 1
155288983 1
155313908 1
155338832 1
77681880 1
77694346 1
155413623 1
77719280 1
77731748 1
77744216 1
77756685 1
77769156 1
77781630 1
77794101 1
155613150 1
155638101 1
77831527 1
155688008 1
77856481 1
155737920 1
155762882 1
155787843 1
77906404 1
77918886 1
77931370 1
155887712 1
155912684 1
77968829 1
77981317 1
77993806 1
78006297 1
78018787 1
156062557 1
156087543 1
78056265 1
156137520 1
78081258 1
156187506 1
156212502 1
78118750 1
78131250 1
78143751 1
78156254 1
156337514 1
156362521 1
156387532 1
156412543 1
78218780 1
78231287 1
78243796 1
78256307 1
78268817 1
78281328 1
156587682 1
78306357 1
78318871 1
78331387 1
156687806 1
78356422 1
156737880 1
156762922 1
78393983 1
156813008 1
78419028 1
78431552 1
78444077 1
78456603 1
78469129 1
78481657 1
78494185 1
157013432 1
78519246 1
78531778 1
78544312 1
78556845 1
78569380 1
157163834 1
78594453 1
157213983 1
78619530 1
157264142 1
157289223 1
78657154 1
157339392 1
78682240 1
157389572 1
78707333 1
157439757 1
157464854 1
78744977 1
78757525 1
157540153 1
157565256 1
157590364 1
157615472 1
78820290 1
78832847 1
157690807 1
78857961 1
157741041 1
157766160 1
157791282 1
78908204 1
157841533 1
157866662 1
78945895 1
78958462 1
78971030 1
157967193 1
78996166 1
158017472 1
158042613 1
79033880 1
79046453 1
158118050 1
158143201 1
79084178 1
158193508 1
158218663 1
158243821 1
79134491 1
79147071 1
158319306 1
158344474 1
158369641 1
158394810 1
79209991 1
79222580 1
79235167 1
79247755 1
158520692 1
158545872 1
158571057 1
158596242 1
158621432 1
79323312 1
158671814 1
79348505 1
79361101 1
79373700 1
79386300 1
79398902 1
158823008 1
158848213 1
158873420 1
79449317 1
79461921 1
79474529 1
79487138 1
79499745 1
159024712 1
79524968 1
159075157 1
159100382 1
159125612 1
79575421 1
79588037 1
159201308 1
79613271 1
159251782 1
159277021 1
79651131 1
79663755 1
159352752 1
79689002 1
79701626 1
159428504 1
79726880 1
79739506 1
159504270 1
159529531 1
79777396 1
79790029 1
79802661 1
159630590 1
159655862 1
79840567 1
79853203 1
79865841 1
159756960 1
79891120 1
159807522 1
159832808 1
159858092 1
79941692 1
159908671 1
79966981 1
159959256 1
79992276 1
160009851 1
160035152 1
160060454 1
160085756 1
80055532 1
160136371 1
80080840 1
160186994 1
80106154 1
80118811 1
80131470 1
160288260 1
80156791 1
160338907 1
160364233 1
80194781 1
80207447 1
80220113 1
160465558 1
160490892 1
160516232 1
80270786 1
160566914 1
80296130 1
80308801 1
80321475 1
80334150 1
80346827 1
160719006 1
160744364 1
160769721 1
80397540 1
80410222 1
80422905 1
80435586 1
80448271 1
160921910 1
160947284 1
80486329 1
80499016 1
161023410 1
80524397 1
161074172 1
161099557 1
80562473 1
161150331 1
80587861 1
80600558 1
80613253 1
161251904 1
80638651 1
80651350 1
161328102 1
161353507 1
80689457 1
161404320 1
80714866 1
161455143 1
161480557 1
80752988 1
80765697 1
80778405 1
80791116 1
161607658 1
80816543 1
80829256 1
80841971 1
80854687 1
161734807 1
80880122 1
161785680 1
161811120 1
161836564 1
80931003 1
161887454 1
80956451 1
80969176 1
80981901 1
161989258 1
162014712 1
81020087 1
162065630 1
162091093 1
81058280 1
162142024 1
162167492 1
81096481 1
81109218 1
162243906 1
162269383 1
81147432 1
162320342 1
162345823 1
162371306 1
162396794 1
81211141 1
81223886 1
162473263 1
81249379 1
162524252 1
81274877 1
162575250 1
162600752 1
162626258 1
81325883 1
81338636 1
162702780 1
162728292 1
81376904 1
162779323 1
162804842 1
162830361 1
81427941 1
162881407 1
81453467 1
162932462 1
162957991 1
162983522 1
163009057 1
81517298 1
81530067 1
81542836 1
163111212 1
163136757 1
81581153 1
81593925 1
163213401 1
163238954 1
81632254 1
163290063 1
163315620 1
163341180 1
81683372 1
163392307 1
81708937 1
81721721 1
163469012 1
81747291 1
163520158 1
81772867 1
81785655 1
163596890 1
81811238 1
163648057 1
163673644 1
163699232 1
163724821 1
81875207 1
163776006 1
81900802 1
81913600 1
163852802 1
81939202 1
81952003 1
163929613 1
163955220 1
81990417 1
82003221 1
82016028 1
164057673 1
164083291 1
82054456 1
164134532 1
164160158 1
164185784 1
82105707 1
164237041 1
164262672 1
82144155 1
82156971 1
164339581 1
164365221 1
164390862 1
164416507 1
82221077 1
164467801 1
164493452 1
82259553 1
164544756 1
82285207 1
164596072 1
164621732 1
164647394 1
82336530 1
82349361 1
82362197 1
82375030 1
164775733 1
164801407 1
82413543 1
82426382 1
164878442 1
82452062 1
82464903 1
82477747 1
82490592 1
165006870 1
82516282 1
165058256 1
82541978 1
82554825 1
165135350 1
82580528 1
165186757 1
82606231 1
82619085 1
165263881 1
165289592 1
165315308 1
82670511 1
82683372 1
82696232 1
165418183 1
165443907 1
82734817 1
82747681 1
82760547 1
82773413 1
82786279 1
82799147 1
82812017 1
165649772 1
82837756 1
82850630 1
165727002 1
165752750 1
165778500 1
165804253 1
82915005 1
165855764 1
165881520 1
82953641 1
165933043 1
165958806 1
82992287 1
166010340 1
166036111 1
166061884 1
83043828 1
166113432 1
166139210 1
83082497 1
166190772 1
83108280 1
166242342 1
166268131 1
166293920 1
166319712 1
166345506 1
83185651 1
83198551 1
166422901 1
83224351 1
166474508 1
166500313 1
166526121 1
166551932 1
83288873 1
166603556 1
83314686 1
83327597 1
83340507 1
166706834 1
83366330 1
166758482 1
83392155 1
166810140 1
83417987 1
83430905 1
166887642 1
83456740 1
166939320 1
83482581 1
166991006 1
83508428 1
167042700 1
167068552 1
167094402 1
167120256 1
167146113 1
83585986 1
83598917 1
83611847 1
83624780 1
83637712 1
167301292 1
167327162 1
83676516 1
167378906 1
167404784 1
167430661 1
83728271 1
83741211 1
83754155 1
83767096 1
167560081 1
83792985 1
83805932 1
83818878 1
83831828 1
83844775 1
167715451 1
167741353 1
167767257 1
167793162 1
83909536 1
83922492 1
167870893 1
83948405 1
167922724 1
167948640 1
83987280 1
84000241 1
84013205 1
84026168 1
84039130 1
84052095 1
168130122 1
168156057 1
84090996 1
84103966 1
84116936 1
168259813 1
84142878 1
168311702 1
168337650 1
168363601 1
168389552 1
168415508 1
84220733 1
84233711 1
168493382 1
168519343 1
84272654 1
168571274 1
168597242 1
168623211 1
168649184 1
168675158 1
84350567 1
168727110 1
168753090 1
84389538 1
84402529 1
84415522 1
168857032 1
168883021 1
168909013 1
168935007 1
84480501 1
84493501 1
84506500 1
169039004 1
84532505 1
169091014 1
84558510 1
84571515 1
84584523 1
84597529 1
84610536 1
169247092 1
169273111 1
169299132 1
169325156 1
84675593 1
84688607 1
84701622 1
169429273 1
169455308 1
169481342 1
169507381 1
169533421 1
84779733 1
84792753 1
84805778 1
84818801 1
169663650 1
169689702 1
84857880 1
169741813 1
169767870 1
169793932 1
169819994 1
169846057 1
169872122 1
84949096 1
169924261 1
84975166 1
84988203 1
170002483 1
170028560 1
85027321 1
170080722 1
85053404 1
85066448 1
85079491 1
85092536 1
170211164 1
85118630 1
170263352 1
170289451 1
170315550 1
85170826 1
85183880 1
85196933 1
85209986 1
85223040 1
85236098 1
170498308 1
170524423 1
85275272 1
170576661 1
170602784 1
85314453 1
85327518 1
170681160 1
170707290 1
85366712 1
85379780 1
170785692 1
85405915 1
85418987 1
85432056 1
170890256 1
85458201 1
170942552 1
85484351 1
85497426 1
85510503 1
171047162 1
85536660 1
171099482 1
171125644 1
171151806 1
171177974 1
85602071 1
171230311 1
85628242 1
85641329 1
171308833 1
85667507 1
85680595 1
85693687 1
85706778 1
85719871 1
85732967 1
85746061 1
85759158 1
171544507 1
85785353 1
85798451 1
171623102 1
85824652 1
85837753 1
171701713 1
171727921 1
85877065 1
85890173 1
85903280 1
85916388 1
171858991 1
85942607 1
171911433 1
171937658 1
85981943 1
171990110 1
86008170 1
86021287 1
86034405 1
172095043 1
172121281 1
86073762 1
86086881 1
86100003 1
86113126 1
172252501 1
86139375 1
172305004 1
86165630 1
86178756 1
172383772 1
172410030 1
172436292 1
86231278 1
172488823 1
86257546 1
172541360 1
172567634 1
172593907 1
172620182 1
172646462 1
86336371 1
172699022 1
86362655 1
86375798 1
86388942 1
172804170 1
172830463 1
86428380 1
172883052 1
86454677 1
172935650 1
86480977 1
86494129 1
86507283 1
86520437 1
86533591 1
173093493 1
173119808 1
86573063 1
173172442 1
173198761 1
173225083 1
86625703 1
86638866 1
173304061 1
86665196 1
173356722 1
86691529 1
86704698 1
173435732 1
173462070 1
173488414 1
86757380 1
86770553 1
86783725 1
86796902 1
173620152 1
173646506 1
86836432 1
86849610 1
173725581 1
86875971 1
86889153 1
173804673 1
86915521 1
86928707 1
173883783 1
86955080 1
173936533 1
86981455 1
173989291 1
174015674 1
87021028 1
174068442 1
87047416 1
87060611 1
174147613 1
174174006 1
174200403 1
174226801 1
87126601 1
174279603 1
174306006 1
174332413 1
174358821 1
174385230 1
87205821 1
174438056 1
174464472 1
87245445 1
174517310 1
87271867 1
87285078 1
174596583 1
87311507 1
174649442 1
174675872 1
87351154 1
87364372 1
87377591 1
174781621 1
174808063 1
87417254 1
174860953 1
87443700 1
174913851 1
174940304 1
174966756 1
87496606 1
87509837 1
87523066 1
175072593 1
87549528 1
175125523 1
87575995 1
175178462 1
175204932 1
175231406 1
87628942 1
175284361 1
175310842 1
175337324 1
175363807 1
175390293 1
175416782 1
87721635 1
175469764 1
175496258 1
175522752 1
175549252 1
87787875 1
175602252 1
87814380 1
175655262 1
175681771 1
175708281 1
175734794 1
175761307 1
87893912 1
87907171 1
175840860 1
175867382 1
87946954 1
175920434 1
87973481 1
87986746 1
88000011 1
176026558 1
176053093 1
88039816 1
88053085 1
88066358 1
88079628 1
88092903 1
176212351 1
88119452 1
176265454 1
176292007 1
176318564 1
176345122 1
176371682 1
88199121 1
176424807 1
176451372 1
88238971 1
88252255 1
88265541 1
176557656 1
176584232 1
176610810 1
88318695 1
88331986 1
88345278 1
176717144 1
88371865 1
176770320 1
176796913 1
176823507 1
176850104 1
176876701 1
176903302 1
88464951 1
88478253 1
176983113 1
177009721 1
177036332 1
88531471 1
177089557 1
88558088 1
88571395 1
177169412 1
88598016 1
88611330 1
88624641 1
88637955 1
88651272 1
177329173 1
88677903 1
88691221 1
177409082 1
88717860 1
88731183 1
177489008 1
88757826 1
177542301 1
88784476 1
177595603 1
177622258 1
88824457 1
88837785 1
177702232 1
177728893 1
177755556 1
177782224 1
88904445 1
177835560 1
177862232 1
88944454 1
88957792 1
177942260 1
88984471 1
88997812 1
178022308 1
89024497 1
178075681 1
89051187 1
178129063 1
178155757 1
89091227 1
89104577 1
89117927 1
178262552 1
89144629 1
89157981 1
178342671 1
178369380 1
178396092 1
89211405 1
178449523 1
178476242 1
89251481 1
178529683 1
178556406 1
89291567 1
89304931 1
89318297 1
89331663 1
89345029 1
178716794 1
178743531 1
178770270 1
89398508 1
89411880 1
178850502 1
178877251 1
89452001 1
89465376 1
178957506 1
89492133 1
89505511 1
89518891 1
179064543 1
179091308 1
89559038 1
89572422 1
179171612 1
89599193 1
89612580 1
89625967 1
179278712 1
179305490 1
89666136 1
179359058 1
179385842 1
89706316 1
179439421 1
179466214 1
89746505 1
179519804 1
179546600 1
179573401 1
179600204 1
179627007 1
89826907 1
89840312 1
89853717 1
179734242 1
179761056 1
89893937 1
179814690 1
89920756 1
89934166 1
179895157 1
89960992 1
179948811 1
179975641 1
180002473 1
180029307 1
90028071 1
90041490 1
90054912 1
180136663 1
180163506 1
90095176 1
180217202 1
180244051 1
90135453 1
180297758 1
180324613 1
180351471 1
180378331 1
90202598 1
90216029 1
90229463 1
90242896 1
90256330 1
90269766 1
90283204 1
90296642 1
90310081 1
90323521 1
180673923 1
180700808 1
180727693 1
180754582 1
90390735 1
90404182 1
180835256 1
180862154 1
180889052 1
90457975 1
90471428 1
90484880 1
180996664 1
181023571 1
181050482 1
181077393 1
90552154 1
181131224 1
90579072 1
90592531 1
181211982 1
181238906 1
90632916 1
181292762 1
181319691 1
90673313 1
90686779 1
90700248 1
90713715 1
181454370 1
181481313 1
90754129 1
90767602 1
181562152 1
90794550 1
90808028 1
90821503 1
90834981 1
90848460 1
181723880 1
181750844 1
181777806 1
181804774 1
181831742 1
90929356 1
181885683 1
181912658 1
181939633 1
90983305 1
90996795 1
182020573 1
91023778 1
182074544 1
182101532 1
182128520 1
91077756 1
91091255 1
91104751 1
91118250 1
182263502 1
91145251 1
182317506 1
182344512 1
182371520 1
182398532 1
182425543 1
182452558 1
91239788 1
91253295 1
91266806 1
182560633 1
182587657 1
182614683 1
182641710 1
91334371 1
91347886 1
91361403 1
182749842 1
91388442 1
91401960 1
91415482 1
91429004 1
91442528 1
182912100 1
91469575 1
91483101 1
182993258 1
183020313 1
183047370 1
183074432 1
91550747 1
91564279 1
183155622 1
183182692 1
183209762 1
91618416 1
183263908 1
91645492 1
183318060 1
91672572 1
91686112 1
183399308 1
91713196 1
183453480 1
183480571 1
183507664 1
91767378 1
183561853 1
183588950 1
91808027 1
91821576 1
183670257 1
91848682 1
91862236 1
183751581 1
91889347 1
183805806 1
91916462 1
91930021 1
91943580 1
183914282 1
183941408 1
91984266 1
183995661 1
184022792 1
184049924 1
92038530 1
92052098 1
92065665 1
92079235 1
184185613 1
92106378 1
184239903 1
184267051 1
184294201 1
92160677 1
92174254 1
92187832 1
92201411 1
92214991 1
184457143 1
92242153 1
184511472 1
92269322 1
184565812 1
184592983 1
92310078 1
184647332 1
184674511 1
92350846 1
184728872 1
184756057 1
184783243 1
92405215 1
92418811 1
184864813 1
184892006 1
184919204 1
184946401 1
184973600 1
185000803 1
185028008 1
185055213 1
92541211 1
92554815 1
92568421 1
185164057 1
185191273 1
92609245 1
92622856 1
92636467 1
185300158 1
92663693 1
92677306 1
92690920 1
92704537 1
185436306 1
92731771 1
92745390 1
185518022 1
185545262 1
185572506 1
92799878 1
92813501 1
185654252 1
185681503 1
92854379 1
92868006 1
185763271 1
185790532 1
185817792 1
185845058 1
185872323 1
185899592 1
92963431 1
185954132 1
92990705 1
186008684 1
186035962 1
93031622 1
93045263 1
186117806 1
93072547 1
186172380 1
93099836 1
93113483 1
186254258 1
186281553 1
186308852 1
93168075 1
186363454 1
186390756 1
93209031 1
186445370 1
93236342 1
186499993 1
93263654 1
93277313 1
93290971 1
186609261 1
186636584 1
186663906 1
93345618 1
186718562 1
93372946 1
186773223 1
186800557 1
186827892 1
186855230 1
93441287 1
186909913 1
93468628 1
186964602 1
93495977 1
187019300 1
93523326 1
93537004 1
187101362 1
93564362 1
93578041 1
93591723 1
187210808 1
187238174 1
187265541 1
93646457 1
93660143 1
187347658 1
93687518 1
93701207 1
187429791 1
93728588 1
187484556 1
93755972 1
93769667 1
187566722 1
187594113 1
93810754 1
187648904 1
93838151 1
93851850 1
93865552 1
187758508 1
187785913 1
93906660 1
187840730 1
187868142 1
93947778 1
93961486 1
187950391 1
187977811 1
188005233 1
94016328 1
94030042 1
94043757 1
188114942 1
94071188 1
188169808 1
94098623 1
94112341 1
94126061 1
188279563 1
188307008 1
94167228 1
94180950 1
188389351 1
94208403 1
188444256 1
94235858 1
188499170 1
188526630 1
188554092 1
188581557 1
188609024 1
94318245 1
94331982 1
94345716 1
94359454 1
188746382 1
94386930 1
94400670 1
94414413 1
188856308 1
188883792 1
94455642 1
94469386 1
94483131 1
94496879 1
94510627 1
94524375 1
189076252 1
189103753 1
189131256 1
189158763 1
94593135 1
94606892 1
94620646 1
189268806 1
189296323 1
189323840 1
189351360 1
94689441 1
94703203 1
189433932 1
189461461 1
189488991 1
189516522 1
189544058 1
189571592 1
189599130 1
189626671 1
189654214 1
189681756 1
189709302 1
94868426 1
189764401 1
94895977 1
189819506 1
189847063 1
94937310 1
189902182 1
94964871 1
189957308 1
94992438 1
190012441 1
95020005 1
95033791 1
95047580 1
190122733 1
95075157 1
95088947 1
190205473 1
95116530 1
190260643 1
190288232 1
95157911 1
190343412 1
190371007 1
95199302 1
190426202 1
95226902 1
95240701 1
95254504 1
190536612 1
95282111 1
190591832 1
95309722 1
190647057 1
190674672 1
190702292 1
95364957 1
95378766 1
95392580 1
190812784 1
95420205 1
190868040 1
95447836 1
190923306 1
190950942 1
190978581 1
191006221 1
191033862 1
191061507 1
191089153 1
95558402 1
95572227 1
191172102 1
191199758 1
95613708 1
95627535 1
95641367 1
191310394 1
191338057 1
95682861 1
191393392 1
95710530 1
191448732 1
95738205 1
95752042 1
95765882 1
95779721 1
95793561 1
95807405 1
191642494 1
191670182 1
95848936 1
95862783 1
191753256 1
191780953 1
191808651 1
191836352 1
191864054 1
95945879 1
95959732 1
191947170 1
95987441 1
96001296 1
192030308 1
192058022 1
96042870 1
192113461 1
192141182 1
192168907 1
192196634 1
192224361 1
96126045 1
96139913 1
192307556 1
192335292 1
192363032 1
192390772 1
192418513 1
192446256 1
96237001 1
96250877 1
96264750 1
96278626 1
96292505 1
96306382 1
96320260 1
192668280 1
96348022 1
96361904 1
192751572 1
96389671 1
96403557 1
96417443 1
192862657 1
96445216 1
96459107 1
96472996 1
192973773 1
96500778 1
96514672 1
96528567 1
193084920 1
193112713 1
96570255 1
193168304 1
193196101 1
193223900 1
193251703 1
193279506 1
193307313 1
96667562 1
193362931 1
96695371 1
96709280 1
193446372 1
96737095 1
96751007 1
193529834 1
193557658 1
96792741 1
96806655 1
96820571 1
96834488 1
193696806 1
193724643 1
96876242 1
193780320 1
193808164 1
193836007 1
96931928 1
193891700 1
193919552 1
193947403 1
96987628 1
97001557 1
194030970 1
194058831 1
194086694 1
194114556 1
194142424 1
97085147 1
194198160 1
97113018 1
97126954 1
97140891 1
97154832 1
194337541 1
97182711 1
97196654 1
194421192 1
194449082 1
97238486 1
97252433 1
194532757 1
97280326 1
194588550 1
97308226 1
194644353 1
97336130 1
97350082 1
97364035 1
194755980 1
194783894 1
97405905 1
194839724 1
194867640 1
194895561 1
194923482 1
97475704 1
194979334 1
195007260 1
97517595 1
195063123 1
195091056 1
97559498 1
97573466 1
97587436 1
97601406 1
97615379 1
195258703 1
195286650 1
195314601 1
195342553 1
195370508 1
195398463 1
97713211 1
97727190 1
195482342 1
97755154 1
195538272 1
97783122 1
195594211 1
195622182 1
97825078 1
195678133 1
195706110 1
195734090 1
195762073 1
97895030 1
97909022 1
97923015 1
97937010 1
97951008 1
97965005 1
195958004 1
195986001 1
196014000 1
98021003 1
98035003 1
196098013 1
196126021 1
196154031 1
196182044 1
196210058 1
98119038 1
98133045 1
196294112 1
196322133 1
196350158 1
98189092 1
196406211 1
98217122 1
98231138 1
98245154 1
196518343 1
196546381 1
98287210 1
98301231 1
98315254 1
196658554 1
196686600 1
98357327 1
98371352 1
98385380 1
98399406 1
196826872 1
196854931 1
196882994 1
98455528 1
98469561 1
196967190 1
98497632 1
98511668 1
197051406 1
98539743 1
197107562 1
197135642 1
197163724 1
98595905 1
98609946 1
197247982 1
98638037 1
197304162 1
98666129 1
197360352 1
197388450 1
197416552 1
197444652 1
98736378 1
98750432 1
98764486 1
197557081 1
197585192 1
98806654 1
197641422 1
98834772 1
98848832 1
197725782 1
197753906 1
197782032 1
98905082 1
98919146 1
98933211 1
197894557 1
197922692 1
98975417 1
197978971 1
198007112 1
99017630 1
99031703 1
198091550 1
198119702 1
198147852 1
99088005 1
198204163 1
198232320 1
198260482 1
198288643 1
99158403 1
99172488 1
99186571 1
99200657 1
198429483 1
99228829 1
99242917 1
198514010 1
99271096 1
198570374 1
198598557 1
99313373 1
99327466 1
198683121 1
99355657 1
99369754 1
198767703 1
99397950 1
198824102 1
99426152 1
198880507 1
99454358 1
198936921 1
198965130 1
99496671 1
99510779 1
99524887 1
199077991 1
199106211 1
199134432 1
199162657 1
199190882 1
199219110 1
99623672 1
99637788 1
199303808 1
99666021 1
99680140 1
99694262 1
199416762 1
99722505 1
199473253 1
199501500 1
99764876 1
199558004 1
199586257 1
199614514 1
99821387 1
99835515 1
199699293 1
99863780 1
199755822 1
199784092 1
99906181 1
99920318 1
99934453 1
199897182 1
199925460 1
199953740 1
199982023 1
100005154 1
100019296 1
200066880 1
100047587 1
100061733 1
100075878 1
100090027 1
100104175 1
100118327 1
200264953 1
100146630 1
100160783 1
100174936 1
100189092 1
200406493 1
200434806 1
200463124 1
100245722 1
100259881 1
100274042 1
200576407 1
200604732 1
100316531 1
100330696 1
100344862 1
200718058 1
100373197 1
100387365 1
200803072 1
200831414 1
100429878 1
200888102 1
100458227 1
200944802 1
100486577 1
100500755 1
100514931 1
201058220 1
100543290 1
201114943 1
100571654 1
201171673 1
201200041 1
100614205 1
201256784 1
100642580 1
201313534 1
100670955 1
201370291 1
201398674 1
100713528 1
201455444 1
100741917 1
201512220 1
201540613 1
201569008 1
100798701 1
100812900 1
201654201 1
201682602 1
100855504 1
100869708 1
100883911 1
201796232 1
201824644 1
201853056 1
100940737 1
100954945 1
100969156 1
100983366 1
100997580 1
101011793 1
202052011 1
101040222 1
101054437 1
202137308 1
101082871 1
202194182 1
202222622 1
202251064 1
202279508 1
101153978 1
101168200 1
101182425 1
101196651 1
101210880 1
202450213 1
101239336 1
202507130 1
101267797 1
101282029 1
101296263 1
101310495 1
202649460 1
101338968 1
101353205 1
101367441 1
202763361 1
101395921 1
202820324 1
202848808 1
202877293 1
202905781 1
101467135 1
202962762 1
202991257 1
203019752 1
101524127 1
101538376 1
203105252 1
101566880 1
203162264 1
203190771 1
101609640 1
203247792 1
203276308 1
101652413 1
203333341 1
203361862 1
203390382 1
203418906 1
101723716 1
203475960 1
101752245 1
203533022 1
101780780 1
203590093 1
203618630 1
203647170 1
203675713 1
203704257 1
203732803 1
203761350 1
101894950 1
203818452 1
101923503 1
203875564 1
101952062 1
101966341 1
101980623 1
101994903 1
204018373 1
204046942 1
102037756 1
204104083 1
102066330 1
204161232 1
102094907 1
102109197 1
102123486 1
204275558 1
204304142 1
102166366 1
204361320 1
102194958 1
204418507 1
102223551 1
204475701 1
204504301 1
102266451 1
204561507 1
204590113 1
102309360 1
204647331 1
204675942 1
102352279 1
204733172 1
204761791 1
102395205 1
204819033 1
204847656 1
204876282 1
204904912 1
204933541 1
102481086 1
204990807 1
205019442 1
205048080 1
205076722 1
205105363 1
102567004 1
102581327 1
102595651 1
205219950 1
102624303 1
102638628 1
205305914 1
205334571 1
102681617 1
205391893 1
205420556 1
102724611 1
102738947 1
205506562 1
102767616 1
102781953 1
102796293 1
102810631 1
102824971 1
205678622 1
102853654 1
102867998 1
102882342 1
102896686 1
205822063 1
205850757 1
205879454 1
102954075 1
205936851 1
102982776 1
205994257 1
103011481 1
206051672 1
103040192 1
206109094 1
206137806 1
206166523 1
103097622 1
206223960 1
206252682 1
206281408 1
103155066 1
103169430 1
103183796 1
103198162 1
206425058 1
103226897 1
206482531 1
103255635 1
206540013 1
103284379 1
103298751 1
103313125 1
103327502 1
206683754 1
103356253 1
206741263 1
206770020 1
206798782 1
103413771 1
206856307 1
103442537 1
206913841 1
103471305 1
103485691 1
103500078 1
207028933 1
103528856 1
103543246 1
103557637 1
207144058 1
207172844 1
207201631 1
103615212 1
207259214 1
207288006 1
103658402 1
207345601 1
103687202 1
103701603 1
207432008 1
207460813 1
207489622 1
103759216 1
103773622 1
103788028 1
103802436 1
207633691 1
103831255 1
103845668 1
207720156 1
103874492 1
207777811 1
207806641 1
207835473 1
207864308 1
207893144 1
103960990 1
103975412 1
207979664 1
208008507 1
104018677 1
104033100 1
104047527 1
208123904 1
104076380 1
104090807 1
104105237 1
208239332 1
104134098 1
104148530 1
104162962 1
208354791 1
104191831 1
104206268 1
208441408 1
208470282 1
104249581 1
208528042 1
208556922 1
208585808 1
104307347 1
208643581 1
208672470 1
208701362 1
104365129 1
104379576 1
104394027 1
104408476 1
104422927 1
208874758 1
104451833 1
104466287 1
208961482 1
104495196 1
104509654 1
104524111 1
209077140 1
209106060 1
104567493 1
104581953 1
104596418 1
104610882 1
104625345 1
104639813 1
104654280 1
209337492 1
209366431 1
104697686 1
104712156 1
104726628 1
209482203 1
209511152 1
209540101 1
104784527 1
104799005 1
104813481 1
209655922 1
104842441 1
209713843 1
104871404 1
209771774 1
104900370 1
209829711 1
209858682 1
104943828 1
209916632 1
209945612 1
209974590 1
105001787 1
210032556 1
210061542 1
105045267 1
105059761 1
210148514 1
210177508 1
210206504 1
210235501 1
210264500 1
105146751 1
105161255 1
105175756 1
210380521 1
105204766 1
105219272 1
210467556 1
210496574 1
210525590 1
105277307 1
105291818 1
105306329 1
210641682 1
105335356 1
210699741 1
210728773 1
105378904 1
105393422 1
210815882 1
210844922 1
210873962 1
210903006 1
210932053 1
105480552 1
105495077 1
105509603 1
211048256 1
105538657 1
211106370 1
211135430 1
211164494 1
211193557 1
105611311 1
105625847 1
211280761 1
211309833 1
211338908 1
211367984 1
105698531 1
105713070 1
105727612 1
105742154 1
211513392 1
211542480 1
105785787 1
211600663 1
211629756 1
211658854 1
105843975 1
211717050 1
105873076 1
105887628 1
211804364 1
105916735 1
105931292 1
211891692 1
105960404 1
105974961 1
105989520 1
212008161 1
106018641 1
212066408 1
212095534 1
212124662 1
212153791 1
212182922 1
212212058 1
212241192 1
106135167 1
106149735 1
106164307 1
212357758 1
212386903 1
106208025 1
106222602 1
106237176 1
106251753 1
106266333 1
212561820 1
212590980 1
212620144 1
212649307 1
212678472 1
212707640 1
106368405 1
212765982 1
106397578 1
212824333 1
212853510 1
212882691 1
106455936 1
106470530 1
212970244 1
106499717 1
213028622 1
213057814 1
106543504 1
213116202 1
106572702 1
106587301 1
213203803 1
106616505 1
106631108 1
213291420 1
213320630 1
106674921 1
106689529 1
106704138 1
213437491 1
213466711 1
106747966 1
213525158 1
106777191 1
106791806 1
213612842 1
213642074 1
106835654 1
213700544 1
106864892 1
106879510 1
213788262 1
106908753 1
213846752 1
106938002 1
106952626 1
106967253 1
106981878 1
213993012 1
214022270 1
214051531 1
214080792 1
107055028 1
107069661 1
107084296 1
214197862 1
214227134 1
107128203 1
107142842 1
107157481 1
214344241 1
214373524 1
107201403 1
214432092 1
107230692 1
107245336 1
214519964 1
214549257 1
214578552 1
107303925 1
107318576 1
214666453 1
107347878 1
214725064 1
107377187 1
214783682 1
107406496 1
214842307 1
107435813 1
214900941 1
107465131 1
107479791 1
107494455 1
107509117 1
215047560 1
107538445 1
107553113 1
215135556 1
107582446 1
107597117 1
107611786 1
107626456 1
215282258 1
215311602 1
107670476 1
215370300 1
107699827 1
215429007 1
215458362 1
107743862 1
215517081 1
215546442 1
107787903 1
107802587 1
107817270 1
107831956 1
215693284 1
215722656 1
107876018 1
215781411 1
215810792 1
215840173 1
107934779 1
215898943 1
107964167 1
215957722 1
215987112 1
216016506 1
216045902 1
108037651 1
216104701 1
108067053 1
216163507 1
108096456 1
216222322 1
216251732 1
216281143 1
108155279 1
108169986 1
216369390 1
108199406 1
216428233 1
216457656 1
216487082 1
108258257 1
216545941 1
216575374 1
108302403 1
108317122 1
108331840 1
216693120 1
108361282 1
108376003 1
216781454 1
216810901 1
108420175 1
216869803 1
108449629 1
108464357 1
216958172 1
216987632 1
217017093 1
108523278 1
108538012 1
108552747 1
108567481 1
217164434 1
217193908 1
217223382 1
217252861 1
217282340 1
108655911 1
217341307 1
217370794 1
108700140 1
108714885 1
108729632 1
108744378 1
217518253 1
217547750 1
108788625 1
217606752 1
108818130 1
108832881 1
217695271 1
108862390 1
108877147 1
217783806 1
108906662 1
108921420 1
108936181 1
217901884 1
108965703 1
217960932 1
217990461 1
109009997 1
109024762 1
109039530 1
218108593 1
109069066 1
218167670 1
218197214 1
218226757 1
218256304 1
218285850 1
109157701 1
218344953 1
109187254 1
218404064 1
109216812 1
109231591 1
218492743 1
218522307 1
218551872 1
109290720 1
109305507 1
109320293 1
109335079 1
109349868 1
218729312 1
109379445 1
109394237 1
109409028 1
109423822 1
109438616 1
109453411 1
109468207 1
109483004 1
109497801 1
109512600 1
109527402 1
109542201 1
109557004 1
219143613 1
109586611 1
219202831 1
109616223 1
219262056 1
109645836 1
219321291 1
219350910 1
109690267 1
109705080 1
219439784 1
109734707 1
109749520 1
219528674 1
219558308 1
109793973 1
219617581 1
109823610 1
109838433 1
109853254 1
109868076 1
219765801 1
219795451 1
219825104 1
109927380 1
109942207 1
109957035 1
219943731 1
219973392 1
110001528 1
220032723 1
220062390 1
220092060 1
110060867 1
110075704 1
220181082 1
220210760 1
110120220 1
220270124 1
220299808 1
220329494 1
220359182 1
220388870 1
110209281 1
220448256 1
220477953 1
220507652 1
220537350 1
220567052 1
220596757 1
110313233 1
110328087 1
110342942 1
110357798 1
110372653 1
220775023 1
110402371 1
110417230 1
110432091 1
110446955 1
110461818 1
220953362 1
220983092 1
110506413 1
110521279 1
110536146 1
110551016 1
110565887 1
110580757 1
221191257 1
221221003 1
110625376 1
221280501 1
221310252 1
110670003 1
110684883 1
110699761 1
221429280 1
110729522 1
110744404 1
221518573 1
221548341 1
110789056 1
221607884 1
221637657 1
110833718 1
221697211 1
221726991 1
110878387 1
110893280 1
221816342 1
221846131 1
110937961 1
110952856 1
221935508 1
110982652 1
110997551 1
111012450 1
222054703 1
222084506 1
222114312 1
111072061 1
222173930 1
111101871 1
111116779 1
111131686 1
111146597 1
111161507 1
111176418 1
222382656 1
111206243 1
222442311 1
111236070 1
222501972 1
111265904 1
111280823 1
222591482 1
111310662 1
111325583 1
111340505 1
111355428 1
222740702 1
111385277 1
111400202 1
222830258 1
222860113 1
222889970 1
222919831 1
111474848 1
111489780 1
223009424 1
223039291 1
111534582 1
111549518 1
111564453 1
223158784 1
223188662 1
223218540 1
111624213 1
111639153 1
223308192 1
223338080 1
111683987 1
111698931 1
223427756 1
223457654 1
111743776 1
223517452 1
111773676 1
111788630 1
111803583 1
223637071 1
111833490 1
111848446 1
223726807 1
223756722 1
223786641 1
111908281 1
223846484 1
223876407 1
111953167 1
223936260 1
223966190 1
111998062 1
112013029 1
224055994 1
224085932 1
224115870 1
112072906 1
112087880 1
112102851 1
224235651 1
224265602 1
112147777 1
112162753 1
224355464 1
112192712 1
224415380 1
112222673 1
112237653 1
112252637 1
112267621 1
224565212 1
224595183 1
224625156 1
112327567 1
224685110 1
224715090 1
224745073 1
112387528 1
224805042 1
224835032 1
112432512 1
224895012 1
112462505 1
224955004 1
112492500 1
112507501 1
112522501 1
225075008 1
112552508 1
112567510 1
225165032 1
225195043 1
112612529 1
225255073 1
112642545 1
112657556 1
225345132 1
112687579 1
112702593 1
112717607 1
112732620 1
225495272 1
112762655 1
112777672 1
225585381 1
112807710 1
112822733 1
112837754 1
112852778 1
112867800 1
225765651 1
225795703 1
225825756 1
112927907 1
112942937 1
112957965 1
112972998 1
225976056 1
226006124 1
226036190 1
226066260 1
226096333 1
226126407 1
113078241 1
226186560 1
226216641 1
226246722 1
226276807 1
226306894 1
113168491 1
226367072 1
226397163 1
226427258 1
113228676 1
226487452 1
113258776 1
226547653 1
113288880 1
113303933 1
113318985 1
113334040 1
226698192 1
113364153 1
226758422 1
226788542 1
113409332 1
226848783 1
113439455 1
113454516 1
226939162 1
113484647 1
113499711 1
227029558 1
113529848 1
113544916 1
113559987 1
113575058 1
113590128 1
227210404 1
227240551 1
227270700 1
227300853 1
227331006 1
113680581 1
227391320 1
113710741 1
113725822 1
227481806 1
227511973 1
113771071 1
227572312 1
227602482 1
113816328 1
227662834 1
113846505 1
113861596 1
113876686 1
227783556 1
227813742 1
227843931 1
113937061 1
227904313 1
227934508 1
227964704 1
113997452 1
114012550 1
228055302 1
228085506 1
228115714 1
114072961 1
114088067 1
228206344 1
228236556 1
228266774 1
114148495 1
228327212 1
114178718 1
114193829 1
114208943 1
114224055 1
228478342 1
114254288 1
114269405 1
114284521 1
228599282 1
114314762 1
114329883 1
114345003 1
114360128 1
114375252 1
228780750 1
114405501 1
114420630 1
114435758 1
114450886 1
228932031 1
228962293 1
228992556 1
114511411 1
229053092 1
114541681 1
114556816 1
229143908 1
229174182 1
229204460 1
229234742 1
229265024 1
114647653 1
229325593 1
229355881 1
229386170 1
114708233 1
229446758 1
229477053 1
114753675 1
229537651 1
229567954 1
229598256 1
114814283 1
229658870 1
114844592 1
114859747 1
114874904 1
114890063 1
229810442 1
114920382 1
114935541 1
229901407 1
229931732 1
229962060 1
114996195 1
230022723 1
115026528 1
230083392 1
230113731 1
230144072 1
115087207 1
115102380 1
230235102 1
115132726 1
115147900 1
230326153 1
115178253 1
115193431 1
230417221 1
230447580 1
230477942 1
115254155 1
230538674 1
115284520 1
230599412 1
115314893 1
115330080 1
115345266 1
230720911 1
230751291 1
115390838 1
230812058 1
115421223 1
230872830 1
230903221 1
115466806 1
230964007 1
230994402 1
231024802 1
115527600 1
115542803 1
231116008 1
115573208 1
231176820 1
231207231 1
115618821 1
231268058 1
231298474 1
115664447 1
115679656 1
231389734 1
231420158 1
115725292 1
115740506 1
231511442 1
231541873 1
115786155 1
231602744 1
231633182 1
115831810 1
231694063 1
231724506 1
231754953 1
231785400 1
115907926 1
115923151 1
231876758 1
115953608 1
115968836 1
231968130 1
231998592 1
116014528 1
116029762 1
232089991 1
232120460 1
232150933 1
116090703 1
116105942 1
232242360 1
116136421 1
232303323 1
116166904 1
232364293 1
116197392 1
116212636 1
116227882 1
232486258 1
116258376 1
116273627 1
232577751 1
116304128 1
232638758 1
116334632 1
116349887 1
232730281 1
232760792 1
116395653 1
116410912 1
116426171 1
116441430 1
232913382 1
232943908 1
116487217 1
116502480 1
233035492 1
233066024 1
233096557 1
233127094 1
233157632 1
233188170 1
233218713 1
116624629 1
233279803 1
233310350 1
233340900 1
233371452 1
233402006 1
233432562 1
233463120 1
116746842 1
233524243 1
116777405 1
116792687 1
233615940 1
233646511 1
233677083 1
233707658 1
233738232 1
233768812 1
233799391 1
233829972 1
233860556 1
233891143 1
233921731 1
233952321 1
233982913 1
117006754 1
234044103 1
234074700 1
234105301 1
117067951 1
117083255 1
234197112 1
234227720 1
117129167 1
234288943 1
234319556 1
234350172 1
234380791 1
234411411 1
117221017 1
117236329 1
117251642 1
234533910 1
234564542 1
234595172 1
234625808 1
117328221 1
234687081 1
234717722 1
117374181 1
117389505 1
117404828 1
117420151 1
117435475 1
117450801 1
117466130 1
117481457 1
234993571 1
117512117 1
117527447 1
117542779 1
235116222 1
235146890 1
235177561 1
117604118 1
235238907 1
235269584 1
235300261 1
235330940 1
117680812 1
117696154 1
235422992 1
117726840 1
235484372 1
117757533 1
235545758 1
235576452 1
235607152 1
235637851 1
235668553 1
235699258 1
117864983 1
117880335 1
117895692 1
117911048 1
117926403 1
235883524 1
235914242 1
117972480 1
235975683 1
236006408 1
236037132 1
118033930 1
118049295 1
236129323 1
236160056 1
118095397 1
236221530 1
236252271 1
118141508 1
118156880 1
118172252 1
236375251 1
118203001 1
118218378 1
236467507 1
236498262 1
118264512 1
118279890 1
236590544 1
118310655 1
236652074 1
236682840 1
118356805 1
118372191 1
118387578 1
236805932 1
236836710 1
118433745 1
236898273 1
118464529 1
236959843 1
236990630 1
237021420 1
118526106 1
118541505 1
118556903 1
237144602 1
118587702 1
237206204 1
118618504 1
237267813 1
118649311 1
237329432 1
237360242 1
237391056 1
118710936 1
118726347 1
237483511 1
237514332 1
237545156 1
118787991 1
118803407 1
118818822 1
237668472 1
118849653 1
237730142 1
237760980 1
237791822 1
118911331 1
118926755 1
118942178 1
237915200 1
237946051 1
118988452 1
119003880 1
238038614 1
119034735 1
119050165 1
238131193 1
119081029 1
238192922 1
119111895 1
119127332 1
119142766 1
119158204 1
238347282 1
238378161 1
238409041 1
238439922 1
238470807 1
238501693 1
119266291 1
238563470 1
119297183 1
119312630 1
119328078 1
238687052 1
238717950 1
238748853 1
238779756 1
119405332 1
238841572 1
119436241 1
119451698 1
238934308 1
238965223 1
238996141 1
239027060 1
119528993 1
239088906 1
239119832 1
239150760 1
119590845 1
239212624 1
119621779 1
239274493 1
119652716 1
119668186 1
239367312 1
239398258 1
119714603 1
239460151 1
119745552 1
119761026 1
239553008 1
119791981 1
119807461 1
239645881 1
119838421 1
239707807 1
239738774 1
119884872 1
239800710 1
239831682 1
239862656 1
239893633 1
119962306 1
239955592 1
239986573 1
240017557 1
120024272 1
240079532 1
240110520 1
240141512 1
240172508 1
240203504 1
240234501 1
240265502 1
240296502 1
240327507 1
120179258 1
120194761 1
120210265 1
240451542 1
240482556 1
240513574 1
240544592 1
120287806 1
120303318 1
240637658 1
120334341 1
120349855 1
240730742 1
120380886 1
240792808 1
240823844 1
120427442 1
120442960 1
240916964 1
240948007 1
240979053 1
120505050 1
120520576 1
241072203 1
120551628 1
241134313 1
120582687 1
120598216 1
241227493 1
120629279 1
120644811 1
241320691 1
120675882 1
241382833 1
120706954 1
120722491 1
120738030 1
241507140 1
120769113 1
120784654 1
120800196 1
241631482 1
120831287 1
120846832 1
241724756 1
120877928 1
241786951 1
241818052 1
241849153 1
241880257 1
120955682 1
120971237 1
241973582 1
242004694 1
242035808 1
121033461 1
242098042 1
121064580 1
242160282 1
242191407 1
121111268 1
242253660 1
121142395 1
242315923 1
242347057 1
242378192 1
242409330 1
121220237 1
242471614 1
242502757 1
242533904 1
121282526 1
121298102 1
121313678 1
242658507 1
121344831 1
121360410 1
121375992 1
121391572 1
121407153 1
121422736 1
242876641 1
121453906 1
121469493 1
121485080 1
243001333 1
243032512 1
243063690 1
121547437 1
121563028 1
121578623 1
121594216 1
243219620 1
243250812 1
121641005 1
121656603 1
121672200 1
243375602 1
243406804 1
121719004 1
243469212 1
121750212 1
121765816 1
243562843 1
121797030 1
243625274 1
243656490 1
121843856 1
121859466 1
243750156 1
243781383 1
243812612 1
243843842 1
243875073 1
243906307 1
121968771 1
121984390 1
244000022 1
122015633 1
122031253 1
244093752 1
122062502 1
122078127 1
122093751 1
122109380 1
244250013 1
122140637 1
244312531 1
244343794 1
244375058 1
122203161 1
122218797 1
122234431 1
122250068 1
244531407 1
244562682 1
244593960 1
122312622 1
122328263 1
244687808 1
244719092 1
122375190 1
122390835 1
122406483 1
122422129 1
244875552 1
244906850 1
122469075 1
244969454 1
122500378 1
245032063 1
122531687 1
245094681 1
122562996 1
122578655 1
122594313 1
122609971 1
245251260 1
122641291 1
245313907 1
122672618 1
245376561 1
122703947 1
122719612 1
122735278 1
245501894 1
245533232 1
245564570 1
122797958 1
122813629 1
122829303 1
122844976 1
122860650 1
245752654 1
122892003 1
122907683 1
245846722 1
122939041 1
245909444 1
122970404 1
122986087 1
123001772 1
123017455 1
123033142 1
246097658 1
246129032 1
246160410 1
246191792 1
246223174 1
123127279 1
246285943 1
246317331 1
123174360 1
123190056 1
123205753 1
246442902 1
123237151 1
246505700 1
246537102 1
123284255 1
123299956 1
123315660 1
123331366 1
246694142 1
246725558 1
246756974 1
246788390 1
246819811 1
123425617 1
246882656 1
246914082 1
246945511 1
123488471 1
123504188 1
247039806 1
247071244 1
247102681 1
123567061 1
123582783 1
123598503 1
247228452 1
247259902 1
123645676 1
123661401 1
247354257 1
247385712 1
247417170 1
123724315 1
247480094 1
247511558 1
247543022 1
247574492 1
247605961 1
123818716 1
247668908 1
247700383 1
123865931 1
247763342 1
247794823 1
123913153 1
123928896 1
247889281 1
247920772 1
123976133 1
123991880 1
248015254 1
248046751 1
124039125 1
124054877 1
248141256 1
124086381 1
124102136 1
248235781 1
124133648 1
248298806 1
248330324 1
124180920 1
248393361 1
248424884 1
248456407 1
124243968 1
124259732 1
124275497 1
124291261 1
124307029 1
124322797 1
124338567 1
248708671 1
124370106 1
248771758 1
124401652 1
124417425 1
124433201 1
248897953 1
124464753 1
248961064 1
248992621 1
124512090 1
124527872 1
124543653 1
249118872 1
124575221 1
249182010 1
249213584 1
249245158 1
124638366 1
124654156 1
124669946 1
124685736 1
124701530 1
124717322 1
249466231 1
124748910 1
124764708 1
249561007 1
249592604 1
124812100 1
249655801 1
249687404 1
249719007 1
124875306 1
124891111 1
249813831 1
124922721 1
249877058 1
249908672 1
249940291 1
124985956 1
250003533 1
125017578 1
250066782 1
250098411 1
125065020 1
125080837 1
250193306 1
125112473 1
250256582 1
250288221 1
250319862 1
125175754 1
125191576 1
250414801 1
250446452 1
125239052 1
125254879 1
250541414 1
250573071 1
250604732 1
125318197 1
125334029 1
125349862 1
250731391 1
250763061 1
125397368 1
125413203 1
250858084 1
125444880 1
250921442 1
250953124 1
250984806 1
125508248 1
251048181 1
125539936 1
251111562 1
251143258 1
125587478 1
251206650 1
125619176 1
125635027 1
251301756 1
251333462 1
251365171 1
251396880 1
125714296 1
251460307 1
125746012 1
125761870 1
251555460 1
251587182 1
251618906 1
251650633 1
251682362 1
125857047 1
251745823 1
125888780 1
251809292 1
251841030 1
125936385 1
125952258 1
125968130 1
251968004 1
251999751 1
252031501 1
126031627 1
126047503 1
252126763 1
252158522 1
126095140 1
252222042 1
126126905 1
252285573 1
126158670 1
126174557 1
126190442 1
126206328 1
252444434 1
252476212 1
126253996 1
252539774 1
126285780 1
126301673 1
126317566 1
126333462 1
126349356 1
126365253 1
252762302 1
252794101 1
252825901 1
126428853 1
126444754 1
126460657 1
126476561 1
126492466 1
126508371 1
126524278 1
253080374 1
126556097 1
253144010 1
126587917 1
126603829 1
126619742 1
253271311 1
253303142 1
126667488 1
126683405 1
253398644 1
126715241 1
253462321 1
253494162 1
126763004 1
126778928 1
126794850 1
253621551 1
126826702 1
253685258 1
253717113 1
126874486 1
126890415 1
126906347 1
253844558 1
253876422 1
253908291 1
126970082 1
126986017 1
127001955 1
127017893 1
254067662 1
254099541 1
127065713 1
254163307 1
254195194 1
254227080 1
254258971 1
254290862 1
254322756 1
254354654 1
127193276 1
127209226 1
127225178 1
127241130 1
127257083 1
127273037 1
254577982 1
127304947 1
127320905 1
127336861 1
254705641 1
127368781 1
127384743 1
127400703 1
127416667 1
127432631 1
127448597 1
127464562 1
127480528 1
127496498 1
255024930 1
127528436 1
127544408 1
127560380 1
255152704 1
255184650 1
127608300 1
255248554 1
127640253 1
255312462 1
127672211 1
127688192 1
255408344 1
127720153 1
255472274 1
255504242 1
255536211 1
127784093 1
255600156 1
255632134 1
255664112 1
127848047 1
127864037 1
255760057 1
127896022 1
255824030 1
127928012 1
127944008 1
255920008 1
255952003 1
127992000 1
256016001 1
256048003 1
256080007 1
256112014 1
256144022 1
128088017 1
256208044 1
128120028 1
256272074 1
256304092 1
128168056 1
128184066 1
128200079 1
128216093 1
256464210 1
256496240 1
256528274 1
256560306 1
256592343 1
128312192 1
256656420 1
256688463 1
128360255 1
128376277 1
256784600 1
128408325 1
128424352 1
256880756 1
256912812 1
256944872 1
128488466 1
257008993 1
128520529 1
128536561 1
257105192 1
128568631 1
128584668 1
128600703 1
257233483 1
128632780 1
128648821 1
128664863 1
128680903 1
257393893 1
128712991 1
257458070 1
128745082 1
257522258 1
128777178 1
257586452 1
257618552 1
257650652 1
257682758 1
128857433 1
257746972 1
257779082 1
257811192 1
257843307 1
257875423 1
257907542 1
128969831 1
128985892 1
258003908 1
258036033 1
129034082 1
129050145 1
258132423 1
258164558 1
129098346 1
129114417 1
258260971 1
129146557 1
258325257 1
258357402 1
129194776 1
129210851 1
129226926 1
129243005 1
129259083 1
258550321 1
258582481 1
258614642 1
129323403 1
129339488 1
258711142 1
129371655 1
258775482 1
258807657 1
258839834 1
129436006 1
129452095 1
129468187 1
258968556 1
259000742 1
259032931 1
259065122 1
259097313 1
259129508 1
259161703 1
259193901 1
259226100 1
259258304 1
259290506 1
129661358 1
129677460 1
259387131 1
259419342 1
259451558 1
129741887 1
259515991 1
259548212 1
129790218 1
129806329 1
259644884 1
259677110 1
259709342 1
129870787 1
259773806 1
129903022 1
129919140 1
129935260 1
129951383 1
259935007 1
259967253 1
129999751 1
260031751 1
260064003 1
260096257 1
260128514 1
260160772 1
130096516 1
130112646 1
260257557 1
130144913 1
130161046 1
260354361 1
130193316 1
130209455 1
130225592 1
260483462 1
260515742 1
260548023 1
130290154 1
260612594 1
260644880 1
130338587 1
260709463 1
260741757 1
130387026 1
260806352 1
260838652 1
260870954 1
260903258 1
260935562 1
130483937 1
130500092 1
261032493 1
130532403 1
130548562 1
130564722 1
261161762 1
261194084 1
261226408 1
130629367 1
130645532 1
261323392 1
261355722 1
261388058 1
130710198 1
130726367 1
130742536 1
130758708 1
261549756 1
261582102 1
130807227 1
130823402 1
130839576 1
261711508 1
261743864 1
261776222 1
130904291 1
261840942 1
261873308 1
130952837 1
130969021 1
130985205 1
262002782 1
131017579 1
131033768 1
131049955 1
262132291 1
262164673 1
262197058 1
262229443 1
131130915 1
262294220 1
262326612 1
262359008 1
131195702 1
131211900 1
131228102 1
131244303 1
131260503 1
131276706 1
262585821 1
262618232 1
262650642 1
262683058 1
131357736 1
131373947 1
131390155 1
262812732 1
262845157 1
131438791 1
131455005 1
131471222 1
262974873 1
263007306 1
131519873 1
263072181 1
263104622 1
131568532 1
131584754 1
131600978 1
131617202 1
131633425 1
131649652 1
263331756 1
263364214 1
131698335 1
263429130 1
263461592 1
263494057 1
263526523 1
263558991 1
131795731 1
263623932 1
263656408 1
131844443 1
263721361 1
131876920 1
131893161 1
131909403 1
263851293 1
131941892 1
263916270 1
131974381 1
263981258 1
132006876 1
132023125 1
264078752 1
264111254 1
264143756 1
132088133 1
264208771 1
264241281 1
264273792 1
132153153 1
264338822 1
264371342 1
264403862 1
132218192 1
264468908 1
132250716 1
264533960 1
264566491 1
132299513 1
264631557 1
264664094 1
132348315 1
132364585 1
264761713 1
132397130 1
264826804 1
264859352 1
264891900 1
132462228 1
264957008 1
264989564 1
132511061 1
132527342 1
132543621 1
132559903 1
265152374 1
132592472 1
132608756 1
265250084 1
265282658 1
132657618 1
132673905 1
132690197 1
132706486 1
265445556 1
265478143 1
265510732 1
132771662 1
132787956 1
265608508 1
265641104 1
132836850 1
265706301 1
265738902 1
265771508 1
132902058 1
132918360 1
132934667 1
265901942 1
265934556 1
132983586 1
265999791 1
133016206 1
266065032 1
266097657 1
133065143 1
133081456 1
133097771 1
266228173 1
266260806 1
133146721 1
133163041 1
133179362 1
266391362 1
133212005 1
133228328 1
133244650 1
266521950 1
266554603 1
266587256 1
133309956 1
133326286 1
133342615 1
133358946 1
133375280 1
266783224 1
133407946 1
133424282 1
266881234 1
266913907 1
133473291 1
133489630 1
133505972 1
133522313 1
267077308 1
267109993 1
267142682 1
267175371 1
133604032 1
267240757 1
133636728 1
133653076 1
267338852 1
267371553 1
133702129 1
267436963 1
267469670 1
133751192 1
133767547 1
133783904 1
133800263 1
133816620 1
133832980 1
267698682 1
133865703 1
133882066 1
133898430 1
133914796 1
133931162 1
133947530 1
267927793 1
267960530 1
267993270 1
268026014 1
134029380 1
268091503 1
134062126 1
268157001 1
268189752 1
134111253 1
134127631 1
134144012 1
134160390 1
268353544 1
268386308 1
268419073 1
268451840 1
268484610 1
134258691 1
134275078 1
268582932 1
268615712 1
134324247 1
134340638 1
268714057 1
134373421 1
134389816 1
134406211 1
268845214 1
268878008 1
134455401 1
134471802 1
268976401 1
269009204 1
269042006 1
134537407 1
134553811 1
269140431 1
269173244 1
134603028 1
269238872 1
134635847 1
269304510 1
134668668 1
134685078 1
134701492 1
269435811 1
269468640 1
134750736 1
269534306 1
269567143 1
134799992 1
134816411 1
134832833 1
134849255 1
269731352 1
269764202 1
134898525 1
269829904 1
269862757 1
134947807 1
134964237 1
134980666 1
134997096 1
270027058 1
270059924 1
135046396 1
270125660 1
270158534 1
270191407 1
135112141 1
135128582 1
270290040 1
135161461 1
135177903 1
135194346 1
135210792 1
135227237 1
135243681 1
135260129 1
270553154 1
135293026 1
270618952 1
135325927 1
135342379 1
135358831 1
135375285 1
270783480 1
135408196 1
270849308 1
135441113 1
270915141 1
135474030 1
135490491 1
135506954 1
271046833 1
271079760 1
271112692 1
271145623 1
135589279 1
135605746 1
271244430 1
271277372 1
135655156 1
271343256 1
271376204 1
135704575 1
271442100 1
135737528 1
135754005 1
271540963 1
135786960 1
135803442 1
135819922 1
135836404 1
135852886 1
135869372 1
271771711 1
271804683 1
135918830 1
271870632 1
271903612 1
271936591 1
271969574 1
272002558 1
272035542 1
136034267 1
136050760 1
272134514 1
136083753 1
272200504 1
272233502 1
272266501 1
272299503 1
272332506 1
272365514 1
136199261 1
272431531 1
272464542 1
272497558 1
136265288 1
136281797 1
136298305 1
272629634 1
272662657 1
136347841 1
272728711 1
136380871 1
272794772 1
136413905 1
272860844 1
272893880 1
136463460 1
272959964 1
272993007 1
273026053 1
273059101 1
273092151 1
273125204 1
273158258 1
273191312 1
136612186 1
273257431 1
136645246 1
136661779 1
136678312 1
136694846 1
273422762 1
273455832 1
273488906 1
273521984 1
273555060 1
273588141 1
273621224 1
136827153 1
273687394 1
273720482 1
136876785 1
136893331 1
136909880 1
136926428 1
273885950 1
136959525 1
273952153 1
136992629 1
137009182 1
274051472 1
137042291 1
274117693 1
274150807 1
274183924 1
274217042 1
137125081 1
137141642 1
274316406 1
274349533 1
274382661 1
137207895 1
274448924 1
137241028 1
137257596 1
274548332 1
137290737 1
274614613 1
137323879 1
274680904 1
274714052 1
137373600 1
137390176 1
274813508 1
137423333 1
274879821 1
137456491 1
274946144 1
137489655 1
137506237 1
275045640 1
137539407 1
275111984 1
275145156 1
137589166 1
137605756 1
137622345 1
275277873 1
137655528 1
275344242 1
275377430 1
137705311 1
275443812 1
275477008 1
275510203 1
275543401 1
275576600 1
275609804 1
275643006 1
275676214 1
137854710 1
137871315 1
275775842 1
137904528 1
137921136 1
137937747 1
275908712 1
137970966 1
137987579 1
276008383 1
138020805 1
276074840 1
276108074 1
138070653 1
138087271 1
276207780 1
138120510 1
276274262 1
138153755 1
276340753 1
138187002 1
276407250 1
138220252 1
138236880 1
276507014 1
138270136 1
138286766 1
276606794 1
276640058 1
276673323 1
276706591 1
138369932 1
276773132 1
276806406 1
138419841 1
138436480 1
138453122 1
138469763 1
276972808 1
277006094 1
138519692 1
138536337 1
277105962 1
138569628 1
277172554 1
277205852 1
138619575 1
277272452 1
277305757 1
138669532 1
138686186 1
138702842 1
138719497 1
277472308 1
138752811 1
277538942 1
277572260 1
277605583 1
277638908 1
277672234 1
138852781 1
277738892 1
138886112 1
138902778 1
138919446 1
138936117 1
138952787 1
138969458 1
138986130 1
139002803 1
139019476 1
139036150 1
278105654 1
139069505 1
278172363 1
139102861 1
278239081 1
139136222 1
278305807 1
278339172 1
139186272 1
278405912 1
139219643 1
278472656 1
139253017 1
139269707 1
278572792 1
278606172 1
278639557 1
278672943 1
139353165 1
139369860 1
278773112 1
278806508 1
278839904 1
278873301 1
139453352 1
139470052 1
278973507 1
139503456 1
139520160 1
139536866 1
279107143 1
279140557 1
139586987 1
139603696 1
279240811 1
139637116 1
139653829 1
279341084 1
279374510 1
139703971 1
139720686 1
139737405 1
139754122 1
279541682 1
139787560 1
139804282 1
279642006 1
279675452 1
279708901 1
279742352 1
139887903 1
279809258 1
139921358 1
279876172 1
279909630 1
279943094 1
139988280 1
280010022 1
280043492 1
280076961 1
140055217 1
280143906 1
280177384 1
140105430 1
280244340 1
280277823 1
280311307 1
140172398 1
140189140 1
280411771 1
280445262 1
280478758 1
140256126 1
280545750 1
140289626 1
280612754 1
140323128 1
280679762 1
280713270 1
280746780 1
280780292 1
140406903 1
280847324 1
140440420 1
280914362 1
140473941 1
140490703 1
140507468 1
281048460 1
140540997 1
281115522 1
140574530 1
140591296 1
140608065 1
281249670 1
281283214 1
140658378 1
140675152 1
281383852 1
281417401 1
281450952 1
281484506 1
281518063 1
281551622 1
140792591 1
140809373 1
281652306 1
281685874 1
281719440 1
140876505 1
140893291 1
281820156 1
140926867 1
140943656 1
140960446 1
140977236 1
140994030 1
141010823 1
282055230 1
141044411 1
141061207 1
141078005 1
282189602 1
282223202 1
282256802 1
282290404 1
141162004 1
282357612 1
141195611 1
141212416 1
282458443 1
282492057 1
282525673 1
141279645 1
282592912 1
141313267 1
141330079 1
282693782 1
282727412 1
282761040 1
282794673 1
282828307 1
282861944 1
282895580 1
282929220 1
141481432 1
282996508 1
141515077 1
283063801 1
141548726 1
141565553 1
141582380 1
141599208 1
141616036 1
141632865 1
141649697 1
141666530 1
283366722 1
141700195 1
141717031 1
141733868 1
283501408 1
141767541 1
283568761 1
141801221 1
141818061 1
141834904 1
283703493 1
141868590 1
283770872 1
283804563 1
283838258 1
141935978 1
141952826 1
141969677 1
141986528 1
142003378 1
284040464 1
142037086 1
284107882 1
142070797 1
142087654 1
284209022 1
142121370 1
142138232 1
142155092 1
142171953 1
142188816 1
142205682 1
142222547 1
142239412 1
142256279 1
142273146 1
142290015 1
284613771 1
142323756 1
284681256 1
142357501 1
284748752 1
284782501 1
284816253 1
284850006 1
142441883 1
142458762 1
284951280 1
284985044 1
285018807 1
142526286 1
285086342 1
285120112 1
142576943 1
285187657 1
285221432 1
142627605 1
142644495 1
285322773 1
142678280 1
285390344 1
285424130 1
285457921 1
142745856 1
142762754 1
142779653 1
142796550 1
285626900 1
285660703 1
285694508 1
142864156 1
142881062 1
285795932 1
142914872 1
142931780 1
285897374 1
285931192 1
142982505 1
285998832 1
143016329 1
143033243 1
143050155 1
143067071 1
143083986 1
286201806 1
143117821 1
286269482 1
143151662 1
286337164 1
286371008 1
286404853 1
143219350 1
286472550 1
286506402 1
286540256 1
143287058 1
143303987 1
286641831 1
143337848 1
286709557 1
143371712 1
143388647 1
286811160 1
143422518 1
286878907 1
286912783 1
143473332 1
143490271 1
287014423 1
143524154 1
143541096 1
143558041 1
287149971 1
287183864 1
287217758 1
287251652 1
143642775 1
143659725 1
143676678 1
143693629 1
287421163 1
143727537 1
143744491 1
143761448 1
143778403 1
287590724 1
287624642 1
287658560 1
287692484 1
287726408 1
143880166 1
287794262 1
143914097 1
143931062 1
287896057 1
287929994 1
287963930 1
143998936 1
288031813 1
144032880 1
288099702 1
288133652 1
144083801 1
288201553 1
144117753 1
288269464 1
288303420 1
144168690 1
144185673 1
288405307 1
288439273 1
144236622 1
288507210 1
288541183 1
144287579 1
144304566 1
144321555 1
144338546 1
144355536 1
144372529 1
288779042 1
144406516 1
288847022 1
144440508 1
144457503 1
288949004 1
288983001 1
144508502 1
289051004 1
289085007 1
144559507 1
289153022 1
289187032 1
144610523 1
289255056 1
289289073 1
289323090 1
289357110 1
144695566 1
144712579 1
144729593 1
289493212 1
144763621 1
289561273 1
144797654 1
144814671 1
144831692 1
289697420 1
289731462 1
289765508 1
289799553 1
289833601 1
289867650 1
144950853 1
144967880 1
289969814 1
145001935 1
145018967 1
145035998 1
290106057 1
145070062 1
145087096 1
145104130 1
290242333 1
145138204 1
290310484 1
290344560 1
145189321 1
290412723 1
290446806 1
145240448 1
290514980 1
145274537 1
145291582 1
290617258 1
290651353 1
145342727 1
145359776 1
145376827 1
145393878 1
290821862 1
145427986 1
290890081 1
290924192 1
145479155 1
290992423 1
291026542 1
145530330 1
291094782 1
145564453 1
291163034 1
291197162 1
291231290 1
145632712 1
145649780 1
145666847 1
291367832 1
291401970 1
291436112 1
291470256 1
145752202 1
145769275 1
291572702 1
145803427 1
291641007 1
145837581 1
145854662 1
145871740 1
291777642 1
291811807 1
291845974 1
145940072 1
145957157 1
145974243 1
291982658 1
146008416 1
292051012 1
292085190 1
146059686 1
146076780 1
292187743 1
146110967 1
146128062 1
292290313 1
146162254 1
146179353 1
146196450 1
146213552 1
146230652 1
292495507 1
146264857 1
146281961 1
292598131 1
292632343 1
146333280 1
146350386 1
292734991 1
146384606 1
292803434 1
146418830 1
292871884 1
292906112 1
146470172 1
146487286 1
146504404 1
146521523 1
293077281 1
146555762 1
146572881 1
146590003 1
293214254 1
293248500 1
146641375 1
146658503 1
146675629 1
293385513 1
146709886 1
146727017 1
293488293 1
146761279 1
146778413 1
146795545 1
293625360 1
293659634 1
146846953 1
146864091 1
146881230 1
293796742 1
293831023 1
293865307 1
146949796 1
293933880 1
293968170 1
294002462 1
294036757 1
147035528 1
294105351 1
294139652 1
294173952 1
147104128 1
147121283 1
294276872 1
294311181 1
147172748 1
294379808 1
147207062 1
294448442 1
294482762 1
294517083 1
147275705 1
147292866 1
147310030 1
294654392 1
147344362 1
147361528 1
147378698 1
294791731 1
147413036 1
147430208 1
147447380 1
147464553 1
147481726 1
294997801 1
147516078 1
147533254 1
147550433 1
147567611 1
147584790 1
147601971 1
147619155 1
147636338 1
147653522 1
295341412 1
147687891 1
295410158 1
147722267 1
295478911 1
295513290 1
147773836 1
295582058 1
147808221 1
147825417 1
147842612 1
295719612 1
295754007 1
295788402 1
147911401 1
147928601 1
147945801 1
295926006 1
147980206 1
295994820 1
148014615 1
148031822 1
148049028 1
148066237 1
148083446 1
296201310 1
296235732 1
296270156 1
296304582 1
296339012 1
296373441 1
296407872 1
148221154 1
148238373 1
296511181 1
296545620 1
148290032 1
148307253 1
148324477 1
148341700 1
148358925 1
148376153 1
296786757 1
296821212 1
296855670 1
148445067 1
296924593 1
148479528 1
296993524 1
148513997 1
148531231 1
148548467 1
148565705 1
297165882 1
297200360 1
148617422 1
297269324 1
148651904 1
297338294 1
297372782 1
148703635 1
148720883 1
148738128 1
148755377 1
297545251 1
297579750 1
297614252 1
148824380 1
297683264 1
297717771 1
148876140 1
297786794 1
297821307 1
148927913 1
297890342 1
297924862 1
148979692 1
148996954 1
149014217 1
298062960 1
149048745 1
298132023 1
298166558 1
149100547 1
149117815 1
149135087 1
298304712 1
298339258 1
298373803 1
149204177 1
149221450 1
298477453 1
298512007 1
149273281 1
298581121 1
149307841 1
149325121 1
298684806 1
298719373 1
298753940 1
149394256 1
149411542 1
298857658 1
298892233 1
149463405 1
298961391 1
149497987 1
299030558 1
299065142 1
299099732 1
299134321 1
149584457 1
299203507 1
149619053 1
149636351 1
299307302 1
149670952 1
149688255 1
299411112 1
299445722 1
149740166 1
149757471 1
149774778 1
149792086 1
299618791 1
149826706 1
299688034 1
149861329 1
299757283 1
299791912 1
299826542 1
299861174 1
149947904 1
149965221 1
299965082 1
149999860 1
150017181 1
150034505 1
300103654 1
150069152 1
150086475 1
150103801 1
150121130 1
150138457 1
150155787 1
300346232 1
300380893 1
150207780 1
150225112 1
300484890 1
150259782 1
150277118 1
150294455 1
150311792 1
150329132 1
150346471 1
300727624 1
150381153 1
150398498 1
300831680 1
300866370 1
150450532 1
150467879 1
300970452 1
150502577 1
150519925 1
301074553 1
301109258 1
301143962 1
150589337 1
150606692 1
150624046 1
301282808 1
301317524 1
301352241 1
150693481 1
301421682 1
301456406 1
150745568 1
301525861 1
301560590 1
150797663 1
301630058 1
150832396 1
150849765 1
301734271 1
150884508 1
301803756 1
301838502 1
150936625 1
301908000 1
301942753 1
301977506 1
151006133 1
151023512 1
151040890 1
302116544 1
302151307 1
151093037 1
151110422 1
151127807 1
151145191 1
302325158 1
151179968 1
302394710 1
302429490 1
302464272 1
151249529 1
151266921 1
151284315 1
151301710 1
302638212 1
302673006 1
302707803 1
302742601 1
151388700 1
151406102 1
302847008 1
151440908 1
151458311 1
302951430 1
302986244 1
151510528 1
303055872 1
303090691 1
151562756 1
303160333 1
151597578 1
303229982 1
151632405 1
303299641 1
303334472 1
151684654 1
303404143 1
303438982 1
303473821 1
151754333 1
151771754 1
151789178 1
303613200 1
303648051 1
303682902 1
151858880 1
303752614 1
151893737 1
151911167 1
151928596 1
303892056 1
151963461 1
303961792 1
303996661 1
304031534 1
152033205 1
152050641 1
304136162 1
304171042 1
304205922 1
152120404 1
152137847 1
304310581 1
304345471 1
152190181 1
304415258 1
152225076 1
304485052 1
152259975 1
152277426 1
304589757 1
304624664 1
152329787 1
152347241 1
152364696 1
304764306 1
152399611 1
152417070 1
152434530 1
152451992 1
152469455 1
152486917 1
305008762 1
305043691 1
152539311 1
152556778 1
152574248 1
305183432 1
305218371 1
152626656 1
305288258 1
152661603 1
305358152 1
152696551 1
152714027 1
305463007 1
152748982 1
152766461 1
152783942 1
152801423 1
152818903 1
152836386 1
305707740 1
305742712 1
152888841 1
152906330 1
305847634 1
152941307 1
152958796 1
305952572 1
152993779 1
306022542 1
306057530 1
153046261 1
306127513 1
153081254 1
153098753 1
153116252 1
153133751 1
306302504 1
153168754 1
306372512 1
153203762 1
153221267 1
153238771 1
153256280 1
153273787 1
306582592 1
306617610 1
153326318 1
153343829 1
153361343 1
153378857 1
306792741 1
153413888 1
306862806 1
306897844 1
306932881 1
153483962 1
153501481 1
307038007 1
153536527 1
153554052 1
153571576 1
153589101 1
307213256 1
307248314 1
153641687 1
307318432 1
153676746 1
307388557 1
307423624 1
153729347 1
307493762 1
153764418 1
153781955 1
307598984 1
307634062 1
153834570 1
153852111 1
153869654 1
153887197 1
153904740 1
307844572 1
153939833 1
153957378 1
307949853 1
307984951 1
308020050 1
154027578 1
308090258 1
308125364 1
154080237 1
308195581 1
308230692 1
154132903 1
308300922 1
154168022 1
308371162 1
154203142 1
154220703 1
308476534 1
154255831 1
154273397 1
154290962 1
154308529 1
154326096 1
154343665 1
154361235 1
308757613 1
308792757 1
308827904 1
308863051 1
154449102 1
154466676 1
154484254 1
154501831 1
154519412 1
154536990 1
309109144 1
309144307 1
154589737 1
154607320 1
154624906 1
309284983 1
154660080 1
309355334 1
154695256 1
309425692 1
309460872 1
309496056 1
154765623 1
309566430 1
154800812 1
309636813 1
309672007 1
154853603 1
154871200 1
309777600 1
154906403 1
309848006 1
154941606 1
309918422 1
154976816 1
309988844 1
310024058 1
310059272 1
310094490 1
155064855 1
155082466 1
155100080 1
310235382 1
155135307 1
310305842 1
155170538 1
310376306 1
155205773 1
310446780 1
310482021 1
310517263 1
310552508 1
310587753 1
310623002 1
155329125 1
310693504 1
155364380 1
310764014 1
310799271 1
155417267 1
155434897 1
310905057 1
310940322 1
310975591 1
155505431 1
311046132 1
155540705 1
155558343 1
311151961 1
311187241 1
155611263 1
311257808 1
311293094 1
311328380 1
155681835 1
311398963 1
155717130 1
155734777 1
311504852 1
311540151 1
155787728 1
155805379 1
155823033 1
155840686 1
311716681 1
155875998 1
155893653 1
311822624 1
155928970 1
311893262 1
155964292 1
311963908 1
311999234 1
312034560 1
156034945 1
312105223 1
156070279 1
312175893 1
156105615 1
156123286 1
312281913 1
156158630 1
156176301 1
156193977 1
312423301 1
312458654 1
156247004 1
312529363 1
312564720 1
156300042 1
312635443 1
312670806 1
156353087 1
312741542 1
312776910 1
156406142 1
312847657 1
312883034 1
312918412 1
312953791 1
156494588 1
156512278 1
156529973 1
313095331 1
313130722 1
313166112 1
156600753 1
313236904 1
313272302 1
156653851 1
313343104 1
313378506 1
156706956 1
313449322 1
156742365 1
313520143 1
313555557 1
313590972 1
156813196 1
156830905 1
313697233 1
156866329 1
313768083 1
313803511 1
313838942 1
313874374 1
313909806 1
313945244 1
313980681 1
314016122 1
314051563 1
157043503 1
314122452 1
157078952 1
157096675 1
157114401 1
314264258 1
157149858 1
314335171 1
314370631 1
314406092 1
314441556 1
314477024 1
157256245 1
157273981 1
157291716 1
314618906 1
314654384 1
314689860 1
157362672 1
157380412 1
314796306 1
314831792 1
157433642 1
314902770 1
157469132 1
157486878 1
315009254 1
157522377 1
157540125 1
157557876 1
315151256 1
315186764 1
315222270 1
157628892 1
315293293 1
315328806 1
315364324 1
157699921 1
315435360 1
315470883 1
157753204 1
157770967 1
157788730 1
157806497 1
315648522 1
157842030 1
315719594 1
157877566 1
157895336 1
315826212 1
315861758 1
157948652 1
315932852 1
157984200 1
158001977 1
158019755 1
316075062 1
316110622 1
316146182 1
158090872 1
158108655 1
316252873 1
316288441 1
316324010 1
158179793 1
158197578 1
158215366 1
158233157 1
316501891 1
316537474 1
158286529 1
158304323 1
316644230 1
316679822 1
316715413 1
316751008 1
158393302 1
158411100 1
158428901 1
316893403 1
316929007 1
158482306 1
317000222 1
158517915 1
317071444 1
158553530 1
158571336 1
317178290 1
317213911 1
317249532 1
158642578 1
317320783 1
317356410 1
158696022 1
158713836 1
317463307 1
317498944 1
317534581 1
158785111 1
317605863 1
158820753 1
158838578 1
317712801 1
158874227 1
317784102 1
158909880 1
158927707 1
158945535 1
317926730 1
158981198 1
158999028 1
318033722 1
318069392 1
318105062 1
318140732 1
318176408 1
318212084 1
318247760 1
159141722 1
159159563 1
159177405 1
159195248 1
318426180 1
318461870 1
318497562 1
159266628 1
318568952 1
318604650 1
159320176 1
318676054 1
159355880 1
318747464 1
318783171 1
318818882 1
318854594 1
159445155 1
159463013 1
159480872 1
159498731 1
319033184 1
159534453 1
159552316 1
159570182 1
159588047 1
319211822 1
319247557 1
159641648 1
319319030 1
159677387 1
319390513 1
319426258 1
319462004 1
319497750 1
159766750 1
319569252 1
159802503 1
159820381 1
159838260 1
319712280 1
319748042 1
319783806 1
319819574 1
159927670 1
319891112 1
319926883 1
319962656 1
319998432 1
160017106 1
160034996 1
160052887 1
320141557 1
160088673 1
320213130 1
160124461 1
160142357 1
160160253 1
160178151 1
320392101 1
160213950 1
320463702 1
320499506 1
320535312 1
320571121 1
160303466 1
160321373 1
320678556 1
320714373 1
160375095 1
320786011 1
320821834 1
320857657 1
160446741 1
320929312 1
320965142 1
321000972 1
160518403 1
321072644 1
321108482 1
160572162 1
160590082 1
321216007 1
160625928 1
321287701 1
160661775 1
160679703 1
160697628 1
160715557 1
321466970 1
321502830 1
160769347 1
160787280 1
321610424 1
160823147 1
321682161 1
321718032 1
160876954 1
160894892 1
160912831 1
160930771 1
160948711 1
321933307 1
321969193 1
322005082 1
322040971 1
161038432 1
322112756 1
161074327 1
322184552 1
161110226 1
161128176 1
161146129 1
161164082 1
161182037 1
161199991 1
322435892 1
322471808 1
161253862 1
322543640 1
322579562 1
161307742 1
161325704 1
161343668 1
161361632 1
161379595 1
161397562 1
161415529 1
161433497 1
161451466 1
322938872 1
322974813 1
323010758 1
323046704 1
323082650 1
323118602 1
161577278 1
161595254 1
161613231 1
161631210 1
323298380 1
161667172 1
161685155 1
323406272 1
161721121 1
161739106 1
161757091 1
323550156 1
323586134 1
323622110 1
161829047 1
323694073 1
323730057 1
161883022 1
323802030 1
161919012 1
161937007 1
323910008 1
323946003 1
161991000 1
324018000 1
162027001 1
162045005 1
162063008 1
324162020 1
162099015 1
324234044 1
162135028 1
162153036 1
162171045 1
324378112 1
162207066 1
162225079 1
324486184 1
162261105 1
324558241 1
162297136 1
162315154 1
162333172 1
162351190 1
324738421 1
162387232 1
162405254 1
162423276 1
324882601 1
162459327 1
324954703 1
324990756 1
325026813 1
162531436 1
325098930 1
325134994 1
162585529 1
325207122 1
325243192 1
325279262 1
162657666 1
325351408 1
325387483 1
325423562 1
325459641 1
162747862 1
162765905 1
162783948 1
162801991 1
325640070 1
162838083 1
162856129 1
325748352 1
325784450 1
325820551 1
325856653 1
162946378 1
325928864 1
162982485 1
326001080 1
163018597 1
326073308 1
326109423 1
326145541 1
326181662 1
163108891 1
163126953 1
326290034 1
163163080 1
163181147 1
163199212 1
163217279 1
326470692 1
163253417 1
326542970 1
163289558 1
163307628 1
326651402 1
326687550 1
326723702 1
326759854 1
163398004 1
326832162 1
163434160 1
163452242 1
163470323 1
163488405 1
327012974 1
327049141 1
327085312 1
327121482 1
327157657 1
327193833 1
163615005 1
163633097 1
327302374 1
327338556 1
163687372 1
327410931 1
163723560 1
163741658 1
163759753 1
163777852 1
163795952 1
327628100 1
327664302 1
327700507 1
163868358 1
327772921 1
327809131 1
163922673 1
163940778 1
327917774 1
327953990 1
327990210 1
164013218 1
328062656 1
328098882 1
164067555 1
328171342 1
164103788 1
164121903 1
164140021 1
328316281 1
328352520 1
328388763 1
164212505 1
164230627 1
164248751 1
328533751 1
328570003 1
328606258 1
328642514 1
164339385 1
328715030 1
164375646 1
328787558 1
164411911 1
328860091 1
164448182 1
164466318 1
328968907 1
329005184 1
164520732 1
164538872 1
329114024 1
329150306 1
164593298 1
164611442 1
164629586 1
164647731 1
329331756 1
164684028 1
164702175 1
329440652 1
164738476 1
329513258 1
164774783 1
164792935 1
164811092 1
329658492 1
329694808 1
329731124 1
329767442 1
164901880 1
164920041 1
329876408 1
329912734 1
164974532 1
164992696 1
165010863 1
330058058 1
330094393 1
330130730 1
165083537 1
165101707 1
330239757 1
165138052 1
330312451 1
165174402 1
330385153 1
330421506 1
330457862 1
330494222 1
330530580 1
165283471 1
330603307 1
330639674 1
330676040 1
165356206 1
165374392 1
330785156 1
330821534 1
165428955 1
330894290 1
165465336 1
165483529 1
165501721 1
331039832 1
331076220 1
331112614 1
165574505 1
165592701 1
331221800 1
165629100 1
331294603 1
331331007 1
165683707 1
165701910 1
165720116 1
331476644 1
331513056 1
165774737 1
331585890 1
331622310 1
331658732 1
165847578 1
165865791 1
165884005 1
165902220 1
165920437 1
165938655 1
165956873 1
331950182 1
331986622 1
332023063 1
332059508 1
166047977 1
332132401 1
166084426 1
332205302 1
166120880 1
166139106 1
332314672 1
166175566 1
166193797 1
332424058 1
332460523 1
332496991 1
332533461 1
166284968 1
332606406 1
332642883 1
166339681 1
332715841 1
166376162 1
166394405 1
332825293 1
166430891 1
166449135 1
166467383 1
166485629 1
166503878 1
333044250 1
166540375 1
166558627 1
333153756 1
166595132 1
333226772 1
166631641 1
166649897 1
166668153 1
166686411 1
333409341 1
333445861 1
333482382 1
166759453 1
166777717 1
333591961 1
166814247 1
166832511 1
333701558 1
333738092 1
333774630 1
333811170 1
333847712 1
333884256 1
166960403 1
166978676 1
166996951 1
334030454 1
167033505 1
167051783 1
167070062 1
334176680 1
167106623 1
167124903 1
167143186 1
334322940 1
334359511 1
334396082 1
167216330 1
167234618 1
334505811 1
334542392 1
167289487 1
167307780 1
167326071 1
334688730 1
167362661 1
167380958 1
167399254 1
167417553 1
334871701 1
334908302 1
167472452 1
167490755 1
335018114 1
335054720 1
167545665 1
335127943 1
335164557 1
335201174 1
335237791 1
335274410 1
335311034 1
167673829 1
335384283 1
335420912 1
335457542 1
335494172 1
167765404 1
167783722 1
167802041 1
335640722 1
335677363 1
167857004 1
335750652 1
335787300 1
335823951 1
335860602 1
167948629 1
167966957 1
167985287 1
336007232 1
168021946 1
336080558 1
168058612 1
168076945 1
168095280 1
168113617 1
168131953 1
168150291 1
168168631 1
168186972 1
336410624 1
168223654 1
336483994 1
168260340 1
168278685 1
336594064 1
336630758 1
336667452 1
336704152 1
336740851 1
336777553 1
168407129 1
336850963 1
168443835 1
168462190 1
168480546 1
168498905 1
337034523 1
337071242 1
168553982 1
337144684 1
337181406 1
337218132 1
337254861 1
168645796 1
168664161 1
337365056 1
337401794 1
337438532 1
337475271 1
168756008 1
337548756 1
337585503 1
168811126 1
337659001 1
337695752 1
168866255 1
168884631 1
168903012 1
337842782 1
337879542 1
337916307 1
168976538 1
168994920 1
169013307 1
169031691 1
169050080 1
169068467 1
169086855 1
338210490 1
338247272 1
169142028 1
338320844 1
169178816 1
169197210 1
169215608 1
338468007 1
338504804 1
169270802 1
338578400 1
338615204 1
169326005 1
338688812 1
169362812 1
338762432 1
338799242 1
169418028 1
338872872 1
338909691 1
338946511 1
169491666 1
169510080 1
339056982 1
169546905 1
339130642 1
339167472 1
169602154 1
339241142 1
339277982 1
339314820 1
169675833 1
339388507 1
169712677 1
339462200 1
169749525 1
339535902 1
339572756 1
169804808 1
169823235 1
339683330 1
339720193 1
169878530 1
169896962 1
169915395 1
339867660 1
169952267 1
339941407 1
339978282 1
170007580 1
170026020 1
170044463 1
170062904 1
170081348 1
170099792 1
170118235 1
340273362 1
170155128 1
340347152 1
170192027 1
170210476 1
340457854 1
340494756 1
340531664 1
340568571 1
170302740 1
340642393 1
340679308 1
170358111 1
340753140 1
170395032 1
170413492 1
170431955 1
170450416 1
170468880 1
170487347 1
341011622 1
170524280 1
170542748 1
170561217 1
170579686 1
170598157 1
341233256 1
341270203 1
341307150 1
170672051 1
341381053 1
341418008 1
341454964 1
341491922 1
170764441 1
341565844 1
170801405 1
341639774 1
341676741 1
170856856 1
170875342 1
170893828 1
170912316 1
170930807 1
341898590 1
341935573 1
170986278 1
342009543 1
171023266 1
342083522 1
171060258 1
342157508 1
342194503 1
171115751 1
171134251 1
171152753 1
342342506 1
342379512 1
342416522 1
171226767 1
342490542 1
171263779 1
342564572 1
342601590 1
342638611 1
171337816 1
171356328 1
342749684 1
171393357 1
342823741 1
342860772 1
171448904 1
171467423 1
171485941 1
171504461 1
343045963 1
171541505 1
171560028 1
343157101 1
171597077 1
171615602 1
343268258 1
171652657 1
343342372 1
171689715 1
171708247 1
343453557 1
171745311 1
343527690 1
171782381 1
171800917 1
171819454 1
343675983 1
171856531 1
343750140 1
171893612 1
171912154 1
171930698 1
343898480 1
343935570 1
343972663 1
172004878 1
172023426 1
172041977 1
172060527 1
172079078 1
172097630 1
172116181 1
344269472 1
344306580 1
344343692 1
344380808 1
172208962 1
172227520 1
344492162 1
344529282 1
172283203 1
344603533 1
172320331 1
172338895 1
344714923 1
344752057 1
344789192 1
344826331 1
344863471 1
172450306 1
172468878 1
344974902 1
345012050 1
345049201 1
345086354 1
345123508 1
345160664 1
345197821 1
345234980 1
172636072 1
345309306 1
345346474 1
345383640 1
172710405 1
172728992 1
172747578 1
172766167 1
172784756 1
172803346 1
345643874 1
172840528 1
345718242 1
172877715 1
172896312 1
172914907 1
345867008 1
172952103 1
345941401 1
172989300 1
173007902 1
173026503 1
346090212 1
346127421 1
346164632 1
346201843 1
173119528 1
173138137 1
173156746 1
173175356 1
173193966 1
173212578 1
346462382 1
173249805 1
173268421 1
173287036 1
173305654 1
346648542 1
346685781 1
346723020 1
173380132 1
346797508 1
346834753 1
346872000 1
346909252 1
346946504 1
173491879 1
173510506 1
347058270 1
347095531 1
173566396 1
173585028 1
347207323 1
173622295 1
173640932 1
173659568 1
173678205 1
173696843 1
173715482 1
347468240 1
173752763 1
347542806 1
173790046 1
173808692 1
347654670 1
347691964 1
347729256 1
347766554 1
347803852 1
347841151 1
347878452 1
173957879 1
173976532 1
173995186 1
348027681 1
348064994 1
348102306 1
174069813 1
348176940 1
174107131 1
174125792 1
174144454 1
348326233 1
348363562 1
348400891 1
348438222 1
174237779 1
348512894 1
348550230 1
174293787 1
348624914 1
348662257 1
348699604 1
174368475 1
348774301 1
174405827 1
348849007 1
348886363 1
348923722 1
348961080 1
174499221 1
174517903 1
349073173 1
349110542 1
349147912 1
174592641 1
349222658 1
349260034 1
349297410 1
174667395 1
174686086 1
349409558 1
174723471 1
349484330 1
349521721 1
349559114 1
349596507 1
349633904 1
349671300 1
174854351 1
349746102 1
349783507 1
174910458 1
349858321 1
174947866 1
174966573 1
174985280 1
175003986 1
350045391 1
175041407 1
350120232 1
350157658 1
350195082 1
350232511 1
350269940 1
175153687 1
175172405 1
175191121 1
350419680 1
175228560 1
350494562 1
350532006 1
350569452 1
175303451 1
175322175 1
175340902 1
175359630 1
175378356 1
175397087 1
350831630 1
175434548 1
350906558 1
175472011 1
175490746 1
351018960 1
351056434 1
175546955 1
175565692 1
351168860 1
175603171 1
351243822 1
175640653 1
175659398 1
351356281 1
351393771 1
175715632 1
351468757 1
351506252 1
175771875 1
175790626 1
351618753 1
175828128 1
175846883 1
351731272 1
175884390 1
351806292 1
175921905 1
175940661 1
351918840 1
351956360 1
351993884 1
352031406 1
352068933 1
176053232 1
352143991 1
352181523 1
176109530 1
352256593 1
352294131 1
176165836 1
176184607 1
352406757 1
176222151 1
352481850 1
176259700 1
176278478 1
176297255 1
352632064 1
352669622 1
176353591 1
352744744 1
176391153 1
352819872 1
352857440 1
352895011 1
176466291 1
352970158 1
176503868 1
353045310 1
176541447 1
176560236 1
176579030 1
176597821 1
353233231 1
353270821 1
176654206 1
353346007 1
176691802 1
353421201 1
176729402 1
353496403 1
353534006 1
176785808 1
176804610 1
176823415 1
353684444 1
353722056 1
353759673 1
176898646 1
353834912 1
353872532 1
353910156 1
176973892 1
353985410 1
177011522 1
177030337 1
354098308 1
177067973 1
177086791 1
177105612 1
354248863 1
177143253 1
177162078 1
177180902 1
354399451 1
354437104 1
177237378 1
354512414 1
354550071 1
354587731 1
177312696 1
354663056 1
354700722 1
354738392 1
354776060 1
354813733 1
177425703 1
177444542 1
177463382 1
354964440 1
177501061 1
177519905 1
177538746 1
177557592 1
177576435 1
177595282 1
355228257 1
177632976 1
177651826 1
355341350 1
355379054 1
355416756 1
355454462 1
177746086 1
355529881 1
177783797 1
177802655 1
355643022 1
355680742 1
177859231 1
177878091 1
177896955 1
177915818 1
177934682 1
355907092 1
355944824 1
355982556 1
178010148 1
356058032 1
178047887 1
178066758 1
178085629 1
356209002 1
178123376 1
356284501 1
178161127 1
178180004 1
178198882 1
178217761 1
178236641 1
356511044 1
178274405 1
178293288 1
178312172 1
178331056 1
356699884 1
356737656 1
356775432 1
356813210 1
356850991 1
356888774 1
356926556 1
356964344 1
357002131 1
178519961 1
178538858 1
357115508 1
178576652 1
178595550 1
357228900 1
178633352 1
357304506 1
178671158 1
178690062 1
178708967 1
178727871 1
357493556 1
178765688 1
357569190 1
178803505 1
178822417 1
178841330 1
357720482 1
357758310 1
178898070 1
178916987 1
357871808 1
178954823 1
357947482 1
357985322 1
358023163 1
358061007 1
358098852 1
358136700 1
358174551 1
179106203 1
358250257 1
358288114 1
358325972 1
358363832 1
358401693 1
358439557 1
358477422 1
358515291 1
179276581 1
358591032 1
358628906 1
179333392 1
179352331 1
358742542 1
358780423 1
358818308 1
179428096 1
179447040 1
358931971 1
358969863 1
179503878 1
179522828 1
179541775 1
179560727 1
179579678 1
179598630 1
359235162 1
179636535 1
179655492 1
179674448 1
359386806 1
359424723 1
179731321 1
359500562 1
179769243 1
179788204 1
179807167 1
179826132 1
359690190 1
359728122 1
179883030 1
359803992 1
179920966 1
359879872 1
179958906 1
359955756 1
179996851 1
180015827 1
360069600 1
180053778 1
180072754 1
360183462 1
180110711 1
180129691 1
360297344 1
180167655 1
360373274 1
180205620 1
180224607 1
180243592 1
180262578 1
360563133 1
360601110 1
180319546 1
360677072 1
180357528 1
360753044 1
360791031 1
180414510 1
180433506 1
360905006 1
180471503 1
180490500 1
180509501 1
361057003 1
180547503 1
361133014 1
180585512 1
180604515 1
361247043 1
361285056 1
361323072 1
180680545 1
180699557 1
361437132 1
361475157 1
361513183 1
180775606 1
361589240 1
361627274 1
180832654 1
361703344 1
361741382 1
180889710 1
361817464 1
180927754 1
180946778 1
180965802 1
361969650 1
181003852 1
181022878 1
362083813 1
362121870 1
362159931 1
362197992 1
181118029 1
362274124 1
362312191 1
181175131 1
362388333 1
181213204 1
181232241 1
362502561 1
181270322 1
362578723 1
362616808 1
362654894 1
181346491 1
362731072 1
181384583 1
181403630 1
181422677 1
362883451 1
362921550 1
181479826 1
362997756 1
181517931 1
181536985 1
363112081 1
181575096 1
181594153 1
363226422 1
181632272 1
363302660 1
181670392 1
363378908 1
181708517 1
363455160 1
181746647 1
181765711 1
181784779 1
363607694 1
363645830 1
181841986 1
181861056 1
181880129 1
363798402 1
363836551 1
363874701 1
363912854 1
363951006 1
363989164 1
364027321 1
182032740 1
364103644 1
364141808 1
182089988 1
182109070 1
182128157 1
182147243 1
182166329 1
182185416 1
364409010 1
182223596 1
182242686 1
364523556 1
182280873 1
182299965 1
364638120 1
364676312 1
364714506 1
364752702 1
364790900 1
182414551 1
182433652 1
182452753 1
182471857 1
364981922 1
365020131 1
182529173 1
365096556 1
182567387 1
365172990 1
182605606 1
182624716 1
182643828 1
365325883 1
182682055 1
182701171 1
182720287 1
182739403 1
182758522 1
182777640 1
182796760 1
182815881 1
182835003 1
365708252 1
182873250 1
182892377 1
365823004 1
365861258 1
182949758 1
365937772 1
365976031 1
183007146 1
183026278 1
366090824 1
183064545 1
366167360 1
183102816 1
366243906 1
183141092 1
183160231 1
183179371 1
366397022 1
366435308 1
366473593 1
183255941 1
366550172 1
183294232 1
183313380 1
366665054 1
183351677 1
183370826 1
366779953 1
366818258 1
366856563 1
366894871 1
183466591 1
366971492 1
367009807 1
367048123 1
183543222 1
367124760 1
183581542 1
367201407 1
183619868 1
367278061 1
367316390 1
367354722 1
367393056 1
183715696 1
367469731 1
183754037 1
183773208 1
367584758 1
183811552 1
367661451 1
367699802 1
367738152 1
183888255 1
367814863 1
183926610 1
367891580 1
367929943 1
367968306 1
368006673 1
368045042 1
184041707 1
368121782 1
184080080 1
184099266 1
368236911 1
184137645 1
368313674 1
184176028 1
368390442 1
368428832 1
184233611 1
368505614 1
184272005 1
184291201 1
184310400 1
184329602 1
368697603 1
368736008 1
368774412 1
368812820 1
184425615 1
184444822 1
368928058 1
368966473 1
369004891 1
369043310 1
369081732 1
369120156 1
184579292 1
184598506 1
369235442 1
184636936 1
369312308 1
184675371 1
184694592 1
369427620 1
369466064 1
184752253 1
184771478 1
184790700 1
369619850 1
184829153 1
369696758 1
184867606 1
184886835 1
184906065 1
184925296 1
369889057 1
369927523 1
184982996 1
370004460 1
185021468 1
370081406 1
370119884 1
370158361 1
185098422 1
185117663 1
185136905 1
185156148 1
185175391 1
185194635 1
370427763 1
185233128 1
185252378 1
370543251 1
370581751 1
185310126 1
370658758 1
185348631 1
370735771 1
185387142 1
370812793 1
370851308 1
370889822 1
370928342 1
185483430 1
371005383 1
371043908 1
371082432 1
371120962 1
371159491 1
185599012 1
185618278 1
185637548 1
371313630 1
371352171 1
185695358 1
185714630 1
371467802 1
371506350 1
371544901 1
185791726 1
371622008 1
371660563 1
371699120 1
371737682 1
371776243 1
371814806 1
185926687 1
185945972 1
185965257 1
371969084 1
186003829 1
186023118 1
186042405 1
186061695 1
186080987 1
186100279 1
372239144 1
372277730 1
372316321 1
372354914 1
186196755 1
186216053 1
372470701 1
186254651 1
372547904 1
186293255 1
372625113 1
186331860 1
186351167 1
186370472 1
186389780 1
186409086 1
186428396 1
186447706 1
372934033 1
186486328 1
186505642 1
186524956 1
186544271 1
373127173 1
373165807 1
186602221 1
373243082 1
186640861 1
186660183 1
373359008 1
373397652 1
186718152 1
186737475 1
373513603 1
186776130 1
186795458 1
373629571 1
373668231 1
186853446 1
373745557 1
186892112 1
186911447 1
186930780 1
373900232 1
186969453 1
373977583 1
374016261 1
374054941 1
187046812 1
187066153 1
374170994 1
187104842 1
374248371 1
187143531 1
187162879 1
187182226 1
187201575 1
187220926 1
187240278 1
187259628 1
187278982 1
374596671 1
374635381 1
187337046 1
374712807 1
374751524 1
187395122 1
374828961 1
187433841 1
187453203 1
374945132 1
187491931 1
375022591 1
375061324 1
375100056 1
375138792 1
375177531 1
187608135 1
187627506 1
187646878 1
187666252 1
187685626 1
187705001 1
187724376 1
375487508 1
375526262 1
187782512 1
375603780 1
375642543 1
375681307 1
187860037 1
187879420 1
375797612 1
187918193 1
375875158 1
187956967 1
187976357 1
375991490 1
376030273 1
188034530 1
376107842 1
188073315 1
376185421 1
188112107 1
376263008 1
376301803 1
376340602 1
376379401 1
188209102 1
376457006 1
188247908 1
376534621 1
188286717 1
376612242 1
188325528 1
188344936 1
376728691 1
188383757 1
188403166 1
376845157 1
376883982 1
188461406 1
376961642 1
188500237 1
188519655 1
377078144 1
377116982 1
377155821 1
377194663 1
188616753 1
377272354 1
377311202 1
377350050 1
188694452 1
377427758 1
188733306 1
188752735 1
188772165 1
377583192 1
188811030 1
377660923 1
188849896 1
377738662 1
188888766 1
377816407 1
188927643 1
188947080 1
377933040 1
188985962 1
378010808 1
378049693 1
378088581 1
189063736 1
378166364 1
189102628 1
378244153 1
189141525 1
189160976 1
378360854 1
378399757 1
378438662 1
189238786 1
378516482 1
189277696 1
189297153 1
378633223 1
189336072 1
189355530 1
378749983 1
378788907 1
378827832 1
189433380 1
378905691 1
378944623 1
189491780 1
379022494 1
379061432 1
189550185 1
379139314 1
379178258 1
189608601 1
379256151 1
379295102 1
379334053 1
379373008 1
189705982 1
379450920 1
189744940 1
379528842 1
189783905 1
189803386 1
379645741 1
379684712 1
189861841 1
379762657 1
379801634 1
189920307 1
379879590 1
379918573 1
189978778 1
189998271 1
190017767 1
380074520 1
190056757 1
190076254 1
190095752 1
190115251 1
190134750 1
190154251 1
190173753 1
190193258 1
380425522 1
190232267 1
380503543 1
380542556 1
190290786 1
380620590 1
190329805 1
380698633 1
190368830 1
190388343 1
380815711 1
380854740 1
190446888 1
190466405 1
380971843 1
381010882 1
381049920 1
381088962 1
190564004 1
190583526 1
381206102 1
190622575 1
190642101 1
381323258 1
190681158 1
190700685 1
190720215 1
381479492 1
190759280 1
190778811 1
190798345 1
190817880 1
190837418 1
381713908 1
190876491 1
190896030 1
190915570 1
381870223 1
190954653 1
190974196 1
381987482 1
382026572 1
191032832 1
191052380 1
191071928 1
382182950 1
382222051 1
191130577 1
382300256 1
191169681 1
191189235 1
382417581 1
191228346 1
382495806 1
191267462 1
191287021 1
191306581 1
191326141 1
191345704 1
191365266 1
382769661 1
191404396 1
191423961 1
382887058 1
382926192 1
191482667 1
191502235 1
383043614 1
191541378 1
383121902 1
191580525 1
191600102 1
383239353 1
191639254 1
191658831 1
191678412 1
383395981 1
191717571 1
383474308 1
383513474 1
383552640 1
383591811 1
191815493 1
383670158 1
191854667 1
191874256 1
383787692 1
383826874 1
383866057 1
191952623 1
383944430 1
383983622 1
384022814 1
384062006 1
192050603 1
192070201 1
384179600 1
192109402 1
384258006 1
192148606 1
384336422 1
384375631 1
192207422 1
192227028 1
384493273 1
192266247 1
192285856 1
192305467 1
384650158 1
384689382 1
384728612 1
192383920 1
384807074 1
384846306 1
384885542 1
192462390 1
384964020 1
385003264 1
192521254 1
385081752 1
385121000 1
385160251 1
192599752 1
192619380 1
385278012 1
385317272 1
192678266 1
192697897 1
192717530 1
192737161 1
192756795 1
385552862 1
192796068 1
192815703 1
192835342 1
192854980 1
192874622 1
385788524 1
385827807 1
192933547 1
192953190 1
192972836 1
192992483 1
193012129 1
386063554 1
193051426 1
193071075 1
193090727 1
193110380 1
386260062 1
193149686 1
193169340 1
193188996 1
193208654 1
193228311 1
386495942 1
193267630 1
386574583 1
386613907 1
193326617 1
193346282 1
193365946 1
193385612 1
193405280 1
193424948 1
386889231 1
193464285 1
386967913 1
387007258 1
193523303 1
193542976 1
193562652 1
387164654 1
387204007 1
387243362 1
387282720 1
193661041 1
387361442 1
193700403 1
387440172 1
193739772 1
387518911 1
387558283 1
193798829 1
193818518 1
387676412 1
193857897 1
193877586 1
193897278 1
387833944 1
387873332 1
193956362 1
387952112 1
387991507 1
388030902 1
388070302 1
194054851 1
194074551 1
388188506 1
388227912 1
194133661 1
388306732 1
388346144 1
388385556 1
194212488 1
388464392 1
388503810 1
388543233 1
388582658 1
194311042 1
194330755 1
388700940 1
388740374 1
388779807 1
388819242 1
388858681 1
194449060 1
388937562 1
194488505 1
389016452 1
389055900 1
194547676 1
389134804 1
389174258 1
194606857 1
389253172 1
194646316 1
194666047 1
389371557 1
389411024 1
194725245 1
389489961 1
389529432 1
389568908 1
194804191 1
389647862 1
389687342 1
194863413 1
194883155 1
389805794 1
194922641 1
194942387 1
194962133 1
194981878 1
390003253 1
195021377 1
390082251 1
390121754 1
195080629 1
390200764 1
195120137 1
390279780 1
195159648 1
390358807 1
195199161 1
390437842 1
195238682 1
390516884 1
195278203 1
195297967 1
390635461 1
390674990 1
195357262 1
390754056 1
195396797 1
390833130 1
390872671 1
195456107 1
195475879 1
390991304 1
391030850 1
195535200 1
391109952 1
391149507 1
391189063 1
195614311 1
391268182 1
195653871 1
195673655 1
391386873 1
391426440 1
391466011 1
195752791 1
195772578 1
391584734 1
391624311 1
195831946 1
391703473 1
391743058 1
195891321 1
391822232 1
391861821 1
195950707 1
195970505 1
391980603 1
392020200 1
392059802 1
392099404 1
392139006 1
392178614 1
392218220 1
392257831 1
392297444 1
196168530 1
392376674 1
392416292 1
196227955 1
196247768 1
392535158 1
196287391 1
196307207 1
392654042 1
196346836 1
392733306 1
392772943 1
196406292 1
196426111 1
196445931 1
392931506 1
196485577 1
196505402 1
196525225 1
393090102 1
196564878 1
393169412 1
196604537 1
196624367 1
393288394 1
196664030 1
393367724 1
196703696 1
196723530 1
393486732 1
393526406 1
196783043 1
393605760 1
393645440 1
196842561 1
393724807 1
196882246 1
393804182 1
393843870 1
196941781 1
393923258 1
393962954 1
197001327 1
394042351 1
394082052 1
394121758 1
197080733 1
197100587 1
197120442 1
394280593 1
197160155 1
394360022 1
197199872 1
394439462 1
394479183 1
394518906 1
197279316 1
197299182 1
197319045 1
394677822 1
394717557 1
197378648 1
394797032 1
394836771 1
394876513 1
197458128 1
197478002 1
197497875 1
395035502 1
197537626 1
395115008 1
197577383 1
395194522 1
197617140 1
197637022 1
395313808 1
197676786 1
395393340 1
395433111 1
197736441 1
197756328 1
395552434 1
395592211 1
395631990 1
395671773 1
197855780 1
395751344 1
197895567 1
395830922 1
197935358 1
395910506 1
197975153 1
395990102 1
198014950 1
396069704 1
198054754 1
396149314 1
198094561 1
198114466 1
198134373 1
198154280 1
396348372 1
198194097 1
396428012 1
198233918 1
198253830 1
198273741 1
396587310 1
198313570 1
198333488 1
396706806 1
396746643 1
396786482 1
198413162 1
198433081 1
198453005 1
396945852 1
396985701 1
198512776 1
198532701 1
397105256 1
198572556 1
198592486 1
198612417 1
397264694 1
397304557 1
198672211 1
397384290 1
397424161 1
198732017 1
198751954 1
198771891 1
198791830 1
397623542 1
198831712 1
397703308 1
198871598 1
397783081 1
397822971 1
198931431 1
198951378 1
397942652 1
198991275 1
199011225 1
199031177 1
199051128 1
199071082 1
398182072 1
398221982 1
398261892 1
199150903 1
199170863 1
398381642 1
199210780 1
398461483 1
199250705 1
398541332 1
398581260 1
398621191 1
398661124 1
199350530 1
199370497 1
398780931 1
398820871 1
398860812 1
398900757 1
199470352 1
199490327 1
399020601 1
199530277 1
399100508 1
199570233 1
199590211 1
199610192 1
399260342 1
199650155 1
199670136 1
399380240 1
399420211 1
399460184 1
199750078 1
399540132 1
399580110 1
399620091 1
199830038 1
199850028 1
199870021 1
399780031 1
399820021 1
199930008 1
199950005 1
399940002 1
399980001 1
400020001 1
400060002 1
400100008 1
200070007 1
400180022 1
200110016 1
200130022 1
400300056 1
400340074 1
400380090 1
400420112 1
400460133 1
200250080 1
400540184 1
200290107 1
200310121 1
200330138 1
200350154 1
200370171 1
200390191 1
400820420 1
200430232 1
400900507 1
400940554 1
200490300 1
200510327 1
401060702 1
401100758 1
200570406 1
200590436 1
200610466 1
200630496 1
200650528 1
200670561 1
401381192 1
401421260 1
401461334 1
401501407 1
401541482 1
401581561 1
200810822 1
200830861 1
200850903 1
401741893 1
401781982 1
401822071 1
401862162 1
200951129 1
200971176 1
200991226 1
402022551 1
402062652 1
201051378 1
402142863 1
402182971 1
402223082 1
402263194 1
402303306 1
402343423 1
201191771 1
402423660 1
402463784 1
201251955 1
402544032 1
201292080 1
201312146 1
402664422 1
201352278 1
201372347 1
201392415 1
201412485 1
402865113 1
402905257 1
201472702 1
402985551 1
201512852 1
403065854 1
403106008 1
403146163 1
403186322 1
403226482 1
403266642 1
403306806 1
403346974 1
201693570 1
403427311 1
403467484 1
403507658 1
201773916 1
201794006 1
403628191 1
403668374 1
403708556 1
403748743 1
201894465 1
403829120 1
403869313 1
403909506 1
403949703 1
403989900 1
202015052 1
404070304 1
404110507 1
202075357 1
202095461 1
404231131 1
202135673 1
202155780 1
202175887 1
404391992 1
404432212 1
404472434 1
202256328 1
202276442 1
404593111 1
404633340 1
404673574 1
202356903 1
404754044 1
202397142 1
202417260 1
404874762 1
404915008 1
404955252 1
404995500 1
405035752 1
202538003 1
405116256 1
405156514 1
202598386 1
202618517 1
405277292 1
202658778 1
202678913 1
405398090 1
405438360 1
202739316 1
405518908 1
405559182 1
405599461 1
202819870 1
202840013 1
202860154 1
405760594 1
405800881 1
405841172 1
405881464 1
405921757 1
202981026 1
203001175 1
406042652 1
406082953 1
203061630 1
406163563 1
203101937 1
406244181 1
203142246 1
203162403 1
406365122 1
406405442 1
406445760 1
203243041 1
406526407 1
203283366 1
406607062 1
203323696 1
406687724 1
203364029 1
406768393 1
406808732 1
203424535 1
203444707 1
203464879 1
406970104 1
407010451 1
407050800 1
203545577 1
203565755 1
407171863 1
407212220 1
203626292 1
407292944 1
203666655 1
407373672 1
407414040 1
203727205 1
203747392 1
407535158 1
407575533 1
407615911 1
407656290 1
203848336 1
407737056 1
407777442 1
203908915 1
407858221 1
203949307 1
407939007 1
203989702 1
408019800 1
408060202 1
204050303 1
204070505 1
204090706 1
204110912 1
204131116 1
204151323 1
408343057 1
204191738 1
204211947 1
204232155 1
408504733 1
204272579 1
204292791 1
204313005 1
204333221 1
408706872 1
408747308 1
204393872 1
408828180 1
204434311 1
204454532 1
204474753 1
204494976 1
409030402 1
204535425 1
204555652 1
409151756 1
409192212 1
409232670 1
204636565 1
409313593 1
409354056 1
204697262 1
204717496 1
409475461 1
409515932 1
409556407 1
409596884 1
204818682 1
204838920 1
409718322 1
204879403 1
409799293 1
204919892 1
409880271 1
409920762 1
204980629 1
205000878 1
410042251 1
205041376 1
205061626 1
410163758 1
205102131 1
205122385 1
205142641 1
205162896 1
205183155 1
410406824 1
410447340 1
205243931 1
410528383 1
410568908 1
205304718 1
410649962 1
205345245 1
410731024 1
410771558 1
205406047 1
410852631 1
205446585 1
410933714 1
410974257 1
411014802 1
205527676 1
411095902 1
205568228 1
205588503 1
411217562 1
205629061 1
411298682 1
205669623 1
411379806 1
205710188 1
411460941 1
205750755 1
205771042 1
411582658 1
205811616 1
411663810 1
205852196 1
411744973 1
205892779 1
205913073 1
411866731 1
411907322 1
411947914 1
205994254 1
412029104 1
206034852 1
206055151 1
206075453 1
412191508 1
206116058 1
412272720 1
206156666 1
412353942 1
206197280 1
206217586 1
206237895 1
412516410 1
206278517 1
206298830 1
206319142 1
206339456 1
412719540 1
412760173 1
206400405 1
206420723 1
412882081 1
206461362 1
412963362 1
206502004 1
413044653 1
413085301 1
413125950 1
413166604 1
206603629 1
413247912 1
413288572 1
206664617 1
206684948 1
206705279 1
413451224 1
206745945 1
413532560 1
206786618 1
206806954 1
206827291 1
413695260 1
413735941 1
413776624 1
206908653 1
413857994 1
413898682 1
206969687 1
413980062 1
207010380 1
414061452 1
414102151 1
414142852 1
207091776 1
207112128 1
207132483 1
207152837 1
207173190 1
207193548 1
414427807 1
414468522 1
414509240 1
414549962 1
414590683 1
414631408 1
414672134 1
414712862 1
414753590 1
207397163 1
414835056 1
414875793 1
414916530 1
414957272 1
207499008 1
415038756 1
415079504 1
415120250 1
415161001 1
415201753 1
415242508 1
415283263 1
207662010 1
207682390 1
207702771 1
207723155 1
207743537 1
415527842 1
207784307 1
415609384 1
207825079 1
207845466 1
415731712 1
207886246 1
207906636 1
415854056 1
207947421 1
207967816 1
415976420 1
416017212 1
208029003 1
416098804 1
416139600 1
208090202 1
416221202 1
416262007 1
416302813 1
416343620 1
416384430 1
416425244 1
208233029 1
208253438 1
416547691 1
208294257 1
208314667 1
416670157 1
416710984 1
416751811 1
208396321 1
208416737 1
416874308 1
416915142 1
208477990 1
416996821 1
417037662 1
417078508 1
417119353 1
208580102 1
417201051 1
417241903 1
208641378 1
208661807 1
417364472 1
208702666 1
208723098 1
417487056 1
208763961 1
417568791 1
208804830 1
417650534 1
417691408 1
208866141 1
417773162 1
417814042 1
417854924 1
417895808 1
417936693 1
417977581 1
209009235 1
209029681 1
209050130 1
418141153 1
209091027 1
418222952 1
418263854 1
418304756 1
418345662 1
418386572 1
209213740 1
418468392 1
209254655 1
209275111 1
418591142 1
209316031 1
209336491 1
209356955 1
209377418 1
209397881 1
209418345 1
418877622 1
418918558 1
209479748 1
419000432 1
419041372 1
419082312 1
419123258 1
419164202 1
209602575 1
209623050 1
209643527 1
419328008 1
419368962 1
209704961 1
419450882 1
419491844 1
419532806 1
209786888 1
419614740 1
209827857 1
419696682 1
419737658 1
209889318 1
419819612 1
209930297 1
419901574 1
209971278 1
209991772 1
420024530 1
210032760 1
420106514 1
210073754 1
210094252 1
210114750 1
210135252 1
210155752 1
420352507 1
210196757 1
210217260 1
210237767 1
210258273 1
420557556 1
420598574 1
210319797 1
210340307 1
210360816 1
210381328 1
420803682 1
210422357 1
210442872 1
420926774 1
420967806 1
421008843 1
210524941 1
421090922 1
210565983 1
210586504 1
421214052 1
421255100 1
210648075 1
421337204 1
421378257 1
421419314 1
421460372 1
210750717 1
421542494 1
210791778 1
210812311 1
421665690 1
421706762 1
421747832 1
421788907 1
210914992 1
421871062 1
421912140 1
421953224 1
210997153 1
211017697 1
211038241 1
211058787 1
211079332 1
422199758 1
211120426 1
422281950 1
422323051 1
211182078 1
211202630 1
211223181 1
211243737 1
211264290 1
422569692 1
422610807 1
422651923 1
211346520 1
211367080 1
211387642 1
211408204 1
211428768 1
422898660 1
422939791 1
211490462 1
423022056 1
211531598 1
423104331 1
211572737 1
211593306 1
423227758 1
423268902 1
423310051 1
423351202 1
211696177 1
211716754 1
423474664 1
423515821 1
211778490 1
211799072 1
423639306 1
423680473 1
423721641 1
423762811 1
211901991 1
211922580 1
211943167 1
211963756 1
211984347 1
424009874 1
212025528 1
212046122 1
424133430 1
212087311 1
424215813 1
424257008 1
212149101 1
424339401 1
212190300 1
424421803 1
212231503 1
424504213 1
424545420 1
212293316 1
424627842 1
424669057 1
212355136 1
212375747 1
424792711 1
212416966 1
424875158 1
424916382 1
212478806 1
424998840 1
425040072 1
212540654 1
212561271 1
212581892 1
425205022 1
212623133 1
425287507 1
212664376 1
425370000 1
212705627 1
212726253 1
212746879 1
425535012 1
212788137 1
212808766 1
212829397 1
425700056 1
425741323 1
425782591 1
212911932 1
425865133 1
425906407 1
425947683 1
425988960 1
213015122 1
213035761 1
426112808 1
426154093 1
426195382 1
213118337 1
426277964 1
213159629 1
426360552 1
213200927 1
213221576 1
213242227 1
213262880 1
213283533 1
426608370 1
213324841 1
426690993 1
426732308 1
213386811 1
213407472 1
426856261 1
426897584 1
213469454 1
426980233 1
427021561 1
427062892 1
213552111 1
427145558 1
213593447 1
213614116 1
427269570 1
427310913 1
213676130 1
213696802 1
213717476 1
213738151 1
427517652 1
427559008 1
427600364 1
427641721 1
427683082 1
427724442 1
213882903 1
213903586 1
427848542 1
213944957 1
427931284 1
213986329 1
428014033 1
214027707 1
214048395 1
428138173 1
214089779 1
214110471 1
214131165 1
214151860 1
428345112 1
428386507 1
214213952 1
214234652 1
428510700 1
214276053 1
428593508 1
428634913 1
214338161 1
428717730 1
428759142 1
214400280 1
428841972 1
214441697 1
214462405 1
428966232 1
429007656 1
429049082 1
214545255 1
429131941 1
214586688 1
214607405 1
429256242 1
429297680 1
429339121 1
429380564 1
214711005 1
429463452 1
214752452 1
429546351 1
429587802 1
429629257 1
214835357 1
214856087 1
214876816 1
429795094 1
429836556 1
429878023 1
214959745 1
429960962 1
215001216 1
215021954 1
430085382 1
215063431 1
215084171 1
215104913 1
215125654 1
430292792 1
430334282 1
430375771 1
215208631 1
215229380 1
430500254 1
430541752 1
215291625 1
215312378 1
215333130 1
430707762 1
215374635 1
215395392 1
430832293 1
215436904 1
430915323 1
430956842 1
430998360 1
215519942 1
431081407 1
215561468 1
215582230 1
215602997 1
215623763 1
215644529 1
431330593 1
215686067 1
215706837 1
215727608 1
431496756 1
215769152 1
215789926 1
215810700 1
431662953 1
431704508 1
431746064 1
431787622 1
215914592 1
215935373 1
431912307 1
215976938 1
431995442 1
432037012 1
432078582 1
432120157 1
216080868 1
432203312 1
216122445 1
216143237 1
216164030 1
216184823 1
216205616 1
432452821 1
432494413 1
216268005 1
432577602 1
216309601 1
432660801 1
432702403 1
216372003 1
432785613 1
432827220 1
432868831 1
216455222 1
432952056 1
432993672 1
216517646 1
216538455 1
216559266 1
216580078 1
433201782 1
216621706 1
433285042 1
433326673 1
216684153 1
433409943 1
433451581 1
216746610 1
433534862 1
433576506 1
216809077 1
216829902 1
216850727 1
216871552 1
216892378 1
433826414 1
216934036 1
216954865 1
216975696 1
216996530 1
434034722 1
217038196 1
217059030 1
217079867 1
434201408 1
217121543 1
217142382 1
217163221 1
434368122 1
217204903 1
434451493 1
434493180 1
217267437 1
434576563 1
434618258 1
434659954 1
217350825 1
434743350 1
434785053 1
434826757 1
434868464 1
434910170 1
217475940 1
434993593 1
435035308 1
217538512 1
217559371 1
435160462 1
435202184 1
435243908 1
435285633 1
435327360 1
435369090 1
435410822 1
217726278 1
217747146 1
217768015 1
217788887 1
217809758 1
435661256 1
435703002 1
217872376 1
217893250 1
435828253 1
435870008 1
435911763 1
217976762 1
217997642 1
436037042 1
218039404 1
436120573 1
436162341 1
436204111 1
218122943 1
436287656 1
218164717 1
436371210 1
436412992 1
218227388 1
218248279 1
218269172 1
218290067 1
436621922 1
218331857 1
218352754 1
436747304 1
218394550 1
218415451 1
218436352 1
436914507 1
436956312 1
218499061 1
437039932 1
437081742 1
437123558 1
218582687 1
437207190 1
218624506 1
218645418 1
437332656 1
218687241 1
218708156 1
218729070 1
218749988 1
437541808 1
437583644 1
218812740 1
218833661 1
218854581 1
218875504 1
218896427 1
218917352 1
437876552 1
218959202 1
218980128 1
438002112 1
438043971 1
219042916 1
438127694 1
219084778 1
219105712 1
219126645 1
438295161 1
438337033 1
219189454 1
438420783 1
219231331 1
219252271 1
219273213 1
219294153 1
438630194 1
438672081 1
219356986 1
438755863 1
438797757 1
219419828 1
219440776 1
219461725 1
438965352 1
439007256 1
219524582 1
439091072 1
439132981 1
439174894 1
439216807 1
219629363 1
439300640 1
439342560 1
439384482 1
439426406 1
219734168 1
439510260 1
439552191 1
219797062 1
219818028 1
219838996 1
439719932 1
439761870 1
219901906 1
219922879 1
439887703 1
439929651 1
219985800 1
440013553 1
440055506 1
440097463 1
220069712 1
220090691 1
220111671 1
440265308 1
220153636 1
440349242 1
440391210 1
220216592 1
220237578 1
440517132 1
440559112 1
220300547 1
220321536 1
440685057 1
440727042 1
440769032 1
440811021 1
220426507 1
220447505 1
440937003 1
440979000 1
441021002 1
220531502 1
220552504 1
441147012 1
220594510 1
220615517 1
441273042 1
441315057 1
220678536 1
441399092 1
441441112 1
441483133 1
220762578 1
220783592 1
441609210 1
441651240 1
220846636 1
220867653 1
441777342 1
220909692 1
441861420 1
441903464 1
441945508 1
441987552 1
442029602 1
442071650 1
221056852 1
221077879 1
221098906 1
442239870 1
442281931 1
442323992 1
221183030 1
442408122 1
221225097 1
442492261 1
442534333 1
442576407 1
221309241 1
442660560 1
221351321 1
442744722 1
221393405 1
221414446 1
442870981 1
221456535 1
442955163 1
442997257 1
443039354 1
221540726 1
443123552 1
221582827 1
221603880 1
221624933 1
443291971 1
221667041 1
221688097 1
221709154 1
443460422 1
221751270 1
221772332 1
221793391 1
221814454 1
443671034 1
221856582 1
221877647 1
221898713 1
443839557 1
221940847 1
443923830 1
221982986 1
444008113 1
444050256 1
444092404 1
444134550 1
444176700 1
444218853 1
222130503 1
444303162 1
222172660 1
444387481 1
444429644 1
444471807 1
444513973 1
444556142 1
444598311 1
444640484 1
222341330 1
222362417 1
444767012 1
444809190 1
444851373 1
222446778 1
222467873 1
444977930 1
445020122 1
222531157 1
445104506 1
445146703 1
222594452 1
445231100 1
445273302 1
222657755 1
445357712 1
222699961 1
445442130 1
222742173 1
222763280 1
222784388 1
222805496 1
222826606 1
222847716 1
445737656 1
222889941 1
445822112 1
222932171 1
445906574 1
445948808 1
445991044 1
446033282 1
446075522 1
446117764 1
446160007 1
223101128 1
446244501 1
446286752 1
446329004 1
223185628 1
446413514 1
223227886 1
223249016 1
223270148 1
446582558 1
446624823 1
223333547 1
223354681 1
446751633 1
223396955 1
446836184 1
446878460 1
446920741 1
446963024 1
447005306 1
223523796 1
223544940 1
223566086 1
223587232 1
447216757 1
447259052 1
447301351 1
223671827 1
447385952 1
223714128 1
447470564 1
447512870 1
447555181 1
223798746 1
447639808 1
223841063 1
447724441 1
223883381 1
447809083 1
447851408 1
223946866 1
447936061 1
223989196 1
448020723 1
224031530 1
448105393 1
448147730 1
448190070 1
224116208 1
224137379 1
224158553 1
224179725 1
448401802 1
448444154 1
224243254 1
448528863 1
448571220 1
224306792 1
448655944 1
448698307 1
448740672 1
224391522 1
224412706 1
448867782 1
224455078 1
224476266 1
448994912 1
449037290 1
224539837 1
224561029 1
449164443 1
224603417 1
224624611 1
449291613 1
224667005 1
449376404 1
224709401 1
449461202 1
449503603 1
224773003 1
449588412 1
224815410 1
449673231 1
224857823 1
224879030 1
449800473 1
449842891 1
449885311 1
224963866 1
449970157 1
450012584 1
225027505 1
450097442 1
225069936 1
225091154 1
225112372 1
225133591 1
450309622 1
450352062 1
225197255 1
225218477 1
225239702 1
225260925 1
450564304 1
450606756 1
225324607 1
450691671 1
450734130 1
225388296 1
225409528 1
225430762 1
450903991 1
225473232 1
225494467 1
225515703 1
451073884 1
225558182 1
451158841 1
451201323 1
451243808 1
225643148 1
225664390 1
451371271 1
451413763 1
451456256 1
451498752 1
225770626 1
451583750 1
451626252 1
451668756 1
451711262 1
451753772 1
225898140 1
225919397 1
225940653 1
225961911 1
451966340 1
226004430 1
226025691 1
452093906 1
452136434 1
452178962 1
452221492 1
226132011 1
226153280 1
452349094 1
226195815 1
226217085 1
226238358 1
226259628 1
226280901 1
226302175 1
452646901 1
226344726 1
452732007 1
452774564 1
226408561 1
226429841 1
452902243 1
452944807 1
452987373 1
226514970 1
453072510 1
453115082 1
453157656 1
226600117 1
453242811 1
226642695 1
453327972 1
226685279 1
226706571 1
453455732 1
453498321 1
453540914 1
226791755 1
226813053 1
453668702 1
453711301 1
453753902 1
453796506 1
226919556 1
226940861 1
453924332 1
453966943 1
454009558 1
227026088 1
227047395 1
454137410 1
227090016 1
454222656 1
227132641 1
454307911 1
227175270 1
454393174 1
454435806 1
454478443 1
227260540 1
227281860 1
454606363 1
227324503 1
227345827 1
454734300 1
227388476 1
454819602 1
227431128 1
454904914 1
227473786 1
227495117 1
227516446 1
455075558 1
227559112 1
227580445 1
227601782 1
455246233 1
455288906 1
455331584 1
455374260 1
227708470 1
455459622 1
227751153 1
455544993 1
227793840 1
227815187 1
455673063 1
455715756 1
227879227 1
455801152 1
455843851 1
227943278 1
227964630 1
455971964 1
228007337 1
228028691 1
228050048 1
456142806 1
456185522 1
228114122 1
456270962 1
228156843 1
228178204 1
456399132 1
228220932 1
228242296 1
456527323 1
228285028 1
228306398 1
456655532 1
456698270 1
228370506 1
456783756 1
228413252 1
228434626 1
228456002 1
228477378 1
456997508 1
228520132 1
457083022 1
228562891 1
228584273 1
228605655 1
228627036 1
228648422 1
457339610 1
228691192 1
457425158 1
228733968 1
457510710 1
457553491 1
228798138 1
457639056 1
228840923 1
228862317 1
228883711 1
457810212 1
228926504 1
228947902 1
228969301 1
457981400 1
458024204 1
458067008 1
458109812 1
458152621 1
458195432 1
229119123 1
229140529 1
229161937 1
458366690 1
458409511 1
229226167 1
458495158 1
458537983 1
229290406 1
458623641 1
229333238 1
229354653 1
458752143 1
458794981 1
229418910 1
229440333 1
229461753 1
458966352 1
229504601 1
459052051 1
459094903 1
459137756 1
229590306 1
229611737 1
459266332 1
229654598 1
229676030 1
459394924 1
459437791 1
459480661 1
459523532 1
229783203 1
459609284 1
229826080 1
229847521 1
229868963 1
229890403 1
459823692 1
229933291 1
229954735 1
459952364 1
459995258 1
230019077 1
230040525 1
460123950 1
230083426 1
230104879 1
460252664 1
230147785 1
230169242 1
460381393 1
460424307 1
460467224 1
230255071 1
460553060 1
230297993 1
460638906 1
460681833 1
230362381 1
230383847 1
230405311 1
230426779 1
460896493 1
460939432 1
230491186 1
461025313 1
230534129 1
230555601 1
230577077 1
461197101 1
461240052 1
230641505 1
230662981 1
230684461 1
461411880 1
461454843 1
230748903 1
230770387 1
461583741 1
230813356 1
461669682 1
230856330 1
461755632 1
461798611 1
461841592 1
461884573 1
461927557 1
461970544 1
231006767 1
231028261 1
231049758 1
462142506 1
462185504 1
462228501 1
231135750 1
231157253 1
231178754 1
462400513 1
231221762 1
462486531 1
462529544 1
231286278 1
231307786 1
231329297 1
231350806 1
231372317 1
462787658 1
462830683 1
231436855 1
462916742 1
231479887 1
463002808 1
231522922 1
463088880 1
231565960 1
231587483 1
231609005 1
231630526 1
463304100 1
463347150 1
231695103 1
463433256 1
231738158 1
463519372 1
231781215 1
463605493 1
231824279 1
463691622 1
463734691 1
231888882 1
231910417 1
231931953 1
463906984 1
463950060 1
463993141 1
232018111 1
232039653 1
232061198 1
232082740 1
232104285 1
464251664 1
232147380 1
464337853 1
232190477 1
464424051 1
232233578 1
464510257 1
232276682 1
232298236 1
232319791 1
464682693 1
232362903 1
464768924 1
232406021 1
464855160 1
232449142 1
232470705 1
232492266 1
465027662 1
232535397 1
232556963 1
232578528 1
465200192 1
232621667 1
232643235 1
232664807 1
232686378 1
232707951 1
465459050 1
465502201 1
465545354 1
232794254 1
232815833 1
232837411 1
232858990 1
232880572 1
465804307 1
232923737 1
232945320 1
465933810 1
232988492 1
466020157 1
466063332 1
466106511 1
233074846 1
233096437 1
233118029 1
233139623 1
233161215 1
233182812 1
466408813 1
466452008 1
466495202 1
233269201 1
466581601 1
466624804 1
233334005 1
466711214 1
466754422 1
233398815 1
466840844 1
466884058 1
466927273 1
466970491 1
233506855 1
233528468 1
233550078 1
233571691 1
467186611 1
233614921 1
467273073 1
467316306 1
233679773 1
233701391 1
467446020 1
467489262 1
233766254 1
233787876 1
467619001 1
233831126 1
233852752 1
233874378 1
467792012 1
467835270 1
233939267 1
467921794 1
233982528 1
234004163 1
234025796 1
234047432 1
468138132 1
234090704 1
468224684 1
234133982 1
468311241 1
234177263 1
468397806 1
234220546 1
234242190 1
468527672 1
468570964 1
468614258 1
234328777 1
468700850 1
468744151 1
234393726 1
234415380 1
234437032 1
468917372 1
468960682 1
469003994 1
234523655 1
469090623 1
469133940 1
469177260 1
469220584 1
469263908 1
469307232 1
234675282 1
234696945 1
234718612 1
234740278 1
469523893 1
469567232 1
234805285 1
469653912 1
234848628 1
234870301 1
469783950 1
469827300 1
234935326 1
469914007 1
234978681 1
470000721 1
235022042 1
470087443 1
470130807 1
235087086 1
235108772 1
235130455 1
235152143 1
470347658 1
235195517 1
470434410 1
235238896 1
235260586 1
470564557 1
470607942 1
235325667 1
470694721 1
470738114 1
235390755 1
235412453 1
235434150 1
235455850 1
470955102 1
235499254 1
471041912 1
471085322 1
235564366 1
471172143 1
235607778 1
235629487 1
471302392 1
235672907 1
471389232 1
471432657 1
471476083 1
471519510 1
471562942 1
471606374 1
471649806 1
235846621 1
235868341 1
471780122 1
471823562 1
471867006 1
471910454 1
471953900 1
471997350 1
236020401 1
472084256 1
236063856 1
472171171 1
472214631 1
472258092 1
236150778 1
236172512 1
472388491 1
236215982 1
236237716 1
236259453 1
236281191 1
472605862 1
472649341 1
472692824 1
236368155 1
472779792 1
236411640 1
472866770 1
236455133 1
472953757 1
236498628 1
473040750 1
236542125 1
236563877 1
473171256 1
473214764 1
473258272 1
473301782 1
236672646 1
473388806 1
473432323 1
236737922 1
473519362 1
473562884 1
236803204 1
236824968 1
236846732 1
473736991 1
236890261 1
236912028 1
236933796 1
236955567 1
473954670 1
473998213 1
237020880 1
474085304 1
474128852 1
237086201 1
237107977 1
237129753 1
474303064 1
237173311 1
474390182 1
237216872 1
237238653 1
474520873 1
474564442 1
237304006 1
474651583 1
474695156 1
237369367 1
237391156 1
237412945 1
237434736 1
237456528 1
474956643 1
475000231 1
475043820 1
475087412 1
475131006 1
237587303 1
475218201 1
237630900 1
475305402 1
475349006 1
237696307 1
475436222 1
475479830 1
475523442 1
237783528 1
475610672 1
475654291 1
475697911 1
475741532 1
237892578 1
237914391 1
237936205 1
237958021 1
475959674 1
238001655 1
476046942 1
476090582 1
238067110 1
238088933 1
238110753 1
476265152 1
238154400 1
476352450 1
476396102 1
238219879 1
238241706 1
238263536 1
476570732 1
238307197 1
238329030 1
238350863 1
476745392 1
238394532 1
238416366 1
476876407 1
238460043 1
238481880 1
477007440 1
238525561 1
238547404 1
238569247 1
477182181 1
477225872 1
477269563 1
238656630 1
477356953 1
238700327 1
477444350 1
477488053 1
477531756 1
477575463 1
238809586 1
238831441 1
477706593 1
477750306 1
238897012 1
477837741 1
477881462 1
238962591 1
238984454 1
478012632 1
478056360 1
239050046 1
239071913 1
239093780 1
478231292 1
478275030 1
478318771 1
478362513 1
239203128 1
478450004 1
478493750 1
239268750 1
478581254 1
239312505 1
478668763 1
239356261 1
478756282 1
239400023 1
239421903 1
239443786 1
239465672 1
239487557 1
479018883 1
479062657 1
239553218 1
479150210 1
479193990 1
479237773 1
239640778 1
239662672 1
239684566 1
239706460 1
479456713 1
479500506 1
239772153 1
239794051 1
239815952 1
479675704 1
239859753 1
479763314 1
479807120 1
239925466 1
479894744 1
239969279 1
239991186 1
480026190 1
240035006 1
240056918 1
240078829 1
240100742 1
240122656 1
480289142 1
240166487 1
240188404 1
480420643 1
480464480 1
480508322 1
240276083 1
480596008 1
240319926 1
240341850 1
240363777 1
480771404 1
240407629 1
480859112 1
480902970 1
240473415 1
240495348 1
240517279 1
240539212 1
240561146 1
481166162 1
240605017 1
240626953 1
481297782 1
481341662 1
240692770 1
481429424 1
240736655 1
481517194 1
481561082 1
240802486 1
481648864 1
481692757 1
481736653 1
240890277 1
240912227 1
481868352 1
240956128 1
240978083 1
482000070 1
482043980 1
241043946 1
482131806 1
482175724 1
482219640 1
241131781 1
482307483 1
482351406 1
241197668 1
482439261 1
482483192 1
241263562 1
241285529 1
241307498 1
482658930 1
241351435 1
482746812 1
482790758 1
241417351 1
482878652 1
241461301 1
482966553 1
483010508 1
483054464 1
483098420 1
483142381 1
241593173 1
483230306 1
483274274 1
241659121 1
483362210 1
483406184 1
483450157 1
483494132 1
483538110 1
241791045 1
241813036 1
241835029 1
483714044 1
483758032 1
241901012 1
483846013 1
483890006 1
241967001 1
483978002 1
242011001 1
242033002 1
484110007 1
242077007 1
484198020 1
484242030 1
242143023 1
484330056 1
242187037 1
484418090 1
242231056 1
484506132 1
484550157 1
484594183 1
484638212 1
484682240 1
484726272 1
242385154 1
242407173 1
242429191 1
242451211 1
242473231 1
484990507 1
242517276 1
485078602 1
485122650 1
242583351 1
485210757 1
242627406 1
242649435 1
242671466 1
242693497 1
242715529 1
485475123 1
242759596 1
485563261 1
485607333 1
485651407 1
242847743 1
242869782 1
242891822 1
242913862 1
485871808 1
485915894 1
242979992 1
486004072 1
486048163 1
243046130 1
243068177 1
243090227 1
486224550 1
486268653 1
486312757 1
243178432 1
486400971 1
486445081 1
243244596 1
243266654 1
486577422 1
243310770 1
243332831 1
486709782 1
486753906 1
243399016 1
486842161 1
486886292 1
486930423 1
243487278 1
487018694 1
487062830 1
243553485 1
243575557 1
243597630 1
487239403 1
487283552 1
487327702 1
487371854 1
243708004 1
243730081 1
487504322 1
487548480 1
243796322 1
243818404 1
243840487 1
487725141 1
487769310 1
243906742 1
487857656 1
243950917 1
243973005 1
487990190 1
244017188 1
244039278 1
488122743 1
488166932 1
488211121 1
244127657 1
244149754 1
244171851 1
488387900 1
488432100 1
488476302 1
244260254 1
488564714 1
244304460 1
244326566 1
244348673 1
488741556 1
244392887 1
488829992 1
244437107 1
488918434 1
244481328 1
489006883 1
489051111 1
244547671 1
489139574 1
489183806 1
244614023 1
489272282 1
244658261 1
244680381 1
489405007 1
244724628 1
244746750 1
489537750 1
244791002 1
244813128 1
489670514 1
489714771 1
244879515 1
489803292 1
244923780 1
489891824 1
489936091 1
244990182 1
245012316 1
245034455 1
245056593 1
490157460 1
245100870 1
245123011 1
245145155 1
490334592 1
490378881 1
245211585 1
245233732 1
490511757 1
490556052 1
245300175 1
245322326 1
245344477 1
490733258 1
245388783 1
245410935 1
490866181 1
245455248 1
245477405 1
490999123 1
245521722 1
491087762 1
491132083 1
245588204 1
245610368 1
491265061 1
491309392 1
245676863 1
245699028 1
491442393 1
245743365 1
245765537 1
245787707 1
491619758 1
245832051 1
245854227 1
491752802 1
491797152 1
245920754 1
491885863 1
245965112 1
491974580 1
492018944 1
246031653 1
492107672 1
246076022 1
246098207 1
246120392 1
492285157 1
492329532 1
492373912 1
246209147 1
246231337 1
492507056 1
492551444 1
492595830 1
492640221 1
492684613 1
492729006 1
246386702 1
492817800 1
492862200 1
492906604 1
246475504 1
492995414 1
246519911 1
493084230 1
493128642 1
246586528 1
493217474 1
493261891 1
493306310 1
246675366 1
246697578 1
493439584 1
493484010 1
493528440 1
246786437 1
246808654 1
246830871 1
246853090 1
493750620 1
493795062 1
493839507 1
246941978 1
246964200 1
246986425 1
494017303 1
494061757 1
494106214 1
247075337 1
494195132 1
494239594 1
247142029 1
494328522 1
247186495 1
247208732 1
494461934 1
494506408 1
247275443 1
494595362 1
247319920 1
494684324 1
247364403 1
247386647 1
247408890 1
494862272 1
247453383 1
494951258 1
494995753 1
247520126 1
495084750 1
247564626 1
495173758 1
495218263 1
495262770 1
247653640 1
247675898 1
247698154 1
247720412 1
495485341 1
247764931 1
247787192 1
247809454 1
247831718 1
495707962 1
247876247 1
247898513 1
495841558 1
247943048 1
247965315 1
495975172 1
248009857 1
496064258 1
496108802 1
248076676 1
248098952 1
496242454 1
496287007 1
248165782 1
496376120 1
248210342 1
496465243 1
248254904 1
496554374 1
496598940 1
248321755 1
248344042 1
248366329 1
248388617 1
496821812 1
496866391 1
248455487 1
248477779 1
248500072 1
497044731 1
248544662 1
497133912 1
248589253 1
497223103 1
497267701 1
248656152 1
497356903 1
497401508 1
248723056 1
497490720 1
248767666 1
248789971 1
248812278 1
497669174 1
497713792 1
497758410 1
248901516 1
497847658 1
497892283 1
248968455 1
497981540 1
498026174 1
249035403 1
249057722 1
249080041 1
249102361 1
249124683 1
249147005 1
249169328 1
249191650 1
249213975 1
249236301 1
498517258 1
249280957 1
498606570 1
249325616 1
249347946 1
249370278 1
249392611 1
249414947 1
249437282 1
249459618 1
249481953 1
499008583 1
499053260 1
249548970 1
249571311 1
249593654 1
249615996 1
499276680 1
499321371 1
249683033 1
249705379 1
249727726 1
249750077 1
499544851 1
249794778 1
249817128 1
249839482 1
249861837 1
499768382 1
499813093 1
249928903 1
499902523 1
499947241 1
499991962 1
250018342 1
500081408 1
500126133 1
250085431 1
250107796 1
500260323 1
250152529 1
250174897 1
500394531 1
500439271 1
500484014 1
500528758 1
500573503 1
250309125 1
250331500 1
250353876 1
500752506 1
250398632 1
250421011 1
500886780 1
500931542 1
500976307 1
250510538 1
501065842 1
250555305 1
501155382 1
250600079 1
501244932 1
501289710 1
250667245 1
250689638 1
250712029 1
501468843 1
250756815 1
250779212 1
250801608 1
501648006 1
250846402 1
501737602 1
250891200 1
250913603 1
501872008 1
250958406 1
501961621 1
502006430 1
251025622 1
251048028 1
502140874 1
502185692 1
502230512 1
251137666 1
502320158 1
502364982 1
251204905 1
502454641 1
251249738 1
251272155 1
251294571 1
251316992 1
502678822 1
251361833 1
502768506 1
251406676 1
251429100 1
502903052 1
251473952 1
502992758 1
503037613 1
503082470 1
503127330 1
503172193 1
251608530 1
251630963 1
503306790 1
503351662 1
503396532 1
251720704 1
503486284 1
251765580 1
251788022 1
503620924 1
251832905 1
251855347 1
503755582 1
251900236 1
503845364 1
503890257 1
503935154 1
251990026 1
504024950 1
504069853 1
504114757 1
252079831 1
252102286 1
504249482 1
252147198 1
252169653 1
252192112 1
252214570 1
252237032 1
504518983 1
504563908 1
504608834 1
252326882 1
252349347 1
504743624 1
504788558 1
504833492 1
504878432 1
504923371 1
252484157 1
252506628 1
252529103 1
505103150 1
252574051 1
252596527 1
505238008 1
252641483 1
505327920 1
252686441 1
252708922 1
252731404 1
505507773 1
252776371 1
505597712 1
252821341 1
252843830 1
252866316 1
505777610 1
252911296 1
505867574 1
252956279 1
252978772 1
506002532 1
506047520 1
506092514 1
253068755 1
506182504 1
253113750 1
253136251 1
506317502 1
506362507 1
506407512 1
253226260 1
506497530 1
253271273 1
506587556 1
506632572 1
506677591 1
506722611 1
506767634 1
253406329 1
253428841 1
506902710 1
253473870 1
506992774 1
507037808 1
507082843 1
253563941 1
253586461 1
253608981 1
507263008 1
507308052 1
507353101 1
253699075 1
507443203 1
253744128 1
253766657 1
253789186 1
507623431 1
253834248 1
253856779 1
507758622 1
253901845 1
507848760 1
253946918 1
253969455 1
507983983 1
508029062 1
508074142 1
254059612 1
508164307 1
508209392 1
254127240 1
508299572 1
508344664 1
254194880 1
508434852 1
508479950 1
508525051 1
508570154 1
254307630 1
508660363 1
508705471 1
254375291 1
254397848 1
508840806 1
254442962 1
254465521 1
254488081 1
254510641 1
509066406 1
509111533 1
254578331 1
254600895 1
509246924 1
254646030 1
254668596 1
254691166 1
254713735 1
254736308 1
254758880 1
509562904 1
509608052 1
509653202 1
509698352 1
254871753 1
509788662 1
254916910 1
509878981 1
254962073 1
254984653 1
255007238 1
510059641 1
255052405 1
255074991 1
255097578 1
510240334 1
510285511 1
255165345 1
510375872 1
255210530 1
255233122 1
510511431 1
510556622 1
510601813 1
255323504 1
255346101 1
255368702 1
255391300 1
510827802 1
510873006 1
255459107 1
510963420 1
511008630 1
255526922 1
255549528 1
255572138 1
511189490 1
511234712 1
511279934 1
511325158 1
255685191 1
511415612 1
255730420 1
511506073 1
255775653 1
511596543 1
511641782 1
255843511 1
255866132 1
511777506 1
511822753 1
255934001 1
255956626 1
511958502 1
256001878 1
512049012 1
512094272 1
256069766 1
256092397 1
512230058 1
256137662 1
256160297 1
256182931 1
512411133 1
512456408 1
256250841 1
512546962 1
256296122 1
512637523 1
512682806 1
512728093 1
512773380 1
256409337 1
256431981 1
512909256 1
512954554 1
256499926 1
513045151 1
513090452 1
513135757 1
513181063 1
256613187 1
513271682 1
256658497 1
256681154 1
513407624 1
513452942 1
256749130 1
513543584 1
513588907 1
513634233 1
513679560 1
256862446 1
513770223 1
256907780 1
513860894 1
256953116 1
513951571 1
256998456 1
257021128 1
257043801 1
514132950 1
514178302 1
514223652 1
257134505 1
514314364 1
514359721 1
514405080 1
514450444 1
514495807 1
257270587 1
257293271 1
257315956 1
257338641 1
514722657 1
257384016 1
514813412 1
257429396 1
514904174 1
257474778 1
257497473 1
257520165 1
257542861 1
257565556 1
515176506 1
257610952 1
515267302 1
515312700 1
257679053 1
515403506 1
257724457 1
257747160 1
515539731 1
257792572 1
257815279 1
515675974 1
515721392 1
257883407 1
515812233 1
515857656 1
257951541 1
257974255 1
257996972 1
516039374 1
258042405 1
516130242 1
516175680 1
258110561 1
516266564 1
516312008 1
516357453 1
258201452 1
258224176 1
258246903 1
516539256 1
516584712 1
258315086 1
516675632 1
516721093 1
516766558 1
516812024 1
258428747 1
258451481 1
258474217 1
516993908 1
517039383 1
258542432 1
517130342 1
258587911 1
258610654 1
517266793 1
517312280 1
258678887 1
258701632 1
258724379 1
258747127 1
258769876 1
517585250 1
517630753 1
517676256 1
258860883 1
517767272 1
258906392 1
517858293 1
517903807 1
258974662 1
258997420 1
518040361 1
259042942 1
518131407 1
518176932 1
259111231 1
518267992 1
518313524 1
259179530 1
259202297 1
518450131 1
518495671 1
259270607 1
259293378 1
518632303 1
259338926 1
259361701 1
259384476 1
518814506 1
518860062 1
259452812 1
518951180 1
259498371 1
259521153 1
519087874 1
259566721 1
519179012 1
259612292 1
519270157 1
259657867 1
519361310 1
519406891 1
259726236 1
259749029 1
259771822 1
259794615 1
519634822 1
259840208 1
259863004 1
259885802 1
259908602 1
519862801 1
519908403 1
259977003 1
259999808 1
260022611 1
520090830 1
260068223 1
520182057 1
260113837 1
260136647 1
260159456 1
260182267 1
260205078 1
260227891 1
520501411 1
260273521 1
260296336 1
520638308 1
260341973 1
520729582 1
260387612 1
520820863 1
260433255 1
520912152 1
520957800 1
260501726 1
521049104 1
521094756 1
260570206 1
260593035 1
260615867 1
521277393 1
260661529 1
260684362 1
521414391 1
260730030 1
521505732 1
521551406 1
521597084 1
260821381 1
260844220 1
521734122 1
260889905 1
260912747 1
521871181 1
521916872 1
521962562 1
522008256 1
261026977 1
261049827 1
522145352 1
522191052 1
522236756 1
261141231 1
522328171 1
522373882 1
261209797 1
261232654 1
522511024 1
522556741 1
261301232 1
522648184 1
261346955 1
522739632 1
522785361 1
522831092 1
261438411 1
522922558 1
261484147 1
523014030 1
523059772 1
523105512 1
523151257 1
523197004 1
261621377 1
261644252 1
523334254 1
261690003 1
523425762 1
261735762 1
261758640 1
261781523 1
523608808 1
523654573 1
523700340 1
261873057 1
523791883 1
523837657 1
523883432 1
523929210 1
523974991 1
524020774 1
524066558 1
524112342 1
262079066 1
524203921 1
262124856 1
262147753 1
262170653 1
524387100 1
262216452 1
262239352 1
524524507 1
524570314 1
262308061 1
262330966 1
262353873 1
262376779 1
524799374 1
262422596 1
524891012 1
262468418 1
524982658 1
525028482 1
262537157 1
525120140 1
525165973 1
262605903 1
262628822 1
262651741 1
262674660 1
262697581 1
525441006 1
525486854 1
262766350 1
262789275 1
262812201 1
525670257 1
262858056 1
262880985 1
525807832 1
525853693 1
262949779 1
262972711 1
262995646 1
263018580 1
526083032 1
263064453 1
526174783 1
526220661 1
526266542 1
526312422 1
263179155 1
526404192 1
526450081 1
526495971 1
526541864 1
263293879 1
263316828 1
526679550 1
263362727 1
526771352 1
263408630 1
263431583 1
263454536 1
526954981 1
527000894 1
263523403 1
527092724 1
527138640 1
527184560 1
527230482 1
263638205 1
263661166 1
263684130 1
263707095 1
527460124 1
527506057 1
527551992 1
527597932 1
527643870 1
527689812 1
527735758 1
263890852 1
527827651 1
527873602 1
527919553 1
527965508 1
528011463 1
528057420 1
264051691 1
528149343 1
264097653 1
264120637 1
264143621 1
264166607 1
528379183 1
264212578 1
264235566 1
264258555 1
264281545 1
528609074 1
264327529 1
264350521 1
264373517 1
528793021 1
528839013 1
264442504 1
528931004 1
264488501 1
529023002 1
264534503 1
264557503 1
264580507 1
529207022 1
529253031 1
529299042 1
529345057 1
529391073 1
529437091 1
264741556 1
529529133 1
264787578 1
529621184 1
529667211 1
264856620 1
529759272 1
264902653 1
264925673 1
264948691 1
529943421 1
264994731 1
265017755 1
530081552 1
530127602 1
530173651 1
265109853 1
530265757 1
265155907 1
530357871 1
265201965 1
530449993 1
530496056 1
265271062 1
530588190 1
530634262 1
530680332 1
530726406 1
265386242 1
265409281 1
265432321 1
530910724 1
530956808 1
265501446 1
531048982 1
265547537 1
265570581 1
531187258 1
531233354 1
265639726 1
265662776 1
265685826 1
265708878 1
265731932 1
265754985 1
531556080 1
265801096 1
531648308 1
531694424 1
531740542 1
265893330 1
531832783 1
531878908 1
531925033 1
531971160 1
532017292 1
266031713 1
266054778 1
532155692 1
266100916 1
532247970 1
266147057 1
266170130 1
266193201 1
532432551 1
266239350 1
532524854 1
266285503 1
532617162 1
532663321 1
266354741 1
532755644 1
532801808 1
266423987 1
266447072 1
266470157 1
266493243 1
533032658 1
266539418 1
266562507 1
533171191 1
533217374 1
266631779 1
533309744 1
266677966 1
533402121 1
266724158 1
533494507 1
266770353 1
266793451 1
533633101 1
266839652 1
533725508 1
533771712 1
533817922 1
266932067 1
266955173 1
266978279 1
534002773 1
267024496 1
534095210 1
267070716 1
267093828 1
534233882 1
534280111 1
534326341 1
534372573 1
534418807 1
534465044 1
534511280 1
534557522 1
534603763 1
534650006 1
534696254 1
267371252 1
267394375 1
534835003 1
267440629 1
267463758 1
534973772 1
535020031 1
267533148 1
267556280 1
267579411 1
267602545 1
535251360 1
535297634 1
267671953 1
535390182 1
267718231 1
535482740 1
535529024 1
535575307 1
535621592 1
267833940 1
535714170 1
267880231 1
535806756 1
267926528 1
535899352 1
267972825 1
267995978 1
536038257 1
268042283 1
536130872 1
536177181 1
536223493 1
536269808 1
536316124 1
268181222 1
268204382 1
536455082 1
268250705 1
536547733 1
536594062 1
536640391 1
268343363 1
268366530 1
268389698 1
536825732 1
268436035 1
536918413 1
536964758 1
537011102 1
268528726 1
268551902 1
268575076 1
268598253 1
268621432 1
268644612 1
537335581 1
537381943 1
537428306 1
537474672 1
537521040 1
268783705 1
537613782 1
537660157 1
268853267 1
268876455 1
537799290 1
268922836 1
268946028 1
268969223 1
268992417 1
269015612 1
538077614 1
269062003 1
538170402 1
269108401 1
269131602 1
269154802 1
538356008 1
269201208 1
269224412 1
538495232 1
269270823 1
269294029 1
538634473 1
269340445 1
538727310 1
269386868 1
538820156 1
538866584 1
269456505 1
269479722 1
539005873 1
269526153 1
269549371 1
539145181 1
539191621 1
269619033 1
269642254 1
539330952 1
269688702 1
269711925 1
269735153 1
269758378 1
269781607 1
269804837 1
539656131 1
269851298 1
269874529 1
269897761 1
269920997 1
539888461 1
269967468 1
539981407 1
270013941 1
270037181 1
540120842 1
270083661 1
270106903 1
540260294 1
270153392 1
270176637 1
270199883 1
270223128 1
270246378 1
540539251 1
540585752 1
270316127 1
270339380 1
540725264 1
270385886 1
540818282 1
540864794 1
540911307 1
540957824 1
270502170 1
270525431 1
270548691 1
541143907 1
541190432 1
541236962 1
541283492 1
270665011 1
270688279 1
270711546 1
270734815 1
270758085 1
541562713 1
541609258 1
541655802 1
541702352 1
541748902 1
541795453 1
541842007 1
270944282 1
270967562 1
541981682 1
271014123 1
271037404 1
542121372 1
542167942 1
542214510 1
271130541 1
271153830 1
542354233 1
542400810 1
271223697 1
271246987 1
271270279 1
542587143 1
271316865 1
271340160 1
271363456 1
542773507 1
271410052 1
271433351 1
542913300 1
542959904 1
271503255 1
543053113 1
271549861 1
543146330 1
543192943 1
543239558 1
271643088 1
271666396 1
543379412 1
543426033 1
271736330 1
543519282 1
543565910 1
543612540 1
271829588 1
543705807 1
271876223 1
543799080 1
271922861 1
271946181 1
543939008 1
543985654 1
272016150 1
544078951 1
544125602 1
272086128 1
544218914 1
544265570 1
544312231 1
272179446 1
272202778 1
272226112 1
272249445 1
272272781 1
272296117 1
544638908 1
272342792 1
272366130 1
544778940 1
272412811 1
272436155 1
544918993 1
544965681 1
272506187 1
272529531 1
272552878 1
272576227 1
545199152 1
545245851 1
545292552 1
545339257 1
272692983 1
545432672 1
545479381 1
545526092 1
272786404 1
545619524 1
272833122 1
545712960 1
545759683 1
545806406 1
545853132 1
272949930 1
545946592 1
272996662 1
546040058 1
273043398 1
273066765 1
273090135 1
546227013 1
273136879 1
273160252 1
273183627 1
273207000 1
546460752 1
273253754 1
546554264 1
546601021 1
273323892 1
546694544 1
273370655 1
273394037 1
546834841 1
546881610 1
273464193 1
273487578 1
547021932 1
547068712 1
547115491 1
547162274 1
547209056 1
273627923 1
547302632 1
273674711 1
547396212 1
547443006 1
273744901 1
547536601 1
273791701 1
273815101 1
273838505 1
547723814 1
273885310 1
273908715 1
273932122 1
547911058 1
273978938 1
274002345 1
548051510 1
548098332 1
548145157 1
548191983 1
548238810 1
274142821 1
274166237 1
274189653 1
548426143 1
274236491 1
548519820 1
274283333 1
548613508 1
274330177 1
274353600 1
548754050 1
274400453 1
548847758 1
274447307 1
548941471 1
274494166 1
274517596 1
274541028 1
274564463 1
274587895 1
274611331 1
549269533 1
549316408 1
274681643 1
549410160 1
274728522 1
274751961 1
274775405 1
549597693 1
274822291 1
549691472 1
549738364 1
274892630 1
549832152 1
274939526 1
274962975 1
549972852 1
275009878 1
275033332 1
275056785 1
275080241 1
550207392 1
550254307 1
550301222 1
550348142 1
275197532 1
550441982 1
275244454 1
275267918 1
275291380 1
275314846 1
550676622 1
275361778 1
550770492 1
550817430 1
275432185 1
550911313 1
550958256 1
275502603 1
551052152 1
551099102 1
275573026 1
551193008 1
275619983 1
275643462 1
275666942 1
551380842 1
275713904 1
275737387 1
275760871 1
275784355 1
275807841 1
551662658 1
275854818 1
275878305 1
275901795 1
551850574 1
551897556 1
551944544 1
275995767 1
552038522 1
276042757 1
552132506 1
276089752 1
276113252 1
276136751 1
276160253 1
276183753 1
552414513 1
276230762 1
276254267 1
276277773 1
552602557 1
276324786 1
552696590 1
552743612 1
276395318 1
276418830 1
276442341 1
552931710 1
552978741 1
276512886 1
276536404 1
553119842 1
276583441 1
553213922 1
276630481 1
276654004 1
276677527 1
276701052 1
276724575 1
553496204 1
553543256 1
553590312 1
553637370 1
553684431 1
276865746 1
276889278 1
553825624 1
553872691 1
553919760 1
553966834 1
277006953 1
277030492 1
554108061 1
554155140 1
277101113 1
277124654 1
277148196 1
554343482 1
554390572 1
277218832 1
554484757 1
277265926 1
554578952 1
277313026 1
554673153 1
277360128 1
277383682 1
277407237 1
554861580 1
277454347 1
554955806 1
277501463 1
277525021 1
555097161 1
277572141 1
555191406 1
277619266 1
277642830 1
277666395 1
555379923 1
277713529 1
277737098 1
555521330 1
555568472 1
277807807 1
277831380 1
555709904 1
277878525 1
277902100 1
555851354 1
277949254 1
555945663 1
277996412 1
278019991 1
556087143 1
278067155 1
278090736 1
556228641 1
278137907 1
556322984 1
556370158 1
278208667 1
278232257 1
278255845 1
278279438 1
278303030 1
556653242 1
278350215 1
278373810 1
278397408 1
556842007 1
556889203 1
556936400 1
556983600 1
557030804 1
278539003 1
278562608 1
557172421 1
557219632 1
557266843 1
278657029 1
278680636 1
278704245 1
557455711 1
278751466 1
278775079 1
278798691 1
278822306 1
278845922 1
278869536 1
278893153 1
557833543 1
278940391 1
557928021 1
557975262 1
279011253 1
558069754 1
279058502 1
558164250 1
558211504 1
558258757 1
558306013 1
558353271 1
558400530 1
558447792 1
279247528 1
279271163 1
558589591 1
279318432 1
558684133 1
279365705 1
279389342 1
558825962 1
558873241 1
279460263 1
279483903 1
279507546 1
279531192 1
559109672 1
279578481 1
279602130 1
559251553 1
559298851 1
279673077 1
559393453 1
279720379 1
559488064 1
559535370 1
559582682 1
559629993 1
559677308 1
279862311 1
559771941 1
279909631 1
279933293 1
559913906 1
559961234 1
560008562 1
280027946 1
560103223 1
280075279 1
280098947 1
560245230 1
560292571 1
560339912 1
560387258 1
560434603 1
280240976 1
280264650 1
280288326 1
560624006 1
280335681 1
560718720 1
560766082 1
560813442 1
560860808 1
280454088 1
560955542 1
280501456 1
561050283 1
561097658 1
561145034 1
561192412 1
561239792 1
561287172 1
280667280 1
561381944 1
561429332 1
561476722 1
561524113 1
280785754 1
561618904 1
561666300 1
280856850 1
280880551 1
280904253 1
561855913 1
561903320 1
561950730 1
280999072 1
281022778 1
281046487 1
562140390 1
281093905 1
562235232 1
562282657 1
562330082 1
281188757 1
281212470 1
281236186 1
562519808 1
562567243 1
562614682 1
562662122 1
562709564 1
281378504 1
562804453 1
562851901 1
562899352 1
281473402 1
281497128 1
281520858 1
281544586 1
281568315 1
281592046 1
563231557 1
563279022 1
563326491 1
281686980 1
563421432 1
281734455 1
281758193 1
563563862 1
281805671 1
281829412 1
563706308 1
281876897 1
563801280 1
281924386 1
281948133 1
563943757 1
563991253 1
282019377 1
564086252 1
564133753 1
564181257 1
282114382 1
564276272 1
564323782 1
564371292 1
564418806 1
282233161 1
564513840 1
564561361 1
564608883 1
564656407 1
282351968 1
564751462 1
282399497 1
564846524 1
282447030 1
564941593 1
564989132 1
282518336 1
565084213 1
565131757 1
282589653 1
282613427 1
282637200 1
282660978 1
282684755 1
282708531 1
565464622 1
565512180 1
282779872 1
282803653 1
565654874 1
282851220 1
565750010 1
565797582 1
565845157 1
282946367 1
565940310 1
282993946 1
283017738 1
283041528 1
566130644 1
283089117 1
283112910 1
566273414 1
566321006 1
283184301 1
283208102 1
566463801 1
283255701 1
566559008 1
283303308 1
283327110 1
283350916 1
283374721 1
283398529 1
283422337 1
566892290 1
566939910 1
283493766 1
283517578 1
283541392 1
567130410 1
283589022 1
567225673 1
567273307 1
283660472 1
283684292 1
283708111 1
567463863 1
283755753 1
567559154 1
283803402 1
283827226 1
567702102 1
283874879 1
283898707 1
283922537 1
283946367 1
283970197 1
567988057 1
568035723 1
568083392 1
284065532 1
568178732 1
284113205 1
284137041 1
568321761 1
568369442 1
284208561 1
568464806 1
284256248 1
568560182 1
568607872 1
568655564 1
284351628 1
568750952 1
284399325 1
568846351 1
568894054 1
568941758 1
284494732 1
284518585 1
569084880 1
284566298 1
569180306 1
569228023 1
284637870 1
569323462 1
569371182 1
569418907 1
284733317 1
284757182 1
284781047 1
569609822 1
569657557 1
284852648 1
569753032 1
569800772 1
284924258 1
284948128 1
569944004 1
284995877 1
570039500 1
570087254 1
285067505 1
285091382 1
285115260 1
285139141 1
570326042 1
570373808 1
570421574 1
285234672 1
570517112 1
570564883 1
285306329 1
285330217 1
570708210 1
570755992 1
570803773 1
285425778 1
285449671 1
570947130 1
285497460 1
571042713 1
285545253 1
571138302 1
285593052 1
571233901 1
571281702 1
285664754 1
571377314 1
571425121 1
571472932 1
285760371 1
285784279 1
571616374 1
571664192 1
285856005 1
571759833 1
571807658 1
285927742 1
285951657 1
285975572 1
285999488 1
286023403 1
572094643 1
572142482 1
572190322 1
286119083 1
572286007 1
572333854 1
572381701 1
286214776 1
286238701 1
572525258 1
286286557 1
286310486 1
286334417 1
286358347 1
286382280 1
572812423 1
286430145 1
572908160 1
286478016 1
573003906 1
286525893 1
573099661 1
286573771 1
286597712 1
286621655 1
573291192 1
286669540 1
286693486 1
573434863 1
286741379 1
286765326 1
286789277 1
286813227 1
573674352 1
573722258 1
573770163 1
573818071 1
286932990 1
286956948 1
286980904 1
287004862 1
287028820 1
287052781 1
287076742 1
287100705 1
574249334 1
574297262 1
287172595 1
287196561 1
287220530 1
287244498 1
287268467 1
574584872 1
287316408 1
287340379 1
287364353 1
574776651 1
574824601 1
287436278 1
574920508 1
287484231 1
287508211 1
575064382 1
575112344 1
575160308 1
575208273 1
575256240 1
575304210 1
575352184 1
575400157 1
287724067 1
287748057 1
575544092 1
575592072 1
287820030 1
287844023 1
575736031 1
287892011 1
287916008 1
575880008 1
287964002 1
575976000 1
576024001 1
576072002 1
576120008 1
576168014 1
576216020 1
576264030 1
576312044 1
576360057 1
576408072 1
288228047 1
576504111 1
576552133 1
576600156 1
576648182 1
288348107 1
576744241 1
576792274 1
288420155 1
288444173 1
288468191 1
576984422 1
288516231 1
577080507 1
288564276 1
577176601 1
288612326 1
288636353 1
577320756 1
577368813 1
288708436 1
288732465 1
577512993 1
288780530 1
577609122 1
577657191 1
288852631 1
288876667 1
577801408 1
577849484 1
577897561 1
288972821 1
288996863 1
578041807 1
289044947 1
578137980 1
289093037 1
289117082 1
578282257 1
578330354 1
578378452 1
289213275 1
578474654 1
289261380 1
289285431 1
289309486 1
578667080 1
578715193 1
578763306 1
289405711 1
289429772 1
578907662 1
289477893 1
289501955 1
289526017 1
579100162 1
289574145 1
579196424 1
289622279 1
579292694 1
289670416 1
289694485 1
579437113 1
289742630 1
579533402 1
289790776 1
579629700 1
579677853 1
579726006 1
579774164 1
579822320 1
579870482 1
289959321 1
289983405 1
290007488 1
580063141 1
290055657 1
580159483 1
290103828 1
290127918 1
580304012 1
580352192 1
580400374 1
580448556 1
580496743 1
290272466 1
290296560 1
580641313 1
580689508 1
580737704 1
580785902 1
580834102 1
290441152 1
580930506 1
580978714 1
581026921 1
581075132 1
290561671 1
290585778 1
290609888 1
290633995 1
581316210 1
290682216 1
290706329 1
581460884 1
290754556 1
581557340 1
290802787 1
290826905 1
581702043 1
290875141 1
290899262 1
581846764 1
581895008 1
290971627 1
581991501 1
291019875 1
582088003 1
291068129 1
582184512 1
582232771 1
582281032 1
582329294 1
582377557 1
291212911 1
582474092 1
582522360 1
291285317 1
291309453 1
582667183 1
291357731 1
291381871 1
582812022 1
291430155 1
582908592 1
291478442 1
291502586 1
583053464 1
291550880 1
583150054 1
583198350 1
583246652 1
583294952 1
583343258 1
291695782 1
583439871 1
291744091 1
291768247 1
291792404 1
583633124 1
583681441 1
291864880 1
583778084 1
291913204 1
291937367 1
291961532 1
291985695 1
292009862 1
584068058 1
584116394 1
292082366 1
292106536 1
292130707 1
584309758 1
584358102 1
584406451 1
584454802 1
584503153 1
584551508 1
584599862 1
584648220 1
584696580 1
292372473 1
292396653 1
292420838 1
584890042 1
292469205 1
584986783 1
292517579 1
585083532 1
292565956 1
585180291 1
585228674 1
292638528 1
292662723 1
292686915 1
585422220 1
292735306 1
292759504 1
585567404 1
292807902 1
585664200 1
585712603 1
585761008 1
585809413 1
292928912 1
292953116 1
292977321 1
293001529 1
293025736 1
293049946 1
586148312 1
586196734 1
293122579 1
293146791 1
586342012 1
293195222 1
293219437 1
293243655 1
586535743 1
293292090 1
586632622 1
293340532 1
293364753 1
293388976 1
586826401 1
586874850 1
586923303 1
293485880 1
587020214 1
293534335 1
293558566 1
587165593 1
293607028 1
587262522 1
293655496 1
587359462 1
293703967 1
293728205 1
587504882 1
293776682 1
587601842 1
293825163 1
587698806 1
293873646 1
587795781 1
587844270 1
293946382 1
293970630 1
293994877 1
588038250 1
294043376 1
588135254 1
588183758 1
294116131 1
294140386 1
588329281 1
294188897 1
294213153 1
588474823 1
588523342 1
588571861 1
588620382 1
588668906 1
294358716 1
294382982 1
588814491 1
588863023 1
588911556 1
294480048 1
589008632 1
589057171 1
294552858 1
589154257 1
294601402 1
589251352 1
294649950 1
589348453 1
589397008 1
294722783 1
294747061 1
294771341 1
294795622 1
589639807 1
294844186 1
589736942 1
294892755 1
589834083 1
589882656 1
589931232 1
294989906 1
295014196 1
590076973 1
295062779 1
295087073 1
295111367 1
590271321 1
590319912 1
590368506 1
295208552 1
590465701 1
590514300 1
590562903 1
295305755 1
295330057 1
295354362 1
295378667 1
295402973 1
590854557 1
295451587 1
590951790 1
295500207 1
591049034 1
591097658 1
591146284 1
591194912 1
591243541 1
295646087 1
591340808 1
295694721 1
295719040 1
591486721 1
591535363 1
591584006 1
591632654 1
591681302 1
591729950 1
591778602 1
591827256 1
295937958 1
591924570 1
591973231 1
296010947 1
296035278 1
592119222 1
296083946 1
296108282 1
592265233 1
296156953 1
592362584 1
592411260 1
592459942 1
592508624 1
592557306 1
592605993 1
592654682 1
296351686 1
296376033 1
592800756 1
592849452 1
296449077 1
296473425 1
296497777 1
593044257 1
296546483 1
296570837 1
296595191 1
593239093 1
593287808 1
593336524 1
593385240 1
296716982 1
296741342 1
593531408 1
296790066 1
593628862 1
296838796 1
593726324 1
296887529 1
296911897 1
296936265 1
593921271 1
593970013 1
297009379 1
297033751 1
297058127 1
297082500 1
297106878 1
297131253 1
297155633 1
297180010 1
594408782 1
594457542 1
594506308 1
297277537 1
297301922 1
297326306 1
594701382 1
297375079 1
594798934 1
297423855 1
297448245 1
594945272 1
297497029 1
595042844 1
595091631 1
297570210 1
595189214 1
297619003 1
297643402 1
297667802 1
595384401 1
595433204 1
595482008 1
297765407 1
297789810 1
297814216 1
297838623 1
297863028 1
297887436 1
297911846 1
297936255 1
595921332 1
595970157 1
596018982 1
298033906 1
596116640 1
596165473 1
298107153 1
298131573 1
298155992 1
596360822 1
298204833 1
298229255 1
596507354 1
596556200 1
596605051 1
298326953 1
596702757 1
298375806 1
298400237 1
298424666 1
596898192 1
596947057 1
298497962 1
597044790 1
597093661 1
597142533 1
298595704 1
597240284 1
298644582 1
298669021 1
597386922 1
597435808 1
298742348 1
597533581 1
597582470 1
597631364 1
597680256 1
298864577 1
298889026 1
597826950 1
597875853 1
298962378 1
597973663 1
299011285 1
299035740 1
598120392 1
598169308 1
598218224 1
598267142 1
598316060 1
598364984 1
598413907 1
299231418 1
299255880 1
598560691 1
299304812 1
598658556 1
299353748 1
299378216 1
299402686 1
598854314 1
299451628 1
598952204 1
299500577 1
299525050 1
599099053 1
299574004 1
599196964 1
599245920 1
299647440 1
599343842 1
299696403 1
599441773 1
599490742 1
599539710 1
599588682 1
299818828 1
299843317 1
599735610 1
299892297 1
599833572 1
599882558 1
299965772 1
599980530 1
600029521 1
300039256 1
600127507 1
300088251 1
300112751 1
600274501 1
300161751 1
300186254 1
600421514 1
600470520 1
600519530 1
600568543 1
600617557 1
600666573 1
600715591 1
300382306 1
600813633 1
600862658 1
600911684 1
300480356 1
601009740 1
300529388 1
300553905 1
300578422 1
601205881 1
300627462 1
300651982 1
300676505 1
300701027 1
300725550 1
300750077 1
601549203 1
300799128 1
601647312 1
601696370 1
300872716 1
300897247 1
601843557 1
601892624 1
601941690 1
601990761 1
602039833 1
602088908 1
602137982 1
301093531 1
602236141 1
301142613 1
301167154 1
301191696 1
301216240 1
301240785 1
602530664 1
602579756 1
602628852 1
602677952 1
301363525 1
301388076 1
602825258 1
301437182 1
301461737 1
602972582 1
603021693 1
301535404 1
301559962 1
301584521 1
603218162 1
603267283 1
603316407 1
301682768 1
301707331 1
603463792 1
603512924 1
301781029 1
603611192 1
603660330 1
301854737 1
603758614 1
301903879 1
301928453 1
301953025 1
301977601 1
302002176 1
604053507 1
302051333 1
302075910 1
302100492 1
604250143 1
302149655 1
604348473 1
302198821 1
604446812 1
302247991 1
302272578 1
302297166 1
604643512 1
302346345 1
302370938 1
604791056 1
604840244 1
604889430 1
604938620 1
302493908 1
302518505 1
302543101 1
302567701 1
302592300 1
605233804 1
302641504 1
302666108 1
605381421 1
605430630 1
302739922 1
302764528 1
605578273 1
302813746 1
605676711 1
605725933 1
605775157 1
605824382 1
605873612 1
302961422 1
605972073 1
303010654 1
606070543 1
303059892 1
303084511 1
606218262 1
303133754 1
606316753 1
606366002 1
303207627 1
606464504 1
606513757 1
303281506 1
303306137 1
606661532 1
606710794 1
606760056 1
303404662 1
606858590 1
303453930 1
303478566 1
303503203 1
607055684 1
607104961 1
607154241 1
607203524 1
303626404 1
303651047 1
303675692 1
607400672 1
607449962 1
303749628 1
607548554 1
303798926 1
303823575 1
303848227 1
607745757 1
303897532 1
303922187 1
303946841 1
607942992 1
607992306 1
608041623 1
304045470 1
304070132 1
608189582 1
608238908 1
608288232 1
304168782 1
608386890 1
304218113 1
304242779 1
304267446 1
304292116 1
608633572 1
304341456 1
608732258 1
304390803 1
608830950 1
608880301 1
608929654 1
304489505 1
609028362 1
304538861 1
304563540 1
609176444 1
609225808 1
609275173 1
609324541 1
609373910 1
304711642 1
304736328 1
609522034 1
609571411 1
609620791 1
609670172 1
304859780 1
304884471 1
304909165 1
304933860 1
304958556 1
304983254 1
305007951 1
610065302 1
305057352 1
610164102 1
305106755 1
610262913 1
610312320 1
610361732 1
610411144 1
305230279 1
610509974 1
610559391 1
305304405 1
305329117 1
305353829 1
610757082 1
305403256 1
610855940 1
305452688 1
610954807 1
305502123 1
611053682 1
611103122 1
305576281 1
305601003 1
305625728 1
611300900 1
611350350 1
611399802 1
611449257 1
611498713 1
611548172 1
305798816 1
611647094 1
305848278 1
611746024 1
611795491 1
611844961 1
611894432 1
611943906 1
611993383 1
306021431 1
306046170 1
306070913 1
612191307 1
306120398 1
306145140 1
612339772 1
612389264 1
612438756 1
306244128 1
306268877 1
306293626 1
612636752 1
612686258 1
612735762 1
306392637 1
612834780 1
306442148 1
612933808 1
612983322 1
613032841 1
306541180 1
613131884 1
306590703 1
613230933 1
613280460 1
306664997 1
306689762 1
306714529 1
306739296 1
613528132 1
306788836 1
306813607 1
613676757 1
613726304 1
306887927 1
613825402 1
306937477 1
306962255 1
306987031 1
307011811 1
307036591 1
307061371 1
614172307 1
307110936 1
614271441 1
307160505 1
614370584 1
307210080 1
614469734 1
614519311 1
307284446 1
307309238 1
614668057 1
614717642 1
307383615 1
614816820 1
614866413 1
614916006 1
307482802 1
307507602 1
615064801 1
307557202 1
615164006 1
615213613 1
307631611 1
615312830 1
615362443 1
307706028 1
307730838 1
307755647 1
307780455 1
307805268 1
615660156 1
307854893 1
307879705 1
615809041 1
307929337 1
615908308 1
615957943 1
616007581 1
616057221 1
616106864 1
616156508 1
616206152 1
616255801 1
616305452 1
616355104 1
616404758 1
616454413 1
308252035 1
308276865 1
308301696 1
616653058 1
308351363 1
308376197 1
308401032 1
616851734 1
308450704 1
308475542 1
308500380 1
617050442 1
308550063 1
308574905 1
617199493 1
617249181 1
308649435 1
617348562 1
617398257 1
308723978 1
308748826 1
617547352 1
617597053 1
308823379 1
617696462 1
617746171 1
617795880 1
617845592 1
308947653 1
308972511 1
308997370 1
309022231 1
618094184 1
309071954 1
309096817 1
618243360 1
309146547 1
618342823 1
309196280 1
618442292 1
309246017 1
618541770 1
309295758 1
309320629 1
618691002 1
309370375 1
618790500 1
618840253 1
309445005 1
618939762 1
618989521 1
309519640 1
619089044 1
309569404 1
619188574 1
309619170 1
619288111 1
619337883 1
619387656 1
619437434 1
619487211 1
619536992 1
309793386 1
309818280 1
619686344 1
619736131 1
309892962 1
309917857 1
619885506 1
309967653 1
619985100 1
310017451 1
620084703 1
310067255 1
310092156 1
310117061 1
620283930 1
310166873 1
620383558 1
620433373 1
620483192 1
310266505 1
310291417 1
310316329 1
620682483 1
310366156 1
310391072 1
310415988 1
620881808 1
620931643 1
620981481 1
621031320 1
310540582 1
621131006 1
310590428 1
621230702 1
310640275 1
310665203 1
621380257 1
310715057 1
310739987 1
621529830 1
310789847 1
621629558 1
310839712 1
310864646 1
310889582 1
310914516 1
621878907 1
310964392 1
310989331 1
311014270 1
311039211 1
311064154 1
622178194 1
622228081 1
311138985 1
622327864 1
622377756 1
311213827 1
622477551 1
622527452 1
622577352 1
622627258 1
311338582 1
311363537 1
311388492 1
311413446 1
311438405 1
311463362 1
622976640 1
623026560 1
311538243 1
623126406 1
311588168 1
311613130 1
623276191 1
311663062 1
623376057 1
623425992 1
623475931 1
311762935 1
623575814 1
311812879 1
311837852 1
311862826 1
623775602 1
623825553 1
623875506 1
311962732 1
311987710 1
312012691 1
624075343 1
624125306 1
624175272 1
624225242 1
624275211 1
624325184 1
624375158 1
624425133 1
624475111 1
624525092 1
624575072 1
624625057 1
312337522 1
312362516 1
312387511 1
624825014 1
312437505 1
624925003 1
312487502 1
625025001 1
625075004 1
312562505 1
625175012 1
312612512 1
625275032 1
312662522 1
625375058 1
625425073 1
312737546 1
625525110 1
625575134 1
625625156 1
312837593 1
625725210 1
625775241 1
625825272 1
625875306 1
312962671 1
625975381 1
626025422 1
313037731 1
626125507 1
626175552 1
313112801 1
626275650 1
313162853 1
626375758 1
626425813 1
626475870 1
626525932 1
313287996 1
626626058 1
626676123 1
313363095 1
626776262 1
313413168 1
626876407 1
313463243 1
313488281 1
627026642 1
313538361 1
627126806 1
627176892 1
627226982 1
313638537 1
627327162 1
313688630 1
313713677 1
627477450 1
313763777 1
627577652 1
627627757 1
627677864 1
627727970 1
627778081 1
313914096 1
627878308 1
313964213 1
313989271 1
628028662 1
628078783 1
628128907 1
628179033 1
628229162 1
628279292 1
628329424 1
628379557 1
628429694 1
314239917 1
314264986 1
314290057 1
314315130 1
314340202 1
628730550 1
628780702 1
314415427 1
628881007 1
628931163 1
628981320 1
314515740 1
314540821 1
629131807 1
629181973 1
629232141 1
314641156 1
629332484 1
629382657 1
629432834 1
314741507 1
314766596 1
314791686 1
629633558 1
629683743 1
629733932 1
314892062 1
314917156 1
314942253 1
629934703 1
314992452 1
315017552 1
315042651 1
315067755 1
630185713 1
630235920 1
630286130 1
630336344 1
630386557 1
315218387 1
315243495 1
315268606 1
315293718 1
315318830 1
630687883 1
315369056 1
630788342 1
630838573 1
315444404 1
315469522 1
315494642 1
631039521 1
315544883 1
631140008 1
631190253 1
631240500 1
631290752 1
315670502 1
315695629 1
631441512 1
315745886 1
631542032 1
315796148 1
315821279 1
631692824 1
315871546 1
315896680 1
631843633 1
315946955 1
631944184 1
315997232 1
632044740 1
316047513 1
632145307 1
316097798 1
632245882 1
316148086 1
632346463 1
632396757 1
632447052 1
316248675 1
632547652 1
632597954 1
632648256 1
316349282 1
316374437 1
632799182 1
632849494 1
632899806 1
632950123 1
633000440 1
633050762 1
316550543 1
633151406 1
316600866 1
633252061 1
316651197 1
633352722 1
633403058 1
316726698 1
316751866 1
316777035 1
316802208 1
633654756 1
633705104 1
316877725 1
316902901 1
633856154 1
316953253 1
316978431 1
317003610 1
634057582 1
634107944 1
317079154 1
634208674 1
317129522 1
317154705 1
317179893 1
634410158 1
317230266 1
317255455 1
317280645 1
317305838 1
317331028 1
634712444 1
634762830 1
317406612 1
317431807 1
634914006 1
634964402 1
317507402 1
317532602 1
635115604 1
635166007 1
635216412 1
635266820 1
317658615 1
635367643 1
635418057 1
317734238 1
635518892 1
317784657 1
635619734 1
635670158 1
635720584 1
635771010 1
635821441 1
317935937 1
317961154 1
635972742 1
318011592 1
636073622 1
318062033 1
318087255 1
636224953 1
318137702 1
636325852 1
636376303 1
318213379 1
636477213 1
636527670 1
318289067 1
636628594 1
636679058 1
318364761 1
636779991 1
318415231 1
318440467 1
636931407 1
636981882 1
637032361 1
637082842 1
637133324 1
318591903 1
637234294 1
318642391 1
637335271 1
637385762 1
637436258 1
637486752 1
318768625 1
637587752 1
637638254 1
637688758 1
318869633 1
637789771 1
637840282 1
637890793 1
318970655 1
318995913 1
319021170 1
638092860 1
638143383 1
319096953 1
319122218 1
319147481 1
638345492 1
319198012 1
319223278 1
319248547 1
638547631 1
638598170 1
319324357 1
638699258 1
319374903 1
319400176 1
638850901 1
319450726 1
319476005 1
639002564 1
319526560 1
319551842 1
639154244 1
639204806 1
639255372 1
319652970 1
639356510 1
639407082 1
319728829 1
319754116 1
639558810 1
319804695 1
639659973 1
639710557 1
319880571 1
639811732 1
639862322 1
639912914 1
639963506 1
320007052 1
640064702 1
640115301 1
640165903 1
320108254 1
320133558 1
640317722 1
320184166 1
640418944 1
640469557 1
640520174 1
320285397 1
320310707 1
640672033 1
640722657 1
320386641 1
640823910 1
640874540 1
640925172 1
640975806 1
320513221 1
641077081 1
320563861 1
641178362 1
320614504 1
641279652 1
320665151 1
641380952 1
320715802 1
320741130 1
641532912 1
641583572 1
320817117 1
320842448 1
320867780 1
641786222 1
320918447 1
641887561 1
641938234 1
641988907 1
642039582 1
642090260 1
321070471 1
642191623 1
642242306 1
642292994 1
642343682 1
642394370 1
642445063 1
642495758 1
321273228 1
642597150 1
642647851 1
642698554 1
642749256 1
321399982 1
642850670 1
642901381 1
321476047 1
321501405 1
321526762 1
321552121 1
643154962 1
643205684 1
643256407 1
321653567 1
321678930 1
643408591 1
643459322 1
643510057 1
643560792 1
321805766 1
643662272 1
321856508 1
643763758 1
321907252 1
643865250 1
321958001 1
321983376 1
644017507 1
644068264 1
322059512 1
644169782 1
644220544 1
322135655 1
322161038 1
322186421 1
322211806 1
322237193 1
322262578 1
322287966 1
322313357 1
644677490 1
644728274 1
644779057 1
644829843 1
644880632 1
644931422 1
322491106 1
645033008 1
645083802 1
322567301 1
322592701 1
645236204 1
645287007 1
322668908 1
645388622 1
645439431 1
322745122 1
645541056 1
645591873 1
322821345 1
645693512 1
645744334 1
645795157 1
322922993 1
322948407 1
322973821 1
322999237 1
646049307 1
646100144 1
646150980 1
646201821 1
323126332 1
323151755 1
646354352 1
323202601 1
323228025 1
323253453 1
646557756 1
323304307 1
646659470 1
646710331 1
646761192 1
323406030 1
646862922 1
323456896 1
646964660 1
647015533 1
323533203 1
647117283 1
323584081 1
647219041 1
647269922 1
323660404 1
647371694 1
323711290 1
323736735 1
647524364 1
647575258 1
323813077 1
323838527 1
323863975 1
647778853 1
323914878 1
323940331 1
647931571 1
323991242 1
648033392 1
648084306 1
324067613 1
648186141 1
324118531 1
648287983 1
324169453 1
648389832 1
648440760 1
324245847 1
648542623 1
324296778 1
648644493 1
648695430 1
648746370 1
648797314 1
324424128 1
648899203 1
324475077 1
324500552 1
649052053 1
324551503 1
649153964 1
324602462 1
324627942 1
324653422 1
324678903 1
649408774 1
649459740 1
649510712 1
649561682 1
649612656 1
324831816 1
324857305 1
324882796 1
649816574 1
324933778 1
324959273 1
324984765 1
325010260 1
650071512 1
650122507 1
650173503 1
325112250 1
325137751 1
325163253 1
650377507 1
325214257 1
325239761 1
650530530 1
325290771 1
650632558 1
650683574 1
325367295 1
325392806 1
325418316 1
325443829 1
650938684 1
650989712 1
651040740 1
651091772 1
325571404 1
325596921 1
651244880 1
325647961 1
651346962 1
651398007 1
651449054 1
325750050 1
651551150 1
651602203 1
651653256 1
325852156 1
651755371 1
325903217 1
651857493 1
651908556 1
325979811 1
326005345 1
652061760 1
652112832 1
326081954 1
326107491 1
326133030 1
652317140 1
652368223 1
652419308 1
652470392 1
652521482 1
652572570 1
652623662 1
652674757 1
326362926 1
652776952 1
326414026 1
326439577 1
652930257 1
652981363 1
653032471 1
326541790 1
653134693 1
653185807 1
326618461 1
326644021 1
653339160 1
326695142 1
326720703 1
326746266 1
653543661 1
326797397 1
653645924 1
326848528 1
326874097 1
326899665 1
653850472 1
653901613 1
653952757 1
654003902 1
654055050 1
654106202 1
327078678 1
654208507 1
654259662 1
654310822 1
327180991 1
654413143 1
654464307 1
654515472 1
327283320 1
327308907 1
654668984 1
654720158 1
327385667 1
654822512 1
327436846 1
654924872 1
327488028 1
327513623 1
655078432 1
655129621 1
327590408 1
327616005 1
327641602 1
655334400 1
327692801 1
655436804 1
655488007 1
327769607 1
655590421 1
327820816 1
655692843 1
655744058 1
655795274 1
655846491 1
655897711 1
655948933 1
328000079 1
328025692 1
328051305 1
328076922 1
656205073 1
656256308 1
328153773 1
328179392 1
328205012 1
656461262 1
656512508 1
656563754 1
656615002 1
656666251 1
328358751 1
656768757 1
656820012 1
328435637 1
656922531 1
656973794 1
328512528 1
657076322 1
328563796 1
328589431 1
328615066 1
328640705 1
657332684 1
657383960 1
657435240 1
657486524 1
328768904 1
657589093 1
657640381 1
328845836 1
657742964 1
657794258 1
657845554 1
657896852 1
328974077 1
328999726 1
658050756 1
658102064 1
658153370 1
658204681 1
329127998 1
329153655 1
658358623 1
329204971 1
658461262 1
658512584 1
329281954 1
658615234 1
329333281 1
329358946 1
329384611 1
329410278 1
658871894 1
329461616 1
658974571 1
329512957 1
659077256 1
329564303 1
329589977 1
659231300 1
659282654 1
329667005 1
329692683 1
329718360 1
329744040 1
329769721 1
659590806 1
329821087 1
329846772 1
659744911 1
329898141 1
329923829 1
329949518 1
329975206 1
660001791 1
330026587 1
660104557 1
330077971 1
660207331 1
660258722 1
660310112 1
330180755 1
660412904 1
330232150 1
660515701 1
330283553 1
660618508 1
330334958 1
660721322 1
660772730 1
660824142 1
330437779 1
330463486 1
330489195 1
661029811 1
661081233 1
330566329 1
330592041 1
330617757 1
330643470 1
661338373 1
661389806 1
330720622 1
661492682 1
661544122 1
330797783 1
661647006 1
330849226 1
661749902 1
330900675 1
661852803 1
330952128 1
661955712 1
331003587 1
662058631 1
331055046 1
331080779 1
331106511 1
662264491 1
662315961 1
331183717 1
331209454 1
662470382 1
662521862 1
331286671 1
662624823 1
331338154 1
331363897 1
331389642 1
331415385 1
662882264 1
331466880 1
331492627 1
331518375 1
331544126 1
331569877 1
331595628 1
331621382 1
331647136 1
331672892 1
663397293 1
663448806 1
663500323 1
663551840 1
663603361 1
331827441 1
331853204 1
331878967 1
331904732 1
331930496 1
663912524 1
331982028 1
332007798 1
332033567 1
332059337 1
332085106 1
332110878 1
664273302 1
664324851 1
664376401 1
332213977 1
664479508 1
332265531 1
664582621 1
332317092 1
332342871 1
332368653 1
332394438 1
664840440 1
664892012 1
664943584 1
332497580 1
332523367 1
332549157 1
665149891 1
665201473 1
665253058 1
332652322 1
332678116 1
665407820 1
332729708 1
665511006 1
665562604 1
665614200 1
665665802 1
332858702 1
665769007 1
665820613 1
332936111 1
332961915 1
332987722 1
333013530 1
333039336 1
666130291 1
666181910 1
666233532 1
333142579 1
666336782 1
333194206 1
666440042 1
333245838 1
333271654 1
333297472 1
666646580 1
666698220 1
666749864 1
666801508 1
333426576 1
666904802 1
666956451 1
333504052 1
667059758 1
333555706 1
667163070 1
333607367 1
333633196 1
667318058 1
333684863 1
667421390 1
333736531 1
667524733 1
333788203 1
333814041 1
667679760 1
333865720 1
667783124 1
333917404 1
667886492 1
333969092 1
333994937 1
668041564 1
668093258 1
334072476 1
334098326 1
668248350 1
668300052 1
334175879 1
668403464 1
668455172 1
668506882 1
334279298 1
334305155 1
334331011 1
668713741 1
334382732 1
668817182 1
334434453 1
668920632 1
334486180 1
334512046 1
334537911 1
669127557 1
669179292 1
334615516 1
669282772 1
334667257 1
334693130 1
669438003 1
334744875 1
669541500 1
334796627 1
669645007 1
334848383 1
669748522 1
669800280 1
669852044 1
669903806 1
669955574 1
670007341 1
335029555 1
670110884 1
335081329 1
670214434 1
670266212 1
670317991 1
335184886 1
670421556 1
670473342 1
670525131 1
335288460 1
335314357 1
335340255 1
335366153 1
335392051 1
335417951 1
670887703 1
335469755 1
670991312 1
671043121 1
671094931 1
335573371 1
335599280 1
671250374 1
335651095 1
671354011 1
335702918 1
335728830 1
335754742 1
671561311 1
671613141 1
671664972 1
335858405 1
335884322 1
671820480 1
335936162 1
671924163 1
671976007 1
336013927 1
336039851 1
672131550 1
336091703 1
672235257 1
336143556 1
672338970 1
672390831 1
336221346 1
336247279 1
672546423 1
672598291 1
672650160 1
336351016 1
672753908 1
336402891 1
336428830 1
336454770 1
336480711 1
336506655 1
673065194 1
336558542 1
336584486 1
336610432 1
336636378 1
673324654 1
673376550 1
336714225 1
673480352 1
336766130 1
673584163 1
673636071 1
673687982 1
336869946 1
673791807 1
673843724 1
673895641 1
336973781 1
673999484 1
674051406 1
337051667 1
674155261 1
674207190 1
337129561 1
337155530 1
337181496 1
337207467 1
337233437 1
337259406 1
337285378 1
674622704 1
674674652 1
337363300 1
337389278 1
674830507 1
337441232 1
674934420 1
337493191 1
337519172 1
337545153 1
337571137 1
675194242 1
337623107 1
675298183 1
337675080 1
675402132 1
675454110 1
675506091 1
337779038 1
675610056 1
675662044 1
675714030 1
675766022 1
675818012 1
675870007 1
675922002 1
675974001 1
676026001 1
338039002 1
676130007 1
338091007 1
338117010 1
338143016 1
676338044 1
676390057 1
338221037 1
676494090 1
338273056 1
676598134 1
676650158 1
338351091 1
338377107 1
676806241 1
676858272 1
676910307 1
676962344 1
677014382 1
677066422 1
677118462 1
677170507 1
338611276 1
677274600 1
338663327 1
677378702 1
677430756 1
338741407 1
338767435 1
677586930 1
677638994 1
677691058 1
677743124 1
677795192 1
677847262 1
338949668 1
338975705 1
678003483 1
339027782 1
678107641 1
339079863 1
678211808 1
339131947 1
339157991 1
678368071 1
339210083 1
339236128 1
339262176 1
339288226 1
339314276 1
678680653 1
678732758 1
339392431 1
678836972 1
678889082 1
678941192 1
678993308 1
679045422 1
679097540 1
679149662 1
679201782 1
339626953 1
339653017 1
339679080 1
679410290 1
679462422 1
679514558 1
679566693 1
679618831 1
679670970 1
679723113 1
679775258 1
339913701 1
339939776 1
679931700 1
339991927 1
340018004 1
340044082 1
680140321 1
680192482 1
680244644 1
340148403 1
680348974 1
680401140 1
680453310 1
680505483 1
680557658 1
680609833 1
340331007 1
680714191 1
340383186 1
680818558 1
680870744 1
340461465 1
340487561 1
340513656 1
340539753 1
340565851 1
681183901 1
681236101 1
681288303 1
681340507 1
681392714 1
681444922 1
681497130 1
340774673 1
681601558 1
681653772 1
681705990 1
340879105 1
340905216 1
340931330 1
681914882 1
681967111 1
682019340 1
341035788 1
682123806 1
341088021 1
341114140 1
682280522 1
341166382 1
682385008 1
682437254 1
341244751 1
682541751 1
682594004 1
682646256 1
341349256 1
341375386 1
682803032 1
682855292 1
682907558 1
682959824 1
341506046 1
683064362 1
683116634 1
683168908 1
683221182 1
683273461 1
341662871 1
683378022 1
683430308 1
341741296 1
341767441 1
683587172 1
341819732 1
341845879 1
341872028 1
341898176 1
683848652 1
341950476 1
683953257 1
342002783 1
342028936 1
684110182 1
684162494 1
684214806 1
342133562 1
342159721 1
684371761 1
684424084 1
684476407 1
684528733 1
342290532 1
342316696 1
684685724 1
342369029 1
684790393 1
342421366 1
342447537 1
342473706 1
342499879 1
685052103 1
342552227 1
342578401 1
342604577 1
685261507 1
342656931 1
685366222 1
685418582 1
342735472 1
685523307 1
685575672 1
342814020 1
685680411 1
342866392 1
685785157 1
685837534 1
685889910 1
342971145 1
342997336 1
686047057 1
343049721 1
686151830 1
686204220 1
686256614 1
343154503 1
343180702 1
343206902 1
686466200 1
343259302 1
343285504 1
686623414 1
343337912 1
686728231 1
686780642 1
343416530 1
343442738 1
686937891 1
686990310 1
687042732 1
343547579 1
687147583 1
687200010 1
687252441 1
343652437 1
343678655 1
687409743 1
343731091 1
687514621 1
343783532 1
687619507 1
343835977 1
687724400 1
343888425 1
343914653 1
687881756 1
687934214 1
687986671 1
344019565 1
344045798 1
688144057 1
688196522 1
344124496 1
344150730 1
688353932 1
688406408 1
344229442 1
344255681 1
688563840 1
688616323 1
688668806 1
688721293 1
688773782 1
688826271 1
344439381 1
344465628 1
688983752 1
689036250 1
689088752 1
689141254 1
344596880 1
344623133 1
344649385 1
344675640 1
689403793 1
689456306 1
689508824 1
344780672 1
689613860 1
689666382 1
344859455 1
689771432 1
689823960 1
344938247 1
689929023 1
344990778 1
690034094 1
345043315 1
345069586 1
690191714 1
690244257 1
345148402 1
345174676 1
690401900 1
345227227 1
690507007 1
690559564 1
345306060 1
690664680 1
690717243 1
690769808 1
345411186 1
690874941 1
690927510 1
690980083 1
691032657 1
345542616 1
691137812 1
691190391 1
691242972 1
691295557 1
691348143 1
345700366 1
691453321 1
345752957 1
691558506 1
345805551 1
691663702 1
345858151 1
345884452 1
691821506 1
345937056 1
345963360 1
691979332 1
346015973 1
346042280 1
692137172 1
692189791 1
692242412 1
692295034 1
346173830 1
346200141 1
692452910 1
346252771 1
346279087 1
346305403 1
346331723 1
346358040 1
692768722 1
346410681 1
692874008 1
346463328 1
692979300 1
693031952 1
346542303 1
693137256 1
346594957 1
346621287 1
693295232 1
693347892 1
693400556 1
693453222 1
693505892 1
346779282 1
693611233 1
346831955 1
693716582 1
346884632 1
693821940 1
346937312 1
346963655 1
693979993 1
347016342 1
694085370 1
694138064 1
694190758 1
347121728 1
347148077 1
694348851 1
347200776 1
694454257 1
347253482 1
694559672 1
694612382 1
694665092 1
694717808 1
347385262 1
694823240 1
347437982 1
347464342 1
347490705 1
347517067 1
347543431 1
695139591 1
347596162 1
347622529 1
695297794 1
695350530 1
695403272 1
695456013 1
695508756 1
695561504 1
347807125 1
347833501 1
347859878 1
347886253 1
695825262 1
347939011 1
347965390 1
695983543 1
696036306 1
348044538 1
348070921 1
348097306 1
696247383 1
348150079 1
348176466 1
696405712 1
696458492 1
348255636 1
696564056 1
696616843 1
696669631 1
348361211 1
348387607 1
348414005 1
348440403 1
348466800 1
348493200 1
348519601 1
348546005 1
697144812 1
697197620 1
348625216 1
348651622 1
348678030 1
348704436 1
348730845 1
697514510 1
348783667 1
697620156 1
697672984 1
348862906 1
697778641 1
697831473 1
697884307 1
348968573 1
697989981 1
349021412 1
349047833 1
698148508 1
698201354 1
698254200 1
349153527 1
698359902 1
349206380 1
349232807 1
349259235 1
698571332 1
349312096 1
349338530 1
698729922 1
698782790 1
349417831 1
698888533 1
349470703 1
698994284 1
699047160 1
699100041 1
349576462 1
349602904 1
349629347 1
699311580 1
349682237 1
699417364 1
699470256 1
699523153 1
349788026 1
349814476 1
699681854 1
699734756 1
349893833 1
349920285 1
699893480 1
699946394 1
699999307 1
350026112 1
700105141 1
350079032 1
350105493 1
700263907 1
700316833 1
350184881 1
700422692 1
350237811 1
350264279 1
350290746 1
700634432 1
700687372 1
700740312 1
350396628 1
700846203 1
700899150 1
700952100 1
701005053 1
350529004 1
701110964 1
701163921 1
701216881 1
701269844 1
350661405 1
701375772 1
350714372 1
701481710 1
701534684 1
701587657 1
350820316 1
701693611 1
350873295 1
350899788 1
350926280 1
701905544 1
350979265 1
351005762 1
702064513 1
702117507 1
702170503 1
702223500 1
351138250 1
351164751 1
702382506 1
351217757 1
702488521 1
702541530 1
702594543 1
702647556 1
351350288 1
702753591 1
702806610 1
351429817 1
702912656 1
351482843 1
703018712 1
351535870 1
703124774 1
703177806 1
351615422 1
351641940 1
351668460 1
351694982 1
703443006 1
703496053 1
351774552 1
351801076 1
703655203 1
703708258 1
703761312 1
351907187 1
351933716 1
703920492 1
351986780 1
704026622 1
352039847 1
352066382 1
704185834 1
704238908 1
704291982 1
704345061 1
704398140 1
352225611 1
704504307 1
352278696 1
704610481 1
352331785 1
704716662 1
352384880 1
704822853 1
704875950 1
704929050 1
352491077 1
352517628 1
705088364 1
705141470 1
705194581 1
352623847 1
352650404 1
352676962 1
705407040 1
705460160 1
352756642 1
352783204 1
352809768 1
705672661 1
352862897 1
352889461 1
705832056 1
705885194 1
352969167 1
352995736 1
353022308 1
353048880 1
706150904 1
706204051 1
353128602 1
706310352 1
706363507 1
353208333 1
706469821 1
353261490 1
706576143 1
353314653 1
353341236 1
353367822 1
353394405 1
353420992 1
353447578 1
353474167 1
707001510 1
353527347 1
353553936 1
353580529 1
707214244 1
353633715 1
353660310 1
707373814 1
707427008 1
353740103 1
707533402 1
707586602 1
353819901 1
707693006 1
707746214 1
707799420 1
353926317 1
707905842 1
353979530 1
708012272 1
354032746 1
708118712 1
354085968 1
708225158 1
354139192 1
354165807 1
708384842 1
708438072 1
708491306 1
354272271 1
708597781 1
708651020 1
708704262 1
354378753 1
354405377 1
354432001 1
708917251 1
354485252 1
354511879 1
709077014 1
354565136 1
709183532 1
354618397 1
354645028 1
709343322 1
354698297 1
709449860 1
709503132 1
354778204 1
354804843 1
709662961 1
354858122 1
354884763 1
709822808 1
709876093 1
709929382 1
354991337 1
710035964 1
710089257 1
355071277 1
355097927 1
710249152 1
355151227 1
710355758 1
355204533 1
355231186 1
355257840 1
710568994 1
355311153 1
710675624 1
710728941 1
355391131 1
710835584 1
710888907 1
355471116 1
710995560 1
711048890 1
711102222 1
711155556 1
711208892 1
711262232 1
711315572 1
355684458 1
711422258 1
355737803 1
711528952 1
711582300 1
355817826 1
355844503 1
355871183 1
711795720 1
355924540 1
711902444 1
355977904 1
712009173 1
712062542 1
712115911 1
712169282 1
356111330 1
712276034 1
356164705 1
356191397 1
712436172 1
712489557 1
712542942 1
712596330 1
356324862 1
712703112 1
356378253 1
356404952 1
712863300 1
356458351 1
356485053 1
356511753 1
356538457 1
356565161 1
356591867 1
713237144 1
713290556 1
713343973 1
713397390 1
713450812 1
356752117 1
356778830 1
713611084 1
356832255 1
713717942 1
356885686 1
713824808 1
713878244 1
356965841 1
356992562 1
357019283 1
714092008 1
714145454 1
357099451 1
357126175 1
714305802 1
714359256 1
714412712 1
714466172 1
714519630 1
714573092 1
714626558 1
714680022 1
357366746 1
714786962 1
714840432 1
714893908 1
714947383 1
715000861 1
357527171 1
357553913 1
357580653 1
357607397 1
357634141 1
357660887 1
715375264 1
357714378 1
357741126 1
715535751 1
715589250 1
715642754 1
357848128 1
715749764 1
715803271 1
715856782 1
715910292 1
357981904 1
358008663 1
358035421 1
716124361 1
716177883 1
358115704 1
358142468 1
716338461 1
358195996 1
358222763 1
716499057 1
716552592 1
358303066 1
716659671 1
358356606 1
716766757 1
716820304 1
358436925 1
716927402 1
716980953 1
358517254 1
717088064 1
358570812 1
358597592 1
717248744 1
358651154 1
717355874 1
717409441 1
358731506 1
358758292 1
717570157 1
358811868 1
717677312 1
717730892 1
358892237 1
358919030 1
358945821 1
358972615 1
717998821 1
718052414 1
718106007 1
359079801 1
718213200 1
718266802 1
718320402 1
359187003 1
359213807 1
359240611 1
359267415 1
359294221 1
718642056 1
718695673 1
718749291 1
718802910 1
359428267 1
718910158 1
718963784 1
359508707 1
359535521 1
359562337 1
359589154 1
359615972 1
359642791 1
719339221 1
359696431 1
359723253 1
359750078 1
359776900 1
719607451 1
719661103 1
359857378 1
719768414 1
359911035 1
359937866 1
719929393 1
359991530 1
360018361 1
720090392 1
720144062 1
360098866 1
720251407 1
720305082 1
360179382 1
720412441 1
360233063 1
360259905 1
720573493 1
720627180 1
360340435 1
720734564 1
360394129 1
720841954 1
360447827 1
360474677 1
360501528 1
360528379 1
721110463 1
360582086 1
360608942 1
360635798 1
360662654 1
360689511 1
360716371 1
360743231 1
360770091 1
721593908 1
360823818 1
721701360 1
721755092 1
360904411 1
721862557 1
360958147 1
360985017 1
361011887 1
361038758 1
361065629 1
361092503 1
722238752 1
722292502 1
722346253 1
722400007 1
722453764 1
722507522 1
361280641 1
361307521 1
361334405 1
361361288 1
722776340 1
722830110 1
722883882 1
722937657 1
722991434 1
361522607 1
361549497 1
723152772 1
361603279 1
723260342 1
361657066 1
361683960 1
361710857 1
361737755 1
723529302 1
361791550 1
723636901 1
361845352 1
361872255 1
361899158 1
361926061 1
361952965 1
723959743 1
724013557 1
362033688 1
362060595 1
724175012 1
362114418 1
724282658 1
724336483 1
362195157 1
362222072 1
362248986 1
362275903 1
724605642 1
724659480 1
362356662 1
362383582 1
362410505 1
362437427 1
362464350 1
724982550 1
362518202 1
362545128 1
725144113 1
725197971 1
725251830 1
362652848 1
362679778 1
725413422 1
725467291 1
362760581 1
362787518 1
725628906 1
725682783 1
725736660 1
362895272 1
362922213 1
725898306 1
362976097 1
726006081 1
363029986 1
726113862 1
726167756 1
726221652 1
726275550 1
363164725 1
726383354 1
726437258 1
726491163 1
363272535 1
363299490 1
363326448 1
726706807 1
726760722 1
363407320 1
726868561 1
726922482 1
726976408 1
727030334 1
363542130 1
363569095 1
727192124 1
363623029 1
727299992 1
727353932 1
363703936 1
727461813 1
363757878 1
363784853 1
727623651 1
363838802 1
727731554 1
363892754 1
363919731 1
727893422 1
727947382 1
728001344 1
728055307 1
728109272 1
728163242 1
364108606 1
364135592 1
728325156 1
728379134 1
728433112 1
728487092 1
728541073 1
728595057 1
728649044 1
728703031 1
364378511 1
364405506 1
728865008 1
728919003 1
728973002 1
729027002 1
729081003 1
729135007 1
364594506 1
729243021 1
729297032 1
364675523 1
364702529 1
364729538 1
364756546 1
729567110 1
729621133 1
729675157 1
729729183 1
364891605 1
364918620 1
729891274 1
729945306 1
364999671 1
365026692 1
730107420 1
730161463 1
730215506 1
730269553 1
730323602 1
730377651 1
730431704 1
365242879 1
365269907 1
365296937 1
730647930 1
365350996 1
365378029 1
730810123 1
730864190 1
365459131 1
730972334 1
365513204 1
365540242 1
731134560 1
365594322 1
731242722 1
731296808 1
731350892 1
731404982 1
365729536 1
365756582 1
731567257 1
365810677 1
731675452 1
731729551 1
365891826 1
731837757 1
731891864 1
365972987 1
366000041 1
732054193 1
732108306 1
366081211 1
732216542 1
732270662 1
732324782 1
366189453 1
366216518 1
366243580 1
732541290 1
366297713 1
366324779 1
366351847 1
366378916 1
366405985 1
366433056 1
366460130 1
366487203 1
733028552 1
733082702 1
366568428 1
733191008 1
366622583 1
366649661 1
366676742 1
366703823 1
733461807 1
366757986 1
733570140 1
733624310 1
733678484 1
366866329 1
366893417 1
733841011 1
733895191 1
366974687 1
367001779 1
367028873 1
734111932 1
734166120 1
734220313 1
734274507 1
367164352 1
367191451 1
367218550 1
734491302 1
367272755 1
734599714 1
734653922 1
734708130 1
367381171 1
734816556 1
367435387 1
367462496 1
367489606 1
367516716 1
735087657 1
735141883 1
735196110 1
367625172 1
367652287 1
735358807 1
367706523 1
367733642 1
735521521 1
735575764 1
367815004 1
735684253 1
735738502 1
735792750 1
367923502 1
367950629 1
367977757 1
368004886 1
736064031 1
736118292 1
368086278 1
368113411 1
736281092 1
368167682 1
368194817 1
368221955 1
736498184 1
736552460 1
368303370 1
368330511 1
736715307 1
736769594 1
736823882 1
736878171 1
736932464 1
736986756 1
368520528 1
737095352 1
368574826 1
368601978 1
737258258 1
737312562 1
737366871 1
368710591 1
368737747 1
368764904 1
368792061 1
368819220 1
737692761 1
368873542 1
737801407 1
368927866 1
368955030 1
737964390 1
738018722 1
369036530 1
738127393 1
369090866 1
738236071 1
369145207 1
738344758 1
738399102 1
369226727 1
738507801 1
738562152 1
738616508 1
738670863 1
738725222 1
738779580 1
738833944 1
738888308 1
738942672 1
738997041 1
369525706 1
739105782 1
739160158 1
739214532 1
739268912 1
739323292 1
739377672 1
369716028 1
369743222 1
739540832 1
369797610 1
369824808 1
739704008 1
369879201 1
739812802 1
739867202 1
369960802 1
739976006 1
370015206 1
370042412 1
370069615 1
740193644 1
740248056 1
370151237 1
740356892 1
370205657 1
370232866 1
740520157 1
740574582 1
370314507 1
740683440 1
740737872 1
740792307 1
740846742 1
370450592 1
740955622 1
370505033 1
741064508 1
741118954 1
741173400 1
370613927 1
370641151 1
370668378 1
741391214 1
741445671 1
741500130 1
370777296 1
370804528 1
370831762 1
370858996 1
741772462 1
741826934 1
370940703 1
741935884 1
370995181 1
742044840 1
371049663 1
742153808 1
742208294 1
742262782 1
742317271 1
371185881 1
742426258 1
742480753 1
742535251 1
371294875 1
742644254 1
371349378 1
742753264 1
742807770 1
371431142 1
371458396 1
371485654 1
371512911 1
743080341 1
743134860 1
371594692 1
743243906 1
743298433 1
371676481 1
371703745 1
371731013 1
743516556 1
371785548 1
371812816 1
743680172 1
371867356 1
743789258 1
743843802 1
371949175 1
371976451 1
372003728 1
744062006 1
372058282 1
372085562 1
372112840 1
372140121 1
744334807 1
744389374 1
744443942 1
744498512 1
744553084 1
372303829 1
744662232 1
744716810 1
744771390 1
372412986 1
372440280 1
372467571 1
372494865 1
745044322 1
372549457 1
372576754 1
745208102 1
372631352 1
372658652 1
372685952 1
372713255 1
745481113 1
745535721 1
372795166 1
745644944 1
372849779 1
372877087 1
745808792 1
745863411 1
745918034 1
372986329 1
746027283 1
373040956 1
746136541 1
746191172 1
373122905 1
373150223 1
373177542 1
373204860 1
746464364 1
373259504 1
746573652 1
373314151 1
746682950 1
746737603 1
373396128 1
746846912 1
373450786 1
373478116 1
373505448 1
373532779 1
747120224 1
747174890 1
373614782 1
373642118 1
747338908 1
373696793 1
747448262 1
373751472 1
373778813 1
373806154 1
373833498 1
747721680 1
373888186 1
373915532 1
373942878 1
747940453 1
747995150 1
374024925 1
748104553 1
374079628 1
748213963 1
748268671 1
748323380 1
374189047 1
748432807 1
374243761 1
748542240 1
748596962 1
374325842 1
748706406 1
374380568 1
374407932 1
748870590 1
374462662 1
374490029 1
749034792 1
749089530 1
374572137 1
374599507 1
749253758 1
374654252 1
374681625 1
749418000 1
374736376 1
374763754 1
749582264 1
374818511 1
749691782 1
374873272 1
749801307 1
749856072 1
374955421 1
374982806 1
750020382 1
750075158 1
375064967 1
375092355 1
375119747 1
750294272 1
375174529 1
750403843 1
750458632 1
375256710 1
375284108 1
750623006 1
375338903 1
750732601 1
375393702 1
375421102 1
750897007 1
750951814 1
375503312 1
375530715 1
751116244 1
375585528 1
751225872 1
375640346 1
751335512 1
375695167 1
375722580 1
375749991 1
751554811 1
375804821 1
751664474 1
751719307 1
375887073 1
751828980 1
751883821 1
751938664 1
375996753 1
376024176 1
376051601 1
376079027 1
752212902 1
376133879 1
752322612 1
376188735 1
752432331 1
376243597 1
376271028 1
752596922 1
752651791 1
752706662 1
752761533 1
376408204 1
376435641 1
752926162 1
376490521 1
376517961 1
376545404 1
376572847 1
753200581 1
376627735 1
376655182 1
376682628 1
376710077 1
376737526 1
753529950 1
376792426 1
753639756 1
753694663 1
376874786 1
753804482 1
753859394 1
376957153 1
753969222 1
377012070 1
754079062 1
377066992 1
754188908 1
377121917 1
377149381 1
754353692 1
377204311 1
377231778 1
377259246 1
754573432 1
754628371 1
377341657 1
754738257 1
754793203 1
377424075 1
754903101 1
377479027 1
755013008 1
377533983 1
755122922 1
377588942 1
755232844 1
377643904 1
377671388 1
377698871 1
377726355 1
755507682 1
377781330 1
755617632 1
377836307 1
377863796 1
755782572 1
377918778 1
377946271 1
377973767 1
378001262 1
378028756 1
756112507 1
378083752 1
756222500 1
378138751 1
378166252 1
756387506 1
756442514 1
378248760 1
756552532 1
756607542 1
756662556 1
756717574 1
378386297 1
378413805 1
378441318 1
756937656 1
378496343 1
378523855 1
757102742 1
757157773 1
757212808 1
378633922 1
757322881 1
378688961 1
378716483 1
757488007 1
757543052 1
757598100 1
757653152 1
757708204 1
378881629 1
757818314 1
378936686 1
757928430 1
757983492 1
758038558 1
379046812 1
379074346 1
758203761 1
758258832 1
758313907 1
379184493 1
758424060 1
758479142 1
758534222 1
379294654 1
758644394 1
758699480 1
379377287 1
379404831 1
758864756 1
758919854 1
758974952 1
759030052 1
379542578 1
759140257 1
379597682 1
379625237 1
379652792 1
759360693 1
379707903 1
759470924 1
379763022 1
759581160 1
759636283 1
379845705 1
759746533 1
759801662 1
379928395 1
379955963 1
759967058 1
380011097 1
760077330 1
380066236 1
760187612 1
380121380 1
380148951 1
380176525 1
760408202 1
380231678 1
760518506 1
760573662 1
380314411 1
760683981 1
380369572 1
760794306 1
760849472 1
380452321 1
380479906 1
761014982 1
761070158 1
761125332 1
380590255 1
761235690 1
380645437 1
761346056 1
380700621 1
761456431 1
761511622 1
761566814 1
761622008 1
380838602 1
761732401 1
380893801 1
761842804 1
380949005 1
761953212 1
762008421 1
381031817 1
762118842 1
762174056 1
381114636 1
381142247 1
762339710 1
762394934 1
762450158 1
762505382 1
762560610 1
381307921 1
762671073 1
381363153 1
762781542 1
762836782 1
762892021 1
762947264 1
381501255 1
763057754 1
763113001 1
763168252 1
381611752 1
763278757 1
763334012 1
763389270 1
763444531 1
381749898 1
763555056 1
763610323 1
381832796 1
763720861 1
763776133 1
763831406 1
381943341 1
763941961 1
381998620 1
764052523 1
382053904 1
764163093 1
382109190 1
382136835 1
382164481 1
764384257 1
382219776 1
764494852 1
764550150 1
382302726 1
764660756 1
382358031 1
764771371 1
764826680 1
764881994 1
764937306 1
764992622 1
382523970 1
382551631 1
382579291 1
765213907 1
765269233 1
765324560 1
765379892 1
382717612 1
765490557 1
382772947 1
765601230 1
765656570 1
382855957 1
765767257 1
765822603 1
765877950 1
382966650 1
382994327 1
383022005 1
766099363 1
766154720 1
383105041 1
383132722 1
383160405 1
383188086 1
766431540 1
383243456 1
383271141 1
383298829 1
766653032 1
766708412 1
766763792 1
383409588 1
766874556 1
766929942 1
766985332 1
767040722 1
383548058 1
383575755 1
767206903 1
383631152 1
767317702 1
767373103 1
767428506 1
767483914 1
383769662 1
767594731 1
383825072 1
383852779 1
383880486 1
383908196 1
767871812 1
383963616 1
383991328 1
768038084 1
384046756 1
768148941 1
768204374 1
768259807 1
384157621 1
384185340 1
384213060 1
384240782 1
384268505 1
384296228 1
384323952 1
768703352 1
768758804 1
768814257 1
384434858 1
768925170 1
384490316 1
384518046 1
384545778 1
384573513 1
384601245 1
769257961 1
769313434 1
769368906 1
769424384 1
384739932 1
769535341 1
384795413 1
769646308 1
769701792 1
384878640 1
769812771 1
769868264 1
384961880 1
384989626 1
770034751 1
385045126 1
770145752 1
770201258 1
385128382 1
385156136 1
770367780 1
770423294 1
385239403 1
385267163 1
385294921 1
770645361 1
385350442 1
770756406 1
385405967 1
770867462 1
385461495 1
385489262 1
385517028 1
385544797 1
385572567 1
385600335 1
385628108 1
771311758 1
385683651 1
385711425 1
771478400 1
385766977 1
771589506 1
385822531 1
385850312 1
385878092 1
771811744 1
771867308 1
385961436 1
385989222 1
772034012 1
772089582 1
386072579 1
772200733 1
386128157 1
386155946 1
386183738 1
386211528 1
772478643 1
386267115 1
386294910 1
386322707 1
772701007 1
386378302 1
386406102 1
772867801 1
386461701 1
386489503 1
773034614 1
386545111 1
386572915 1
773201444 1
386628529 1
773312673 1
386684147 1
386711957 1
773479534 1
773535157 1
773590784 1
773646411 1
773702041 1
386878837 1
773813306 1
386934471 1
773924581 1
773980220 1
774035862 1
387045753 1
387073576 1
774202802 1
387129225 1
774314103 1
774369757 1
387212708 1
387240537 1
774536732 1
387296196 1
387324030 1
774703724 1
774759390 1
774815060 1
387435367 1
774926407 1
774982083 1
387518882 1
387546722 1
775149122 1
387602403 1
387630247 1
387658092 1
387685935 1
775427563 1
387741629 1
775538953 1
775594651 1
775650352 1
775706053 1
775761757 1
775817464 1
387936586 1
387964441 1
775984593 1
776040308 1
388048013 1
776151740 1
776207461 1
388131592 1
388159455 1
388187317 1
776430362 1
776486092 1
388270911 1
776597557 1
388326648 1
388354516 1
388382385 1
388410256 1
388438128 1
388466002 1
776987751 1
388521752 1
777099254 1
388577504 1
777210763 1
777266520 1
388661140 1
777378042 1
388716904 1
388744786 1
388772671 1
777601112 1
388828442 1
388856328 1
777768434 1
388912106 1
388939997 1
777935773 1
388995779 1
389023673 1
778103132 1
389079462 1
778214712 1
778270506 1
389163152 1
778382100 1
778437901 1
389246853 1
778549508 1
389302656 1
778661120 1
778716930 1
389386373 1
778828558 1
389442186 1
389470096 1
389498007 1
779051832 1
389553829 1
779163484 1
389609656 1
389637570 1
779330972 1
389693404 1
389721322 1
779498480 1
779554321 1
389805081 1
779666008 1
779721852 1
389888850 1
779833552 1
779889402 1
389972629 1
780001112 1
780056972 1
780112831 1
390084346 1
780224557 1
390140213 1
390168145 1
390196082 1
390224018 1
390251955 1
780559784 1
780615661 1
390335772 1
780727424 1
780783306 1
390419597 1
390447540 1
780950971 1
781006864 1
781062758 1
390559328 1
781174551 1
781230450 1
390643177 1
390671128 1
390699083 1
390727037 1
781509982 1
781565892 1
781621808 1
781677724 1
781733640 1
390894781 1
781845483 1
390950704 1
781957333 1
391006631 1
782069192 1
782125124 1
391090528 1
391118498 1
391146466 1
782348870 1
782404814 1
782460757 1
391258352 1
391286325 1
391314302 1
782684554 1
391370255 1
782796462 1
391426210 1
391454191 1
782964343 1
391510154 1
783076273 1
783132240 1
391594107 1
391622093 1
391650079 1
783356132 1
391706055 1
783468091 1
391762037 1
783580057 1
391818023 1
391846015 1
391874011 1
391902007 1
783860007 1
391958003 1
783972002 1
392014000 1
784084002 1
784140006 1
392098007 1
784252022 1
392154016 1
784364042 1
784420058 1
392238036 1
392266045 1
392294057 1
392322067 1
392350079 1
784756184 1
392406105 1
392434120 1
392462138 1
392490153 1
392518173 1
785092381 1
785148422 1
392602233 1
392630253 1
392658278 1
392686301 1
392714327 1
785484704 1
785540757 1
392798408 1
392826437 1
392854466 1
785764993 1
785821057 1
785877124 1
785933190 1
785989261 1
786045334 1
393050703 1
786157482 1
393106781 1
786269640 1
393162861 1
786381807 1
393218948 1
393246991 1
393275036 1
393303081 1
393331129 1
393359176 1
786774451 1
393415276 1
393443328 1
393471378 1
786998862 1
393527486 1
787111082 1
787167192 1
393611654 1
787279422 1
787335540 1
787391661 1
393723891 1
393751955 1
787560032 1
787616160 1
787672292 1
393864212 1
787784556 1
787840693 1
787896831 1
393976485 1
788009112 1
788065257 1
788121404 1
394088775 1
788233701 1
788289854 1
788346007 1
394201082 1
394229161 1
788514482 1
788570643 1
788626806 1
788682973 1
394369570 1
394397656 1
394425743 1
394453830 1
394481917 1
394510007 1
789076191 1
394566187 1
394594280 1
789244744 1
789300932 1
394678562 1
789413312 1
394734754 1
789525704 1
394790951 1
789638100 1
789694304 1
394875253 1
394903358 1
394931462 1
394959565 1
394987673 1
790031556 1
395043886 1
790143991 1
395100107 1
790256434 1
395156330 1
790368882 1
395212555 1
395240672 1
395268786 1
790593808 1
395325023 1
395353141 1
395381262 1
395409383 1
790875007 1
395465628 1
790987500 1
791043750 1
791100004 1
395578130 1
791212513 1
395634385 1
791325030 1
791381294 1
791437557 1
791493822 1
395775047 1
395803182 1
791662633 1
791718906 1
791775183 1
395915732 1
395943871 1
395972012 1
396000153 1
396028296 1
396056440 1
792169172 1
396112733 1
792281757 1
792338054 1
792394352 1
396225326 1
396253478 1
396281629 1
396309782 1
396337935 1
792732180 1
792788493 1
396422404 1
792901122 1
396478722 1
396506881 1
396535042 1
793126407 1
793182734 1
396619530 1
793295391 1
793351722 1
793408057 1
396732196 1
396760365 1
396788535 1
793633412 1
396844880 1
793746102 1
396901227 1
396929400 1
793915152 1
396985753 1
794027863 1
397042111 1
397070292 1
397098471 1
794253308 1
794309672 1
397183020 1
794422410 1
794478782 1
794535157 1
794591532 1
794647910 1
397352146 1
397380337 1
397408530 1
397436721 1
794929830 1
397493111 1
397521308 1
397549503 1
397577702 1
397605902 1
397634101 1
397662301 1
397690505 1
795437413 1
397746912 1
795550230 1
397803321 1
397831529 1
795719472 1
397887946 1
397916155 1
795888733 1
397972580 1
398000793 1
796058010 1
796114442 1
796170873 1
796227308 1
796283743 1
796340180 1
796396620 1
796453062 1
796509507 1
398282976 1
796622400 1
398339425 1
398367651 1
796791756 1
398424106 1
796904671 1
796961132 1
797017593 1
398537029 1
398565262 1
797186991 1
797243462 1
797299934 1
797356407 1
797412883 1
398734680 1
797525840 1
398791163 1
398819404 1
797695294 1
797751781 1
797808271 1
398932382 1
398960630 1
398988878 1
399017127 1
399045377 1
798147254 1
798203757 1
399130132 1
798316771 1
798373280 1
798429792 1
798486306 1
798542823 1
798599342 1
399327931 1
798712382 1
798768907 1
798825434 1
798881960 1
399469247 1
399497512 1
799051558 1
799108093 1
799164632 1
399610586 1
399638858 1
399667128 1
799390804 1
799447351 1
399751950 1
799560453 1
799617008 1
799673562 1
399865061 1
399893340 1
799843244 1
399949904 1
799956374 1
400006471 1
800069512 1
400063043 1
400091328 1
400119617 1
400147906 1
400176196 1
800408972 1
800465558 1
800522144 1
400289367 1
800635322 1
400345958 1
800748507 1
800805102 1
800861700 1
800918302 1
400487452 1
400515755 1
400544058 1
400572362 1
400600666 1
801257944 1
801314557 1
801371174 1
400713897 1
801484411 1
400770517 1
400798830 1
400827141 1
400855456 1
400883771 1
400912088 1
400940404 1
400968723 1
801994081 1
802050720 1
802107364 1
802164008 1
401110328 1
802277300 1
802333951 1
401195302 1
802447256 1
802503913 1
401280285 1
401308616 1
802673893 1
802730556 1
802787224 1
401421946 1
401450280 1
401478617 1
803013906 1
401535292 1
401563630 1
401591970 1
803240624 1
803297306 1
401676998 1
401705340 1
401733687 1
803524062 1
803580756 1
401818728 1
401847077 1
401875425 1
803807553 1
803864257 1
803920963 1
401988835 1
804034380 1
804091092 1
804147806 1
402102261 1
402130622 1
402158980 1
402187343 1
804431407 1
804488132 1
804544860 1
402300796 1
402329162 1
804715057 1
402385898 1
402414265 1
402442636 1
402471007 1
804998758 1
402527751 1
402556126 1
402584501 1
805225753 1
402641253 1
402669632 1
805396020 1
805452780 1
805509542 1
402783155 1
402811537 1
402839922 1
402868305 1
402896691 1
402925079 1
805906933 1
805963710 1
806020492 1
403038637 1
806134056 1
403095423 1
403123815 1
806304420 1
403180607 1
806418007 1
403237403 1
806531600 1
806588402 1
403322602 1
403351004 1
806758814 1
403407811 1
806872430 1
403464622 1
403493029 1
403521437 1
807099692 1
807156512 1
807213334 1
807270156 1
807326982 1
807383812 1
403720320 1
403748738 1
403777155 1
403805571 1
403833991 1
807724820 1
807781663 1
403919253 1
807895354 1
807952200 1
808009050 1
404032952 1
404061380 1
808179614 1
808236470 1
808293330 1
808350193 1
404203529 1
808463923 1
404260396 1
404288830 1
808634534 1
404345704 1
404374141 1
404402580 1
404431021 1
404459461 1
808975806 1
404516348 1
404544791 1
809146472 1
809203363 1
809260256 1
404658577 1
809374051 1
809430950 1
809487852 1
404772380 1
404800831 1
404829286 1
404857741 1
404886198 1
404914655 1
809886223 1
809943141 1
810000060 1
405028491 1
810113908 1
810170832 1
405113880 1
405142347 1
810341622 1
810398558 1
405227748 1
810512430 1
405284685 1
405313156 1
810683257 1
810740202 1
810797151 1
810854102 1
405455526 1
405484005 1
811024963 1
405540960 1
405569440 1
811195843 1
405626404 1
405654886 1
811366741 1
405711855 1
405740343 1
811537656 1
811594634 1
405825806 1
405854295 1
405882787 1
405911278 1
811879543 1
811936530 1
405996761 1
406025258 1
406053753 1
812164503 1
406110752 1
812278501 1
406167751 1
812392506 1
406224758 1
812506522 1
812563532 1
406310272 1
812677558 1
406367288 1
406395795 1
812848610 1
406452818 1
406481329 1
406509842 1
406538357 1
813133741 1
406595387 1
406623905 1
406652423 1
813361882 1
813418920 1
813475963 1
406766505 1
406795028 1
406823551 1
406852076 1
813761202 1
813818258 1
813875314 1
406966185 1
406994715 1
814046494 1
407051780 1
814160622 1
407108845 1
407137381 1
407165916 1
407194453 1
407222993 1
407251530 1
407280070 1
814617222 1
407337153 1
814731394 1
814788482 1
407422786 1
814902664 1
814959756 1
815016852 1
407536977 1
815131051 1
815188153 1
407622628 1
407651182 1
407679737 1
407708290 1
815473694 1
407765403 1
407793963 1
407822522 1
815702161 1
407879643 1
407908203 1
407936767 1
407965331 1
815987791 1
408022463 1
408051030 1
408079596 1
816216330 1
816273471 1
408165308 1
408193878 1
408222453 1
816502051 1
408279600 1
408308177 1
816673507 1
408365333 1
816787822 1
408422490 1
408451073 1
816959308 1
408508237 1
408536822 1
817130812 1
817187982 1
408622580 1
817302334 1
817359511 1
817416692 1
408736936 1
408765530 1
408794123 1
408822715 1
817702622 1
817759813 1
408908504 1
817874203 1
817931400 1
408994300 1
818045802 1
409051504 1
409080107 1
409108710 1
818274630 1
409165922 1
409194530 1
409223138 1
818503490 1
818560712 1
409308967 1
409337578 1
818732383 1
818789610 1
409423421 1
409452037 1
818961306 1
409509273 1
409537890 1
819133022 1
409595131 1
409623753 1
409652377 1
819362001 1
409709626 1
409738253 1
409766879 1
409795508 1
819648271 1
409852767 1
409881396 1
409910030 1
409938661 1
819934591 1
409995930 1
820049133 1
410053205 1
820163683 1
820220962 1
410139120 1
820335524 1
820392806 1
820450094 1
410253691 1
410282335 1
820621964 1
410339628 1
410368276 1
410396926 1
820851152 1
410454228 1
820965756 1
821023063 1
821080371 1
821137682 1
410597498 1
410626154 1
821309624 1
410683470 1
410712130 1
410740791 1
410769455 1
410798117 1
821653561 1
410855446 1
410884112 1
821825557 1
410941448 1
821940232 1
410998787 1
822054912 1
411056128 1
411084801 1
411113475 1
411142151 1
411170826 1
822399006 1
411228183 1
822513722 1
411285540 1
411314221 1
822685806 1
822743174 1
822800540 1
822857910 1
822915284 1
411486329 1
823030033 1
411543707 1
823144791 1
411601087 1
411629780 1
411658471 1
411687166 1
823431721 1
823489112 1
823546506 1
823603904 1
823661301 1
411859352 1
411888052 1
411916755 1
823890914 1
411974160 1
824005731 1
412031573 1
412060280 1
412088988 1
824235392 1
412146406 1
412175117 1
824407658 1
412232543 1
824522510 1
824579942 1
824637372 1
824694806 1
412376122 1
412404840 1
412433560 1
824924562 1
412491004 1
825039452 1
825096902 1
412577177 1
825211802 1
825269256 1
412663356 1
412692086 1
825441631 1
825499094 1
825556557 1
412807013 1
825671490 1
412864482 1
825786432 1
412921955 1
825901382 1
825958862 1
826016341 1
826073823 1
413065654 1
413094397 1
413123140 1
826303772 1
826361264 1
413209380 1
826476254 1
826533750 1
826591250 1
826648752 1
826706256 1
826763763 1
826821271 1
826878782 1
413468147 1
413496904 1
413525663 1
827108842 1
413583180 1
827223884 1
827281408 1
413669468 1
827396462 1
827453990 1
827511524 1
827569056 1
413813296 1
413842066 1
413870836 1
413899607 1
827856758 1
413957151 1
827971850 1
828029401 1
828086952 1
414072255 1
828202064 1
414129811 1
828317181 1
828374742 1
828432308 1
828489873 1
828547440 1
828605012 1
828662582 1
414360079 1
828777732 1
414417657 1
828892892 1
414475238 1
414504028 1
414532823 1
829123230 1
829180820 1
829238412 1
414648004 1
829353604 1
414705601 1
829468802 1
414763202 1
414792003 1
414820808 1
414849612 1
829756830 1
829814443 1
829872056 1
414964836 1
829987291 1
830044910 1
830102532 1
830160157 1
830217784 1
830275410 1
830333042 1
830390674 1
415224155 1
830505944 1
830563582 1
830621222 1
415339432 1
415368255 1
415397078 1
415425902 1
830909452 1
830967102 1
415512379 1
415541208 1
415570036 1
415598867 1
415627697 1
831313057 1
831370724 1
415714195 1
831486062 1
831543732 1
415800703 1
831659083 1
415858380 1
415887222 1
831832124 1
831889807 1
415973746 1
832005181 1
832062871 1
416060282 1
416089130 1
416117978 1
416146827 1
832351352 1
832409052 1
832466758 1
416262231 1
832582170 1
416319940 1
832697592 1
416377653 1
416406513 1
832870740 1
416464230 1
832986182 1
833043908 1
833101632 1
416579681 1
416608546 1
833274824 1
833332558 1
416695146 1
416724015 1
416752886 1
416781756 1
833621258 1
833679004 1
416868375 1
833794500 1
833852252 1
416955004 1
833967762 1
417012761 1
834083280 1
834141044 1
417099403 1
834256572 1
417157170 1
834372111 1
417214943 1
417243829 1
834545434 1
417301606 1
417330495 1
417359388 1
417388279 1
834834344 1
834892131 1
417474961 1
417503856 1
417532753 1
835123302 1
417590551 1
417619451 1
835296703 1
417677254 1
417706158 1
835470121 1
835527931 1
417792871 1
417821779 1
417850688 1
417879597 1
835817010 1
417937418 1
417966329 1
835990483 1
836048311 1
418053072 1
418081987 1
836221808 1
418139821 1
836337482 1
836395322 1
418226583 1
418255504 1
418284426 1
418313351 1
418342277 1
836742404 1
836800257 1
836858113 1
418457986 1
418486916 1
837031693 1
418544779 1
837147423 1
418602647 1
837263162 1
418660516 1
837378906 1
418718392 1
418747330 1
837552540 1
418805211 1
837668307 1
837726194 1
837784081 1
418920987 1
837899864 1
837957756 1
838015653 1
838073550 1
838131450 1
419094677 1
419123630 1
838305162 1
838363072 1
838420980 1
838478892 1
838536808 1
419297363 1
838652641 1
838710562 1
419384241 1
838826408 1
419442167 1
838942262 1
839000192 1
839058124 1
419558030 1
419586997 1
419615966 1
419644936 1
419673906 1
419702879 1
419731852 1
419760827 1
419789800 1
419818778 1
419847754 1
419876731 1
839811422 1
839869382 1
839927343 1
839985306 1
840043273 1
420050622 1
840159212 1
840217184 1
840275156 1
840333134 1
840391110 1
840449092 1
840507073 1
420282529 1
420311523 1
420340516 1
840739020 1
420398508 1
840855007 1
420456503 1
420485502 1
841029002 1
841087003 1
420572503 1
420601508 1
841261021 1
420659515 1
420688522 1
420717529 1
841493074 1
420775547 1
420804557 1
841667134 1
841725156 1
420891593 1
420920607 1
420949621 1
841957272 1
842015307 1
842073344 1
421065690 1
421094711 1
842247464 1
421152754 1
421181777 1
421210800 1
421239826 1
421268851 1
421297878 1
421326907 1
421355937 1
421384965 1
842827993 1
421443030 1
842944123 1
843002190 1
421530130 1
843118333 1
421588205 1
843234482 1
843292560 1
843350641 1
843408722 1
421733405 1
843524892 1
843582982 1
843641070 1
421849582 1
843757256 1
843815354 1
421936726 1
421965775 1
843989653 1
844047758 1
422052932 1
844163971 1
844222080 1
844280192 1
422169155 1
422198211 1
844454540 1
844512662 1
844570783 1
844628908 1
844687033 1
422372581 1
844803291 1
844861423 1
844919558 1
844977693 1
845035830 1
845093971 1
845152113 1
422605128 1
422634202 1
845326551 1
422692350 1
422721428 1
422750503 1
845559164 1
422808660 1
422837742 1
845733644 1
845791806 1
845849973 1
422954070 1
845966311 1
423012243 1
846082658 1
846140832 1
846199011 1
846257190 1
423157687 1
846373557 1
846431744 1
846489931 1
423274061 1
423303157 1
423332254 1
846722704 1
423390450 1
846839101 1
846897303 1
423477753 1
423506858 1
423535960 1
847130130 1
423594173 1
847246558 1
423652386 1
847362990 1
847421211 1
423739717 1
423768830 1
423797941 1
423827055 1
423856170 1
423885286 1
847828806 1
847887043 1
423972642 1
848003520 1
424030882 1
424060003 1
424089126 1
848236502 1
848294750 1
848353003 1
848411256 1
424234756 1
424263887 1
848586031 1
424322148 1
424351278 1
848760824 1
424409547 1
424438680 1
424467816 1
424496954 1
424526091 1
424555232 1
849168740 1
849227023 1
849285308 1
424671796 1
849401881 1
849460172 1
849518462 1
424788380 1
424817526 1
849693351 1
849751651 1
849809954 1
424934129 1
849926564 1
849984871 1
425021591 1
850101492 1
425079904 1
425109063 1
850276442 1
425167382 1
850393082 1
425225705 1
850509732 1
850568062 1
850626391 1
425342361 1
850743058 1
425400698 1
850859732 1
850918072 1
425488206 1
851034756 1
851093102 1
425575725 1
851209801 1
851268153 1
851326506 1
425692431 1
851443221 1
851501582 1
851559944 1
851618307 1
851676674 1
851735040 1
851793412 1
851851784 1
851910157 1
425984267 1
426013456 1
852085290 1
852143672 1
852202056 1
426130221 1
426159415 1
426188610 1
852435614 1
852494008 1
852552404 1
852610802 1
426334602 1
426363801 1
426393004 1
426422206 1
852902821 1
426480617 1
853019643 1
426539029 1
853136473 1
426597447 1
853253310 1
853311733 1
853370156 1
853428582 1
426743505 1
853545440 1
426801936 1
853662308 1
426860371 1
426889592 1
426918812 1
426948033 1
853954506 1
854012953 1
854071402 1
427064925 1
854188304 1
427123378 1
427152607 1
427181836 1
854422130 1
854480593 1
854539056 1
427298762 1
854655990 1
427357230 1
427386468 1
854831407 1
854889882 1
427474181 1
427503422 1
427532663 1
427561905 1
427591148 1
855240781 1
427649636 1
855357764 1
855416258 1
855474754 1
427766625 1
855591751 1
855650253 1
427854378 1
855767264 1
855825770 1
427942140 1
855942793 1
856001306 1
428029913 1
428059170 1
428088432 1
856235382 1
856293908 1
856352433 1
428205481 1
428234745 1
428264013 1
428293279 1
856645093 1
856703632 1
856762172 1
428410358 1
856879258 1
428468901 1
856996351 1
857054901 1
857113452 1
428586003 1
857230562 1
857289120 1
428673842 1
857406244 1
857464808 1
428761688 1
428790970 1
857640510 1
857699084 1
857757658 1
428908118 1
857874812 1
857933390 1
857991973 1
429025280 1
858109144 1
858167730 1
429113162 1
858284914 1
858343506 1
429201051 1
858460700 1
858519301 1
858577902 1
429318253 1
858695114 1
429376862 1
429406167 1
429435471 1
429464778 1
858988172 1
429523395 1
859105410 1
429582017 1
429611328 1
859281283 1
859339911 1
429699272 1
859457172 1
429757903 1
429787221 1
859633082 1
429845862 1
859750363 1
429904504 1
429933827 1
859926300 1
429992475 1
860043604 1
430051130 1
860160914 1
430109787 1
430139117 1
860336894 1
430197779 1
430227111 1
860512890 1
430285781 1
430315116 1
430344454 1
430373791 1
860806262 1
430432470 1
860923624 1
860982306 1
861040992 1
430549841 1
861158371 1
861217064 1
861275757 1
430667226 1
861393150 1
430725927 1
430755278 1
430784629 1
430813982 1
430843336 1
430872690 1
430902048 1
861862806 1
861921522 1
430990121 1
862038961 1
431048842 1
431078205 1
431107568 1
862273862 1
862332592 1
431195662 1
862450056 1
862508794 1
431283767 1
862626270 1
862685013 1
862743758 1
431401251 1
862861251 1
431460001 1
862978752 1
431518755 1
863096263 1
431577511 1
431606892 1
863272544 1
431665655 1
431695037 1
863448841 1
863507610 1
431783193 1
863625158 1
863683933 1
431871355 1
863801492 1
431930136 1
863919057 1
431988923 1
864036631 1
432047711 1
864154212 1
432106505 1
864271803 1
864330602 1
432194700 1
432224102 1
864507006 1
864565814 1
432312311 1
864683432 1
432371121 1
864801058 1
864859874 1
864918691 1
864977510 1
432518167 1
432547580 1
865153982 1
432606405 1
865271640 1
432665236 1
432694654 1
432724073 1
865506980 1
865565820 1
865624662 1
865683506 1
865742353 1
432900601 1
865860052 1
432959451 1
865977756 1
866036612 1
433047736 1
866154330 1
866213194 1
433136028 1
433165463 1
866389792 1
433224332 1
866507533 1
866566408 1
433312641 1
433342082 1
433371521 1
866801922 1
866860808 1
433459846 1
866978580 1
433518736 1
433548183 1
433577630 1
433607076 1
867273052 1
433665975 1
433695428 1
867449756 1
867508664 1
867567571 1
433813240 1
433842696 1
867744307 1
867803224 1
433931070 1
433960531 1
433989991 1
434019453 1
434048916 1
434078381 1
868215691 1
434137313 1
868333556 1
434196246 1
434225717 1
434255187 1
868569312 1
868628258 1
434343603 1
434373077 1
868805100 1
868864052 1
434461505 1
434490983 1
869040920 1
434549941 1
869158843 1
434608905 1
869276772 1
434667871 1
434697355 1
434726843 1
869512656 1
869571634 1
869630610 1
434844796 1
869748572 1
869807556 1
869866542 1
869925530 1
434992262 1
435021758 1
870102506 1
870161503 1
870220502 1
870279502 1
435169253 1
870397508 1
435228258 1
870515520 1
870574530 1
435316772 1
435346279 1
435375788 1
870810591 1
435434807 1
870928634 1
870987656 1
871046684 1
871105712 1
435582372 1
435611887 1
435641404 1
435670923 1
871400880 1
435729961 1
435759481 1
871578007 1
435818526 1
435848051 1
435877575 1
435907103 1
871873257 1
871932312 1
871991370 1
436025215 1
872109494 1
872168556 1
436113813 1
436143345 1
872345762 1
872404832 1
436231955 1
436261493 1
872582060 1
436320572 1
436350111 1
436379654 1
872818392 1
436438741 1
436468286 1
436497832 1
873054757 1
873113853 1
436586476 1
873232051 1
873291152 1
436675130 1
436704682 1
436734237 1
873527582 1
873586693 1
436822903 1
873704922 1
873764040 1
873823162 1
436941141 1
436970704 1
874000534 1
874059662 1
874118790 1
437088962 1
437118530 1
437148098 1
874355331 1
874414472 1
874473614 1
437266380 1
874591904 1
437325527 1
874710202 1
437384678 1
874828507 1
437443833 1
874946822 1
437502991 1
875065142 1
437562153 1
875183472 1
437621322 1
875301811 1
875360984 1
437710080 1
437739668 1
875538511 1
437798847 1
875656874 1
875716058 1
875775243 1
437917216 1
875893622 1
437976408 1
438006004 1
876071202 1
876130401 1
876189601 1
438124403 1
876308007 1
438183608 1
876426420 1
438242815 1
876544842 1
876604057 1
876663273 1
876722490 1
438390857 1
876840933 1
876900156 1
876959382 1
438509306 1
438538922 1
438568536 1
877196308 1
877255542 1
877314780 1
438687012 1
877433262 1
438746253 1
877551753 1
438805502 1
438835125 1
877729503 1
438894380 1
877848014 1
438953637 1
877966530 1
878025792 1
439042529 1
878144322 1
878203591 1
878262862 1
878322134 1
878381406 1
878440684 1
439249981 1
439279621 1
878618524 1
878677808 1
878737092 1
439398191 1
439427835 1
878914962 1
878974258 1
439516778 1
879092851 1
879152152 1
439605728 1
879270758 1
439665033 1
879389371 1
439724340 1
879507994 1
439783655 1
439813313 1
879685941 1
879745262 1
879804582 1
439931954 1
879923233 1
879982560 1
440020946 1
440050612 1
880160557 1
440109948 1
440139616 1
440169287 1
880397912 1
440228628 1
440258303 1
880575950 1
440317651 1
440347327 1
880754006 1
880813362 1
880872721 1
880932080 1
440495723 1
440525403 1
440555088 1
440584770 1
440614455 1
440644143 1
881347656 1
881407034 1
440733205 1
440762896 1
881585172 1
881644556 1
440851971 1
881763331 1
881822720 1
881882112 1
440970755 1
882000903 1
441030151 1
441059852 1
441089551 1
882238507 1
441148956 1
441178662 1
882416730 1
882476143 1
441267778 1
882594974 1
441327195 1
441356905 1
882773233 1
441416328 1
441446041 1
441475757 1
883010940 1
883070372 1
441564904 1
441594623 1
441624341 1
441654061 1
441683781 1
441713503 1
441743228 1
441772951 1
883605352 1
441832402 1
883724257 1
883783712 1
441921585 1
441951316 1
441981046 1
884021557 1
442040513 1
442070245 1
884199960 1
442129716 1
442159454 1
442189191 1
442218930 1
884497342 1
884556824 1
442308154 1
884675794 1
884735281 1
884794770 1
442427131 1
442456880 1
442486628 1
442516377 1
442546127 1
442575878 1
442605630 1
442635383 1
885330271 1
442694890 1
885449294 1
885508806 1
885568322 1
442813921 1
442843682 1
442873443 1
442903204 1
885865933 1
885925461 1
885984991 1
443022262 1
443052029 1
443081797 1
443111566 1
443141336 1
443171106 1
886401758 1
443230651 1
443260427 1
443290200 1
443319977 1
886699507 1
886759063 1
886818621 1
886878182 1
443468873 1
443498653 1
887056872 1
887116441 1
443588007 1
887235582 1
443647579 1
443677366 1
887414311 1
443736947 1
887533472 1
443796530 1
887652644 1
887712232 1
887771821 1
887831412 1
887891008 1
443975301 1
888010202 1
444034902 1
888129403 1
444094504 1
888248613 1
888308220 1
444183916 1
444213722 1
888487058 1
444273338 1
888606291 1
444332955 1
888725532 1
888785158 1
444422393 1
888904410 1
444482022 1
444511837 1
444541653 1
889142942 1
444601292 1
889262221 1
444660932 1
444690754 1
444720578 1
889500800 1
444780226 1
444810053 1
444839880 1
889739413 1
889799072 1
889858730 1
444959196 1
889978057 1
890037723 1
445048695 1
890157062 1
890216732 1
445138203 1
445168042 1
890395762 1
890455442 1
890515124 1
445287403 1
445317247 1
445347092 1
890753871 1
445406781 1
890873257 1
445466478 1
445496327 1
445526176 1
445556027 1
445585879 1
445615733 1
445645585 1
891350882 1
891410592 1
445735153 1
891530023 1
891589740 1
891649462 1
445854593 1
445884454 1
445914317 1
445944181 1
445974045 1
446003912 1
446033779 1
892127292 1
892187032 1
892246772 1
446153256 1
446183129 1
892426003 1
892485752 1
446272751 1
892605253 1
892665008 1
446362382 1
446392260 1
892844281 1
446452023 1
446481905 1
446511787 1
893083340 1
893143110 1
446601443 1
893262656 1
446661218 1
893382211 1
893441992 1
893501774 1
446780778 1
446810672 1
446840567 1
893740920 1
446900356 1
893860508 1
446960152 1
446990052 1
894039900 1
894099704 1
447079754 1
894219313 1
447139561 1
894338930 1
447199372 1
894458557 1
447259188 1
447289097 1
447319006 1
447348916 1
447378830 1
894817482 1
447438655 1
447468570 1
894996973 1
447528403 1
895116643 1
447588242 1
895236322 1
447648082 1
895356008 1
895415853 1
895475702 1
895535551 1
895595402 1
447827628 1
447857558 1
895774972 1
895834831 1
447947348 1
447977280 1
896014422 1
448037147 1
896134161 1
896194032 1
448126955 1
896313782 1
896373662 1
448216771 1
896493424 1
896553308 1
448306596 1
448336540 1
896732970 1
896792863 1
896852757 1
448456327 1
896972551 1
897032450 1
448546178 1
448576128 1
897212164 1
897272072 1
897331981 1
897391892 1
448725904 1
448755861 1
897571640 1
897631562 1
897691483 1
448875704 1
448905666 1
897871260 1
448965595 1
897991124 1
449025528 1
898110994 1
449085467 1
449115436 1
449145406 1
898350757 1
449205353 1
898470652 1
898530602 1
449295278 1
449325255 1
449355233 1
898770421 1
449415192 1
898890342 1
898950308 1
899010272 1
449535121 1
449565105 1
449595091 1
449625080 1
449655068 1
899370112 1
899430092 1
449745038 1
899550056 1
899610043 1
449835016 1
899730021 1
449895007 1
899850007 1
899910002 1
449985000 1
900030002 1
450045002 1
900150008 1
450105008 1
450135012 1
900330031 1
450195023 1
450225029 1
450255036 1
450285045 1
900630110 1
450345067 1
900750157 1
900810184 1
900870211 1
450465120 1
900990273 1
450525154 1
901110344 1
901170380 1
450615212 1
901290464 1
901350508 1
901410552 1
901470601 1
901530650 1
450795353 1
450825379 1
901710814 1
901770870 1
901830931 1
450945498 1
450975529 1
902011123 1
902071190 1
902131260 1
451095667 1
451125705 1
451155742 1
451185781 1
902431641 1
451245862 1
902551808 1
902611893 1
451335991 1
451366036 1
451396081 1
451426129 1
902912352 1
451486225 1
451516277 1
903092653 1
451576379 1
903212864 1
451636486 1
451666542 1
903393192 1
903453306 1
451756712 1
451786771 1
451816830 1
451846892 1
451876955 1
903814032 1
903874161 1
903934292 1
903994422 1
904054556 1
904114694 1
452087417 1
452117487 1
904295114 1
904355256 1
904415402 1
452237776 1
452267851 1
904595853 1
904656008 1
452358083 1
452388161 1
904836480 1
904896642 1
904956807 1
905016973 1
905077142 1
905137312 1
905197484 1
905257657 1
452658918 1
452689006 1
452719095 1
905498374 1
905558558 1
905618744 1
452839466 1
905739121 1
452899657 1
452929755 1
905919704 1
905979900 1
453020051 1
453050151 1
453080254 1
906220713 1
453140462 1
453170565 1
453200673 1
906461556 1
906521772 1
453290997 1
453321107 1
453351217 1
453381330 1
906822882 1
906883112 1
906943340 1
453501788 1
907063807 1
453562021 1
907184281 1
453622261 1
907304763 1
907365006 1
907425254 1
907485501 1
453772877 1
907606003 1
453833129 1
907726512 1
453893387 1
907847032 1
453953647 1
453983779 1
454013911 1
908088090 1
454074181 1
908208633 1
454134455 1
454164593 1
454194730 1
908449741 1
908510023 1
908570307 1
908630594 1
908690881 1
908751171 1
908811463 1
908871756 1
454466028 1
454496177 1
909052650 1
909112953 1
909173256 1
909233562 1
909293871 1
909354182 1
454707247 1
909474808 1
454767562 1
454797721 1
909655761 1
909716083 1
454888203 1
909836732 1
454948532 1
454978696 1
910017722 1
910078058 1
455069196 1
455099367 1
910259071 1
910319414 1
910379758 1
910440103 1
910500450 1
455280402 1
455310576 1
455340754 1
910741863 1
910802221 1
910862580 1
910922942 1
455491654 1
455521837 1
455552022 1
911164411 1
455612391 1
911285158 1
455672766 1
911405912 1
911466292 1
455763337 1
911587056 1
911647442 1
911707831 1
911768220 1
911828612 1
455944504 1
911949403 1
912009801 1
456035100 1
456065302 1
456095504 1
912251413 1
912311822 1
456186116 1
912432644 1
456246529 1
456276737 1
456306945 1
456337156 1
456367367 1
456397579 1
456427791 1
912916011 1
912976441 1
456518438 1
456548655 1
913157742 1
913218182 1
913278621 1
913339063 1
456699755 1
456729976 1
456760202 1
456790426 1
913641302 1
913701756 1
913762213 1
913822671 1
913883130 1
456971796 1
914004056 1
914064524 1
914124990 1
914185462 1
914245933 1
914306406 1
457183441 1
914427360 1
914487842 1
457274161 1
457304403 1
457334648 1
457364891 1
914790272 1
457425382 1
457455630 1
914971754 1
915032251 1
457546377 1
457576627 1
915213758 1
457637132 1
915334771 1
457697641 1
915455792 1
915516306 1
915576824 1
457818670 1
915697861 1
915758383 1
915818908 1
457939717 1
915939962 1
916000491 1
458030512 1
916121557 1
458091048 1
916242630 1
458151585 1
458181858 1
458212130 1
458242403 1
916545352 1
458302951 1
916666452 1
458363503 1
458393782 1
916848121 1
916908680 1
458484622 1
917029807 1
458545188 1
917150941 1
917211510 1
458636041 1
458666330 1
458696616 1
917453812 1
458757195 1
917574974 1
458817778 1
917696144 1
917756732 1
458908660 1
458938957 1
917938508 1
917999102 1
459029851 1
918120301 1
459090451 1
459120754 1
459151058 1
918362721 1
918423332 1
918483942 1
918544556 1
459302586 1
459332895 1
918726411 1
459393517 1
459423830 1
459454142 1
918968912 1
459514771 1
919090172 1
919150807 1
459605722 1
459636041 1
459666361 1
919393364 1
459727004 1
459757327 1
459787652 1
459817976 1
459848303 1
459878629 1
919817912 1
919878570 1
459969617 1
459999947 1
460030280 1
460060612 1
920181890 1
460121282 1
460151616 1
460181954 1
460212292 1
920485261 1
920545940 1
460303313 1
920667308 1
920727992 1
920788682 1
460424685 1
460455033 1
920970756 1
460515726 1
460546075 1
921152850 1
460606778 1
921274257 1
921334964 1
921395672 1
460728191 1
460758546 1
460788903 1
921638524 1
921699242 1
921759960 1
921820683 1
460940705 1
460971066 1
461001432 1
461031796 1
922124324 1
922185057 1
461122896 1
461153267 1
922367270 1
461214008 1
922488756 1
461274752 1
461305127 1
922671002 1
922731754 1
922792508 1
461426631 1
461457011 1
461487392 1
461517772 1
923096306 1
923157073 1
461608920 1
461639305 1
461669692 1
461700079 1
923460932 1
461760856 1
923582492 1
923643273 1
923704058 1
923764844 1
923825631 1
461943212 1
923947212 1
924008007 1
462034403 1
462064801 1
924190401 1
924251203 1
462156003 1
462186408 1
462216812 1
924494432 1
462277622 1
924616058 1
924676873 1
924737691 1
462399256 1
924859334 1
462460080 1
924980984 1
462520905 1
925102641 1
925163474 1
925224306 1
925285144 1
925345980 1
462703411 1
925467662 1
925528507 1
462794677 1
925650201 1
925711051 1
462885952 1
925832756 1
462946808 1
462977235 1
926015332 1
463038096 1
926137057 1
463098963 1
463129396 1
463159831 1
926380532 1
463220704 1
926502282 1
926563160 1
926624041 1
463342461 1
926745806 1
463403346 1
926867582 1
463464237 1
926989362 1
463525129 1
927111154 1
463586025 1
463616475 1
927293852 1
927354757 1
463707831 1
463738286 1
463768742 1
927598394 1
927659306 1
463860112 1
927781142 1
927842060 1
463951493 1
927963907 1
928024833 1
928085762 1
928146692 1
464103812 1
464134280 1
464164748 1
928390431 1
928451370 1
464256157 1
464286629 1
464317101 1
928695151 1
464378050 1
464408526 1
464439005 1
928938962 1
464499962 1
929060882 1
464560923 1
929182807 1
929243773 1
929304742 1
929365712 1
929426683 1
464743830 1
929548633 1
464804806 1
929670590 1
464865788 1
464896278 1
929853542 1
929914532 1
464987760 1
465018257 1
930097507 1
930158504 1
930219500 1
930280501 1
930341504 1
930402508 1
465231756 1
930524522 1
930585532 1
930646542 1
465353779 1
930768574 1
465414796 1
465445307 1
465475817 1
931012658 1
931073683 1
931134711 1
931195740 1
931256774 1
465658903 1
465689422 1
931439881 1
465750461 1
465780983 1
465811503 1
931684053 1
931745102 1
465903077 1
465933602 1
931928258 1
931989312 1
466025185 1
932111430 1
932172493 1
932233556 1
466147312 1
466177847 1
932416761 1
466238916 1
466269454 1
466299992 1
466330532 1
466361071 1
466391613 1
466422154 1
932905393 1
932966481 1
933027572 1
466544331 1
933149757 1
933210852 1
933271952 1
933333050 1
466697077 1
933455256 1
466758183 1
933577470 1
466819292 1
933699693 1
466880405 1
466910963 1
933883042 1
933944162 1
467002641 1
934066408 1
467063766 1
934188661 1
934249791 1
934310923 1
467186030 1
467216596 1
467247166 1
934555470 1
467308308 1
934677758 1
467369451 1
934800051 1
934861201 1
934922352 1
934983506 1
935044662 1
935105822 1
935166980 1
935228143 1
935289308 1
935350474 1
467705821 1
467736406 1
467766993 1
935595156 1
935656332 1
467858757 1
935778691 1
467919936 1
467950528 1
935962243 1
936023432 1
936084620 1
936145812 1
468103504 1
468134101 1
936329400 1
468195301 1
936451802 1
936513008 1
936574214 1
468317712 1
468348315 1
936757844 1
936819058 1
936880274 1
936941490 1
937002712 1
937063934 1
937125157 1
468593193 1
468623807 1
937308840 1
937370073 1
937431308 1
937492542 1
937553781 1
468807512 1
937676262 1
937737508 1
468899377 1
468930000 1
937921251 1
937982504 1
938043757 1
938105012 1
938166271 1
938227530 1
469144397 1
938350058 1
469205662 1
938472590 1
469266930 1
469297566 1
938656407 1
938717684 1
938778960 1
469420121 1
469450762 1
938962806 1
469512047 1
469542691 1
469573336 1
469603982 1
939269257 1
939330552 1
939391852 1
469726576 1
469757228 1
469787879 1
469818531 1
939698372 1
469879842 1
939820992 1
939882306 1
939943624 1
940004940 1
470033130 1
470063792 1
940188906 1
940250234 1
470155780 1
470186446 1
470217111 1
470247778 1
940556892 1
940618231 1
470339786 1
470370458 1
940802258 1
470431803 1
940924952 1
470493150 1
941047654 1
470554504 1
470585181 1
470615862 1
941293081 1
941354443 1
941415808 1
941477172 1
470769272 1
941599912 1
470830643 1
470861328 1
470892018 1
470922706 1
941906791 1
941968173 1
942029558 1
942090943 1
942152332 1
942213721 1
942275114 1
942336508 1
471198951 1
471229650 1
471260350 1
942582102 1
942643508 1
942704913 1
471383160 1
942827732 1
471444572 1
471475278 1
471505987 1
471536697 1
471567406 1
471598116 1
943257656 1
471659542 1
943380510 1
943441940 1
471751688 1
471782404 1
943626242 1
943687681 1
943749121 1
471905282 1
943872008 1
471966726 1
471997452 1
944056350 1
472058903 1
472089628 1
472120358 1
944302170 1
944363632 1
472212547 1
472243279 1
472274012 1
472304746 1
944670960 1
472366216 1
944793906 1
944855384 1
472458430 1
944978342 1
945039823 1
945101308 1
472581398 1
945224281 1
945285771 1
472673633 1
472704378 1
945470253 1
945531751 1
945593250 1
472827378 1
472858129 1
945777764 1
472919636 1
945900781 1
945962293 1
473011903 1
473042663 1
946146841 1
946208360 1
946269882 1
473165704 1
946392932 1
946454462 1
946515990 1
946577522 1
473319528 1
473350296 1
473381065 1
946823671 1
473442606 1
473473380 1
947008304 1
473534926 1
473565700 1
473596476 1
473627254 1
473658033 1
947377622 1
947439181 1
473750372 1
947562307 1
947623874 1
473842720 1
473873507 1
947808583 1
473935080 1
947931732 1
947993310 1
474027446 1
474058238 1
948178057 1
474119823 1
948301230 1
948362822 1
474212208 1
474243004 1
948547604 1
474304601 1
948670800 1
474366202 1
948794008 1
474427806 1
474458612 1
474489415 1
474520221 1
474551028 1
949163672 1
949225291 1
474643457 1
474674266 1
474705078 1
949471782 1
949533410 1
474797521 1
474828337 1
949718308 1
474889971 1
474920792 1
474951610 1
949964862 1
950026506 1
475044077 1
950149800 1
950211451 1
950273104 1
475167378 1
475198208 1
950458071 1
950519731 1
475290697 1
475321530 1
950704724 1
475383195 1
950828062 1
950889732 1
475475704 1
951013082 1
475537382 1
951136441 1
951198122 1
951259806 1
951321492 1
951383182 1
475722436 1
951506563 1
951568256 1
475814977 1
475845825 1
475876677 1
951815052 1
475938379 1
475969233 1
476000086 1
476030940 1
476061797 1
476092654 1
952247023 1
952308740 1
952370462 1
952432183 1
952493907 1
952555633 1
476308682 1
476339545 1
952740823 1
952802557 1
476432148 1
952926030 1
476493886 1
953049514 1
476555628 1
476586502 1
953234752 1
476648251 1
476679126 1
953420006 1
476740883 1
953543522 1
953605280 1
476833523 1
476864403 1
476895288 1
476926172 1
476957056 1
476987942 1
954037657 1
954099434 1
954161212 1
954222991 1
954284774 1
954346556 1
954408342 1
477235066 1
477265961 1
954593714 1
477327754 1
954717302 1
954779101 1
954840901 1
954902704 1
477482254 1
955026313 1
477544060 1
477574965 1
477605871 1
955273558 1
477667687 1
477698595 1
477729506 1
477760417 1
477791329 1
955644483 1
955706311 1
955768140 1
477914987 1
955891806 1
955953644 1
478007741 1
956077321 1
956139164 1
956201006 1
478131428 1
478162351 1
956386551 1
956448402 1
956510258 1
478286057 1
478316985 1
478347917 1
956757692 1
478409779 1
478440711 1
956943290 1
957005161 1
957067032 1
957128908 1
478595393 1
957252661 1
957314540 1
957376422 1
957438308 1
957500192 1
957562081 1
478811987 1
957685862 1
478873879 1
478904828 1
478935775 1
478966726 1
478997678 1
958057256 1
958119163 1
479090536 1
958242982 1
958304894 1
479183405 1
958428724 1
958490640 1
958552561 1
958614483 1
479338204 1
958738333 1
479400132 1
958862190 1
479462061 1
479493028 1
479523998 1
959109931 1
479585937 1
479616907 1
479647878 1
959357702 1
959419652 1
479740802 1
479771778 1
959605507 1
959667462 1
959729421 1
479895690 1
959853342 1
479957654 1
479988636 1
960039240 1
480050607 1
960163184 1
480112580 1
960287134 1
960349110 1
960411090 1
960473073 1
960535058 1
960597042 1
960659031 1
480360512 1
480391507 1
480422503 1
960907004 1
480484502 1
480515501 1
480546502 1
961155006 1
480608508 1
961279022 1
961341031 1
961403044 1
961465057 1
480763537 1
480794545 1
961651112 1
961713134 1
961775158 1
961837184 1
961899212 1
961961242 1
481011636 1
962085306 1
962147344 1
962209380 1
962271420 1
481166731 1
481197755 1
962457553 1
962519600 1
962581652 1
481321852 1
962705757 1
962767812 1
962829872 1
481445965 1
481476998 1
963016057 1
963078122 1
481570097 1
481601132 1
481632166 1
481663204 1
963388484 1
481725281 1
963512642 1
963574724 1
963636807 1
481849448 1
963760982 1
963823071 1
481942582 1
963947257 1
964009354 1
964071450 1
964133550 1
964195654 1
482128880 1
964319864 1
482190985 1
482222042 1
482253096 1
482284155 1
964630424 1
964692541 1
482377330 1
482408392 1
482439455 1
964941034 1
482501582 1
965065291 1
482563711 1
482594778 1
965251693 1
965313832 1
965375970 1
965438114 1
965500257 1
965562404 1
965624552 1
482843350 1
965748852 1
965811006 1
482936581 1
482967661 1
482998741 1
966059642 1
483060903 1
483091986 1
483123071 1
483154157 1
966370483 1
483216328 1
966494832 1
966557011 1
966619190 1
483340688 1
966743558 1
966805744 1
483433967 1
483465060 1
966992314 1
967054508 1
483558351 1
967178902 1
967241101 1
967303302 1
967365507 1
967427712 1
967489922 1
967552130 1
483807172 1
483838278 1
483869388 1
483900497 1
483931605 1
483962717 1
967987657 1
968049882 1
968112110 1
968174342 1
484118288 1
968298807 1
968361044 1
968423280 1
968485522 1
968547764 1
484305005 1
484336128 1
968734500 1
968796752 1
968859003 1
484460628 1
968983514 1
484522886 1
484554017 1
484585148 1
484616278 1
969294822 1
969357091 1
484709682 1
969481633 1
969543907 1
484803092 1
969668460 1
484865372 1
969793023 1
969855306 1
969917594 1
969979882 1
970042170 1
485052233 1
970166758 1
970229053 1
970291352 1
485176827 1
485207976 1
485239128 1
970540563 1
970602872 1
970665181 1
970727493 1
485394903 1
970852124 1
970914440 1
970976761 1
971039082 1
485550705 1
971163732 1
971226060 1
971288392 1
971350723 1
485706529 1
485737697 1
971537732 1
485800036 1
971662414 1
971724758 1
485893552 1
971849450 1
485955901 1
971974152 1
972036507 1
972098863 1
972161220 1
486111791 1
486142971 1
972348308 1
972410674 1
972473042 1
972535411 1
486298892 1
972660156 1
486361268 1
972784912 1
486423646 1
972909674 1
972972056 1
973034444 1
973096831 1
486579612 1
486610806 1
973284008 1
973346402 1
973408801 1
486735602 1
486766803 1
486798005 1
973658413 1
486860411 1
486891615 1
973845643 1
486954030 1
486985238 1
974032892 1
487047655 1
487078867 1
487110080 1
974282584 1
487172505 1
487203721 1
487234937 1
487266155 1
974594743 1
487328591 1
487359810 1
974782063 1
487422253 1
974906953 1
974969401 1
487515925 1
487547152 1
487578378 1
487609607 1
975281672 1
975344132 1
975406593 1
975469057 1
975531524 1
487796997 1
975656461 1
975718934 1
975781406 1
975843884 1
487953181 1
487984420 1
976031323 1
976093808 1
976156294 1
976218782 1
488140635 1
488171881 1
976406258 1
488234378 1
488265625 1
488296876 1
976656253 1
976718756 1
488390633 1
976843770 1
976906280 1
488484396 1
977031306 1
488546911 1
977156341 1
977218860 1
488640692 1
488671955 1
977406432 1
977468961 1
977531490 1
977594024 1
977656558 1
977719093 1
977781630 1
977844170 1
977906712 1
488984630 1
489015903 1
978094352 1
489078450 1
489109726 1
978282006 1
489172283 1
978407121 1
978469682 1
489266122 1
489297405 1
978657373 1
978719940 1
978782512 1
978845084 1
978907656 1
489485117 1
979032810 1
489547696 1
979157973 1
489610279 1
489641573 1
489672867 1
979408320 1
979470912 1
489766755 1
489798053 1
979658701 1
979721301 1
979783904 1
979846507 1
489954556 1
979971721 1
490017166 1
490048473 1
490079779 1
980222173 1
980284791 1
490173706 1
490205018 1
490236329 1
490267643 1
490298957 1
490330271 1
980723172 1
980785807 1
980848444 1
980911080 1
980973721 1
981036363 1
490549505 1
490580827 1
490612151 1
490643476 1
981349603 1
490706128 1
981474914 1
981537571 1
490800116 1
490831448 1
490862778 1
490894113 1
981850891 1
490956780 1
981976233 1
982038908 1
491050792 1
491082131 1
491113470 1
982289624 1
982352307 1
982414993 1
491238841 1
491270187 1
982603064 1
982665757 1
491364227 1
982791150 1
491426925 1
982916553 1
982979256 1
491520983 1
491552335 1
491583691 1
983230094 1
983292808 1
491677762 1
491709122 1
491740481 1
983543684 1
491803203 1
491834567 1
983731861 1
983794591 1
491928662 1
491960029 1
491991398 1
984045531 1
984108270 1
984171014 1
984233756 1
984296504 1
984359252 1
984422000 1
492242377 1
984547508 1
492305133 1
984673022 1
492367892 1
984798544 1
984861308 1
492462036 1
984986840 1
985049610 1
985112382 1
492587578 1
492618968 1
985300712 1
492681747 1
985426272 1
985489057 1
492775922 1
985614631 1
985677421 1
985740212 1
985803008 1
985865804 1
985928602 1
985991401 1
986054203 1
986117007 1
493089908 1
986242621 1
986305430 1
493184122 1
493215530 1
986493873 1
986556692 1
493309757 1
986682332 1
986745156 1
986807982 1
493435407 1
986933640 1
986996474 1
493529655 1
493561073 1
493592491 1
493623912 1
987310664 1
987373508 1
493718178 1
493749601 1
493781026 1
493812452 1
493843880 1
493875306 1
987813470 1
493938167 1
493969596 1
988002057 1
988064922 1
494063896 1
988190662 1
494126766 1
494158203 1
988379283 1
494221080 1
988505040 1
988567924 1
988630808 1
494346847 1
988756581 1
988819472 1
494441181 1
988945257 1
989008154 1
989071051 1
989133951 1
989196852 1
989259758 1
494661331 1
494692787 1
494724240 1
494755698 1
494787153 1
494818613 1
494850070 1
494881531 1
989825983 1
989888906 1
494975916 1
495007380 1
990077692 1
495070311 1
495101778 1
990266492 1
495164717 1
990392372 1
990455314 1
990518258 1
495290601 1
495322075 1
495353552 1
495385026 1
990833008 1
495447981 1
990958922 1
495510942 1
991084843 1
991147807 1
991210774 1
991273741 1
495668357 1
991399684 1
991462658 1
495762817 1
495794307 1
495825796 1
991714572 1
991777556 1
495920271 1
991903532 1
991966522 1
496014756 1
496046255 1
992155503 1
496109252 1
992281500 1
496172253 1
992407508 1
992470512 1
992533522 1
496298267 1
496329773 1
992722558 1
496392787 1
496424295 1
992911612 1
992974633 1
993037657 1
496550342 1
496581857 1
993226740 1
496644888 1
993352806 1
496707922 1
496739440 1
496770960 1
993604962 1
993668007 1
496865528 1
993794100 1
993857150 1
496960102 1
993983256 1
497023158 1
497054687 1
994172430 1
497117748 1
497149279 1
497180811 1
994424690 1
994487760 1
497275416 1
994613907 1
994676982 1
497370032 1
994803140 1
497433112 1
497464654 1
994992393 1
995055482 1
497559287 1
497590831 1
497622380 1
995307853 1
497685476 1
497717025 1
995497154 1
995560258 1
995623364 1
497843235 1
995749580 1
995812693 1
497937905 1
995938924 1
996002040 1
498032581 1
996128284 1
996191407 1
498127266 1
498158830 1
498190397 1
498221961 1
498253528 1
996570193 1
996633331 1
996696471 1
498379807 1
498411378 1
996885903 1
996949050 1
997012201 1
997075354 1
997138506 1
997201662 1
997264820 1
498663990 1
997391142 1
498727155 1
997517472 1
997580641 1
498821907 1
997706984 1
498885078 1
997833332 1
997896511 1
498979845 1
998022872 1
998086057 1
998149242 1
998212431 1
998275622 1
499169407 1
998402007 1
998465203 1
998528401 1
998591600 1
998654804 1
499359003 1
499390608 1
499422212 1
499453817 1
499485422 1
499517030 1
499548636 1
999160491 1
499611857 1
999286932 1
999350157 1
999413382 1
499738306 1
999539841 1
999603072 1
499833154 1
499864773 1
999792780 1
999856021 1
999919263 1
499991255 1
