100000 900019
2 964477
2 959406
3 901539
4 926049
3 967643
2 983006
5 944069
1 902504
5 939772
1 934928
4 925501
5 951630
3 917399
1 988761
3 997948
4 938419
4 984581
1 954511
1 931436
3 983227
5 906503
3 922804
5 953102
1 913984
4 928444
2 988695
3 994812
5 986638
3 954735
3 927016
2 952880
1 972355
2 935751
2 928629
1 980660
4 977682
3 994923
2 926051
5 968998
2 910498
5 934832
5 980472
1 926674
3 956852
2 927413
3 904814
2 964030
4 935069
5 987324
3 939493
3 903928
1 926703
5 991927
1 954843
4 939212
4 918412
4 996
4 976058
4 935246
1 916104
4 988132
5 947739
3 965152
4 942409
5 900495
2 925494
2 977462
2 937020
5 947944
3 970179
2 926777
5 953919
5 962466
5 976155
4 932556
2 925572
4 994540
5 977145
4 922745
4 999
5 905284
4 977418
2 975730
1 987096
3 962150
2 919978
3 927814
1 987873
3 986559
4 973877
1 999294
1 926377
4 913024
2 949389
4 920093
1 952636
2 901918
1 997259
4 920106
4 942848
4 957734
2 990858
2 943554
5 980932
4 938005
4 966687
3 933890
2 915561
3 908554
3 909636
3 904232
3 902944
1 932095
5 916116
5 947889
5 959166
5 937829
2 922075
1 955907
4 936874
3 960217
3 957209
3 960764
1 910434
4 940197
4 981747
4 954602
4 977696
5 994400
5 913386
4 1000
3 929267
2 948345
2 938135
1 904736
4 959783
5 985914
5 912752
4 943237
4 936712
2 925520
3 985539
4 927250
2 911769
5 935594
2 969057
1 901015
5 965701
3 924287
1 977036
5 978367
4 970424
3 994068
5 963772
1 981167
1 966633
3 973877
3 995840
4 972343
2 931807
3 942956
5 920031
1 962908
2 998937
3 939701
5 990367
2 978281
1 967962
5 949238
3 927493
1 918539
1 929075
5 971160
5 974258
2 911904
2 989642
1 906529
3 967093
3 971611
1 997742
1 973361
5 966778
1 975078
5 906186
5 963749
4 914082
1 980056
3 917518
3 966366
4 950543
3 909290
2 925307
4 941909
3 903637
4 985877
4 944519
4 978663
5 964575
3 955984
5 903274
3 947569
4 915451
5 932777
3 996344
4 935334
5 922895
5 939926
5 930662
3 948857
2 993950
3 984819
5 924660
2 918228
3 951870
5 927320
2 927876
4 920234
2 901611
4 978656
5 948980
3 943717
4 910707
1 920002
3 917695
2 989360
5 943265
3 961755
5 965216
4 996783
1 920821
3 949677
4 965849
1 901933
5 973406
2 911364
4 938393
5 930002
4 927517
2 905670
1 930986
4 922485
3 988704
1 986324
3 903921
4 904259
5 992588
4 968270
5 946750
4 952447
1 978951
3 988777
4 974769
5 906321
4 972247
1 981610
1 979549
2 928599
3 920078
1 911713
3 903453
5 986634
4 996729
2 962498
3 963155
5 978569
1 920437
4 946997
5 948501
5 971167
1 999541
3 919530
5 990470
2 916695
4 935510
1 986565
3 916201
5 973278
2 967677
1 917698
3 917521
2 937062
3 938310
1 940356
4 954785
5 916756
3 963064
1 937644
2 990979
5 921433
3 993013
5 992446
2 960583
4 943388
4 940226
1 905294
3 949924
2 923246
4 957895
1 923336
5 943319
5 975512
5 933982
1 922914
1 983313
3 968033
5 948967
2 977460
4 967980
1 932742
2 932492
3 986533
4 948333
3 905104
4 984847
4 994305
1 966964
3 913863
3 956485
1 928833
3 978501
2 973050
2 958287
2 989712
2 998375
5 974532
1 922452
3 962415
3 903060
1 981222
2 906525
1 931247
4 997372
3 976157
2 922808
3 933107
4 925608
1 947091
3 952136
3 958568
5 973972
1 910487
3 933727
4 944734
2 953822
2 940114
3 953006
4 953593
5 978784
4 934463
3 980691
5 958215
5 937387
2 915370
5 958002
2 932462
3 937224
4 923455
1 926153
1 939875
4 1004
1 964680
2 961717
3 913887
1 991277
2 999451
2 941602
3 900549
2 999530
3 954277
4 931993
1 907016
5 916313
4 982155
4 900472
5 992471
4 962269
3 951001
4 900939
2 906511
5 949354
2 926061
3 979532
1 939667
4 914452
1 955414
5 972386
5 975197
4 986064
5 991431
2 916300
5 968346
2 935606
4 996688
3 949026
5 986922
5 965812
5 944527
2 904730
3 946907
4 978673
5 965930
1 972896
4 945580
4 935781
4 912836
5 953018
1 917166
3 937989
4 939323
1 917439
3 990822
1 995094
2 919372
2 980733
5 960355
3 996821
3 985173
1 945397
3 926309
2 934926
5 983121
3 977023
2 998111
1 938629
3 910897
3 983335
4 916249
3 993595
5 903701
2 938490
5 974406
2 936855
1 950140
2 953526
2 945168
4 1001
5 981963
4 939876
2 954850
5 925963
3 904670
3 945386
5 998514
3 960120
1 971430
3 927455
4 967512
2 968388
1 974529
1 906313
2 955342
1 920222
4 975800
4 960190
3 978964
5 920783
2 916718
3 942451
4 944012
3 972238
2 906874
5 968106
2 942115
1 931869
1 948307
4 928731
3 956099
3 964717
3 980700
3 926892
3 998468
3 908149
3 942427
1 921219
1 956411
3 947012
5 995109
2 922653
3 985867
5 986329
4 957234
5 985636
3 980339
4 958132
4 910858
5 944173
4 935170
1 945099
1 920394
1 989669
3 909911
1 922751
3 941834
2 955457
2 969743
3 936953
3 983754
3 907554
1 953670
1 938734
3 909923
1 960399
1 986385
5 925079
3 970948
2 920244
3 908469
2 976345
4 995161
1 901073
1 955126
2 935596
3 963073
3 949966
4 946069
1 930434
2 965543
2 960327
4 905981
4 910661
3 961317
1 924342
4 909263
1 952289
4 958053
1 936358
1 908365
4 924050
3 969797
1 976772
4 903679
2 977356
2 984522
5 948095
4 997897
2 942779
4 929046
1 956041
4 979652
1 977960
1 904919
5 949741
4 900957
1 994783
1 984784
3 968238
2 906098
5 947452
1 956821
2 960886
2 931299
4 964095
3 905744
5 905164
4 986938
2 976597
5 934838
4 939239
1 938134
5 935453
1 950603
3 999503
2 906778
1 920846
1 984182
4 937123
4 976795
2 990633
2 913418
1 954138
4 970362
2 924161
3 915071
3 999811
5 915675
5 969238
5 950026
2 999425
3 959299
4 910141
3 986238
3 971299
4 951030
1 999425
4 975554
5 973354
4 914952
4 988395
5 932115
2 944076
2 942626
2 979327
2 974238
3 928052
4 991870
5 936310
4 993454
1 935292
1 982917
2 914244
1 927743
4 933837
1 963623
1 985085
2 973573
5 948523
2 953404
4 929262
3 929868
3 997985
3 982335
3 989538
3 923681
5 923528
4 933978
5 947126
3 981902
4 979903
3 996128
4 920847
4 906767
5 940577
2 994876
3 917208
2 962345
2 909143
1 915399
1 949371
4 996594
4 945625
2 917670
4 909238
1 961550
5 960008
1 940215
4 917019
3 933024
1 912505
2 930169
1 993139
2 946341
5 936512
3 938809
4 917196
1 916887
2 944253
5 962707
5 989225
4 915415
5 978009
1 916154
5 909722
2 959156
4 931594
4 902454
4 920863
4 935864
1 946205
1 910053
2 943374
1 909005
2 973240
1 978060
5 940783
5 927898
4 931163
1 996574
1 906129
5 900173
3 990002
2 938358
4 970551
4 979990
3 989792
2 996840
3 937862
1 978282
4 953567
5 908462
4 948796
5 911596
1 978566
3 931008
5 941411
3 985070
2 910506
1 961571
2 936336
5 956313
1 954743
4 956039
4 926600
5 935285
5 993366
1 919453
2 977532
3 972597
1 943058
5 996432
2 939544
4 954466
5 922594
2 927601
3 918948
5 982253
2 980406
4 963474
2 944815
2 940457
4 972280
2 998295
5 915159
5 988116
1 967388
3 948923
4 916441
3 990399
1 969571
1 983447
4 970365
3 914464
4 998604
3 906480
4 929978
1 961497
2 931018
1 928010
5 967458
1 974467
1 908402
2 994961
2 989212
1 919656
3 960482
2 967473
1 997089
3 903316
5 972287
4 967186
1 993856
4 955894
1 900859
5 972506
4 979118
3 972647
4 975769
1 917151
4 950535
1 955879
5 905215
2 903695
2 985953
3 949533
3 992667
2 985688
5 994377
2 974701
1 916403
5 974551
2 979321
1 993650
3 993264
3 994623
1 900054
2 902812
4 908395
3 940538
2 936982
3 906328
1 976442
4 999159
5 977601
1 956152
5 939749
2 984321
2 940886
3 926527
2 906332
5 971906
5 933046
5 942360
5 955272
2 980336
4 967786
2 929251
4 912135
3 916651
2 992162
5 955414
1 907366
1 986727
1 970913
3 997127
1 913615
4 980473
1 996654
2 972526
2 900346
4 987525
3 934847
1 951915
5 950762
4 984975
3 945717
4 977851
2 982018
4 907967
2 904884
3 950314
2 940328
3 961084
5 943298
5 957410
2 929731
1 922676
1 933398
3 949923
5 914873
4 911251
4 912107
1 917281
4 977586
5 921632
3 925174
2 967715
4 967021
3 952529
5 936687
5 946883
4 919464
1 994598
1 915556
5 917531
3 964669
5 968260
2 962419
4 958265
1 962322
1 992498
4 998
3 972648
2 995736
3 944865
2 976317
3 997005
5 975185
2 943995
2 912000
2 957379
5 915989
4 942657
2 935287
1 929265
1 923322
2 986075
3 950411
5 986524
1 909590
1 935401
5 947037
5 975431
4 989136
3 910667
2 996827
5 931659
5 926965
5 984944
3 924860
5 981561
1 990276
5 900888
5 909650
1 982688
3 990660
1 992931
4 938785
4 932451
2 907719
2 917569
3 922914
2 943126
3 912513
5 983187
5 999394
4 931846
4 972467
1 994667
5 932066
1 967506
2 979513
4 906497
3 973602
4 909594
1 944282
3 959244
5 904687
4 979867
1 939903
2 906120
1 955750
1 988824
1 992584
4 962759
2 962321
3 942490
2 949808
2 960993
4 941086
5 902379
5 961647
5 994657
3 907400
5 909294
3 908542
4 962911
5 981742
5 994147
3 987124
3 933821
1 946360
2 947850
2 921466
4 945779
3 978521
3 905897
5 926908
5 910642
2 926012
5 939190
5 961228
4 909673
4 967634
5 957409
4 957735
5 951276
2 962923
3 991166
4 954046
4 930267
1 952017
3 959590
2 959614
1 983493
3 922384
2 945889
3 900931
5 981741
1 910473
5 947634
3 962012
4 988292
5 968694
4 952270
4 933445
3 956230
4 984290
2 936374
4 998807
4 974880
4 955701
4 988326
4 999315
2 979954
5 927995
1 928904
5 927540
3 962464
5 903948
2 919162
3 966420
5 941176
4 950901
3 972900
4 945780
2 924909
2 980278
1 983005
2 930769
1 932745
1 937317
5 925999
2 973884
5 910780
4 982782
3 988032
5 961910
3 986432
3 986503
4 973477
5 914959
2 971957
5 926788
3 916876
4 958165
1 960169
5 977961
2 908099
1 904224
4 983134
2 913397
3 939010
2 923929
1 978506
3 904578
3 917964
1 970556
4 994405
5 986901
1 910504
2 948964
2 912525
2 979236
4 988806
5 965332
1 933161
4 995420
5 976971
3 941167
4 961971
5 996451
5 997815
2 967755
5 926953
5 910007
1 953483
4 984883
5 901467
1 920505
2 957936
5 904538
5 940988
3 941866
5 999712
3 975285
3 989666
2 921254
2 952248
1 976929
2 915703
1 926218
3 995411
5 997370
1 967616
2 999214
4 1000
1 914820
2 994200
2 932633
2 975366
4 916652
5 944529
4 934005
4 925925
3 954710
4 935734
1 995720
2 920071
2 961655
3 972022
2 989142
1 998857
4 977066
3 963857
4 917891
2 991595
3 946923
3 912467
1 987277
5 968493
3 972610
2 908584
3 919800
3 927784
1 940262
4 994923
5 998341
1 998149
3 917506
4 938500
5 921524
5 955517
1 978591
2 988792
4 976182
4 1004
3 956734
4 949702
1 997965
2 932672
4 978114
1 959033
2 953900
4 971169
1 938135
5 919186
1 944483
3 974104
3 998075
1 980475
3 957906
1 967774
4 931492
1 904338
5 903872
3 985259
3 952699
3 953131
2 965691
5 981310
1 947981
1 923944
2 923753
3 922002
4 979471
5 964653
1 902278
1 905090
5 978222
2 994777
1 926956
3 939851
5 941667
3 948065
3 930462
5 982701
5 970201
5 911082
4 970629
4 921859
5 914194
3 987062
1 940070
2 967325
4 930607
3 929364
5 976006
2 919165
5 970578
2 944428
2 921270
1 954382
4 939991
5 974003
3 983970
5 901668
5 974592
1 931772
2 981857
3 921594
1 964052
5 925856
5 904612
4 913786
5 949711
4 955587
3 970546
3 977787
5 932761
2 949987
1 935810
2 903618
3 938510
2 971827
1 981723
4 929185
1 994075
4 1002
1 980183
4 920401
1 991427
3 932501
5 906369
1 923439
1 907096
2 917831
1 905364
3 953254
2 950945
2 973758
2 977433
4 955134
4 995
2 914739
3 938374
5 922469
2 939034
5 956511
5 974379
5 973630
3 978145
4 970921
5 973214
3 977953
2 942168
4 931103
2 911428
5 923058
5 969692
2 940686
5 912164
3 933389
2 907772
1 910592
5 924727
5 987637
2 987668
3 960332
1 929990
1 992834
2 923692
4 998456
5 912023
1 939143
2 956881
1 908833
1 908413
3 955826
5 957898
4 993037
2 923690
3 908670
2 942590
2 946515
4 932736
1 990102
1 995441
5 999018
3 911556
4 960790
1 975937
4 911731
5 969907
4 906781
1 972478
3 942838
2 935548
4 999537
3 957969
1 918391
4 978143
5 942830
3 959927
2 946327
1 965767
5 929043
2 932791
3 957217
1 933740
3 978432
3 975196
5 932776
5 978614
3 912873
5 933677
2 912498
5 979270
3 986670
3 972740
2 939392
2 950374
3 947806
2 940877
4 966221
5 946658
4 965222
4 902955
1 939417
2 961246
5 964100
2 990797
5 941339
3 903159
5 938976
3 916591
2 963451
4 982051
1 951517
5 977099
3 996996
5 945499
3 914962
3 992865
3 945046
3 995386
4 916437
3 923536
4 941583
1 975175
3 902481
1 996334
1 954830
5 939418
1 914809
4 959072
1 922512
3 995428
5 928775
2 914009
4 980358
5 920200
5 996688
5 929278
5 959908
2 977439
2 982011
5 955864
1 934582
5 912854
4 951437
2 977741
4 995384
1 935907
4 948649
5 979344
4 932742
3 947895
5 971064
4 976595
1 902420
2 980304
3 956596
2 910784
3 911289
5 995660
3 971383
1 985089
3 997919
5 907202
5 981380
4 900213
4 962238
3 924315
3 965868
3 927103
1 911434
4 932453
3 923781
4 900667
1 955149
4 986888
5 969876
5 984746
2 973394
3 966224
1 965240
4 908011
4 952786
3 991807
5 982077
3 995561
4 997
5 978312
4 999054
1 966325
2 951296
1 907974
5 930443
4 904086
2 986203
4 947970
3 967778
1 907528
2 908272
1 919099
5 914216
2 956563
5 935931
3 955886
2 986561
3 917957
3 964827
2 909661
3 919277
5 991240
2 939249
1 915475
2 903959
3 939225
5 928362
1 955814
2 940121
4 935576
5 994675
4 973539
2 924712
4 909327
4 942842
5 993067
3 947287
3 910645
5 914529
3 914795
2 943178
1 985537
4 919705
1 954053
2 979953
2 980448
4 972704
5 908575
5 992789
4 940403
2 957385
5 911067
2 957594
5 912780
3 956412
4 906383
5 905850
3 920888
4 957190
5 934747
4 917887
2 916161
1 944261
3 993239
1 917924
1 992584
1 917697
5 959231
3 977684
3 915225
4 986594
5 983674
2 954551
1 959738
5 988883
4 928400
1 980029
1 942569
3 987096
4 913257
3 938872
3 962401
2 946899
2 963538
2 916518
5 973501
4 962057
4 929022
1 990503
5 905042
1 934326
2 958513
2 967770
3 997408
5 911364
4 1001
2 963997
3 968530
4 912973
1 982963
2 989087
5 967581
1 927406
2 975560
1 909080
2 952264
5 943292
2 926770
5 910829
4 936332
4 1001
1 917494
5 966156
1 956441
2 914745
2 917438
3 934369
5 949162
2 936424
1 981703
2 968324
4 965891
2 903079
3 950317
1 931753
3 980164
3 989637
4 990622
1 967919
1 974462
2 905633
4 985295
3 977520
5 996455
4 955860
5 905507
2 979953
1 943132
2 950641
1 958299
2 911992
1 904226
1 950635
3 947050
2 993131
3 947277
2 904499
3 907270
5 976887
5 919449
2 924875
2 900987
2 979530
4 968857
4 945506
2 962258
1 908759
5 942946
4 952668
4 981586
2 997331
1 991752
4 943650
2 930706
1 974904
2 998048
4 972099
3 942394
5 982809
2 910340
4 972649
2 996539
4 986420
3 903865
2 926997
3 964623
5 948197
4 964205
5 941226
4 944562
3 953360
5 983783
2 983626
3 935594
3 914607
5 931332
5 944170
3 925431
1 967169
5 941606
1 969948
3 992211
1 972989
5 974524
4 974660
1 964446
3 988813
3 982301
4 960591
1 997685
5 913484
2 978731
2 910906
4 984748
1 986898
4 943221
3 933172
5 951237
1 918319
1 953769
2 938139
1 915912
3 909240
1 907100
3 987992
5 967610
3 942976
1 945333
4 977599
5 908690
5 991179
3 917686
2 980247
4 959727
2 916635
4 985888
1 997870
3 924309
3 936437
1 907585
2 993448
5 983370
1 937698
2 919397
4 992236
2 910008
1 977125
5 934081
5 989728
5 963130
2 996275
5 928007
2 945969
4 922618
5 944883
3 988123
3 971587
1 987954
5 984714
4 999980
2 943943
1 957399
3 979094
4 964639
3 955015
2 991321
5 986083
4 936099
5 917592
1 926164
5 973625
5 969918
2 941510
5 987672
4 958132
4 925173
5 980621
1 994837
3 939298
3 970921
3 997194
1 990052
2 992594
2 974522
4 992783
5 935300
1 943235
5 944980
4 924146
5 973612
2 994368
5 955539
4 981551
1 994908
5 925601
2 915731
4 952806
1 950660
4 917209
3 913290
2 949252
3 976386
1 933856
1 986522
4 936934
4 943111
4 964964
5 992245
3 925761
4 937918
3 962008
5 965626
3 923571
2 966719
3 916514
1 936113
2 992401
2 981236
3 922169
4 955037
3 923455
3 953867
5 941754
2 944925
4 948612
5 996543
4 904021
3 959638
3 990125
2 995969
1 936602
3 946668
3 939008
3 932884
2 906179
5 913693
4 916038
5 929896
4 928889
3 949276
1 922515
3 945684
1 952850
4 966265
3 956057
3 923755
3 925362
5 996474
1 900201
3 927654
5 947499
4 971632
1 990586
5 995844
1 902521
2 919833
1 921802
4 943117
3 992828
2 915195
3 967085
3 955352
4 976710
3 972107
4 934511
5 970180
2 924071
2 962485
1 924515
2 974164
5 900276
4 962565
4 989555
2 927113
5 967231
4 951897
2 924648
3 901945
2 901961
4 908689
5 940833
4 954372
5 900264
1 914339
1 943186
1 950871
3 946238
1 919115
5 912401
4 943558
4 957513
3 985384
1 915348
2 918450
3 921224
3 953620
1 961875
2 948926
3 915397
2 950079
3 908505
3 977346
2 970755
3 921801
4 932927
5 965751
2 916040
5 921391
5 936797
3 991320
3 989106
3 903785
1 983348
4 907295
3 933747
2 994504
1 932559
1 913508
2 912370
2 900363
5 971005
4 902251
5 997251
4 940687
3 969142
4 985104
5 939901
2 928816
3 904774
5 908785
4 910853
5 931141
2 999338
1 938325
3 992687
5 946549
5 945443
5 908293
3 933802
5 963901
3 918032
2 953069
4 951638
5 987653
3 906705
2 956802
2 919772
2 937341
2 915904
3 916709
2 996733
1 935596
5 953539
2 989540
5 911992
5 927905
1 999414
3 955036
1 976444
2 930548
1 925456
5 958114
4 929436
2 966211
5 938594
1 932656
2 918696
5 979168
5 994965
3 912380
4 976003
1 986545
4 971793
5 920651
2 926743
1 944288
1 983899
4 918177
4 972868
4 965620
3 962846
4 906596
5 954034
1 941557
3 964033
1 991697
3 989838
3 924463
1 941749
1 983333
3 969069
4 961828
2 925253
5 979109
4 947607
1 977242
5 951235
1 940860
1 916061
4 971380
5 914849
2 937369
1 944281
3 959616
2 941352
3 992869
2 922919
3 902280
4 947177
4 953075
3 902630
3 912601
2 993310
2 917097
2 983210
2 945639
2 952582
1 940634
4 952327
5 982101
5 957299
5 945147
1 987017
3 974005
3 990718
2 919457
4 967899
4 1003
3 906589
3 933278
4 961267
4 903875
1 973968
4 977845
4 913384
1 991940
4 969225
3 953527
5 972588
3 989113
5 920208
5 935124
4 975171
3 925198
4 983172
4 913611
3 939000
1 973062
3 956029
4 934814
4 948790
4 959809
1 961277
4 960925
2 974156
4 955661
5 926209
2 911776
1 921256
5 944339
2 920781
3 917642
1 991022
5 930278
2 935555
3 949364
4 972911
4 936567
4 975878
2 906357
3 993105
5 909619
4 961566
5 957870
4 925174
4 959657
4 997152
3 931510
3 990675
2 986172
5 930158
1 983867
4 951492
2 920542
5 939771
5 937678
3 968295
5 993906
1 968253
4 927478
2 943561
4 994620
2 916641
4 986375
5 945427
3 984458
4 943859
4 913125
5 974499
2 937252
1 920225
5 948266
2 969207
5 927541
2 900919
4 987592
4 976362
1 902798
5 951035
5 906802
2 921786
4 973909
5 918246
5 933754
3 943888
4 1000
1 911503
5 967436
4 990309
2 975021
4 946226
2 985937
2 973612
3 920990
4 908218
1 923955
1 969351
4 977223
1 905509
5 973806
1 958143
4 943529
1 940855
4 910201
5 934884
4 956677
1 903388
3 916110
1 948788
5 951166
1 961156
4 944651
4 929499
2 960428
4 967881
1 983308
4 949482
4 906906
2 901963
5 929683
4 915364
3 982238
2 965252
3 980284
5 947092
3 914376
2 910238
4 984638
2 997575
1 910062
4 921391
4 971538
4 965592
3 956544
4 943536
5 984755
1 937075
2 991676
5 907082
2 908428
1 986678
2 930710
2 933738
5 943069
2 922569
2 906063
1 910920
3 951046
2 979906
4 906018
3 904114
5 938848
4 969471
4 983638
5 958574
5 945214
5 924778
2 967984
1 923467
5 972367
2 919916
4 987287
2 926938
2 915169
3 941896
3 919704
2 954874
4 962923
2 963296
4 965158
3 931355
4 948916
5 964940
5 911258
3 913048
1 949193
2 925776
4 923888
1 965116
4 918248
2 913058
5 906375
4 967925
3 930217
3 935768
5 997994
1 969096
2 953395
5 943389
4 911658
4 996270
3 956422
4 951608
5 969456
4 923971
3 943547
3 999573
5 940204
5 969767
5 907050
4 980965
4 998208
3 979753
3 919289
4 999759
3 936617
2 988685
5 958831
1 966709
5 934226
1 956821
5 979118
2 962171
2 986582
1 919627
1 996895
5 906731
3 938473
2 930889
2 973835
4 969237
5 932611
3 994702
5 986305
4 930896
1 960827
5 984867
2 907789
1 920958
5 986216
3 959639
4 984520
4 921161
2 902852
2 906795
4 955055
4 933879
1 964916
1 962926
2 911309
5 982586
1 972937
1 966496
2 964444
1 985577
4 914669
4 922705
3 932836
2 972533
3 901473
3 920590
4 975409
1 988929
1 920633
4 939349
3 940658
2 946363
1 923428
3 955679
2 970998
4 925216
2 902790
3 902115
4 919966
4 964399
3 972919
5 921731
1 934777
5 960530
2 974750
3 935921
4 979733
5 970860
4 979993
4 946399
4 955890
2 925135
2 923064
1 917348
3 971025
2 929699
3 965924
3 909285
4 911875
1 962533
5 969056
2 934428
3 947759
3 916458
5 971012
2 920510
2 965873
4 975566
2 965649
4 900837
4 905740
3 900839
4 964781
3 900217
2 963394
5 984754
2 903952
4 919534
1 922097
3 950918
4 962711
2 926665
5 938062
1 914558
3 913568
2 956086
2 967282
4 961054
1 918534
1 937148
4 903114
2 976428
4 933530
3 920392
1 909409
1 999832
2 979678
5 993339
4 992959
1 920032
3 907425
5 965895
1 964564
5 996893
4 982281
2 986519
5 957597
4 929922
5 992366
2 956278
3 990226
4 959367
3 982220
1 932720
5 945261
1 910165
1 908943
5 949555
1 937798
4 906206
5 970887
3 900364
2 937333
5 991294
3 984934
1 905025
3 918245
5 930779
3 978414
4 921221
5 917343
2 918598
2 989503
1 928634
2 901571
1 967441
4 908277
1 969631
1 949517
5 985813
4 951488
1 960597
4 935025
1 952562
1 971069
1 977605
5 934778
5 949861
4 960566
4 906254
3 986130
5 987284
2 943134
4 958638
5 986360
3 996958
5 906528
3 974530
5 967199
2 905697
1 910282
5 961086
3 962528
1 978227
4 947287
5 923777
1 923426
4 978365
2 902591
3 974054
2 968647
2 946208
3 998617
2 993001
5 988569
3 917441
4 990353
5 904698
2 988619
3 967002
1 969772
1 995167
1 955463
1 993096
2 987424
1 965555
3 996432
3 988133
2 941736
1 924887
4 912934
1 956827
5 959254
3 931052
3 975599
2 912115
5 996687
5 954015
5 948783
1 927255
1 914566
3 977369
4 965354
1 950370
5 952228
5 906271
5 903320
5 967962
2 962721
4 939128
4 956076
3 975391
5 919275
4 936023
5 941016
2 960808
5 988060
2 971023
3 986836
5 917625
3 945401
2 948845
2 920117
2 960649
1 980505
1 935011
3 979823
4 983767
5 915241
3 942213
2 932684
3 914570
2 918098
1 923970
2 938890
3 909287
5 992241
2 937808
5 901809
4 939669
3 962824
4 993430
3 917304
2 905812
5 981815
4 984530
2 928086
4 956829
2 934186
3 987605
5 911117
3 913465
5 935145
5 972424
4 901400
3 971738
4 970037
3 948028
3 917099
3 942487
2 966733
5 914097
3 905355
2 955245
5 904047
4 966564
3 960033
4 913626
3 913321
2 914437
2 974608
3 939733
5 903951
2 944170
4 962742
1 927269
3 938336
1 937809
5 940459
2 940465
5 997142
5 986946
1 932653
4 975262
4 918470
1 919727
5 954283
2 908503
1 993792
1 971166
1 921182
1 958043
1 958557
1 997039
5 909589
4 949993
3 908207
1 950211
4 912676
5 940022
1 998871
2 938776
4 903088
5 945152
3 924500
4 996287
3 939267
4 951386
5 978494
5 922253
5 926271
4 913168
4 998601
4 942742
4 916043
2 985682
1 935205
2 914723
2 962969
5 936249
4 928995
3 917570
2 981528
1 971411
5 961951
3 961439
3 947052
5 900781
3 987338
5 936666
1 917701
1 962489
4 999247
2 907700
5 976810
3 939707
2 958160
5 991620
2 921306
1 900253
1 943681
2 927889
4 958578
2 913469
3 953047
4 999530
4 937128
2 955362
4 959455
1 923428
3 986080
5 915939
3 919529
5 929927
1 912243
5 933738
3 988811
4 951342
5 909959
5 923679
3 925494
1 909714
4 983551
1 971840
3 996392
1 937847
3 938551
4 945805
5 932569
1 944122
4 996053
5 989259
5 940051
1 963767
2 911732
1 939120
5 928430
3 988894
1 924032
5 985703
2 947781
4 969177
1 995896
5 962408
2 908968
4 942873
2 925538
3 904200
2 935239
1 975607
5 932813
4 957968
2 932629
4 984789
5 996590
5 983471
1 999151
1 921391
5 917807
5 943617
4 915368
5 949648
3 966255
3 978376
4 974460
1 960823
1 926668
3 962139
1 997295
5 969128
1 948581
4 906702
2 976048
2 938353
4 1004
4 946792
1 951564
2 937607
3 904078
1 908944
5 952693
1 911225
2 963713
5 902384
3 904319
5 918155
3 983513
2 926758
4 967904
2 919247
3 905396
3 931231
3 913407
2 916811
2 909345
4 902228
4 990719
4 947165
4 984077
3 981553
3 991821
1 914691
2 901676
1 915184
4 996785
1 923660
1 907892
3 922017
4 977840
4 909268
1 967597
4 919238
3 995511
3 993801
2 921211
2 978682
1 949714
5 991931
1 918900
5 931554
3 936080
5 958993
3 917140
3 901399
3 970342
2 988942
1 972909
4 927677
2 936118
5 913398
5 964108
2 913339
5 924303
4 968389
1 994734
2 956075
3 946888
5 996769
5 987763
5 960212
2 953032
2 923950
2 951700
2 940181
1 926996
3 910487
5 924649
1 989988
3 948754
3 931105
3 925972
4 999
1 935539
3 962147
3 912420
1 913007
2 932603
3 914183
1 927488
4 929165
4 946406
3 965639
2 973322
3 987339
1 961458
1 994441
5 901219
5 969417
3 981808
5 968600
5 926975
4 962531
1 964987
2 908123
3 938897
3 970122
4 941918
1 909310
4 934949
1 935241
4 990153
5 978187
3 988646
1 975527
5 930960
2 940844
2 972212
5 969868
5 952556
2 910511
2 904417
2 979164
5 946114
4 991103
3 917382
1 911555
3 962961
2 941022
1 990965
5 963648
1 965463
4 972659
2 944051
3 909404
1 936047
3 909806
4 949107
4 990361
4 964900
1 951867
1 966294
2 947645
4 911032
1 949671
5 964716
5 971069
1 989584
1 922992
5 993108
3 921117
5 930086
3 920937
3 910626
1 921725
1 901279
1 954449
2 903866
5 926221
1 951556
2 955426
4 915359
2 907205
5 929621
5 924785
1 994713
3 966758
4 927605
1 934216
4 956604
4 922349
3 971738
2 953218
5 934963
4 998090
1 907920
5 988042
2 939918
5 934651
2 919242
4 979633
5 953548
5 987021
5 975109
5 952051
5 977738
1 986793
3 963052
2 947195
1 988199
5 982120
1 995371
2 977660
3 967269
2 902496
4 957997
5 981397
1 926994
1 965768
1 907515
5 992670
4 979280
5 965291
2 951677
2 995816
5 939690
3 989904
3 918780
3 938276
3 947585
2 954485
1 965251
3 935890
1 914918
1 988169
4 998594
5 967933
2 967954
3 921619
4 984705
3 950889
4 991011
4 933613
5 951988
1 910710
4 901854
5 969170
2 985203
3 907754
1 999478
2 980900
2 909097
4 995157
3 956119
2 954958
5 910930
4 987918
5 973109
2 975490
5 988167
1 971772
1 992913
1 995714
4 1005
5 937739
2 950253
2 925287
5 974394
1 934389
2 915394
1 933220
5 937906
3 992606
5 916655
4 945013
2 920976
2 959845
3 986253
1 909460
1 964402
5 992824
1 937396
2 920420
1 991368
4 991158
4 927830
3 999186
1 990829
5 907779
2 944658
4 920161
3 993701
1 938143
2 960023
2 920793
3 999118
3 974966
4 992470
1 991773
4 902934
2 960069
1 948639
5 955939
1 904592
3 949852
2 945294
3 915018
1 977788
3 924027
5 977508
2 937491
5 912184
2 935895
4 918958
2 913676
2 922374
5 911489
3 937476
5 992289
4 981202
3 983861
4 999772
4 957375
4 966708
2 936804
3 996992
3 902232
5 981653
5 962460
2 959718
1 945496
4 936782
1 923927
3 919870
2 996994
3 976402
3 927524
4 951276
2 999699
2 995108
5 922750
2 956596
3 994909
3 973265
2 986671
2 908617
1 941316
3 922185
1 960078
4 910622
5 984336
5 987590
2 953460
2 970005
3 912946
4 992698
1 943035
4 919059
2 900576
4 930007
3 979071
2 918482
4 965355
4 979255
5 986398
4 926657
2 951217
1 922729
2 975145
5 958080
2 939910
3 944433
2 979335
3 969957
2 936950
5 962205
4 925214
2 948771
4 986473
1 971964
4 970487
3 928085
3 912024
4 966459
5 923311
2 938985
4 923246
3 944470
5 980612
5 916021
5 943361
2 941289
4 913035
2 965847
3 969322
1 948994
2 978483
3 957488
2 982284
3 934195
5 950290
5 913276
1 998127
5 957070
4 900396
4 988162
1 909217
4 923247
1 901961
5 934098
5 983422
2 996356
3 971682
5 918490
4 945294
1 935422
1 979943
4 954333
2 911025
4 999163
3 995967
3 980296
1 968841
3 996240
4 996
3 917523
2 915053
4 919181
1 931527
2 905472
4 955482
5 983439
4 967182
5 953066
4 919317
4 995719
5 924808
5 976997
4 992401
4 924108
1 989381
2 933680
4 959157
5 960079
2 982862
3 981013
2 918048
5 961172
2 979000
4 931417
5 985532
3 968221
5 972179
5 935315
5 999980
3 912517
3 957721
2 958156
1 907701
1 934233
4 965369
3 956379
2 950430
2 995886
1 979575
5 976248
3 913188
5 916860
4 937591
4 990263
4 974161
3 998767
3 976326
3 914648
4 941292
5 904640
4 981192
4 952824
5 987008
3 948754
3 907621
3 990449
2 993329
1 920989
4 934839
1 974290
1 917539
5 964968
3 991914
2 911808
5 923205
1 901184
1 915455
1 925395
4 983940
3 947710
5 986474
5 944014
3 912489
5 991040
1 908030
1 905451
2 940833
3 969838
1 986549
1 918991
5 949660
5 939691
1 961521
4 943790
1 992704
1 971507
4 909610
2 941308
2 999223
1 913922
4 906005
5 990558
4 923648
5 996715
4 976204
4 934662
1 922823
4 981946
1 970184
3 947860
5 969649
5 980031
3 995455
3 969314
4 908798
4 981357
2 946269
5 936369
3 918266
3 941846
2 916463
3 999571
3 917949
3 954064
5 928770
3 948485
1 970942
2 942631
5 981975
3 953515
1 919720
3 956291
3 935848
5 967972
3 950720
2 962796
1 917033
5 929651
1 969866
3 988373
5 985228
4 918524
5 980307
2 918415
4 996
3 954618
3 967563
1 919482
4 967535
1 995083
3 974733
5 918890
2 922338
5 985794
5 912166
4 925272
2 944695
3 919982
1 961156
4 925382
4 929804
3 976116
2 993901
2 937484
4 902814
1 947057
2 955605
3 968224
3 993984
4 979149
1 962420
2 937539
2 999950
5 950848
1 967605
1 934858
2 947980
5 909593
5 908629
4 931879
5 918465
3 990382
2 975629
3 978045
1 903278
1 943119
1 912409
4 963839
4 995
4 981132
3 939012
4 926979
3 925167
5 978832
1 950923
5 988550
5 945492
4 933503
3 912591
5 954588
5 903660
2 905181
4 994505
3 996473
4 960670
5 997367
2 929575
3 957726
4 902114
2 901050
4 964824
1 982681
1 938292
2 999331
5 935562
4 959931
5 999575
5 976200
3 997338
4 936563
4 946653
2 933688
4 967252
4 987468
1 920490
2 940147
5 924641
1 918846
1 947410
2 965626
1 958659
2 974388
4 969881
4 940347
1 921014
2 935682
1 977947
5 951557
4 981487
5 944509
5 903291
1 910984
5 962086
3 907446
1 944577
2 904653
2 963966
3 924515
3 947290
2 962636
5 979570
3 937722
5 922230
5 937750
4 921695
2 920665
5 959618
4 964597
3 907950
3 959180
4 940840
5 928498
3 994959
4 910032
2 905417
2 943101
5 906018
1 921283
3 991036
4 935713
4 909121
5 911852
1 904252
5 900822
1 948759
1 921991
1 940912
4 933306
2 930095
5 914979
1 936989
1 977688
3 913701
3 982483
5 983916
3 950715
5 929885
4 965083
2 913790
1 991726
5 961982
3 957954
2 963453
4 905983
1 928845
2 985055
5 927471
3 906714
4 958003
1 974282
2 950906
2 984252
4 937346
1 982232
3 978004
3 955930
1 988087
2 974537
1 924040
1 902589
5 921005
5 976603
4 991093
2 991376
4 930547
1 975822
2 998977
1 932602
3 982313
1 936383
4 989839
5 920927
1 949212
3 988549
3 979177
1 955031
3 942689
1 978985
4 975166
1 976547
5 996381
1 959744
4 966259
4 940082
3 975948
1 973118
5 947551
5 910743
4 909441
3 906100
4 947928
2 981800
4 997923
2 985616
5 977754
4 966481
3 926457
5 979191
5 955277
5 934424
4 996634
1 946000
3 958444
3 964975
1 905798
2 983537
4 986096
4 942613
4 997872
1 978539
5 902194
1 975160
2 993600
2 941683
1 918163
3 940956
2 967540
3 991033
1 936103
1 935055
1 985215
1 944217
3 991239
4 921715
1 999032
3 940633
3 929106
2 980619
5 907126
5 933068
3 969972
1 907402
2 909996
4 969245
2 908370
4 936009
4 997983
3 920959
5 982684
3 994498
2 949480
1 900078
1 901003
3 927740
2 942528
3 949483
2 920690
1 977105
5 981394
5 915300
3 914540
5 928143
5 908190
5 967692
4 982879
2 902647
2 929933
2 955371
5 942188
3 975319
5 965350
2 967542
4 990147
4 924624
4 967486
2 978157
2 993197
4 951823
1 961119
4 960491
4 919234
5 973929
5 992471
2 938728
1 984036
5 959245
5 935548
2 922622
1 900772
4 903791
2 940525
5 970711
5 969380
4 941748
4 958814
3 911531
2 956580
4 973436
5 934047
4 1001
2 920427
3 969795
3 966859
4 975757
5 970589
4 958203
4 962107
2 903619
1 985597
2 922351
5 994629
2 961226
2 951524
3 911364
2 981619
1 902022
5 972346
1 908238
4 988887
1 984655
1 916976
1 913779
1 967643
3 904616
2 945820
3 983869
5 900499
2 918379
4 975963
4 933577
3 906091
1 912477
5 927022
1 988805
3 953459
2 921011
2 904702
2 905312
5 906673
4 929502
2 928060
3 970149
2 941067
1 982211
4 968407
3 943514
3 938839
4 949508
2 933428
3 934330
5 961365
5 966588
2 956244
1 991702
4 963692
3 930459
3 975436
1 936823
1 990035
4 902083
2 913372
5 998582
4 984819
1 912366
3 926629
1 934729
3 988296
5 995498
4 976341
2 972868
4 944998
2 948176
1 988677
1 907186
1 956022
5 971372
3 981802
3 939150
1 904524
5 994021
1 971198
3 972400
3 971600
1 966783
3 912024
4 941413
3 929385
1 997635
3 914975
2 908220
1 975704
2 903507
4 951585
2 991555
4 925615
1 943360
2 926225
2 966594
1 971074
5 904629
4 991764
2 933823
1 919681
3 972285
5 972029
2 955847
2 969278
3 985592
1 957077
3 935586
1 979931
1 964113
1 944378
3 989920
5 993640
5 976310
2 952701
3 915448
2 974648
2 952625
1 914683
4 917324
4 956897
4 901777
1 962491
3 942034
5 902348
5 961328
5 902828
5 926151
5 962309
4 940175
5 943672
4 941321
1 998002
2 981544
1 948181
5 950094
1 947847
1 928385
4 910981
4 920831
3 933271
2 923442
5 922245
1 935554
1 992138
3 991785
5 932216
3 947719
1 920845
2 982589
3 907134
2 912982
5 964550
5 960890
5 977406
5 914572
4 997776
1 991054
3 901230
2 969380
3 960340
5 986573
4 942042
1 996424
3 902608
3 944204
2 933773
2 967958
3 976796
4 987180
1 911569
5 930802
2 993011
5 993319
3 992572
1 984960
1 917436
1 980674
3 912244
5 923110
4 945559
1 959507
2 948797
1 950685
4 992068
1 995777
4 949369
5 918199
1 913851
1 925674
4 924215
1 918514
1 921731
1 979445
1 960151
5 946273
1 900422
3 976107
5 968413
5 951840
5 918485
1 974505
5 946737
5 968901
4 941398
1 926738
3 989199
1 905332
5 982283
2 961838
3 975676
2 996277
1 990680
5 971628
2 907089
4 964251
2 956821
4 982301
3 945982
3 925232
2 941678
4 907727
3 961618
4 918216
5 951914
4 908742
5 974157
4 912491
2 929829
1 917650
1 973164
1 929777
5 929147
3 915862
4 994306
5 947355
2 995228
3 990259
4 936775
5 941563
1 989327
4 973903
3 996675
3 951815
4 945786
1 939702
4 992335
2 952944
3 958691
3 974039
4 909077
5 912888
3 962427
1 914430
5 956270
4 954492
4 969551
5 956721
4 923081
5 950815
1 941535
2 978712
4 902447
1 992538
5 970606
3 932867
1 934371
3 928472
1 980573
3 986617
1 943295
3 990490
1 917064
5 965186
4 912121
2 960522
5 998362
3 905141
2 934658
4 992098
3 909266
5 978777
2 983387
2 936605
3 915703
2 903972
3 938936
1 953620
3 954614
3 956564
5 998450
2 922360
4 917020
3 983751
1 944170
5 975343
4 971507
1 926956
2 924003
2 973418
5 968321
4 951467
3 953873
1 912114
3 934606
4 997
5 986263
5 961465
1 902615
4 960563
3 948812
3 930498
3 981495
3 978828
3 981649
5 929480
4 948000
1 964325
2 912000
4 934660
5 963746
4 911970
2 969196
1 981430
4 952107
1 927597
2 931684
5 935022
2 972099
4 938130
5 945294
4 945664
3 918145
2 901053
5 935018
3 984936
5 946424
1 921957
5 925492
5 924734
3 908652
1 990267
5 946855
1 991862
5 986850
3 989421
5 913912
2 976015
3 912308
2 995477
3 983524
4 960171
1 926651
3 944641
1 900733
2 944486
3 922557
1 980204
4 994317
1 935283
1 948114
5 967475
2 901300
3 978085
2 903399
1 961052
3 932349
1 969971
2 973459
4 929508
1 988035
1 961551
1 996632
1 936385
5 917508
4 963351
1 951421
2 939517
4 998241
2 978297
5 929754
3 954499
2 980829
2 918199
2 913026
5 953417
2 974511
3 906293
3 983688
4 968013
4 972820
5 911243
2 941871
2 904862
4 908150
4 952426
2 949174
4 901907
4 987144
2 966254
5 901122
5 902472
3 927401
5 973113
2 981401
4 909403
1 942656
3 944603
3 947543
3 988789
3 907170
1 966956
5 914407
4 952641
4 974615
2 949544
4 967765
2 918800
5 984979
1 953248
3 906720
2 943565
2 930587
3 967280
5 961952
1 913822
5 927185
1 970331
4 923629
1 994536
5 995936
3 903806
5 970939
3 956833
2 910574
4 965528
1 909601
4 908373
5 934739
2 909652
1 989257
1 968346
3 938929
4 941952
5 982692
2 929041
2 935140
3 991967
4 973099
3 932557
4 1002
4 918020
3 955327
3 969052
4 920378
1 905782
5 930415
4 995669
2 902253
1 914165
1 968449
3 942847
4 999568
4 947089
5 962359
4 919286
1 982231
5 910088
2 909917
2 914330
3 987874
1 909754
3 951522
4 902420
2 966612
5 915973
5 972369
4 939523
4 924159
1 901739
3 905729
1 965592
4 966862
2 974746
4 1000
4 934620
2 948866
2 943680
4 913241
3 940567
1 925007
4 931041
5 987233
4 990476
2 967158
1 998110
4 901070
2 922098
3 953142
2 925314
3 977536
1 985890
5 917421
5 940950
3 964442
4 983833
3 939754
3 987068
2 951240
3 933984
4 901097
4 910876
2 984551
1 909171
5 929247
2 988120
5 986109
3 958543
5 968348
4 912060
3 999290
3 910995
1 953482
3 941743
4 977313
3 956201
1 918064
4 963095
4 998667
2 989006
5 904959
5 988391
4 977523
3 998111
2 969113
2 989898
4 935244
4 995789
5 985125
5 908350
5 962697
1 984070
5 933402
2 931707
4 928615
4 1005
4 958883
4 954792
4 959933
5 920339
3 905350
4 949009
4 984543
2 967146
3 912267
2 926423
5 977686
2 957296
2 939938
2 915898
5 977374
1 907317
5 908180
3 900255
3 958806
3 957182
2 969867
3 969767
5 920337
5 953165
5 947945
2 947492
3 952610
5 943911
4 919331
5 983689
3 993029
5 932141
3 937150
5 999402
4 918297
4 920436
3 944957
5 975746
1 961553
3 943676
1 900885
1 942608
5 924482
2 954171
5 920059
5 938216
4 933567
3 998191
3 994233
2 967858
5 976199
1 941447
5 935182
2 938862
3 913862
2 924325
1 973885
1 903514
1 992733
5 925445
4 910355
1 984365
5 939063
3 987690
1 988395
3 946227
4 919430
3 915127
3 969728
4 977219
1 909949
3 985385
2 981327
5 929276
5 996721
4 994979
4 991144
1 984310
1 938502
3 935868
3 973076
2 972426
2 919330
2 997091
3 983919
3 977650
5 970126
4 997139
2 961408
5 955380
4 916006
3 912166
4 923061
3 967064
2 922697
1 981088
4 959228
1 987903
1 922985
1 942565
3 933922
3 980138
2 967253
3 996113
1 937534
2 966760
4 922906
5 962843
5 907497
5 955150
1 911358
3 922908
2 927537
1 913390
2 955071
3 905909
2 934254
4 903069
3 991856
3 901814
5 914019
3 926353
5 927205
1 961849
5 965458
4 903898
3 918163
4 920350
1 991832
1 928296
1 900572
4 940603
4 918196
3 978338
2 963582
4 968001
4 957608
2 972117
2 996963
5 916784
1 975699
1 995923
2 911388
1 968262
4 934974
3 907541
3 903665
5 959384
5 948662
5 903859
1 921763
5 963975
3 981211
1 931131
4 1005
1 915630
4 904752
5 963965
1 988473
2 927581
1 943993
3 961241
5 929580
3 948114
4 967352
1 961133
2 935678
5 963224
2 993354
1 956522
2 992958
2 910192
4 976543
1 979473
1 948554
3 906742
5 975952
2 923858
5 950253
4 958082
2 937391
3 929553
1 911501
4 994048
1 977841
2 968522
5 967455
3 962492
2 998387
2 957357
1 930773
1 998368
2 911791
4 943956
5 935565
3 921034
1 919627
1 935763
5 981101
5 914306
3 951261
4 911267
2 992651
3 942382
2 951330
2 907255
2 911141
4 953559
3 981646
1 968854
3 947516
4 987624
1 972109
4 992755
4 964417
4 978172
1 915109
2 952132
4 987338
3 911366
4 982606
2 960031
1 947611
4 914022
2 994255
1 913280
1 926815
5 910404
3 979251
3 911003
2 934206
3 973230
4 963595
4 983512
4 991996
5 951438
2 972948
1 945764
5 953349
1 980080
3 989748
5 971155
5 935270
3 994255
5 986515
5 934659
1 945964
2 986930
2 905462
5 959627
4 927650
3 910894
3 923154
1 961370
3 987785
2 982884
2 954702
5 980064
3 998981
2 971783
3 960916
1 969796
5 991622
5 918491
2 900734
3 926347
1 989873
2 995662
2 924598
3 991750
4 989997
3 973208
1 934165
3 980464
1 984220
4 921428
2 966085
4 968537
1 929641
2 936271
1 948479
5 937019
5 965559
4 995
5 951021
5 919624
3 939123
2 989668
3 974796
4 959978
4 972360
5 955707
2 977499
5 981564
2 921601
3 990647
1 904355
4 942184
1 959000
3 997542
1 903063
2 977679
5 900757
2 960498
4 939221
1 998251
5 974287
5 957850
2 929560
3 963372
4 988084
1 996620
3 907413
3 964585
4 985496
1 996402
2 971956
2 984496
4 973364
4 999586
1 920804
4 947264
4 978802
2 903082
5 948589
2 973794
4 923018
1 948016
2 997253
1 908117
5 970227
3 934952
2 961612
4 937061
4 968232
4 1000
4 929476
1 942171
4 934492
3 907235
4 929845
2 968139
3 946057
4 931923
2 971042
3 907868
4 901693
4 994880
5 957981
5 995747
3 965379
3 975790
2 935173
3 998125
2 927797
4 923281
1 992256
1 923778
5 934614
4 921041
5 965843
4 957724
4 988529
4 956910
4 950191
5 957622
1 952093
2 961752
3 986165
4 985207
4 902377
5 955643
3 980581
1 932782
1 959364
2 909383
1 983248
5 934894
3 942647
4 955482
3 921341
5 941672
3 927836
3 900602
2 979325
4 984567
3 934231
5 943520
3 933521
3 974827
3 951168
1 986743
2 951338
5 914873
4 989851
1 947204
3 967525
1 982447
2 946224
1 929136
2 902357
5 933354
4 988175
3 979994
4 935482
4 948855
3 975072
1 929960
5 923599
4 993206
3 942909
5 975431
1 906978
2 936283
4 947077
3 908315
4 967752
2 978901
3 950211
2 910984
2 909969
3 977116
5 910257
4 954708
2 902720
3 904325
5 908451
1 973516
2 976197
5 958564
4 963776
2 979000
4 973077
5 990422
3 905038
4 985194
3 931629
4 951352
3 998481
2 984002
2 957680
5 954591
1 957181
5 979038
5 998409
5 987785
4 900792
5 907034
3 940718
4 915596
5 904121
2 936222
3 969416
1 931596
1 992898
1 925745
3 952991
1 947904
4 915618
2 972924
5 905071
4 924519
1 969329
4 964323
3 968075
3 949175
1 905415
4 985309
2 960085
5 936122
3 930945
4 987907
4 907752
4 918654
4 947041
2 960369
1 961817
4 920185
2 929129
5 979335
3 953665
4 989795
1 929008
5 989561
3 947854
4 978039
5 998136
2 981062
4 933334
2 997259
3 902736
5 997551
3 978215
3 959276
3 996094
5 963959
4 971912
2 977111
5 921081
4 971044
3 922691
1 980664
4 910995
5 980219
2 919636
3 996608
4 969296
4 946628
2 984446
5 956023
1 981785
5 948966
5 921553
3 930235
2 961120
2 913055
2 945041
5 951730
1 933704
4 946337
2 953822
2 919056
1 982053
1 990346
2 932650
2 918480
5 972086
3 940848
4 925927
3 947024
5 905388
3 975600
3 965520
3 944977
3 966485
4 990294
3 901728
4 920325
1 909176
4 952347
1 988074
5 931963
1 926826
5 919362
1 954690
2 935658
3 988804
5 990249
2 945530
5 979963
3 906286
4 985807
5 921288
1 926342
1 907198
5 915910
2 963797
4 907231
4 993532
2 927397
2 930490
4 994164
3 992174
2 929779
1 960784
5 900178
2 956772
3 911892
5 938697
3 969795
1 971078
5 979702
1 966117
5 908682
2 942149
4 932569
2 966702
2 912846
4 923342
5 927834
3 991500
2 941244
4 912188
5 980462
5 910228
4 921808
1 904451
4 983745
5 916658
4 966405
4 933174
4 966315
2 939250
1 961249
3 935940
4 928551
2 987166
4 942863
2 969776
3 995464
4 964081
3 901891
3 946563
3 970046
5 992849
1 919780
1 912371
2 931922
3 906278
3 901933
4 998766
2 991200
1 905645
3 948978
5 909467
2 954674
1 930590
1 924852
1 991814
1 956130
5 929475
1 970624
5 904848
1 995316
3 940197
1 942954
2 980793
4 962470
1 963689
2 964335
4 910032
2 939853
3 980877
2 979466
3 934733
5 931145
2 908326
4 998448
1 905180
3 923336
5 962616
1 901988
4 991577
1 923392
3 900042
2 929715
4 935867
3 979189
2 907575
2 970540
4 977003
4 953004
5 947361
5 943126
3 957652
3 948027
3 948646
1 919776
5 983822
5 964737
3 943121
4 974838
3 984219
1 987534
4 925555
4 992021
4 944041
1 912496
3 990997
4 961376
3 907146
5 973894
3 916912
5 988341
5 998083
1 908313
5 999892
1 927700
3 938205
2 918847
4 905182
3 964938
3 910958
4 908535
4 953294
1 968530
3 940206
2 922586
1 951015
5 973700
1 932746
4 955822
4 941898
5 975418
2 993879
5 994557
4 927391
5 962242
3 997194
3 946488
2 980922
4 929579
1 988458
1 982956
4 967127
2 935380
2 905216
2 931292
5 943898
4 945447
4 911753
4 958296
1 992405
3 960296
3 959532
4 910184
2 958851
1 929564
3 910579
5 918918
2 994590
5 941014
1 982588
2 960260
4 999936
2 912669
4 996332
2 929551
1 925990
5 912219
4 914760
3 936346
2 904942
1 990204
1 957786
3 939852
4 916961
3 925496
5 907116
3 951351
1 914947
2 936537
2 948327
2 921324
2 922228
5 922186
1 990627
2 953216
5 907162
2 922259
2 925530
5 944493
1 968191
2 970625
1 943036
2 971847
1 956475
2 989109
5 986839
5 986272
2 952171
3 962760
5 911639
3 908122
5 963450
1 985562
5 907097
4 939423
2 946146
2 913361
1 969792
4 937458
4 951096
3 931425
5 969592
1 985254
5 900682
2 917625
2 926345
4 965345
5 959414
1 905546
5 935792
2 951822
3 947329
5 981330
4 964003
4 977291
1 916294
5 964176
5 994768
3 963787
1 991036
2 978751
3 952607
5 939185
4 967600
2 904255
2 917838
1 935867
4 941673
1 931283
1 916605
4 932843
3 992692
1 972630
4 980853
2 953900
4 960696
5 985915
1 910656
4 947702
4 913735
5 912268
4 970987
2 945118
1 998947
1 986190
3 972633
3 979433
5 983760
2 962816
2 915787
2 946094
5 993672
5 900895
5 916011
3 949823
4 912992
5 943595
1 947064
3 990807
4 974465
4 968760
5 907262
4 992262
2 999623
5 978462
5 989101
1 903849
2 973556
4 914204
1 979290
5 998535
5 950050
4 986149
2 958088
1 918836
3 918767
1 970738
4 979245
1 944539
4 915900
5 973797
3 904652
1 901605
3 904833
2 938669
5 976967
4 920083
5 920524
5 927713
5 912454
1 935034
4 994653
1 991186
1 973727
3 950000
5 907087
2 942724
5 903263
2 938850
1 907809
3 936384
2 993965
4 955314
2 960606
5 908544
2 979470
5 965111
2 923733
1 916541
4 950962
4 985334
5 925030
5 911560
4 953545
2 937001
4 931394
4 904020
5 983631
3 998413
4 911950
1 942655
2 988729
4 996082
2 984839
4 969695
5 936566
4 944808
1 997460
2 902021
4 978459
5 924899
1 988167
2 906066
3 952790
2 994466
4 965547
4 916371
4 999224
5 902461
1 992231
5 943191
1 942900
3 984443
2 945347
4 956089
1 961445
1 960423
3 994225
2 950991
1 997167
3 955895
2 902132
4 968335
4 988410
3 941990
4 997257
3 968596
1 979461
2 994870
2 942511
2 938472
4 971226
3 935405
3 988389
3 984824
2 932141
4 920228
2 928762
1 984747
2 941663
4 901742
1 935409
1 962966
4 933394
5 928942
4 951227
2 939146
5 920513
2 980692
4 1003
4 998764
5 919817
3 924592
5 912386
3 944269
4 971034
2 981198
5 910742
3 906166
1 960706
4 912923
5 989303
1 915286
4 975274
2 935442
1 992762
3 933471
3 935719
3 982956
2 985938
4 973758
2 933051
4 921569
1 996199
5 922392
4 980877
2 910390
3 945389
5 967159
2 961312
3 913938
5 915168
3 986703
5 990939
1 931461
3 986616
2 962056
5 915060
2 948648
3 966687
4 982424
4 921427
1 941086
5 954829
1 971885
5 933217
4 923589
5 996125
3 923732
4 935714
2 926256
1 965483
1 973615
1 904256
4 996629
3 926208
5 977390
3 931825
3 951814
4 904233
4 967771
3 913575
3 920726
1 956715
4 966317
2 954701
3 958890
4 949112
2 900966
3 955483
2 914991
4 944166
4 996529
1 982409
5 995092
5 989653
1 938816
4 967325
1 967778
1 966559
1 986252
3 941431
1 954446
2 951639
2 997038
1 968206
2 989159
4 979926
2 910348
5 938111
2 948410
4 950950
1 977934
2 943985
3 990931
4 905937
2 991911
2 933645
3 919893
4 952561
3 932855
5 921990
5 920640
4 902806
4 972729
4 987157
3 916236
3 967812
4 958910
2 960104
2 983215
1 975466
3 937019
3 956917
1 944363
1 958692
2 979966
3 941111
2 958115
5 996539
4 906110
2 960160
3 958269
4 938013
4 903934
3 936263
4 945870
4 939257
1 934295
2 937839
2 986170
4 980409
2 917077
2 932702
4 997473
3 938962
2 962970
4 973275
2 987859
4 959137
2 918670
3 963990
2 987968
4 936166
4 980300
5 943279
5 917948
5 944533
3 923345
4 991804
4 906116
5 910216
1 976601
4 941268
4 944545
1 960986
5 916414
1 989203
3 986280
1 908246
5 960086
3 965309
3 992472
3 927440
1 929146
2 937929
5 981826
2 960634
2 960716
5 981688
1 971315
5 965416
3 974725
5 956914
2 938375
2 903402
1 951981
4 984142
5 941694
2 945331
3 901334
3 974611
3 950585
1 904468
3 915460
5 957690
3 985798
1 969579
3 911306
3 987984
1 996886
3 979616
4 979732
5 971034
3 942252
2 993229
1 974197
5 985682
3 912693
3 972521
5 959053
1 900442
3 991766
5 971451
5 966361
2 934564
3 969519
5 925834
2 916682
4 990979
3 908328
3 991574
5 998974
3 989513
3 940007
1 966000
5 946262
5 964410
1 907304
1 973654
3 959962
5 920960
4 981810
4 901077
4 975928
5 918409
4 943897
2 953155
4 966195
5 930554
4 924961
1 932378
4 903354
5 970694
5 977532
2 951703
4 966656
2 978270
1 960825
3 986234
4 993003
4 912377
3 991646
2 947783
5 938705
3 901960
4 953735
2 985327
4 928030
5 902814
4 904154
1 980315
2 914251
3 945122
2 958186
5 928879
3 975274
4 966296
5 961221
4 972063
2 912188
4 1002
1 969584
1 903246
3 961866
2 971687
3 971696
3 942921
4 978194
4 999303
4 974111
2 954350
5 912361
1 960230
3 971304
4 932168
5 943571
1 934041
2 991976
3 999425
2 934620
2 914165
1 905367
3 926006
4 974626
1 990274
5 926170
3 919254
1 993208
1 912290
2 904946
4 999065
4 941802
1 993636
1 962019
4 1000
2 928635
4 901167
3 991514
4 977089
5 936678
4 967545
1 980989
5 978103
3 933212
3 955056
5 916063
2 999617
1 930510
5 917044
1 957056
5 949574
2 967557
3 959068
3 967999
3 907662
4 904670
2 907351
5 934891
5 925021
5 901873
1 966931
3 951350
5 930734
5 983251
4 916559
4 997716
5 902600
3 958155
1 906207
3 989689
2 902742
2 907873
3 947698
3 944115
5 989148
4 995811
5 958153
4 987955
2 934445
4 991893
3 925307
2 949217
3 973066
2 900877
5 931267
5 903785
2 998733
1 942959
3 909358
5 901025
2 911207
1 976530
1 953898
5 904629
4 974079
3 941819
3 983416
5 962246
4 903945
1 906700
5 901207
4 968215
3 988426
2 960783
5 934338
2 951797
1 947423
2 914661
1 997744
2 946522
4 965909
5 922343
2 977155
5 906131
5 961959
4 966421
2 989604
4 916026
3 967516
5 900468
4 915470
1 928239
1 948421
5 909911
1 969640
4 982820
2 910367
4 939387
4 980697
2 937249
4 957557
2 910713
1 933565
3 959578
4 921351
4 943482
2 983152
3 971831
2 972629
5 946611
1 980037
1 920386
2 997166
5 997093
1 975206
3 954682
4 997595
4 927393
2 958760
3 955915
2 922876
2 917371
5 906242
2 996577
2 960321
5 909470
3 920983
3 920632
1 908399
5 915366
1 907877
3 965858
1 905541
4 943756
4 935877
4 943509
2 935845
2 941581
3 990267
4 952464
4 918543
2 913965
4 990027
2 978038
2 957915
3 937290
1 917468
2 970300
4 904317
5 933410
1 915096
5 942934
5 956885
4 931102
4 912946
1 913748
5 987869
4 978564
3 984956
2 997441
2 912854
1 987349
2 999491
4 990925
5 971614
4 904887
2 975049
3 986201
1 981087
5 941597
2 953684
3 982696
5 911831
1 998862
3 961102
3 961383
1 904869
1 985402
5 948736
3 921791
1 963881
1 972242
4 1000
1 944460
2 907453
3 912267
5 905700
1 966770
4 979543
4 904469
2 959072
4 900436
2 933558
1 981842
5 902313
1 952918
1 933931
3 954074
3 983000
2 999107
2 985505
1 963890
5 995347
3 907945
1 974129
4 908281
4 921492
1 923510
3 973672
1 930470
3 964094
4 916560
4 991335
5 963889
3 965656
1 901450
4 953776
3 970236
1 995702
3 922982
1 905165
1 978964
4 982720
2 906499
3 909920
3 913598
2 980381
1 995103
1 941743
5 966109
4 1002
2 941370
5 986777
5 950360
3 954477
4 943246
5 983842
2 902475
4 999871
2 997409
1 938094
4 960984
2 941971
4 916607
5 959886
3 979141
5 970109
4 937323
3 915122
3 966934
4 910962
2 901637
4 984949
5 958720
2 942645
4 970170
2 921695
5 934600
4 971213
1 924144
5 998073
5 986493
3 924365
2 961118
2 933938
5 900557
2 919918
3 940576
4 972642
3 901471
2 995698
2 917702
1 907216
4 935107
2 989887
4 942367
2 952481
3 910059
4 926396
4 987121
2 958987
5 945558
5 919264
4 978765
4 941643
2 974850
2 909967
3 909689
1 963929
1 963886
4 984828
1 905090
1 906371
3 925820
1 951870
4 965497
1 977728
5 962632
5 935599
2 961226
5 979029
3 997645
2 986972
3 900233
3 946360
4 900357
5 965175
5 968278
4 951311
1 996507
4 984956
2 980805
4 918181
2 928072
2 991318
2 958227
2 971618
4 992121
4 917535
4 946675
4 902495
4 990046
4 965410
3 921112
5 988347
5 960232
5 906824
3 944213
5 906695
4 1000000
4 1005
2 980261
4 984745
5 938644
1 927663
3 937262
4 930823
1 975320
2 910457
4 961538
4 954379
5 922586
3 987410
2 905374
2 975888
2 905729
2 998768
5 965845
5 944948
2 938749
4 992559
1 917535
4 923103
5 971306
2 902020
2 969463
5 923279
2 951475
2 995234
1 979873
3 991193
1 929505
3 984529
1 993059
1 921106
1 992625
3 927671
4 985408
3 926648
3 992131
1 950855
1 919643
4 979720
1 961780
4 975998
2 995717
5 960702
5 925064
2 932850
4 964254
2 948878
3 924864
2 924545
4 996824
1 967293
1 981270
2 920656
5 972575
4 953165
3 919634
3 993660
4 994951
3 903003
4 917560
3 950810
1 950621
4 958121
5 964297
3 990625
5 942436
1 998447
5 955014
3 952524
3 974343
2 997314
1 947165
5 991268
3 927560
3 965241
1 982172
1 983321
4 927965
4 973827
5 971535
3 947908
4 967288
2 933926
5 962060
5 974165
1 963205
4 904574
4 961664
5 976605
5 924511
4 919440
4 908443
1 973665
2 917021
5 916777
4 990857
1 957602
5 998450
3 984222
4 963125
3 905354
2 953776
1 981669
3 975227
3 915073
4 911316
4 936483
4 996
2 985070
2 981872
3 993137
4 958472
4 900176
2 931278
4 945986
2 976155
5 993017
2 995279
2 978646
1 947713
1 901025
4 962128
1 989965
1 971754
4 937165
1 912897
4 948982
3 909298
2 942116
1 994888
2 970686
5 996909
1 909295
5 905543
2 946812
1 905907
5 922941
4 987035
4 974941
2 969898
2 939938
4 905398
2 900577
1 971834
3 967517
4 987148
3 952422
1 985172
2 931276
4 920942
1 902011
1 907625
5 986857
4 968723
4 931094
4 987537
2 944895
2 939735
5 913760
3 966082
4 926290
1 910280
1 985853
1 943366
2 923282
1 900263
3 962295
4 964012
2 936833
3 959834
2 997022
4 919351
1 926323
3 956870
1 965111
4 917689
1 908792
2 905794
5 979880
2 943213
3 921217
3 985757
3 993560
1 938773
2 984360
3 925402
5 908794
5 962847
2 985961
3 983853
2 940243
4 930626
3 937916
5 991661
2 912080
3 989124
4 970483
1 921922
4 919744
5 952978
3 954251
4 1002
2 966411
4 959990
3 951610
4 994289
1 996145
4 996478
1 970162
1 992839
2 966907
3 968275
3 909221
4 926620
3 928016
4 951410
5 942606
3 902904
5 912337
3 946326
4 981439
2 974060
3 986709
4 956910
4 969458
3 947570
5 972220
2 952985
4 960202
2 927843
1 922169
1 978223
4 989653
3 967051
1 907282
2 985528
2 970459
1 977067
3 922490
1 954917
3 958268
3 900217
3 915684
4 909414
4 914222
5 908670
4 978274
1 920407
5 991140
1 916813
4 968026
1 967159
4 920635
5 949822
2 925874
5 933937
5 984059
3 945247
3 909843
2 978842
5 931406
4 999
5 984943
3 918884
3 932496
2 906468
3 931404
5 938568
4 908007
2 970081
5 974857
1 905445
4 907663
2 931426
5 984332
3 979213
5 939708
5 996022
2 994205
5 917419
5 900116
4 957272
3 961765
2 936034
2 937316
3 946333
1 995002
4 955848
3 989727
1 994906
5 958623
2 967807
5 995363
1 949920
5 928236
5 989370
2 995428
4 978564
3 908043
2 925710
1 933466
1 986127
3 907232
3 995346
5 926754
2 985041
5 987644
2 982667
5 921054
3 919953
2 984905
2 909100
3 978370
5 962498
2 997338
1 942006
1 934020
1 967035
2 938276
2 937802
4 990994
4 973426
2 966315
5 953597
3 990053
1 954457
2 933954
4 974407
1 929428
1 926225
5 961430
2 982183
1 927254
4 952637
1 995015
4 958342
5 933748
1 969229
2 901357
1 998809
3 958164
4 913065
5 934448
5 966688
5 911410
5 927357
3 991860
3 927652
2 912107
3 932842
3 925169
5 999983
2 972958
3 922608
2 985933
5 904630
3 974519
5 909219
2 995333
3 924328
2 962361
2 930408
3 977023
2 987270
1 999798
3 937604
3 913385
3 942822
2 944117
5 901720
5 980315
1 947248
3 951643
4 917908
4 925457
2 998714
2 965090
5 913831
5 922554
5 965961
2 987478
3 941145
3 926233
2 939317
4 986613
3 908669
1 946882
4 985685
3 945998
2 983779
4 923082
3 908863
3 991453
2 929574
4 923019
4 956451
2 928057
3 995634
1 923361
4 997600
1 971321
4 996
2 979702
5 962403
4 941543
3 905546
2 979668
5 900731
2 900866
1 915322
5 935895
4 996976
1 967498
3 958730
2 926579
4 912154
4 993309
3 972268
2 991954
5 984776
2 902743
3 928931
2 902961
1 976645
3 979706
4 993202
1 917745
3 971513
3 998762
3 966896
4 970584
5 944996
2 912873
1 943511
2 918581
5 990649
4 983211
5 986483
2 953847
4 926434
5 958567
1 908258
3 976002
3 917243
3 986787
2 976689
3 999294
5 989433
3 917334
3 991598
3 917246
5 972101
3 909407
1 987486
2 941497
3 941540
1 981932
2 929247
3 929225
1 990972
5 975667
5 942592
1 906376
4 941156
4 977075
4 981484
3 928662
2 937390
2 927260
5 958831
4 923476
5 979209
1 917768
1 988118
5 958908
1 930462
2 943487
1 930878
4 997503
5 915257
1 983985
3 974299
5 913381
2 947379
2 921699
5 951621
4 977317
4 949843
3 960862
3 919712
3 948879
4 902267
4 905028
3 987523
3 949817
2 985825
1 907416
1 943892
3 927133
1 975013
5 997539
5 967197
5 947678
3 913377
4 996
3 951811
2 969788
1 999824
5 913568
2 912706
2 931791
5 995842
1 954043
4 939785
5 934330
3 966985
2 940863
5 963461
4 928113
2 991116
3 997267
1 998422
3 970124
4 990712
4 975320
5 954584
2 974557
1 986601
4 955200
1 981160
1 996349
3 994412
2 994504
3 922500
2 919183
3 945178
5 995631
5 987873
4 943310
4 987128
4 967248
1 924759
2 910753
1 974358
1 936572
3 977885
2 953875
2 935998
3 903243
1 910420
2 922101
2 956941
4 993263
2 984437
4 1000000
3 905972
3 919276
2 998800
4 994252
4 973066
3 942796
1 922240
1 986017
2 917612
2 933626
1 995503
4 951910
2 981686
2 946085
5 977077
3 934560
1 947405
1 952176
2 921380
4 913375
3 936604
5 941953
4 990027
5 916715
5 963460
2 905179
4 950121
2 958752
2 966406
2 904058
1 978568
2 970010
4 903815
1 930589
4 959237
3 924814
2 901291
1 904061
2 951755
2 993067
2 941426
1 905506
5 988581
5 944054
2 925758
4 995
1 981234
1 940121
4 923953
2 928931
1 976049
5 993215
5 930632
3 952327
5 987367
2 917615
2 982453
2 990626
2 921069
3 996629
4 938464
1 965635
2 977514
3 970859
2 983288
3 918181
4 904078
1 944614
4 921884
2 926585
4 998
2 969985
3 914969
1 957254
1 953318
1 963047
4 968450
2 960385
3 957262
3 935287
4 950147
4 958477
4 953999
3 997644
5 971160
1 942213
1 911591
3 914905
2 953123
5 952059
3 964552
2 923284
2 934928
1 956416
1 926282
4 1003
4 980600
2 929171
4 958490
5 948557
5 967380
5 966576
5 940679
3 925893
3 910590
4 914741
3 972754
5 969274
5 988304
1 954091
4 919407
2 963351
2 981471
5 906759
4 902517
1 931178
1 957251
5 914325
4 978812
3 962673
3 919380
2 961692
5 984132
3 993392
2 951593
4 961242
2 933134
5 941897
2 991556
4 925310
1 952561
5 923487
4 978922
3 927474
1 943119
3 914394
5 966064
3 923640
5 967734
2 915037
1 935571
2 986775
2 992247
3 936685
1 950690
5 916345
5 990055
5 971833
5 924882
2 924933
1 974315
3 912023
3 969024
4 970240
1 989949
1 916527
3 933794
4 974116
2 966391
3 986901
4 917896
4 905019
4 962453
3 935742
3 909433
2 914008
2 917239
4 942079
3 934558
3 945889
1 936119
1 962266
5 959636
4 925067
3 946231
2 954138
1 943847
3 905206
4 946096
3 974219
3 966886
4 932658
4 999124
1 901552
4 920815
3 981490
4 905855
1 914286
3 928554
2 926651
5 929722
5 998764
1 973767
5 952224
1 938815
2 959599
5 961086
4 950200
2 966664
1 983938
4 938392
2 921141
3 934544
2 931563
2 949722
5 939881
1 963025
2 951634
1 946485
1 974240
1 964138
1 978663
4 943499
3 999054
3 950839
5 957477
3 958447
5 931520
2 978703
2 989606
2 984919
2 901545
3 908521
2 951703
1 979113
1 949016
3 955483
2 932770
4 921359
4 995
3 955506
3 913892
1 912494
3 901001
3 913337
4 918281
3 968201
1 946226
3 947832
2 901741
5 992015
1 985984
4 926187
1 948512
2 991774
4 922678
1 938104
3 907818
5 943600
4 921248
4 911404
3 964826
3 993946
4 999202
5 953777
4 989621
5 927102
4 971008
4 994636
1 919786
5 915604
3 961851
2 980346
2 960429
2 999978
1 954931
5 923365
5 978235
1 969086
2 935199
3 927674
1 954852
5 997307
5 933881
4 902561
1 919140
3 910962
5 941588
2 936442
3 970158
5 915709
4 915787
4 981477
1 990097
1 920122
2 945675
4 970495
3 978256
1 959993
1 983693
1 955863
5 960593
4 929160
1 962915
2 916709
1 941583
2 923534
5 928010
2 992562
3 926170
3 981960
2 997618
4 903422
5 918392
4 998971
3 940018
4 906829
1 918582
3 954405
2 957138
5 962678
2 949069
4 905570
2 964345
3 976132
4 959357
3 926733
2 988357
3 909575
4 916779
4 900506
5 986581
2 932492
2 986459
1 990239
5 960453
2 982781
4 967905
2 945016
3 900343
1 927761
1 992885
3 937106
1 989411
1 952444
2 906245
5 984737
4 933055
4 949519
5 919660
3 996883
3 906405
5 912974
2 918560
2 979600
1 932031
5 973493
3 968242
2 992315
1 950818
4 964132
2 959019
5 985145
5 965982
1 984807
4 989054
5 982347
2 904801
3 983384
5 909826
1 915657
1 908804
4 979129
4 971789
5 920904
1 938433
4 915653
5 996847
2 941923
5 962570
4 997327
4 961260
3 911177
1 979820
3 900954
1 935713
3 990983
3 970406
3 952156
4 1003
2 997482
1 951771
5 968497
3 991075
2 999818
3 950653
4 951184
3 949136
5 976222
4 996
3 976029
5 981326
3 968963
4 998768
5 973555
3 939638
5 959028
2 905120
2 965970
4 976279
1 903599
4 940371
4 944019
1 915461
2 930896
4 957944
5 955791
5 930560
4 947882
1 914455
5 943735
2 982062
1 995110
1 904422
4 913973
3 964822
4 965453
4 987751
4 903239
1 969182
1 984800
3 947573
3 903572
1 968800
2 980845
3 970077
5 947017
5 939680
3 946768
3 912880
1 909821
3 936931
5 984948
1 913516
5 980127
2 961455
2 966156
5 960904
1 957656
2 977980
2 936451
2 900903
4 998
4 932763
3 980710
1 935116
5 969662
1 967424
3 906262
4 919625
1 912721
5 940567
2 933629
5 903488
3 985601
4 923608
5 994688
2 976380
3 945826
2 973762
3 946745
3 910537
4 986752
4 975482
4 930919
5 951303
1 925232
4 931452
4 995
3 938024
2 923008
1 947396
3 934900
5 949074
3 967870
5 999624
4 906426
2 968913
4 935954
2 957330
5 987754
5 981122
3 972490
3 977726
2 988123
3 974120
5 988783
2 942361
2 906008
5 958173
4 978837
4 925936
3 956316
3 970504
4 943746
1 922807
4 946796
3 918309
3 904292
4 943869
4 901412
3 977563
2 960185
3 994742
3 919518
2 953338
1 949115
4 942962
4 948582
1 922886
1 919952
1 974581
5 901256
4 985695
3 936887
4 957398
1 936794
4 979196
5 957256
5 945312
1 999620
3 979704
5 965133
2 973873
5 951851
2 924810
4 1004
4 961341
5 946745
4 905303
1 930165
1 954570
2 932365
4 996
3 971321
5 996189
5 926614
5 918548
1 953969
2 950629
3 958979
5 997829
4 946889
3 973532
5 910362
2 959254
5 933591
5 988859
1 901505
2 984581
5 945684
1 952216
5 946839
2 970946
5 944261
1 905995
5 973666
1 966100
5 920245
3 969011
5 958413
2 910136
2 902453
4 988196
5 987668
3 958892
4 913115
5 966866
4 966118
1 983330
3 912681
3 962550
2 969957
2 922674
3 942564
5 999231
5 969710
4 905609
5 975099
3 984402
1 902879
3 966023
3 972087
2 966277
4 952111
1 958570
1 977612
1 962290
3 966157
3 948635
2 910915
4 969332
2 933873
2 929397
1 968379
1 943116
2 922281
5 967774
1 987641
4 941947
4 930295
3 935333
2 936119
4 940421
4 915686
4 951668
3 916711
3 918213
2 902968
2 990773
3 938855
2 949151
3 959944
3 949013
5 951113
1 943115
3 984557
3 947043
2 983229
3 983445
4 932137
4 912829
4 973651
2 991111
4 999959
5 960396
4 925519
4 928379
2 963580
2 914235
4 969781
1 953250
5 981706
3 947889
1 961227
4 998
2 921151
1 970512
2 931753
2 950755
4 946426
2 982587
2 923153
3 916719
4 999413
2 970164
1 964203
1 940538
4 954315
3 953299
1 976021
2 964554
3 978867
5 901440
2 980694
1 926365
5 986014
2 923107
2 942965
2 921994
1 996892
1 903934
1 920056
3 936271
1 954264
1 958790
2 998562
1 981524
3 905468
3 911182
5 941580
2 967011
5 987451
1 971102
4 941872
3 944381
5 973504
2 990583
2 941447
5 944210
1 960918
1 989573
2 974273
2 900265
3 957609
5 948781
3 941807
2 933913
4 959917
5 955437
1 957551
2 982844
5 949223
2 946657
2 939704
3 907556
4 977483
4 1005
2 996166
2 903745
4 973954
2 916023
3 982242
5 992738
4 957295
4 935561
4 992663
3 938880
5 911294
1 994912
5 980068
4 933430
5 961425
1 962096
2 950960
4 952478
1 989706
4 910283
2 974213
3 972286
2 947559
3 941772
3 977638
4 978150
4 924000
1 943095
2 923026
2 998164
1 908726
4 968457
1 963827
1 986998
3 955073
5 970998
2 970194
2 959566
5 965927
2 996570
1 924025
1 962598
3 990155
3 942526
1 945069
5 966941
1 971268
1 905529
2 911194
1 921961
2 909008
1 925889
2 934846
5 976619
4 900867
4 941089
3 966378
2 941230
5 987215
4 998842
3 969350
1 926935
1 989002
2 933965
3 935295
4 988014
5 971460
2 935467
5 910867
3 979665
5 928818
3 926709
2 989983
2 919664
1 940206
4 925920
2 989658
2 908901
3 949646
3 978255
5 971113
2 960719
1 924276
3 994837
4 948435
2 974505
2 990110
4 946051
1 956824
3 968524
1 999988
1 921470
1 920077
4 942024
1 948925
3 926348
4 969837
2 997626
3 994269
5 908293
4 964919
4 928195
4 917889
3 983817
2 987153
3 999661
4 930032
3 971457
3 938760
4 969301
4 993562
5 950889
2 930077
2 989684
4 998827
3 911025
5 948614
1 976619
5 964766
4 967146
3 924377
4 935176
4 917918
2 911243
5 994685
5 964268
2 989495
1 986039
4 930242
1 995249
4 977368
2 998658
2 964510
5 901172
3 930570
5 980072
1 994333
5 962615
3 950457
2 995639
5 930184
1 929444
3 978063
1 988729
5 917351
3 993803
4 945066
1 978440
2 935401
5 999389
1 965026
3 906513
2 925916
5 942074
1 933037
2 932767
5 953643
1 911123
2 935554
4 973663
3 928536
4 909820
3 909155
4 926303
1 951817
3 974602
2 980391
2 977799
1 937393
3 909804
4 933885
5 996910
1 969862
3 969201
5 989517
1 970514
5 902689
1 912562
5 905285
5 929941
4 983810
5 990817
5 950527
5 903611
1 999140
1 923640
2 940272
2 953847
4 973890
2 942675
4 913255
3 973568
5 935560
1 980195
4 945854
5 972508
2 976609
2 943826
1 900520
4 920332
1 976856
3 922582
4 995
2 939366
5 924243
5 988495
4 967759
2 971545
5 947209
4 947296
3 967910
3 987444
4 933184
1 992963
1 996996
1 983838
3 912108
5 975753
4 967359
3 986639
2 926254
2 937935
2 904797
2 944868
3 932302
5 937972
2 918035
5 915061
2 911332
2 968044
1 935843
4 917431
5 911507
4 975381
4 932844
2 983048
4 967988
3 946401
3 982123
2 976385
5 971921
4 925557
4 904684
4 953075
5 923977
3 948101
1 919337
5 934518
1 985341
4 963081
4 905877
3 951718
5 953307
5 946457
4 952438
5 997024
3 993837
4 977153
1 958256
1 945403
2 917684
5 918977
4 924694
4 952121
5 903108
3 946513
4 927002
1 916328
5 940510
1 914996
4 924222
5 956939
3 953367
1 950020
1 919392
3 923340
5 940133
3 947384
4 944957
2 991358
1 962513
5 970797
4 953295
1 984368
1 960994
5 952068
4 963499
5 947835
2 965511
3 927273
3 952741
2 921989
1 968566
3 941484
2 909056
4 999915
4 946445
1 977619
5 958978
3 969205
1 995633
4 967037
4 927107
4 919750
4 996096
5 942731
5 900406
1 931758
3 994147
2 958063
1 977182
5 978218
5 957114
4 903617
5 906032
3 936375
1 983874
5 999400
1 950035
5 944518
5 926857
5 904132
1 997773
4 942779
2 939281
4 942217
3 971963
4 976863
5 942991
3 912426
1 988214
3 951953
3 945941
1 949304
5 992238
5 939312
1 906244
5 953079
1 965386
1 935529
2 926357
1 976776
2 913919
3 988328
2 903907
3 915929
5 984232
2 930490
1 956045
4 935992
4 924445
3 944806
5 992921
5 917896
3 994669
2 976745
1 977329
5 944088
1 921036
4 990990
4 919361
4 997723
2 967504
3 994314
3 934587
5 931592
3 954023
5 959937
4 904597
2 930499
4 917367
2 925678
5 962043
2 948546
4 903892
2 912753
4 974298
5 986640
1 996428
5 944377
4 989537
3 943740
3 965103
3 979607
1 937553
3 942575
2 955441
4 983173
2 967952
2 940325
5 997189
2 944845
5 970464
5 948779
5 992913
4 998545
2 994078
2 941248
3 932139
1 981366
4 900484
1 914872
2 985334
5 910112
5 925458
5 950139
5 962482
5 922027
2 911888
5 958088
3 951549
3 974671
5 926878
2 998556
4 913235
4 963406
5 927192
3 987481
1 920001
2 988352
5 954911
4 984816
3 930655
4 942683
1 990434
4 949359
3 997986
1 932680
3 932006
2 933013
5 911999
4 930530
3 923728
5 969406
2 977218
5 924865
4 933458
4 941293
4 907401
1 944951
5 970405
1 966719
4 969177
4 947053
5 945923
4 906240
5 983632
3 908105
4 987911
5 943652
1 940246
1 958458
2 962921
4 939144
5 966876
5 968664
2 954435
4 979297
2 942247
1 937467
2 910435
5 999231
2 929762
2 921902
2 947106
2 943460
4 917348
2 926269
5 980547
5 994780
4 936072
5 948003
3 952018
4 987409
3 990509
4 971613
2 909001
2 990929
1 995032
5 992708
4 996
5 995904
5 962118
2 970665
4 940537
5 939973
1 908619
2 920878
1 924960
1 969158
2 978216
5 905266
4 995183
2 968950
2 971161
4 981813
2 947936
3 988433
2 942174
4 968424
4 963863
2 906715
1 951139
2 907432
5 955685
5 993920
3 916354
1 924689
1 974489
4 929381
2 979270
5 909100
1 905020
3 983608
2 994684
3 940379
2 954916
2 942877
1 995489
4 999266
4 943314
3 949469
5 908181
3 964067
3 965439
1 952368
2 908679
2 959737
1 942476
2 984027
3 932270
5 904836
3 913276
2 956917
5 907543
2 918647
2 905534
4 906047
5 969663
5 936806
2 914012
5 930555
5 986410
3 983768
2 991200
2 987972
1 970870
5 904416
4 953815
2 968085
4 976998
5 922181
1 913279
3 933398
3 947877
4 961836
1 939562
3 919870
4 968390
2 994179
2 910706
2 961088
4 925500
5 931773
4 947893
5 936003
4 968231
2 920864
3 989972
5 954929
3 958380
2 974159
4 928666
2 942353
5 952241
2 912311
1 950284
2 981517
5 953207
1 968269
2 913168
3 958891
3 909642
1 952990
4 970335
5 934815
5 941391
5 933659
5 932292
3 986632
3 914452
3 957603
1 955301
5 947672
2 915508
1 975611
3 920040
1 900759
5 975325
2 918648
2 972866
3 970591
4 958610
3 938819
4 997531
5 933099
1 922910
5 917881
3 986388
2 908724
3 930835
4 924645
3 909478
1 943428
1 992069
4 955100
1 987828
1 971051
3 994349
5 957336
2 996812
4 952507
4 963976
5 941081
4 924211
3 955704
2 997069
3 956202
5 911559
3 992945
3 955197
3 964661
2 995015
2 944356
2 928314
1 959672
3 939591
3 919262
3 967026
3 949254
2 940031
3 939068
1 988657
5 905923
1 904835
4 924431
2 903833
5 905124
5 937383
4 934916
2 915550
2 920236
2 918544
2 902912
4 1000
3 929215
4 960195
5 976392
4 944921
2 963834
4 994544
3 972840
3 941813
2 956980
3 946426
5 920197
2 915485
4 939348
2 988077
5 923343
4 995789
2 935651
5 947186
5 978258
4 948464
2 943054
1 920116
4 917077
4 906081
4 900624
4 938720
3 958218
1 945685
3 946777
3 978147
3 992058
2 996988
3 966516
5 934173
4 945982
3 977376
5 944146
5 968229
4 960458
3 921308
4 954324
1 989170
5 966354
3 942538
1 933966
1 970069
1 998501
1 935717
1 903738
2 946351
1 908869
4 973566
1 992287
1 932656
2 946190
2 948166
3 917038
5 953266
2 987677
3 963749
1 901894
4 946934
2 988255
4 986400
5 914418
3 972152
2 938795
3 923940
1 969691
1 974383
2 960331
3 965093
5 924058
5 905756
5 960913
1 942253
5 948025
5 966620
5 964138
5 997261
4 986609
2 913018
3 974990
5 956964
3 970631
5 985406
1 916174
4 913147
3 958434
1 915955
4 926220
4 906584
3 973496
5 973195
2 967111
2 906364
3 920419
3 988044
1 988544
4 985470
5 913303
5 965164
3 924266
1 911441
5 935665
2 971227
3 909060
2 918878
1 973603
5 970487
4 910294
3 963393
3 916715
1 944373
3 963366
4 921347
5 931806
2 936779
3 919411
2 998672
2 914024
2 954931
1 914150
3 928376
4 918811
2 988078
5 984794
5 925024
2 936608
3 988187
3 939816
3 929029
2 932662
4 983274
2 945519
4 928243
1 929357
4 903150
5 926743
1 978404
5 954004
3 955277
2 971807
1 931854
4 903259
3 933153
1 990309
2 988312
4 964549
2 900547
4 972166
1 902279
1 969236
2 997061
5 972349
4 918166
3 922998
4 964933
2 987531
1 964928
1 943864
3 903956
1 910732
4 976582
4 965938
3 902471
3 988464
1 934015
2 923064
3 989876
5 957532
3 901464
5 996660
3 921296
1 974808
2 901852
2 941077
5 935235
1 980719
3 902694
3 986123
5 929097
5 978276
3 908662
1 934186
1 981836
4 980289
5 956702
5 928578
1 989027
3 980041
5 929905
4 976583
2 928376
3 920242
4 987453
5 976915
1 965821
2 989799
2 969921
1 982009
5 941727
4 955770
4 920438
3 908102
3 986328
3 988083
5 930706
4 925819
4 965722
5 987219
1 916437
1 985311
3 965709
2 908260
4 969493
3 942137
5 908445
4 913063
1 988916
2 925833
5 954234
2 902784
5 912883
4 999032
4 956223
5 963518
2 989646
1 922411
4 999208
1 947594
5 967046
1 957304
3 957708
5 935750
5 985863
2 963216
2 962878
5 924733
2 968987
5 928508
4 918192
1 910261
5 948599
3 942464
5 933458
5 978847
4 973807
5 909041
2 930229
1 972923
2 923549
5 969186
3 981724
3 908247
4 924811
1 925293
4 961280
5 925022
4 937781
2 905335
2 941543
5 966107
5 961178
3 985865
3 995957
2 991785
1 927539
2 993242
2 956237
1 965408
2 920848
3 910591
1 910661
1 958528
5 935993
4 995004
2 976929
5 922165
2 993368
5 951799
5 969578
5 937075
5 970051
2 932839
2 976183
5 909391
3 965686
5 921946
2 952343
1 925185
1 980218
1 954731
5 976615
1 982834
1 970894
2 994836
4 918602
3 990502
5 969727
3 977367
1 923349
1 978667
3 954006
5 968436
4 991453
4 971602
2 973585
5 964968
5 966059
3 978063
3 977974
5 988193
4 931519
4 926675
3 939707
1 916839
5 976915
2 946426
4 946167
3 901806
3 956855
5 985417
3 910210
4 1001
3 932385
4 913367
4 911789
1 980315
1 960312
3 978126
2 937045
5 970689
5 901570
5 910521
2 926964
4 939650
4 937338
5 921899
5 918904
2 985131
4 943000
3 979594
5 920499
3 939681
3 991916
4 953054
4 934220
3 907914
3 983170
4 985497
3 981605
1 962694
3 951392
3 940783
3 913367
2 920292
3 953794
1 948871
2 967361
3 991397
4 971656
4 940410
1 955783
3 933662
4 928611
3 968801
5 907112
5 902383
1 927727
3 942812
3 903395
5 904502
1 974758
2 932975
1 946140
1 910782
3 983476
5 977980
4 981476
5 926755
4 986233
5 990908
1 927125
4 951236
2 972531
5 969623
1 936411
5 979370
4 924519
4 975758
4 989292
5 951014
4 925299
3 992134
1 995964
3 970313
2 937232
2 927981
5 916503
4 928924
1 908879
4 952282
3 908885
2 946072
4 938072
1 996611
5 957042
1 901769
1 915757
5 953783
5 999512
1 971596
3 995326
5 985543
4 901170
3 906260
2 950409
1 943285
3 902222
1 957775
3 902474
4 993479
3 924285
3 919753
5 917069
2 941584
2 906554
1 909685
5 954581
4 930337
1 914271
4 931811
3 979774
1 977975
3 942386
3 999910
1 961220
1 992159
5 938900
3 900724
1 978409
5 995150
4 905978
2 938241
1 982077
2 950198
5 999732
4 955765
3 960715
2 976460
2 927194
3 969903
3 970440
2 961141
4 977367
2 961553
1 943271
2 991875
5 905552
3 907342
4 939239
2 905565
1 996071
2 927506
5 955543
2 982702
3 987913
5 987110
5 906252
4 903172
5 984131
4 909787
3 963307
1 916470
3 976080
4 972174
3 901356
4 916059
4 937186
3 908505
4 930249
3 984966
4 995666
4 985513
5 941499
2 908005
2 963004
5 959694
3 951169
2 912694
5 949907
1 982125
2 958131
2 945366
2 965412
1 951730
4 917385
1 999252
3 986093
1 958426
1 971224
4 986974
4 963290
5 962544
2 930909
4 903337
3 933023
5 927140
1 935251
3 975293
3 923031
2 931611
3 994861
1 914508
5 912542
5 928467
4 913374
4 993012
5 908706
2 909581
4 1004
1 967151
1 931598
2 940136
3 994924
3 998768
4 960213
4 983374
1 919479
1 943246
3 938511
4 994627
5 912733
5 900495
3 957349
3 999150
2 925667
3 996516
4 1002
2 937448
4 949007
4 923762
2 977868
3 954754
1 927633
4 991415
5 922603
3 963140
3 990183
4 921381
5 935769
2 957902
4 959459
2 946723
5 956935
4 912550
2 945202
1 944931
3 972994
5 991626
4 900876
5 998574
2 936238
4 962174
2 923353
5 904302
2 965866
1 984794
1 932101
5 982986
4 994695
4 985854
2 916645
2 938168
2 927411
4 925326
3 950070
2 996607
2 979166
4 943343
4 950560
4 978500
2 938746
4 904311
2 907163
3 908855
5 947588
5 966399
2 961549
4 913216
3 982846
1 917567
4 915408
1 945276
5 998235
1 952302
1 981405
5 941140
3 938384
1 938322
2 934031
2 934988
3 914065
1 948347
2 996080
3 945545
1 932512
2 989006
3 919486
2 945810
5 920098
2 937511
3 957558
2 904046
4 989828
5 996226
2 942860
4 935448
3 901286
3 960181
3 936717
2 930702
2 903196
5 954035
1 976006
5 918450
3 927184
2 900311
3 985633
1 936125
4 949266
4 948297
4 902712
2 979299
4 946926
5 944292
1 937793
5 970462
5 974757
3 932578
4 974025
2 950566
4 943787
2 920735
2 977142
3 938178
4 927622
3 997667
3 937033
2 970285
4 906580
3 974677
2 910768
3 995347
4 944933
5 947987
5 976275
5 950725
1 972492
2 931185
1 927552
4 969788
3 961913
1 977508
4 909539
2 991268
3 981418
3 914594
5 963926
2 923908
3 909419
4 909702
3 973886
5 974475
1 965590
4 997256
3 954299
3 905819
1 936913
3 947528
1 963653
1 990500
3 990844
3 941342
5 920169
1 914757
2 904917
4 944113
1 911958
4 947556
4 932949
5 972301
4 933726
3 938069
3 932159
5 922440
5 923358
3 967245
3 914229
5 999003
5 943263
5 950236
1 964809
1 981513
5 978034
2 975133
1 949886
5 982304
4 907557
5 976595
5 981257
3 914401
5 983636
5 906345
3 994685
1 955581
2 950317
4 956540
5 985932
5 997631
1 933311
2 903910
3 952855
2 983762
4 944794
4 912601
2 953554
4 925425
1 957370
4 941602
1 999363
2 935164
1 912922
1 941342
5 932308
4 937008
5 923199
2 986041
2 927136
1 904951
5 983138
4 994633
3 975811
4 979170
2 984896
4 917232
4 930954
2 900984
5 933358
3 920481
3 916012
3 903899
5 945205
1 914073
5 917391
2 957907
1 914863
2 973397
2 905161
5 992625
2 954247
4 927470
3 982011
2 980903
4 997731
4 905954
5 983623
3 922697
4 984406
3 980879
3 980419
2 956010
3 997004
3 932263
3 904896
5 964168
1 964652
1 991739
3 922806
1 974824
4 940208
5 997911
5 993378
5 902547
3 965571
3 999126
1 911014
2 977190
2 968301
4 941168
4 969347
4 992353
5 954415
3 983977
3 914387
2 996386
1 990336
5 975147
4 972584
5 953325
2 933630
1 973022
4 953501
3 940081
1 983601
5 941556
3 900198
2 928604
1 947224
1 997562
4 911554
2 949988
5 907740
4 952061
2 947198
3 972508
1 910590
2 934038
1 958246
1 962186
5 957874
1 952108
1 959989
2 952021
2 930872
4 913294
5 996685
5 989568
1 986810
1 920935
2 949555
2 934049
1 918842
4 967451
4 930292
2 918511
4 911780
2 992687
2 900118
2 941595
3 918613
2 991934
5 958735
4 937349
4 950220
3 992158
3 976462
5 940015
4 941993
1 967067
3 965458
3 996352
4 903782
4 955957
2 933169
4 950212
1 944543
2 918778
2 963513
2 981513
1 975731
5 958352
1 925825
3 933198
5 990934
5 954289
2 901539
3 917289
5 948748
1 901339
5 959193
4 972798
4 986044
5 958311
4 973232
4 927653
1 927138
4 953630
3 909101
4 908833
5 988852
2 949722
1 994120
1 916756
5 918916
3 927976
4 981593
4 958374
2 973879
4 922139
4 906266
5 978821
3 963077
4 991904
4 949356
5 959981
5 960471
1 903975
5 949327
5 969210
1 952972
5 952243
4 924504
5 917393
5 929841
3 959159
4 931700
1 937152
4 965387
4 903685
1 979630
1 954328
3 998075
5 944541
1 961429
4 932049
1 984960
3 936420
3 988635
3 910516
3 960037
4 932548
2 981053
3 946206
1 930329
4 926790
5 914894
1 926298
1 965960
1 959897
3 975862
1 944097
3 927899
5 982276
3 913707
1 915683
3 927135
3 972426
5 984285
1 966500
4 990876
2 972617
3 910113
3 949396
5 908679
2 951366
3 915031
1 992168
4 918573
5 937512
2 953067
1 913858
3 921735
2 954272
2 975533
1 977595
4 920448
5 982214
2 927249
2 980908
5 906525
4 904121
5 935010
4 905107
5 917782
3 994300
5 933486
3 961507
4 902023
2 962797
2 908285
4 949038
2 928943
2 952028
2 970115
3 953974
1 964637
4 936930
3 900677
3 908108
5 957077
2 976905
3 901684
2 982367
1 952601
4 927138
3 950818
5 918334
1 997837
2 947725
5 993895
1 986623
2 982689
2 990226
3 989811
1 911643
3 959599
1 987195
3 901612
2 928666
4 942301
5 910859
5 958797
4 949513
4 913793
1 933608
2 931618
2 990275
3 923271
4 1001
1 934441
5 904301
3 999104
5 993867
4 985931
5 931127
2 941105
1 902149
3 970225
5 957127
3 935356
2 929779
1 942048
3 984527
4 930566
3 936180
1 972615
2 901406
3 925303
1 931897
5 916994
2 942114
4 957657
4 996
3 918426
4 932046
1 918720
1 937210
5 994398
3 970345
4 935536
2 918894
5 972145
5 927690
1 986755
1 972170
1 924245
2 964980
2 970635
4 901174
5 992877
3 964388
5 910542
1 943082
2 965371
4 944636
1 920991
3 973091
5 997761
2 973463
4 952842
5 937939
4 923659
1 912431
1 977810
3 933633
2 907568
2 986253
4 923364
3 941068
3 967474
3 958865
2 911853
1 911358
4 903871
1 919556
5 971968
3 945075
1 987555
5 968708
5 976729
4 996274
3 939058
5 931464
5 975705
4 906441
4 983321
2 936576
1 908511
1 926006
4 910416
2 956066
3 907829
5 928574
2 944686
1 948679
5 945925
3 923281
5 972864
2 907618
5 973441
2 923026
4 942824
1 923880
5 961436
3 935575
3 981898
5 987152
3 929673
4 968242
4 942448
4 942372
1 926239
2 906918
3 911983
2 956005
5 973282
5 939754
4 948289
2 967086
4 907819
2 948163
5 970594
3 986296
3 987231
5 901520
4 906870
4 954543
4 938979
5 982929
1 902211
3 933482
2 980441
2 979664
4 950027
1 955450
5 982073
2 978263
5 963232
3 926227
4 975327
5 950981
1 917614
2 924531
3 940960
4 956463
2 927916
5 925262
1 981212
4 947580
4 936475
1 909809
2 998326
2 926782
2 992661
5 993534
2 951599
3 967837
1 994171
5 940966
4 916193
3 998287
4 946103
1 955876
5 928277
4 1003
3 909004
5 998397
3 920509
4 953710
5 978997
4 938636
1 985828
1 988502
5 902869
5 967534
3 976512
4 953661
1 914378
3 999101
5 968285
1 941686
1 979291
4 982916
1 935623
4 978066
5 981905
2 971561
2 919979
1 932459
1 948261
4 940114
2 977831
3 982816
2 948971
3 992703
3 965355
3 939022
2 934782
3 912814
5 913868
2 925942
3 958679
1 922254
4 901029
3 901600
5 927432
4 946039
1 951469
1 989609
1 942558
3 969825
3 988103
2 969054
1 908559
4 910405
4 950801
4 932068
4 934399
5 979522
1 922085
2 997517
3 959887
1 913155
5 931109
3 991606
5 978795
4 956262
2 903426
5 999559
3 950828
4 989978
2 966694
3 953772
2 960831
5 935477
3 955970
1 901458
5 914030
2 949486
4 977358
4 916771
4 986190
5 999465
4 940878
5 984741
4 998
3 980153
2 927763
5 931692
3 997850
4 904707
4 942094
5 995354
4 925750
2 920995
4 963125
4 904343
3 973171
3 945350
3 905849
1 940258
3 965090
2 947465
2 933220
4 971926
3 958417
2 962663
2 971367
4 961229
1 942704
4 960265
2 981460
3 997966
1 960491
1 931905
3 915706
1 998398
5 902458
1 925232
2 950304
5 919978
5 950433
5 953842
5 911454
2 986555
3 922983
1 923098
3 919711
3 905746
3 978390
3 988310
3 900342
1 900521
1 951435
3 954544
5 983846
1 949062
2 958369
1 986856
4 993640
2 939652
5 904080
5 911872
1 910129
4 905192
3 952638
5 932359
5 920225
3 918079
2 959596
2 936764
1 923799
5 979597
4 917312
2 977016
4 967383
1 909240
3 997911
4 926865
4 993841
4 995
2 974565
1 940287
4 943331
4 906506
3 978222
2 904307
2 977407
1 939260
1 937984
3 936042
5 919753
2 925610
1 946772
1 926910
2 921447
3 929491
2 955226
2 948301
5 901229
5 912127
4 999
4 923966
3 950889
1 916286
2 917156
4 997
3 903214
4 970311
5 959531
2 972018
5 947920
1 935840
5 994891
5 933132
4 921144
2 943088
5 950561
2 994606
4 996448
3 937203
2 905029
5 913384
5 958124
5 976974
5 978088
2 968077
1 979961
3 949660
4 970917
1 955698
1 946719
2 914105
4 992652
5 999834
4 967680
4 979769
4 979511
4 948222
4 911441
3 993628
2 977156
3 943854
2 966601
5 975363
4 935547
3 939019
4 953630
3 994313
3 903334
1 964489
2 913987
4 946108
2 985234
4 913076
2 910645
5 909955
5 988329
5 932585
3 929194
5 941176
4 997118
1 991169
2 983664
4 945799
1 965877
3 992464
2 911648
2 971849
5 949189
5 928718
2 956917
4 998467
3 956920
5 949195
5 975853
2 958222
3 965851
1 914174
2 926176
1 902909
5 963609
4 1005
5 981697
4 942177
2 909746
2 916040
2 976632
4 955381
2 909231
5 946835
1 925297
5 908375
3 971637
3 957720
1 974818
5 938734
5 988433
5 994601
3 974058
3 912923
3 915041
5 946116
4 951334
4 1001
4 976889
4 937894
4 964783
1 976055
1 976778
2 961117
2 942031
5 926102
3 939458
3 974619
2 999857
5 966353
4 931070
5 981372
1 989381
2 992955
4 977940
4 963082
3 991580
3 996900
5 930193
3 943174
3 980840
1 901883
4 984351
2 937483
3 936985
2 917952
3 978867
2 957513
2 950762
4 906462
5 923376
4 939633
1 976902
4 936075
3 905048
5 950743
4 992187
5 931586
4 990838
3 919880
5 970087
3 973648
4 983730
5 913659
2 972918
3 921532
1 975387
1 918842
4 997
5 920986
4 905683
4 934968
4 994234
2 940786
5 997436
4 997
3 913292
5 942260
1 947922
4 973110
1 913366
1 976236
1 998740
1 972523
4 926802
5 950404
3 976143
4 941176
5 916358
4 950150
4 930787
5 959730
1 983982
3 919281
5 996706
4 962433
4 999
1 990985
2 900175
5 921018
3 999631
2 995144
5 909903
2 905177
2 927958
2 976546
1 952282
2 952850
5 971415
5 990152
4 985337
5 928949
5 971841
2 913354
2 973701
3 915472
5 912952
1 926172
5 966110
5 926255
2 984228
2 910644
3 980770
1 938135
4 931187
1 973701
4 908991
3 937715
2 971999
4 988728
2 975941
4 962477
5 980268
2 916276
3 941070
5 943407
4 960540
1 978940
2 988155
3 923968
1 962716
3 906811
1 971131
2 968563
2 942417
3 907480
2 900459
4 923098
4 984051
5 997176
2 940967
4 904189
5 908973
2 943125
2 912387
2 944526
1 927859
1 923634
4 958348
3 984459
4 904696
5 926646
5 914157
4 916519
4 922597
5 916137
1 967284
5 923982
2 901692
3 977223
2 989740
4 985480
1 960728
4 1005
3 980984
5 957901
4 956269
1 928745
3 987608
2 986388
4 972572
5 974253
3 923412
1 944034
5 969451
3 928351
5 996487
1 938764
2 949291
2 929748
2 919110
2 932454
3 903400
5 938312
3 954928
3 987072
1 916292
5 999875
2 958063
5 917561
1 913288
4 934545
5 974352
3 997547
2 942127
4 919230
5 937806
1 919762
1 928132
3 984061
3 954731
3 922056
3 913101
2 997434
1 933072
2 947865
3 917710
5 983852
4 949513
4 933327
5 932941
5 943977
2 916442
4 921946
3 992921
2 975137
4 950096
4 996920
1 932101
1 921287
2 933901
2 944471
2 990898
4 917657
2 970657
2 918738
4 917184
4 975198
4 999
4 918813
2 956854
5 935813
3 926725
1 922869
3 949938
2 920346
1 973724
4 964457
2 929533
4 978062
1 953557
2 939220
2 962450
4 928257
3 994017
1 920426
2 919449
4 980819
4 956594
4 933947
4 938664
1 988014
1 997846
3 920731
4 957084
5 920070
3 905179
3 924553
4 917358
5 992723
5 951110
4 906320
5 932640
3 951948
2 948299
3 911163
3 945497
1 901237
3 906386
4 987113
4 922170
2 917395
5 933781
4 942796
2 969012
5 921913
1 982854
1 932884
2 994975
4 967861
1 911263
4 1000
2 995994
3 939425
3 912693
5 916128
3 933720
3 961677
5 914502
5 995749
5 999077
4 905362
4 942330
5 962354
4 968199
4 906768
5 928352
3 906780
1 936571
1 916784
4 976496
4 975277
1 952439
3 961943
3 936290
1 947925
3 930413
2 944418
2 914659
1 935269
5 988246
2 951777
1 906833
5 905081
3 965766
3 996912
4 915633
3 907550
5 987745
1 969394
3 935837
3 924721
3 919540
2 987914
5 973900
2 988441
4 962376
2 990562
2 924017
5 976002
4 928857
3 973383
4 915791
2 927035
2 995327
3 956046
2 987351
4 945429
2 958514
1 941606
4 914342
1 966149
3 962951
1 922402
2 982453
5 935854
2 967936
3 913819
5 923953
5 916725
1 917736
2 997400
1 921361
5 983538
5 937261
3 968181
1 928763
1 916346
5 938051
4 943479
5 955204
4 1004
2 908536
3 999858
5 981678
2 938620
4 993150
2 963380
4 900743
1 989218
4 912084
1 927214
1 925180
4 951494
2 970797
4 942906
3 958241
2 929537
1 947765
5 949359
2 993143
1 916793
2 939170
4 921565
3 983811
1 922974
1 990902
5 986385
5 960695
1 986388
1 945886
1 957368
4 931955
5 947386
4 948859
4 975342
3 956995
3 973334
5 995567
1 940173
5 934458
5 954732
5 994157
2 931543
1 963250
4 902759
2 949290
3 965317
3 993873
2 921456
3 987024
3 918434
5 945244
1 902535
4 991362
3 928822
2 965845
2 989690
3 999566
2 934892
4 919137
4 998644
2 904085
4 902245
1 912006
1 934597
2 997141
5 977647
3 943721
4 912401
1 920071
4 920872
1 959717
1 984443
3 934358
1 985480
3 970285
1 976008
5 907963
1 956608
5 903582
4 1001
2 922750
2 908357
3 924473
2 907763
4 972619
4 913453
4 974668
3 915549
2 960784
2 977281
1 961981
3 977694
2 999285
2 903635
2 916945
5 962343
5 949697
5 942243
2 937414
1 953166
3 937416
4 980495
2 981629
5 982430
2 940657
5 993724
2 928580
2 960478
5 952595
2 907920
2 977865
1 995949
4 999479
1 926054
5 976709
4 942315
3 904402
4 956699
3 951113
3 924471
2 980561
4 941354
2 946426
4 974345
4 952813
3 983014
2 913359
5 920051
2 985032
1 967528
4 922990
4 997902
4 951934
2 930183
4 992094
5 999623
2 994479
3 993300
5 936207
4 964600
1 911840
2 989035
5 981704
3 926238
5 968317
2 961735
3 916427
5 945708
3 998105
3 972084
4 984979
1 915900
4 916973
5 905675
2 937324
5 914371
5 998418
4 1001
4 993552
3 936900
2 972506
3 964146
1 920896
3 987111
1 926174
4 990715
2 949049
4 915129
5 924081
5 913768
2 948050
5 963842
5 943295
2 933266
2 972406
4 961191
4 993440
3 936192
3 904870
3 934777
4 923466
5 935510
2 931147
2 923145
1 914611
3 914647
4 999674
2 945769
2 914061
2 986839
1 924060
1 939927
2 906689
5 919536
5 926467
3 999186
1 924385
5 980418
3 998948
2 998559
3 976368
3 979361
3 916071
2 950509
5 978116
2 953121
2 990158
4 996501
1 946209
5 926142
4 989687
1 933153
1 939965
3 968855
1 947996
2 906218
5 935807
4 967683
2 929994
4 908293
1 958551
5 947521
3 985534
3 991419
4 991172
2 949497
5 987296
5 905301
2 979772
2 979096
1 977013
1 924253
3 999333
1 987080
3 956039
5 980773
2 957866
4 914953
1 917566
4 928969
5 910818
4 952683
5 958722
3 925634
5 952369
5 922495
3 930044
1 942408
5 962257
5 950992
4 988060
4 1004
3 946985
3 989283
3 910750
2 934727
5 936153
5 971119
3 986005
4 905897
1 987068
4 908751
3 978355
1 931440
5 943554
3 962106
1 970674
4 962642
3 986903
4 956893
4 923344
1 971604
4 964003
1 914218
3 912737
2 927600
2 952348
2 913847
2 930564
2 994118
2 946526
3 925929
3 955328
1 966678
2 989960
2 975728
1 943346
5 955934
3 925183
2 958680
4 914151
4 979609
1 960213
5 966663
3 996224
1 994900
2 968498
4 919168
4 914261
3 901985
5 927516
1 905895
1 971152
1 966039
1 949802
4 993293
3 946316
2 967628
2 937129
1 977489
3 942234
1 900184
3 943018
3 995634
1 993200
4 963884
4 917259
5 996649
1 983811
2 999587
5 959510
4 909554
1 980213
1 926449
4 991515
3 989944
3 966707
2 987952
1 979098
2 919126
5 988201
4 911509
1 970877
4 907317
5 949209
3 906643
4 953598
5 991973
3 996938
4 933503
3 900357
3 993250
1 924093
5 911378
4 995321
4 993431
2 990019
2 966124
5 985124
5 984522
1 913580
2 991783
5 965414
4 903687
2 930822
5 995613
4 960725
5 902322
3 979419
1 979272
5 900297
2 924518
4 978244
2 910614
5 910133
2 998700
2 923395
3 937292
2 928800
2 911667
1 952078
1 988595
4 962850
3 938046
4 970275
2 937402
5 934047
3 989839
4 995
2 935240
4 964462
3 984081
3 912260
2 992365
5 956896
3 920050
1 903556
1 973203
3 975876
2 953757
1 963077
1 972504
4 918357
4 904007
1 962133
4 932518
1 933465
3 915797
4 957969
5 979652
4 1000
2 973219
4 962844
1 956540
2 982531
3 929067
3 997866
3 926877
2 972637
1 942573
4 971232
3 915854
3 957410
4 945593
1 963780
3 938030
1 933812
4 976050
5 947026
2 927659
3 972665
2 914329
3 983415
5 928695
4 913174
2 977704
4 928216
5 969397
3 938208
3 974346
2 945042
5 924730
3 977103
5 951971
5 993381
1 991446
5 931208
5 961227
2 997561
5 963977
1 970340
1 938327
1 973341
2 958524
2 964080
3 956610
5 945065
1 909525
4 933123
1 961298
2 955416
1 932683
4 944487
2 980091
4 954089
2 966415
1 916092
4 906796
2 904223
3 966635
2 989793
2 967545
2 970827
4 946752
2 928585
4 968280
3 984244
5 959358
4 912951
4 937429
3 903351
1 949506
3 941872
2 937463
4 1004
3 997524
3 953190
4 902183
5 967387
3 909116
3 983540
4 952981
4 996119
1 917900
1 919431
5 937597
2 926575
2 963295
5 993658
3 904203
4 915730
2 938818
4 911370
5 975143
5 936733
5 920045
3 912919
5 948244
2 980626
5 994411
5 989490
1 925811
4 995896
2 909535
5 957742
5 954742
4 945967
1 988076
5 949161
2 947324
1 930047
3 942313
5 986659
3 978726
4 965309
3 942292
5 965021
3 956017
1 929557
4 901328
1 973375
2 948747
5 929631
4 1002
3 974644
1 933800
1 974345
4 931369
1 903310
3 973286
1 917944
2 926486
1 931789
1 966168
3 923713
3 982107
3 996219
2 972894
1 939172
4 905750
2 937166
3 993096
4 903501
1 979012
5 985386
3 965857
5 934378
3 997663
2 999291
4 977471
3 936429
4 998120
5 917233
4 927397
2 909207
4 982192
3 964805
3 961888
2 924566
4 922778
5 967722
2 937080
4 911912
5 943234
5 910897
2 987819
5 931806
1 920169
4 954700
1 914391
2 968759
2 915023
4 903895
5 940965
4 979376
5 930577
5 910833
3 940841
3 999385
2 937215
1 938294
4 977850
4 985690
5 915929
3 913042
4 966568
5 908303
5 955772
2 985123
5 939064
2 927148
3 967692
1 905813
5 983433
5 958239
1 920950
4 933313
4 938400
5 916738
3 937144
4 968587
5 964611
2 909454
4 982928
2 926670
4 929720
5 920836
1 905948
5 903702
5 999736
3 941603
2 919318
3 903238
2 922733
2 909240
2 970523
2 959003
3 956541
2 936433
3 936343
3 951790
4 921728
2 971984
3 990843
4 943607
5 964664
1 987310
5 900797
5 951608
5 979539
4 908568
4 944712
5 975488
3 984460
1 941122
2 909180
4 957697
1 984372
4 998551
5 997561
5 910651
2 997208
4 962761
2 905733
5 986314
3 975343
4 914794
5 915288
5 940725
5 915267
4 955466
2 965709
2 937050
3 944925
1 937613
5 922185
1 989804
2 966925
2 978174
5 949669
3 968815
2 945401
3 904900
4 950494
4 966114
1 935436
1 914496
2 926019
5 902759
5 975527
5 918938
5 918640
2 985895
3 932010
2 982193
3 974610
4 925635
1 933325
4 988075
4 995123
3 938689
5 942194
4 915967
3 989184
4 969396
4 927142
1 965748
3 936111
2 951951
3 900475
3 932048
3 913589
1 969849
3 949972
2 953443
1 931658
5 938993
4 959016
4 976398
3 908913
5 914183
1 926447
5 936940
3 956780
1 919735
5 911110
4 934687
1 987101
5 929762
1 989601
2 973948
2 909856
3 979984
1 901464
4 953195
1 984363
4 945951
3 949943
5 980944
5 966785
4 952651
4 964320
3 976946
2 929940
4 977559
5 929875
4 901635
2 908677
2 954060
1 927872
2 979792
2 980559
3 989152
5 943717
1 903853
4 965335
1 985904
4 972620
5 924713
2 939323
5 993421
2 961006
5 930885
5 935227
2 913050
4 966674
5 968420
5 904129
5 949838
2 951556
1 980091
4 972919
1 996486
2 959163
3 910432
2 990108
5 911640
3 980071
1 929082
4 938250
5 901587
1 995387
2 944265
5 901732
5 993091
4 987253
1 995084
4 914140
5 963587
3 975249
2 926019
3 937381
4 909165
4 910254
1 939395
3 903163
5 956514
5 951364
2 941108
3 910362
3 913325
4 903180
5 942353
3 978870
3 987432
2 963795
4 910430
3 959481
3 971400
3 986255
2 953664
1 920238
2 975933
2 984681
2 929672
2 951130
1 959737
4 996930
2 931404
3 940908
4 968004
3 958020
2 929666
4 988922
1 959972
1 986961
4 914861
1 923950
2 955519
1 960643
3 913553
4 985908
1 922490
4 952660
3 928366
4 961684
4 988711
2 985466
1 910693
4 930177
4 932879
5 956846
4 914917
3 925896
3 994513
5 973534
5 948366
5 956328
1 931025
2 938247
5 959030
2 994965
4 941203
5 945237
2 989445
3 991784
3 912076
3 994844
3 935016
1 941731
3 986745
1 963237
5 948618
3 906020
1 963738
4 954644
4 963279
2 905750
1 993958
5 910252
5 974496
1 902067
4 908127
5 938051
3 973795
2 975512
2 924776
3 996304
3 925830
1 984420
3 914739
4 967633
5 947766
4 946637
2 926863
2 965040
1 931018
2 993940
1 982399
4 995
1 901016
2 959823
4 994253
4 945519
4 988825
4 937258
2 940385
2 998258
5 916195
1 939905
3 971665
1 973228
4 933211
2 916159
5 915537
3 971751
3 974508
3 957349
3 949774
1 940983
5 976395
4 902372
4 909734
4 918432
2 931331
5 914161
4 998
5 950528
2 900709
1 950158
4 982215
3 960218
4 937750
5 914243
2 914993
4 954491
3 983065
1 905839
4 949349
1 994038
3 961903
1 933010
2 950203
1 947680
2 968645
3 949221
4 933160
5 923900
4 958252
1 917270
1 966129
5 954261
4 913617
2 977363
1 914367
5 962052
1 932361
4 917447
4 1003
2 977399
3 956903
3 982490
1 966677
1 930393
1 996379
5 984658
2 964135
4 924036
2 922266
4 907040
5 910167
4 970758
1 905117
5 930153
4 978196
4 992948
3 912363
5 940180
4 946321
1 945256
2 942632
3 924790
2 922440
1 937642
1 927307
4 970136
5 987192
3 953184
5 918494
4 944958
3 943366
1 999814
1 975964
4 926286
3 923336
3 954310
3 901473
1 985016
3 938162
4 981985
5 905817
2 916789
2 975778
3 966242
1 967910
1 900915
3 934920
1 947391
5 939637
4 1000
2 922343
2 919817
1 941446
1 900929
4 969481
3 932717
4 941784
2 949247
4 970153
1 907927
2 931538
4 958094
1 931200
5 941413
4 991735
5 971320
2 905104
1 904216
4 914297
2 994064
1 966315
5 997838
2 929456
4 995
4 997
2 989605
3 988505
4 944448
3 984713
4 911914
2 924255
2 917009
4 949144
1 953802
4 939427
1 931322
2 903085
5 940255
4 976321
2 987066
5 922714
3 920847
3 957520
3 904490
2 910343
4 956281
3 946170
1 923898
3 941730
1 942927
3 946886
5 902209
4 985435
5 967448
4 935048
5 911114
4 990977
3 960469
3 917381
4 984977
3 939790
5 922596
5 918524
1 915274
5 965908
1 963776
2 913731
4 922007
5 966113
4 974318
3 945772
2 957332
2 976952
1 933180
3 917506
5 966241
3 945901
3 998689
3 991412
3 999847
3 928630
3 960283
2 979343
2 944591
3 907710
4 965017
1 934239
5 947796
4 900140
5 931482
5 911914
5 939213
3 980353
5 953134
1 944359
4 963510
4 951869
2 907283
4 964383
4 929600
1 961227
5 902434
4 911344
2 937616
2 935345
5 931720
2 953976
1 935677
4 1002
4 955398
4 942794
5 949777
2 911668
2 961437
1 963358
2 904839
3 958457
1 932635
1 959349
5 932767
2 968384
4 907690
5 945889
4 995703
2 928018
4 977196
1 958977
1 976967
2 992490
3 949774
4 911392
1 987737
3 912700
1 921445
4 982030
1 958777
1 900682
2 977233
2 961685
1 999618
5 998856
4 982515
5 985621
1 959617
1 936369
2 926611
5 950566
2 939768
3 985055
4 922008
2 939932
2 992950
4 941490
3 946636
5 928248
1 949747
2 994471
1 994276
3 965908
1 947369
2 984902
2 990899
5 961586
3 948809
3 920037
2 930030
1 916443
5 918692
1 900889
3 976224
2 924057
3 962538
3 961818
3 992353
5 933703
4 1005
2 920621
3 908047
1 962031
1 979974
4 925474
4 980492
2 967738
4 948625
1 984514
4 907611
2 926004
1 989256
4 908791
3 906583
3 956971
3 936826
3 906928
5 935528
3 919717
1 942467
5 987446
1 966234
3 948419
5 919741
1 986117
4 988525
4 950237
5 962327
2 965992
4 982733
3 943721
2 982402
2 901799
1 979840
5 948223
1 928965
4 999
3 993352
5 949431
5 923869
2 994424
1 977450
2 905091
4 970086
3 920266
2 907084
2 930301
3 907671
4 989577
4 973167
5 980291
3 961359
5 948575
4 907084
2 994102
4 970289
4 904944
5 973786
1 956191
3 949122
5 985740
5 936828
3 973661
1 909595
5 999984
3 908360
1 920636
5 931730
1 951321
5 957026
3 963194
2 948609
3 945828
5 967344
2 975756
5 959324
3 961180
3 978188
3 975551
3 956097
4 912416
1 931945
4 952456
5 996256
4 950491
4 995301
2 915844
4 952274
3 976509
4 986431
1 925364
3 903375
1 917920
3 975999
3 929388
2 970138
2 904252
5 933566
2 961370
1 960152
4 918693
3 979702
1 952644
3 944578
3 908972
1 908281
1 911552
4 1003
3 900761
5 978328
2 988439
5 994049
1 997695
3 921843
1 915249
2 942797
3 952113
1 997813
5 993521
1 942393
5 965155
1 990085
5 905011
1 992184
5 989844
4 933242
1 900256
5 913089
2 971539
4 927043
5 979100
3 990925
4 949100
1 969797
5 972935
5 961776
3 925120
4 919404
1 996050
3 937250
4 903329
3 941600
2 994236
4 940291
1 976901
5 942309
1 904253
4 969739
5 954120
4 970477
5 982539
1 964534
2 926063
5 961999
1 967818
3 911433
4 990376
3 992491
5 922964
4 934832
5 987786
1 939200
1 943400
1 967573
5 989936
1 955574
4 960711
5 997604
4 994738
4 924429
2 915151
4 945266
3 991258
2 988017
1 974093
2 937073
5 948173
1 964301
3 934252
1 913320
2 958787
5 947463
1 903771
2 904568
5 909349
2 928184
2 991319
5 910320
5 999083
5 921396
2 990919
2 925799
5 974787
1 964467
1 995126
1 964205
4 981866
4 997629
4 952973
4 972642
1 971376
5 967217
5 959309
3 977502
3 918010
4 948616
4 947106
5 916306
1 986366
1 984085
5 916870
5 988194
2 947138
5 933713
5 934792
2 936713
2 996836
1 914854
3 902325
1 990311
2 933178
5 965172
3 996603
1 914531
4 975803
1 963451
2 997569
4 908413
4 986755
5 901561
1 943423
4 941440
3 906015
4 930638
1 991165
2 968255
1 955378
1 949750
3 944800
2 946947
1 940512
3 916189
4 956264
4 954667
1 983858
4 979376
4 987974
1 909944
4 1005
4 990725
5 984916
1 924465
5 934889
3 943244
3 941193
1 948971
4 923795
2 940825
1 977399
3 936935
5 995891
4 978001
4 932082
5 955652
3 943565
1 933328
4 977409
2 964719
2 947269
5 938530
5 946264
1 976932
1 955388
4 940548
1 923693
4 931334
5 996103
1 934672
5 948089
1 920733
5 944911
5 977737
2 970251
4 973042
2 903093
4 977052
5 924910
2 935592
4 925537
1 932239
4 908355
5 903360
5 996630
2 931631
3 901336
5 977405
4 937329
2 928746
2 914543
2 929459
2 925271
3 938076
1 975244
4 978517
3 951244
1 927313
2 904132
3 950028
2 982288
2 924484
3 960768
2 956999
1 986285
3 950117
4 980649
4 948864
4 972182
4 910930
3 983466
5 959758
5 919946
5 910918
3 980242
4 923402
4 1004
1 908472
3 982574
3 968266
4 990577
2 917818
3 950962
5 933689
3 956254
4 976232
4 932489
2 903632
5 912308
5 922190
4 967209
2 991298
2 937195
3 965956
1 995873
3 979310
1 944037
2 915567
4 999
1 982682
5 938363
3 965721
5 992414
2 969525
4 901674
4 970901
3 940684
1 992017
3 952985
3 926339
3 969795
5 945201
4 950966
3 905547
3 977223
2 966195
2 915610
2 969852
3 906131
1 955792
4 923391
1 993768
1 958475
3 961843
3 954043
5 914991
3 973127
2 938642
4 975916
4 913341
5 943657
5 980451
2 912316
1 986063
1 993201
1 905448
4 965702
1 979605
2 907205
1 975080
4 916695
5 976159
2 956394
4 914181
5 933534
4 952008
1 956830
4 990608
3 903786
2 983811
1 926138
5 968395
2 919562
3 956562
5 949850
5 944250
3 940857
1 906266
1 968494
5 998248
3 961902
4 971947
1 964301
5 918608
2 924995
2 951662
4 968285
1 918354
3 922674
2 922919
4 923865
5 943102
1 990205
1 909045
3 902802
2 987859
1 912242
5 920545
1 974096
5 986797
3 966044
5 927740
2 983212
3 911265
2 966860
2 920300
1 948275
3 900308
4 955313
3 976353
4 947763
2 904639
1 950916
1 969659
3 923052
4 916359
3 973234
3 946845
5 932797
3 942903
4 928337
3 992396
1 925690
1 930366
3 951262
2 935702
1 999309
4 969832
2 935537
1 975911
1 902200
4 941972
4 973350
2 937474
2 955012
3 985514
5 969575
4 907113
5 952906
3 930845
1 980321
5 921597
3 942276
3 991290
1 989759
4 966692
5 982587
2 937019
2 920687
2 976151
2 999797
2 959167
2 912698
2 925965
1 921759
1 949218
5 973492
3 921432
1 949926
2 967459
4 987536
4 973255
4 979744
1 934263
5 947362
3 920902
5 937681
3 999753
5 947878
2 967377
2 957081
2 948902
2 941928
4 991220
2 996087
2 961048
1 981136
2 941698
1 965788
4 998
5 901579
3 906862
2 955010
4 933313
3 924663
3 974004
1 919263
3 951327
2 920577
5 922879
3 968634
2 990355
3 996544
1 913363
3 927500
3 995402
3 984552
1 941641
1 968201
5 915962
3 948493
3 928423
2 906905
4 913934
2 987900
1 926089
2 995711
5 910114
1 961797
1 936422
2 906745
1 958077
2 943537
1 947141
5 953834
1 952958
3 937140
3 987761
4 962413
3 964586
2 994477
3 998430
2 952380
2 930942
3 951321
3 915360
3 933866
2 956916
3 979544
5 919503
4 975397
5 916868
1 904991
3 930336
4 1005
5 943531
1 918078
5 920938
2 977279
1 986805
5 970785
2 974225
5 911093
2 946356
4 978582
3 973127
4 934085
2 938697
4 970616
2 926786
5 987586
1 913077
4 940485
1 993794
5 996057
4 951588
5 903567
4 909796
5 942706
3 993710
1 904480
3 960043
3 930194
5 921056
5 935185
5 950513
2 912772
1 912484
4 928318
5 917465
4 917863
1 990120
1 971815
3 955050
1 903510
1 974386
4 985304
3 905120
3 967857
4 974513
4 973142
5 999291
3 904897
5 906877
5 901990
4 994027
5 962038
3 929623
4 957508
4 967735
2 983652
5 913390
2 929615
5 986615
3 979174
5 979664
3 930323
3 986476
2 930114
5 991974
1 978220
4 934483
4 936316
5 937128
3 977015
2 922790
3 988721
5 953030
1 928423
4 969298
1 965289
3 902842
3 964388
2 972712
3 942684
4 938697
4 908426
5 975364
1 959520
4 957127
3 978950
3 970522
2 923692
5 946991
2 921382
1 985915
2 926947
4 936692
4 994732
2 937616
3 924416
3 922115
3 941379
4 900868
4 931670
4 932667
3 983525
3 917281
3 990223
2 956254
3 953729
1 927791
3 977797
1 968178
5 958168
1 989761
2 978624
5 970713
1 930553
1 965988
5 940414
5 979325
5 940285
2 903321
1 946661
5 923176
4 957787
4 974927
3 925242
4 928071
3 910391
2 971104
1 992589
4 904485
1 918506
2 954576
2 906920
1 911175
5 908070
5 977611
2 997609
5 970232
4 963609
1 951608
1 943670
1 956707
2 976775
1 988204
1 955624
1 972434
1 941808
1 953026
1 923703
2 956046
4 962317
1 953223
2 986014
3 973724
5 941311
2 994889
1 907963
2 989817
1 907017
3 968611
1 936977
5 964989
4 967401
4 967299
4 941942
1 988735
1 979560
1 926149
1 968876
2 916005
3 947283
2 964980
2 914719
2 904797
3 977712
3 953940
5 949183
1 983052
1 994960
4 956989
2 914161
1 965276
4 980741
4 918734
3 908077
5 975659
5 961115
3 921311
4 971684
4 976515
4 983871
2 972343
4 989982
3 982993
4 942004
4 941459
2 975263
4 985807
5 967126
2 992197
1 969997
2 932026
4 988974
1 968214
5 997886
4 900973
2 945355
3 922301
5 988100
5 928567
1 981357
3 961934
1 915540
2 919823
1 981553
4 904419
2 991008
4 948261
4 960580
3 976618
4 973494
1 913724
4 914495
4 964902
2 916890
4 930394
5 916528
2 926227
4 948034
2 944963
5 982065
1 919940
3 975097
5 941779
2 951185
2 958032
4 908758
4 979201
4 950206
1 945169
5 952508
4 956428
5 943386
4 970083
3 926566
2 905029
4 917175
1 904322
4 928764
4 983568
3 930883
3 918615
3 946442
2 913444
2 907440
2 916285
4 902307
3 980815
3 936026
4 941359
1 941109
3 977212
5 983430
2 923175
2 948854
1 972604
3 985453
5 997595
4 974564
1 987196
4 950940
2 916533
4 980219
3 927804
1 939748
2 906048
1 979859
2 957905
1 921921
3 986936
2 972130
3 939724
1 966692
3 956377
4 910746
5 907828
1 997155
5 987786
1 950673
5 992961
4 957645
2 903716
3 930095
5 959089
2 933741
1 987060
2 917841
3 935826
3 907941
5 923237
5 917443
4 998
5 938339
1 949123
2 931823
1 917247
4 904302
5 939901
5 903461
4 994021
5 944207
2 928781
4 940148
5 913375
5 992645
5 943134
4 936698
3 961546
2 932603
2 936748
4 987601
4 998
3 911983
5 943930
5 927412
4 976080
3 912960
2 981488
4 903574
5 966672
2 980384
3 984534
1 952844
4 973844
5 962498
3 941878
1 929564
3 912668
1 909624
2 933077
3 981159
4 900807
5 968284
3 949380
4 979966
5 988157
4 901416
1 924678
3 976029
2 960807
1 903663
2 971797
2 979784
2 928172
1 938294
2 937647
3 915117
5 936893
2 973808
1 992808
1 907419
4 998170
3 918024
4 906319
2 951948
3 971616
4 939268
1 949059
3 986590
2 906813
1 905496
1 941181
3 957142
3 980854
4 912801
1 996596
1 964721
5 914176
3 943062
4 992345
4 929109
1 924781
3 998341
1 962380
2 921860
3 970216
3 901695
3 998724
3 914784
5 967180
3 909923
4 948744
2 953589
4 990269
3 913827
1 958010
5 967605
4 943864
5 977254
2 988635
3 955867
4 998720
5 949066
1 989225
3 923853
3 970356
5 947553
3 982175
1 987326
5 967947
5 959981
3 914797
4 981577
4 950183
4 952921
3 985454
5 994595
4 927250
4 970684
3 907359
4 994960
5 928792
5 939466
2 998640
3 901775
3 959400
4 951730
2 925832
2 909904
2 970558
5 995445
4 928001
1 969970
3 920332
3 937960
2 987985
3 912901
4 907777
4 966055
5 956664
5 933273
1 900554
4 906176
1 947599
2 939890
2 900361
1 981692
3 959611
4 917715
3 912613
5 904163
4 952730
2 957872
3 967991
4 918448
1 902738
5 994221
1 942610
1 954041
3 983629
5 956908
5 958450
1 994284
1 985354
3 921703
5 970003
3 903343
3 997969
2 911561
2 911399
3 923867
2 931581
5 988523
3 928581
1 989586
4 982938
3 959846
5 939440
5 978763
5 965394
4 931275
4 938063
4 952777
5 946223
3 935961
5 950923
1 947542
4 992614
3 901517
5 971598
4 966430
2 915782
4 937158
3 964205
3 971051
5 992657
4 964102
4 935704
2 985437
4 950520
3 999130
1 969480
1 906455
2 990860
4 976286
4 934984
2 999600
4 1004
1 950541
4 935010
2 990890
1 934469
2 947499
5 956354
2 914213
3 933441
5 998389
4 960499
3 900477
3 938585
2 915208
4 979869
4 919540
3 963772
1 964145
5 979319
5 960386
1 924249
5 963159
4 935225
4 933047
5 936195
4 923115
2 927054
4 975282
4 973942
4 976449
3 954440
5 968071
1 937385
3 987370
5 944999
4 915370
4 990589
4 993838
2 950993
4 957796
2 956090
2 954591
1 937408
3 992620
4 984125
5 944046
1 932259
4 984487
1 952816
3 908380
4 964539
3 929319
1 977219
2 962003
4 932337
3 937019
4 907130
2 953485
3 939147
2 903775
4 962481
2 929212
5 986677
2 992219
2 952826
3 994361
5 947809
5 953311
3 928388
4 921772
5 916097
3 942310
2 910748
4 985123
1 918139
2 990699
1 973303
4 951218
2 983750
5 935840
4 914539
4 907872
1 917230
5 976267
5 912509
3 947485
1 936457
2 997509
3 986644
3 926099
2 994099
3 948635
4 993694
1 941261
5 961415
3 994841
1 993921
3 982121
5 984787
5 937919
1 997885
5 924527
5 929986
2 978065
4 985285
4 964083
1 965077
2 984464
1 940218
2 989719
1 952340
4 993900
1 973804
4 923849
4 927677
2 968776
2 912834
4 996
2 937678
3 998686
5 978055
1 996073
5 995881
2 935941
2 925507
3 982132
3 973234
4 958115
2 909290
3 944367
5 913888
3 930884
4 963811
1 922978
2 915899
4 933753
2 921112
4 956222
5 979959
4 909360
2 953302
3 968920
4 988931
2 969848
5 958748
5 940719
2 939041
3 908304
3 979749
4 921854
4 902375
3 912622
1 947845
3 941626
3 948422
1 916740
4 949774
4 976649
2 991974
2 924929
4 953741
4 954249
5 956901
3 989464
2 924144
2 918829
5 902926
3 909203
3 998998
2 985596
1 923084
5 976691
3 990158
2 947020
4 952032
4 931119
3 932242
4 949375
5 913140
4 986971
5 965962
2 944402
4 924951
3 999861
2 902355
2 982042
1 973048
4 902015
3 983869
3 991016
4 936442
3 988238
4 988336
5 928218
2 990479
3 942903
1 979228
2 918293
4 907095
3 969917
2 900967
3 983528
4 953146
3 994287
2 992964
4 911227
4 906941
5 920994
1 948512
5 945891
4 917266
3 920401
5 914913
4 952797
4 993837
4 996
3 914600
4 931967
4 946237
1 949101
5 902031
2 954000
1 990945
3 990165
2 947073
4 909761
1 954234
3 971956
5 908460
3 947387
3 911145
4 912395
2 904646
3 999249
2 921281
3 908271
1 904887
4 908018
2 949184
4 925231
1 966107
5 993345
3 914248
4 1003
2 933565
5 925961
4 925687
5 941019
5 933396
4 942674
4 977748
1 929257
1 965323
4 930961
3 913210
2 943570
1 946589
5 946393
2 989594
3 988765
4 913481
1 940735
5 978427
1 905380
2 975636
3 970103
3 962992
4 976097
5 999385
2 975541
3 933899
4 912886
3 965027
2 920616
5 990061
2 922803
1 946599
2 917762
5 971786
2 991705
2 959965
3 923737
1 940025
4 978247
3 966168
4 974485
3 965272
3 931614
3 924426
5 918145
3 932707
1 974620
2 969327
5 994836
4 938789
2 974095
3 981502
2 909532
3 976182
1 985861
4 999307
4 965810
4 910383
4 953922
5 948841
1 916858
5 930118
2 935686
5 944972
5 910924
3 978587
3 947485
4 956779
4 904893
2 918850
2 910256
4 964705
4 917112
4 938921
2 911946
4 994815
4 936921
4 993693
1 943844
4 952863
5 957599
1 942680
2 960732
2 972444
4 969285
4 968823
1 902464
2 951315
2 942471
2 904191
4 996936
3 938021
5 922362
1 969231
2 933435
5 910654
5 926373
4 941682
3 944947
1 983937
5 948419
3 917681
4 977641
5 913451
1 956059
4 960105
3 980257
3 957653
2 911480
5 971835
4 950378
4 934352
2 949333
4 976652
3 988272
5 940268
5 955314
2 989191
2 951366
4 925019
4 944128
2 947217
5 908307
5 965853
5 920902
5 923097
4 904668
4 911177
2 961065
1 961612
3 905158
5 900896
3 959530
3 964123
4 915750
2 954900
1 948452
5 951237
2 951829
5 984516
4 970867
2 960905
2 955580
4 955732
2 982176
1 911275
2 967431
2 927529
2 990205
5 941498
2 977957
4 1003
2 910779
4 978571
3 929857
5 946545
5 908770
2 992989
1 949413
4 921406
4 999
2 985929
5 959792
1 929186
5 928720
5 914919
4 948701
1 976027
3 961312
2 931933
2 918678
3 922938
4 927563
2 900099
2 906338
4 992290
4 958739
1 957362
2 917548
1 944731
2 905245
2 933108
3 922320
1 952020
1 987263
2 944279
3 939506
5 945450
5 952901
5 985044
3 995884
3 961545
2 969076
4 922535
5 906799
2 943807
4 990769
2 997433
1 948741
1 978495
4 900106
1 922112
2 909303
4 941569
2 966116
1 922362
4 1005
5 987667
2 902595
2 955731
5 977911
1 923423
2 988495
4 982508
5 941131
4 989618
2 989692
4 976173
1 988521
4 972527
3 917314
5 970148
2 983814
4 926028
1 978469
5 970857
2 921269
3 920178
3 934994
5 929967
1 958410
4 947184
1 997323
4 980119
3 965348
2 964400
2 958700
3 940395
4 962347
4 913704
1 900570
5 942324
1 968746
5 991686
3 910956
3 902787
4 918140
4 959968
2 917683
4 930919
4 940955
5 902714
5 966174
4 998899
3 970733
4 905450
1 973803
5 990948
3 982105
4 991570
1 909042
4 956922
3 948115
1 958027
1 922908
1 942154
4 911453
4 935786
1 927129
2 996110
4 911362
3 912001
3 972959
1 981228
4 932144
1 920753
2 939930
4 912570
3 983067
1 953134
5 994372
1 944984
2 963868
5 951476
2 938182
5 946111
5 971746
1 987446
5 974833
5 979326
3 913062
2 951481
2 965804
4 978059
5 942703
3 919978
1 993540
4 961429
1 950399
2 926990
2 918560
4 940004
2 920587
2 985753
1 956126
5 961628
2 901160
1 952552
3 939345
5 938543
1 909316
5 981845
2 992483
3 931169
4 975473
3 964613
2 901433
3 916070
1 974441
1 929293
1 900256
5 914654
3 914071
2 948599
4 968136
2 956059
4 947091
5 965382
4 976570
1 970268
3 952003
2 979088
2 955730
3 931010
2 954503
2 939270
2 981721
1 928861
2 963457
1 931047
4 984981
4 965498
3 924380
5 951382
5 905548
4 1003
1 981740
5 975591
3 960870
1 968421
1 996814
5 957304
5 975081
1 903068
4 955436
3 982176
4 947468
3 946011
3 902240
3 938931
5 973281
5 929949
5 948584
4 935316
3 941977
1 999269
5 956874
5 978921
5 965092
5 914632
1 967359
4 988788
1 929387
3 934178
5 969708
1 908787
4 941355
1 952472
2 991624
4 983311
2 947311
1 933979
3 972671
2 925943
3 932857
2 973711
1 947591
3 978340
5 957822
3 919863
4 992387
2 993804
5 911509
5 981262
2 941873
4 976735
3 944347
5 924358
5 931275
4 915133
3 971449
4 988116
1 900817
5 901060
2 949938
5 990494
1 908439
4 956011
2 925116
1 977085
3 911585
5 905092
2 971978
4 971109
3 901250
3 987362
3 944432
5 979130
2 958285
4 913452
2 952854
3 907963
1 992212
4 955146
5 956682
2 936330
4 997681
3 941885
2 967450
2 923502
2 953792
2 919385
1 996551
4 942586
3 914976
1 969829
5 926471
5 966183
2 937656
4 907472
2 975350
1 955383
3 958384
1 959703
5 988530
5 947750
5 960144
5 926886
2 930930
4 912941
2 980859
3 938326
2 930545
5 974398
1 931534
2 988060
1 952130
5 953387
2 948581
3 912298
3 928026
2 964263
4 946807
1 969345
2 942727
4 1000
1 907415
5 958163
2 982861
1 968786
1 921202
2 930654
4 989801
2 983783
1 935376
2 904591
5 915506
1 966513
4 920163
5 922606
3 993061
3 995939
2 999561
2 973663
3 997598
2 959998
5 989407
2 953355
3 905754
2 932452
1 995499
4 972598
1 969281
3 906593
2 996818
3 986343
4 949793
5 997626
2 960986
5 974429
4 940058
4 921743
1 953238
3 964849
4 913588
4 907619
2 986153
5 987508
3 958265
1 958323
1 997983
3 915195
5 911036
1 946785
2 986012
5 950683
4 906027
5 996774
3 927535
1 988707
4 999768
4 999815
4 988259
5 930592
1 937793
4 989804
5 998575
1 998077
2 932824
3 954001
2 902569
5 978580
1 935973
4 958176
5 968879
3 946465
4 977421
4 923107
2 926827
1 958279
1 929521
1 941615
4 968179
3 981539
5 963637
1 918521
1 955568
5 911246
4 985881
2 960812
4 992215
1 907564
4 939975
4 920854
4 984950
2 970540
5 968389
1 946430
4 929570
3 913437
1 998461
3 969700
1 950356
3 927242
1 967874
2 926328
4 965161
5 904555
2 932980
5 959597
3 989395
5 974770
3 912046
5 961755
1 948020
3 996427
3 972617
5 969329
2 989231
4 969760
5 923113
5 949059
4 976398
4 996651
5 927877
4 994481
5 919917
4 954585
5 969388
3 906112
5 989302
2 906017
2 954409
5 979487
3 975567
1 900593
1 913935
5 964584
3 968940
4 992116
5 990458
1 978511
3 978272
2 998794
3 964269
5 906444
3 961047
3 919964
3 972845
5 995937
1 993886
3 990121
5 905689
1 983071
2 988637
1 985912
3 931934
1 971279
4 985839
1 998300
1 982235
5 905162
1 967608
4 972468
2 973053
4 937336
4 994771
5 980579
2 933774
4 931284
3 983883
3 964832
1 941171
5 908754
5 954716
3 932037
5 979807
4 964889
3 998629
4 1002
5 998000
4 986757
3 909825
5 943693
5 947650
5 958106
5 967773
4 938536
1 962692
5 966674
4 970116
1 923603
5 997683
2 943986
5 990835
3 917527
1 968223
4 999
3 956401
1 982506
2 988238
3 964902
4 991264
4 969671
1 991997
2 967379
3 954151
1 999276
1 904433
1 944388
4 945355
3 969000
3 929200
4 939110
5 984956
5 930141
3 986380
3 911264
4 966647
1 926627
2 965445
4 917745
3 922378
3 939672
4 961286
1 927132
3 926612
2 982460
3 916067
1 941147
4 940438
3 951448
2 940584
3 917232
5 981613
2 940059
2 925078
2 905764
4 957919
4 931911
4 990684
4 977943
4 993911
3 912646
1 937405
1 921244
2 915448
2 915468
4 921813
1 951064
1 913537
3 928279
1 988200
4 970241
1 903962
1 976407
2 965739
2 961848
4 962197
4 991376
3 927562
1 980811
4 905652
3 951425
4 960298
4 925681
1 906245
4 1000
2 940420
4 923610
3 947779
3 927875
2 959928
3 958505
1 918370
3 962801
4 983538
3 980009
4 968423
4 911456
4 984892
4 930572
1 907191
5 948124
4 937055
1 922601
4 994225
5 981257
5 918419
2 914398
3 924106
5 964171
4 930878
5 989420
2 917061
2 943444
2 913181
5 939663
5 952625
5 946493
3 924438
1 943003
5 998206
3 940820
1 925521
2 994182
5 995986
1 968833
3 905000
1 941208
4 933040
1 970810
2 925350
5 978853
2 913499
2 929167
1 995202
2 994239
4 994220
2 985412
3 977152
1 927366
1 919683
4 980709
2 953954
3 923597
3 945889
3 993227
3 923824
1 989402
3 978860
3 916015
1 990192
4 914084
2 933811
2 935721
4 954165
3 912594
4 935683
2 996934
3 909527
5 905582
3 924450
4 901369
1 904101
4 905743
5 999685
3 984955
5 926156
4 981374
4 906306
2 983096
1 996035
5 906987
2 962519
1 943695
1 994103
2 955685
2 971643
1 948351
2 979103
3 901306
1 904584
2 943099
1 996490
4 911162
5 918728
3 917740
3 996686
2 946010
1 954420
3 942398
3 946623
2 923880
4 911502
5 988888
3 935397
5 957498
3 936167
4 962524
2 959107
3 954204
5 977419
4 985330
2 969212
5 948734
1 959553
2 991021
4 985912
4 921656
3 914365
2 921159
1 977297
3 996458
5 992778
3 941408
1 961433
4 931530
4 999317
2 907634
5 953750
2 943719
3 902832
1 953038
5 921045
2 946062
5 965042
1 949124
5 977564
4 970130
2 982692
5 969653
2 984095
3 944996
3 942546
2 984551
4 946625
2 946547
2 948067
1 939807
2 914549
5 998867
4 969662
3 990276
2 951251
5 910108
3 987155
2 940499
1 921155
2 917272
5 904699
2 929501
5 915284
2 920789
2 943924
2 925960
4 945166
5 926069
3 942406
4 960321
1 990424
4 904617
4 935008
3 904226
1 973397
1 967023
2 958342
1 963240
1 961078
5 957291
5 977887
5 973525
2 951059
3 971780
4 905661
2 933278
3 986574
4 926803
4 917156
1 961448
3 986271
3 903644
2 919837
1 931250
2 940521
2 927123
1 905911
5 925530
2 901168
4 928836
5 921074
4 939134
5 991795
1 950225
2 974672
4 987680
5 943660
5 950839
2 961440
4 989036
2 982329
2 971725
4 927424
4 988487
1 992546
3 976953
2 968933
4 992618
3 959912
4 963987
5 938491
2 917620
2 935872
4 962626
3 914145
1 916735
1 990195
2 941747
4 902127
2 947987
4 947313
2 945931
2 939144
2 920558
3 972120
3 910515
3 926610
3 998806
3 947343
4 937534
4 917319
5 959951
1 954700
1 972324
1 997745
2 936079
1 931830
4 956168
1 951749
3 990721
5 947324
5 977886
4 914955
5 951069
2 927459
5 970301
3 986217
1 990878
4 995993
1 974710
1 980434
5 938800
5 941635
1 913987
4 966178
3 975577
2 985293
3 999924
5 998261
5 931256
5 953107
2 936353
1 907786
3 945576
2 997119
5 986764
3 942725
4 949408
3 961545
5 974611
4 936180
1 986819
2 962098
5 997510
3 982469
2 977343
3 964996
3 912262
2 920809
2 912029
5 900242
2 984236
5 976092
1 936174
1 935650
3 997332
4 980398
1 976989
1 940245
3 904061
3 939460
2 924073
2 908915
3 981777
4 980302
4 904175
5 922944
2 940919
2 955475
4 996
5 952498
2 968029
2 941711
4 904889
2 915131
1 926436
4 953523
2 990279
5 904695
5 989992
3 956045
2 930793
1 978280
2 920075
1 957233
5 980540
5 998428
4 901665
4 965347
2 902197
2 939559
5 951921
5 976554
5 980368
4 975659
5 994118
3 920645
5 917212
3 917582
5 904081
3 995136
5 963809
4 975466
1 949989
3 942155
3 988470
1 963079
2 936921
1 951646
4 925603
2 956731
5 971064
2 946896
1 997325
4 903140
1 957891
3 932192
5 995215
4 932165
3 978467
2 921140
3 903845
3 997086
4 935271
5 917434
4 940160
4 962267
3 914637
2 910392
2 917513
2 921219
3 931897
5 921399
1 925489
4 901682
4 1001
5 945701
3 982870
4 956947
3 907190
1 935775
1 929856
5 940877
1 949987
4 925499
1 928615
5 909168
5 989729
2 920240
5 976857
2 964033
3 921614
2 916029
4 900944
2 940233
2 915978
1 986820
3 904299
2 922754
4 970869
2 912101
1 987167
1 916735
2 978259
3 961549
2 996980
5 924457
3 953587
4 966001
5 936852
1 980940
4 991755
1 943230
3 996382
2 941999
5 984399
5 965461
2 927947
2 940437
2 964865
1 984227
3 920982
5 939736
3 908995
3 905888
3 929171
2 919001
1 946898
5 929755
5 982727
4 949942
1 976709
4 975731
2 930954
4 955411
1 974367
3 947770
4 919003
1 986840
3 956377
5 995086
4 923805
5 945942
4 970116
4 930414
5 996760
5 931421
4 962022
3 915584
5 962941
1 918270
4 970180
1 962540
3 938808
4 900462
5 973480
4 1001
4 1001
5 932650
1 919514
5 902377
2 941714
1 984667
3 935517
2 951419
4 974757
5 940112
4 920750
3 989472
1 990149
2 951508
5 960970
4 978372
2 913999
3 975881
3 991351
1 902538
1 981829
2 949110
2 955530
3 945517
5 943364
5 967106
4 982691
5 965978
1 974668
5 999460
5 950296
2 922989
1 985074
4 903165
5 922246
1 908406
5 976813
3 954993
5 976214
1 989113
3 939143
3 950333
3 989385
2 979249
5 950157
4 921981
5 935836
4 966414
4 965823
4 976225
3 949040
2 981202
2 946279
1 997346
3 988052
4 945159
4 923603
1 963255
4 935801
1 998607
3 919542
4 929839
1 925750
3 949986
1 934726
3 959115
3 982060
5 954179
4 998012
3 967205
4 935870
4 994036
2 975533
1 979356
4 926268
2 902445
4 931489
2 984871
2 937935
3 988892
1 994637
5 905604
3 949361
3 925704
2 925370
3 927603
5 989217
4 902445
1 959031
4 977302
1 917231
5 937056
3 913385
1 902029
2 989240
5 982889
5 948093
5 958147
3 932004
5 930268
1 921583
1 945383
2 904946
1 944302
5 970576
2 982644
1 995213
2 909959
1 927296
2 909088
4 914920
1 966474
5 989746
5 910289
3 918605
2 955926
4 938875
4 951864
2 993729
3 916154
2 986038
4 981291
5 985399
1 913028
1 915315
2 994892
5 999654
3 967256
3 994186
1 982634
1 998359
2 932383
2 978488
1 983443
4 943883
3 999054
1 916918
3 968395
1 996061
1 915643
1 910991
1 981256
1 943784
4 999250
1 986731
4 941333
1 936464
1 917887
3 958353
3 970531
4 991205
5 960995
3 953692
4 926453
5 901125
4 974975
2 998149
5 987073
4 915213
2 959847
1 924433
2 954799
5 986596
4 923575
5 917939
2 956251
2 979126
3 915612
3 929755
2 929234
5 950487
5 913267
3 953614
5 915916
5 987654
5 960579
4 1005
5 993148
3 920252
2 982989
3 985103
2 960808
3 987270
2 945292
2 958404
4 963381
3 942304
3 934446
1 929910
3 917732
2 975443
1 919264
3 920549
1 931341
1 935474
2 915130
1 996797
3 962289
5 948565
1 973461
1 994836
2 929444
4 998813
4 919773
5 904664
4 937238
4 955892
4 1002
4 928143
1 985131
3 993270
4 933712
2 985264
1 936279
4 993944
2 977577
2 900927
5 956360
4 980016
3 916493
4 937917
5 985241
3 973236
2 997162
3 994471
1 993354
4 939627
3 981356
2 921623
2 980197
1 942068
3 924995
4 950534
5 903906
1 928404
2 922808
4 959100
3 903864
5 994803
4 922377
1 905938
1 948158
2 941407
5 991456
1 923567
3 978225
1 976565
4 949243
4 983631
3 998145
3 907851
4 989763
5 951421
4 964638
1 978127
5 952918
2 915294
3 937163
5 901062
4 951482
5 980736
3 911002
1 949268
2 920655
2 940657
2 958987
4 961638
4 970844
4 928290
4 982536
4 945496
3 951865
5 936281
5 935141
3 989312
1 972414
5 980292
4 935093
4 965423
1 970935
3 936271
2 943936
5 997725
4 981911
5 978831
5 949707
3 980366
1 953990
1 940412
2 989930
1 973671
2 923291
3 913255
1 933161
5 934259
5 902691
4 1002
1 955474
4 958654
3 959272
5 918873
1 950456
1 932176
3 984679
2 999646
1 986174
5 915067
2 992413
1 901485
5 986379
4 989537
2 979261
3 915972
2 907788
4 944912
4 1003
2 952280
2 917352
3 921047
2 939728
4 949467
2 934054
1 931081
3 910983
3 947309
1 990843
2 900832
2 945982
4 992781
5 916862
3 999066
5 918407
4 962239
1 924831
3 967697
3 960794
3 982871
5 970688
4 984199
1 909319
3 912534
3 910776
2 971602
1 925469
3 971267
2 913760
2 974825
4 922186
4 993351
2 906594
5 935831
4 902542
4 939861
1 972458
4 906630
3 933753
3 964031
1 993676
1 981269
5 956010
5 989966
4 942277
2 908831
5 935373
2 999099
5 919434
4 967840
4 978886
5 916701
5 950253
1 994053
1 913739
1 997881
1 999284
1 947047
4 972780
5 995336
4 949952
5 926810
5 965933
1 952406
4 939873
4 993916
4 926263
2 954894
5 995915
3 932222
2 992067
2 932815
1 916027
4 900505
2 929352
4 999877
2 908314
4 963689
4 982504
3 970696
1 911668
1 965665
3 951701
4 986493
1 947117
4 981533
3 982910
3 923224
3 935069
4 989531
1 953406
1 930511
4 930818
4 907466
1 963288
2 959022
5 957794
1 910849
4 934194
4 963069
4 930564
3 951444
5 984368
1 980888
5 941531
4 998
3 923499
1 942176
1 997102
2 954590
2 990618
3 951138
1 954171
1 967614
4 921294
4 938732
3 982456
4 924591
2 939116
3 905340
4 942913
1 972596
3 958098
1 924460
5 914329
4 941390
1 907377
2 919785
1 942321
1 923706
4 975565
2 963820
4 905313
3 929806
5 958499
1 982046
2 926247
5 913635
2 937328
1 906366
2 980535
1 987830
2 947776
1 909130
1 966377
3 988582
5 975658
5 979436
2 967091
2 903772
2 943724
4 972140
2 993008
5 917902
2 974951
1 936048
3 960786
3 933010
3 960045
5 968562
4 967436
5 935092
3 980684
3 942831
2 954604
1 947648
5 973881
1 970834
3 926780
5 945636
2 956937
4 947552
4 982956
3 936512
1 941474
3 933550
1 950176
1 955410
3 953150
1 995560
2 928839
5 923474
3 999768
4 909833
1 910782
1 963584
1 930406
1 913947
4 921608
1 987425
2 961837
1 982890
2 996154
3 923260
3 942188
5 916042
4 908542
5 920082
5 960369
2 989644
5 936567
5 901851
5 958821
5 954264
4 963031
1 942364
5 929373
1 929567
4 902581
3 990134
2 903829
1 982990
1 903645
3 976153
4 988312
1 922464
3 926726
1 977584
1 946750
2 964682
3 981129
1 929908
1 909263
3 948106
4 906190
5 987553
5 903278
4 988942
5 910361
3 960408
3 990637
1 959622
2 994484
4 1002
2 990092
4 929240
4 939872
2 951744
5 977243
2 923304
1 962848
2 975572
4 967148
1 952023
5 939130
4 956037
4 971189
3 920615
1 963420
5 965551
3 908601
5 900068
2 958150
3 922523
3 950521
5 920246
3 943988
4 946811
2 958797
1 927619
1 936772
4 938187
2 994528
2 930837
2 937012
2 959292
2 968204
3 928604
3 940859
2 921496
2 987315
2 949678
3 975559
4 967473
2 943677
4 973898
1 972211
4 952257
5 950712
1 917781
4 986273
3 923979
5 992879
3 928577
3 985311
5 917497
4 956459
1 941106
2 991124
4 930041
5 938730
5 944400
2 965110
4 954001
2 923214
4 960255
2 900856
5 944931
3 930510
5 936095
1 972085
1 962533
1 981114
3 902453
2 935550
2 943741
5 917301
4 954021
4 902969
5 954762
3 964898
1 951680
4 982789
2 950375
1 999312
3 978631
5 997256
1 923852
3 919667
4 996618
3 934228
3 935812
4 983021
4 957992
5 904342
5 919327
5 963674
1 995802
2 901028
3 920002
2 957093
3 991422
2 936526
2 957806
4 940697
5 909183
5 993994
1 973720
3 985293
5 985641
2 925205
2 967565
4 904429
2 928930
5 931043
3 980164
3 938310
4 912667
1 939771
1 928657
5 915133
5 991187
1 959681
1 924729
5 905869
5 964857
2 926825
4 904079
5 926985
3 949027
5 931859
4 977013
3 989691
3 911695
4 993551
3 997487
4 941235
3 922341
3 957510
5 916112
4 976719
3 903137
4 988417
3 943403
5 953612
4 901474
4 998
1 966714
5 923365
2 968688
1 990662
4 967053
2 986454
4 997
2 912998
5 921332
3 970076
5 961215
1 914726
3 927279
3 980126
4 970398
1 903646
3 932283
1 919625
2 950698
2 979306
1 980975
5 956466
4 956003
1 944569
3 921182
5 901136
1 988700
5 974060
4 987808
3 915363
1 960483
1 926959
2 957853
2 967799
1 973587
3 934351
2 910951
4 907662
3 929940
1 926882
3 971076
3 994784
5 959278
4 949945
2 912072
4 931804
4 911857
3 921278
4 900871
1 959877
1 956252
5 977633
5 932588
4 968062
1 949445
5 937965
2 998954
2 971474
5 981254
3 992419
5 978363
3 915074
4 931016
2 937709
5 929922
2 965291
1 954471
2 971422
5 910353
4 900497
3 929168
5 992753
3 904391
5 975225
5 906229
5 942959
1 997920
5 954003
4 943052
5 919382
4 912922
5 953236
5 956441
5 943846
4 978531
4 923216
2 969686
2 908392
5 951119
1 993019
2 980128
5 987249
4 905916
4 972225
3 970539
1 917538
3 914399
5 982635
2 930643
3 915498
2 954278
4 958084
1 953681
4 961555
2 984230
1 921153
2 928498
2 973522
2 936772
1 972133
5 996965
4 902071
5 979911
1 984857
2 991667
1 928847
5 998033
3 909127
1 926526
5 920697
4 948659
4 980078
4 973914
3 933045
5 997540
5 962431
5 901520
3 930681
3 911707
5 958555
3 918102
2 951350
3 966623
1 981372
5 905590
2 993508
3 944290
5 997794
4 966683
5 964872
4 978034
2 985278
5 953392
2 935897
4 987764
2 960117
3 993075
1 993371
3 987702
5 903832
5 994959
4 971291
2 955282
3 907015
3 983643
1 905619
2 982288
5 993222
1 996583
4 921505
2 914298
4 941664
3 966030
2 971397
4 976739
2 936589
2 957068
2 976576
1 924148
5 966735
3 965589
4 950508
3 915450
3 959125
5 943822
2 923672
2 983787
5 969289
5 943735
5 933384
5 994781
4 991324
5 913844
5 919245
5 967607
1 993698
4 902231
2 915180
5 989455
4 932588
2 901278
1 981607
2 983527
4 913911
5 983291
4 981512
1 902598
1 936778
4 926095
3 990438
4 960735
4 922522
4 929559
5 987079
2 960835
3 985265
4 995767
4 916665
5 942880
3 982822
3 948082
1 993332
4 912534
2 990028
4 996882
1 937417
3 901610
4 994821
4 923088
3 983302
4 908771
5 905567
2 947877
2 946328
4 924518
1 997416
4 903349
4 933695
5 995091
1 930592
4 942807
1 961218
1 930551
4 988045
5 939052
3 919950
3 939697
2 954269
4 937899
4 957522
5 904868
5 972478
2 944590
2 938615
5 901937
5 971100
1 938822
4 913988
5 938754
3 951602
5 976848
1 988115
1 922181
2 979803
2 976691
2 928315
1 977588
1 933071
5 955973
1 934392
3 902259
2 954274
3 930182
3 909929
3 900344
4 990832
2 947816
5 996014
2 997703
4 923282
4 928453
4 981398
2 998714
5 910977
1 954877
5 917590
1 919220
1 932883
3 993694
2 935421
2 910019
2 982075
5 936263
3 946633
4 915511
2 926917
2 952369
5 915404
5 974956
1 931351
3 906579
3 906408
4 941226
2 993019
1 934834
2 915415
5 969939
1 980455
5 926237
2 903796
3 943774
4 973994
3 935716
4 938740
5 934051
5 952848
5 989384
2 995807
1 914778
2 945169
5 938573
1 963187
5 925384
1 973489
4 983155
2 922019
3 947836
1 934229
3 945793
3 905315
2 932285
2 956646
2 997241
5 970054
2 908731
1 941025
2 991329
3 980643
2 961879
5 978612
1 971796
1 928462
2 995072
2 961953
4 931320
1 990780
5 926350
1 952248
2 984666
4 931555
5 936239
4 900024
2 960256
2 938616
3 931913
3 957309
3 988308
4 913829
4 993589
1 992776
5 983900
4 953105
2 986288
5 958893
1 917768
1 953479
2 957379
3 951934
5 904587
1 952553
4 921618
3 947895
5 953948
5 942495
5 955085
2 995525
5 908880
3 958079
2 998404
5 958789
5 973867
4 961281
3 907295
3 975046
5 926965
5 958892
3 963209
4 943144
4 912228
2 958883
2 911483
3 989155
5 946483
3 937843
3 966868
3 969742
1 957062
3 906781
2 947432
1 979913
4 998
1 957877
1 945082
2 906200
2 908192
3 921851
1 960391
4 962498
1 913978
1 952249
5 957969
3 979904
1 983514
4 973667
3 951329
4 951605
4 943796
1 973484
1 901940
3 941948
3 983294
4 967265
5 982505
4 993891
3 953234
1 907396
3 915500
3 961172
4 933925
2 951760
5 981276
5 902571
2 986367
3 988874
5 943301
5 932397
1 943369
3 928047
3 943580
3 943105
1 995043
4 927937
3 970028
5 953487
1 931085
3 930990
1 988229
1 939474
2 921526
2 903757
1 926493
4 987748
5 924350
4 988731
1 936057
2 953977
4 915998
5 948933
5 995640
1 902637
1 942597
1 987716
5 983738
4 953099
1 927332
3 972511
4 942025
3 942277
2 967612
5 911073
5 953001
3 922594
2 909764
3 953328
2 904684
1 959388
3 988589
5 950701
5 986776
2 904934
4 900906
5 912004
3 963119
1 950666
5 945133
1 937711
1 924917
5 923848
4 915607
2 916809
3 908886
1 920541
5 985645
3 979603
3 999344
3 952127
5 997081
3 936342
4 944146
5 932572
4 965715
3 911597
5 971877
4 903032
1 988006
5 974134
3 934443
2 943999
1 984395
5 954934
3 937530
3 959410
3 937892
3 997695
4 907379
5 926256
5 911765
2 901790
1 977897
2 986892
4 958991
5 973753
3 931141
3 932787
3 975678
3 902013
5 954727
3 931912
2 961782
3 981937
1 923211
1 912766
3 996724
4 1002
4 992426
3 959746
3 910441
5 973813
4 1005
3 989901
3 996867
1 992481
4 907209
3 901023
2 987683
5 938823
2 979199
4 908489
3 981455
1 985378
1 919556
2 991573
3 931441
4 982783
4 969839
1 957418
1 929252
1 955789
3 930689
2 930796
5 931251
3 925311
4 911854
3 966367
2 966361
3 999927
5 901187
4 992943
2 958582
1 972445
5 938763
1 936221
4 911095
4 974354
1 944818
1 946499
5 930677
2 964974
4 973565
3 940321
5 921530
2 962002
2 900086
4 955865
2 915602
2 979854
2 939811
2 965022
4 966670
5 972688
5 951632
2 913283
1 969533
3 978394
4 922830
5 915153
5 968996
2 960554
3 927507
5 906535
3 903763
4 941333
2 994943
1 926206
2 956787
1 952881
2 992793
5 920560
1 984455
3 987823
5 941005
5 906572
3 950920
4 978752
3 931195
5 939514
2 980728
4 952351
4 913949
3 996496
4 975577
1 994650
1 984057
4 1001
2 998317
2 984933
5 917220
1 914888
4 943130
3 935420
1 963091
5 988497
3 943799
3 961174
5 907773
4 910025
1 921299
2 975093
5 976617
4 931320
5 936339
2 994793
3 913219
1 905020
2 959602
1 957992
5 909395
5 909332
4 923448
3 965646
4 994815
1 913987
4 920129
2 956888
1 948669
1 953373
2 955002
4 999325
3 972727
2 919641
5 940825
4 939474
3 979631
5 954437
4 903542
1 902705
5 960359
2 961032
2 942394
1 950809
5 970350
3 946252
4 909447
5 911385
1 937374
3 913459
2 995224
4 907844
5 991477
2 992521
3 992941
4 959352
5 908372
5 960357
5 902646
1 917089
4 918990
2 970018
4 993176
1 912774
3 972475
2 952552
1 950151
4 953526
1 926971
4 912770
5 982425
3 948551
5 901538
3 939782
2 998859
3 999640
5 912585
5 922987
5 959009
1 998519
4 919292
4 914036
5 975206
5 974874
2 937533
5 947832
1 974608
1 989906
4 909652
3 911054
2 965808
2 906441
1 947137
3 932481
2 976934
1 914198
3 912872
2 929508
5 995061
1 981429
2 942483
1 987567
1 947681
3 950321
1 951956
3 951164
5 933490
5 965791
4 961246
5 924065
3 938987
3 991555
4 930732
2 962428
4 929402
3 975339
4 982568
4 906742
3 985839
5 993150
4 966696
3 974689
1 997212
4 905719
1 916634
5 934742
1 967470
4 968824
3 906256
1 997864
5 938516
3 947397
4 902971
1 941654
5 956823
4 963907
4 925421
1 916360
3 996759
2 943800
4 969906
3 916805
3 974985
5 929397
2 926335
1 966652
1 978047
3 984093
2 901043
2 941022
2 921228
3 957787
1 903501
5 955772
1 951644
3 992001
3 930338
1 925253
4 970777
2 926286
3 941464
5 903825
2 901716
1 914268
4 972387
3 997179
2 926091
2 939448
5 948575
4 966663
4 924432
5 935431
3 983042
4 964090
1 959989
2 916864
1 968735
5 913127
3 982542
2 900141
5 945622
2 977101
2 988699
2 911790
1 957027
4 929890
5 920821
2 934242
2 937976
4 952538
2 965128
2 979812
5 905806
3 990127
3 906734
4 940784
2 901601
4 939636
5 958751
4 980290
3 963818
2 937102
4 927307
1 998998
2 973405
4 971050
3 963154
2 969003
3 973039
3 926647
3 955906
4 994037
5 908637
2 947129
2 917541
2 903655
4 975139
3 911605
2 917738
4 922368
2 969747
2 936867
3 983816
4 975940
1 964107
3 986930
5 997471
4 957558
2 990989
2 903807
3 909796
4 915002
4 963479
5 972201
4 913961
5 926680
4 935769
1 913940
2 994806
5 901792
3 977476
5 995288
4 919470
3 900856
5 968489
3 967625
1 914378
3 927777
5 986717
2 946815
5 998943
5 957250
3 979224
5 905612
3 944667
1 940513
5 923087
4 975641
5 931076
4 983623
2 918293
3 990002
3 908599
3 919360
5 997737
2 958292
3 950818
2 914397
5 903370
2 943635
4 998873
4 952192
2 978884
5 931474
2 949544
3 964650
1 990329
5 997922
5 950800
4 918171
5 900512
5 956394
2 987641
5 988722
3 941172
1 908952
2 991376
5 931427
4 962434
4 999071
5 991530
2 953137
1 928351
5 911308
1 954101
2 999258
3 999269
2 952394
1 957232
1 936695
3 948063
1 905698
3 953530
5 943596
5 999285
4 924402
5 968300
3 951974
1 937831
2 912854
4 916811
4 929046
5 963552
5 944415
2 981117
4 952524
4 983570
1 980314
2 969345
1 945414
1 937630
3 971426
4 964573
1 914402
1 912530
4 962860
5 946463
5 975904
2 976527
1 930590
5 967434
1 943767
3 912289
3 983295
5 920192
1 995235
3 918647
4 928783
2 902681
2 995658
5 914798
2 904430
5 962111
5 991847
1 958815
2 956034
2 994987
2 901111
2 980755
1 986926
3 956448
5 916832
1 926752
2 955706
5 999665
2 909370
3 935744
2 986720
2 924847
4 946064
2 977752
5 989229
5 999733
4 946621
1 957852
5 910435
2 951914
4 952938
2 941554
2 967600
3 907888
3 949251
2 985377
2 946034
4 941289
5 996849
5 971058
2 955703
2 991419
4 930953
2 963096
1 945493
2 964965
4 968455
3 946163
2 936850
5 977715
5 950102
4 962631
5 927140
4 950048
3 930858
4 986316
2 951840
1 978050
3 958931
2 948372
2 975648
2 963552
2 971423
4 957718
4 959718
4 960658
4 916745
2 917460
3 913338
3 976952
1 970669
3 949269
5 928309
2 913711
3 950355
2 920733
1 958340
5 995936
5 953891
1 988185
2 961652
2 980462
5 959623
2 996859
2 903928
1 922438
3 986112
5 966386
1 953153
3 906953
5 963625
3 991821
4 946799
4 907161
4 997067
1 981763
4 944865
2 921121
1 953641
1 981051
4 904001
4 958531
5 938596
3 934862
2 932167
3 911662
2 924155
5 914932
1 960053
3 945379
2 976303
3 945870
5 911936
1 987096
2 984888
5 986025
2 931426
2 983559
3 990117
2 950468
4 989735
3 940794
4 980563
1 969012
2 963669
1 987915
5 926099
3 935792
5 955043
2 919345
1 978277
2 906321
2 965679
4 998
5 925070
3 979100
4 966093
4 988682
5 952250
2 913467
1 931264
1 932298
4 998733
5 956744
5 936850
1 945843
5 911090
3 959938
4 923111
5 943720
5 991812
4 907103
5 988954
4 909637
3 977432
3 905838
2 932791
3 936167
4 942867
5 903064
3 917455
3 940254
3 991668
2 997102
4 909279
2 906367
1 902431
3 997834
4 947132
1 997248
3 953780
2 937984
5 969650
3 940874
2 911267
5 957144
4 983101
5 984797
4 921894
3 997363
5 931532
5 984969
4 930818
5 993678
5 985760
3 998558
5 993378
4 945207
1 996961
2 988463
3 926603
2 971598
4 983968
4 986809
5 971155
1 991533
1 940271
3 984769
5 988836
1 978742
4 921656
5 997560
1 907230
3 974076
2 981942
3 923112
4 1005
4 954984
1 971006
3 921685
5 916026
1 961727
3 944534
5 990949
1 970093
1 987931
2 991861
3 932955
4 971261
3 946338
4 919785
2 946084
4 934270
4 939603
2 900161
2 945187
4 978667
3 915316
3 915256
4 939612
4 969576
1 951413
1 906702
2 987950
1 962941
3 923794
1 908281
3 936305
1 962936
4 903559
4 972936
5 955926
5 924233
3 923639
1 991413
2 955879
2 965598
3 917508
4 925574
5 915189
2 937607
1 937476
1 949157
4 902809
1 961338
4 955403
2 931298
3 916358
5 990555
2 908175
3 905264
1 903191
3 966580
4 946335
3 929191
4 906466
1 913153
1 921613
2 977198
5 916330
3 924418
3 939516
5 994966
3 988427
4 931333
4 909826
3 903197
4 964804
3 929434
2 998872
1 916566
3 917912
2 976225
3 919057
4 900239
2 953489
2 981195
1 978365
5 907313
5 959530
3 934188
2 966422
3 929827
4 903862
3 955225
2 992395
3 960494
1 930525
5 998079
5 907007
3 957265
1 900802
2 959031
4 937214
2 926144
5 910336
3 928388
2 913813
5 978330
5 976918
3 972007
2 921046
1 996485
4 999
2 961011
3 971248
4 940197
3 915549
5 957300
5 904094
5 939730
4 900577
5 956835
3 935673
3 925003
2 965860
2 986149
3 988286
4 952574
2 951405
3 974702
3 968761
1 984375
5 970982
4 968744
4 976666
3 953302
4 989153
4 975292
1 928867
2 905280
5 901185
3 996972
4 987989
4 940885
4 981181
5 958525
5 997459
2 984698
2 943195
1 935389
2 994337
5 999887
4 924082
2 954534
2 936999
1 966001
3 968320
5 967644
2 903244
2 988638
1 917655
3 938165
4 950977
2 980481
3 948045
2 904501
5 972481
5 934694
1 933668
5 906930
3 943222
3 908457
1 944279
1 987842
5 978944
1 950334
4 996019
5 983066
4 934233
1 909267
5 959612
4 942523
5 943044
5 983535
3 905944
2 979384
2 994664
3 945956
1 928784
5 932097
2 938983
1 927393
2 961687
2 923603
1 941032
2 922412
4 936795
5 937092
5 952710
3 992330
1 927518
5 919746
2 923752
2 960891
1 924279
4 916931
5 994672
2 944178
3 904075
5 959850
3 994521
3 959192
4 966395
5 985363
3 931727
5 977439
4 937410
2 902625
1 999945
2 975876
1 977960
3 924698
1 980079
5 964898
1 915327
3 978987
1 995049
3 949242
4 952021
4 948179
4 901760
1 992899
3 946252
4 911328
2 999054
2 940150
2 983949
5 985915
3 924233
2 906647
4 994752
5 978902
5 943463
4 902492
1 934733
3 936489
5 941607
4 933716
5 923946
2 992556
4 942172
3 942601
3 914832
1 949165
3 971351
1 999481
1 925501
1 992002
3 961390
4 940489
2 900584
3 917103
3 963015
1 915439
1 990943
1 916190
4 940649
2 989771
3 931759
2 980551
2 975548
1 961551
5 965143
1 907073
1 982052
3 920209
3 932652
4 908698
2 932478
5 948306
5 915692
4 920636
5 995539
4 954312
1 934686
1 978395
2 922375
1 928620
1 923890
5 965932
5 908984
3 959405
1 911326
4 952464
1 979794
2 973698
5 944190
5 965412
1 905060
2 908820
1 936810
2 967357
3 915129
5 931754
3 950058
1 937990
1 968565
2 998763
5 928762
5 986676
5 958259
1 937602
3 911772
3 941240
3 907012
2 971160
4 907690
5 951164
4 921006
2 967856
4 962611
5 921378
2 932300
4 956023
2 976912
3 950293
1 993317
2 956241
4 976809
2 939912
1 956871
4 902611
5 991130
2 911007
4 947570
3 943303
4 914036
2 977248
4 909410
2 915017
1 998518
5 986007
2 942371
4 964600
4 991943
4 937397
4 954085
2 953451
2 930023
2 983817
3 978300
5 939680
1 925732
3 963043
5 904727
3 925844
2 945180
5 966191
4 948568
3 912295
1 967281
4 1003
2 947258
2 989360
2 942814
5 943829
1 920283
4 909497
1 910616
5 962354
2 946441
5 922040
2 907025
3 944944
4 980515
5 949245
2 912101
5 974063
5 955563
3 996840
3 937728
5 977031
5 950136
3 964799
4 977320
3 904113
5 994437
1 945754
5 949681
1 971839
1 903583
5 912458
2 906581
4 980440
1 936285
1 923358
5 908084
3 946511
2 977644
1 995339
5 904154
4 969917
3 923971
3 951421
5 908048
1 950105
2 947174
5 976069
2 990786
2 909653
3 967834
1 902246
5 967285
5 948299
3 983118
1 951093
2 995647
2 986057
1 958570
3 956202
4 903586
4 918111
1 944802
3 918666
1 986563
2 901963
2 964524
3 940657
5 989629
5 954007
2 980324
4 972360
1 991751
5 966035
1 907713
4 969448
4 947395
3 918992
4 965057
1 990737
5 930084
4 914005
3 975585
3 910773
4 999455
3 933834
2 960441
4 954855
4 962755
5 932681
3 937239
5 997074
2 904486
4 901017
1 927135
3 941506
1 944900
2 973071
1 945842
5 957082
3 991574
4 928659
2 969049
4 904408
2 998528
5 936857
4 947553
3 995348
3 962363
4 942864
1 945177
4 949001
5 905807
1 936120
3 913461
1 919679
3 955166
4 908303
1 938738
5 920721
3 944202
3 995816
3 976133
3 938545
5 987516
3 946677
5 982549
4 913203
1 918674
5 999591
4 907597
2 968862
3 983916
3 984649
3 973898
5 934634
2 989181
3 957409
2 969801
3 908113
3 958492
4 900248
2 915722
2 915442
1 962009
4 993097
5 951758
1 944437
5 960910
1 916465
1 931601
3 987196
3 985314
5 993483
5 903497
5 942085
4 915856
3 929503
5 942135
5 933764
4 988459
4 922111
3 905894
3 906134
1 949107
2 968144
2 900043
3 908075
2 982765
2 907886
4 984156
5 994568
5 918813
3 917345
4 932061
4 968917
1 978203
5 942361
1 917089
5 927719
4 911427
1 901329
1 915987
1 938297
2 950103
2 946189
1 971506
1 982658
1 906101
5 948001
1 920760
1 958340
5 946848
3 956191
2 905854
3 986692
4 973804
3 983367
3 903043
4 935030
4 996971
5 927582
2 967341
5 910239
2 958505
1 942310
2 997280
4 903588
1 990584
5 919777
4 977424
5 959052
3 991674
4 994732
3 954761
5 988155
5 921513
5 942398
2 978991
1 953368
1 951933
5 937572
4 992202
4 902072
3 932600
3 954905
1 981158
1 946760
2 993464
5 931822
3 949480
4 917931
3 945007
2 919654
5 981453
2 908768
3 936946
1 979477
5 913382
3 932663
4 944751
5 982542
4 941241
3 900665
2 971207
3 997843
3 946188
4 925392
4 958838
4 920431
2 998979
1 915255
4 942272
4 999530
5 992429
4 958030
3 928530
3 935251
1 914622
2 930982
5 946545
3 984193
3 926493
3 950348
1 951479
3 929528
5 914278
3 997966
3 991268
1 929263
3 968495
1 948276
3 981898
4 925521
1 955400
2 963545
1 916117
5 906303
5 973970
2 916855
1 906829
4 989103
2 902889
3 969554
1 944927
2 930125
1 957534
1 957013
2 905643
2 929953
1 940940
5 977545
5 949698
2 943082
4 968796
3 961000
3 932762
1 961350
4 900844
1 969531
3 925617
2 916335
5 993054
2 980445
4 996163
2 948513
2 916839
2 909561
4 975174
4 966009
3 936906
4 913852
4 920622
5 947502
1 979209
3 949857
1 907049
2 990906
3 972213
1 931376
2 907890
1 924828
4 986022
1 996035
1 921547
5 935879
5 919130
1 938788
2 941194
5 975933
5 923030
3 995265
2 988990
3 994879
4 913179
2 984201
2 973465
5 928277
5 903080
1 922232
5 941387
4 954105
5 924641
4 900192
2 995671
4 904795
4 985088
1 938098
3 912060
5 978492
1 927985
4 936637
4 945856
1 906442
4 932947
1 918231
4 925552
1 913171
1 921015
3 983399
3 926242
3 983052
5 959517
5 982827
1 950928
2 929118
1 932323
4 901033
5 992402
1 981434
5 944329
2 969376
2 944450
1 996434
4 970608
3 936522
1 912608
2 976892
4 958874
5 930546
5 947282
3 960015
1 971214
2 933267
2 911515
2 965074
3 995114
5 920412
5 963172
1 957932
2 973976
1 987385
2 962435
5 937144
3 948337
5 969964
4 926659
5 991831
4 918802
1 955922
3 909065
2 946380
3 993654
4 923212
1 922007
2 911415
5 912180
5 941613
4 941728
2 918175
3 950356
3 921972
4 916017
1 975100
1 994643
2 927314
3 917408
5 929081
2 987300
3 964154
2 967576
1 987266
3 993200
4 951640
5 946370
4 991720
3 917299
4 984152
1 916951
5 990666
1 942310
5 970918
4 933919
5 982010
4 965393
1 992488
3 936967
5 985330
2 927925
4 1005
4 955194
3 927794
4 935186
3 940141
1 963465
2 965306
2 951300
1 983886
1 990868
3 971917
3 963196
2 977997
5 994837
3 916773
4 1003
5 918220
5 993804
4 951288
1 976829
5 948288
4 922534
1 933690
2 968991
4 908604
5 968404
4 938723
4 968615
5 957585
4 917311
1 906666
3 929354
2 983079
3 972098
5 940993
1 923653
1 925152
1 993949
2 951229
4 910169
1 977890
2 905232
1 927260
2 915614
2 960293
1 972294
1 967584
5 951191
4 916171
3 946399
5 984048
4 940516
3 917907
4 989484
5 985978
1 957281
2 979174
2 912024
1 912712
4 948306
2 924621
4 924234
3 948642
2 900547
5 937557
4 932094
3 917967
2 973038
2 955323
1 918615
2 965596
3 928640
5 907954
4 930623
4 941341
5 910750
1 959708
4 916123
4 957810
4 910709
5 912502
5 905627
1 965144
2 992293
4 993504
1 910789
4 978598
1 934211
2 936374
3 902136
3 921738
5 948024
4 900707
1 917140
1 948497
2 961932
2 980912
4 932982
2 938222
1 915598
1 930919
5 915200
1 989579
2 946182
3 948833
1 982345
1 909973
4 935379
4 1003
3 914197
4 904732
3 960854
4 929760
5 937975
5 991204
4 985039
5 940035
5 994288
1 924016
5 979405
5 933595
4 919492
2 908487
4 955609
3 919073
1 981561
5 927389
3 989036
1 935256
3 941051
4 919258
5 996565
1 914209
5 920960
5 939495
4 979724
5 902912
4 930507
2 976260
1 932479
3 950451
2 978643
1 916850
2 950655
1 913066
3 919957
3 984639
4 910084
2 922953
3 918152
4 917035
4 974478
1 942471
2 953235
2 996794
5 981422
4 969053
5 949038
3 957516
3 949870
5 917922
1 997479
1 919594
4 995991
2 924267
3 929765
3 974778
3 966249
2 944982
2 924290
4 972997
4 956708
2 977599
4 930833
3 967640
4 950779
4 989585
4 966503
3 988289
2 952044
3 940298
5 967840
3 965082
3 905143
4 952367
2 984081
4 952903
5 951307
2 956066
1 977597
5 938878
1 990498
3 934350
3 970265
3 902936
5 980721
2 986434
4 909773
2 901097
3 907959
2 916253
3 918715
3 906980
3 978710
3 964730
1 906985
3 980442
4 908057
5 928399
2 989759
1 913207
1 934998
2 939364
5 910583
1 925863
4 955997
2 981893
1 966877
3 907129
1 919476
5 954889
1 969902
2 916630
4 939898
5 950999
3 999673
3 934468
2 992177
3 943044
4 905009
5 959094
2 929708
1 984554
2 949851
4 914813
4 924900
5 909098
3 971713
3 940834
4 903305
1 922396
4 949952
2 968899
3 996952
5 928585
2 944353
5 930892
5 972979
4 939973
3 972824
5 979248
2 990096
5 900485
1 989776
1 938037
3 982319
3 935359
5 984526
1 938694
5 907726
4 902817
5 935288
3 936625
3 922657
4 912104
3 900186
1 902949
2 963873
3 983816
5 954365
2 969485
4 909677
1 994658
4 933943
5 931597
1 956857
5 990465
3 941528
5 901788
5 924171
5 986812
3 905119
2 926911
3 983363
3 938315
5 943453
5 935329
2 911328
4 981608
3 924555
2 956403
5 954417
4 968674
3 994466
5 903370
3 991169
4 926844
4 938899
4 932932
1 975199
5 947646
3 931824
4 915033
3 927491
5 964238
2 949065
5 936640
4 908396
5 944286
2 949126
4 991046
4 964116
3 960240
2 974370
5 978518
3 976304
5 913432
5 995227
2 967936
4 955738
4 975588
5 966794
4 917581
5 917366
2 943291
4 909297
2 900374
2 979387
2 964405
3 900770
1 934585
2 969435
2 991608
3 923373
3 939516
5 976152
5 973499
1 913381
4 918108
4 938923
3 939696
5 901835
1 926179
5 948618
5 968634
2 947469
1 946602
1 983977
4 994001
3 989339
2 954724
5 938325
4 983813
5 944422
3 962377
5 989814
4 940913
1 990785
3 958809
1 918916
4 990872
1 907675
2 938206
1 938945
4 916865
1 963590
4 905830
5 932298
4 974506
5 935565
1 999868
2 969187
1 908858
3 918057
2 962368
5 942267
1 914521
4 995
3 985177
3 935461
1 931355
5 949340
5 987555
4 955445
1 937168
5 998158
2 958104
5 903286
3 909037
4 978964
5 985852
5 982879
4 902459
1 908321
1 954492
1 952875
4 987992
3 921333
1 930749
4 928167
1 991040
5 912701
2 999527
5 967443
3 925904
5 921203
2 905372
4 963022
5 952042
3 968303
5 920069
1 965988
2 974566
4 976562
1 967948
3 937624
5 962654
5 956970
3 925238
1 908096
5 917578
2 966467
2 913222
1 917585
5 982021
2 983405
3 993147
2 907677
5 956407
2 953627
1 922103
5 904902
2 995173
4 977445
4 1001
5 922279
3 964365
4 985709
1 923999
5 929012
4 999891
1 947552
3 955183
4 922807
2 990430
4 998562
4 918964
5 973935
3 906888
2 993575
3 967174
5 919305
4 933659
5 920219
5 965112
5 926105
2 928754
5 989814
1 989077
3 910380
3 936165
3 999546
1 924782
5 936424
2 986993
4 915069
2 994052
5 962582
5 914130
5 951303
5 973611
5 999831
3 930348
4 975609
4 951858
4 931089
1 970563
2 995454
5 915925
3 940974
4 981320
1 982715
2 925319
5 932316
4 935614
4 938885
1 913406
3 943815
2 986782
2 938497
5 992816
1 915479
4 950243
5 969207
5 944631
4 916234
1 915314
4 922146
5 981213
2 989757
2 957523
1 991504
2 955110
1 939791
5 919115
2 978009
2 900335
5 917730
1 930189
3 998443
1 919125
1 910472
5 909893
5 929242
4 990016
2 980283
3 960393
1 944977
1 969450
3 972561
1 917177
2 936756
4 997
3 991884
2 975623
2 932572
1 999045
4 977501
3 965258
1 945370
5 979004
1 920068
5 942519
2 946129
2 923767
1 969285
5 991507
1 942443
3 910231
2 948759
2 928489
3 998771
4 999398
5 962469
1 942472
5 967670
4 954977
1 913256
5 937518
4 922757
5 988554
5 962923
1 985107
2 960340
3 974526
1 940843
2 962115
3 957292
5 907507
1 956426
1 922379
1 928278
1 937881
5 929387
1 973922
3 955428
4 929337
4 966214
1 973582
1 901673
2 967681
3 993880
4 965815
2 928038
5 979810
5 968717
1 934534
1 942482
5 972685
3 975439
2 921102
5 918392
2 953391
5 998479
2 908324
1 984683
2 959396
4 902602
5 996843
1 923248
2 992449
1 932968
3 988121
4 968006
5 957496
2 920950
5 999971
1 939507
5 977366
2 998299
4 950684
2 934490
5 934976
5 939618
2 906803
2 957754
3 908933
5 926345
2 918992
1 920529
5 995803
5 966896
4 944067
2 963216
5 921214
1 970897
2 920153
2 987397
1 982175
5 923221
3 932807
2 901605
3 921415
1 979009
1 953567
4 911851
5 928741
2 989763
3 913251
3 934386
1 913740
2 978065
4 971744
5 999164
5 969600
5 968765
3 954622
2 944880
4 995
4 929739
5 973918
5 962423
4 948739
5 971757
1 915393
2 918858
2 989676
5 944423
1 909009
3 962612
5 959409
2 924878
3 955959
5 944104
1 900529
3 930063
5 986885
1 923930
3 931445
1 905395
5 920163
4 933905
1 909933
2 990717
1 992593
4 921479
2 965174
4 966477
1 946453
2 974558
1 911879
4 926218
1 905670
1 912517
4 997353
5 952012
1 932235
5 956947
3 989600
4 1002
4 997790
5 940794
3 962786
1 925516
5 971799
4 967907
4 954772
5 939185
5 971613
3 984748
5 964752
2 917372
2 977349
4 984893
2 953562
1 926635
2 994950
2 997937
2 945842
3 917609
5 946825
1 988866
5 945012
5 951533
2 987522
3 946769
4 923159
5 980297
3 996696
1 947717
2 980340
4 975138
1 936294
4 923625
1 993457
2 984198
1 933061
1 969439
3 984380
5 902741
4 945396
5 913817
4 930075
4 923294
1 979667
2 919498
5 935028
2 983206
1 913867
5 994747
3 971877
3 971024
5 954363
2 938861
4 999
1 909067
1 911114
4 1002
4 911233
2 959870
5 987080
3 968365
3 936293
1 930137
5 945729
1 930173
3 985436
3 986781
1 944513
3 922266
4 980993
1 979922
3 943004
3 942307
1 984280
2 906934
5 928181
1 975593
3 995574
3 939705
4 981207
3 918105
1 940788
2 940511
5 984947
5 997275
5 987147
2 921598
1 998185
4 985076
1 952348
1 958295
2 901579
5 910474
2 975285
5 942075
2 935477
3 996276
5 969056
4 942853
4 976266
5 984500
1 906449
1 945158
2 986958
3 907150
5 970964
4 919457
1 999091
1 924333
4 933848
5 977877
2 990373
3 955965
2 929725
1 933011
1 947475
5 907163
1 915879
4 987288
1 905001
5 937943
4 968092
5 915439
1 974048
4 923570
1 963209
1 972974
5 958863
1 923247
4 934375
3 975001
3 991014
2 964662
4 900768
2 967588
4 927532
2 977288
1 979504
2 931742
1 971300
2 905135
2 933511
2 974116
5 921213
3 976691
4 901986
5 984084
2 965409
5 985737
4 913587
4 967867
5 945121
2 928336
3 974695
2 981163
2 965578
1 944027
3 926950
5 957915
5 906430
5 987084
1 996031
4 968188
4 1004
1 920776
2 932295
1 979558
3 930358
3 958866
3 966563
4 913615
1 905775
3 912518
4 988071
1 988787
4 1004
3 929965
5 914437
3 929694
3 938438
3 984155
2 973392
4 935392
3 962937
5 911726
2 901248
1 952637
2 971522
1 906251
3 926590
1 942390
3 962067
4 970114
2 989320
5 942753
2 978516
3 911371
3 994818
5 994522
1 982936
3 925124
3 926818
2 958520
5 939859
1 992503
4 989137
1 951947
4 949549
4 929389
1 967016
5 942817
3 959837
4 951646
1 989694
5 908677
4 995
4 913087
3 930728
1 929512
5 973296
3 978558
1 925302
4 974107
5 947883
5 911516
2 916807
1 942023
3 915775
4 1001
3 903979
1 959205
4 998062
4 952101
1 925283
1 980762
2 911107
2 915905
2 964285
2 983468
4 976269
1 949740
5 953364
1 985030
4 957751
4 900681
2 955382
1 981209
1 956660
4 989952
3 921308
1 901415
4 931265
3 962646
1 936995
2 993901
3 901852
1 968144
1 909907
3 981843
5 978083
5 975181
5 968370
3 967503
2 945245
3 983671
4 928329
1 990560
3 984291
5 975749
5 932703
3 976080
5 925229
2 971422
1 948240
3 992305
2 995257
3 957193
2 944915
4 952986
4 932307
1 970488
2 903842
2 947363
4 956435
5 923509
1 909378
5 942790
4 943555
3 943971
4 941551
4 935753
1 917649
1 949968
2 949397
4 960909
4 991383
2 942739
2 929603
2 962808
2 968299
2 974197
1 935358
5 914147
3 969190
4 984614
5 968300
4 1002
3 944831
4 911210
4 945903
4 926521
2 936790
4 964316
5 985289
3 964564
5 915646
4 961342
4 951533
5 977131
3 996632
4 963054
2 900115
1 939623
3 946774
5 907058
1 922707
3 995837
3 925058
4 901640
5 975409
3 927786
3 981088
5 977689
5 999181
5 957078
3 921656
2 925383
3 976024
3 962709
5 917621
2 921360
2 969802
2 921245
1 920320
5 929119
1 905589
4 925609
5 985879
2 953143
2 944009
3 907922
2 964791
3 966582
3 934567
3 940427
2 979634
4 924225
1 923923
1 919582
4 978370
4 920280
2 927324
1 983608
1 992089
5 943925
3 951143
2 916481
4 963229
1 919828
4 983499
4 993018
5 957199
4 934157
3 913515
1 959592
5 939642
5 976590
4 947126
1 919033
4 964130
4 939337
3 948159
2 975665
1 982554
1 947078
2 975133
3 957054
5 963589
1 977838
1 921361
1 925582
1 914659
2 997848
3 904449
2 906059
1 995353
4 940501
4 930448
3 985634
5 912516
4 958874
4 923736
1 977406
5 978888
3 977543
3 945284
5 935623
4 970968
4 920500
3 998509
4 967284
4 936735
1 999530
2 981157
3 979618
4 979231
5 988995
5 931433
2 990236
5 925074
4 910442
1 925921
2 929165
3 985902
4 908642
3 910852
4 980397
5 937120
1 947945
2 998368
1 935350
2 980600
2 913381
3 917131
5 988453
3 928639
5 914002
2 938656
4 983086
3 929071
1 906460
2 974378
5 974179
3 994225
3 927408
1 972739
4 977942
2 999820
2 949568
4 941005
5 924070
2 957005
1 960777
4 969328
2 997762
3 996703
1 948291
1 982456
4 986609
2 980218
3 919445
3 999886
1 925501
5 907264
2 935312
3 911831
1 910900
5 946780
1 956948
1 980808
5 988215
4 928705
5 946162
1 939751
5 969765
3 918868
4 940086
3 994607
2 973521
3 993255
4 967432
2 996172
5 908796
3 969049
3 970610
4 998463
3 947143
3 963640
1 984346
4 932728
4 993760
4 1003
4 958651
4 908150
1 911694
5 954132
1 962392
2 907271
3 943204
1 955375
1 925911
4 901753
5 986782
5 964090
2 991479
5 935979
1 979650
3 932643
2 996886
4 919483
5 989392
4 997
3 908214
2 963740
3 910505
4 919529
4 986243
3 945853
4 990402
3 922905
3 998501
3 996668
3 930298
4 988844
4 1003
2 946336
5 991607
1 926176
3 920217
2 921767
1 959081
5 925069
2 984371
5 913882
2 955475
5 904727
1 943673
5 938326
5 910879
3 972459
4 904517
1 913883
1 941611
2 977796
5 923494
5 995253
4 956982
4 953246
2 927783
3 957983
3 903652
3 949450
2 993988
2 926236
1 975968
1 916521
2 977714
2 964714
3 998805
5 920040
2 906369
5 920973
4 952733
3 971112
3 946124
5 961045
3 932712
1 939373
2 985508
4 931594
1 913496
3 907793
2 927562
4 956336
3 916668
4 977587
1 993328
1 929627
4 964156
1 969684
3 983302
5 902238
1 938779
2 984368
5 922289
3 997246
3 927855
4 914236
2 945645
2 952205
3 953171
2 982993
4 933389
5 968888
5 961464
3 915256
4 917892
4 970565
2 950697
5 910882
5 970771
5 963481
4 925968
5 914592
1 997730
4 969602
3 999448
2 999592
4 964928
3 935005
3 961430
4 987917
1 961444
4 983065
3 947727
2 996439
5 990652
5 985238
1 944946
2 931478
2 918791
4 918540
2 975451
1 905930
4 906076
3 932771
5 914831
5 962059
4 955478
3 942917
1 920396
4 905309
3 907183
4 932118
5 955484
2 907475
2 980937
1 958478
1 957961
2 909162
2 920397
3 933582
1 919302
2 976300
3 985679
4 992366
1 970416
3 929887
5 948713
4 943825
4 978595
1 915033
1 969250
3 955797
2 910545
4 985227
4 936972
1 943713
4 903349
3 948838
1 962940
5 908871
1 989935
4 985094
5 913936
1 957817
4 929837
3 924406
2 903507
4 951223
3 906179
5 946218
1 905102
5 947528
1 976540
5 996362
5 932477
3 901485
1 931642
1 929388
2 973042
3 987972
4 1001
4 989698
1 918072
1 959561
1 909121
1 914413
4 932556
2 900756
3 917408
1 985580
4 919659
5 927870
1 923143
5 939603
5 965225
5 947461
2 981924
5 947528
2 988414
3 925552
3 977870
4 989977
5 902235
5 965342
4 938026
2 911563
5 989582
3 924905
3 976999
5 944911
5 944494
5 929757
5 949319
4 927147
2 947877
2 982197
3 988732
3 966994
2 914898
3 931403
3 999418
3 944586
5 906358
4 965014
1 910041
1 958027
2 930905
1 980381
2 970844
1 933958
4 995
3 942716
1 993037
4 971152
2 902446
4 942008
5 963329
1 985168
5 969812
3 949142
4 978098
3 997069
1 919231
5 991694
3 970830
2 939766
4 924203
4 902837
1 989894
4 913017
2 903384
2 967383
2 941752
2 999795
5 958881
5 957779
1 934506
4 946824
3 909303
4 909850
4 927440
3 922016
1 908687
1 939326
2 954223
2 944378
4 930852
3 958635
4 920352
5 906815
1 905563
3 918657
3 942763
4 926843
1 957116
5 965312
1 903469
1 934068
4 948946
4 953668
5 922275
2 981416
1 966846
3 958002
1 928928
4 999
1 998336
5 987933
4 966014
3 933237
1 943793
1 994996
4 1003
1 956160
5 994969
4 945624
2 930975
3 942546
4 969114
1 914158
3 946654
2 997826
2 991316
3 948463
5 919088
4 955546
1 962921
5 904684
3 942751
2 937323
3 933772
3 942639
4 993923
3 951693
3 992916
1 946453
4 941428
5 998129
4 992040
3 909280
3 951097
2 954441
5 914656
5 961726
2 988997
3 979323
1 912635
3 938810
2 982807
4 990061
1 952794
1 967207
5 992441
1 976487
3 905586
1 977977
4 920434
2 966072
4 944754
2 982104
2 975529
4 930738
2 991411
1 966303
3 949405
5 903343
1 906202
3 989373
4 946108
5 970223
4 985765
1 918249
4 965087
1 925094
2 935782
5 911411
5 958368
4 925245
5 929663
4 919138
2 986957
1 964203
2 949470
4 914391
4 992987
5 911709
2 979749
4 977067
5 903270
4 905590
4 928465
5 901371
4 989591
4 970225
2 993814
2 928476
3 977740
3 906877
3 952682
1 987882
3 911588
2 974875
5 931964
1 981772
3 900287
2 995381
3 940813
4 981691
3 934579
5 902161
3 932376
5 959951
5 988564
2 997557
1 997367
5 912532
1 938779
1 936124
2 948125
3 920534
4 960008
4 990763
5 967463
1 971484
4 989459
1 985954
5 965506
2 919549
5 902963
3 901197
2 914980
4 970308
3 964217
2 951896
2 955183
5 913976
1 922199
1 917611
3 950827
3 980195
2 997433
5 980079
1 973459
5 973987
5 928523
3 931330
4 924975
3 945127
2 928522
1 991510
4 989458
1 909629
5 983813
1 938465
2 946089
4 964576
3 961078
3 905730
1 961661
5 999441
3 921307
2 940269
4 999960
4 979804
4 981820
3 945171
3 909902
2 983767
3 938118
4 989618
2 991486
4 996
1 903412
2 961968
1 943664
2 928927
1 956412
2 923224
3 970778
1 944626
5 974250
2 988887
4 963946
4 903483
3 928148
1 946790
1 963968
3 977494
3 902971
1 943336
2 931337
2 971343
5 962406
1 969888
1 962337
2 992098
2 954421
2 935395
1 940262
3 944998
5 922640
1 926105
2 988773
3 954388
1 903637
4 928936
2 944155
1 972806
3 996530
5 992496
2 943064
1 927168
5 932650
2 989847
4 941155
5 982890
4 940308
3 989502
4 933057
4 935818
4 910613
1 942252
5 906262
3 926141
4 958488
2 957775
4 918356
4 996090
3 970068
4 923637
4 960274
4 913951
3 952972
4 901705
2 943844
4 969014
5 997280
5 971384
3 909931
5 986611
1 980722
4 928329
4 957471
1 981874
2 941370
2 923537
1 946706
2 988574
3 961886
3 927943
1 977126
2 950519
5 958172
4 912035
3 978736
4 901769
5 939488
4 902708
4 910046
4 962370
5 900896
3 959990
1 938281
5 986915
2 985400
2 970560
3 981937
3 942920
1 963919
5 999659
2 956795
1 931018
1 986635
2 928157
5 996823
5 984984
5 944837
1 983897
1 948343
4 991239
2 986246
1 907888
5 942310
3 909006
2 990926
3 906636
3 950415
3 937778
2 947326
1 954478
2 910301
5 918117
2 988408
5 923799
3 932985
3 970704
5 911353
3 905800
2 985725
4 929736
3 988720
1 972191
3 937823
2 909015
1 936842
3 926781
3 982573
1 940169
5 901794
5 916088
3 952411
2 936485
1 963863
4 1003
2 936327
5 942203
4 968960
2 903717
4 912586
2 989660
5 966932
2 945632
5 903935
4 920040
4 910639
1 988921
2 970845
2 940942
5 923776
1 901351
1 902258
4 934972
5 996064
2 935145
1 975054
1 985152
2 902651
2 956850
1 939669
5 954596
4 915857
5 989120
4 940735
4 901195
5 995459
4 988649
3 928771
3 915597
3 995765
2 901730
3 953754
1 917021
3 958779
3 988494
5 918470
2 922543
4 916592
4 997922
2 907110
3 999762
3 964665
2 989953
2 917496
2 994416
2 959225
5 931057
4 934288
5 955434
2 935444
2 906538
5 965680
3 974070
3 930515
3 939659
5 927873
2 988646
2 952085
3 956363
1 953345
5 915751
1 959527
5 963066
5 979261
5 967973
3 914817
5 933209
5 955683
2 941616
5 905239
2 965294
2 957720
5 939869
5 936128
2 989290
3 954190
2 924498
1 965566
3 967429
1 975183
3 979461
2 948251
5 982907
5 918526
5 912591
4 966128
4 957334
3 967323
5 961873
5 943563
5 936724
5 924346
1 988306
1 928000
5 978915
2 955199
4 912141
4 935144
4 995746
4 910835
4 948694
3 943835
1 939586
3 919712
2 940426
3 996152
3 939847
1 999516
5 971265
3 949445
5 983277
4 927439
5 978893
3 921407
1 922699
1 963044
1 964703
3 921851
3 929577
5 988220
1 977543
1 997162
2 979263
2 936154
1 922958
3 956854
2 917137
4 926913
3 923125
2 966120
1 961565
2 942431
3 999935
4 965165
4 970593
4 941398
1 920157
4 908727
4 941681
5 934033
2 955267
4 979572
4 919392
5 913018
2 973361
1 931413
4 908251
1 959516
4 975041
2 928883
2 903886
4 982331
3 989648
4 955800
2 931897
5 929187
4 906848
5 915525
5 945896
4 904738
4 905996
2 947815
1 959335
3 952187
5 933667
4 924040
2 956537
5 936783
5 951499
1 930713
5 905087
4 967570
5 993444
3 998086
1 929810
4 1003
2 945400
2 991080
3 937193
2 935258
3 966533
1 974852
1 950271
2 918451
3 933546
1 945912
2 927889
4 969918
2 965377
3 966240
2 965652
5 914947
3 983684
3 915664
1 914736
2 955695
3 986865
4 983414
2 937471
5 947489
4 990897
5 902797
3 989060
3 963563
4 947682
2 995227
1 931831
1 933606
3 999155
5 911913
4 976732
3 920755
1 936838
4 910971
4 919305
5 914368
1 924391
2 946450
4 950298
4 929395
4 955917
5 924899
5 911282
4 947198
4 946149
3 912672
4 985916
1 906283
2 932709
4 991626
3 913797
2 926503
4 997942
4 950353
4 969313
3 908370
5 958438
4 981777
4 967518
3 903548
2 946346
3 958079
3 968213
2 974718
1 935658
4 935907
5 903044
2 962536
3 931538
4 980027
4 916137
1 976191
2 941109
5 911025
5 936568
5 977652
2 976817
4 952594
1 971356
5 935358
4 945163
4 974400
3 947525
1 908310
2 916438
5 977708
1 952322
2 975096
1 927953
1 985598
3 930349
4 955162
3 975887
2 949304
4 986346
5 957849
3 932426
3 983232
5 910600
4 954049
3 962238
4 960106
1 936532
1 984277
3 915039
4 990419
5 990361
1 981548
3 964521
1 957757
1 944845
4 945176
4 955170
4 911274
1 940563
2 908505
1 973756
4 919427
3 987478
3 985215
5 995557
2 907025
4 975072
1 933422
5 962131
4 983754
5 973147
4 998837
2 992799
5 997520
2 959733
4 951305
5 952431
5 969680
5 940272
3 954028
4 977706
5 984046
5 967723
1 900676
3 911194
5 986469
3 969538
2 918096
5 968547
2 928940
5 957876
1 984654
5 945924
5 910304
3 906971
4 961662
4 953387
4 951336
4 949453
3 940423
3 969586
2 957747
5 926321
5 975529
3 973365
5 984730
2 925882
3 942324
5 955231
5 959594
4 961688
2 998973
1 997455
5 963024
3 986035
1 959943
4 956611
5 978800
2 948263
3 917865
4 974926
4 968335
5 945931
2 985122
1 990843
2 967166
2 916141
1 924468
1 913684
3 993442
4 938939
2 946585
3 977596
3 921214
4 909409
1 954125
3 916852
4 1001
3 938979
4 951480
1 921391
2 956998
3 970534
2 932292
5 941948
2 994900
5 966596
4 965066
3 970937
5 995882
2 926159
3 927676
3 913835
5 967376
2 960314
3 977040
5 979514
3 971040
5 932488
2 925879
4 997
5 992381
5 960651
5 971969
3 941035
5 974559
1 983233
4 984261
1 900922
2 905806
4 974465
4 998572
1 909891
2 907809
5 995589
3 922618
2 972325
1 930541
3 941921
1 950634
4 940217
5 997068
4 919034
3 918338
2 946897
3 972724
3 951933
5 918028
4 996303
5 900823
2 981272
3 919836
5 966764
1 917258
1 905088
5 997617
2 988044
1 920505
3 975790
5 938417
2 901494
3 930866
4 969649
3 986893
2 950412
3 978938
5 958698
3 970305
2 949265
3 909432
2 998509
2 903279
4 945800
5 989197
4 983241
3 910859
3 934876
4 983589
4 977344
2 982374
1 982695
2 961844
1 976358
1 959353
5 955049
3 917385
3 900674
5 993614
5 953884
4 996914
3 945127
4 999093
3 914125
1 942507
1 968048
4 947546
3 923729
4 998853
4 960086
1 969970
1 962787
2 953342
2 996095
3 919699
3 902236
3 966149
5 924691
5 929608
5 970352
3 926240
2 968302
4 947950
4 978523
2 951513
2 936973
2 956144
3 943522
5 983401
5 933603
5 999488
1 959355
2 953899
2 994602
1 950027
2 953168
4 903024
4 941399
3 923951
3 958551
1 944315
2 927038
5 970656
4 920829
1 995820
1 974175
2 983071
2 900943
5 958893
3 942118
4 996138
3 974851
3 959890
5 937827
4 952642
1 988110
5 936090
1 968417
1 963230
4 1003
2 980816
3 923265
1 937225
5 930447
4 969068
2 933904
1 968678
4 934101
1 953813
1 942632
3 959421
4 974373
5 945980
2 927730
5 924548
1 984144
5 915100
3 952003
3 980735
2 915931
5 981520
1 926555
5 931111
3 925956
5 906862
1 976927
4 958729
1 920448
2 953156
5 983416
3 990311
5 954389
3 968961
5 903400
4 951158
4 985415
3 981646
4 944193
5 937920
3 914512
4 910778
3 978342
1 940019
3 970670
1 991484
4 997
4 996
1 984440
4 906031
5 935101
1 992521
5 945456
4 996753
1 949884
4 908733
4 945362
4 996719
2 923919
3 943649
4 996933
4 992551
5 959084
1 913150
2 961903
3 928338
5 938392
3 980901
2 972922
2 974311
1 951716
5 971019
4 916946
5 968514
3 979095
1 949393
2 993056
3 988968
3 984972
4 943701
1 986182
3 943650
5 973021
5 907105
1 945427
1 935679
5 952901
3 966012
4 990961
3 920884
5 986523
5 956384
3 944657
5 953359
3 986613
2 978015
3 985468
2 911486
2 918119
4 962164
3 956809
1 962238
4 950025
5 965642
1 944464
5 997758
5 955296
2 998699
2 927088
1 948341
2 944587
2 999157
3 978898
2 943220
2 983780
2 915745
4 935605
3 931527
5 971486
2 987830
2 928507
5 940273
2 979932
2 929466
3 935357
5 999071
2 927117
5 930241
5 920569
2 913496
5 997337
1 913783
5 961508
2 996481
2 986184
3 985146
3 990677
5 973408
2 985909
5 924490
2 938449
5 980277
3 985770
2 904297
1 984726
2 926477
1 934755
1 954445
3 995629
4 946526
2 910045
3 975760
4 989744
5 985881
4 960686
2 927696
1 927924
2 985286
4 974681
4 956533
1 978939
5 978976
4 923604
3 900026
1 967190
4 924875
5 982190
5 981053
5 904360
2 961395
4 999497
5 933229
2 971473
2 915344
1 906181
3 968231
2 969519
4 1004
4 923681
4 916524
1 907216
2 933356
3 976258
5 941855
3 931936
2 927070
1 923590
5 988045
5 948101
5 987799
2 979945
1 922654
3 932500
4 933290
3 949320
2 968201
1 960206
5 900617
3 973768
5 955041
3 951709
4 910928
5 989448
4 963197
2 971094
3 970611
4 901658
5 943102
5 992865
2 981510
3 934591
3 937889
2 922646
1 982587
1 935493
4 901367
3 903750
2 901208
2 918094
5 906488
1 902008
1 910283
1 995897
5 970916
1 910783
3 926856
1 938448
2 975471
1 925329
2 909155
5 981589
5 996183
1 972282
5 983773
3 928713
5 939374
1 994322
3 992684
3 981125
4 913215
5 915895
4 988029
2 975428
4 978968
2 971338
2 971177
1 931969
1 967387
1 937580
4 948365
5 914002
4 987648
3 937658
4 949959
4 948194
4 1002
3 972362
5 980677
2 913366
5 914321
4 952636
5 932627
1 949213
5 973951
4 995728
1 912645
5 971135
4 915463
1 974718
1 944737
3 920331
4 1002
4 907996
1 943536
5 988237
1 931472
4 925493
2 984732
5 923488
5 992338
4 927851
5 958719
5 915344
3 952816
3 984880
1 919570
1 958317
4 988473
4 905950
1 940296
3 956075
5 929536
1 903702
1 986499
4 990999
2 913116
3 983144
2 977770
2 900689
3 994653
3 940250
5 968485
1 973047
1 953413
2 932187
3 919131
3 964254
1 975906
4 982282
5 998799
3 977289
3 955483
4 924775
3 939753
4 929671
3 989739
1 915635
1 948917
2 927508
2 936257
4 951070
5 997984
3 954460
2 939072
4 944475
4 936909
3 903667
2 916431
5 938739
2 967681
3 996506
2 904502
2 972382
1 948104
5 961605
2 978368
3 905112
2 958077
1 996772
1 957868
1 939467
2 958167
1 940493
1 907204
4 977774
2 969582
4 932763
3 956840
5 947607
3 943880
4 947507
2 942039
5 945806
1 948517
1 980218
3 938235
4 916327
1 939018
3 928741
4 948493
4 972742
1 954191
5 980417
3 988246
3 935253
4 906548
3 922295
1 942096
4 916568
5 982709
2 900163
3 953499
3 963101
2 965823
3 902750
2 989911
3 944946
2 926029
5 990575
1 920983
5 983545
1 943351
1 997940
5 949487
3 902732
3 947210
3 951513
2 914443
5 906539
5 941824
4 937968
4 992531
3 944665
1 934430
5 987676
5 905354
5 941243
1 973763
1 978551
3 937101
4 912534
1 924883
4 969292
2 976788
3 991669
5 937938
2 912050
2 908873
3 920223
1 946370
4 986999
4 901394
2 968305
4 988684
4 930410
2 977427
1 967299
5 955402
3 900955
2 974950
5 950633
5 941007
1 909834
5 947790
3 969515
5 987207
2 925336
1 956375
1 927102
4 993414
3 987000
5 938963
5 908377
2 909743
5 957951
5 919503
5 978441
5 921117
5 978241
5 997366
4 945107
4 919624
2 942222
5 901276
3 918841
2 910379
2 905352
1 957000
4 956555
3 953967
2 925825
1 931061
1 993476
1 961824
3 997890
3 927157
5 908383
1 950685
4 901575
5 972866
5 941299
4 989689
2 968404
3 970915
2 984928
2 956572
5 953263
5 938043
4 944590
1 996667
5 958429
1 963110
5 963377
1 976738
5 939125
5 930819
2 966688
5 910603
2 988770
2 937667
1 994161
2 977195
5 913219
1 997745
2 913328
2 926990
2 940154
1 912436
5 928799
2 961120
4 998
4 969988
4 951960
2 982714
2 925077
1 936114
5 906198
2 927937
4 984637
4 930230
1 980454
2 941791
2 910812
3 938942
3 996863
3 946211
5 931442
1 963256
4 984040
4 936088
3 951793
2 941285
3 975525
1 951423
3 971578
4 980038
1 921799
3 960868
2 986016
4 966710
3 938747
3 980367
3 970280
4 909093
1 951095
1 990415
3 992946
2 925245
3 995350
2 920234
1 929253
1 983036
4 965913
3 995951
2 996817
4 909151
2 960974
5 946044
4 946378
5 921489
4 986337
2 916314
3 925300
4 939813
2 949856
2 941733
2 926600
3 921942
5 940059
4 953924
1 918092
2 941310
1 967413
4 973355
1 933665
3 913913
2 999451
1 910285
2 942233
4 964707
2 920894
4 989563
5 926662
2 943259
2 903410
4 920313
3 973915
3 964012
1 998728
2 971430
5 932120
3 977882
5 994387
3 907490
4 962353
4 935895
1 953218
4 909333
4 962230
1 921800
2 948223
3 942028
3 995703
1 956658
3 956692
4 983862
3 945036
4 962904
2 964427
5 966703
1 938528
2 916240
5 945168
1 947327
5 911254
2 959381
1 919762
1 957598
1 927516
3 965691
5 921163
1 958735
1 945616
1 936930
3 948343
1 925381
5 951774
5 946688
4 972334
2 991079
3 970672
5 934051
1 943578
4 917035
1 993160
3 964768
5 909357
2 953516
2 936632
4 959876
3 910566
2 974951
5 914780
3 931219
3 925916
4 901259
4 976121
2 959658
3 918197
4 909452
3 928267
2 981859
3 975064
5 951225
2 966989
5 946435
5 939442
1 973829
1 903337
1 967882
4 923774
1 929092
2 955597
2 931081
5 953435
2 936001
5 918521
2 919050
2 969643
1 982442
1 964417
1 909902
2 935326
1 982261
4 929621
5 904339
4 992150
4 921818
3 927316
4 974875
1 905887
4 988663
1 936403
3 966545
5 989748
4 904034
5 903624
5 937494
2 922480
4 961654
5 974129
1 947530
4 962321
2 991983
4 994345
4 996248
3 997141
4 969986
3 916799
2 930338
3 948816
3 915086
4 982223
1 959588
1 923992
1 930316
2 953610
2 973092
4 900806
1 963654
5 982126
2 935473
5 940139
4 961560
5 904370
1 956713
1 930033
4 999256
4 919584
1 945675
2 910141
3 996147
5 992964
1 946969
1 958825
1 934971
3 998284
4 956164
2 930098
3 950457
4 960476
2 983106
5 956538
5 957119
5 965103
3 984541
4 953149
3 968125
1 903826
4 911236
2 915664
1 914776
1 948663
1 901748
2 931600
3 936283
1 946060
5 931393
5 985268
4 993645
5 934263
5 958585
2 934685
3 940721
4 938387
4 975956
4 911485
5 927343
5 920880
4 984164
3 943596
2 948414
1 936147
4 996379
2 912227
1 962755
4 916191
4 974528
3 982396
4 917488
2 955657
5 926051
3 985556
4 926362
4 914450
3 942912
3 921453
1 992520
1 913364
5 900871
3 945117
2 994309
1 954518
3 978605
2 962172
1 947560
5 939106
4 999987
4 978306
1 936194
3 911760
3 908297
1 991766
5 939312
4 933606
5 962155
3 956819
4 909593
5 999332
1 991660
1 956119
1 944756
4 911292
2 995744
5 946077
3 949521
1 928255
4 900788
1 926559
1 975935
2 905824
5 903630
2 940324
2 951460
2 963649
5 933846
4 963155
4 919530
2 996166
5 992729
2 923919
5 994135
3 911245
1 941977
4 929608
1 933326
3 944655
3 986131
4 934367
2 910659
4 952452
3 995653
2 928283
4 984963
5 948864
1 901801
2 932537
4 1003
2 954954
1 983628
4 914323
3 952307
3 965417
3 977030
4 905748
5 971694
5 982211
2 917505
3 954171
5 993829
3 922661
3 976170
2 916843
1 933206
3 921182
5 944341
1 946941
3 972608
4 975426
1 957510
2 995616
3 976101
4 949924
4 914494
1 902104
5 984512
2 995218
1 995758
5 924931
2 974474
2 975172
1 919809
3 989222
1 935726
2 941803
4 974953
5 928875
5 908058
2 957729
3 945949
5 929881
5 980022
1 984458
3 931417
4 956341
4 989270
1 994207
4 965673
3 950438
2 980862
1 975300
5 937799
2 960584
5 901816
1 946866
5 951274
1 942118
2 945046
5 948662
5 954708
1 960230
5 954086
1 905205
5 989510
1 969247
5 961523
5 924702
3 921240
3 951038
1 940422
1 978069
5 953691
2 983804
4 989493
1 915004
3 936125
1 973379
3 930234
4 963227
5 938100
1 983269
2 957731
3 973008
2 919356
3 973563
5 911274
5 956439
3 968738
3 948030
1 996238
3 996835
5 989077
2 939150
1 943486
4 918454
5 907221
2 944932
1 971455
1 936041
4 973234
3 988033
3 955029
4 952676
3 946363
4 977422
4 955869
5 944772
1 982478
2 976438
4 929542
1 989559
4 996688
2 971926
1 978827
3 985967
3 978236
4 910610
3 923319
3 955082
3 943315
5 996391
4 996
4 906788
3 933718
4 947332
3 967720
4 944393
5 920018
3 984452
2 991973
2 964940
4 913209
4 950413
1 990806
5 902007
1 985273
4 955178
3 980023
3 970808
3 999064
4 948519
2 950044
3 940517
2 903241
2 985890
1 977302
1 948984
5 927161
3 951574
5 960361
2 923715
4 905774
1 971766
4 927689
5 961384
3 997722
4 941829
4 961866
5 904902
5 920611
4 954834
2 963392
5 911151
3 982406
2 905584
2 957825
4 957930
5 984520
3 902615
3 906348
1 985943
5 900948
3 984529
4 999940
2 977826
1 979542
3 919248
1 938605
4 997040
3 952988
4 904980
3 914879
1 957211
5 924774
3 956075
1 957661
3 922488
2 963908
1 994911
2 907561
2 919097
1 936997
3 930217
3 983079
4 981773
4 953727
3 995313
3 944717
2 974184
1 955310
3 990899
3 925887
3 902301
4 967852
5 987049
2 924181
5 952327
3 953677
5 970153
4 918826
2 966723
5 948838
1 973390
2 968857
2 968157
4 910718
1 985167
4 956082
1 909498
5 911493
1 937596
4 909926
1 920800
1 950201
1 924847
4 1004
4 985539
3 985151
1 996518
3 926615
2 911245
2 915390
1 966925
2 905773
4 913062
1 914799
3 920610
1 980919
2 969950
1 994728
5 915725
4 941190
2 922718
4 986058
1 979830
2 957938
1 987607
5 940618
3 900026
2 914399
3 979619
2 944556
4 988787
4 934611
4 926452
3 966639
2 975885
3 917188
4 956462
3 967387
2 980541
2 906587
3 959165
2 939182
4 968743
2 919859
4 954706
1 970086
5 909520
3 947114
4 969864
1 929914
5 907574
5 929422
3 912597
4 926651
4 951132
3 918968
1 974550
4 986681
5 936517
1 958926
2 937401
2 937757
4 977159
3 954578
5 924501
4 985742
3 988095
5 902191
1 951902
3 910268
5 901291
5 946656
1 935436
1 948993
3 979410
1 975435
5 922762
2 916905
3 917055
1 916443
1 902624
5 905731
5 980654
2 946153
5 913756
1 920903
5 920419
4 948242
1 949826
1 988363
1 969967
3 929844
5 994031
2 952202
1 931196
2 971562
3 973494
1 908904
2 953873
3 987878
1 980518
2 994064
4 989093
3 927060
2 938651
2 968136
5 958100
2 990655
5 955636
4 917488
3 941852
1 914614
2 935141
5 945506
5 943550
1 939691
3 926155
4 982737
2 937547
2 956833
3 975246
5 982520
4 928762
3 926719
4 955052
4 962514
5 932986
5 951852
1 996439
3 977054
4 945817
3 938647
2 965380
4 948679
4 960134
5 980670
1 971488
3 974873
1 977927
4 952414
3 951321
5 985180
2 967425
1 992061
1 954732
3 942420
4 992415
2 999044
2 941284
5 937702
1 956574
5 974281
3 971492
2 932461
3 994284
3 951177
3 933520
1 952278
3 944782
2 992827
5 975155
3 986997
5 999244
4 911420
3 925303
5 938178
2 948717
3 983234
1 958037
5 918768
5 995608
4 938386
4 919354
2 907117
3 970778
1 937678
2 949475
2 937884
5 913457
4 964571
4 989201
2 961384
5 965373
1 981695
3 991545
5 932259
2 990545
5 951614
2 971267
3 970926
2 984922
3 954231
2 909966
1 975100
4 919541
4 1004
4 922323
3 937780
2 909417
2 982467
1 990150
2 970708
5 968796
1 925962
5 956659
5 958197
1 999133
5 952734
3 909029
3 920793
4 987156
2 918126
4 926401
2 973202
3 932708
2 999189
3 908944
4 944034
2 956371
4 951745
3 913986
2 956780
5 916486
2 905364
1 915482
2 974084
4 917273
5 984529
3 919547
3 958905
1 981918
3 961066
4 980753
1 986269
3 909214
2 962061
4 944626
3 964337
5 909827
2 987867
3 989637
2 929251
3 959125
3 932973
2 911709
3 917189
5 941628
2 909089
5 910428
4 995
4 928981
4 998867
5 998362
1 953071
5 904041
5 932096
4 938864
4 979723
1 941470
3 967572
4 907120
5 907269
4 928214
2 975386
5 984740
4 907675
4 949722
2 942144
3 983690
3 978178
1 956892
5 982525
4 909747
1 933700
1 976134
3 965044
5 984380
3 916269
2 927794
4 929476
3 926768
4 972536
2 934303
5 904080
1 916102
5 931439
2 974874
3 986305
5 983721
5 964519
2 901843
2 922703
4 923064
4 930089
5 931486
4 940165
2 910853
3 905994
1 926356
5 903327
1 957438
3 924072
2 934149
3 937701
4 977004
1 925587
3 959971
5 938566
5 996290
5 915291
2 981919
2 910315
5 986706
5 925870
1 962828
2 964611
5 990731
1 965122
2 995467
1 978731
5 918178
1 915848
4 952914
5 968409
4 907467
1 920883
2 937715
3 965881
4 955738
5 973599
5 953755
3 958068
5 999195
3 975641
4 912775
5 989471
2 971738
2 992906
1 993304
3 924861
1 909103
3 997068
5 954108
3 915923
5 990083
3 930651
5 947443
2 959856
5 964373
4 955961
3 992542
5 986081
2 965293
3 968800
3 940112
4 963464
5 978219
1 964109
5 982913
5 925818
5 902021
2 917282
1 948185
4 900625
4 980813
3 976295
4 919569
2 989521
5 909509
1 927400
4 933910
4 922353
4 921436
3 955858
4 989400
1 945869
2 962429
1 954906
5 971994
1 981109
2 982749
2 951115
4 952625
3 990719
2 917310
1 936639
3 952030
1 959259
3 938590
5 983975
3 989427
2 934434
3 975118
2 992968
3 984295
2 902761
2 905595
1 998640
4 919865
3 995245
1 989541
4 950357
1 980748
5 983166
5 914203
4 982885
3 923678
3 989884
5 972747
1 930568
3 942056
1 904549
2 983100
3 922935
5 943217
4 984247
5 950198
3 990363
3 974090
1 957033
3 926295
5 958560
3 940093
5 999200
3 922004
1 940326
1 964894
5 934328
4 986060
5 976537
3 991299
5 928967
5 966180
2 987919
1 943904
1 914897
1 916248
1 916159
3 911825
3 979661
5 936362
2 917663
1 931515
5 952143
4 984289
4 920686
3 952720
5 923094
5 969080
3 964054
1 956354
4 957702
1 959206
5 952578
4 958236
4 1000
5 933726
4 940868
5 996790
4 911043
1 929095
3 916000
4 982829
5 910000
3 952851
2 977786
3 967298
5 921070
3 902142
2 923299
4 964301
2 935295
4 967899
5 917571
1 960342
1 902771
3 968299
2 916962
5 967485
3 965695
4 984320
1 916881
1 927471
4 971278
5 945061
1 930893
3 996666
3 992361
2 902525
2 953312
2 916292
5 907343
1 993389
2 972202
4 926479
4 962407
4 909058
3 956613
2 975363
5 949152
4 944383
1 991679
3 905624
2 920238
1 903827
1 972917
4 921749
3 959110
2 996275
5 969990
4 968766
5 954000
2 932617
1 979594
4 980868
1 913247
1 981112
5 944071
5 926740
3 992576
3 971778
5 943031
1 909553
4 971083
1 961653
4 973690
1 919735
4 944644
5 974435
3 984102
2 924009
5 994391
2 968527
1 988231
2 982957
5 971825
5 908589
5 903035
1 916946
1 966418
2 959072
1 997168
1 936410
4 951828
1 943390
3 905787
3 955134
4 908683
3 965364
1 902789
4 912989
4 988336
1 905130
2 941502
4 904638
3 960712
3 905138
3 941910
3 962852
1 905876
2 905374
2 908131
2 948859
1 939357
4 991119
3 970043
2 944484
5 900877
4 915012
1 960250
2 949134
5 989779
5 997156
5 923371
5 960507
3 907866
3 920402
3 946581
4 951244
1 917215
1 956450
4 901201
2 982735
5 960987
5 910197
4 982243
4 990325
3 999713
1 931637
1 919684
5 940010
1 905418
3 936711
5 936020
5 998562
1 957137
1 928213
2 921589
4 930132
3 920927
2 931628
5 979840
3 903600
3 931751
5 982764
4 953226
3 989741
5 972429
3 947645
4 920094
2 922871
4 959779
1 974215
2 992158
5 990721
2 987454
5 928488
5 991596
3 976968
3 962205
1 917376
4 957186
2 913241
4 937478
4 906724
4 949469
5 941236
3 988762
4 934679
5 963414
4 962368
3 933043
4 904231
5 990461
5 981204
5 950982
3 915252
2 912382
4 930129
4 926641
2 970843
4 956638
5 917261
2 937161
1 968357
5 951184
2 918703
3 961776
3 905136
4 973101
5 964281
5 995015
5 921184
5 975979
4 906161
5 949108
2 974651
1 926423
5 979835
5 988930
5 955194
3 928778
1 967176
5 975381
4 953269
4 970976
5 922141
4 914410
3 988588
3 981627
2 948982
3 963054
1 998360
4 942569
1 980616
3 979352
2 968380
4 956228
5 900031
1 945022
4 953656
3 930716
5 948583
5 996245
1 975501
3 968288
4 995004
2 920011
4 932826
4 908611
1 950329
3 949181
2 950465
2 986804
1 900024
1 946170
4 934658
5 908818
2 943057
1 976326
5 937603
5 916812
5 979908
4 908012
3 912281
5 953405
3 904632
1 966449
1 983028
2 928814
1 904757
5 942696
4 987763
3 902965
1 988183
2 964036
1 903183
5 985657
1 997062
5 960390
2 913945
1 960324
4 953364
4 971557
5 940246
1 938814
1 953033
5 905561
4 928643
5 983058
1 934956
4 918369
1 978211
2 995753
1 988433
4 955595
4 955791
2 903564
3 936128
1 964939
2 955888
1 972735
1 917255
1 986139
1 928388
5 958753
3 937319
1 929714
1 921726
4 900364
4 921947
1 919956
5 959993
5 921391
4 930499
1 973719
4 908621
2 991508
2 968981
2 965160
4 965690
4 978628
2 909850
2 905365
5 936973
2 964437
4 900576
1 936827
5 929989
5 940967
1 954218
5 923267
4 961824
2 917781
3 972734
4 947408
2 971614
4 941574
3 986174
1 948368
4 993763
2 924585
5 908528
5 929346
4 919377
5 956056
3 928372
1 966485
5 924477
5 997479
2 908222
5 976470
5 929380
5 986371
2 902978
4 974865
2 945377
1 957681
5 948355
1 993497
1 905356
2 918620
3 977334
1 963068
1 990052
5 937363
2 910807
3 967138
2 932062
2 904793
5 916320
3 918949
3 999473
3 958678
3 918547
3 971666
4 956591
4 969949
3 959049
5 918285
3 979354
3 999518
3 993426
5 929116
4 961443
1 978478
1 962607
3 962862
5 954045
5 976484
5 970285
2 940185
1 986156
1 979034
4 944636
1 935745
5 977002
2 945579
1 936722
2 909726
3 906372
1 918480
2 941767
4 945023
1 990632
5 979545
4 967191
1 932139
5 958680
3 908460
4 997506
3 923937
3 926693
4 996122
3 994995
1 921022
1 909341
2 981139
4 952752
3 906845
2 912035
5 988530
1 920920
2 978245
3 975078
3 940561
2 931697
4 914221
3 974947
3 968445
2 974751
2 925018
1 908021
4 962765
2 901417
1 956017
5 997231
1 962121
5 993639
1 918939
2 942555
2 933395
2 980315
3 991489
1 905998
1 976206
3 993260
4 957122
1 974597
2 901389
4 970064
5 960831
3 997459
3 939274
4 907646
1 944186
3 975286
5 942000
4 986480
3 900777
3 960019
5 963236
4 960923
3 915187
3 905522
5 914097
4 962340
3 997670
5 909323
5 954833
4 934643
2 936508
3 907434
2 972155
1 980952
1 901804
3 915751
3 994541
2 943888
3 938139
5 970892
2 965329
3 927724
5 922975
5 980511
2 938054
1 967809
3 943511
5 972510
2 912657
3 907745
4 975252
3 918983
1 946626
4 977329
3 933964
1 959664
4 924566
2 916586
3 948559
4 909205
4 924996
5 919996
1 926204
4 954458
3 943361
3 915975
3 914183
4 926825
1 924557
2 968438
2 934275
3 921656
4 911401
3 929937
2 917650
5 981895
4 983071
3 949695
4 964091
5 931438
3 998699
1 986982
1 900942
3 971413
3 989913
5 960491
4 905061
2 965237
5 937867
4 918008
4 990543
2 994873
2 902671
4 984461
1 934475
1 991040
4 925596
1 939938
2 913618
5 978477
5 958394
5 994471
4 904047
1 999263
3 996569
1 919472
1 992790
1 922635
5 997561
4 934267
4 995348
5 944481
3 912735
3 956663
2 913794
1 962468
5 966898
3 930979
2 983061
4 950042
3 997650
5 980320
2 968436
3 968662
1 983008
1 965975
5 976663
5 915257
4 978183
2 922067
2 951981
1 945922
5 956582
2 912378
3 952497
1 928232
3 977940
5 921716
2 944318
2 982868
3 906528
5 995757
2 995979
3 926654
2 953940
4 933838
2 968820
4 927173
5 937986
4 955977
3 984415
1 918349
4 983167
5 924837
1 975430
4 910034
1 909444
2 969593
4 912742
5 949519
1 947821
4 908013
5 917610
5 952445
4 934196
4 971305
2 922041
1 956915
4 922856
1 936426
1 902389
4 926457
3 984907
2 973949
1 974049
4 974924
2 902611
1 929035
1 953968
2 915002
3 990088
4 950058
1 916701
1 933162
2 984451
2 932132
2 967722
5 979768
2 901695
5 958515
5 950267
1 999994
1 968735
1 955246
5 982325
5 993023
3 927329
4 943778
3 992080
2 952160
5 920496
4 958851
4 955692
4 998
2 995075
3 925044
4 972275
3 984645
1 954333
5 939799
1 955852
5 994356
4 946870
5 967899
1 960748
4 998452
2 955460
5 963560
1 979853
4 964947
2 901733
5 906262
3 974050
4 982094
5 962707
5 929875
4 967522
1 952364
1 959547
2 989424
5 906212
1 907635
5 911294
3 981223
5 991675
3 954640
4 939936
4 967856
2 927037
5 912628
5 929588
1 924751
4 978282
2 912133
2 909623
4 959255
2 947872
1 919075
4 925335
3 982569
1 947021
1 971462
4 931882
2 997049
4 949480
3 962072
5 901822
5 914820
5 941103
3 950983
1 961477
5 962750
2 951717
1 974040
2 989040
1 918130
5 957216
2 946583
4 970023
2 948369
2 919742
2 983838
1 935580
3 959448
4 914652
4 977914
3 989223
1 995472
3 987008
3 918974
1 978347
4 911043
1 990593
3 911713
5 995322
2 908717
5 977505
2 971864
4 974150
3 985689
3 949816
1 983252
4 966558
4 902208
2 919975
4 945046
5 931873
1 958765
3 949319
1 941349
2 962030
5 927794
1 930287
2 997781
4 978884
2 999175
3 941427
4 973462
1 949614
1 932409
2 951848
2 904664
1 921306
4 990227
2 945587
4 980634
1 921972
5 906169
1 910579
4 983996
3 974258
2 982544
2 981753
1 995805
1 960089
2 972797
2 944187
1 916318
3 921662
5 971685
1 917995
5 945595
3 999216
5 909308
5 998331
1 975400
4 978885
2 925001
2 959208
3 950928
4 921279
3 913775
4 995339
4 997306
2 986377
5 994718
3 941140
1 915948
3 924779
3 922840
3 953996
5 914493
1 973432
1 912608
2 988668
3 919432
3 948976
2 914790
2 968875
3 948982
1 998944
1 974667
5 935706
2 988998
3 965196
2 945222
2 954805
1 931701
5 962148
3 947332
1 901671
2 986247
5 919211
1 910474
4 973160
1 961147
4 948819
3 937035
5 984190
1 932354
4 957858
4 964770
3 922293
4 947102
3 997155
1 919295
5 996352
4 999680
1 941323
2 982457
3 923381
4 928596
3 924299
5 919579
2 968209
5 915520
1 990669
1 956606
5 983830
1 973870
2 976191
5 943513
2 940569
2 974651
1 970305
1 960539
3 920722
4 937234
2 960917
2 999498
5 938328
5 938102
3 926514
1 939274
1 999844
2 961992
4 974564
2 933293
2 945222
1 934625
5 958176
4 914798
4 927434
5 927778
5 964965
2 981521
4 949298
4 931554
1 977823
1 927201
1 934970
2 992626
1 940495
5 996508
3 935956
5 989976
3 969596
4 974690
2 950585
1 963257
1 963429
3 975010
4 967970
2 930912
1 946207
4 952570
1 930911
5 941806
5 988009
5 918560
2 977790
1 911279
5 994351
1 935758
2 954511
4 999378
3 935428
1 993659
3 967837
5 968772
4 937700
2 910514
2 986870
5 919767
5 940159
4 947773
1 998933
5 908046
2 916117
4 974889
2 903145
4 947438
4 910767
1 924182
5 916341
1 954815
5 918489
4 949080
4 963453
4 998
4 940515
3 976415
2 916415
5 950916
2 919803
4 959817
3 904024
5 936907
4 965696
3 918992
1 915281
4 929540
5 944125
1 946522
2 967749
5 905912
4 979079
5 988335
2 919224
5 909980
2 983052
3 943037
5 966000
4 923777
4 997
3 914288
4 900320
4 949273
3 932963
5 998011
3 917541
5 986061
5 927048
4 903508
1 917858
5 905984
3 925137
2 952360
4 998
1 909086
4 981718
3 911017
2 989941
5 932056
4 943010
1 938415
5 920095
4 939236
1 974498
1 940686
5 934139
1 911661
5 987444
5 969041
4 913998
4 997
5 910934
1 952992
4 941515
2 963206
4 925979
2 936786
4 1003
5 963626
1 949413
3 900484
1 923518
1 959185
3 976743
2 918347
3 966970
2 996732
5 991002
4 945062
2 984268
4 926865
5 977511
4 919371
1 946541
4 926474
2 911158
4 916996
2 923327
3 994058
4 941423
3 904500
2 969982
1 900218
3 921184
5 979511
2 901825
4 981786
5 952296
1 977854
3 914138
5 907776
2 930738
2 959320
4 920242
3 996054
5 974551
3 912701
1 956286
1 983618
2 963441
5 986514
5 908963
5 941387
5 970127
5 983566
2 987127
2 912224
3 944558
3 974109
5 980089
1 937942
5 937457
5 963538
1 922180
4 903422
3 936957
5 970160
5 965418
3 910571
2 953679
1 948195
5 921689
4 962878
5 959920
5 922049
5 915737
1 944619
2 953082
3 946355
4 972881
1 906510
4 995
3 942772
1 993863
2 989038
2 960210
5 905053
2 921431
3 958344
2 904913
5 950896
5 940839
2 910116
5 975977
1 993023
5 945521
1 984086
5 943069
1 987323
3 916610
2 980464
4 926866
1 913984
1 966690
1 988520
3 903433
1 908026
4 978443
2 973006
1 932998
4 960640
5 978897
4 993526
4 925475
1 968729
5 977874
2 909202
1 980145
2 987847
5 934612
1 964616
1 921507
3 997083
4 977222
3 988051
5 985723
5 945945
5 996760
3 992306
4 902005
4 939225
5 940617
3 946455
2 965379
5 962687
3 924889
4 902941
5 978605
4 912902
4 994474
3 918049
4 932572
2 914582
3 961043
5 975419
4 969938
3 927640
5 944694
1 974305
2 990252
4 995
5 901098
2 900286
2 920620
4 987528
1 960428
2 910106
4 944694
3 963792
2 993225
5 938590
5 934134
1 918024
2 989227
3 986687
3 971920
3 944976
1 960804
3 918901
2 972190
5 982108
3 994257
1 969572
4 940466
1 923040
2 993918
4 961336
2 910554
5 978616
3 909142
5 973838
2 964741
3 950662
2 911949
5 967226
3 974925
3 934947
2 916203
5 931378
2 987044
4 919427
1 950118
2 929890
1 989194
1 954983
2 916926
4 931014
5 950539
4 995
5 999248
2 945844
5 952751
3 997636
2 923635
4 981481
4 966059
3 905584
3 953969
1 927061
5 937258
2 994790
3 900249
1 916332
5 953013
1 985751
4 933237
4 937091
4 926579
1 983238
1 927916
4 982845
2 934176
3 971591
4 924611
1 938833
5 979410
4 932474
5 945822
2 925183
1 953634
4 968901
2 904004
4 968851
1 945250
5 958697
1 969076
5 942103
3 941465
5 911551
2 946056
5 981642
2 991024
4 979980
4 925514
5 900974
5 940177
2 924629
2 929915
2 983335
2 971732
5 950144
4 997913
5 952981
4 966140
4 924600
1 912527
1 976055
3 957825
1 973665
2 988813
1 972896
2 989934
3 904488
3 942340
4 903525
4 940962
4 956714
4 921813
5 955834
3 975652
1 901251
5 936910
5 924989
3 970312
2 989528
2 953779
5 965078
1 925993
5 999564
2 911935
3 925433
5 947965
5 993520
2 975720
3 962397
1 981583
1 922857
4 950132
1 934980
4 904976
5 967821
5 934077
1 947946
5 955539
1 926514
2 978579
1 959489
5 935795
3 914809
3 901746
1 941143
4 934819
3 920776
4 971488
2 915170
4 973040
1 953422
2 910385
4 908945
5 976536
4 983194
3 994985
3 970009
2 944827
2 942729
5 997947
1 930364
1 930391
2 904579
1 953326
5 960567
5 985214
4 928251
4 957986
2 984456
4 935917
1 941828
4 990347
2 961201
2 932232
4 937820
3 961380
2 983609
1 991263
1 917518
4 955988
4 990003
3 907887
2 980699
5 963830
2 962680
3 919482
4 927077
5 947720
2 942915
3 961471
2 911902
3 997859
1 966707
4 979022
5 960850
1 972693
3 951590
2 996206
5 926278
5 901267
1 908023
5 964495
1 948184
3 935110
2 988477
1 937873
4 912712
4 950587
2 922853
5 922517
2 914852
3 928643
1 942670
3 957481
5 957614
3 941018
3 912341
1 984650
5 935637
5 944820
1 908165
5 983319
1 924356
4 964727
3 968751
1 903497
3 931400
5 986774
1 996214
4 908766
1 920310
5 942236
2 904439
4 928719
3 995471
5 913924
1 983746
5 961399
4 902112
5 912954
5 953954
1 910819
1 999730
5 908525
5 900404
5 930222
4 926986
5 992003
1 956345
3 947941
2 976334
5 928743
5 959989
2 931203
3 974209
2 976779
1 983469
1 947736
1 976668
4 992493
2 986754
4 934351
4 996195
3 917359
2 988291
5 976412
3 946677
2 903918
3 922646
3 902750
1 900175
4 924720
4 994695
3 915370
1 912824
5 921683
3 920548
2 958729
1 931867
2 942119
2 918575
3 941430
2 990628
3 995744
5 943392
4 950237
4 966783
3 957293
1 943830
5 973710
5 933599
1 924125
1 963452
3 981308
5 981319
2 964062
2 970478
5 986995
4 948609
4 937474
2 906197
5 994401
4 977901
3 912651
1 997579
3 963999
5 974295
3 931755
4 916429
3 938143
2 989165
1 907237
4 942311
2 922487
1 980325
2 937273
3 913856
5 927867
5 948416
4 998207
1 904541
5 979732
1 908417
3 955638
4 939048
1 912041
2 940829
1 931109
4 925196
4 952560
3 998644
4 925639
3 919988
5 956444
4 960122
2 930023
1 975234
3 990253
5 998748
1 940077
2 999441
4 932139
5 952732
2 988841
1 908787
1 923979
4 930128
5 997383
4 989432
3 905217
2 953410
4 968276
5 998602
1 968221
1 976235
5 970018
4 949541
2 932069
3 911108
2 970982
1 959317
3 965595
2 910085
1 927762
2 941087
2 914546
4 902057
1 995392
2 975053
1 913783
2 984673
4 923795
5 994087
4 902722
4 920588
1 974001
1 955634
5 947524
5 968432
3 969306
5 909625
2 910571
3 915922
1 947294
4 958465
3 990943
5 958801
4 989914
1 961549
1 963350
5 959043
1 999783
4 995547
1 985326
5 983328
3 993394
3 905903
4 912477
4 990995
2 933401
4 998
2 982558
2 951740
5 955043
5 998817
3 931638
2 927094
3 948243
5 924452
5 956019
4 967136
3 965797
5 996054
4 971332
3 913341
2 957506
1 974393
4 943379
1 923001
4 928655
3 945192
5 920916
5 960793
1 987931
2 992286
5 982532
2 938926
3 982312
1 920552
5 944651
3 920348
1 981432
3 985934
5 915465
3 955511
1 980271
5 958664
5 973733
1 994935
4 914062
2 979030
1 929098
5 949763
1 957279
4 901440
3 982403
1 998915
3 925605
1 992537
4 920551
3 906899
1 999515
5 933093
2 939756
2 964660
2 902028
3 953093
3 984833
3 990944
3 971688
3 918001
3 952408
3 937466
1 935005
1 906491
1 925452
4 910357
5 964935
3 919273
3 998776
4 989590
5 911034
5 960013
5 933032
4 960604
4 927836
2 920594
2 991703
5 976118
5 978107
2 909846
1 961416
1 928632
4 957495
5 932983
2 934141
2 947213
5 975551
1 917966
1 919603
1 937393
2 943458
2 981536
2 912705
1 951742
4 927097
4 900748
1 948238
5 982015
3 952787
4 918382
2 956451
4 994132
3 924338
5 954649
5 922655
5 907854
5 903269
4 999
4 986999
5 959191
2 996040
3 939354
5 962882
2 902814
5 992957
5 910922
4 904454
2 995438
4 995510
3 952386
4 937182
4 974215
1 979353
3 913731
5 997458
4 915666
4 920193
4 984688
4 993500
2 996883
1 963022
2 919535
2 938875
3 908706
4 993153
5 924144
4 943691
4 961105
1 994667
3 955768
2 900564
2 900228
3 908691
1 938651
2 976768
2 982626
3 918760
1 914459
2 935356
3 918745
4 999494
4 913360
3 938429
5 919185
4 912037
3 923619
2 966988
5 925507
5 999582
5 987837
4 950818
2 964876
1 999052
3 911137
1 968217
2 997581
3 999673
2 962098
4 952636
5 929437
4 982762
2 976481
4 996998
3 911539
3 900811
5 934677
3 944210
2 976923
1 969570
2 942671
1 960773
1 995624
4 947482
5 960030
1 916149
3 990520
4 903472
5 988419
4 936502
5 949999
5 977887
3 954714
2 942844
1 931005
2 998460
4 981617
5 904160
5 937380
1 935691
3 949060
1 955487
3 931973
1 975422
3 927677
3 977815
5 957748
2 942635
4 910793
1 979412
1 918428
1 990083
3 983996
2 905660
3 900247
2 920686
3 965066
1 958960
4 912322
1 945708
1 934877
3 966506
3 919323
1 975913
2 967451
5 995987
1 959045
4 910250
2 962906
3 958813
4 952347
2 971462
2 910788
1 963183
3 992102
4 920973
2 906245
3 959271
1 938088
3 927388
1 908273
3 985649
3 903059
3 983337
5 968979
2 980023
2 988402
4 963593
2 996458
2 984423
3 919261
2 976766
4 983951
4 946206
1 920535
1 914650
4 1003
2 912094
2 959652
1 974841
4 963449
2 987337
5 966700
1 967643
5 944767
4 945454
4 955950
1 933382
1 936895
1 959469
4 920926
2 953660
2 921591
3 974066
1 933852
5 990354
1 993554
2 987239
3 904538
3 913634
5 938073
1 937436
4 982585
4 986658
2 903338
3 971099
4 996010
4 969461
3 956471
1 961200
2 913854
5 927496
5 991606
3 992162
1 939749
1 951223
1 947066
5 991032
3 936000
5 940926
5 944503
1 981001
1 993990
3 913799
2 901563
2 972707
4 921784
4 918195
1 977828
4 974100
2 932911
3 924474
3 995936
5 920175
2 911603
4 983103
3 909908
4 925189
3 906690
2 964550
5 942940
5 915622
3 913177
2 987889
5 910223
1 939367
2 995896
1 936648
3 954451
5 971953
1 918326
4 912349
1 926297
1 947168
4 963057
3 968753
1 956721
2 904543
1 978087
5 952460
2 985746
5 936627
4 900268
3 982092
1 900212
4 978720
5 995558
5 984806
3 997522
1 967600
2 994762
4 979434
2 931796
3 983547
5 964653
4 928714
4 940315
3 995644
2 958147
2 992710
5 931517
4 931096
2 924706
5 958295
5 933358
3 928664
5 981688
4 996064
4 993210
1 938302
4 931892
3 907687
1 926529
3 922293
5 973093
5 944021
2 926262
2 989349
1 957040
1 974028
5 948587
2 995986
4 988846
1 976364
2 993410
5 917630
3 987330
5 980815
5 971093
4 982900
1 929569
4 958110
2 972466
3 990304
2 971449
5 971485
1 915525
1 984948
1 909477
5 931064
1 963158
4 951311
2 968426
3 990786
2 941643
5 989713
3 979440
4 986937
3 934489
5 919579
3 923268
5 993104
3 963077
3 964006
5 906915
2 961510
1 928477
2 928109
2 909297
2 920085
1 957659
2 973780
4 901361
3 908362
5 946466
4 1005
1 922938
4 998734
5 900226
4 995
1 948679
3 925088
3 989112
2 944359
1 957411
5 934091
3 923337
1 997301
3 920814
2 999486
5 959988
5 903192
1 962898
3 906165
5 957593
2 995382
2 912330
5 968593
5 932825
3 928194
2 964722
2 935874
1 960231
4 998599
4 984011
1 978175
5 924900
3 973325
3 987387
5 957908
3 952498
3 997636
2 996020
1 930662
3 913805
5 938446
5 974646
1 978366
5 933491
2 974677
3 913089
5 961246
5 924107
3 950404
2 919097
4 985263
5 931024
1 916110
3 906407
2 992719
1 954036
4 905595
2 963206
2 963579
2 923878
2 953514
5 937261
3 900727
1 974284
1 964238
5 954872
3 937518
5 974936
3 981330
1 969295
5 977132
4 997
4 908664
5 968919
1 975595
4 971025
3 922241
4 1001
5 922546
5 924854
5 995187
3 904638
5 935556
3 965273
3 969246
4 914085
2 977216
3 995588
5 982918
1 994655
2 987057
3 920887
1 920559
1 993178
5 952046
3 930856
3 925710
5 964858
2 916437
3 938463
1 995222
3 953087
3 999912
1 946539
5 926580
4 957781
5 939586
4 916820
2 931388
1 914245
5 979880
4 920198
1 924069
1 973101
1 992186
1 918082
5 921205
2 937344
1 996581
2 970678
5 927329
5 942341
4 920517
5 999654
2 994873
3 922110
4 998
4 927376
5 968982
5 960490
3 958542
4 903485
5 938235
4 904895
1 971402
1 923071
3 988819
4 964330
1 907627
3 969675
2 996728
4 972652
2 935748
5 979202
4 966129
2 943782
2 924754
3 948218
2 924442
4 909750
2 986829
5 980172
5 983840
4 986391
1 928968
1 947275
3 999750
2 992270
3 993428
5 968149
5 964936
5 930893
3 942616
2 945460
3 926929
2 985438
2 902263
5 951630
2 932992
1 985168
5 982775
4 937552
5 959405
4 962880
3 963036
1 925916
3 927846
3 915633
5 987143
5 987593
5 912188
3 907115
4 966858
2 970351
2 978475
2 911204
4 933016
5 932230
2 963292
1 905228
1 963774
3 953302
3 914909
5 903939
5 949479
4 938922
5 902322
5 946485
3 929880
2 930983
3 958228
3 964383
5 964670
2 983801
1 940506
4 996884
4 995496
3 925241
5 954160
4 975533
1 954402
1 940814
3 930122
4 995
1 998226
1 919342
3 916536
3 901614
5 993518
3 943157
4 901228
1 911773
5 956905
3 962699
2 931726
3 931051
3 957104
4 993137
4 905080
2 999509
2 956850
5 951316
3 952996
5 903589
3 919419
5 936741
3 907051
4 941858
1 916306
2 936597
5 912606
5 940942
1 901213
3 915133
5 902294
3 986532
2 966454
3 923525
3 951484
5 965572
5 925742
4 949172
5 965636
2 958665
5 905320
3 911671
3 950015
3 946004
5 977441
3 942078
2 934322
4 994679
1 995338
5 970055
2 956137
1 948594
4 992058
5 945718
3 900947
2 928448
5 984932
1 900798
4 935528
5 927427
1 922571
2 903233
1 921115
2 991789
5 985608
1 996534
3 982289
3 909181
2 906923
3 901659
5 931175
1 981801
5 934182
2 939709
1 926821
4 940466
2 997995
2 988066
1 975160
4 943279
5 932467
3 928782
4 949150
3 973587
4 912175
4 933994
1 951485
2 928059
1 974151
3 904537
2 993552
5 912283
2 930892
3 999189
1 980344
4 904263
2 965347
4 910746
5 927108
5 916337
3 937800
1 999030
1 933446
3 925524
4 933711
3 975898
4 927339
1 978778
4 970546
2 919532
4 976118
1 978066
1 966550
4 991364
3 980554
4 918290
4 970136
1 961268
1 948073
4 906899
5 911332
5 966624
1 980512
1 925257
3 918411
5 947425
1 999889
4 907199
1 988137
5 928601
4 988617
4 983989
2 916759
1 963417
4 993283
4 943209
1 977345
4 910474
1 927329
4 922839
3 940487
1 979312
1 901732
5 994084
1 954677
1 998717
1 997199
2 962482
5 929106
3 916714
2 981309
1 961700
2 931493
3 937874
1 954702
4 953594
3 991138
4 976297
3 982216
4 951686
3 903880
3 907776
5 912244
5 977409
3 942778
3 997171
2 955357
1 988000
5 996218
4 940043
2 984624
1 954668
4 921108
1 935988
3 962133
4 921209
1 989836
4 992182
5 911029
2 959461
1 904360
5 937674
4 981425
2 914832
4 933920
5 929335
4 988601
3 949089
4 903522
5 975645
1 941829
1 997191
4 922529
2 962343
1 943458
2 981617
5 907627
4 960661
2 961638
5 907133
3 908350
1 984247
3 947931
3 948964
5 995981
3 929013
5 958684
3 963632
1 949915
1 929184
4 965830
2 975673
2 912092
4 980637
3 966982
2 944293
4 947770
3 984552
5 948740
1 983905
3 984175
1 980329
4 936730
3 979322
3 953505
5 959877
5 913426
4 982021
2 944032
1 932166
1 937935
1 970774
5 964096
2 958069
1 900089
3 968907
1 947813
2 928373
2 973188
3 995512
2 976739
5 901259
1 994279
5 943883
1 919886
3 992777
5 996930
5 985556
1 979748
3 967768
1 950535
3 995900
5 966305
5 966564
3 999205
4 913512
5 972052
3 930797
4 936802
5 984281
4 938401
3 920972
4 928147
4 941855
5 998513
2 957262
4 948224
5 934393
3 941858
1 946702
4 934480
2 931983
1 925745
4 960844
3 994438
3 980923
2 909544
2 908630
4 929882
4 989441
3 978280
3 919584
4 958719
4 960752
3 965977
3 937259
3 950671
1 939517
2 982028
2 928059
4 906522
1 960285
2 921647
1 947567
3 920500
1 987476
4 978656
1 923955
2 954940
2 958655
5 900090
5 990361
1 997699
5 938895
2 987295
4 932841
2 972501
3 945524
2 981958
1 989961
1 967221
5 903693
5 926578
5 984640
4 941854
4 946176
3 943244
1 929861
2 958376
5 943728
5 979672
1 988146
3 910956
1 931065
2 976745
2 917830
1 948531
5 932925
2 947822
2 958012
3 905563
1 950283
3 985731
2 992874
5 935541
3 900783
5 980934
2 920054
1 919409
4 927458
1 949351
1 989183
3 971129
1 957558
2 981134
2 906029
1 922957
1 947486
3 936986
5 999119
3 924425
3 979733
3 908855
1 916467
5 976217
5 943651
5 950332
4 921836
5 991718
1 935790
5 916322
1 907413
5 961385
1 983117
5 965622
1 974295
5 987270
2 974658
4 920046
5 994910
2 943834
5 911190
1 980860
5 959983
5 935533
3 972813
1 937538
2 984568
2 995684
2 940619
4 905581
2 963555
1 935129
4 936241
4 945286
4 977280
1 990821
5 965530
4 915779
3 962052
1 936942
2 910353
5 985837
1 966495
5 968445
5 964018
1 934825
1 995916
4 980501
3 939679
5 927691
5 955223
1 974054
3 900349
5 916483
2 976256
2 948263
3 959652
1 980682
4 929694
4 973088
4 949528
1 958547
4 994675
2 955026
3 966107
3 928362
5 945554
1 987417
1 910379
2 962542
3 998940
1 936636
2 969596
5 938875
1 927564
3 999313
3 927738
5 938561
4 979324
3 927777
2 987285
1 933213
1 919727
3 979159
4 975656
4 981955
4 935381
4 943014
1 976193
4 966567
3 947742
5 998610
4 990208
1 966338
4 961110
3 997627
1 917585
2 977402
1 944918
5 988371
1 972041
1 999195
2 994437
1 934799
2 918638
1 918308
3 973979
4 916864
3 928493
2 913616
3 907017
4 999765
1 936779
4 947780
2 920051
2 931576
1 962442
2 940017
2 965373
2 987645
5 941477
3 900452
3 902589
1 938033
5 931553
1 945404
4 937251
2 921093
1 933124
1 957355
1 924395
4 928513
1 960233
4 953142
4 988773
4 941158
5 956722
1 963543
4 900626
5 981423
5 914608
2 972901
1 944160
2 938041
1 929216
1 950867
1 916289
1 936562
4 948563
5 904393
5 900645
1 925680
2 983024
4 936180
2 932789
4 904614
2 947651
2 984983
5 949979
4 943765
1 901316
1 970377
5 905890
1 943627
1 954154
3 980251
3 927079
3 941599
5 953175
1 904030
3 965464
2 928886
2 923726
4 950430
1 930312
1 932206
4 981442
3 990164
4 994597
1 918534
5 989856
4 998566
1 947278
4 943731
5 986630
3 925223
3 919097
3 942265
1 953562
2 962115
4 990739
3 986054
5 941272
3 961728
4 972289
4 960736
5 994346
5 950731
3 971886
1 932783
3 945892
5 996366
2 975317
5 938100
3 973131
5 946521
5 957101
1 969989
2 917956
4 951485
4 924626
1 901199
2 934673
4 944767
1 926101
2 969960
5 925545
5 910821
1 942912
3 958074
5 950317
5 984889
1 956346
5 990315
1 995001
5 958245
3 926886
4 969921
5 921643
3 969800
5 900059
1 922474
2 945729
2 963769
5 905158
1 979957
4 986294
3 923034
1 908102
4 903053
5 938033
2 909195
5 940293
3 901297
2 984736
2 963806
4 945019
1 973817
1 924401
1 955293
3 973084
2 940799
1 933602
2 951435
4 978924
4 986351
4 945133
3 967827
3 948248
5 931314
3 957496
1 995672
1 979434
4 1001
2 924660
3 923221
5 954292
2 949667
3 938675
4 960271
3 922793
5 980479
1 942523
5 978788
5 969976
4 1003
2 930441
2 935651
2 970404
3 920278
2 970508
2 925869
1 974316
1 923821
2 953665
3 970305
2 929164
4 956821
3 942060
4 903098
5 992881
1 920501
3 934501
1 910819
4 997308
1 907002
2 955573
5 910979
4 990300
2 969966
2 909791
1 950164
5 929254
1 955316
5 964271
3 933205
3 909868
4 991083
3 924058
5 952268
4 958777
2 952283
1 981957
1 971741
1 902703
3 977407
2 990570
1 925574
3 919573
1 930778
1 927547
4 939684
3 962786
3 972579
3 936632
1 981231
2 917999
4 957529
1 967124
3 933380
4 977473
2 948361
3 947566
4 964764
4 985969
3 900687
2 995222
4 928759
4 980895
5 984422
1 943820
3 943755
1 921448
5 991069
5 937769
4 973380
1 994315
5 985785
5 989328
4 944917
4 976467
2 969377
3 982106
1 965869
2 983257
1 939012
5 920389
2 945345
4 996669
3 927396
1 999775
1 950789
1 962578
3 916540
2 994098
1 942106
1 934853
2 949980
2 937901
3 968187
5 997203
2 954756
5 974035
3 910469
4 994741
4 960310
1 907635
5 945734
4 973631
2 908839
5 912361
1 934100
3 946412
4 979648
3 979863
4 988808
2 977974
2 987122
4 981671
2 946943
4 972267
5 988429
4 906537
4 954847
5 955947
3 919396
1 960991
4 912226
4 954974
5 959507
5 965587
3 968717
3 931641
3 921610
4 920712
4 958421
4 951373
4 905287
1 900209
5 926878
5 987067
2 982601
3 910100
2 995656
4 959129
2 917303
5 963853
3 934360
1 934616
1 982389
4 930327
3 974211
3 946685
1 980539
2 953530
2 903251
4 980002
3 924806
3 985652
5 963521
2 977196
2 930068
3 982760
2 936298
5 935266
4 912426
2 965634
1 911622
3 935219
3 952188
3 946848
5 937369
2 935773
5 951039
2 920522
1 982866
4 968139
3 977907
4 913547
4 926881
3 932444
5 966991
3 921987
4 974943
2 974554
1 942439
3 933919
2 994116
1 903412
3 988308
2 970645
3 983681
2 977775
2 956401
3 969815
4 940126
3 975466
4 999994
3 901115
4 968442
3 902128
4 963725
1 994411
2 936063
2 937879
1 958189
3 912201
3 955259
1 952138
2 902443
3 981867
5 960739
1 943232
3 952132
4 949561
3 937867
3 952798
5 983394
5 903953
3 910154
5 923768
5 948327
5 910003
5 941560
3 973922
5 926074
1 932837
5 940544
4 982327
5 966638
4 973682
5 903200
1 924557
2 984179
2 971793
5 915397
2 961623
5 919442
4 904072
3 993975
4 988407
4 975127
5 956506
4 950711
3 919724
2 993583
5 997055
4 954633
3 955421
2 915536
1 956213
1 906211
3 952833
1 957657
3 982485
3 946617
5 923292
2 992960
5 925423
4 983747
3 972817
3 940656
2 972730
4 950797
5 987948
2 929759
4 927638
1 942465
3 985909
5 972755
5 963290
3 917975
5 982705
4 978691
1 918399
4 942908
4 918133
4 999222
3 905263
5 905559
5 994269
1 967945
2 944638
5 965461
1 961639
1 913522
2 942374
3 991140
1 929470
3 906893
4 973408
4 979903
3 995118
3 957625
3 980170
2 997845
2 926190
1 959642
2 905115
5 986030
4 959657
2 924519
1 914849
1 909129
5 928529
3 905069
4 987503
2 922189
4 925585
3 930177
2 950105
4 991480
1 915692
3 928143
3 926219
4 973312
3 944509
4 954940
5 938616
4 902393
3 928907
5 982263
2 989814
3 971642
5 923925
1 905520
5 998579
4 985346
1 963474
4 914605
5 955612
3 914468
3 942551
3 942053
3 927896
2 926533
4 945863
4 979365
1 905549
4 970711
4 926410
5 935954
5 921194
1 961300
4 947050
5 921633
3 942609
4 994511
1 921718
4 971951
1 977832
3 978879
4 958240
2 915809
1 910640
4 917725
4 999
3 932494
5 993589
5 971985
1 982387
5 960364
1 923747
4 971371
2 917475
3 933935
1 954372
5 972732
3 998041
1 904430
2 967042
3 953456
1 976876
2 906436
2 909786
3 929577
2 926477
3 955042
1 911213
4 960249
2 919582
4 939774
4 984801
5 976525
4 909785
2 942522
3 993617
3 924370
1 993109
2 969809
1 954596
1 933043
4 969507
5 991450
2 985805
1 947073
5 918439
3 919323
3 904062
2 997133
4 948481
5 915043
2 915554
5 997340
1 996413
2 908050
5 974251
4 954500
3 965638
1 922758
4 949540
1 957013
4 947390
5 984377
4 1001
2 911540
5 916090
3 976598
4 937774
2 944062
4 983734
3 981299
3 938120
4 907002
5 990332
5 996600
1 996213
5 971451
1 924073
1 968491
4 901547
3 913452
1 965804
5 967318
3 989181
5 921453
4 921632
3 998503
1 917739
1 949045
4 996
5 948044
3 979549
4 1002
5 938912
5 926529
2 980648
3 965179
5 913984
5 977782
3 989212
5 909533
3 946291
3 969428
4 997447
4 997612
3 968413
3 981510
5 927198
5 925853
2 912033
2 907245
4 981454
2 964391
5 963286
5 970688
4 922998
2 989837
2 926558
1 998468
5 965881
3 903544
5 971903
5 966563
3 936725
4 975208
1 995398
2 974878
2 973982
2 969042
5 981053
4 920815
1 998192
3 937136
5 929152
5 976343
2 983322
5 930852
1 903081
1 931510
3 947162
1 945403
5 921023
2 968405
2 921287
1 917387
4 936431
2 931351
5 951100
2 910746
5 998963
2 996919
4 962387
1 928639
2 962925
3 974026
2 921085
1 967588
3 993782
4 962386
4 999587
2 936194
2 932223
3 964529
1 944753
2 991429
5 984236
2 916619
5 930073
2 965976
1 942658
3 913840
4 986612
1 986534
4 934429
5 928433
2 971982
3 927309
3 960317
4 923597
1 964993
1 922290
4 926476
1 953291
1 938046
1 974998
4 902254
1 970826
2 998258
5 956987
3 970130
3 979729
3 924142
5 957579
3 932896
1 910572
1 969547
1 929417
3 919787
2 970758
2 965473
4 932009
4 905590
1 933468
5 966622
2 990362
2 920238
5 926639
3 926131
3 937960
4 988206
5 945107
4 910852
2 959191
1 969949
2 955254
3 983461
2 950003
2 971821
3 962315
3 969693
1 991647
3 986499
2 973581
1 935060
4 931934
2 968209
4 990741
5 967357
5 964189
2 902899
3 910655
2 940915
2 985536
5 922745
4 993948
5 915749
3 900476
1 958955
4 908176
3 948366
2 933489
3 998834
1 931736
3 973371
3 922788
1 931673
5 913196
3 919204
5 927918
4 976227
1 951671
1 992117
5 990032
1 947920
5 971925
3 966433
4 911551
5 987520
4 919249
4 963320
3 919614
3 997847
4 935360
1 937647
3 935027
2 956988
2 911685
1 910041
4 984349
4 930498
4 982596
2 962959
3 933152
1 964625
5 909572
4 945239
1 931351
2 958665
1 950438
1 942423
5 956699
4 982789
5 957261
3 936281
4 902759
5 914181
4 1000
1 981151
2 909405
3 941564
2 901220
4 946215
4 963185
5 950043
4 939778
4 960763
4 944206
1 927856
1 905736
3 908151
1 962916
5 958163
3 901747
3 923485
1 962710
3 916144
1 947615
4 945606
1 900679
5 936529
2 988750
5 943324
4 989163
5 998801
3 974952
4 987471
3 948351
5 961603
3 976356
5 956834
4 907178
5 969843
3 982008
1 931026
4 916604
5 951940
3 921695
2 992702
5 915186
5 948883
2 969908
3 921820
2 914117
5 993214
2 957861
3 972850
4 991261
1 976348
2 949591
3 951777
3 927889
4 974425
2 948023
5 947898
5 909437
2 964548
2 942132
4 996031
2 914153
5 966853
5 945152
2 910474
2 936473
3 905108
1 924947
2 940898
1 903689
4 914213
4 970401
2 931221
3 992159
3 943569
1 940299
3 949215
1 901970
3 957398
4 932259
2 928710
3 960794
3 915975
2 938616
1 940583
5 911142
2 915980
3 961710
3 990666
4 1003
5 946435
1 916286
2 917141
3 933211
5 997503
5 925809
2 968419
4 984885
5 905786
3 902591
2 940108
2 913404
3 944257
5 982410
1 942773
4 959919
2 916653
5 962844
1 900837
1 989741
5 918145
3 961432
5 958299
5 938787
1 903510
1 950316
2 928606
3 932953
4 916364
2 973252
4 975476
1 924046
1 994892
4 924651
1 915527
2 955737
2 948636
1 935035
3 966964
4 902931
3 949462
1 922827
4 911763
5 917119
1 935696
1 904153
5 972633
1 916728
4 967524
5 934681
2 992297
1 940408
2 922175
4 962980
3 902262
1 914688
3 961980
5 944178
1 925843
4 938024
4 909843
4 909338
3 970744
1 948926
4 985335
2 943384
4 926705
3 968599
4 923419
1 987976
5 981928
3 975718
2 912952
5 999896
2 914419
5 900154
1 946214
1 972281
4 998
4 980251
5 990965
2 964310
3 927304
1 923512
5 961378
3 966671
2 943237
3 938393
2 903338
2 907754
4 992168
4 906932
5 910315
5 969167
3 916425
3 902892
2 927622
1 960468
3 986470
1 939615
5 972197
4 955571
2 946807
3 993246
4 970360
5 962187
1 987244
1 998985
4 921443
4 978122
1 944955
2 962741
4 926012
1 914756
5 947259
2 918576
3 954485
2 963751
4 939887
4 937876
3 939585
3 939919
2 980798
4 952381
2 936787
4 955179
3 991316
5 978197
2 914237
3 984528
5 998255
1 906710
3 900295
5 962454
2 976232
5 917014
5 983796
4 938881
1 923634
2 975046
2 912528
3 900330
3 968376
4 905034
1 919961
5 905960
2 916884
1 971783
4 945398
4 932888
4 917130
5 931422
4 906579
1 908447
3 925579
1 925638
2 952405
3 905156
3 927094
4 934725
3 907462
4 939033
1 923078
1 904427
2 925280
2 972520
1 965614
2 917417
5 918943
1 942222
1 989245
1 976603
4 934047
2 938040
2 975560
3 961329
2 970145
2 971838
1 916142
4 1001
3 985087
1 902337
3 974994
5 994285
3 915714
3 919779
1 905764
5 910765
5 983014
5 922168
4 928829
4 918707
4 946320
5 907408
2 971617
4 948823
1 921782
3 995995
1 963446
2 973961
1 925974
5 977831
3 934587
3 917037
1 938004
3 991619
3 949192
3 924880
1 954725
1 966477
1 987915
5 994062
5 901982
1 989117
5 991561
1 949009
1 922669
5 940471
2 944489
2 904512
5 952387
5 944487
1 932589
1 966378
3 983879
2 946797
3 987728
3 926443
1 906991
2 937491
3 930086
5 985957
4 934912
2 993189
5 994154
4 941648
3 994411
2 970415
1 957182
2 953861
4 942420
1 951298
2 985011
3 968733
2 953613
2 901210
5 986185
2 969883
4 985115
5 997406
1 967090
3 926670
3 947618
5 994153
5 908311
1 941274
3 925457
1 905165
4 961127
2 960132
3 901006
1 960366
3 982604
2 974469
1 926164
5 997236
3 937784
3 944150
3 974766
2 998690
1 910607
5 938896
1 949427
2 984381
5 965942
2 950875
4 919256
3 948263
5 996907
3 918275
1 958824
1 968865
4 944815
2 941416
5 959052
4 915951
1 917266
1 921877
5 990236
2 993625
4 973342
5 916861
5 994801
4 1004
4 952008
1 944081
4 951299
1 942875
5 906523
1 958169
1 979188
4 902539
1 901985
1 996000
1 957048
5 959487
3 975292
4 961595
2 948254
1 908378
2 996686
1 955541
2 917791
2 911985
4 953546
2 942626
3 923907
3 987933
4 921014
3 963799
3 931429
4 925754
3 914043
2 943891
2 913655
5 922754
3 922842
4 996243
2 954518
1 914496
4 920628
5 979619
3 938107
1 980348
1 948789
2 983452
1 993853
3 932080
4 940254
4 998588
2 905600
4 984158
3 982341
1 960643
4 966324
2 977338
1 978455
2 984524
4 967759
4 935384
3 948625
2 975034
4 939218
5 970592
1 918685
1 921575
2 995496
3 992891
4 986475
4 916729
4 912930
5 999201
3 948073
1 905828
2 976996
3 954052
3 953438
3 987911
3 907595
1 957372
3 926694
1 929851
2 916788
3 994512
4 940396
1 941178
5 911572
4 940539
3 966670
1 922963
4 944354
5 926856
5 931550
3 900436
3 996683
3 945703
4 985493
3 961639
1 907487
3 998429
1 972113
2 921494
1 996794
3 973387
5 918435
4 921896
2 915885
4 920297
2 964168
3 948081
1 972739
1 971663
4 968785
5 980676
4 978491
2 953363
3 950142
1 942853
2 932695
3 991783
4 959137
3 931131
5 973982
5 978336
2 979097
3 916112
2 947219
4 988135
2 913435
5 945176
1 954223
2 922041
4 983805
2 969436
2 953322
5 924639
1 974447
5 964447
3 952933
4 966051
3 903143
3 998308
3 901891
1 984080
4 961885
4 988833
1 921514
3 973009
4 966844
2 923033
4 906524
2 909093
5 986434
1 988239
4 979483
5 921227
1 933760
5 962365
2 910005
5 996772
2 988512
4 912880
4 983468
1 969818
3 984171
2 989003
3 961295
3 948112
4 911586
2 951560
4 949164
4 1002
4 952371
2 962273
1 994165
5 943298
5 968496
2 935955
5 940804
4 955607
5 999014
3 904603
5 955343
1 944188
3 974582
2 905850
4 918988
4 933104
2 931410
4 931645
4 928188
2 954496
2 957281
2 960842
2 905287
2 966668
1 902315
3 957060
2 996216
5 922177
5 996049
3 920158
1 961850
3 990394
2 955426
2 934891
5 986990
2 986167
3 954246
3 903555
1 935874
5 985569
1 990823
1 924780
2 975460
5 933585
2 926417
3 951676
5 989819
5 965753
5 924931
5 937655
1 990003
2 922245
5 978955
2 975424
4 977922
1 938156
4 907313
1 955888
3 958648
2 997391
3 993993
4 981851
5 922671
1 953045
4 970769
3 919374
1 977563
5 909200
2 992031
5 911899
4 1002
2 958933
4 915520
5 955651
3 933658
1 938868
2 919776
5 976728
2 965812
5 928854
4 927970
3 954105
3 984339
1 946360
5 995195
4 917547
2 961708
4 954530
1 907094
4 962241
4 981756
3 926273
2 962998
3 916710
1 912420
1 940232
4 961194
2 902852
4 924747
1 944750
1 938394
2 931625
1 975593
4 999
2 941970
4 960453
4 942996
1 957016
5 971488
2 934662
1 985557
5 906656
5 934196
1 952010
5 943811
3 932298
2 942774
5 971690
4 966444
3 997204
2 955506
5 951159
3 987988
5 925540
4 992313
3 993717
5 906230
1 931638
4 918675
1 986388
2 953408
5 977697
2 987152
5 971845
5 962564
4 940195
5 927980
1 934405
2 900761
2 919527
1 946860
3 979255
5 962201
1 933308
4 911838
3 988803
3 932408
4 995
5 961313
2 925062
5 991546
5 921872
1 946667
1 909731
5 990124
4 912283
3 992795
2 995255
4 971307
2 926769
5 925270
4 952714
5 907972
3 900665
1 910995
3 934303
2 963759
2 935089
2 965576
1 953972
1 913456
5 967999
1 960783
5 979738
4 944553
2 930944
3 962226
3 990596
2 917534
4 912316
1 983632
3 995532
1 998970
4 914477
1 907121
2 926359
3 969679
5 919342
3 994689
1 954652
2 909550
2 914445
1 928765
5 962957
1 953790
5 912189
4 962604
4 906373
2 942527
4 991598
4 989893
4 990332
3 971208
2 942354
2 920451
5 915724
4 980073
2 987760
2 962716
5 914667
4 927572
2 958973
5 917372
1 902151
5 930381
3 922917
4 989381
1 924590
3 914344
5 955009
3 998978
3 974463
5 904535
2 951860
2 973377
3 912938
3 954271
4 989113
4 999603
4 936854
4 979840
3 969920
3 929543
4 929796
3 971319
3 953670
3 938177
1 922973
3 979185
5 901913
3 946259
3 941691
4 933419
1 996974
4 925141
2 984961
5 911391
3 930810
3 900235
4 966433
3 987818
4 900755
4 911402
5 960196
5 930621
1 936057
5 993298
3 987036
4 926550
5 974131
2 963642
4 987243
5 966608
1 945490
1 977470
3 980124
1 952196
2 917672
5 932755
1 956668
2 978347
3 997354
5 996798
5 974654
2 912449
4 911560
2 900665
1 951408
4 951325
2 984548
5 949792
3 969011
2 929262
4 958530
1 920588
1 919675
3 918824
5 922286
1 949723
5 913666
4 992533
2 918930
5 920860
5 975782
4 1000
3 942836
5 933352
1 936676
4 966970
5 962932
2 925936
3 950687
2 982669
1 999250
4 904219
1 987492
1 939667
2 978119
4 974773
3 919892
4 989737
5 946825
3 913349
2 918091
3 909967
2 932612
1 937164
5 945217
3 928724
1 975645
3 920775
5 909459
4 983889
4 987815
2 988410
5 980936
1 938200
4 969905
1 988321
4 926041
5 941819
5 903676
2 921106
2 982304
3 947567
4 997
4 931889
2 968345
3 970280
3 933287
3 932541
5 964737
5 930400
4 991344
5 936584
2 919847
3 996849
1 937135
4 913221
5 960660
3 987218
4 927144
4 922019
2 912089
3 986412
5 925694
3 990021
5 952081
4 910635
5 917566
2 905300
3 907602
4 925858
2 918772
1 951941
1 920526
5 915815
2 981703
4 951219
2 904357
3 952450
2 971972
2 920760
2 939784
4 926256
5 910657
2 955864
2 926364
5 948342
4 991415
1 964355
4 954467
1 958133
4 964790
5 941070
1 976180
4 980299
2 914258
3 914253
4 991905
1 932996
3 968811
3 977438
4 925680
5 959570
4 965896
5 925073
4 912455
5 953932
5 975593
3 994384
2 902524
4 932923
3 993492
5 944647
1 981588
4 969826
5 926125
5 981345
3 963778
1 947911
2 957679
3 941272
5 995029
1 918509
1 974665
5 936333
2 979903
4 992004
3 974150
5 920484
2 930737
5 952165
2 924146
2 980618
2 931754
3 906855
4 902777
1 952662
1 949745
1 953646
2 987638
2 945926
2 970321
5 980462
4 997581
1 975221
2 942845
4 938409
2 908864
1 975801
4 918321
5 914646
2 967528
2 941304
4 960245
3 932943
4 976382
3 967758
4 901045
4 961081
2 990487
5 968791
3 994981
1 999438
1 938171
3 946740
5 936921
2 920902
1 908333
3 988492
1 902594
1 993910
3 980888
1 986898
5 914427
3 998370
5 983256
2 928102
5 978895
4 902862
4 951243
2 993616
2 931389
3 921046
3 972285
2 974653
5 910622
5 923441
5 911870
5 958501
3 901624
2 968050
3 930882
3 930147
3 902301
1 955673
5 916546
2 940919
5 947659
3 959162
5 958482
4 993665
2 904377
3 980121
2 976710
3 910360
5 990620
2 967669
4 912367
4 997516
4 924402
4 973391
5 934874
1 973711
3 928204
3 969100
2 951520
4 943896
5 939190
3 949095
1 905496
3 983568
1 992346
3 991372
5 935573
3 918073
5 900697
2 958611
5 947453
5 961836
3 979157
4 992881
2 910240
2 967019
3 964521
2 979044
1 938379
1 989063
4 908040
4 935209
1 969462
1 982828
4 911749
4 937967
3 957164
3 966385
1 985881
5 905098
1 905436
2 941651
4 947853
5 935363
2 947155
3 982926
5 936415
5 909115
1 908345
2 920673
4 949338
5 994603
4 920850
2 966673
3 988256
4 900212
1 927084
2 938185
5 932843
4 954241
2 987590
3 952904
2 937261
3 995857
5 918583
2 908092
2 969917
2 949572
3 935937
4 998566
3 982500
2 961462
5 943828
4 938212
4 957843
1 935365
4 994879
2 980138
2 903959
3 990191
2 927254
1 905938
5 919604
3 986602
1 977380
2 902057
1 929561
5 969506
1 946414
5 991864
5 997785
5 921608
3 934268
3 967238
3 908557
1 970758
1 975437
3 905309
1 962971
4 975407
3 965479
1 963740
1 901581
4 975466
4 909159
1 968559
4 921932
1 913000
4 938356
5 936288
4 912183
1 923359
1 907334
4 989742
4 984619
4 989694
3 961979
4 987603
2 988225
2 978086
5 941487
2 924082
3 925185
2 964791
4 932961
5 902625
2 912156
4 944958
2 918669
5 920911
3 919513
2 914059
5 901363
2 954772
5 931630
3 982415
2 914825
2 960233
1 920603
1 932954
3 983357
4 934118
3 999368
1 967921
2 930128
1 952572
3 968612
5 940850
4 923065
2 948611
3 902116
4 974047
4 960153
3 901635
1 983087
3 964953
3 946671
3 975125
2 957039
3 991755
1 990548
1 984867
1 929156
1 960074
3 905244
1 987553
2 986569
2 930938
5 953943
1 950158
4 919538
1 913592
1 905016
1 961376
1 940349
3 946480
1 934020
2 981028
1 949318
4 968865
1 924848
3 903800
1 939426
1 916501
3 919384
1 903842
4 951306
5 933074
4 942168
2 961871
2 968638
1 993233
1 918303
5 959553
3 943055
2 904545
4 901768
1 933757
1 992319
5 907750
2 999012
1 943326
2 945779
1 943870
3 947671
3 995963
5 952794
1 963885
5 994223
3 990997
3 975088
4 988130
4 915136
4 984970
1 903088
2 951424
4 989803
5 973184
1 941219
4 990573
4 919165
2 935255
4 979461
3 959172
1 972699
3 927010
4 990326
3 968879
2 903767
4 1002
5 909298
1 917658
2 902409
1 938745
4 922575
3 921304
5 911389
1 989071
1 938881
4 1003
2 957152
3 909619
4 949296
3 940594
5 991140
5 997261
5 908860
3 932835
4 920635
2 956585
5 933840
3 901366
1 907907
5 983401
5 956887
5 981169
4 956713
1 999704
4 997612
5 994071
3 951045
1 923018
2 954646
2 930337
2 922275
1 976236
4 912130
1 949855
1 997643
2 932546
4 940605
1 942895
2 941289
5 933408
4 983073
3 926759
3 969009
2 928538
4 940514
3 977170
2 991968
5 971808
1 942488
3 915013
5 999777
3 967415
2 932910
4 951574
4 993866
1 994650
2 935873
1 949660
4 907450
3 955396
3 931308
3 944818
2 975156
3 938105
5 906099
2 984944
4 980725
5 921973
2 929520
2 942799
4 910600
3 988348
2 922632
1 905548
5 971890
5 926098
5 928805
1 989527
3 908327
1 986526
2 952074
1 924966
5 919176
2 998865
2 952731
3 974759
3 969882
3 922768
5 934356
2 911511
4 938105
5 995148
4 906162
4 956172
2 937402
1 904477
1 966663
1 966242
3 955582
5 936415
2 961877
4 979699
5 953542
2 931702
3 988627
3 946381
4 911212
2 938656
2 941396
2 921394
5 989822
2 983211
1 938991
5 915911
5 971598
1 948809
2 934799
5 953041
4 928122
5 983110
1 947549
2 926142
2 980186
1 931886
4 928362
4 933156
1 949087
1 989769
5 942459
2 941485
3 972975
4 959717
5 980623
3 952109
1 998107
1 957591
4 960561
3 953143
2 940887
3 985824
4 902480
1 943928
5 941953
1 903494
1 941247
1 969139
3 946952
5 925382
2 939496
3 924471
5 963137
1 932873
4 906692
5 909590
1 956083
1 943840
5 931673
3 940921
4 944437
5 951108
2 981568
4 999779
4 938751
2 933769
4 986164
4 922388
2 941389
2 980125
3 963081
3 980889
5 912466
4 906483
1 962798
2 916437
2 943995
5 939704
3 987958
1 973355
3 980106
4 947168
5 958092
1 916392
3 957896
4 915176
5 918722
5 978214
3 977619
2 982636
5 970597
5 971112
4 1005
4 938137
2 918587
5 947726
2 912457
5 954556
4 985293
5 912751
1 983429
2 920830
2 983789
5 990486
5 904836
4 946245
4 934978
3 973115
5 945656
1 927687
4 909463
3 931821
2 965942
1 923550
4 900672
4 918576
3 953368
3 909015
1 909288
1 963165
3 973919
1 949904
1 908936
2 991752
3 951429
4 995
5 902760
5 966736
2 946306
3 943191
3 913417
3 984467
5 982947
1 951267
4 933559
5 949210
5 903837
1 937730
2 948464
3 956295
1 973021
1 903594
3 978587
2 928972
5 994776
5 945260
1 931636
5 953592
4 960996
1 959600
4 980935
2 989667
1 969103
2 948784
3 962832
2 921281
5 907776
2 950958
4 995416
1 917539
3 956038
4 933992
5 990417
5 902514
4 950700
4 928479
2 910544
3 988654
4 989035
4 947685
1 919898
4 975683
5 961933
4 994938
1 971591
2 976271
3 953029
4 929681
3 901396
3 936617
1 999960
3 922539
2 996160
5 935249
5 948876
3 983958
2 937197
5 904681
3 983643
5 950330
1 987851
5 975911
1 996729
5 928943
2 980386
5 914516
4 973980
2 910991
3 991095
5 976772
5 968230
1 908562
4 950596
2 946959
4 914565
5 970908
3 975235
3 929179
5 912282
2 939377
3 909626
4 993575
5 903558
4 922123
3 950724
1 994396
5 931881
2 942509
3 922614
4 997715
1 949203
3 938562
4 924020
2 928760
1 982993
2 905793
2 979318
2 974405
2 934680
3 976424
2 900314
3 914323
3 932141
5 907012
5 944355
5 967124
1 991699
4 943873
5 930418
4 978347
3 940991
3 970973
3 932141
1 968601
2 917350
1 908012
1 905184
4 906162
2 987891
4 973846
4 922806
2 988575
4 908312
4 902611
5 980981
4 957202
1 945962
3 998794
2 964465
3 959062
5 925437
2 962241
2 945610
4 966856
1 962569
3 943569
2 987741
2 945384
1 965266
2 926206
4 996120
5 913872
4 955693
4 995592
1 955290
4 991355
2 929149
2 924270
3 907525
2 963688
4 997706
4 994297
4 900443
3 971605
3 935389
4 934038
5 958960
3 977503
1 992806
1 933960
5 933991
4 947570
1 988165
1 909435
2 921875
4 998512
5 950374
4 948410
1 971364
1 996336
4 925117
4 917378
1 996782
4 958454
1 993014
3 908347
1 903675
5 973328
2 909176
5 969208
4 912561
2 928029
4 969986
3 984001
2 936837
4 911341
4 957579
1 965778
2 921521
2 977941
1 915590
4 961005
5 974809
5 950124
3 901501
3 911577
3 912449
2 990753
4 931316
5 955972
1 943862
3 943299
4 927858
5 962598
3 954531
3 911167
4 964958
1 995682
4 992110
2 952272
4 1000
4 947331
1 966090
3 982380
5 973077
2 932628
5 999605
4 968206
3 975925
3 914238
2 926089
1 994527
4 996
3 901478
5 985888
2 980011
2 950167
1 907584
2 934227
5 977939
1 926140
1 977119
1 952103
3 937840
4 978858
1 900549
1 931807
1 920648
1 949183
1 903415
2 979445
2 906623
3 963220
5 988970
1 939276
5 966424
1 953836
5 965430
1 938633
2 973609
1 996554
5 921667
5 957921
5 906877
4 999833
5 947492
2 929383
2 900120
4 939074
3 968183
1 930764
1 906128
4 977022
3 970221
4 987753
2 901677
1 932664
5 972494
5 925517
3 901342
1 976607
4 942382
1 913129
3 973730
3 995830
2 931381
5 993481
4 913142
3 935787
5 948780
2 931858
1 970011
3 914733
4 957539
2 949151
5 968309
1 947512
4 972880
5 915729
2 944442
1 949673
1 902063
1 982279
2 945631
1 964850
3 969040
2 960063
5 923492
5 972232
1 956271
3 909581
5 950029
2 980903
4 986670
3 959917
4 979256
4 914000
3 942064
4 995195
4 991280
5 955147
4 952974
2 933061
4 941776
5 977532
2 946887
3 991728
4 992315
5 904318
2 920180
1 950305
3 985640
2 976751
5 918191
3 923356
3 977646
3 990079
4 943876
4 967771
4 985685
5 979051
3 924435
3 944981
2 958171
1 985988
5 901017
4 988906
2 936643
2 997741
2 922447
4 951970
2 974601
5 955156
4 999994
1 916664
1 952755
1 972645
1 958990
2 936877
2 946251
3 995686
1 913745
4 961939
2 977076
3 904427
4 977870
2 990170
3 949693
3 970158
1 923337
2 902979
3 906546
5 999963
1 922690
5 930704
2 944507
4 912087
1 960116
4 908490
5 989781
2 968509
3 999109
5 925676
5 939400
2 934113
3 972044
4 975487
2 971434
5 986875
3 934418
2 991623
1 943317
4 905556
5 943507
1 962479
4 961665
1 903137
4 989090
2 974392
4 981375
2 904652
4 949954
3 974579
3 983051
5 994318
1 998887
1 955261
5 912705
2 942051
2 915938
1 923892
3 982303
1 996580
2 944052
2 912230
3 975495
2 963325
5 956948
5 926393
4 926009
2 918469
3 982844
1 960293
4 921690
1 988767
3 968921
2 905795
3 983909
5 981189
2 964293
2 958116
3 900764
3 924169
3 993702
1 994992
3 912902
4 998355
3 901595
1 912863
5 904826
5 915220
5 970577
1 975988
5 941337
5 933175
5 992243
2 983545
3 966968
4 987193
5 994255
4 921891
5 928189
3 947581
5 974387
3 964007
1 952607
4 945247
3 913182
1 961495
5 920473
1 903080
5 989535
1 982310
4 946352
2 966618
1 924447
3 903771
1 931218
2 997577
3 952043
5 941331
2 944018
1 915399
4 963673
3 993617
3 924594
1 966972
1 990282
2 955235
2 977075
2 909008
1 976889
5 960030
2 910111
3 997682
5 941184
1 988466
2 953682
4 997
5 911871
3 925275
1 921499
4 939254
1 934787
3 909578
1 980554
4 966584
4 997
4 911561
2 998236
4 958512
5 914468
4 997531
3 976455
2 985408
5 965682
3 970292
4 952468
2 954545
4 943503
4 924449
5 922509
5 953633
1 927065
1 999988
1 961085
4 977346
2 988821
5 997722
4 934627
4 956025
5 934703
3 955581
1 906609
3 994412
4 988759
1 901487
4 997111
2 920105
4 978461
5 954018
2 928505
3 900652
5 977825
4 968127
1 932887
5 926743
3 981547
2 924560
3 950291
5 996513
1 931457
1 955328
5 923699
3 931432
5 964959
4 978677
5 965010
5 998380
4 971162
5 952688
5 958515
3 914619
4 992887
3 901251
2 915695
1 946838
1 974791
2 958594
5 962145
5 982061
2 903201
2 930707
4 920016
4 914538
5 934920
1 963576
2 925746
4 912450
2 938726
5 944560
4 913516
5 909341
5 935027
3 975331
5 905666
2 958802
1 901404
5 901463
2 958533
3 930386
4 918475
4 961622
3 977386
5 938414
1 973838
5 941581
3 913249
4 946386
4 995498
1 999216
2 929104
4 955721
2 973015
4 914416
4 921494
2 942148
2 968907
2 970051
2 974428
1 924183
4 914532
3 992157
4 943421
1 993852
3 918631
3 976348
4 989846
5 992388
3 926034
2 954598
4 957169
2 979687
5 990257
4 968678
5 991717
5 984740
3 912309
5 901374
4 992157
1 916552
2 910315
1 964530
5 943350
5 917461
2 935962
4 905964
1 921595
1 907265
2 979001
2 997652
2 949834
5 946894
4 999
4 972997
3 926099
3 920951
4 961184
3 991422
4 909281
4 911763
5 911220
3 933736
2 915457
2 903160
3 923390
4 950525
2 900308
1 981060
5 932934
5 905168
5 964201
2 942855
1 943620
4 918229
3 911010
5 955937
2 952979
5 904430
1 933529
3 989585
5 978073
4 932089
1 935142
1 994842
4 915137
5 962781
5 992842
5 996724
4 908352
2 956123
2 900314
4 918000
1 946608
2 933635
1 937491
4 973833
5 952994
3 971015
5 944222
5 905564
4 997895
1 978328
4 942463
2 939101
1 952566
2 987597
4 968662
1 912964
5 951730
1 972472
2 920806
3 927909
5 910103
3 926075
3 989168
3 946071
2 919380
5 951112
5 959754
2 994477
4 1005
3 915639
5 998853
3 929908
5 917924
3 936576
3 976773
5 954617
3 957339
2 912933
2 906766
1 988673
5 946561
5 987082
2 978733
4 984698
5 931955
2 928937
1 932387
1 970044
2 959719
4 993791
5 996591
3 954474
1 906457
5 925447
5 926781
4 901549
5 912470
1 948173
5 956075
5 999662
2 959618
4 950986
4 944183
4 954464
5 961209
2 981431
4 938134
1 977305
3 966977
5 942150
4 980249
2 938840
1 949272
2 933053
5 905687
5 977940
5 920032
1 940105
1 979302
3 947061
3 958924
2 954975
2 940078
2 900958
4 960815
3 939755
4 921170
1 910179
4 923339
1 900654
2 969549
4 910822
3 946505
2 956167
1 956820
5 924354
5 958471
1 949203
2 920018
2 939226
1 933470
4 918262
4 906577
1 971145
5 988660
2 933506
1 977689
2 948199
4 945662
5 952646
3 910141
1 978313
5 903121
3 996079
3 951943
2 935360
5 912108
2 993306
4 928371
3 945537
4 923508
3 998662
1 913427
2 901248
3 980055
3 970510
2 903700
4 901452
2 930912
2 975982
3 929370
5 992531
2 994776
3 901879
1 904490
3 953968
1 986789
2 974815
1 946515
1 924676
1 950803
1 958005
5 944864
3 901088
5 954722
1 974190
3 952293
4 953266
5 968572
1 983179
5 900379
5 929506
5 988282
2 951751
4 954782
1 932285
1 984311
3 987991
3 989825
3 920831
4 957374
3 920027
3 985725
4 906220
5 978805
2 999293
2 936243
3 943443
1 919290
4 933586
2 946022
1 930278
1 908201
2 990309
3 930291
2 933889
5 935391
2 907671
4 1002
1 912984
4 965298
1 907647
1 971926
1 949080
1 905666
5 909826
3 923023
1 916104
4 977296
2 965873
3 915268
4 926630
3 948133
5 946356
1 965030
3 927519
2 952033
4 975644
2 928187
5 930730
4 1003
4 914236
5 966339
1 980592
3 966340
2 945936
4 1005
3 945551
5 979734
1 953002
3 982248
1 973450
5 965203
1 965329
3 907413
4 933779
4 939819
5 944255
2 916942
1 999019
4 945037
2 975482
2 933988
3 942474
5 916654
5 912999
3 989239
4 969684
3 955028
2 960730
1 968743
4 955533
4 911155
3 974887
5 920860
3 964270
3 925920
3 930443
4 919497
1 939320
4 983427
3 988660
2 961233
1 959396
5 925584
5 968308
5 906734
3 938301
1 981990
3 956479
3 928702
2 993366
3 924088
1 940435
4 985302
4 965138
4 991747
4 922904
2 976218
3 964951
1 972610
3 907675
1 969943
2 978587
5 997756
5 981315
3 938266
5 965458
4 909736
1 928627
5 945145
2 935727
5 941611
2 966537
3 985851
4 995434
3 909091
1 999970
4 927739
4 947942
2 978512
2 996685
1 919334
3 940145
3 934553
2 934835
2 922538
2 919662
2 906276
4 997695
2 907532
4 934868
5 918368
5 935947
1 973144
2 927395
5 961032
1 937878
5 969682
3 902294
3 907435
4 937983
3 928246
1 946715
4 919571
4 928495
5 909566
2 964296
5 978219
1 947119
4 926305
2 978071
2 961601
4 972742
2 962805
3 989113
2 997768
1 949337
5 971588
3 987209
1 997572
4 954386
5 915872
3 935145
5 977457
3 976438
3 962639
3 909875
1 936407
4 901034
5 906157
5 913169
1 951376
2 964103
5 987142
5 917376
3 966513
3 982193
1 965175
4 945157
5 961179
2 941199
4 904724
1 918383
4 980782
1 922375
4 957348
1 931294
5 911095
4 951212
4 939842
4 927054
2 974656
1 999199
5 969774
1 921484
1 939713
4 946693
4 909144
2 993820
4 956664
2 931095
4 966117
3 963352
1 968045
3 955559
5 999155
4 982718
4 973432
4 993155
5 988914
5 984761
5 970680
1 903591
3 968364
4 942448
4 940436
5 988593
5 984893
2 933529
1 975647
1 964258
1 901708
1 942098
3 921439
5 972763
5 983697
2 932517
3 919277
2 969272
2 924726
4 994996
4 938649
1 904906
2 935812
5 975487
2 997957
4 964990
5 943062
5 976071
4 951103
3 915940
2 967554
1 961613
3 912211
1 967416
5 991962
1 966013
3 991110
5 994494
5 968539
5 978525
2 974799
2 952941
5 943181
4 986905
4 914948
1 977861
2 978522
1 987665
2 982239
5 942558
1 972479
4 904606
3 959130
4 978187
2 995349
5 924090
2 961541
5 908427
3 900795
4 981019
1 979500
3 979275
3 932497
4 906944
1 970336
5 994474
4 998
5 983596
1 949435
5 900611
5 948001
2 959357
1 985228
3 923663
3 939339
1 996776
5 902893
1 951059
1 945518
3 953976
3 939397
2 999363
2 972766
5 952121
4 954584
4 991663
3 981117
1 912596
3 926498
2 944829
2 925425
3 920153
4 954574
3 915148
2 936557
4 963028
1 912235
2 949536
3 908899
3 965702
1 977826
4 919142
3 926760
5 911669
2 902139
1 953724
3 968506
1 922469
4 950380
1 969715
2 952115
4 939291
2 996967
1 984028
5 944205
1 966072
2 908753
4 954596
1 930073
2 977962
2 908911
3 934174
3 921093
4 987841
3 919343
1 943905
1 968843
1 939881
1 905176
1 916149
1 910131
1 994945
5 928948
3 927978
2 917498
2 977044
4 906143
2 920715
5 900903
3 936955
2 923464
4 959677
2 946931
3 942520
2 937495
5 983518
1 965262
5 912728
4 964504
5 968168
4 949892
5 980927
1 917705
2 929666
3 938131
2 911000
4 962743
2 919677
4 978063
2 911148
3 916537
4 933735
2 915138
5 921191
4 934679
3 988112
2 957441
5 964208
3 906614
1 993986
3 914213
5 919500
1 946534
1 942039
5 913009
4 913447
5 945577
4 945876
4 998312
5 929937
1 982312
2 980545
1 943768
1 911879
3 983622
3 909305
4 946508
5 952900
5 989860
3 972763
2 966503
5 977543
3 994989
3 901465
4 996
5 962750
1 974310
4 987829
5 997098
2 957987
2 991424
1 927641
1 933094
2 996202
3 964913
3 980827
5 963188
2 931593
4 986245
1 992538
3 987299
2 957858
3 977162
1 920001
5 967482
2 950677
1 952831
2 971897
4 958247
2 906524
5 950145
2 952190
4 990058
1 915074
2 988080
5 944345
1 968181
5 968772
2 916717
1 982313
3 933196
4 989382
1 904388
4 909007
1 980623
4 925336
4 999
4 953511
4 910447
5 948976
5 905787
1 961230
3 965882
2 917871
3 988699
1 940302
3 929873
1 966755
5 952829
1 942687
3 959286
4 961246
3 983152
3 998174
3 957880
5 903375
5 975414
4 907727
2 944783
3 938935
4 933262
5 955804
4 1005
2 940985
1 964885
3 941069
3 924890
3 974935
5 944498
3 916815
3 906334
4 978022
4 919882
4 998
5 936083
2 924134
5 912052
1 995066
5 980323
1 929055
3 926782
4 994933
2 938117
5 944893
4 908272
4 929349
4 954357
4 957380
1 970321
5 906848
1 905419
1 902040
3 923032
5 982868
4 970968
4 908452
2 964258
4 969134
3 948215
1 915798
5 956539
1 921730
3 931110
3 949487
4 913953
1 978981
3 919274
3 999110
5 998075
1 906119
3 989206
2 972870
3 932375
5 910376
1 979187
1 925678
1 930514
1 997959
4 961053
5 938787
1 904672
5 900454
3 962918
4 913646
2 993096
5 993485
2 942688
5 904099
3 906181
4 998719
5 988519
3 991028
1 984399
1 975021
1 918748
4 916788
3 929543
1 911205
3 968452
4 972211
1 945674
1 957063
2 979890
4 930525
2 934480
4 987840
1 944783
1 928938
5 930357
5 933151
2 998038
5 974534
4 995881
1 904334
2 933571
4 953078
4 998
5 939277
3 954970
1 902446
2 980939
1 978946
4 985944
3 965919
4 917467
4 936228
4 948711
1 987737
3 911876
2 934076
5 975572
5 960077
2 911193
1 916004
2 933265
4 990340
3 944639
3 928500
1 971018
5 927360
1 989376
2 978402
5 992041
4 952728
3 996886
1 951833
2 988843
4 995
4 961865
4 918405
4 958635
5 953539
2 937460
1 957535
4 970194
4 929486
4 988127
2 906553
2 908127
3 914754
4 971321
1 929740
5 932806
2 963886
2 905342
2 902253
1 966531
4 909159
4 938394
5 927862
2 998943
2 900738
3 965647
2 944134
4 984666
2 971992
5 943902
1 983633
1 933241
1 931727
3 919493
1 913344
4 989452
1 998185
5 951425
4 903451
5 976429
4 947255
5 953446
5 942785
2 976729
5 961521
5 934218
1 901429
5 932531
3 974055
5 994458
2 972973
4 1001
2 917390
4 949782
5 944753
5 939259
3 921229
5 968180
1 938229
4 925845
3 924963
3 958812
2 931316
5 995011
2 992173
4 915646
5 991496
3 965105
1 922050
3 930847
2 913723
2 939517
1 950438
2 936114
2 941599
5 959374
1 933704
5 943418
2 980342
1 951310
5 959454
2 947687
4 906981
1 909622
3 929849
1 943178
2 948857
1 993219
1 951143
5 923271
3 943333
4 913857
5 964631
5 957841
4 984502
2 901041
3 912067
3 999273
2 958144
1 946575
5 957343
2 941755
5 976462
5 906232
5 955600
2 975653
1 910630
5 999529
1 958737
4 920927
3 901618
2 958299
1 983612
3 996730
2 954111
5 939619
5 923148
5 964159
5 991464
3 994003
1 957039
1 935425
1 994263
1 937611
5 985170
2 956207
5 940599
2 944079
3 945627
2 989130
3 942281
2 945516
1 952005
5 923524
2 902239
3 965481
4 929208
1 905463
1 952950
1 917967
4 948123
2 943080
5 990038
1 901740
3 939702
4 983374
4 921279
1 954702
1 993338
4 906738
5 988215
5 945168
5 988197
1 956674
5 995400
5 909215
4 904457
2 941817
2 983670
1 941956
3 946514
2 956525
5 991954
4 977181
5 963154
2 991276
5 946272
2 996283
1 977196
4 971828
1 965018
3 920567
1 988995
4 978162
4 974203
2 911999
2 960674
3 936661
2 983608
4 958064
1 905859
4 982468
4 978884
3 983205
2 903457
5 932201
2 915808
1 925941
4 996468
2 938573
1 941166
1 946196
4 961982
1 971193
4 928360
4 934732
3 982039
3 904699
2 930566
4 903054
4 998475
2 950965
3 998153
3 910422
4 979306
2 997139
3 957991
2 935317
4 956951
1 923036
5 948512
2 912122
5 939933
4 905983
3 974337
5 904190
2 928466
5 948219
3 974365
2 901337
2 973378
4 922066
5 914895
3 938366
3 953405
1 966031
1 935954
3 995031
4 990253
2 953643
2 948420
4 967241
1 962923
4 960686
1 990228
2 927308
4 938996
1 975646
2 934221
5 955829
3 928637
5 984528
2 940043
1 976397
2 965811
1 991903
5 978471
4 901366
1 925736
4 996463
5 944193
5 985449
1 929090
5 998304
5 914216
1 964974
2 982455
3 919372
2 920995
5 940260
5 920065
3 959026
4 987437
2 951868
4 944186
1 927719
5 901982
5 913177
1 964440
1 968111
5 928735
5 909746
3 976126
3 945521
4 917266
2 902293
2 981403
1 965901
2 936767
3 963823
1 915113
5 931544
1 948549
2 966150
4 904947
5 920997
3 969052
2 979027
3 940614
5 929498
5 900731
1 923955
5 930009
1 978387
1 964653
2 927569
4 990880
2 911675
4 906499
1 963930
1 949793
3 918391
2 980206
1 980569
1 964790
5 910027
5 971907
5 929153
2 953034
5 998949
5 902328
5 965581
3 937786
5 997831
2 977282
5 949746
5 903708
1 965642
1 939084
1 948224
3 907434
5 955857
3 979541
4 927452
5 982674
2 922583
1 904477
2 986281
4 965684
1 912195
2 926622
4 901546
5 989594
1 982343
1 900091
5 933970
2 946134
1 962007
1 924741
1 940641
3 902638
5 980522
2 994978
4 945261
3 947988
5 972278
2 954406
1 923239
3 981434
2 965108
3 917320
3 903172
1 916245
2 951109
3 989445
3 963942
3 949018
1 974820
5 948898
4 989053
2 904760
3 968309
5 962688
3 911173
1 940385
5 996811
4 911591
4 999705
2 922705
3 987668
5 972459
3 989683
2 954806
2 917208
3 907094
1 928762
4 925830
5 974066
2 967772
3 934550
5 900085
3 980049
2 905461
5 935654
3 944001
2 921234
2 940130
5 983573
5 950190
1 947152
1 981506
5 976182
5 912495
5 906249
2 954329
2 982351
4 984669
1 927108
3 986090
1 919823
1 988427
3 916200
5 946995
2 971462
2 981429
5 988358
4 938260
1 955428
5 917333
4 962283
1 999681
4 946878
1 983859
2 923050
3 947535
5 903734
2 940457
4 985164
1 967960
2 907518
3 933921
3 962856
3 904311
2 917356
4 909271
3 948922
3 914136
5 988444
5 910347
5 943343
5 977809
5 955341
4 979073
3 900622
3 989685
4 939562
4 958963
3 969570
2 984154
2 911751
5 994647
3 991560
4 924454
2 971588
1 995442
4 986176
3 969424
4 963966
4 992177
5 947806
4 980915
2 938616
5 975332
5 918353
2 937733
1 943614
1 940633
2 918768
3 969637
4 963374
2 985944
4 991479
3 913054
5 973337
4 944402
2 937936
1 940233
1 967278
4 924924
3 932300
2 977543
3 912235
1 982939
3 912572
5 982166
1 968094
4 942428
5 983305
5 928452
2 973288
5 974358
1 903309
4 972147
1 954595
2 902597
4 932141
4 952113
1 972034
5 943785
2 945240
3 963155
4 990445
3 987084
2 939393
5 991223
1 921266
5 983672
5 933347
2 971197
2 978541
3 954509
1 922291
2 921697
3 991802
2 930687
5 931962
4 980907
3 976627
5 945152
1 983971
4 999068
4 984794
2 954833
2 995946
1 943327
3 961910
1 918174
2 935285
1 961667
2 984570
2 910268
3 931538
5 933169
3 921954
3 914349
2 943629
5 945433
2 959488
1 946749
3 919418
5 929791
3 901378
1 900874
4 973547
1 952384
3 940288
1 952789
4 916253
4 935763
2 973462
2 914904
5 908938
3 931387
3 901765
2 990509
5 965244
1 964887
1 907402
2 957140
4 916536
4 922720
3 973799
1 932492
4 907491
1 907314
4 955602
2 963851
1 900297
5 950329
1 974476
1 930950
5 949031
4 983598
1 929220
4 939016
1 902497
3 922680
5 909643
4 917638
2 992994
1 998922
4 900983
4 998337
5 997119
4 971447
2 913836
4 1003
1 972076
1 935037
4 973492
5 950586
1 934124
4 918775
3 995015
3 907633
5 946613
3 955569
4 985615
5 953658
1 967081
3 926371
4 907451
1 989090
1 903091
3 938277
2 952663
3 970059
4 986664
1 986744
3 936224
1 922781
5 937229
2 944560
3 942981
3 988091
5 986493
4 979612
3 958499
4 902832
1 935220
2 994452
2 986463
4 968130
5 930593
4 921479
1 961166
4 953926
5 987526
5 956241
4 953019
1 917957
1 906338
1 996813
4 926623
3 976673
5 973309
2 915527
2 920018
2 992872
5 989284
2 941855
5 979207
1 967093
2 964856
1 967596
3 908899
1 946792
2 943798
5 968475
2 907914
4 948771
5 970697
1 929946
1 900174
1 978147
4 998
2 977182
2 987259
4 913878
3 905425
2 954014
1 958031
4 996794
3 999143
1 902466
1 929836
1 914937
1 937253
4 935222
4 972303
2 998857
5 994791
3 967411
2 929180
1 998904
1 943032
3 930592
4 966758
4 906247
5 914606
1 968475
2 997879
2 984646
1 991037
2 964444
2 906799
1 914941
3 959977
3 928439
3 908149
4 972652
1 944788
1 954726
5 907522
1 938039
4 908025
3 912346
1 984816
1 903052
2 987490
4 976538
2 974396
1 969938
3 987743
2 988023
2 992264
1 952304
4 969193
4 941751
3 988214
4 901695
1 923098
1 971535
3 975967
2 994899
4 963523
1 952056
1 929234
1 981136
1 966879
5 939649
3 983074
5 923948
5 951433
4 906048
1 961276
3 969286
2 968929
2 927338
1 974675
3 982689
2 975788
2 975925
2 946133
2 943961
5 947368
4 999757
3 915057
1 951444
3 949071
1 908066
2 902677
4 953051
1 909198
1 975245
1 969906
5 949334
4 913326
5 965280
4 923355
5 961687
1 937880
1 952078
2 930671
5 995191
5 965801
4 935021
5 991194
3 934519
5 989023
2 996570
1 951084
1 914817
4 988349
3 972482
3 959060
5 908443
4 915611
2 946454
3 978926
1 920616
4 940919
2 963245
4 975891
3 927602
5 921964
5 968863
1 968534
4 987756
1 909022
3 967981
1 980366
4 935863
5 975455
1 953846
3 992729
3 987589
2 932882
5 968315
3 912958
3 912593
5 950997
4 953072
3 924582
3 907239
3 976787
2 955199
3 975827
2 920799
5 947852
3 963017
3 907581
4 992354
5 939556
3 959768
5 984388
1 910144
5 909128
4 919885
2 908625
2 924852
1 912389
3 969930
2 958132
5 986628
4 912635
2 968779
1 963380
4 911302
5 973093
5 915979
3 926769
1 976736
2 904369
4 922524
4 954649
3 921129
5 905809
3 979112
3 903129
4 1001
2 943335
5 990627
3 918318
1 998956
5 904310
2 904648
5 927449
3 900592
4 910501
4 950157
4 919364
1 958527
1 959265
4 980737
3 987953
3 917883
2 992674
5 981981
5 970013
4 928950
1 953173
2 924872
3 960678
5 968892
5 990698
2 981081
3 988532
1 928170
2 979135
3 912483
3 921513
1 933204
4 963276
4 964783
5 953086
3 919240
5 921450
2 956141
5 939475
2 911595
1 946883
5 960974
5 945703
2 920089
5 927003
4 956508
1 914451
3 951423
3 968626
4 949879
5 939307
2 983004
5 953637
1 999930
2 953535
2 927441
3 905239
4 931604
5 909069
1 928741
1 925656
2 955276
2 966883
3 941887
1 911939
5 918312
5 959246
3 926116
5 946840
3 917732
4 902322
2 935820
2 992311
4 908372
1 925057
4 987498
4 921845
4 988944
5 957580
5 997121
1 971620
5 960884
5 920214
1 966513
5 959703
5 996949
1 956352
1 906328
3 913573
5 916597
5 919016
2 902122
5 970419
5 927943
2 977602
2 964959
4 948628
3 985379
3 924750
3 977683
5 943877
3 935179
1 998388
1 976106
4 997309
1 997159
3 974951
1 949389
4 984532
2 966788
2 933308
4 906047
3 940214
5 992759
3 938242
1 988109
1 955533
1 992680
2 911038
1 997980
4 981466
2 986566
5 988083
5 985760
1 986723
2 981872
2 941554
2 960943
5 969097
2 911184
4 939300
4 973030
4 955309
4 989393
1 926741
4 953420
2 950845
2 912268
5 915253
4 934089
2 958219
5 949544
5 957901
5 938972
3 965929
2 933606
1 985744
5 950650
3 955013
5 989132
4 907935
3 960132
5 910246
1 991267
3 987631
1 978668
1 949319
4 977782
2 978463
1 974376
3 967952
1 968478
3 909898
3 974999
4 1003
5 925635
4 954105
3 913219
4 999611
5 966877
2 967316
4 961039
5 997947
5 997331
1 955118
2 933634
4 915698
1 915036
3 968037
5 941073
1 991309
1 901901
2 987797
2 955648
4 939800
1 943398
1 916491
5 991783
2 911062
4 921634
4 963926
1 957937
4 978234
2 999911
2 948221
3 955075
3 946084
4 938450
1 932393
4 950221
2 917976
1 910007
5 923437
1 991635
3 945837
1 917395
5 913137
5 927495
3 953461
1 975112
3 953851
5 925628
3 989242
2 911964
5 964777
1 944045
5 966664
4 965651
3 927843
2 966053
4 947218
5 950275
3 965403
2 991524
3 938241
3 968752
1 913769
1 993324
3 914970
2 963803
5 989745
2 912697
5 947378
5 944092
1 923063
5 939537
2 970758
4 928451
5 977225
5 911668
4 984580
3 997205
2 988446
5 909769
4 956083
3 936908
5 939104
4 904463
1 974223
1 913940
5 966503
4 903825
1 929598
4 957646
2 915192
1 997083
3 970677
5 982016
2 928147
4 995
5 949526
4 935764
1 926212
5 933220
1 923789
4 1000
5 961935
1 928368
5 934322
4 936584
2 986660
3 900666
2 989177
2 914280
2 957830
2 928522
1 937829
3 996920
5 986217
2 996459
5 952431
3 962867
2 984287
4 927136
5 975780
1 912170
4 969167
3 969909
5 934515
2 976984
3 903312
3 974014
5 969063
4 911676
4 947677
1 977687
2 989161
5 913619
2 935040
3 972557
4 966336
2 988615
3 982708
1 904638
1 928076
4 929735
2 983079
1 954641
5 990324
2 903274
4 907550
1 901270
4 954392
1 920654
2 986549
3 955482
3 951887
2 998205
3 919313
3 902621
5 964395
3 979416
2 968238
3 953240
3 973884
4 907542
4 998
5 924179
5 909512
1 996481
2 928602
2 935851
2 999522
4 954907
5 938310
1 985536
2 963554
5 915542
3 950365
3 951506
1 955529
3 908891
1 949804
3 925074
4 945467
4 927832
4 915483
1 990692
4 908142
3 983480
4 990888
2 946729
4 916511
1 924947
4 940864
3 969138
2 928551
4 935106
5 934045
5 958509
1 992614
4 923766
3 938344
2 918946
2 996305
4 992426
2 987381
2 927047
2 988877
4 970606
2 970169
2 966447
2 918198
2 974215
4 969307
1 951018
1 947290
3 908112
5 906238
4 923737
4 972399
2 964126
2 963975
1 981192
4 931722
3 902142
1 926285
4 964804
2 946142
2 922944
1 916364
3 981468
5 988997
4 916342
5 945058
3 998665
3 984517
3 953566
5 971249
4 922534
1 970910
5 981859
3 955383
1 988355
5 984323
4 906642
4 965396
3 952952
1 960811
3 939361
3 940416
3 947768
2 968499
5 925793
3 940510
3 953487
4 919353
4 932314
3 921693
1 960387
3 993402
1 911263
1 964183
5 928836
4 917622
4 913582
4 930991
5 981104
2 929308
3 988091
1 924456
4 995
2 918324
3 974634
2 977796
2 966789
4 978884
3 979046
3 924919
4 954322
3 910604
2 924873
4 921857
3 914113
2 986826
3 943698
3 959495
1 956192
1 998450
2 923975
3 935534
5 979049
2 963913
5 942380
2 945607
5 931602
5 909675
4 911409
1 904618
3 908151
4 946175
1 922190
4 965969
2 904403
4 996896
1 980565
4 962697
1 975560
2 921963
2 907986
5 949095
1 952527
4 920808
4 956657
4 1004
2 912792
5 977537
4 935527
5 956053
4 918353
3 910803
3 967361
1 995064
4 947361
5 910358
4 900429
2 919353
2 926331
2 918496
5 936395
1 918350
2 969628
1 905910
2 997409
5 907316
2 979790
2 938242
4 925409
1 926901
5 916239
3 965490
1 927041
5 921756
2 953638
1 944553
2 920276
1 993594
1 906967
3 923438
4 980769
5 950306
2 990945
4 914616
5 961650
5 984469
3 987284
2 959946
3 920223
4 977473
5 954027
3 948016
3 925876
3 957816
2 937187
1 907214
5 952731
4 976862
1 979916
1 995748
1 997179
3 983420
4 961232
4 952489
2 989147
4 988919
2 922717
2 934998
1 996861
5 964099
1 970533
5 989583
3 970763
1 967723
3 931696
2 921066
5 946312
1 939192
2 917374
1 919345
3 951822
4 969952
4 950581
2 901007
3 979358
2 942078
5 937209
4 903402
1 914287
5 962752
2 921699
2 918196
1 916781
3 924378
1 925448
2 979330
5 946322
4 902139
3 991445
4 927966
2 944699
5 976037
3 912797
2 973770
2 902140
5 966239
3 988752
4 976622
4 970730
5 999121
2 943751
3 961697
3 902127
4 984432
4 978286
2 941122
4 929461
5 904022
4 903291
5 947847
4 980962
1 901905
3 905989
5 978487
3 962011
4 905680
3 989068
1 934130
4 906431
5 927225
1 914220
2 980934
5 947263
3 915426
3 959446
3 955966
4 909218
3 925188
2 935258
2 942155
2 948274
3 914663
3 938995
3 965357
1 960009
2 955903
5 957054
1 926509
4 941472
4 925075
2 952120
3 912209
2 933527
2 978227
2 958219
3 972761
4 945134
1 950297
4 939593
4 985879
1 980971
3 946340
4 937118
3 918411
1 907880
2 959652
5 981454
5 953142
3 939419
3 994190
4 922165
1 959704
4 975751
2 983515
4 978436
5 970376
5 920057
4 999
2 966835
5 964187
1 953733
5 914673
4 905208
5 958850
5 945510
5 975134
2 921420
4 905150
5 945389
1 976645
5 923407
2 966091
2 939061
1 919567
3 966832
4 906124
5 989924
3 984215
2 986347
4 932343
5 969226
3 974395
3 989592
4 912458
3 955602
1 952204
2 994073
5 924185
4 994540
3 958643
5 916049
2 922491
1 928717
1 927487
2 999998
1 930899
4 938961
1 943322
2 964506
3 918931
2 948171
2 980774
5 965692
3 948128
2 907545
5 962194
2 924154
2 942716
5 921776
3 981910
5 991775
4 966212
2 990952
3 994659
1 929270
1 959447
3 921661
5 940904
3 902416
4 901940
5 971883
1 922412
4 950537
2 936955
2 909849
1 911538
2 952358
4 988515
2 950336
4 922068
5 901469
2 909169
2 991315
3 919435
4 914326
5 926572
2 933801
4 994058
2 928519
2 970837
5 957853
4 972020
3 941216
2 995828
3 930026
5 929618
1 941019
3 911466
5 904324
1 931181
5 941950
1 953942
5 951440
1 983964
1 970003
1 933213
3 946427
2 983164
5 997584
3 908532
5 918694
2 973428
5 965081
3 954532
3 995406
1 952833
4 937591
2 968763
3 936380
3 901884
5 979326
2 965641
2 930583
4 986441
5 977148
3 920418
2 918389
3 933574
3 943897
3 947460
1 947739
4 928972
3 990879
3 904327
4 901463
4 913118
5 967920
5 912202
1 996811
3 927625
2 968389
3 986890
2 960869
3 939523
5 946740
3 945080
5 935964
1 936657
4 973720
5 963076
4 978071
4 987367
5 937461
5 929419
3 950865
2 914782
4 947423
5 975985
1 970013
5 977009
4 972811
5 994586
3 971708
1 956423
3 919400
3 964364
3 967354
4 930199
3 938464
2 953001
1 959599
3 975656
1 958443
1 909711
2 926378
2 902646
2 990765
4 918198
5 908357
2 939450
1 902964
2 908735
3 971482
4 950845
4 985806
5 965312
5 911907
1 999768
1 923102
2 924165
5 933989
4 1000
4 901095
5 962945
5 916985
1 923738
3 984373
4 902378
2 946568
3 981009
5 937014
5 936193
4 941829
3 904266
4 926483
2 907262
4 908902
3 911535
1 970494
4 994237
4 971893
2 943891
1 948441
4 949126
5 999971
2 997036
3 958914
5 915877
4 905862
1 900936
2 970976
3 993302
5 967223
3 994684
2 952358
4 921027
2 911781
1 930016
4 921557
3 937675
3 921891
1 979530
4 925295
1 984756
1 934521
5 967826
5 932284
4 955469
4 901216
1 970508
3 985331
4 1001
1 933075
3 946830
5 908163
4 958554
5 915842
4 1005
4 956314
3 983310
3 916032
5 933487
4 960778
5 993998
3 922453
1 921956
4 926184
5 941945
3 949486
5 958584
1 959630
4 991237
4 912600
2 925689
5 914981
4 944618
5 906561
5 964580
1 938031
2 919135
3 962563
3 970231
3 974437
3 952195
3 962102
2 935576
4 971131
4 968985
1 993290
2 902250
2 907974
4 945929
1 945218
3 934412
4 965515
2 968894
2 987875
4 976455
5 959280
2 910388
1 918284
1 981516
5 955933
3 949766
3 935199
2 967631
2 915865
2 946434
1 941252
4 993878
4 997
1 994700
3 914778
4 937194
5 965152
2 976493
4 929066
5 961453
3 919179
5 915521
3 983961
4 981452
3 989999
1 991243
3 966453
3 964747
4 911906
2 950853
5 936235
5 990297
2 985829
3 914316
5 934780
3 941776
3 988120
2 983833
5 936388
1 943211
4 916603
1 947529
2 909362
2 932961
4 968661
5 963819
1 947164
5 937540
3 911601
1 933868
2 984465
5 978317
2 993408
2 938842
3 950913
1 983229
2 972007
5 922462
5 930598
3 964678
1 942315
5 973913
2 936442
5 910432
2 921717
1 958688
4 1000
5 923812
1 988589
5 957625
1 944751
2 920562
4 991775
1 942739
4 901427
2 989078
2 905218
2 950181
4 951246
2 995771
4 920386
4 905526
5 916796
3 939734
1 963683
4 954767
5 932235
5 907321
2 971930
4 1001
1 962305
3 983054
5 977856
5 981655
5 919692
5 900204
4 931580
1 933659
3 974961
5 945018
3 919345
3 964570
1 904990
1 967411
3 981247
3 919024
1 949462
5 946399
5 927933
5 967974
4 971375
4 952790
4 979183
4 988325
2 904161
2 922187
4 969482
5 986630
4 999829
5 915533
1 968356
2 915469
1 974580
4 917075
4 960278
3 966455
3 962831
3 959882
2 974884
3 969903
2 918282
1 968274
4 909112
3 903007
3 933150
4 982102
1 958565
5 946760
2 939827
2 954431
5 979973
3 930756
5 907736
2 973897
3 998311
5 942295
3 954785
1 996499
1 964315
2 955776
2 965952
2 904813
4 988807
2 943010
4 909127
5 927660
5 934307
1 951782
4 996059
4 923600
4 913879
5 936174
3 922217
4 908041
4 910465
4 998711
3 927101
1 949125
5 939837
3 920640
4 976498
3 992545
2 958323
5 932570
2 927803
4 968610
3 926098
3 980881
3 956429
3 965515
4 930588
2 963962
2 961397
5 903754
1 959888
4 919447
5 912742
1 975187
1 976890
4 995675
1 953208
3 905837
1 910709
4 914406
2 902272
5 910484
4 912921
2 958291
4 936253
3 921846
2 912620
2 981115
4 953144
3 997374
4 940242
5 979416
2 976536
3 994712
1 944178
1 961363
4 957015
2 963995
3 978755
1 919848
4 985505
1 956162
5 918421
3 973077
2 973903
4 912200
1 917528
3 946813
5 900294
4 949498
3 997030
5 979560
4 900040
5 901737
5 957846
4 946099
1 909863
4 947713
5 900600
2 914984
5 908676
1 915323
3 964003
2 975345
2 948643
2 975024
4 939426
5 953343
1 916774
5 947792
4 965488
3 911992
1 958627
5 912632
3 921992
4 916069
2 995377
2 956849
3 924143
5 921799
4 906487
4 981593
5 955540
1 992344
5 980690
4 927096
1 963363
5 955694
4 921908
2 918304
5 940763
2 956733
3 907118
5 992797
2 943509
3 991338
3 993800
1 901543
1 930378
1 984252
3 954111
3 955537
2 905459
5 906317
4 929052
4 922435
4 913870
4 926706
4 915314
5 978479
3 902185
2 925312
1 900598
4 950497
1 993072
4 992598
3 946139
4 904235
5 903507
3 992801
5 901372
5 921659
1 930707
2 942235
5 984585
5 952367
2 941877
4 929110
2 955486
2 912520
5 988407
4 998994
1 997847
2 976074
1 945416
2 996243
4 935398
4 943715
3 977403
2 922154
1 956406
2 973497
5 920507
1 977104
4 1000
3 905075
4 918958
2 952921
1 929302
1 952671
1 917372
5 988302
3 930422
2 960919
3 926280
3 990083
4 902304
3 977859
2 988271
5 947804
3 982226
5 906227
4 935956
1 909060
5 925534
2 946151
4 974929
3 953912
3 938070
1 956389
3 932143
2 911135
5 944463
1 930185
1 953176
2 990798
2 927347
4 943102
2 953240
4 968199
4 910945
1 922069
4 926941
3 912032
5 954843
1 978236
5 984119
2 909160
2 939193
4 954106
4 926208
3 933968
3 950418
2 947182
3 921825
4 901438
3 906464
3 923795
1 943494
3 921274
2 944723
4 926737
2 927401
3 992010
4 924929
2 979851
1 901736
4 979527
5 971165
2 911468
5 923543
1 921298
3 926498
4 924512
2 919558
3 923917
3 919702
3 983631
3 916614
1 965181
3 941089
3 960874
1 946288
4 907136
3 977321
3 976639
3 971340
1 981765
2 954426
2 934220
3 903605
5 981490
4 985334
2 968488
4 946901
4 947824
1 913159
2 965233
1 958050
5 994339
1 998516
3 992756
1 903627
5 953629
1 967572
3 959181
3 955696
3 911761
2 931525
4 911068
1 982583
3 907917
3 988500
5 938877
3 949363
5 924528
3 951417
1 997816
2 902782
4 940401
2 986109
3 996408
5 944163
3 950572
1 921259
3 967720
2 926762
5 939510
1 993049
4 961763
5 981597
5 905309
3 980174
4 970144
3 945769
2 981621
3 990715
4 922148
2 902393
5 912218
5 918822
5 988966
1 945695
2 924745
3 952307
5 947138
5 993103
2 998439
2 939434
4 1005
5 938254
1 914136
1 964734
5 900091
2 990480
3 986913
5 985889
1 987443
3 955236
1 906010
4 946467
3 985270
5 955773
1 992835
4 962616
1 939937
2 905566
5 964234
1 926962
4 958197
5 947961
3 998123
1 972791
1 954989
3 909906
3 939859
1 981579
5 912485
2 927547
3 951893
1 975864
5 929268
5 933470
2 921221
1 955763
4 996
3 977634
4 999246
5 975631
2 901196
1 969988
5 946303
5 942274
3 908008
4 963727
3 904428
5 964439
2 925513
4 933973
5 964696
4 980975
1 911637
4 915592
3 932962
1 930711
5 947976
1 990552
1 934275
4 945787
5 901230
3 972124
4 904961
2 954855
5 972940
1 932596
2 969293
4 909430
2 957520
3 994081
3 941478
2 960614
2 948566
1 983061
4 938138
1 998135
2 974751
5 908857
4 948008
5 921019
3 951749
2 930457
5 980043
4 954554
2 901014
3 993504
4 958320
1 917902
2 992258
3 942979
4 988911
1 940597
4 954231
4 979958
1 983760
1 984156
1 982008
4 933463
4 977152
1 932670
3 939772
3 965536
4 974964
5 913366
3 967720
4 956833
1 997325
1 915289
4 959271
2 914297
3 942508
4 959908
2 925234
5 933673
5 917704
5 903480
2 913772
3 940069
4 995
5 965745
4 967996
4 1001
3 937884
4 950362
3 959957
4 996866
5 963583
3 923179
2 917277
5 903101
1 977627
3 909580
1 965126
4 997448
1 947085
5 984461
5 979691
2 916358
1 961267
1 970691
1 956838
2 929850
3 935260
5 988074
5 986388
2 955126
4 991742
4 969431
5 920640
1 961375
5 992015
2 918735
2 971135
5 930863
2 985797
3 946973
5 902834
3 928228
2 932075
3 927719
3 950567
5 999952
5 929938
2 989750
1 993598
3 988665
1 958100
1 951032
2 934282
1 981327
4 902163
1 923463
2 958920
4 960614
5 936105
1 998148
4 972012
5 977903
4 954870
1 951876
5 924535
2 937813
4 973249
1 999471
4 903174
1 931643
1 916698
2 967581
2 927370
4 967435
1 908381
5 941560
2 977427
3 905974
1 975731
4 942862
5 907367
2 966496
3 904628
4 935032
2 911117
3 923336
3 932889
1 976295
4 915905
1 990149
1 989036
1 978226
1 972861
2 989192
2 989554
4 953062
3 980266
3 900890
4 914078
3 943327
4 937038
3 926276
4 991610
2 947213
1 974612
1 958443
5 943091
1 988789
3 907386
1 957508
4 961802
3 951256
1 912731
3 919764
1 905514
3 930749
2 922758
5 901925
5 903018
2 995423
1 938982
4 935685
4 989698
1 979369
2 942834
3 990657
2 946621
5 991810
2 966960
3 996626
5 934329
1 964729
2 970623
1 901369
1 925770
5 911296
3 924851
1 963804
3 927083
5 932474
1 982987
4 999554
2 959687
5 918321
4 915314
1 969872
1 964204
4 903680
1 999744
1 969610
2 982641
5 971804
5 948341
2 914446
4 902178
1 905157
2 928877
2 906774
4 904435
5 961503
5 969754
3 942324
4 943968
3 913125
1 972161
1 926392
3 900642
3 991674
1 981286
2 959285
2 984792
3 997361
5 930572
3 935340
5 937651
5 901564
2 997641
2 993917
1 955462
3 903371
2 986712
4 989570
5 964509
4 996278
4 973679
3 956887
4 955808
1 978408
3 942400
5 994978
3 939459
4 943233
3 947414
2 947954
1 952911
5 971438
5 993081
5 970970
5 906258
3 988778
4 997835
3 980728
1 925752
5 949119
4 903609
4 911756
5 958769
3 936770
1 992766
3 986194
3 994064
2 998189
5 919170
5 945491
3 977553
4 940447
4 934216
5 936021
2 968764
2 938249
3 952710
2 974399
3 935765
1 979887
2 901140
4 904079
2 990735
2 927938
2 940839
2 905476
3 955377
4 989174
2 992138
1 918270
5 985417
1 981773
5 970137
2 909409
3 921276
1 974059
5 933080
3 975795
2 963979
4 1001
1 905337
2 958162
1 966912
2 925519
5 930931
1 988024
4 961971
5 951824
5 938997
5 975830
1 994955
2 930381
3 951188
3 911440
4 960789
2 912484
2 915035
5 937555
4 952477
4 930492
2 992423
5 972356
3 918230
3 956485
2 946543
1 926606
4 968010
5 930212
4 931695
4 1000
1 970136
5 953803
3 940266
1 934478
2 982144
3 960975
5 999027
4 957360
2 952475
3 941467
1 945094
1 987497
3 928989
3 921893
4 983397
5 971351
1 924436
3 992786
4 951081
3 916830
5 904610
2 932366
2 933308
5 979209
3 941334
3 911867
4 935521
1 973088
3 907362
3 996890
5 972857
2 908200
4 904602
2 971786
5 919070
3 907866
2 917706
4 979212
2 945586
4 977593
3 959362
5 981964
4 991367
5 961546
3 916325
2 943046
3 996771
2 990896
5 920652
5 971591
4 905865
5 913949
3 964215
3 901284
5 976599
3 940389
2 962052
2 919212
2 921872
3 913767
4 962049
4 961130
2 932627
4 933651
4 968698
3 925678
5 944507
4 949688
5 989595
2 962432
5 983946
2 913814
3 924637
3 957251
3 964265
4 991357
1 953864
5 986207
2 999533
4 927631
2 986729
4 990943
3 978994
5 906773
4 998073
5 922070
4 977902
3 918351
3 907663
5 966765
3 924172
3 997482
1 909514
2 933886
5 970593
1 958639
5 943715
4 912138
4 982783
1 920022
4 945942
4 966236
4 929955
5 978166
1 980209
3 939758
3 911430
3 922320
2 915009
1 927463
4 984282
2 998980
3 923306
4 926815
4 916871
4 918447
4 977190
3 926300
2 984401
5 956518
4 910860
5 919506
2 978859
1 940489
2 908122
1 977372
1 943409
4 1003
5 973984
4 932912
3 968980
2 905234
3 979468
2 909200
5 968271
1 910093
1 959293
3 970354
4 954613
3 917401
1 938183
4 906336
5 903069
4 992548
4 992677
3 955089
4 979805
1 979199
3 908406
3 943075
1 920542
1 987839
2 931482
5 954483
4 996852
4 928436
5 945725
2 967512
4 920965
4 924521
4 969085
4 921223
3 900265
5 983891
2 921086
5 952719
3 905007
1 924946
1 940244
2 983275
5 989788
4 938932
1 938375
4 915834
5 948210
4 983139
3 907898
2 929054
3 972060
1 906579
5 961823
5 986344
5 966169
5 914081
1 933366
3 971934
4 926990
2 957968
3 902952
2 947958
3 984911
2 939442
4 981185
1 938144
3 926843
4 979109
1 966278
3 929913
1 993325
5 920679
4 944378
4 998289
5 960174
2 972473
4 976488
1 918627
4 937094
5 996209
1 929299
4 930346
2 956488
2 930181
1 972900
4 980742
2 984838
1 932214
1 996152
5 923246
2 924509
1 924044
4 955661
4 925374
5 908673
2 951198
2 980850
4 917668
2 927921
5 944721
1 996930
3 979923
2 960045
4 973926
5 937640
1 905513
1 922114
1 922985
4 970801
4 942374
4 912762
3 933207
4 915798
3 908943
1 946354
5 994913
2 952644
5 933804
1 989660
2 957950
5 936799
3 973648
3 925039
1 986839
3 904698
3 961390
3 951584
1 900296
3 930211
1 905390
3 927806
1 966946
5 976052
5 927587
4 909529
5 914944
1 905990
4 969418
3 974032
5 900528
5 943966
2 966481
4 1000
5 920795
3 973208
3 909204
4 945938
2 950939
3 982267
1 916494
2 972207
4 939786
1 976988
2 920165
1 931124
2 952541
4 1000
5 927064
3 989657
5 939374
3 963846
2 935191
1 963205
1 965144
4 916274
1 953920
2 976503
4 984034
4 956484
2 963635
4 933376
3 924163
4 947112
1 924780
4 935281
2 923792
2 958013
4 994999
1 994470
4 967620
1 901997
3 993503
4 951304
1 915082
4 915590
4 900386
3 959382
1 974653
4 925150
1 925103
5 975895
4 912405
4 950879
1 957290
4 978910
2 955048
4 965379
3 912194
5 943492
3 977132
2 972768
5 961757
2 939703
2 931421
5 979172
4 942598
1 973496
5 936560
3 915003
1 961454
2 959962
4 978130
3 921443
3 985437
3 944172
2 950027
3 961961
4 970540
2 957301
5 934961
1 967275
5 938517
2 947268
3 964242
3 903597
5 918701
1 914681
2 931153
4 999138
1 965532
2 932660
4 949171
1 916862
3 924078
5 920561
4 931688
2 953102
3 923480
5 902481
2 956036
3 982817
3 925713
1 946639
2 948714
3 951666
5 976885
5 971585
2 911642
5 977245
4 933772
1 916657
5 955385
2 949205
4 971124
1 942696
3 966681
2 953598
2 963762
3 975236
3 970154
2 902937
2 972961
4 968445
5 999768
5 926154
3 901729
1 944394
4 928442
4 951491
4 980258
2 938132
2 983249
1 987299
5 956139
1 944010
5 910551
4 982833
5 916081
5 977768
5 940993
1 980944
3 966589
3 957255
5 996373
1 912358
3 995906
3 953806
4 981665
2 990710
3 935900
3 972873
2 985509
2 988407
2 992493
3 989915
1 981129
4 999
1 948913
2 914842
4 959076
3 969696
4 986945
4 998554
3 905892
5 956469
4 929654
4 971935
5 946492
4 975470
3 909996
5 993578
2 993529
3 962227
1 986217
1 961533
4 992639
4 949274
5 998195
2 960068
5 919136
3 931803
2 973459
2 949862
1 904384
4 956701
1 947678
4 996
5 949631
4 998926
1 986677
3 972770
4 918870
4 964409
3 968327
1 923858
4 979424
2 964310
5 909508
4 951309
1 964735
1 906617
2 910947
2 930658
2 952888
1 909368
1 903344
4 944910
2 921507
3 957227
1 992680
4 934013
2 970322
3 934310
5 909572
3 924794
4 972558
1 988128
4 940096
5 957305
4 990410
2 928188
3 996757
1 928454
3 969162
1 971049
1 954752
3 928268
5 925380
2 905947
3 930029
5 914784
2 922327
1 951601
3 989556
4 924493
2 946090
4 904365
1 975314
2 909614
3 913298
3 948557
5 998904
5 955410
3 969405
5 925177
3 900685
3 929716
5 940446
5 950152
5 999470
1 991573
5 991607
1 941071
5 976176
5 992801
2 937580
5 955968
3 942506
3 983127
2 907687
3 968822
5 981550
1 946864
5 971889
4 982281
3 964884
4 915299
1 999448
5 918686
4 918105
3 911484
1 957149
1 926798
3 939963
1 998454
4 901527
1 948928
1 995163
3 971289
4 942482
4 964613
4 928690
2 956155
4 940611
3 956460
2 907994
1 952259
4 926123
3 931434
5 907313
4 929630
3 918937
5 983295
1 988749
5 951847
2 937110
3 987613
1 934108
3 949594
5 960064
2 950337
4 923437
3 982785
4 995367
5 951436
2 956909
1 977367
5 901979
2 926597
3 928996
1 936219
1 952274
5 966520
5 979782
5 985876
1 974861
3 984592
5 906950
4 967595
5 964988
4 909929
2 903236
2 905689
3 916365
4 949497
1 932725
1 998662
1 940592
3 975545
3 974497
2 980092
3 938728
5 912656
3 926020
5 970569
5 946838
2 923441
5 920638
2 998064
3 951459
3 946599
1 949669
1 989253
2 921171
2 939781
1 961003
2 971924
4 910129
5 964732
2 969411
3 906486
4 942297
4 978378
5 918317
5 905299
4 934239
2 952941
3 967855
2 963615
2 921352
2 976130
1 997592
1 992912
1 993714
1 975308
5 924995
2 969273
2 986527
2 933241
3 957751
1 934070
5 913901
1 927772
4 917696
1 997544
5 967411
1 946009
3 932906
1 996970
5 923697
4 950384
4 959915
1 939363
5 911205
3 927475
1 971677
5 915245
4 992633
4 972130
2 942927
4 969455
1 933505
2 980046
5 989786
1 905094
2 914951
5 917762
1 929743
5 963916
5 943173
1 962486
4 918836
4 995789
3 958555
2 916910
1 994954
3 965020
2 949456
3 935331
1 933542
4 903495
5 924577
4 938982
5 998846
2 968624
1 959265
2 997414
4 954071
5 931602
3 927923
1 937766
2 990409
1 959623
5 982763
2 926332
1 996945
5 977245
3 989183
3 948949
2 922718
2 942668
2 998772
2 970577
5 983296
4 965738
2 964274
5 914879
5 989266
5 921520
1 978698
5 988719
5 933765
3 951111
5 933785
3 904312
2 960289
1 950802
3 914981
3 987868
3 987315
5 925942
2 965100
2 919964
4 916454
3 978898
3 945684
1 948329
3 970136
1 904781
1 980547
4 904006
4 1003
2 937539
4 930171
5 919744
1 909212
1 944791
5 975182
5 964057
3 969853
4 963362
3 997933
3 966833
3 922144
2 952399
3 980655
5 927091
1 928278
5 908389
2 902650
1 970174
1 977690
3 986334
2 915342
2 903596
2 980366
4 929994
4 904762
4 976367
5 995721
5 951495
5 928811
1 949123
4 999774
2 924601
2 922865
4 983287
3 913960
3 981822
5 987710
5 989644
3 917384
5 937957
1 900383
4 988969
3 980629
1 913230
1 906666
3 954057
3 971012
4 942699
1 967449
4 995690
5 989709
5 960976
2 972306
1 914662
3 966453
2 908073
3 919273
1 940121
1 989565
3 995123
4 993781
2 970051
1 988256
1 943595
4 999
3 977182
5 994193
4 1004
2 907509
5 902877
2 988244
5 975561
5 912529
4 935515
3 980036
2 964708
5 955249
1 956837
3 989589
5 917050
4 924529
5 931618
3 916963
1 980443
4 965961
2 933389
2 913825
1 910445
1 908635
3 983633
2 950654
4 977128
3 955659
2 976197
3 988684
5 997043
4 986571
2 982657
5 978960
5 960493
5 938603
3 982209
1 984118
2 951788
3 943031
1 934534
1 998447
5 970596
5 943626
2 985939
2 945022
3 944530
4 986275
2 974396
3 900173
5 994227
2 997913
5 980779
2 968033
3 974720
4 984543
5 948815
3 922203
5 987297
3 995498
1 904719
5 926714
3 953204
3 954637
3 937270
4 968624
3 941637
4 952721
3 983343
2 995816
4 931059
3 964014
3 963659
5 935092
2 991907
1 925510
2 911007
4 923859
1 902548
1 989014
5 992393
1 902585
4 905838
1 968381
5 952231
2 988057
2 992797
4 955340
2 919946
2 958642
4 920447
4 945534
5 991559
4 974064
4 900147
2 941832
4 989276
5 936926
3 973813
1 930237
2 933197
1 900253
2 958368
4 919934
4 942031
1 939746
3 983824
5 916395
3 919093
5 953020
3 943925
1 954082
1 921026
3 902520
2 975904
4 940836
5 935660
1 914608
1 919925
1 977463
5 998839
4 995
4 983794
1 960836
4 973977
2 969180
5 907966
2 904943
5 945264
2 975263
4 980259
4 919186
5 990984
5 953380
4 901924
5 954289
2 966067
1 906545
4 986443
3 982099
3 925392
5 924775
4 952309
5 918359
3 992938
3 918435
3 968085
3 929668
5 919546
2 987943
5 923137
2 995303
3 961177
4 971732
3 992129
5 937186
3 923842
4 980194
5 996124
3 978473
1 987974
1 978355
4 936327
3 978629
5 983804
1 953955
4 905664
4 900908
1 999141
2 943762
3 913978
2 937748
5 904232
2 919447
5 953627
3 963286
1 993273
1 949590
4 911638
4 954327
4 907173
2 940431
5 975944
2 913484
5 983668
2 919563
1 987358
5 932641
1 940447
5 930465
2 912402
3 993366
5 901638
2 959603
1 935376
1 982309
1 989340
2 920170
2 904657
2 944073
5 904770
1 981528
4 966617
3 957688
5 944340
3 910530
1 908744
1 909508
2 959101
3 933299
5 900177
5 989255
1 942491
5 963407
2 974756
4 963634
5 937330
2 913064
2 981465
5 983011
4 994974
2 972333
1 900034
2 929343
3 934821
5 995118
5 942737
2 900968
2 962199
1 975776
4 992039
5 913324
2 925205
2 909855
2 939993
2 982739
4 966224
3 957447
1 981969
4 928155
1 906823
1 954551
5 977928
1 907088
1 986630
2 920416
5 912818
4 973918
3 964485
3 905961
1 979868
3 976541
3 929029
2 900538
5 921659
2 932352
3 912205
2 953464
3 954516
3 995653
2 936057
5 973263
5 964983
4 941495
4 934162
1 943940
4 941652
3 927426
1 954637
5 911464
4 953568
4 904634
2 946679
2 961252
2 987639
3 958747
2 934980
4 992834
5 954937
2 936482
2 915196
2 997196
3 948929
2 996634
4 942716
4 954012
5 991709
4 997
4 967633
1 952096
3 975585
5 978342
3 970182
4 956490
3 952707
3 984726
1 967534
2 934051
2 971813
1 942827
1 956356
1 987502
4 970938
2 910525
1 945517
5 961594
1 928180
2 944530
4 974444
5 952220
2 988045
3 985844
3 961042
3 946668
4 954881
4 907220
2 950169
3 972935
2 905067
5 914320
2 957573
2 947662
1 949113
1 987448
3 995141
4 904629
5 985093
3 950653
5 977160
2 950585
4 977649
4 936514
4 995397
3 997400
4 931725
1 951943
2 942002
5 986683
5 924716
5 980110
5 934119
5 900950
1 934914
3 963312
5 921504
2 939553
4 974498
1 960797
2 912684
3 947324
5 988198
5 920951
2 984855
4 964219
5 991592
3 918470
4 931388
2 964535
2 913213
1 990141
2 970757
1 957759
2 924531
3 954161
5 942611
4 936895
3 969961
2 955584
4 1003
5 955403
4 963329
2 999279
2 981638
3 953884
1 939048
3 924623
5 993395
4 925729
5 979540
1 958514
1 915586
3 985629
4 986256
1 954017
4 937378
3 982806
4 974736
4 999561
4 975054
4 993735
4 967073
4 951239
2 913777
1 969982
2 903702
5 911963
1 925043
2 996366
5 912143
2 927591
1 930872
1 944943
5 903656
3 979619
4 984823
4 1000
5 925551
5 967001
4 950867
3 996137
3 989711
1 906047
2 999292
2 981099
5 915610
4 953188
5 928289
2 967343
2 917214
4 969956
1 976518
3 937176
3 984619
3 970623
2 992300
2 919608
5 921424
3 998688
3 927927
2 937017
5 953302
5 993941
2 988186
5 935849
4 980291
2 979347
3 941784
5 953088
1 964398
2 969388
3 968293
5 942639
3 940119
1 917502
1 914424
3 999059
2 971260
3 962223
5 981397
3 902189
5 932774
3 908789
3 938420
3 965322
5 912605
4 919933
1 946336
2 947785
3 995701
2 942629
1 994105
3 945705
3 986196
1 946043
4 936311
4 977836
2 975561
2 914828
5 979280
1 995339
3 983278
4 939353
5 982968
3 993718
3 903798
3 953711
4 968645
5 968031
5 929725
1 939018
1 905866
3 989166
2 991757
2 958760
1 971533
3 985421
4 952455
3 958742
2 964558
4 943330
2 987790
3 921504
3 923037
2 965034
3 945359
5 918091
2 965200
5 922598
4 932851
5 954618
2 914713
2 911027
5 918684
5 950660
3 903540
4 948060
4 903377
3 955041
3 992641
5 974587
5 933393
5 983671
3 936443
1 902701
1 955974
5 961090
4 983873
3 905540
2 935614
5 918096
3 980802
2 901762
1 935132
5 920989
3 931504
3 992539
1 990990
2 939473
1 944809
1 944979
5 904971
5 962371
5 953993
3 920340
4 958120
2 966829
5 994999
3 998849
3 921137
2 959627
5 963221
3 908004
1 930131
5 927182
3 928902
5 943527
5 916485
5 936193
4 926471
5 994500
3 901390
2 982621
1 973500
4 904227
1 922181
5 997862
4 960928
5 923104
3 958950
3 976915
1 967792
2 996457
4 972274
3 991584
5 908697
4 909132
2 900820
5 934822
4 989689
1 977687
3 939065
3 964921
3 954377
4 983337
1 936787
3 923824
1 953734
2 971969
3 962425
4 991034
2 962321
2 945298
1 967079
5 909905
3 946809
1 958212
2 930886
1 979687
2 938877
2 991030
4 952281
2 976886
3 938947
3 965251
3 995811
2 908971
1 928161
4 990777
4 962911
5 925290
5 939728
3 942806
3 989926
5 994205
4 962366
1 909808
2 985655
3 986673
3 964147
3 962614
1 956962
1 923668
3 964417
4 982255
3 946443
1 931803
4 953693
3 976190
5 981897
5 961922
1 914808
3 935448
2 976936
1 990753
5 915409
4 944819
3 911622
4 941563
5 997850
3 960509
2 962752
5 981419
3 981252
4 1001
5 972804
5 961417
3 964952
2 939903
3 938111
4 949423
2 983198
4 906702
1 914179
5 995336
3 999252
5 985502
5 999176
2 958029
5 978441
2 977723
1 999609
5 932824
3 974094
1 963810
4 905932
5 979264
3 903148
2 971814
1 951506
1 968020
2 975248
4 971295
3 916899
3 993888
4 971258
2 918412
3 982000
5 962952
3 974962
5 989272
4 1001
5 941148
1 968203
5 991580
1 927595
3 939056
2 974545
5 978300
5 987186
5 979559
3 955818
5 976441
2 902649
4 926177
1 933106
5 917528
3 948234
1 935000
5 997915
1 903468
3 992003
5 968574
5 986981
5 934214
4 927256
5 926281
5 966951
5 925245
1 935713
5 900333
1 945970
2 949675
1 930256
3 903142
4 989019
1 919380
4 902175
5 924083
1 950821
2 925832
3 981867
1 944040
5 978583
4 947280
2 910219
1 964232
5 991972
5 917134
4 962640
4 935192
4 994538
5 951729
4 948374
3 932431
1 975705
1 925101
5 936454
5 912434
5 963278
1 972993
4 922536
2 963024
3 963378
1 950555
2 950699
4 921159
3 970647
2 988414
2 923555
2 923028
4 928812
4 989678
2 922214
1 939243
5 987376
4 974230
3 950102
3 971349
3 979537
5 951855
2 908566
2 928565
4 920704
2 906744
2 970015
2 912063
1 972258
1 920819
3 995938
4 983877
2 994958
4 937619
5 925851
5 913710
3 922032
5 989009
4 989112
2 956773
5 929919
1 937533
2 949866
2 963216
5 960936
5 990307
5 951999
4 977994
5 900698
5 928749
3 973432
4 998
2 928122
1 918330
2 972605
2 951890
4 1001
2 937727
4 923065
1 962031
4 929551
2 929325
2 990245
5 917773
2 914276
1 927597
4 924707
2 955357
5 920326
1 956146
4 924298
2 990195
2 957812
3 966801
2 936667
1 979604
2 918027
1 932614
5 932840
2 901949
5 905787
2 931127
5 992984
3 975560
3 988276
3 917144
1 965373
2 961392
1 997209
5 909790
2 941584
3 971263
1 940679
3 976367
4 911489
5 904145
4 997394
5 949116
2 974710
3 904338
4 996
2 935802
5 934237
2 960824
2 924170
2 944534
2 993117
5 949877
2 953448
3 943621
2 936934
2 917527
1 914226
5 936599
3 958844
2 937459
1 929061
4 945834
2 916021
2 944804
1 967954
1 921864
1 967666
1 977517
4 998688
5 976836
1 963905
2 997381
3 901959
1 974659
5 920477
2 972812
3 930774
2 928347
2 998856
3 935685
5 925465
3 999348
3 958721
4 993843
1 956769
3 945098
2 914976
4 943588
5 938643
5 965229
4 938232
1 956049
4 939059
1 964839
3 907577
4 919154
2 984362
4 924167
1 999298
2 941769
3 973559
3 947529
4 955326
1 944043
1 950038
5 914557
5 919428
3 952230
3 996484
1 934575
5 949220
5 963149
3 964268
4 901401
5 911289
4 963236
2 933945
4 982021
5 924219
4 977489
5 999019
3 942755
1 984175
5 992357
1 986919
5 990173
3 949145
4 911922
5 999972
4 996063
1 932771
2 980083
3 912235
2 958491
1 951680
3 909464
2 957262
1 913218
4 930239
5 944569
4 968113
5 949646
4 916522
2 936786
3 990192
1 909117
3 970817
3 951201
1 958327
2 904189
3 962565
5 903305
2 971791
4 927320
2 959703
4 901420
5 911108
2 960936
1 960296
4 965837
3 996038
4 995
3 903784
2 936515
2 938909
1 927260
4 920721
2 917471
5 974587
4 989850
3 937527
2 908809
5 937589
1 967074
2 956814
3 961155
3 933488
1 900852
5 925951
3 988972
2 955067
1 953602
5 968179
3 992846
1 903117
3 921383
4 910349
5 974007
4 987646
2 998923
4 905719
3 901728
3 929534
4 926101
5 936661
4 1003
4 933975
3 973287
2 985490
5 984836
3 935459
2 929090
4 939570
1 992158
2 959677
3 932033
2 988708
5 924146
2 966438
3 978426
3 952759
2 986282
3 937681
4 930099
2 975175
1 903197
5 944991
5 971014
2 910738
2 989527
4 917221
5 942988
4 961587
1 932505
1 972098
3 937703
1 946842
2 929076
4 995016
2 961152
2 914649
5 963432
5 922111
3 955018
1 975744
3 999719
1 966601
4 904210
5 973905
3 975809
3 944962
2 949944
3 902894
5 908505
4 999216
4 922634
1 949287
4 911078
3 931724
2 949380
3 989658
1 904377
3 974337
1 908878
4 989135
5 920140
4 920932
4 903662
1 964083
3 983198
2 933370
4 953287
1 944595
3 936253
5 960513
1 946116
2 977163
4 924496
3 945933
1 909643
4 1002
4 954135
2 924010
3 967850
3 953565
2 968884
3 959939
4 984527
4 942370
5 993073
1 946148
1 980959
5 929029
4 941042
1 947694
5 916887
4 977242
4 943642
4 938552
3 965090
2 996209
3 903079
2 980642
1 960069
4 930217
3 951996
2 901505
5 977089
2 977875
3 917191
4 968579
4 985083
4 967727
4 952450
1 941969
5 915985
3 999311
5 960071
3 959493
5 966445
3 995674
3 928436
1 987795
5 956122
1 958476
4 902532
1 942545
5 959328
2 967468
4 902813
3 902866
4 927678
4 1004
4 908699
5 911442
5 946480
5 990674
3 900769
1 961568
5 931729
5 930008
4 992353
2 992468
2 979123
2 976457
5 919988
2 989630
5 976473
3 940964
3 915979
4 967776
3 957264
5 985179
2 918163
5 993650
1 971944
2 951905
3 994598
5 977677
3 928667
4 996016
1 943234
4 996405
5 957055
3 940576
5 985702
1 979780
3 958713
5 962672
2 987247
5 912357
3 974319
2 941161
3 992218
2 949422
3 924881
4 967541
5 994339
5 946658
3 966622
1 939092
1 974568
1 905932
4 931594
2 906702
1 979961
2 925775
2 976329
5 943555
3 961021
3 945622
4 902203
1 922019
2 907296
3 949490
1 954496
3 904440
4 931772
4 904569
2 969895
1 962128
5 988936
2 930166
4 905129
4 992270
4 908950
4 996326
2 974881
5 999133
2 937694
5 916610
1 908910
4 900991
2 961834
5 961121
1 980896
5 957930
2 971307
3 938272
4 991091
5 945064
4 952052
3 925649
2 954231
5 963654
3 926361
2 926608
5 903390
3 996372
2 943370
2 905351
5 961416
3 956883
1 918271
3 969011
1 951477
4 922319
2 922944
5 957805
4 956865
2 940149
3 985868
3 928846
2 967013
2 945806
4 922032
1 954989
4 914278
3 914234
3 969470
3 941193
5 951417
3 964699
2 948802
2 958867
4 942860
2 905146
3 957530
4 940182
3 950212
3 963987
1 900519
2 912886
2 990268
1 934884
2 987777
1 918644
2 973363
4 913398
5 972950
5 963066
2 994990
3 923228
4 925256
2 966620
3 908811
1 913842
3 969637
1 961004
1 927655
1 983987
4 974186
3 998170
1 923345
3 962561
4 971461
4 974706
5 918806
3 904416
5 983935
3 961737
2 910206
2 947033
2 996095
3 991786
2 987575
3 921842
2 953975
1 988110
2 971000
2 953259
4 998
3 931734
4 974258
3 908430
2 905243
5 985137
4 938173
1 935877
2 955730
5 996013
4 944640
1 918778
5 919389
4 999946
5 968864
5 967007
4 955473
5 927241
4 912982
4 983812
2 923645
1 982199
2 926856
4 926866
1 940394
2 904619
3 966665
5 922431
3 915134
4 992664
4 966689
1 919352
3 980244
3 919746
5 986307
4 934548
4 969183
3 989941
1 977150
2 955548
5 951351
1 990956
1 922337
1 919161
2 999802
1 936296
4 929981
3 956502
5 907100
1 977740
1 990723
3 920726
1 936252
5 984396
2 905060
4 942089
5 996553
1 953063
1 994862
1 972619
3 984283
1 938384
1 902314
5 927626
1 902362
2 982088
1 966655
2 916158
1 955302
2 922459
4 969145
2 956487
2 978982
5 964646
2 939709
5 926183
5 952020
1 949790
4 932626
3 972178
1 965809
2 967338
3 966609
5 949814
2 973629
5 994443
3 975866
2 930534
1 943583
2 934220
1 928947
4 1005
5 981488
3 981320
4 935387
4 947493
2 978375
3 915818
4 963269
1 918019
2 911798
5 940194
1 916590
3 983558
1 943954
1 978932
3 977914
4 973138
4 922647
1 998578
5 963854
2 956177
4 937209
2 920616
2 984784
1 915512
1 917975
4 907247
5 977351
3 905771
4 956544
2 936145
4 993537
3 921978
3 975733
5 904078
3 918057
4 972980
5 998982
1 944407
5 918090
2 916258
3 983355
5 993437
5 922722
4 930455
3 917850
5 974701
5 962508
5 979329
4 926002
4 973131
5 918157
2 902623
3 985753
1 918301
1 985619
1 921176
2 906491
5 958864
5 970525
2 904144
4 999
5 958819
2 996920
4 978005
1 934626
2 913588
5 989479
2 943799
4 997418
4 910276
3 998729
4 915308
5 930927
2 957681
2 966069
1 944782
2 993108
1 971812
5 922575
4 961380
5 988920
4 902228
4 920708
1 950360
2 990667
2 990118
5 974961
5 941772
1 961407
3 950840
5 950828
4 973001
2 946944
4 935200
1 982254
2 948813
1 926359
3 951230
5 975039
4 927190
3 972802
1 905462
1 922122
3 989977
5 948841
4 905967
1 944001
4 944317
2 919622
2 919773
5 948697
5 941110
2 958520
1 904123
2 966518
1 977163
4 923665
1 971302
4 982207
4 971889
4 920301
5 900690
1 933680
2 962229
5 998765
5 921060
1 905369
1 932200
1 953796
4 919046
2 963842
5 977810
3 999094
3 995307
2 991620
2 960186
2 910450
3 949093
2 997224
4 908851
2 969363
1 910256
3 915024
1 912439
4 977998
2 991115
2 917572
5 974769
1 926891
5 935062
1 961373
2 997592
4 914201
2 993316
3 996235
5 975454
1 988708
3 931446
4 963533
5 997414
5 919647
2 970265
3 916102
3 930654
4 915862
1 942225
1 937649
1 974899
4 902386
5 916651
5 996043
1 916381
4 968742
3 916536
1 934654
5 907973
5 994015
4 934564
2 933087
4 951337
1 983358
5 937567
3 957267
1 927966
5 967023
3 910787
4 988259
3 992994
4 954735
4 904213
5 917974
4 987694
5 993034
3 969485
3 966316
1 904781
3 968014
1 968516
5 900608
2 980332
5 988126
5 926240
4 949712
4 916626
4 957333
5 939526
4 972237
5 960851
2 991843
1 906444
5 920799
1 923951
5 933715
5 903490
3 968058
3 969831
3 986854
5 904965
2 985809
4 965976
2 913907
2 969700
1 915888
5 914902
3 972005
2 992888
5 954173
5 942910
5 948997
5 934352
4 968035
5 915334
2 958989
4 900039
5 973675
2 901095
1 977738
1 938380
3 976863
4 947235
2 944250
5 945619
5 993987
5 975774
1 955367
2 954295
1 952458
3 921571
3 996337
3 957938
2 969958
1 981346
3 948210
2 922529
1 945712
4 975695
4 924009
2 940124
4 988329
4 989939
2 963235
1 930041
4 963936
1 991746
5 986943
1 955136
4 919049
2 993033
3 955803
1 912515
5 972604
1 921729
3 915535
2 971436
2 947151
2 901071
5 979447
1 959388
2 989109
1 965988
1 944314
5 963304
5 959739
1 964607
2 903479
4 985117
5 949271
5 917393
4 946801
3 948422
3 959701
1 925202
4 986483
3 968833
2 935246
2 995373
5 976113
2 912019
1 965056
3 990910
2 957521
2 952865
1 914339
5 927037
4 913930
3 939595
2 932194
4 971340
4 904070
4 974855
4 958975
2 979929
5 943438
3 994278
1 925400
5 914248
2 952795
4 977405
5 942935
4 959033
4 979271
1 908557
4 900866
1 974934
2 983953
4 904268
3 928701
5 952534
2 982099
3 988472
5 976070
4 904563
3 988341
4 953593
1 966017
1 921990
1 937320
2 972478
5 960001
1 981347
4 924070
4 966313
4 969907
5 903225
3 957320
3 960770
1 928976
5 986568
3 974970
4 980601
4 921907
1 986985
1 943715
5 982732
2 969255
2 986649
2 966838
2 981578
5 944381
5 915060
3 923146
5 987013
3 976525
2 970483
5 930722
2 964923
1 941872
1 960950
5 918337
1 916852
2 957260
3 992220
5 962192
2 984986
3 970303
5 952491
2 961419
1 965093
2 980806
1 942167
1 924582
2 915762
3 999100
1 962021
2 906925
5 965235
4 949054
4 911282
5 945964
5 998682
1 965488
5 973773
4 946620
2 966804
5 965556
5 977864
4 924215
3 999067
1 953746
4 931926
4 928887
2 987962
4 989774
5 978719
3 969649
1 949004
4 983244
5 994422
3 923319
4 906858
4 901182
3 952744
5 943526
1 965997
3 923490
3 973651
5 947385
3 962190
3 982956
3 960554
1 984425
2 958267
4 992870
3 915264
2 962388
3 907450
4 995266
4 925786
2 917738
5 984579
5 934075
4 934522
1 961878
5 919219
3 990766
5 991157
4 982160
5 948593
2 983939
4 924763
5 934667
1 919110
3 995045
1 914695
2 989764
5 984901
3 924896
2 935577
5 966226
1 977083
1 906684
1 947210
5 917725
3 917541
3 989782
1 914883
3 941336
5 948139
5 903251
4 984645
2 936273
2 922116
5 998613
4 978354
2 909682
2 960857
5 957869
3 995304
4 998322
3 942508
2 956491
2 907877
2 980238
3 902133
4 901436
5 917975
4 963383
2 959570
3 961034
5 904175
4 939258
4 999468
4 914014
4 986611
3 994409
4 979860
4 956726
3 998910
1 960004
5 923557
5 941097
1 971701
1 943462
4 954711
2 923859
3 948009
4 900931
4 950944
1 947182
3 963248
4 910704
4 951055
5 937696
5 945339
2 956672
5 912376
5 932800
4 917695
2 968444
4 942454
4 922161
1 920821
2 907934
4 993224
3 974882
1 954201
2 966650
3 953118
1 949000
5 933301
1 965017
1 982734
3 929301
5 960506
5 928482
2 904191
1 983823
3 940854
3 921780
2 937153
5 950527
5 908923
4 939229
3 918817
2 927935
1 927014
2 902589
3 912927
5 985699
1 972748
2 942251
2 970860
1 922444
5 935017
1 906563
4 988170
2 904760
1 916405
1 972506
3 937130
5 970217
1 976124
2 982103
4 938799
3 934175
2 928822
1 999846
4 931201
3 993366
4 980067
5 942369
2 969238
5 990217
4 973823
5 974087
5 920851
3 954131
4 997055
2 900828
2 949403
3 941096
1 951560
3 925719
3 997321
4 904230
2 950703
4 924804
5 970312
1 931745
4 964864
5 922757
3 986772
3 973860
5 927465
3 925219
4 948159
2 938129
4 941630
1 999992
5 959539
1 975310
1 989563
5 949855
3 914479
5 967617
3 919972
2 927850
1 981619
2 908485
2 927792
1 935164
5 901864
3 913423
1 918257
2 903069
5 951331
1 948736
2 938185
2 986538
5 911709
5 985862
3 967179
5 981142
3 999723
2 963319
2 917518
3 933173
1 957110
5 912991
5 957104
3 994275
4 941236
1 982602
2 917744
1 946697
3 914414
4 923426
5 948028
3 979472
5 961307
2 938030
1 962064
3 905892
5 913460
2 918936
3 913024
1 993784
4 971429
3 971589
2 987234
1 948120
2 993005
2 930487
3 968350
5 991184
1 962069
3 993369
4 999292
4 972011
1 933017
1 982107
5 976373
5 920705
4 935996
5 977481
3 929933
5 979536
3 934996
4 1003
2 937523
3 982268
2 971987
5 953565
2 903439
5 970611
2 911833
5 906070
5 908885
4 919348
1 902560
1 946747
2 950961
2 990631
4 930837
2 950683
4 960625
2 987493
1 969375
2 999624
5 956608
2 968227
5 902222
1 926811
1 933817
5 946888
5 978269
1 920924
5 941280
1 970422
5 930712
3 983125
1 936592
5 966352
1 917528
4 920700
1 991570
5 967598
4 946831
3 919441
2 909608
4 908893
2 962753
2 962372
2 999399
5 900835
3 987260
5 915166
2 999642
1 979811
4 930699
4 943175
2 903198
5 908260
4 970950
2 969943
2 999042
2 902697
4 974706
3 964179
5 970112
4 997083
2 907873
3 957905
4 922441
5 902411
2 976324
2 985209
1 917305
3 942617
5 924654
3 987112
5 994486
3 961160
4 946027
5 995616
5 935127
4 950300
4 940260
2 946052
3 956623
2 942889
4 931382
1 956145
2 944525
3 998867
1 906593
2 906012
3 933975
4 987078
1 904243
3 967402
2 923459
2 975207
3 926548
3 932154
4 937049
2 973865
1 986268
3 983339
2 938793
4 963839
1 953071
1 929432
2 915665
3 998006
4 964649
1 925901
4 986853
2 967480
1 974914
5 985315
2 912035
3 933967
2 919084
4 930321
1 948069
5 902220
5 989496
2 968051
2 915369
4 975852
4 939627
3 932543
4 958935
1 978985
2 921258
4 944398
4 955775
3 906821
1 986069
2 995359
2 915418
2 998165
5 974857
4 998181
3 972523
5 979291
4 913870
5 908685
2 982105
1 934733
5 934275
4 993683
4 956089
3 958345
3 982189
1 997536
3 926579
2 997041
2 986259
1 993046
5 989048
1 951830
2 923693
3 922342
5 921381
5 992656
2 914515
1 974450
4 909947
2 985709
4 982931
1 900820
5 942683
5 976627
3 915568
2 900915
2 962705
5 962764
3 998503
4 949894
2 971007
1 945044
5 983629
4 976423
3 906701
5 910384
4 980385
4 948451
4 977492
5 947290
2 915282
4 956630
5 910110
3 963737
2 946543
3 960889
4 901966
5 967056
4 977929
2 942049
1 993633
1 964464
3 953347
5 925131
2 913388
5 903964
1 929973
1 931905
3 997356
2 932279
1 990052
3 982488
5 975445
5 996511
3 951070
5 963135
2 962002
2 913567
2 945739
1 903240
2 924975
1 917106
1 903467
2 924096
4 934502
1 988295
5 968301
5 921626
2 928146
2 915386
3 993313
3 927799
1 911422
4 997284
4 947193
2 981310
3 983769
5 926707
1 996269
5 909370
3 933043
3 926716
5 942328
2 982635
1 913680
3 913902
3 931955
3 904260
4 959659
4 900785
1 984952
4 922732
3 983350
4 914505
4 904262
3 994020
2 927463
1 965066
5 908033
4 924252
5 930317
5 982215
2 995826
3 953412
3 961591
1 942907
5 996903
5 937416
2 938958
2 904790
4 981751
1 997188
1 926315
5 927998
5 991044
3 922457
5 990049
5 990878
1 949735
5 928933
5 958244
5 963609
5 978469
1 940271
2 954688
4 997338
2 947281
3 989505
5 942412
1 972859
4 945266
2 935165
4 944596
1 999761
5 932774
2 995811
1 916016
3 971199
5 993929
4 980122
1 908963
4 968122
1 923140
4 932724
3 909233
5 983782
2 931342
3 945637
2 951313
3 931149
2 941260
2 935540
1 988197
4 924699
4 976208
2 905760
5 981023
3 905262
2 955914
1 954984
3 981897
2 944772
4 995597
4 999114
1 923715
2 982825
1 927380
5 962860
5 999222
2 926871
1 980986
5 970510
2 934537
4 921639
1 913687
3 945886
4 939615
5 994400
1 962945
2 921529
1 961778
2 962195
5 938518
4 955262
3 904146
2 927932
5 906568
2 971282
5 991637
5 957150
5 958128
3 903356
2 968410
2 956072
2 981289
3 968978
4 949091
2 968952
1 991426
4 1002
5 931871
1 987230
2 995959
1 988568
3 909742
3 904120
2 944619
3 938243
4 929502
3 967608
1 979380
1 947590
2 990410
3 908451
2 960684
5 923737
3 935020
5 926798
1 983202
3 989653
1 931015
1 968831
2 958950
5 934307
3 959468
1 994366
2 941694
4 946805
1 962612
2 979246
4 951453
5 902920
3 938078
2 995248
5 901059
4 996238
1 975129
2 988633
1 934822
5 906126
3 996301
3 947352
5 990710
2 913119
1 941864
4 1005
4 948268
3 943933
5 949023
4 957828
5 975430
3 900627
3 919004
5 935485
2 974524
2 939364
2 950019
4 986698
1 914770
3 956584
3 921965
5 970802
2 930658
3 991861
3 917702
5 997369
2 983520
1 960052
2 992464
5 904878
1 953692
1 966645
2 907494
1 946921
2 933567
4 990695
1 942591
5 958070
1 959164
1 933525
3 990075
4 990505
5 934038
2 982559
3 937303
5 904732
4 989885
1 921354
4 915762
3 922462
1 912302
1 908534
2 977219
4 925678
5 920012
5 998895
1 902041
2 950233
2 930115
5 993887
5 938712
4 909700
5 986010
4 971554
2 944222
5 922097
5 944012
2 992393
5 909508
3 928013
1 944105
1 955689
4 930110
4 961623
4 924855
3 953732
2 960852
2 904394
5 965962
5 999754
4 990315
1 946379
2 924225
4 997
1 915193
2 996878
5 963679
3 901002
5 941773
4 921038
2 916791
5 972544
5 987200
2 965436
1 989284
2 939314
5 969926
3 918711
3 973984
2 985706
5 962107
3 905742
1 957225
3 948897
1 927838
4 997658
4 982795
3 934981
3 960109
5 920362
2 934520
2 923419
3 901815
1 998844
2 902395
5 985903
3 957079
4 936740
2 923730
2 923977
4 935397
3 968185
3 967197
4 900578
4 942994
3 947829
4 970254
2 924450
2 931243
1 985152
2 983207
5 901733
4 906512
5 981983
1 990162
3 996226
3 941195
5 969819
2 906060
1 973593
4 919280
2 916002
3 988466
5 946786
4 999
1 983419
3 914740
2 989594
1 971862
5 918776
4 900865
2 936426
5 987739
1 985311
3 994473
1 961660
2 921236
5 951183
1 964465
1 991046
1 904820
2 928756
1 987046
4 910532
1 983026
5 990774
2 930035
5 943639
3 929496
4 901775
1 925112
1 955106
2 952726
5 924164
5 997791
5 947050
5 912287
1 904790
1 986187
5 913432
3 952289
1 976962
3 959542
3 919361
2 971276
3 924760
1 930735
2 995606
1 958541
1 983366
2 965680
4 926183
3 948834
2 935249
2 952184
5 947673
2 908801
4 943696
4 952440
2 989780
3 920698
1 946260
4 936966
5 948028
1 986113
3 934448
3 912295
5 950605
3 903641
4 987621
4 906553
3 994745
5 953186
3 949320
4 979510
1 988045
3 996325
4 945204
5 958988
5 904174
2 954425
1 973900
2 915663
2 922531
1 997616
2 935360
5 907274
5 986258
4 923941
2 974324
1 955041
4 999154
1 991495
2 953450
3 914259
4 964231
2 930268
2 972189
5 934392
2 981964
2 962209
5 924276
1 961384
2 953349
2 925614
2 941391
5 920568
5 960385
1 913614
3 965722
1 975011
3 992528
5 979472
3 994435
2 992711
1 921758
5 973252
4 984114
1 956992
5 985908
5 904301
5 927322
3 922057
1 974114
3 912950
5 934210
3 999855
3 996762
2 999299
1 955159
1 985923
1 907781
3 971765
1 961870
2 938163
3 909055
3 964301
3 943277
1 958280
3 976740
3 913157
4 912485
4 902657
3 942469
2 945719
1 908171
1 944086
2 972125
1 989581
1 903818
4 971779
4 988716
3 949434
2 964284
4 937105
1 978710
3 984427
3 967309
2 960870
2 909621
1 929901
3 943984
1 991154
5 956100
3 946905
3 990885
5 963713
3 927797
1 987855
4 991743
3 900209
5 965900
1 932918
1 974603
4 999823
1 991921
2 911219
4 933697
5 945261
2 993012
3 967636
4 975383
2 914466
3 978375
1 934346
1 947866
3 909083
1 904095
3 997403
2 979888
3 914697
5 994644
5 960800
1 960903
4 931421
4 982114
5 957498
2 917321
2 905890
1 964431
2 989034
3 910005
1 961140
5 921037
5 990090
2 963616
3 970314
4 957167
2 926288
4 918555
1 999168
3 908090
5 953467
3 999203
3 954185
3 921488
1 979399
1 906611
5 933301
1 938683
3 975067
5 901630
2 935878
4 907852
2 961194
1 970855
1 957415
1 939329
2 990295
3 927955
1 984557
4 926398
2 946232
2 934070
2 998655
3 994236
1 904450
4 967929
3 984266
2 924934
4 965635
4 903720
3 926435
5 926231
3 903942
1 937799
2 930053
2 955409
1 979791
1 903398
2 964094
1 975314
1 964291
3 990915
1 945373
5 971727
3 987195
2 951373
4 976633
4 924043
2 966474
1 919927
5 972221
1 939364
3 978942
3 995454
3 972215
4 986297
2 992302
5 911244
3 977216
5 963644
4 999
1 983775
1 902512
4 947341
5 975425
4 1004
3 911323
1 985665
5 923428
5 936403
5 964568
4 914449
3 985779
4 927186
4 962319
2 908050
1 985805
5 981529
2 991866
4 947479
1 955578
4 948176
1 917086
1 916445
5 910611
4 996573
4 972518
3 924811
3 930148
5 913196
3 990124
2 918866
1 991946
1 928552
3 954082
2 984721
4 985021
4 928922
4 962301
3 936949
4 946764
3 914184
4 910737
4 909231
4 968201
3 924730
1 920458
4 990969
3 944979
1 962054
4 990144
2 983464
4 915407
5 911738
1 953399
4 948179
5 947856
1 972859
1 961285
3 981708
3 984511
2 933549
2 967279
2 961595
5 903877
4 913987
5 987481
2 943122
4 981264
4 987576
4 928049
2 905095
3 935421
2 939331
3 902032
2 967568
3 902583
3 998665
2 912279
2 999038
2 931277
3 992963
3 942748
5 938308
4 916497
3 920792
3 966835
1 901138
2 990006
4 900040
2 942473
5 933074
1 920264
5 906031
2 998800
4 947599
3 987019
4 974720
1 994351
3 900130
3 906485
2 926997
2 916007
5 947072
4 936721
4 953616
5 992154
2 926126
1 960129
3 989623
5 971653
4 950787
3 912238
3 974571
1 935452
3 940265
1 957398
2 949393
4 997291
4 913634
2 936351
2 974481
4 913103
4 913326
3 989638
5 927816
4 933635
2 964927
4 937744
2 923076
4 906282
5 903824
2 932752
2 907971
4 907094
4 934546
4 933732
2 938062
5 1231
5 941458
4 929972
1 932027
3 952001
4 933607
1 984825
4 931398
5 970730
4 962302
2 981921
2 908677
1 929525
1 921911
2 950138
2 956674
2 985682
3 960788
1 918866
2 988143
2 980293
5 942414
1 985978
4 915608
1 904046
4 999
5 942308
5 919793
1 906299
5 956911
2 955805
3 936191
2 947127
1 925047
5 939800
5 921161
4 914828
2 973955
1 928371
3 927739
5 943805
4 981831
5 988597
4 989864
5 955407
3 926874
2 913996
2 911133
5 969104
3 990357
2 903933
4 952625
2 950132
5 925673
2 946841
2 955266
1 920887
1 934873
3 984241
1 949872
2 962917
3 920011
2 980516
5 925895
3 933070
2 987151
2 925447
4 984819
5 993736
4 993063
2 927378
5 954880
4 986574
5 971641
4 953732
1 964835
5 950134
5 961932
1 901680
4 909769
1 997994
2 945084
3 951660
5 997971
3 972564
5 970727
4 963390
4 992667
4 989001
3 972339
5 953844
2 916930
4 922518
3 923060
1 958635
5 937320
2 904681
2 905588
3 949345
3 989782
2 996095
1 957220
2 945126
4 967221
3 937017
5 949914
3 969415
5 928789
3 971163
2 954115
1 946821
5 956617
4 996
3 981245
2 988682
1 936907
2 978451
3 929304
1 904061
3 992260
1 924273
1 915050
1 917104
4 1003
1 976096
5 903984
3 976866
1 935360
4 953320
4 934387
1 982264
5 916024
2 976845
1 929868
3 988856
1 900931
3 950701
5 934574
1 950027
1 912505
4 948812
5 962708
2 966682
3 959646
1 944297
4 907778
2 914278
4 961823
3 980102
5 910678
3 994253
1 932200
1 902640
4 969843
4 993249
3 964513
5 955660
2 969890
1 951089
5 975810
2 900672
3 929181
4 945904
3 965620
4 929591
2 942407
1 965842
5 983948
3 937707
4 978514
2 993118
4 970648
5 959263
1 958430
2 929142
1 935813
5 956739
4 910172
2 987612
3 976146
4 918740
1 949183
1 932202
4 942929
1 949309
1 971432
2 987471
2 978348
5 978206
5 900459
1 921414
1 929206
4 997
3 920918
4 977013
5 985849
4 953387
1 964004
5 931655
2 953521
5 956772
1 910937
3 923825
1 993565
4 957364
1 984563
3 952045
5 902996
1 909847
1 989797
5 948250
4 978994
5 979931
5 926939
2 959895
5 999507
3 903799
4 1005
3 987073
3 964624
1 996233
5 995700
2 932800
4 958269
5 901921
5 968101
4 907060
4 930823
2 950336
4 917328
4 922789
4 941724
4 978258
2 989549
4 908207
5 995396
3 939827
1 959831
5 901231
4 951421
2 985924
2 944302
5 963829
1 977985
5 950366
5 964901
4 973449
5 979156
5 954651
4 931202
2 952093
5 975102
1 973946
4 910993
4 981176
4 992090
3 920307
4 967351
3 968451
1 918581
1 957228
4 932138
5 981155
4 919794
1 908549
3 991382
3 923440
1 913010
4 945339
1 972513
1 943445
5 933768
5 914018
1 957731
5 908072
1 973948
5 928039
1 930887
5 998037
1 948443
1 912678
3 988805
1 993666
3 997575
3 928341
5 949469
1 966029
2 990236
1 968341
2 912509
3 910796
3 963464
2 927407
1 909701
4 964179
4 960500
4 967330
3 938462
5 992570
5 997299
4 966028
3 943613
1 954376
3 965694
2 954127
2 928594
3 925543
3 940382
3 928812
3 990255
4 906045
4 977383
1 985961
2 939604
4 909737
1 987628
4 971508
3 953166
1 979193
5 907669
4 989011
3 924868
1 974642
4 956663
2 961936
4 975069
2 947213
3 956091
3 978315
1 912282
4 943002
3 980418
1 938678
3 931388
4 941287
1 974674
1 991680
1 927978
3 983217
4 982273
4 918880
2 937614
5 995775
3 993399
5 929826
1 996087
5 941994
4 943730
1 982327
1 913450
2 906628
4 950329
3 963427
2 925586
5 952347
2 918201
5 970095
1 919176
5 953132
2 901035
1 975520
2 954600
1 940505
3 926738
3 960487
4 909128
4 924203
3 977860
3 908796
5 976783
1 980576
5 947736
4 958792
5 975313
1 984920
5 967626
3 947326
3 961591
2 999131
4 934657
3 910441
5 988640
3 912969
3 910049
4 921337
1 986365
4 944283
2 908425
4 926996
3 973295
4 983223
4 910814
2 974020
3 930983
3 906561
2 928590
2 943938
2 964277
2 999671
1 902966
1 916428
2 942048
5 929066
3 977264
1 973180
5 903114
3 975195
5 952505
2 948005
5 949201
5 931205
3 933157
5 907141
4 971029
2 931720
3 974107
4 996267
4 964200
3 990686
3 944173
5 938810
5 913080
3 925352
3 941000
4 958399
4 954091
3 913596
1 981956
5 961518
1 903257
2 998005
1 984224
2 944482
2 978819
5 947188
1 943897
4 930454
3 990094
4 986048
1 951908
4 902516
3 940531
1 961534
3 919583
2 912893
3 997566
3 924100
2 921883
5 976538
4 902104
1 901941
5 905650
2 928401
4 910279
3 981508
5 922924
3 920065
1 977953
3 974979
4 1001
5 914071
1 936803
4 926452
2 929024
1 988497
5 999329
2 927208
4 970828
5 978435
4 998866
3 913059
5 971087
5 991525
1 965015
3 981436
2 949156
5 906045
2 900391
5 931084
2 920150
3 923681
3 997549
1 989506
3 988825
1 988898
5 913816
3 996010
1 957869
5 903214
4 1005
5 993768
4 925052
2 997445
1 976700
4 917616
4 996
4 1005
4 992188
4 908787
5 947275
5 903604
5 970191
2 959346
2 972547
1 910862
2 964977
5 954655
3 975292
5 916698
1 926499
2 981541
1 966394
3 990838
4 919093
1 953775
1 992108
1 914223
1 912275
4 905133
2 937771
2 923881
3 967083
3 925042
5 953082
3 993130
1 913744
2 916484
5 975825
5 981251
2 968940
3 984129
2 907334
2 964377
5 942330
2 910843
5 907522
5 961731
2 962221
4 923765
2 974560
1 981227
4 950423
1 991743
5 915478
2 958067
3 936058
5 976602
1 916368
1 953951
3 937875
3 960567
3 991900
3 906121
5 905857
5 999236
2 907252
5 982792
5 924118
4 932461
4 943058
5 955125
1 977459
3 922401
3 958911
1 948048
1 917197
2 977574
5 992168
4 986476
3 933213
2 910189
2 927878
2 903822
1 923477
4 900840
1 933134
4 925195
5 997035
5 977292
3 972976
2 962121
1 932440
3 992968
2 939225
2 958996
2 996077
5 921850
3 952307
4 924728
2 968798
3 905017
1 910258
5 907756
5 975475
3 990353
4 956295
2 982496
2 911024
4 947591
3 996475
1 924341
3 951936
3 926342
3 952024
1 951818
1 971782
1 960830
5 943832
4 987833
3 950073
2 944107
4 914146
5 942342
1 918730
3 986349
3 954161
1 963282
4 951297
2 991361
4 989029
5 994558
1 932281
3 980161
1 913094
1 900265
3 929739
2 908979
2 934599
2 960346
5 926122
5 901936
1 964600
3 932962
3 970818
4 996908
3 934503
1 965844
2 953872
5 949697
5 915640
3 916715
5 936223
1 927722
1 959940
2 924356
4 994144
5 946727
5 959039
1 922378
4 988539
2 941654
3 950846
1 914818
2 905085
3 992321
3 955033
5 924618
2 940467
5 979577
1 986621
2 927233
3 943949
3 988775
3 922132
4 952179
4 905848
4 905535
5 933971
2 943722
1 985585
2 939493
5 983765
5 983177
2 987007
4 966052
4 971064
2 981204
1 930856
4 902136
2 953070
5 996134
3 914695
2 906046
1 957885
2 935969
4 986455
2 914010
4 912865
5 990967
1 928495
1 954024
5 971064
2 961876
5 984101
1 940038
4 961449
1 981874
1 916475
1 942241
2 979517
2 935003
3 932005
3 914066
2 905467
5 951310
4 951324
3 960157
4 932176
4 963976
1 990508
5 930574
2 970442
3 933658
2 930511
3 945985
3 957213
3 961383
2 908532
4 977071
4 931862
4 933065
5 969740
2 933300
2 965817
1 957876
1 928787
2 951006
3 954506
1 941933
3 971362
2 926684
2 906282
1 944711
2 965224
2 962483
4 939804
3 937983
5 987519
1 937052
3 966081
5 957551
5 912148
1 987552
1 936859
4 929915
1 944032
1 967527
4 939857
4 972537
4 936016
3 966565
3 937916
4 948674
2 934172
2 961057
3 967332
3 912330
2 921822
4 962781
5 973047
3 950783
1 911993
4 995849
2 977857
2 953820
2 960301
1 990701
3 974767
5 955167
2 933906
3 919283
1 909951
3 995263
2 911537
1 900248
1 955269
4 983630
1 929993
4 978789
3 917527
3 988002
4 936876
3 931768
4 962317
3 996562
4 996095
4 999176
1 949408
1 908155
4 983025
2 957615
1 977584
4 904497
5 959688
1 968188
4 1005
3 969374
2 970739
2 907540
4 950217
1 972670
4 957730
5 907111
1 956685
2 929916
1 968348
4 905428
4 993377
4 945114
5 984971
3 962323
2 999677
5 960623
5 955516
5 928424
2 901493
1 987388
3 916991
5 916674
4 980543
2 937178
1 945080
5 985592
2 960250
3 909428
2 998173
1 966308
1 976815
3 930046
3 956786
3 931823
4 961014
5 966059
4 992103
2 948324
3 908870
5 991051
1 963163
1 937823
5 989192
2 917178
5 943700
3 951379
5 994349
1 976284
2 932490
3 906704
3 981565
5 983433
1 975028
4 913913
4 922211
2 957115
3 995788
1 967177
4 1004
4 926573
1 950666
2 926681
5 982076
2 941895
5 936701
4 913417
3 965398
4 950868
4 931816
4 929767
2 921912
1 943386
3 925558
5 974367
1 900901
3 990301
1 926211
4 921671
5 956493
1 921595
2 962413
4 971996
4 934167
2 998047
4 963735
5 965039
2 907768
2 944687
1 906113
3 982447
4 943655
1 922076
1 989305
1 960277
4 996454
5 969910
4 933668
3 911579
5 947499
5 924285
3 954198
3 951793
4 978711
1 918120
3 968549
2 972648
5 952354
3 978948
4 978046
4 916746
2 971192
4 932052
4 965240
2 942051
2 963339
5 916563
3 929940
1 965519
3 919316
3 966916
2 902455
1 949257
2 995026
1 959475
5 973564
2 924102
3 974523
5 954231
1 991781
1 941901
4 978404
5 974331
1 907979
3 948112
1 958649
1 900627
2 954650
3 961831
3 979787
1 962886
1 933263
4 962386
2 946607
4 915783
2 955993
4 976234
3 965091
5 937086
4 926903
2 965882
1 916629
3 976129
1 993295
3 931016
5 947214
4 909070
2 985162
2 938655
5 985922
1 959925
1 964237
1 924365
2 948916
3 990127
3 987758
1 954607
2 910988
3 906248
1 908479
2 969395
1 904193
1 918568
5 973273
1 902276
3 989757
4 958143
1 957404
2 978580
4 903672
1 949591
1 948659
4 943711
5 966459
2 925407
1 980241
5 965194
4 962299
1 902419
4 905885
5 915418
5 940752
3 928772
4 944408
2 906986
5 979843
2 939602
4 986475
4 968377
4 923721
5 922863
3 985933
5 910780
3 967781
2 960324
4 965170
3 953391
5 998673
5 942359
2 957324
2 999093
5 989228
5 952790
2 944231
1 909635
4 969829
3 918286
3 985742
2 915483
5 977087
2 956774
4 936339
2 945628
5 941365
1 901902
5 937460
3 924983
2 906744
3 949481
3 992862
5 914189
1 909914
5 945820
1 945085
2 972997
4 935001
5 933738
3 985760
1 931485
5 938783
1 909414
1 951091
1 901611
1 951079
5 976910
3 996888
5 902310
1 973961
3 982989
2 934260
2 948347
2 917344
4 917722
5 971748
1 966079
2 914334
1 901572
1 975719
3 937953
5 922426
1 997907
1 903383
5 968526
2 979022
2 967321
5 934168
1 972638
4 928913
4 990116
3 902306
2 931352
2 961939
1 914066
1 909951
1 975546
2 961794
2 905684
2 917628
5 933739
4 923052
4 968243
4 994699
1 930059
5 904413
5 917705
5 931163
1 989140
2 981835
1 954698
1 958219
2 992668
1 989881
3 985252
5 918941
2 900608
1 969481
4 968961
2 988401
1 905509
5 960477
5 942013
5 960642
4 937560
4 907440
4 948496
2 983305
1 976919
3 925035
3 964509
3 941990
5 939138
4 963356
2 960595
2 927154
4 912055
5 906988
4 953919
5 937661
2 949016
3 930892
5 907195
2 974130
5 901186
5 923019
1 928692
5 955601
1 906693
4 905464
1 938286
2 940051
4 948208
5 984044
2 978303
5 973783
5 974340
4 926994
1 909142
3 924068
2 929254
5 902686
4 902264
3 989761
5 912738
5 966685
1 921714
5 928197
2 993900
3 956766
5 974155
1 981371
3 916345
2 977294
5 919097
4 902055
2 949296
2 957803
2 912656
3 934845
1 993661
5 968772
2 942919
2 909599
3 914703
5 976223
1 909591
1 934850
4 954888
1 908408
5 969778
2 972851
3 945536
3 999080
4 998282
5 941142
4 998
2 963195
3 937055
2 911451
4 913658
3 988008
5 958361
3 983696
5 976988
5 924146
1 911765
4 949144
3 982351
2 982135
4 978670
2 910066
2 950496
5 928534
2 993770
4 913339
4 957660
2 988520
4 951095
4 962685
4 929272
2 903706
2 954478
1 974866
2 967718
5 936933
2 960633
3 994208
2 981472
3 949979
5 991779
1 934873
5 936276
4 919550
4 967971
2 956034
1 982018
1 968106
5 902420
1 956632
5 946553
3 973398
1 942151
4 900539
3 915326
2 945820
5 908879
2 938670
3 985008
5 923436
4 925834
5 982989
2 930911
4 995
3 941032
1 993525
4 960820
1 908860
5 981711
3 921879
4 942014
5 922022
4 1003
4 929726
5 926859
3 996547
1 943095
1 984044
2 989892
4 999
5 921411
1 925970
2 990556
1 933682
3 983176
3 925959
3 985925
5 960405
5 970305
3 932886
2 935694
3 952481
1 972659
3 964839
5 953031
1 914773
4 960302
1 955470
2 969170
2 916576
5 920187
5 949094
2 916587
4 983610
3 964617
5 945809
3 910676
1 932620
5 998113
1 967623
2 914464
1 951029
5 951167
2 982565
4 935124
1 958038
5 925798
4 954820
1 939261
4 950011
4 995400
5 955672
4 991733
2 988079
2 922245
5 970898
5 950070
5 900864
5 966032
1 953272
4 930006
2 984704
4 959832
4 988280
1 947623
3 955853
3 966366
4 985708
4 913434
5 983877
1 900497
4 915267
4 963869
5 919063
5 957206
3 934698
1 955497
1 966473
4 992079
1 961713
2 974477
4 928185
4 988357
1 988021
4 994246
3 910333
2 995732
1 976209
2 924393
3 980514
1 987179
5 978637
2 940479
4 996499
5 982638
2 924781
5 988250
3 936041
3 927878
4 954091
4 941998
3 945306
3 904063
4 918718
3 948957
3 949491
5 978679
2 947791
4 957067
4 908228
1 954493
4 967544
3 900037
4 909577
4 1002
1 985249
3 998981
3 928551
2 933706
3 927223
5 927637
1 996706
3 946121
2 956787
5 906805
2 997141
4 908267
5 981032
5 946381
4 923127
3 966081
5 942757
5 976431
2 983640
4 937282
5 994258
1 974812
4 937424
3 988117
2 910421
3 922839
4 948684
5 962947
1 971082
4 991219
1 904109
5 901283
1 923385
1 945079
1 995796
3 934746
4 966000
2 904136
2 935093
4 971362
2 947721
1 927976
4 964878
1 967056
4 980342
2 918569
4 900849
5 963941
4 993460
5 915567
3 911722
2 964211
4 993690
3 966486
1 999311
1 952354
3 940842
1 978453
4 906380
5 967719
4 945053
4 912082
5 991770
1 916364
2 946578
4 925114
2 919969
4 900584
4 994882
4 993462
2 915846
2 927244
4 982660
1 947586
1 985312
2 933252
4 973097
3 974246
4 985483
1 958189
5 973215
2 989344
3 960762
5 949667
1 961037
1 942163
4 959868
4 927950
3 984719
5 943715
3 996724
1 971080
5 969732
4 919684
4 916211
3 902768
3 987628
5 999624
5 964864
4 964359
2 969401
3 954017
2 925956
4 952537
4 985034
5 986440
1 910724
1 960420
5 942971
4 900892
3 958045
5 982954
2 935600
2 928404
1 941832
3 980426
4 923276
3 934085
5 966048
1 906744
4 905605
5 958774
5 934331
1 921798
5 917498
4 990382
5 921490
2 920382
3 921084
2 902116
5 928311
1 979943
1 913670
3 920919
2 920375
3 948105
3 934971
3 964583
4 989308
2 901954
4 1003
4 958600
4 942622
5 955700
3 960623
1 921911
4 919864
3 911757
2 921594
4 958019
2 964095
1 976481
1 977051
5 996554
1 936656
1 930159
1 985394
4 905697
4 985686
4 952413
1 907410
3 970543
2 945455
3 931999
5 998080
3 914619
3 917279
4 1000
3 987569
2 978432
5 988910
3 969973
3 907786
5 929595
5 978777
5 993193
2 944084
1 915416
2 901269
2 954845
5 962633
4 979539
2 955411
3 999994
3 966945
4 954077
3 932105
5 998416
4 995727
3 977375
1 935855
5 957058
1 990249
5 983189
2 961246
4 936716
5 917507
3 925392
2 973606
4 997966
5 934982
4 949802
4 905339
4 972864
2 968758
1 992673
4 900248
3 999234
5 967306
2 992776
5 907982
2 910090
4 930446
1 994153
2 982611
1 956825
3 938266
2 985020
3 921734
1 979883
2 926737
3 925040
2 993871
1 902554
5 912038
4 999350
5 978746
2 900369
5 927399
2 994804
5 952556
3 992134
3 948969
4 928400
3 935725
4 926490
5 941893
4 1002
5 905647
4 998885
4 903705
5 902799
3 911187
1 939121
2 981287
3 975790
5 920224
2 934326
2 931528
4 968491
1 919300
3 923146
4 942876
2 978068
4 1001
3 944111
1 916254
5 965701
2 901421
4 949014
5 920094
2 911663
3 900268
5 986161
5 937254
4 999110
2 945462
1 934925
3 905682
1 960411
5 980516
4 929601
2 922336
3 909105
5 977494
3 977651
1 938366
4 982320
2 986558
4 961825
2 922185
1 944959
2 931693
3 979136
4 1003
1 919597
4 900362
5 932446
2 902242
5 951569
4 951981
1 954843
4 969936
2 929872
1 911787
4 938312
2 924300
4 975425
4 940961
4 997705
1 978200
3 984369
3 968989
4 953893
2 948616
3 955698
4 909352
3 947576
4 949320
1 989290
2 902208
5 978834
1 949276
2 933392
5 958667
3 906967
3 945389
4 951619
2 925652
4 996279
5 944723
2 982419
3 962173
3 941021
5 985104
4 936519
5 997964
2 982190
1 966938
4 949226
3 943829
2 998716
2 958902
1 962032
3 936644
1 969434
4 980444
5 910170
3 967924
1 987656
2 905295
1 900830
1 943845
5 912361
3 922879
5 961075
3 951799
3 999326
4 933775
4 982203
3 998516
1 965442
2 957257
2 964212
4 951883
1 994359
5 994524
5 986524
4 983489
1 922160
2 909811
1 978836
3 977247
4 981250
1 901147
4 922014
5 923750
4 969056
3 927619
2 970610
2 933558
3 981107
2 903154
5 935917
3 994893
4 991387
3 972903
4 908088
3 965217
5 911709
3 974284
4 1001
2 922047
1 925594
3 938602
5 955542
2 996425
3 919961
3 966780
3 900895
1 938311
1 903699
2 930649
2 902824
4 999
4 956711
5 900544
2 958790
3 979869
1 958067
4 949151
2 996640
4 991484
4 977960
2 959411
3 974908
2 982070
2 900796
1 921302
4 969931
5 979178
3 968468
5 921770
5 992555
1 997223
4 953536
4 969428
5 977286
1 919362
2 914632
4 999
2 921422
1 997630
4 914208
2 925863
5 972386
2 963592
4 922899
3 946177
3 925494
1 975755
1 935487
5 947270
5 905780
2 956931
2 902112
2 936636
2 908682
2 938131
5 958155
2 916965
4 970714
2 953628
3 968452
3 999714
2 923128
5 955464
5 904627
4 956767
3 983438
2 910351
1 966210
2 921431
2 921904
3 991559
4 952782
5 956393
4 901483
1 975749
4 997091
1 901916
2 925015
1 972487
3 948689
1 968851
3 944437
1 950080
3 918818
1 964662
1 984775
2 998785
5 941558
5 940468
3 930075
5 902127
1 906474
2 930575
2 936069
4 928756
4 999743
4 919747
2 963907
3 997855
4 989213
5 917363
2 992953
3 933618
1 951216
2 985435
4 928024
5 995309
5 908561
1 983304
3 920956
3 979491
4 999900
3 917528
3 955997
4 962970
1 973616
2 918253
2 920810
1 949769
4 941425
4 919931
5 951352
5 922182
4 911912
1 962258
3 920186
1 904149
5 921461
3 942276
1 976497
2 946333
5 969638
3 950058
2 960777
4 979790
4 941387
5 934919
4 942846
5 947534
4 947618
4 998
4 902594
3 907379
3 995881
3 966208
5 950973
5 987880
4 978868
2 998589
4 949626
2 918303
3 909170
1 961135
5 959021
5 902632
5 966351
5 977810
4 965369
5 980479
2 922921
1 965340
5 965538
4 971156
5 948170
5 943717
3 945277
4 977351
3 923847
5 935792
3 977118
2 952483
3 900352
2 995607
3 907501
1 938606
3 922667
5 931251
3 948119
4 908332
4 923873
2 909162
5 957466
1 913580
4 915575
4 1001
1 902431
4 926824
5 958052
5 940793
1 918526
2 957720
2 950855
3 999908
3 939574
1 932443
2 968209
3 923911
4 918608
3 996215
4 916776
3 910935
1 991878
4 948830
3 926886
1 966263
5 975773
1 971158
4 988716
5 989903
3 925479
3 981790
2 975148
3 975690
5 909880
2 938841
3 947432
4 940678
1 982921
5 958335
4 958271
2 972752
4 923315
2 928434
1 913657
4 998525
3 967335
4 956367
3 997064
2 950047
2 964154
5 949686
1 953869
4 982624
2 925973
4 903901
1 949573
2 972091
4 952517
3 933847
5 943060
1 936238
2 997614
3 995358
4 980832
4 969986
2 950267
5 940731
4 967701
5 935487
1 992076
4 941767
1 904604
5 986175
4 987779
5 935972
1 989641
4 985943
3 981075
4 909031
3 956017
4 969981
4 902912
5 915956
5 918803
2 995895
5 992040
5 932302
1 990413
2 917465
3 909396
2 941133
3 972099
3 969531
2 996554
3 945266
2 908963
5 908291
2 951921
3 909540
3 969656
1 983225
4 984371
5 975521
2 923750
1 929868
5 930399
2 962912
2 923801
1 930429
3 951864
4 953751
5 959020
1 952479
4 909784
2 907867
5 946270
5 914867
3 996322
2 923431
5 985531
5 993114
1 945789
2 910866
2 900660
4 1002
2 956630
2 914201
1 950869
2 925112
2 972035
5 964842
3 962474
4 961233
5 950378
1 923177
3 922860
4 958815
5 957571
3 906909
5 944180
1 914154
2 964340
4 963068
4 976315
1 924542
4 947219
3 913394
4 966439
3 956706
3 969687
4 970637
1 974245
3 983853
3 930716
2 985446
5 902158
1 990334
3 935711
5 998090
2 955413
4 973099
3 938887
4 962344
5 951418
3 990588
1 998129
1 982663
1 950555
5 987645
1 995188
5 978699
1 927564
1 913925
2 906525
1 923087
4 956630
1 976408
5 959914
2 985052
3 915316
4 920340
4 964206
3 928457
2 982009
1 969864
3 930186
2 967596
2 912235
3 929993
4 931984
2 969590
1 900753
3 903820
3 958578
5 930065
2 915497
3 990436
1 975594
5 937063
1 947688
4 985223
2 905827
4 945205
3 923971
3 925491
3 971750
4 916728
3 922350
3 921187
2 907356
5 951286
1 923219
5 975461
4 927842
4 952581
4 945902
2 902082
1 901849
4 952611
2 984722
4 919837
4 979075
1 943970
3 974266
3 946576
5 938569
4 977536
3 902817
3 996415
2 999692
3 936845
3 933915
4 925778
5 991715
2 958756
2 985119
4 957928
2 930973
4 967290
3 917643
4 991511
4 916343
5 965392
4 912629
2 920883
1 901092
3 922370
5 984709
2 931751
4 986222
4 928402
3 979449
5 961622
3 936888
1 941545
3 928238
1 965149
4 931278
5 926198
3 945843
3 907907
5 978480
3 951908
1 964812
5 906847
2 912126
5 983013
5 901302
1 927191
1 942145
1 955729
4 914037
4 915353
2 936434
3 945471
3 971874
3 973160
1 943341
2 985450
2 983985
4 945921
5 965714
3 953273
4 964017
3 981161
1 984441
5 979576
1 930522
3 912896
2 989182
2 994995
4 934001
2 976664
3 922465
1 911358
5 940609
3 921993
3 982085
4 995358
4 917922
1 904985
1 940931
2 986824
2 918932
2 902770
4 966833
1 964028
5 981994
2 929846
2 907120
5 984637
5 909736
3 947897
5 944345
4 982915
3 957829
1 993629
5 932094
1 949056
3 968011
4 975343
5 987672
2 900891
2 940536
1 980710
2 983558
2 922485
3 903435
3 987522
5 905099
5 916122
5 955423
3 911434
5 971962
3 925014
4 917168
5 968774
5 925045
4 919367
1 935695
1 940036
2 984776
4 936439
5 952151
5 954143
2 927915
4 915006
4 902841
1 969954
4 964034
3 966106
3 930265
5 922296
4 995233
1 989406
1 905698
4 913070
3 933414
1 932978
1 914404
2 905734
5 931064
5 921930
5 987691
1 948507
5 905616
1 933943
4 973117
1 907639
2 929742
3 965370
5 975602
5 971558
3 907612
3 998622
5 948109
4 983170
1 976267
4 992215
3 931453
5 971285
4 913560
1 984338
4 997437
5 949540
5 921682
1 931609
4 975191
5 982141
4 943116
3 929887
4 956817
2 903859
3 964282
1 974350
2 968746
5 942251
3 988468
3 966613
4 964136
5 900373
4 962493
2 934699
2 906734
2 971858
4 976545
3 962454
1 903335
5 945501
1 952910
1 912328
4 941774
1 938416
2 952837
3 900478
4 907554
3 973668
5 952326
3 921325
5 983604
3 914690
1 937179
2 904760
2 995842
1 962825
3 918104
5 970038
5 907338
2 937108
5 926730
2 963136
1 966648
1 957756
4 900617
2 978699
5 991308
2 982203
3 985449
1 979737
1 982897
2 951709
3 921364
1 980046
2 939141
3 963070
3 976539
1 948959
5 925460
4 945614
1 923454
5 994412
2 948206
1 913915
5 995566
3 930548
1 921896
1 951400
1 984089
4 916693
5 943169
2 992122
4 996180
1 968710
3 967766
1 938671
3 937151
4 914972
4 938109
1 903868
1 981902
2 944003
5 915284
3 916739
5 930650
1 952602
3 992824
4 916741
2 909928
3 998986
2 992192
5 930671
2 968045
5 943804
3 918491
4 931282
4 978641
1 983125
5 991782
3 917905
4 974141
4 963277
2 919935
3 972869
3 917206
1 970933
4 951988
3 946657
5 944240
4 997
3 930380
1 947394
1 990641
2 961944
2 901054
2 931807
4 953618
2 968208
2 984442
5 901988
2 940937
2 965207
5 988544
5 932503
5 956173
2 912191
5 977968
2 956094
4 936085
5 926187
2 949123
3 965194
1 995373
1 965459
5 982785
1 937315
5 958616
3 916368
2 961581
4 913802
3 971199
1 914895
4 913734
1 990125
5 939844
2 937001
2 914515
1 954217
3 930196
3 935308
5 980137
1 976496
5 930790
5 951731
5 925019
1 901274
4 964704
5 953883
4 992390
3 905476
4 949147
4 987620
1 982395
2 911085
1 965811
2 946449
3 931235
1 928861
3 903063
1 975660
3 933692
5 914475
2 960895
5 955472
1 930504
5 940987
5 919877
5 982022
2 947461
5 932235
5 959071
4 948758
5 951334
5 939039
4 914513
2 972719
5 904076
4 990526
3 905200
5 916547
5 914449
5 963094
3 949689
3 939306
4 904476
3 951819
4 988504
3 984353
1 947995
2 988432
1 947768
4 974801
1 940055
1 944597
1 995464
1 922873
4 907390
1 941055
1 905645
5 984380
5 968339
5 980923
1 998321
5 956764
4 918266
5 931490
5 941823
4 933124
3 925138
2 918396
1 903196
1 979770
2 926257
4 973400
2 915047
4 974292
1 900564
1 922278
2 906768
1 948761
5 965288
3 957796
5 975135
5 969677
4 956308
5 934882
3 973527
2 987909
1 910675
3 908246
4 993290
2 975236
5 999500
3 977120
4 904807
4 980043
2 915175
4 915465
4 919445
4 937247
3 961573
1 933612
3 967732
1 981480
4 967536
5 961647
5 912608
3 916320
4 994930
5 926584
2 995846
3 935555
3 925908
1 999155
4 991946
1 939672
4 995
1 933970
3 992597
5 941233
2 997285
1 942357
1 962740
4 933146
4 995130
5 988816
4 905031
4 998
2 937872
1 947846
5 983689
3 933103
2 977121
3 941474
3 963105
2 983444
4 994097
4 967888
5 966313
2 935445
5 933072
4 932149
4 937117
1 980672
3 933295
1 952783
5 926988
5 929796
5 991075
4 926110
3 970913
4 948848
1 902302
2 931807
1 989457
5 956503
5 978368
2 919324
3 993467
3 978524
4 928260
5 978750
1 921671
2 911915
5 991912
3 974130
2 936172
5 983466
4 901399
5 921997
2 941801
2 961738
4 900976
2 954889
5 986375
2 971080
2 952227
1 929557
5 978785
4 912143
5 904443
3 905704
4 962796
5 973783
2 913490
3 935118
5 930253
4 999474
4 949090
4 954177
2 982621
3 908514
2 931416
2 911258
4 925232
5 946427
3 969224
5 917890
4 983083
2 966900
5 955185
3 924490
4 998266
5 937194
2 918777
4 947347
3 918923
3 934625
2 978340
1 981347
3 946499
5 999596
1 948553
3 952110
4 923230
3 974149
2 984581
1 993212
3 965745
1 993402
5 993925
2 983982
1 920164
2 931005
1 959249
1 931050
2 950067
5 947314
5 918815
5 975609
2 999661
2 914001
3 995416
4 978667
4 939070
2 956773
5 936091
1 907392
1 948037
5 951956
4 999895
2 980245
4 911636
4 933431
2 906441
4 971593
1 906328
4 909571
5 907259
3 944864
4 917816
4 911775
1 945830
5 960660
3 920118
4 922313
5 980469
1 999486
2 972960
3 918619
5 909447
1 906090
4 999
1 906490
4 915316
2 920015
3 929254
2 932292
3 984424
1 988121
2 933306
3 953752
2 986869
5 924103
3 989012
2 920259
1 979509
4 908468
3 982248
4 940983
3 969669
3 931936
3 939628
4 940745
2 946278
3 991071
4 989084
5 998735
2 957068
3 943111
5 979051
5 933176
4 946997
3 913607
2 919093
5 994275
5 912656
1 920955
4 948384
3 920087
5 954219
4 996
3 977875
5 927923
5 937343
5 936532
3 989950
3 984085
3 970405
5 935244
2 927022
5 900521
2 983523
5 926727
5 975435
5 907354
2 924072
5 904464
5 998813
2 951916
4 957300
1 999552
3 937743
5 989430
1 975168
4 953076
2 957912
4 938683
5 925560
3 999430
1 952296
4 935199
4 971069
5 955507
3 971111
2 901582
2 945819
2 944544
4 917137
2 945070
1 917912
4 972848
3 965854
3 983412
5 923818
1 970080
5 933066
2 983449
5 911207
2 931546
3 902850
5 931317
1 963138
1 952713
1 917302
5 996124
3 983145
2 909341
2 934164
4 962910
4 991567
5 952928
1 970354
1 959693
4 984360
1 995806
5 946947
2 991023
5 998756
2 968607
2 936949
1 937860
5 902567
4 903889
5 947543
4 965500
3 955398
4 948793
3 942942
5 974895
3 905163
2 962143
1 909523
5 957980
2 988574
5 945055
3 949660
2 939427
3 986533
1 978190
3 950230
5 989152
4 931620
3 989688
5 914602
1 946554
5 978392
4 981442
4 935518
4 918781
2 917349
1 925720
5 918644
1 946027
2 926214
2 949414
3 971724
4 957633
4 986023
1 931953
3 906274
2 926587
1 964207
3 941068
5 943264
1 991370
4 988691
1 989024
1 989456
5 953942
4 977267
3 918571
3 910496
3 982750
1 969245
3 961414
3 929741
1 954904
1 993769
1 954077
2 914423
1 941190
4 952551
4 987480
2 988717
1 982281
4 916122
5 912765
4 1005
1 995909
3 981906
1 941409
5 962532
1 904513
1 935380
5 915585
2 900762
3 923479
2 916711
5 976631
2 979442
1 952563
4 949961
3 963578
2 901666
3 914794
2 943009
2 999153
3 983317
5 967784
5 945424
4 906948
5 970092
2 943233
5 976048
1 924002
5 999064
2 919532
3 911937
4 924396
3 976046
1 977217
5 977367
2 922662
2 943200
3 943278
5 942924
5 922372
1 939451
2 943840
1 952540
3 967247
4 947671
2 968590
1 941233
3 977998
1 950385
3 902564
4 974634
3 930113
5 987433
2 914187
4 952728
1 945897
2 986553
1 927309
4 928387
5 931169
4 970917
5 904289
2 927290
1 954170
4 978857
1 993015
1 911259
4 995
2 939078
3 953867
1 959189
1 999195
1 938669
2 900639
4 941192
3 990310
4 992708
1 936057
4 967346
2 900921
1 900125
4 979667
3 968092
3 962440
4 920383
4 998609
5 913226
1 941088
4 987974
5 914625
4 990480
3 978763
1 989852
3 981403
2 932392
2 982761
3 942822
2 958235
3 953285
2 906816
3 909829
1 923797
5 968934
2 966430
4 978618
2 948955
2 960065
5 960675
5 956989
4 992682
2 967299
5 968442
1 959690
3 924252
1 990338
3 932804
1 994421
3 913969
3 912062
2 931643
3 928943
5 922542
3 970292
4 960747
4 951247
2 929385
4 994378
4 980471
3 979756
1 924189
5 907665
2 977544
3 908253
2 994861
2 903997
4 944800
3 904672
1 924594
3 988848
3 997480
3 944755
4 918392
4 955725
5 976969
2 948845
1 902262
2 945515
1 955241
5 928338
1 964136
4 997523
3 914076
3 937163
4 987361
2 943549
2 993858
2 912528
1 904160
3 907816
2 934899
5 962674
2 909718
4 904603
5 999835
4 906540
4 933850
5 940216
2 970255
3 978031
4 985198
2 929591
2 955072
1 945587
4 983014
1 907898
2 940676
4 995
2 946858
1 927574
1 992438
1 927985
3 970903
3 924419
2 915271
3 995388
3 900807
5 909069
4 944775
3 919149
4 993942
3 950175
1 970299
4 937873
4 977342
3 946011
3 972497
1 917779
2 962941
2 997275
2 942189
4 938441
1 955645
2 904381
1 963026
4 900971
4 949805
1 985570
5 982816
2 982611
1 990312
5 914434
3 942261
2 938803
1 960273
5 999327
2 958082
3 990547
4 950085
2 970886
2 979485
3 945228
2 954124
3 971577
5 991756
5 953625
3 964148
4 975724
3 950989
1 958856
2 963301
2 976067
5 918256
4 940955
1 985916
5 922145
2 920304
2 970275
3 952570
1 991681
1 954519
1 988053
2 949157
5 997339
4 930974
5 918201
3 904460
2 994559
5 939140
1 906868
5 964058
3 905846
5 931962
3 989557
5 916462
4 963206
3 903554
2 974687
3 985518
3 996574
1 937088
5 969066
3 942490
3 985948
2 959370
4 999412
2 960830
5 901823
4 925585
1 911894
2 978793
1 903289
1 994424
3 933139
1 974754
2 925276
2 914062
1 968416
5 950592
1 944679
1 916729
4 959454
5 924534
2 974347
1 985501
5 929202
3 923848
2 974348
4 950175
3 907839
4 902362
5 968745
1 941496
1 936210
5 917461
5 925493
1 900895
1 940847
3 937653
3 907026
4 906082
1 960090
4 978632
2 905743
2 909438
3 948040
5 989103
5 952321
3 960202
4 985401
3 983713
3 946913
3 915422
3 974000
4 936046
3 998877
2 920242
4 983101
2 986873
1 985975
4 956126
2 936684
3 958156
2 988937
5 936817
5 934243
2 959531
2 969362
3 922150
3 971943
3 962050
4 941152
2 925847
5 976531
3 914387
2 980548
3 937006
1 933403
5 937250
3 900206
5 953993
5 932671
1 947313
5 912190
3 947376
3 998503
4 967564
2 998134
4 905699
5 934517
5 915116
3 994515
5 970975
3 943347
3 909194
5 974785
5 928342
5 921426
4 901093
3 917492
4 917938
2 900794
4 989026
3 977503
2 947979
2 990922
1 902020
4 969244
1 978187
1 936510
2 946245
4 953102
1 931119
2 958926
5 929149
5 933809
2 902110
4 938045
2 973597
3 916959
1 985040
4 915044
5 964911
3 930346
2 955555
3 974777
4 993395
1 979779
4 973041
1 994135
4 921918
2 952981
5 955636
4 991612
2 942031
2 927472
4 935598
3 950449
4 979748
2 922755
1 937756
2 988941
1 937665
4 916392
3 988411
3 905050
1 924178
5 941790
4 918645
4 954610
3 907677
5 912052
4 911772
1 942787
3 956199
5 926956
1 908170
4 937167
3 919833
5 958976
3 980587
3 958145
5 910162
5 978058
4 974014
4 966686
2 945200
5 996277
2 982155
2 992800
1 921224
4 900209
2 924288
4 944786
4 989123
4 909985
5 975958
1 970813
1 969857
2 903400
5 932469
5 906110
3 933818
3 933032
1 939418
1 906926
4 906311
5 991141
2 912229
3 955077
3 972309
1 994824
4 931032
3 933633
5 921968
5 930283
2 912399
5 911321
3 958328
5 926467
2 982351
1 981585
5 913609
2 939216
2 948597
2 981181
2 945854
1 982946
5 942137
2 950298
4 913923
1 968839
4 944805
4 987272
3 990079
2 948931
1 944510
4 932392
3 946610
2 991691
3 997303
5 941816
5 996523
2 970200
5 928729
3 947183
2 902648
4 992224
3 926204
5 905479
1 949149
5 916596
5 954429
1 997846
2 916699
2 966218
4 904911
4 945000
2 958207
4 923099
4 910508
4 960243
5 972546
5 960420
2 905193
1 963430
4 906949
5 974566
1 946655
3 988839
5 930731
5 998493
3 980460
3 932318
1 973144
3 925247
1 948758
1 916717
3 913501
1 950219
1 958295
3 978572
5 982544
1 988137
1 962156
1 929899
5 953218
3 961658
5 978447
1 980467
4 905547
5 990009
5 957606
3 995811
1 927610
1 962882
5 988431
2 994646
3 965405
1 923212
4 991972
1 963777
2 969573
2 937083
4 999
1 914129
3 948170
5 952977
3 962111
1 982209
1 964522
1 927002
2 986616
4 998
4 969628
3 960727
1 938465
5 985175
1 980642
1 993175
5 954986
3 931139
4 941360
5 939230
4 903865
1 907592
4 990009
3 989927
3 934661
5 926993
3 940314
5 935124
2 967450
4 967670
4 944930
5 969234
2 919694
1 923270
2 944243
3 914206
1 905845
4 952000
3 908466
1 945341
4 968216
5 958646
4 944575
3 916785
1 953433
4 1000
1 916306
3 903574
5 952744
1 972305
3 967397
2 910502
3 947780
3 920500
1 942309
4 918833
1 942326
3 971327
4 967799
5 957070
5 922311
4 963813
3 987083
5 923715
4 976327
2 938245
4 955531
1 952230
5 982654
2 985930
4 903989
4 952869
2 966069
5 909735
2 963038
3 994284
1 932840
1 988224
2 931709
4 995376
4 968646
3 973489
5 931627
1 943379
4 998923
5 912724
1 941342
4 913832
1 967934
4 977063
3 942246
2 919149
3 977215
4 977906
2 995932
5 917214
1 934858
4 978136
4 917413
5 904488
4 914036
1 909509
3 911763
1 993547
5 982273
1 902630
2 922496
1 970205
2 980401
3 929662
4 933356
4 996
2 910457
4 910413
1 926478
4 914041
1 909287
3 934032
3 942799
1 984175
4 954175
5 993352
4 918518
2 990853
5 947667
4 936803
3 981739
4 940793
1 943834
5 952323
4 906864
5 903141
4 996
1 934659
1 976990
1 901432
1 995696
4 941447
2 923184
2 941599
4 900283
1 971150
4 940828
3 904855
3 966894
1 975350
1 947821
2 957823
5 966451
2 931714
2 985640
1 907852
1 934149
4 938600
3 955735
4 918920
4 945992
3 901774
2 907176
2 956648
3 916336
1 952946
5 953510
4 926536
4 922167
3 914657
5 954559
5 910472
5 940061
1 966559
5 937392
2 933025
2 956770
3 909984
5 984490
3 985658
3 917947
2 922097
1 951500
1 978906
2 926377
4 972494
5 970933
4 922048
4 978668
4 994022
2 939159
1 909372
4 925593
2 991065
3 939647
1 936748
4 975171
4 964989
1 932632
5 946443
2 996064
1 929113
4 929621
1 935501
5 974018
1 905259
3 989632
1 972140
4 987900
2 912632
3 904132
1 931676
3 967241
1 942129
2 901090
1 911849
3 929710
3 956683
3 920967
4 904336
4 901210
4 916059
1 944188
1 934467
2 929235
2 969462
4 975294
1 955167
3 938401
3 973355
1 989777
3 969704
2 943926
1 958047
4 984226
1 922819
4 914670
5 901687
2 972239
4 927491
3 993234
5 923153
5 942720
5 985302
4 906938
3 962667
3 917334
5 933990
5 998128
3 938878
4 900486
2 963793
5 929093
4 921455
2 937434
1 980242
1 907755
3 915516
4 914639
3 968269
5 900189
5 950675
5 957643
4 987284
3 983011
1 983597
1 920048
1 994817
2 932449
5 956004
5 927987
3 921355
1 923082
3 902874
5 939228
5 985497
5 981758
4 965316
5 975543
1 966854
1 938511
5 999177
2 940872
2 975160
5 963564
3 983582
5 944380
3 973674
1 913265
5 929027
2 991776
2 937099
1 900616
3 973755
2 943116
5 986046
1 911598
1 930803
5 901190
3 961108
1 948790
4 939908
3 977899
2 921577
5 943973
1 977594
1 901197
5 950394
1 908868
4 951030
3 971648
4 910721
3 962939
4 901152
5 955262
4 927617
1 918774
1 909621
4 941446
2 900099
2 992918
3 973506
1 971087
2 918676
3 966226
1 951856
1 972129
3 988053
2 988556
1 951048
5 953747
2 955011
4 935461
3 914578
3 962681
2 906744
4 923649
4 982954
3 996457
1 971074
3 947247
1 918008
4 983581
1 970160
4 964419
4 1002
4 980962
4 961174
2 972813
3 947039
1 916521
2 921434
5 988832
2 920053
4 952282
5 943706
4 928097
4 987373
2 921894
2 936172
1 982311
1 934585
5 959505
5 972842
2 946404
5 916147
2 963509
2 988147
5 904896
1 903867
5 945077
4 910424
1 901656
1 935851
1 903317
3 983579
4 932069
5 965440
4 946912
2 930390
1 984459
2 956254
1 959322
3 939093
2 939996
5 987471
2 912964
5 927389
3 987750
3 944290
4 988741
1 986836
4 964992
4 900543
5 993586
3 942489
5 918992
5 972789
5 962821
5 902069
4 988545
2 922079
1 947394
3 977347
5 908779
2 978705
2 970594
4 904015
1 990066
1 950962
5 995743
3 981711
3 989805
1 996946
1 957988
3 950532
2 900577
4 998
4 974922
4 906704
4 978928
4 987797
1 944995
2 907865
3 987992
2 957337
3 966359
4 929090
1 958752
1 926757
1 959538
2 929487
2 958892
2 901690
3 964769
3 922381
4 911903
2 979853
2 996973
2 945161
2 914313
5 972589
1 917851
4 977423
5 988511
3 901573
2 945059
5 908097
2 977064
4 921554
1 927209
1 918120
2 978363
4 958666
4 929882
3 920579
4 956026
4 991456
5 987732
2 940304
1 985198
4 943502
3 956129
4 933523
1 962742
5 936413
2 908701
1 912841
5 994152
2 957054
1 913878
2 938517
3 903154
5 994675
4 993896
3 944197
4 935680
1 927881
2 963043
3 960107
4 923138
5 929389
2 906128
3 940575
1 968346
2 923023
5 996927
1 929391
1 909198
3 989747
4 932773
5 906216
1 936980
5 977845
2 923283
3 907441
5 964567
2 900941
1 905161
3 962960
2 978509
2 919409
4 996640
1 958191
4 916111
5 940283
4 964112
3 931462
5 941240
4 957640
1 981078
4 970046
4 958152
3 965095
3 928145
1 994183
2 944416
3 955114
3 984289
2 943777
1 951915
5 916263
3 915401
2 938204
4 930713
3 998683
5 944559
5 935648
1 960267
4 937321
5 920442
2 987174
4 929952
4 963266
3 928025
1 931161
4 966450
3 913155
4 942113
5 953742
2 912040
5 919619
1 928796
2 935322
5 974927
4 989803
1 971032
2 986716
4 907920
4 965799
4 946103
5 983525
4 923370
3 970610
1 932803
2 966527
1 954251
5 976576
2 937058
3 989298
4 977071
3 936087
4 956458
1 953094
1 961701
1 946686
4 986411
3 978295
3 940918
3 919137
5 981571
3 958985
5 948862
3 967059
4 998630
1 998050
5 945763
4 914886
2 977752
4 950984
1 928436
2 926040
2 920949
5 944592
3 945623
5 914364
4 969300
3 988487
3 957529
4 1004
2 972770
4 967900
1 969618
3 903744
4 985305
1 921262
5 911317
4 969347
3 987350
2 918077
4 975169
2 942080
4 992672
3 958948
4 948205
5 973756
5 954620
1 957075
2 961097
2 931539
3 906623
5 952637
3 908254
5 980133
2 923147
3 973932
2 972948
4 951676
3 965129
2 922515
1 998852
2 964300
2 997242
1 911676
5 968803
5 921134
3 925425
3 921480
2 929864
4 902195
2 913286
3 920265
5 948378
5 932633
4 909067
5 925721
5 934528
5 971367
5 952571
2 920369
5 938788
1 993528
1 922365
1 985950
5 914718
2 967720
3 995023
1 914963
2 967183
3 978485
5 913502
4 957464
3 957640
4 997653
4 951091
4 974732
1 923639
3 968914
3 995860
3 935073
2 907991
1 908418
3 922826
3 973381
4 920062
1 961544
3 984214
4 912145
1 975536
2 938581
1 904186
2 982556
2 972580
2 952933
3 961600
1 972066
2 997330
2 954964
1 948999
3 970082
1 921512
2 934955
5 959817
1 941351
3 920798
4 915701
5 915243
2 953624
5 905956
1 970711
1 938943
4 980180
4 915888
3 961994
1 966700
5 951900
1 950624
4 919870
1 914987
1 940732
4 904451
1 990603
1 986742
1 987143
1 951031
1 953069
4 975713
3 999989
3 901498
1 980725
1 912336
2 992277
2 989396
2 987216
4 934861
3 995336
1 965831
5 963836
4 946462
5 990538
5 931513
2 954191
1 954878
5 964653
5 957678
3 935700
1 930358
3 953250
2 905484
4 994834
5 987708
3 981933
5 969437
2 993408
2 902657
4 941828
1 905280
2 919016
5 968341
4 944671
2 966204
1 947032
5 922937
4 916487
2 917280
5 973421
5 943619
5 920227
2 958097
2 987488
4 989170
2 972923
3 933679
4 938093
4 994668
5 932699
3 946167
1 967029
5 986343
4 926270
3 993378
2 968501
4 990483
5 951490
3 917129
1 993045
3 953129
5 958046
1 908421
1 952606
5 959857
1 968690
5 965267
4 923647
5 938093
1 977868
2 986545
3 966214
3 973262
3 949463
3 921472
3 991960
5 900298
4 907537
5 941031
4 944888
3 904532
4 985167
1 965418
1 922440
2 996219
3 907389
2 978349
2 916496
5 980802
5 952884
4 928464
1 982103
5 949199
5 993892
1 999973
3 912068
4 985573
5 914118
2 976998
4 950480
1 927072
5 943435
5 970317
2 934554
1 949163
2 925011
2 996665
1 980696
2 995044
5 946849
2 991404
2 991594
3 989697
5 952569
1 975924
2 993687
3 953696
5 949962
3 929127
1 925569
3 990871
2 912098
2 990095
3 928539
5 942492
1 981682
2 988039
5 991452
4 928213
2 916958
4 945893
1 906516
4 985966
3 976433
4 917554
2 968957
5 945274
1 946104
4 924108
4 923289
2 922428
5 985138
3 968087
4 924667
2 991612
5 983617
4 936236
5 988105
4 935535
3 946069
3 972950
5 980002
5 981684
3 973452
2 957434
3 921029
5 965649
4 901493
1 970774
1 905555
4 903326
4 983175
3 993163
3 965819
5 956685
5 957924
3 909211
3 919335
1 952854
1 975785
4 976326
3 990457
1 973391
2 996094
3 914370
4 944856
1 989021
5 951809
1 908921
5 974358
2 909081
5 985834
5 983266
3 971648
3 915155
3 995599
2 918018
5 984908
3 960730
5 994654
1 917755
4 913239
5 929652
5 906434
3 911096
2 997273
2 985444
1 938849
4 955197
1 959581
3 975724
1 983499
5 989007
4 973464
2 969554
4 914781
2 995571
3 913459
2 932512
1 902967
3 993137
5 963972
3 997863
5 950478
4 909550
1 974642
5 933113
1 914281
5 940796
5 952458
4 907635
4 957498
4 923851
2 926594
4 968028
5 981236
2 950611
1 948576
5 912498
4 977228
1 908244
2 914424
5 925076
1 902189
5 901359
2 969322
4 908031
3 917949
2 941631
4 914859
1 994152
4 908958
1 992739
3 971344
4 922226
3 913297
4 918376
1 953706
4 987611
5 971182
4 999
4 914397
1 959260
3 978429
3 969313
4 960998
4 918192
4 908024
1 990310
4 979966
2 970504
2 967608
4 910409
2 980709
5 951322
4 951399
2 989891
2 961609
5 955249
3 913099
1 990103
5 916887
4 1003
3 915526
4 1001
1 988354
5 971329
1 972713
3 928942
3 909886
4 953111
1 949185
3 941753
4 943794
2 982308
2 995635
4 940505
4 967279
4 976227
2 924328
3 935053
1 937862
1 943771
3 937713
1 912883
1 931731
5 950187
3 906617
5 932688
4 934341
3 977924
2 917355
5 973224
4 933432
4 983028
1 925044
5 949384
4 936051
1 910539
5 955247
4 990483
2 913937
5 906301
4 987689
4 963433
1 925165
4 954193
4 929997
2 912779
3 935839
1 964070
2 998674
5 977609
3 906570
3 967344
4 953839
1 976504
3 901490
3 924693
5 911541
1 969795
3 965943
4 978352
2 945779
3 939104
5 924785
4 931839
3 901537
5 924667
4 939268
3 969661
3 922976
5 945599
4 929602
4 936306
3 992959
2 921586
5 980353
3 961073
1 953582
2 982695
3 954718
4 951812
2 961611
4 926005
3 931147
2 903029
1 920397
3 958165
4 947251
5 912440
1 942851
4 953513
1 936782
3 986502
1 989528
4 912197
5 975425
5 991033
4 962729
1 930906
2 994046
2 947513
3 932720
1 931420
2 929372
1 962316
5 946283
2 917973
1 969817
4 901166
3 958100
5 980898
5 972667
2 923107
4 998596
2 979651
3 922830
1 954039
4 941958
1 981942
5 950593
2 919081
4 938464
1 942916
1 992278
4 935435
5 906213
4 938576
5 911569
3 998880
1 991666
2 980333
4 927632
1 977496
5 908068
3 974227
2 963321
5 922318
2 958857
2 978935
4 980651
3 934816
2 959016
5 990773
1 970791
5 984787
3 978879
1 940092
5 933760
2 924509
4 957067
5 976076
1 969411
3 908202
2 988302
4 931333
4 995242
2 954329
1 932048
4 914818
5 988485
4 909591
3 958629
2 943777
4 931672
1 928241
3 915665
1 920715
2 934995
4 938697
1 986986
2 968607
1 925197
2 928958
2 939265
5 908260
2 957704
1 966939
4 964343
3 939617
2 978427
5 994601
3 918777
5 990959
2 983204
5 947544
2 999381
1 979079
1 946171
3 955322
2 964512
2 956889
3 995175
2 988714
5 910166
5 933465
1 942706
3 948752
1 962903
4 993111
4 968282
4 904245
3 966767
2 964362
1 992696
5 942755
4 982715
1 938603
4 998
1 932413
3 913920
1 900360
2 978769
4 983416
5 926315
3 994494
2 974775
5 909983
2 959116
2 959874
5 950680
2 959702
1 924923
5 984435
5 998873
5 949433
4 902668
1 968649
5 994803
5 998137
2 909945
3 942745
3 963393
1 974595
2 984287
4 959313
1 912413
1 944853
4 981204
1 930542
3 934843
4 927088
5 937407
5 975871
4 960565
2 910624
5 943394
5 901212
2 901261
1 989261
3 976336
1 940779
4 966044
3 974814
5 944611
2 940603
2 910990
4 969505
4 941092
2 987820
3 926051
1 909630
2 909301
5 992677
4 928485
3 901599
4 977486
5 942848
1 952344
5 987700
5 932222
2 962371
3 983653
3 967271
1 976865
2 940371
2 959093
5 989661
4 969034
1 930177
5 935554
5 939619
1 981337
1 994990
4 916280
4 996
5 991029
4 982024
2 989005
5 967589
3 995516
5 976226
2 947317
5 909569
3 959624
3 986774
2 966647
2 961215
3 931152
1 999118
4 968577
5 970398
5 922258
3 922395
4 988873
2 933629
2 966258
5 908887
3 974510
5 939804
5 923428
4 925972
5 964379
1 967515
2 995642
4 946421
2 941611
5 963514
2 940523
4 983359
4 960757
4 902967
1 982464
2 922053
4 923805
4 912181
3 901591
3 905111
3 961751
4 972409
5 989457
5 928025
1 984780
5 970714
4 995
3 918057
3 978362
1 914120
2 983654
5 943590
3 991519
3 923717
1 969790
5 952901
4 947450
4 1004
3 900173
4 951108
3 940862
1 950675
5 912080
3 932882
4 1005
3 960910
3 970383
1 983351
4 902124
2 935313
1 998156
3 984230
3 922571
1 935329
1 915188
3 915791
5 961743
5 980930
4 923150
3 972178
3 956936
2 915359
1 981800
5 923754
3 993539
1 946041
2 980832
3 991417
5 946888
2 925522
3 990338
3 940174
1 973784
3 996045
2 970384
1 954562
4 997600
2 961338
5 987934
4 918887
4 1001
2 971168
4 993642
3 903237
5 999011
5 993374
2 998426
3 902997
3 958315
4 985558
4 936350
1 903068
3 926200
2 947855
2 975777
5 999255
1 988598
2 930126
2 943176
4 900790
1 989737
5 975565
3 924183
5 947849
1 995013
5 968613
2 927329
3 944581
2 903334
1 925524
4 945141
3 985409
5 980752
4 993174
5 948467
2 926500
1 944005
1 915144
1 973753
2 949259
2 985725
1 909254
3 955185
5 962014
2 971843
1 944968
5 905242
5 999623
1 946085
3 967382
2 917853
5 932499
3 921547
1 996125
1 991766
2 996836
1 907569
5 976391
4 939392
5 981373
5 970710
4 908726
3 942116
4 922504
2 981140
1 901441
3 971986
2 960014
1 959430
3 964892
5 973520
5 914643
4 978856
1 944584
4 911606
2 984854
1 997562
3 906974
3 978355
1 950217
1 939232
3 953284
1 939834
4 911016
3 901830
1 927513
3 998459
5 955966
1 937183
2 998062
3 963032
3 904440
2 937898
2 960113
2 917651
2 956966
3 980496
1 969502
2 928943
4 970267
1 933692
2 959232
2 985751
2 974848
4 921875
5 956107
4 976008
4 973691
5 934424
3 942921
4 936139
5 926909
1 909151
5 965810
2 988329
5 904701
5 905482
3 954132
3 913769
3 992789
1 925829
2 976412
1 999409
5 953797
2 921313
3 987309
2 932854
2 970368
3 927034
1 927636
5 959188
4 968544
4 900042
5 900153
2 957382
1 913385
3 905141
5 916168
4 940195
5 949348
2 959751
4 995
4 928876
2 921327
1 988496
4 935689
1 916479
2 945084
1 964451
2 942623
3 909141
5 921245
4 987746
4 903446
5 902301
4 930898
3 901727
5 913276
1 996882
4 909347
2 927945
5 986137
5 926739
2 971829
1 947486
4 963995
2 960042
4 918596
3 947320
1 902795
1 925204
2 983935
1 982135
2 901326
3 954277
5 920238
3 966910
3 919825
2 948503
3 932353
4 906996
5 967568
2 932407
5 964801
3 980816
3 949201
3 951617
1 939067
3 966089
3 988698
2 953096
5 930642
2 994176
2 990308
3 903944
3 917452
1 984175
4 926137
3 951335
1 981809
2 922126
4 942904
2 915371
4 958616
5 982911
5 968362
5 982127
1 991343
5 981376
2 986732
1 926699
3 951160
5 933406
2 901889
2 935302
2 947621
1 979265
4 975344
5 956558
2 997537
3 940148
4 958614
1 953720
4 954655
3 991235
4 952472
3 900879
3 992873
4 980568
5 979549
5 980882
4 936010
3 990641
2 993514
4 958883
4 927433
5 905542
4 974698
5 968804
4 912071
4 998964
3 984990
2 966040
3 919693
2 901220
5 947691
3 981962
1 935164
4 916686
3 912133
1 947734
2 919536
1 946620
5 963634
2 919927
2 937826
4 970479
4 904885
1 981440
5 935894
1 966466
5 954359
2 918844
4 997692
1 993237
3 923254
2 903168
4 951898
1 933202
5 997590
5 973595
1 926262
3 983935
1 985429
5 936469
4 984637
4 973965
3 993825
2 984824
3 995788
3 992768
5 983224
3 992303
5 968901
1 906211
1 989440
1 930313
2 933521
2 956300
1 919143
4 916634
3 965542
3 945872
1 906113
5 916537
5 999618
1 982485
2 985347
1 987324
1 922672
3 900694
5 922097
5 916490
2 941439
3 980096
2 950606
5 947435
5 913263
4 984229
1 984770
5 921338
5 992781
1 923923
3 978586
5 905491
3 935126
4 906930
4 967677
5 980586
2 930226
4 985978
4 915365
3 947981
5 925603
4 900253
5 942687
2 939930
4 917287
1 969999
4 946078
1 973104
4 910312
2 926125
2 993746
4 931288
5 935833
1 961434
2 975594
5 963388
4 988089
1 990647
5 910025
2 990959
3 919440
1 990965
5 921534
2 957146
2 949684
5 902450
3 910011
5 919365
2 900434
2 953395
4 998031
1 917864
1 972761
5 973551
2 933166
4 984941
2 900253
5 909415
5 982701
1 972146
4 998162
2 973276
4 955448
5 943222
5 902254
4 968799
1 967831
2 978641
1 924657
5 953315
3 980781
4 985932
5 969745
3 958378
5 932300
1 960669
2 911851
2 901524
5 995494
5 911429
1 931072
3 919667
2 954036
4 915163
5 983670
3 917377
2 911195
2 911823
1 964222
5 908950
5 934934
3 982229
2 933045
4 986362
2 907592
1 973731
4 937010
3 923147
2 959262
1 994564
5 993119
4 993061
5 936325
4 926321
3 945447
2 949389
2 978089
4 944617
3 930151
1 926942
3 993724
1 997141
4 912278
4 964850
4 934765
1 921219
3 906409
4 904695
2 942476
4 995
1 944822
2 981004
3 974281
5 919460
3 979670
2 917473
4 948552
4 977106
5 923299
5 977118
1 991436
5 982608
4 929918
4 937434
5 998691
4 948669
4 913711
3 921175
2 903150
3 995137
2 974966
1 901581
3 971039
3 971409
4 980427
4 950882
4 915989
3 943258
2 900234
4 953907
3 950628
1 974717
5 995523
1 904771
3 947751
2 930067
3 983037
1 991323
1 944281
1 910113
5 973728
5 955205
5 902717
3 909731
2 950503
2 909182
4 916684
2 983158
2 912018
5 926535
1 920700
4 943753
4 909734
2 973973
4 986331
2 932337
5 913283
2 901167
2 989751
5 976497
5 976036
1 929285
5 926063
1 915571
5 901306
4 929678
3 916418
5 940130
3 972938
3 912554
3 951901
5 992359
3 941853
4 973663
3 933137
5 937890
1 975014
3 966219
1 920688
5 968531
1 915390
3 975021
5 958315
2 919207
3 916200
4 1004
3 987718
4 998825
4 930933
5 963812
4 926758
5 980047
5 926269
4 938865
2 942950
4 939655
4 929991
4 940591
4 907813
5 922933
3 935120
4 910083
4 902325
4 975176
5 909042
4 937949
1 998410
3 999664
5 968249
5 980050
3 987533
1 930572
2 934930
2 980376
2 904130
3 914828
1 988694
2 987663
4 994555
5 978686
1 912309
3 943784
2 918238
2 920296
5 936311
2 999550
5 976766
1 952722
3 922795
4 938419
1 950795
4 902829
4 957381
2 974667
3 922814
4 961399
1 959670
3 956453
5 983361
4 905658
1 902831
1 986862
5 927060
4 931881
1 989870
2 922306
5 974751
2 940028
2 970724
4 946450
4 900995
1 999449
2 945081
2 901320
5 915227
2 939908
3 985788
2 902807
2 975864
5 997473
4 995
4 949729
3 935337
3 993613
2 950514
2 958062
5 900997
1 950325
5 979853
4 927324
5 963478
3 970877
5 928912
5 929039
2 915244
1 951189
2 950441
2 921066
5 941109
3 953032
2 978007
2 938076
4 995079
3 936660
3 986254
4 938454
5 980523
3 936846
1 965466
2 981305
5 918926
2 913802
2 949202
5 938251
4 942971
3 962124
2 964643
3 914388
4 953354
1 963364
2 982080
1 906441
2 921011
5 978040
4 968729
3 938692
3 916616
3 946726
1 984711
5 951950
5 968418
2 904317
1 960426
3 901941
2 926492
4 938341
3 931015
3 969480
1 960182
2 961487
5 920867
5 959627
4 912351
1 974033
3 954310
2 981141
4 965359
2 950181
2 981507
2 934289
1 968701
4 962332
4 995291
2 916846
5 992646
5 934768
3 916058
2 965566
3 950127
1 980858
4 969073
1 935894
5 930858
1 948129
5 925108
4 916202
3 962771
2 963003
1 982082
1 983567
4 900039
3 972780
5 991419
5 964225
1 933375
2 992945
2 998541
2 932370
5 935937
3 944536
1 959860
4 992031
4 935676
1 965667
1 917928
2 988583
3 991788
5 927852
3 993302
3 953374
3 942019
1 952446
1 970481
1 913813
1 927454
2 929673
3 902315
5 924300
4 972051
3 901375
2 953040
2 902173
5 931463
3 915785
5 955220
4 968561
1 952440
2 961536
4 934768
5 969916
5 992488
5 947288
5 988730
4 931767
3 920314
2 961634
3 997718
5 967128
1 963685
5 919160
2 928415
4 992603
4 954777
3 942971
1 967571
5 982827
1 974972
5 955938
1 916168
1 987397
4 984188
4 956310
5 990318
3 966489
3 968487
1 966486
2 987059
1 934869
3 929488
1 903288
3 984608
4 908059
1 909857
2 910511
1 903041
2 947368
1 940897
1 951855
4 959434
4 924502
4 909076
5 971584
1 961694
5 970431
1 905450
2 934049
1 979517
5 912219
3 907270
1 986284
5 915817
1 912610
3 932250
2 922048
3 969390
4 928114
3 992809
1 949124
3 961115
1 904182
1 972803
4 950034
3 988966
2 938224
3 958904
3 956747
4 919885
1 989522
3 998474
5 929348
5 964607
2 940871
4 997425
4 960604
5 914549
2 976175
4 995829
1 924244
2 961453
5 920098
4 957740
5 928278
1 995892
1 920600
5 946043
1 942330
4 912763
2 940960
1 934852
4 972027
5 962257
4 959299
4 920107
4 984080
5 992900
5 987740
5 946184
3 967666
1 997970
3 909908
4 924841
3 933627
5 962159
5 945229
3 967916
2 993862
4 925624
5 928448
1 903853
1 957777
4 904654
4 958593
3 937559
4 913624
2 950477
5 990977
4 908163
2 946918
4 906306
3 903855
4 909384
4 925836
4 940369
5 966837
5 901770
4 947449
5 973008
2 908119
4 912027
5 951861
4 948239
4 999347
5 942353
2 980187
1 940374
4 988193
4 992164
2 995028
2 918939
1 965840
5 941742
3 989728
1 957629
5 908458
4 912443
4 972868
2 968262
2 956373
4 981492
1 931627
5 974282
2 999866
5 932174
3 946359
2 913102
2 951035
5 985379
3 972034
5 913350
4 975478
5 937960
2 954724
4 922931
2 931444
3 927242
2 999458
3 913308
3 986234
1 994394
4 961660
3 973267
4 984655
1 929609
5 987907
3 993479
5 933441
3 947463
1 979878
4 975395
4 980619
1 976884
2 949708
1 922002
5 943082
5 954049
1 951695
4 998874
4 982137
2 965508
2 974154
2 999829
5 936382
4 994262
4 1003
3 991855
3 936477
1 962411
4 922637
4 942130
2 951535
2 975476
2 978190
3 938198
4 902912
3 949462
5 969857
5 996640
2 923857
2 984696
2 984051
4 985129
4 920398
1 900920
3 963659
4 1004
1 944419
1 974358
4 931613
1 979219
2 943993
3 919228
4 901502
2 911968
5 922811
5 918204
2 980358
3 997134
3 939977
4 944736
5 956555
3 907992
1 927664
4 985402
2 904381
3 917784
5 904853
3 988187
3 913009
4 999634
2 992683
4 902332
5 990967
2 975673
3 920890
4 974986
4 968633
5 913105
5 912141
5 959576
1 956203
3 939218
5 936502
3 980038
1 949301
4 911332
1 955526
1 971474
3 990734
5 994205
5 958906
3 904036
1 979777
4 924814
2 975883
5 997610
1 952394
4 983019
3 952898
3 962502
2 957128
3 933595
5 973202
5 943757
2 964922
1 967900
5 971790
2 955942
5 957026
2 992747
3 998715
5 926953
3 972497
4 990018
4 990872
2 966059
1 933484
3 909528
5 978350
1 960195
1 941939
2 930034
4 924137
1 959815
5 987979
5 986862
5 984327
4 938139
3 987312
4 925080
1 983173
4 928024
5 955795
4 947519
1 953218
4 918907
1 982797
3 912950
1 907629
4 929301
2 957329
3 968400
3 901065
3 939661
3 974151
1 981424
2 964365
3 930446
2 990887
1 913687
3 969280
1 902432
4 910239
4 941321
1 961870
4 948169
1 907369
1 972955
3 991515
2 940355
1 927545
5 932365
2 903122
1 982367
2 921307
3 959034
1 945842
3 910009
2 915537
2 945523
3 996974
3 911015
4 993646
4 995
1 952397
2 905771
1 984062
4 950457
2 941126
5 953714
1 939673
1 937996
1 994367
2 991366
4 987310
3 996427
3 954637
4 928033
1 911815
1 987047
4 930203
5 931457
1 959077
5 993579
1 970390
4 936604
3 992661
1 916015
2 917437
1 915230
5 984309
3 993505
4 932394
3 934727
1 935060
4 984385
1 917618
4 944591
1 962288
4 960698
1 922116
5 922857
4 912202
1 940253
4 921822
3 940276
5 975567
1 983374
1 913782
4 986247
1 964019
5 938979
1 969487
3 906492
4 904245
4 948596
1 990934
1 902343
3 900346
5 946569
4 916160
5 989158
5 903271
2 938521
5 951506
4 923726
5 912920
1 952959
4 958434
3 933018
4 981985
2 963593
3 992794
5 988497
4 909218
2 926380
5 910057
3 923713
1 979784
2 919555
4 924440
2 993822
5 925041
1 910503
2 924384
1 946013
4 901576
3 981459
4 951348
5 956355
2 960129
3 975763
1 944487
1 936726
5 989925
5 923234
2 992088
3 968849
3 908307
5 963446
1 932309
4 974542
1 902040
2 945838
5 992284
3 969210
4 946533
4 990465
1 991837
1 900304
4 958681
5 983449
2 986906
2 954531
5 903420
1 942040
2 985601
2 997124
2 922521
5 991216
1 913098
1 901307
3 960465
2 900936
4 914475
4 919971
5 903122
1 982665
4 951396
3 985574
4 945331
4 931755
2 907696
1 960111
3 997747
2 904164
1 942637
3 928394
5 961666
1 950290
2 906041
3 921982
1 937860
5 971052
1 904996
3 952342
3 959610
1 945797
2 943181
4 973224
2 977447
2 955293
3 929555
1 921202
4 955157
2 948678
3 964325
2 918362
5 941267
4 949028
5 946753
1 929004
5 909731
2 956085
3 921040
2 932421
3 961086
3 924495
1 955903
2 917491
1 916177
4 970687
5 950056
1 972806
3 997801
1 929117
1 985832
3 930196
2 959415
5 965258
2 911938
2 931490
2 948877
1 999299
1 972253
1 935469
5 962575
4 959808
2 992700
5 963716
1 967351
5 933234
2 961797
3 947852
3 976957
2 905947
4 922856
4 984729
2 995501
4 926916
3 984441
1 947260
2 978632
5 905269
2 981898
2 964062
3 903035
1 916329
5 978326
4 945725
2 902484
3 917680
3 918232
5 943347
4 974662
1 933759
5 944135
3 931993
1 981926
4 962852
2 992451
5 928334
4 955929
2 973737
2 908851
5 925266
4 933345
4 998473
4 931368
3 946334
5 937895
1 962028
4 990132
4 998
5 996956
4 997992
5 909644
2 980912
5 983919
1 924287
5 937733
3 968144
1 983927
3 951231
3 952758
1 973335
5 907076
2 963975
1 960815
1 944463
1 939886
4 976194
3 959940
4 940521
2 942675
5 937282
3 945992
1 926896
4 966390
3 919598
3 994201
4 962332
2 977695
2 982862
2 971761
2 941948
5 926805
3 993654
2 945715
1 993802
2 988852
1 937288
3 965115
3 938878
4 957316
2 908596
2 963570
4 900466
1 920709
4 913210
3 932999
3 918117
3 903007
2 957617
3 985950
1 952196
3 974975
3 949455
4 946343
3 973075
4 990880
5 946661
4 931575
2 995399
3 944876
5 936491
3 951711
5 977699
1 983760
1 931453
3 935395
3 983573
4 956902
5 977778
5 987990
3 980094
1 934977
5 949432
3 938807
1 965254
4 913542
2 979730
1 912112
2 966872
1 983869
3 974874
2 918929
4 921515
1 950014
1 957695
3 976362
5 934966
4 994638
5 951422
2 961722
2 930931
2 913364
2 963660
4 995
5 914021
5 940474
4 944742
5 961341
4 955365
4 902303
5 956785
5 912147
5 938749
5 973632
2 938431
3 999179
3 954990
2 954678
3 985329
2 908620
5 930183
5 993829
5 913891
1 902454
3 996913
1 995469
4 962850
3 984166
5 929512
3 983774
5 929199
4 962763
5 977780
1 984715
5 908112
5 935999
4 917836
4 915871
5 908957
3 922315
2 945063
5 959731
2 919248
5 978226
1 942198
2 922086
5 996878
4 904171
5 964683
4 986854
2 928639
3 902464
1 969804
5 940652
1 968700
4 973877
2 992425
2 929055
4 930201
3 931320
5 987103
1 971300
3 995563
3 950073
2 949172
3 902407
4 947146
2 940949
3 904445
1 930269
5 957573
3 981234
5 926239
5 909899
5 952205
4 927424
1 913683
2 978492
3 993571
1 916172
2 918480
5 976852
5 972772
5 975215
4 949657
5 968485
1 927953
1 995916
1 984433
2 974047
1 965916
4 1003
1 981863
2 961253
1 916381
5 953528
1 927304
2 960922
1 970503
1 991211
5 946854
5 941827
3 902135
3 957375
3 924967
5 953557
5 957332
5 996568
5 989900
2 931794
2 916467
2 971958
4 939493
1 982298
3 943650
4 964140
5 990045
3 965626
2 990028
4 999950
5 909512
2 965973
2 953403
4 983108
5 973940
1 931551
3 935030
2 986916
4 999281
1 926234
5 981316
5 946394
4 997927
4 949232
1 959932
2 963722
4 942138
2 992914
5 931141
4 999869
1 904416
5 998364
3 969156
1 958918
5 943733
4 908789
4 1001
4 952993
4 903072
1 912303
3 922572
5 976941
5 904837
4 928514
2 986673
1 964715
4 956447
1 977487
2 990839
3 938383
2 954874
5 999250
3 913261
5 947629
1 975167
4 929082
5 957824
1 965597
3 970626
1 987729
5 907953
5 998717
5 926354
3 930372
4 977449
4 965290
2 968180
4 939338
5 916307
1 984742
2 988702
4 945448
1 974651
1 910591
3 958334
2 930539
2 941706
3 957731
2 943406
2 901419
1 981779
5 932176
1 996082
3 911188
4 906652
2 915371
3 971227
3 943662
5 986304
4 956806
4 944516
5 959943
3 983746
5 924399
5 948732
4 962994
3 965192
2 900740
4 982681
2 998161
5 988426
3 996789
2 930465
1 961997
5 922032
3 989345
1 900741
2 902625
4 959109
1 992903
5 928424
4 981448
2 952650
2 921824
3 910460
1 971841
4 923259
3 973694
4 929332
3 905040
4 912451
2 919194
5 994107
2 968470
3 958221
3 929872
1 925565
2 957172
1 902207
2 942638
4 942022
1 942388
5 912970
5 994534
2 994552
5 932830
2 946601
5 999068
4 921603
1 913745
1 940440
5 903042
4 904620
5 921076
5 906468
4 971243
1 957968
5 924940
5 934645
1 952677
2 947066
4 984204
4 956189
3 976882
3 976684
2 938018
2 901565
1 913875
2 962225
4 943871
3 948657
4 955316
4 904529
3 959738
1 900093
2 952291
4 966900
5 902276
2 958213
1 931807
3 923392
1 991457
1 900452
3 949408
3 991149
4 952936
3 981080
3 910039
4 930768
2 935778
1 931891
1 968956
3 965899
5 902854
2 973970
3 956694
4 904909
4 910228
5 961637
1 969092
1 972952
4 985407
1 960142
4 934763
2 991609
1 953009
5 919862
5 962675
5 977119
1 934670
2 939599
5 991169
5 957903
2 912427
1 986504
3 950904
2 922141
5 966948
4 971774
5 979882
4 950953
5 947354
4 967150
3 991069
3 916828
5 922157
4 950943
1 945712
1 958968
2 947016
2 907088
5 982665
5 985382
4 933209
2 983097
5 992780
2 992645
1 913816
2 943954
1 924232
4 999829
3 923803
1 976293
3 917668
3 941848
5 923686
5 925714
5 985662
4 935195
1 983653
5 944901
4 928873
3 910221
3 970628
1 918700
3 910663
2 968960
5 915716
4 937097
2 948470
3 958793
1 987094
3 923210
3 990364
5 906991
1 951186
4 929341
3 996359
3 906235
2 949223
2 949663
2 966091
2 967472
1 922951
5 916788
1 959421
2 999324
3 991279
3 988564
3 922850
1 931761
5 939250
3 993336
1 957246
1 997732
4 974936
4 955763
2 982234
5 930845
4 971443
1 984764
4 979037
5 982851
5 924022
5 954389
1 977067
5 968368
1 909184
2 905289
4 920575
3 994597
3 927246
1 900171
4 996011
2 929937
1 938524
5 944501
5 911041
1 928128
1 971280
5 960933
3 917608
3 981007
1 937743
4 932499
4 979613
2 972583
3 941221
1 937801
3 995603
3 959239
2 938694
4 925590
2 932173
5 916432
5 911837
3 973325
2 955295
1 950144
4 930030
4 905630
3 974773
3 962489
4 999
1 900058
4 999555
3 910434
4 925227
4 1001
2 905626
3 931012
2 983654
1 974169
1 928790
2 902326
4 903800
5 992318
5 916339
4 909462
4 944138
2 912183
1 994683
2 909221
1 921966
1 951085
2 945431
5 908277
3 990803
2 996439
1 932765
1 925614
4 922683
3 961909
2 912636
1 962106
3 968069
4 914388
5 974119
2 913010
4 927704
4 908787
5 964339
5 907328
1 975903
2 908650
1 913194
1 925755
5 901399
5 984633
1 983754
2 916447
2 976151
3 953481
5 947278
1 917773
2 944270
4 929472
3 915082
5 971205
4 961549
1 977940
3 901214
2 976756
2 982511
1 900930
4 964222
1 930388
4 977595
1 932810
5 999298
2 980695
2 992679
5 992106
3 948992
4 930538
3 980149
2 939002
4 900112
4 967402
4 914408
4 927303
3 911501
1 919004
4 920764
4 996
4 908745
4 954436
2 992478
1 993400
1 977182
4 927908
1 942283
3 985980
5 938529
4 957403
2 944318
2 998261
3 944010
1 928055
2 956677
3 933183
3 943566
2 976919
2 979439
1 988533
5 968990
3 951474
1 991484
3 937801
4 938485
2 965768
1 969191
5 940326
2 975402
4 920502
3 990058
1 902270
4 934712
3 970197
4 904323
4 957483
2 937647
1 963367
1 929366
4 927911
5 984511
5 906887
5 957889
3 998097
4 970193
4 927654
4 933764
4 923226
1 993789
4 962440
4 989421
2 925654
5 931121
2 991095
1 900499
4 917896
5 998715
4 901999
2 951269
3 992673
2 916483
1 982774
3 950941
4 911876
5 967828
1 941675
5 953303
3 900111
2 930938
4 990194
4 982388
5 933765
5 903031
3 983611
1 909542
4 965913
2 908161
2 965403
1 936378
4 977128
3 969263
1 908393
5 966044
3 912166
1 983904
3 948907
2 987207
3 996771
4 937801
2 980601
2 954304
1 907901
2 974239
1 974294
5 960662
5 927652
5 985894
4 991130
3 907034
2 945780
2 951304
2 992599
4 924592
2 995058
5 986253
2 973080
2 994793
2 915749
3 967243
1 947931
5 989133
4 995853
2 961881
1 983133
1 966050
1 944213
4 952021
5 903462
2 968145
5 937583
2 908704
1 936499
1 918476
1 992951
5 969916
2 917064
2 906443
2 944838
2 922294
1 920347
2 998352
3 901473
1 946605
3 999507
5 917030
1 944077
4 983782
4 997442
3 995809
2 986925
5 907275
1 940409
3 901963
2 918985
1 945699
3 998163
3 902129
2 967663
4 926165
2 908886
1 994101
4 985777
2 974400
1 998059
4 975918
2 955977
1 918273
4 914071
1 921192
3 915291
2 950872
5 950443
4 981768
4 962580
5 909997
5 965380
3 907152
3 936745
1 983438
2 920578
5 993863
4 983396
5 999367
2 901706
4 994319
4 998111
1 963928
5 906473
5 928758
5 906118
3 982155
3 966763
2 999317
2 933824
4 988355
3 980743
3 920801
5 954690
4 935987
2 942302
1 917567
4 974264
5 938854
5 948339
3 938153
5 924164
4 911002
2 926740
3 969421
4 981638
1 947134
4 903402
2 989870
1 949818
1 978491
5 913564
3 993712
4 908806
4 980204
2 934905
5 984021
2 979945
1 921635
1 916782
5 965530
2 981073
5 978721
1 975096
5 956458
2 912361
4 911205
4 995
3 972822
2 909086
1 942455
2 936230
3 919568
1 954567
4 995122
2 903082
2 955001
5 961869
1 935130
5 987966
5 932320
2 944486
5 994209
4 996466
1 929002
2 984963
3 948521
3 923277
4 931612
3 944545
5 949341
5 916561
4 998811
3 998871
1 943749
5 986623
2 910454
1 926198
3 900922
2 969789
5 927603
1 900254
4 991346
2 967878
4 903823
2 925631
3 915569
4 931654
3 999695
3 915104
5 958701
5 974939
3 992520
3 919451
5 979361
5 963230
4 900514
2 959892
5 931245
1 972516
2 917253
1 988708
4 915975
3 948866
1 981656
4 939073
3 945029
5 963728
2 936363
5 996759
3 946991
5 957687
3 935247
4 963398
5 960646
2 967069
1 924176
4 953132
3 985825
1 997555
3 907730
3 906277
2 929970
3 985478
2 964154
5 960782
2 990192
2 907379
2 991476
3 963175
5 945689
1 971751
3 970039
1 966600
3 938248
3 947200
4 963936
4 958673
5 943119
4 949387
4 933802
4 992423
5 987218
1 962790
5 952062
4 910780
1 979859
3 963998
5 996725
2 968659
3 967878
5 907864
4 999843
4 909108
2 977321
1 935401
2 903138
5 961189
2 967498
1 926836
4 966859
1 934595
2 999778
1 996004
3 905027
5 940403
2 990716
4 953411
3 926247
4 954658
2 925876
1 984019
3 905606
4 924830
3 945329
1 993747
5 960070
2 927865
4 952388
3 962958
3 933866
3 930830
4 982665
1 970452
4 973793
3 926422
2 941029
4 999067
4 947656
5 966666
4 924270
4 977963
1 992453
4 999341
5 983145
2 995729
1 955619
5 943724
4 920801
2 993378
5 926145
4 990017
1 956703
1 922047
2 905349
5 941277
2 960796
2 996116
5 956937
4 959256
4 966819
5 907859
1 992734
5 914254
2 969388
5 962619
2 994146
1 900698
2 965984
5 966267
3 982342
3 981939
5 922411
4 990566
2 990724
1 930115
5 926272
5 904827
5 999244
5 953416
2 916267
3 955273
4 916919
5 944243
1 998765
5 982130
3 934864
5 954621
4 988287
3 970198
1 953066
4 963987
4 999
2 967182
3 911331
3 904222
5 918138
2 953583
5 963440
1 965998
4 962238
4 910936
5 987204
3 961245
2 914333
2 900763
5 925119
2 971374
1 910261
3 904968
5 988971
4 914350
1 919038
5 964990
4 977002
2 973324
2 966530
5 988458
5 997978
2 907321
2 930630
3 904942
1 971286
1 933894
4 941891
5 928496
4 995698
5 992099
5 922676
5 960323
3 901356
1 953535
3 936550
1 979037
5 960770
3 991226
1 904240
5 931414
1 983554
1 900159
4 939413
2 959319
5 942083
5 926237
1 995021
3 977378
2 955792
2 969802
1 959267
4 974776
1 968570
2 971918
1 928122
5 907567
2 949429
3 948109
2 965300
4 1000
5 958065
2 994167
5 962048
4 984531
1 949882
5 964341
4 939975
3 985451
3 924818
1 908300
2 952225
3 973604
4 905768
5 954482
3 923789
5 987956
1 903101
3 956064
5 936831
1 900789
5 994604
1 921352
5 900974
3 980849
1 945294
4 974834
5 947545
2 983307
1 969127
4 935654
4 930946
4 900287
3 964878
5 938048
3 956209
2 943269
1 982557
2 925077
2 935579
2 953705
5 935466
5 985558
2 918899
3 976889
2 901858
1 979496
5 923939
3 984915
5 972341
2 929599
4 939324
4 926481
1 912983
5 923062
3 926441
1 911008
1 942268
3 926843
3 950266
1 965792
2 977629
1 909077
4 966245
2 997742
3 917489
4 964226
5 980975
5 907713
2 953817
5 975910
5 944493
1 928043
1 970754
2 934804
4 902301
3 984627
3 956333
1 998174
4 918236
4 941250
4 986359
5 961438
5 950353
5 988308
2 982254
5 971170
5 926712
5 941309
4 914473
4 992551
5 918159
1 949840
4 946706
2 912270
4 937934
5 969037
4 973831
4 962845
3 924275
2 937116
1 975197
3 913780
2 940139
1 915684
5 977563
5 965229
5 968897
4 938122
5 922576
3 966510
2 929987
3 914321
4 986035
5 904989
3 967879
4 909755
1 995388
2 905129
2 910942
1 979101
1 956383
3 964483
1 990194
4 944409
5 975412
1 931690
4 960295
3 939838
2 958588
3 987033
1 985002
5 970979
3 986305
3 971733
4 998
5 993548
1 936965
5 951132
5 916206
5 981476
2 927628
4 904093
4 908754
4 984062
5 934751
5 909713
1 913999
1 984167
4 913500
3 991509
2 958377
5 975452
2 986434
2 906896
4 926864
4 979223
3 978639
2 955073
4 959400
4 941865
2 923635
5 919487
1 900188
4 996
3 923560
3 958712
5 930502
1 976450
4 973064
3 949242
4 996
5 972405
1 993649
3 903590
2 992082
4 949241
3 938087
4 1001
5 920567
1 985062
5 957703
2 916296
4 913096
4 945527
5 935228
1 993939
4 924655
4 992565
3 900409
4 942831
2 915614
1 915092
3 984873
2 960449
2 919499
4 1000
5 915933
1 906754
1 970377
5 930991
4 951569
5 981687
2 931311
5 933573
4 941556
5 977289
2 964369
3 975106
4 972608
5 905465
3 942962
4 992152
3 951883
3 987271
4 916608
3 909874
2 934314
4 938917
3 975554
1 993944
5 959057
4 959683
4 921346
1 921657
4 966917
1 928068
2 975159
1 922545
5 930224
5 915340
4 917332
4 960563
3 986886
3 942161
3 956469
4 967880
2 944790
4 971459
5 966437
3 954889
3 964409
3 927209
4 966471
5 980258
5 969923
1 987671
1 945509
4 967842
2 942952
3 932128
2 994657
1 961437
2 900519
5 995713
2 968003
2 986321
5 984856
4 905763
5 992193
1 966175
2 989192
3 962519
2 909140
5 961085
4 995542
5 928871
2 980183
4 991740
3 985862
2 961257
4 960813
4 983094
5 972397
3 955787
2 911806
2 910657
4 911307
1 987492
3 963724
4 946796
1 980794
3 985471
2 999941
4 1000
2 927319
1 910253
3 953251
5 919849
2 974481
4 979637
4 971554
2 980524
3 954003
4 960133
4 968575
2 984480
5 995476
2 931952
1 946314
1 934874
4 920614
3 952759
2 949636
1 979513
2 966656
5 973421
1 920470
1 904394
4 960506
4 931691
3 936774
1 980944
5 968563
5 932438
4 924181
5 936034
5 954926
4 963325
4 918190
1 936399
3 926457
4 918406
2 964179
4 983972
2 943656
5 983389
1 947537
1 978815
1 920246
4 967002
1 929913
5 911062
4 950136
3 990628
1 928703
5 956955
1 985395
1 962554
4 944646
3 986904
4 971784
4 990849
1 920972
1 966224
2 989378
3 901760
5 933495
3 955407
1 981242
3 989132
4 942565
1 972448
1 916693
1 971473
5 980572
3 912119
5 975422
4 965770
3 933778
5 992071
2 946328
5 909048
3 904836
5 943707
5 926815
5 993840
5 989869
1 932615
5 972470
5 937530
5 929489
5 922716
3 975672
2 940452
5 985206
2 977827
5 917526
4 975529
4 955909
3 993486
2 981445
3 951274
1 969764
5 926565
4 916094
2 960315
3 970285
5 967448
3 948152
1 967365
3 910005
2 922384
5 933158
3 940910
2 971197
5 962765
3 906210
2 984269
4 948527
5 944334
5 963271
3 902311
2 958657
5 963803
2 985429
1 966579
1 995233
1 905239
1 994950
5 960825
2 941919
5 964745
4 924353
3 980802
1 985747
2 960677
5 928554
4 952856
5 948885
4 924980
4 982073
2 990104
5 999499
5 976439
2 993145
4 949597
2 907116
2 917012
1 937952
2 996159
2 974322
1 948182
5 971991
4 974914
2 962056
3 969313
5 936340
4 975824
5 999794
5 939930
5 928330
4 970975
1 952958
5 935356
2 970649
4 970786
2 957195
1 966242
3 956760
5 981312
3 917954
1 925832
4 920208
4 949241
1 937423
2 984810
1 946762
4 946453
2 955485
2 964463
1 910936
3 918996
2 928699
1 957716
1 974014
2 915362
5 902857
5 959637
2 938390
3 987072
4 951235
4 992182
3 943364
3 920788
5 980715
1 954510
5 980041
2 964564
3 919358
3 900647
5 994244
3 967639
1 935236
1 915137
4 930082
5 970175
2 969784
4 993474
3 951683
5 983560
1 950324
1 987719
2 930992
1 984983
3 924765
2 980558
3 994389
1 995511
5 968404
5 914314
2 949769
4 965664
4 919569
3 932708
3 926201
3 914553
4 982712
4 998
3 956924
4 938082
1 909949
5 940539
2 912316
5 981991
4 919522
3 988691
1 980972
4 921716
2 918080
2 900465
1 904970
5 966562
4 908892
5 953515
1 922540
5 953844
1 905185
2 958436
1 951866
2 905366
4 955522
5 996625
3 915039
4 922261
3 964809
3 998463
1 988045
1 998194
2 927825
1 995363
2 945537
2 990929
4 997978
5 970929
3 985913
5 992542
3 975293
1 931202
5 931506
5 923309
2 993886
2 932106
2 944086
4 931688
3 926976
2 961709
4 924385
2 990203
3 968608
1 978384
2 910674
5 918429
4 928134
2 943952
2 942620
1 970920
1 915879
3 938272
5 926393
3 988883
5 977894
5 963221
5 964999
1 951557
1 917459
2 985789
5 953742
4 914215
1 957590
2 951590
3 920735
5 932005
5 922864
5 989368
5 920332
5 967716
2 921126
4 969357
4 949475
3 936531
5 944474
4 952435
3 982062
4 1002
5 964397
2 966924
5 979374
4 926822
1 903097
3 920679
2 963758
3 987417
5 970867
3 979253
4 903192
4 971932
5 953759
1 924593
1 961180
1 995452
4 922651
1 956767
3 964782
3 923964
1 911451
3 917135
5 902055
5 994158
3 931045
2 980326
2 970237
5 997333
3 971880
3 972444
4 967256
1 985065
3 980071
2 958976
1 934174
4 956779
5 935362
3 925621
1 960100
4 982924
5 987998
2 958898
3 961940
1 915110
3 966940
5 950330
2 981774
1 966818
4 988507
2 945776
4 923681
2 957997
3 951328
3 942466
5 959040
1 938969
4 994958
1 988111
3 980199
2 924896
4 909717
2 984983
3 925650
5 973856
1 934238
4 954488
4 942910
5 986494
3 900862
2 937067
4 980357
3 991713
3 940554
1 903624
1 982810
4 962685
5 986630
1 956159
3 976016
5 942977
5 946029
1 933143
3 912661
3 936706
4 923207
5 943507
5 994446
5 992243
4 986077
5 970801
5 965219
2 991921
1 966293
5 936107
4 904255
1 980097
1 976519
1 977035
2 906126
4 958880
1 977830
2 972859
4 963890
2 919046
2 973770
4 908342
5 912777
3 900937
1 917126
4 975628
5 963432
4 946184
1 938956
2 923246
5 963023
4 926715
3 925017
5 919302
3 914047
2 961457
4 925522
5 977880
4 973584
3 978937
4 953947
1 925594
4 988757
4 981201
5 929205
4 942827
5 904017
4 968208
4 977761
4 986379
5 930220
3 925236
3 908771
3 981388
2 975281
1 933630
5 915227
1 974718
4 925188
4 976491
5 962017
1 939427
2 979671
2 925250
1 949908
5 921847
3 990013
2 991276
5 948112
5 977830
1 929484
4 956642
2 934152
2 968543
4 944865
4 913315
5 967428
5 914377
5 929498
5 972090
4 940069
1 999682
2 911002
3 917878
2 906058
2 935815
1 934785
2 952772
3 944327
1 986747
4 970594
2 991942
5 941818
5 953528
4 955833
3 906930
3 949994
5 904178
2 992309
4 962014
2 902044
4 923209
3 989529
5 946256
3 997320
4 954354
1 949280
1 932351
5 906173
2 978858
2 984522
4 997
1 938033
4 902179
2 934402
5 992113
2 936423
3 921378
4 942172
5 924261
5 912054
3 926522
1 934422
2 919941
2 937117
5 930299
2 946849
2 948211
4 983064
2 911222
1 956697
4 918133
2 919431
3 918530
5 950316
1 932227
3 934299
2 964145
1 909513
2 902290
3 937205
2 993789
4 984812
4 981893
4 1000
5 993882
5 904342
2 998155
4 983503
1 975769
5 922496
3 941414
1 981935
1 975656
5 940654
4 968002
3 931311
4 992699
1 986514
2 961426
5 910009
4 977997
2 927778
1 915255
5 922118
3 917652
3 929830
2 916695
1 956958
4 932967
2 951825
3 916299
2 968961
2 919305
2 929366
1 987746
3 911737
3 972323
2 968876
2 949664
2 996733
3 958203
4 906263
3 904699
5 978407
2 908177
3 918700
3 982812
2 959613
2 986661
2 909355
5 981778
4 931885
5 991854
3 936510
1 911919
1 902890
5 910082
5 910305
5 909813
5 937297
5 904485
2 904505
1 955122
2 910821
1 910995
5 967927
5 960622
2 987361
4 939340
1 925943
4 997447
4 962657
5 950128
2 966358
5 931645
5 939997
4 941290
1 936113
5 915428
3 950331
5 966369
3 944306
4 985584
3 987491
3 936532
1 975808
3 988258
2 948895
5 953298
1 947952
1 916141
5 917753
2 956283
4 979254
2 958845
4 905271
4 960913
4 967000
1 954662
3 944762
3 978973
4 928522
1 977631
4 999
3 976834
3 982485
3 934135
2 957585
3 980463
4 945505
3 988226
1 901449
3 940269
5 961183
5 979751
5 974188
1 980491
2 959180
3 925889
3 901067
2 936457
4 970307
3 915319
1 933372
1 909975
5 943799
1 926224
2 913274
4 965593
3 976691
1 916485
2 936744
3 934534
5 962300
2 926263
2 931020
1 952792
2 961372
1 993127
5 964038
1 952286
4 941717
4 903595
5 994102
4 901802
5 925525
5 905136
2 974323
1 954394
3 952527
3 941167
4 998597
3 936879
4 964611
1 931268
4 988895
4 930605
3 903270
2 927227
1 978518
4 987484
3 972077
1 917400
2 949944
4 984178
5 924308
4 969031
2 952263
3 986695
1 906986
3 981080
5 936888
5 948804
5 973230
3 928676
4 960984
3 981485
4 908345
1 975966
3 914331
3 989701
5 947385
2 950883
1 931175
4 923247
5 910648
1 901515
1 992741
3 961568
4 978610
2 925391
1 944729
2 931066
1 902038
1 931137
1 909120
4 991841
3 960559
5 913808
1 997850
5 905304
4 961895
3 989895
1 992670
2 939906
1 975243
4 903403
3 925013
1 987618
3 963379
1 930920
1 922799
3 975114
3 972846
1 937773
3 997904
1 933644
2 908712
4 1000
1 911022
5 911441
3 955095
3 930584
3 913335
2 955195
5 905605
1 901693
4 943770
2 926998
3 945702
4 982562
3 989085
4 986517
2 909179
4 924245
3 925234
2 978563
2 960524
4 930867
4 922370
2 930939
4 972410
2 921637
1 958279
3 948308
5 994126
5 997673
1 945882
5 929872
3 947600
3 942009
5 940285
5 934611
2 991614
4 977125
2 916766
1 927209
5 986720
3 911389
5 904764
2 951203
3 971137
2 977847
5 933964
5 928399
2 952569
4 919157
2 969990
5 961936
4 995087
2 962380
3 926167
2 902388
5 919632
4 943581
5 969815
2 951150
5 985532
4 990940
5 910117
5 947730
4 931535
1 935525
2 995002
2 934820
2 947754
4 992051
1 978168
3 948794
3 975242
2 985655
5 912288
3 907986
1 969844
5 902045
4 913413
2 931545
4 925683
4 948347
5 981416
2 989226
4 968091
5 932073
2 937749
1 983654
3 900753
5 920568
1 979946
4 995
2 903489
2 923106
2 969181
1 971965
4 937356
3 912368
1 908461
4 949039
5 948545
4 927265
2 943495
3 906430
1 933996
1 996147
5 951817
4 1001
3 906342
3 929776
3 912177
2 938888
1 973611
4 914793
2 971653
5 902732
1 935214
1 975313
4 971972
1 987726
1 917738
5 928336
5 954228
4 946802
3 926249
2 939859
3 952771
4 968417
4 959392
1 971113
3 935654
4 922407
1 993974
3 985570
3 900165
4 1004
2 996462
5 930545
3 972646
1 901668
2 919478
3 984411
1 903900
3 953901
5 958465
5 969609
4 976210
4 978151
2 974001
3 908229
5 911145
5 952687
1 911023
1 960431
3 978254
2 914112
1 957748
2 997841
3 955941
5 978306
1 992650
3 965804
3 931530
5 956293
2 943561
4 964148
3 994570
1 918643
2 965997
3 971692
4 984349
1 928480
5 995373
5 952558
1 978138
2 958354
2 922074
2 939387
1 904476
5 933416
4 949680
4 915032
1 931221
3 996825
4 922679
5 970809
2 915229
4 954851
5 927493
5 968575
1 997570
5 926551
4 937423
3 907117
1 996109
4 924461
1 915391
2 976257
2 951357
3 952449
5 901445
5 986242
2 992659
5 925913
1 981208
5 907433
4 991873
1 939389
4 924255
5 959551
3 937886
3 991595
2 914162
5 941623
2 977800
1 956710
5 945977
3 920813
3 906596
3 929631
4 967008
3 940725
2 909039
5 963438
3 903769
5 974624
1 997952
1 975547
5 984443
4 933643
1 996351
2 926786
2 965996
4 922245
3 992470
5 946375
2 920678
3 962334
4 963963
2 949313
3 963430
3 961724
5 950115
4 939940
1 997863
4 958799
2 966199
2 901012
2 946726
1 972784
5 951687
2 996264
1 991570
3 919435
1 936296
1 912224
2 995609
1 937908
4 950344
3 976527
5 911529
2 981343
2 924404
2 940528
2 944499
3 907737
2 948228
2 926995
2 904446
3 952283
1 933373
1 932928
4 914640
1 900388
2 982119
4 955960
5 909717
2 983039
2 976303
2 988004
4 967682
4 994867
1 931801
3 943077
5 956333
4 995852
1 991312
1 971775
2 935187
4 985475
3 981592
2 969924
3 941481
4 998888
2 904582
3 951543
2 916249
5 954538
4 973166
3 906005
5 960396
4 938373
1 985572
3 949316
5 980092
3 963758
2 956270
3 956450
4 931125
2 987592
2 915802
2 943848
4 963230
2 930975
4 924518
5 984252
2 960850
3 903848
5 983447
3 987421
4 946530
5 977572
4 926901
4 901271
2 957711
2 995114
4 910932
4 935125
3 948344
2 906764
2 978950
1 916253
4 973106
3 928158
5 925887
4 958863
1 973156
5 912901
3 946977
5 941076
3 923478
1 956651
3 902074
3 940889
4 925990
2 965134
1 997753
4 986181
3 925514
2 919754
1 916303
3 965828
4 981701
5 906928
5 995555
2 927127
2 908728
4 976546
5 995568
1 973106
4 991767
2 938071
4 977092
3 930821
1 933184
2 959243
3 947636
2 920829
2 990926
1 977712
5 947066
5 989448
5 961168
4 933871
5 972722
1 955445
2 998804
5 949273
4 900590
1 915666
4 907086
4 948384
4 957820
3 967681
1 964467
4 905343
4 925636
5 901872
2 915783
2 932429
5 997506
5 967538
2 957155
4 952703
1 925023
3 943352
2 916979
3 967756
3 966199
4 919306
5 983440
4 936446
2 921947
1 976256
5 940081
1 946012
4 954305
1 990925
3 903848
2 914464
5 944121
3 974501
3 938577
1 968970
5 961601
4 967446
1 969221
3 988069
2 900130
5 904403
4 901664
5 976922
2 929424
1 908325
3 996319
4 935131
2 986532
4 1003
2 961750
3 956044
3 999033
2 963598
1 923961
2 971981
3 915343
3 961284
2 906807
3 942630
4 911866
3 985771
5 907949
2 946307
2 966446
3 950532
4 904745
2 942856
1 908549
5 921762
1 925876
5 909377
1 900251
5 970452
5 930243
3 924714
1 900484
1 952367
5 951292
5 967654
4 968396
2 910959
5 922153
4 966604
5 944682
4 949052
4 999497
2 942879
1 946980
4 900960
2 907909
2 946539
2 953357
1 925682
2 987314
5 964338
4 923303
3 904295
4 919185
1 976411
2 921013
5 990455
1 938241
2 942341
3 938326
2 962207
2 965819
4 982435
3 931864
2 933278
4 954848
2 920309
4 990244
1 984306
1 947833
5 985112
3 971109
5 961231
4 906766
1 997814
1 928181
3 933480
1 902230
5 957850
1 901396
1 929448
4 926003
1 940047
3 987915
4 945273
1 900583
2 911192
5 999028
3 940381
4 906327
4 977833
5 935785
4 967194
4 960720
3 928398
2 995297
2 960283
5 979347
1 973134
2 985450
3 917898
1 910477
3 914100
4 910479
2 954253
2 981433
1 982935
4 931902
3 924878
4 978968
5 952278
2 961703
1 988309
1 923076
1 999912
1 924440
4 1004
4 981217
2 919952
1 986654
2 988653
2 938516
5 938649
3 969187
1 931654
4 999862
4 989865
1 924129
3 979127
5 905501
4 914661
4 933977
4 901208
1 900792
4 932747
4 993094
5 944839
3 948889
4 969315
1 950275
3 911267
3 987768
2 934322
4 924406
1 959022
4 991129
5 949870
1 929809
3 928257
5 958229
2 943750
3 917880
1 980293
2 930483
4 998515
4 953452
1 981182
4 949815
2 936542
5 988329
3 935073
3 969689
2 956447
3 948582
1 999264
3 996694
2 916274
3 958796
2 989314
4 955946
5 954164
3 924285
2 910067
1 908523
5 921742
3 923479
4 911777
1 909919
2 948021
4 996181
4 984149
1 923659
5 919848
1 983301
3 926820
2 963378
2 933104
4 941985
2 947518
3 969304
1 973763
2 928817
3 906305
4 943813
4 990311
3 988734
4 972051
4 957679
3 961904
1 980079
5 925076
3 979549
3 957251
1 988113
3 954618
4 916361
4 983590
5 907607
1 985036
5 940370
4 991965
5 951165
1 932261
2 962903
2 938156
4 950878
2 971191
4 916898
4 944282
2 980266
3 997298
5 988831
4 956895
3 952447
5 957589
5 992869
3 990681
1 956836
2 999467
2 959432
5 904090
3 936594
5 944036
3 946330
4 932352
5 998338
2 936564
3 919002
3 911888
1 979179
2 928020
1 974358
2 930566
1 996916
1 959283
5 908440
4 976055
1 935388
1 986279
1 927359
2 902765
5 954856
5 929418
2 960547
2 969123
2 977853
4 963302
2 949396
1 987102
4 980233
5 907366
4 913462
2 936016
2 950500
1 979637
3 962215
4 922700
5 987385
4 946001
1 943834
3 948022
1 959708
3 903934
3 928752
2 936227
1 977499
4 997100
5 935891
3 952985
5 981864
5 902662
3 941821
5 912580
2 916531
3 943384
3 978707
1 938439
2 900740
4 980748
2 919651
2 966430
1 910564
1 947150
4 900383
3 989860
3 982344
1 935760
3 965482
1 941157
2 905614
1 943477
2 946120
4 912356
5 964960
3 991282
1 939204
4 998161
4 992002
5 946091
5 968924
5 980178
5 905545
2 969453
1 924592
5 974357
5 949474
4 909346
4 905382
2 967082
3 948755
5 935610
5 964831
2 903143
2 931236
1 991893
3 969428
5 915077
5 939398
3 904479
2 912610
1 949473
2 955932
5 922698
3 925971
2 936428
2 907284
4 951045
1 990846
2 913111
4 917453
3 937222
1 938319
2 949376
3 923711
1 981133
2 903571
5 949126
3 930173
2 925558
1 997998
5 946249
2 956653
2 959962
2 991694
5 916536
5 991553
2 971377
5 982818
5 936382
4 940783
1 915061
1 971924
2 928387
5 994080
5 962048
1 975042
3 962311
3 958301
5 946066
4 977675
2 963870
4 960039
2 982912
5 933966
5 901186
4 974496
4 975023
3 924764
1 915468
2 987024
4 916074
5 997988
4 983356
5 950524
2 960586
3 989141
1 978218
3 909334
5 977240
1 970161
1 972483
1 934163
3 933122
1 932532
5 922861
5 970346
4 999364
2 966995
4 943287
2 925018
4 927063
2 975366
4 977578
1 989145
5 909233
3 976569
5 952928
5 916030
1 918264
2 969778
2 939076
3 972508
5 930512
5 986084
2 999159
2 981086
4 918693
4 972024
1 903182
4 972693
4 901753
2 991594
1 955017
3 978404
5 947606
3 974900
5 947699
1 916697
1 961589
2 946745
3 930390
4 981330
4 991091
1 954420
2 965689
3 901191
3 999142
3 993275
1 939666
3 978743
4 902887
5 910335
4 956497
5 960145
5 991609
3 994536
5 966202
1 971895
5 956460
5 956409
3 985442
1 903120
2 927320
1 961497
1 906649
1 918978
4 928313
3 969927
2 925923
5 956567
5 992764
5 999306
4 975890
4 997951
1 918494
2 911006
2 908846
4 991189
3 971089
2 987071
4 998743
2 943747
4 900656
3 931158
5 979053
4 903819
3 997142
1 962011
3 909981
2 951220
3 926531
5 944780
2 909442
4 916409
4 928350
2 915413
1 964611
1 946913
3 993152
1 960762
1 963972
2 956768
2 998184
2 929708
3 939519
1 980823
3 992796
2 936898
4 930465
1 968583
1 974036
2 913041
5 932743
4 994441
3 975314
5 955501
5 909373
4 962336
2 906765
3 966632
2 928591
1 964496
2 961380
2 993474
1 900071
2 925306
2 949464
3 975993
4 929623
2 945298
3 917319
2 935278
5 924583
4 972926
5 922245
3 918263
5 906817
3 931558
1 935837
5 936379
2 971340
5 932400
5 978350
4 929503
3 980114
3 902041
5 910031
1 915695
3 972956
3 991094
4 933545
5 952304
1 918622
5 935193
4 941647
3 985021
2 947575
4 937826
2 953172
3 972496
2 985466
4 931107
4 922122
3 965169
5 917866
4 906478
5 904674
3 912770
2 934090
3 986789
4 999
2 991086
4 986510
3 905761
4 960127
2 900076
2 996849
3 909589
2 934115
5 996781
3 931160
2 989748
5 931709
3 900355
5 928858
3 945601
1 955814
4 959937
1 961380
5 984706
1 956339
1 946855
4 994388
3 937222
1 932409
3 906394
3 995221
5 915248
2 948541
3 912802
3 913904
5 944385
5 910437
4 971412
2 968441
3 976656
2 951960
2 939951
1 963241
5 989048
3 954448
4 915900
2 958263
2 954392
2 900190
1 975961
3 956476
4 970309
1 915476
4 963475
4 961023
5 911560
5 969538
4 915062
3 968696
4 991856
3 952004
4 989133
2 988401
2 940001
3 930553
2 915704
4 903258
1 989975
5 975466
2 998380
4 984006
4 975021
1 953467
4 999483
2 916849
4 955748
4 969451
4 908472
2 911082
3 993867
2 992273
5 910027
3 990127
4 920537
2 989138
4 978449
3 921097
4 954881
2 954196
2 907181
3 911687
3 986911
2 917685
5 905332
4 981659
5 962912
1 933324
3 939974
4 949490
3 966513
4 921499
5 902737
2 922857
2 951885
3 913041
4 918434
2 948242
2 932296
2 998973
4 965588
2 913816
5 930898
1 914556
1 910051
1 990937
5 928996
1 919582
4 923632
2 939584
4 928523
5 910393
2 958580
2 901343
3 925145
2 909721
4 980454
3 956018
4 924754
1 959296
3 926414
4 990958
3 925926
3 908380
3 933826
2 967777
2 925949
1 987962
4 983288
3 908191
2 910831
2 966096
4 939705
1 972947
4 998452
1 927528
3 908833
2 998240
5 959907
4 960116
4 1001
4 942384
4 999691
3 940209
5 972239
2 924793
5 924573
3 941681
3 948440
3 948421
2 948263
5 993642
1 946943
5 949849
4 976518
2 923010
3 924596
1 967427
1 991856
1 967850
3 985739
5 964247
2 942300
2 984980
2 935960
4 902806
5 904159
3 966330
2 936248
5 954459
5 928055
1 989308
3 912732
1 925263
3 984021
1 989865
2 939263
5 924730
3 998068
5 993268
3 932634
4 984114
5 951936
3 974850
5 974302
1 991605
1 938645
5 906571
3 983090
1 942635
2 909597
2 991539
4 986601
3 945263
1 964160
2 931820
5 912811
3 935401
1 972134
3 999979
3 981623
1 907276
4 942838
2 946291
3 961024
1 970168
5 961484
4 965065
3 917329
3 973889
1 944347
4 996
1 902287
2 976204
4 946628
3 951150
1 944270
5 923502
2 994389
1 913504
4 950940
3 979912
3 995453
5 994603
3 930717
5 989140
1 993566
1 900034
1 998639
3 953513
5 932829
1 960435
3 919812
3 969380
5 955463
4 1002
4 964540
5 900200
5 960778
2 945667
1 963425
4 943218
1 996972
4 998237
3 901504
2 947880
5 905954
3 976807
4 958516
4 928838
1 959831
4 931278
3 927537
4 961208
3 913551
4 1002
3 936937
2 935282
5 914915
2 934748
4 940932
4 915418
1 957828
2 988803
2 959439
1 920928
2 987542
2 983239
5 999106
3 930299
1 959081
3 900659
5 940787
3 974091
4 979277
1 917729
2 946119
2 975186
1 980820
1 934935
4 976391
4 967719
1 970485
5 937663
4 931542
4 915233
4 964742
3 964296
2 995201
3 955645
3 979571
4 960489
1 990897
5 979057
1 976001
4 906900
5 974623
4 973739
2 931704
1 937969
1 968239
2 957152
3 987889
4 923024
2 977166
2 901153
1 919662
2 949464
5 951926
4 958641
5 972325
2 952961
5 974022
2 974578
1 977787
1 984336
2 962295
1 935454
3 950785
4 925911
1 922909
1 942023
1 939228
1 910248
3 926732
1 919928
2 955967
5 967158
2 993128
3 974461
5 912621
2 925162
2 979404
5 997176
4 945479
2 986644
2 998977
1 902104
3 941385
1 963159
4 955079
2 908859
1 974400
2 916915
1 939419
2 960247
4 951556
5 974266
2 969046
2 990865
4 934493
3 950526
5 944778
3 963963
3 920380
3 984433
3 978296
4 989427
4 964365
3 912936
3 965094
2 926822
3 954996
4 991203
1 974872
4 956306
4 932002
3 907416
2 949324
1 988703
4 905734
3 937135
1 987002
3 992308
1 952857
3 929451
2 911371
1 917928
5 937147
2 927048
3 938399
4 966416
2 952964
1 973961
4 992220
4 948775
3 937014
2 929634
3 960835
2 936206
3 915532
1 909662
5 964632
4 934311
5 960879
3 948684
4 931228
4 990844
3 963318
3 924066
5 902551
2 984561
4 956449
4 967024
4 980665
4 935198
2 952310
3 914984
4 991275
2 960053
1 921443
4 996705
4 973550
5 930699
3 986098
5 971392
1 968996
1 928325
2 926793
2 971044
1 942184
4 995871
2 954311
2 911722
3 969787
1 903245
4 948155
5 964310
2 910797
4 936672
5 961498
1 985069
4 926418
4 986468
1 905795
4 901313
4 913797
4 968458
3 983807
3 915331
3 925921
1 988520
4 992482
4 945660
5 903999
2 927906
5 951036
4 982488
5 986075
1 991898
4 919433
1 951334
2 925151
5 976300
4 938061
4 941682
5 952829
2 914845
3 962705
2 969751
5 993877
5 955783
2 906530
3 922738
2 907115
5 992493
2 939549
4 986160
5 931082
5 996601
5 943357
3 950367
3 972501
3 926387
3 986975
3 974033
4 923315
1 971557
4 943704
4 906172
1 979574
5 925300
5 938690
2 948492
1 983180
1 993113
1 904133
5 949919
2 955167
5 960489
5 916514
2 916314
3 931928
1 980509
4 944983
3 908094
2 960615
4 983032
5 957844
4 966098
3 912706
3 916253
1 918444
5 935123
3 961298
3 904578
1 987304
5 944286
2 952624
1 965354
3 966176
1 962174
1 971208
5 940899
2 982545
5 928917
4 946156
3 975907
1 959662
2 992502
5 984166
1 965011
4 929974
5 943137
3 940449
5 992153
2 929864
3 965130
3 915635
2 988000
1 999942
3 930168
5 966873
3 945854
2 908948
2 980727
4 978507
3 979335
3 931136
3 921148
5 940928
2 977754
4 919699
4 914680
2 994635
5 938493
5 960134
3 907449
4 964727
5 939381
1 964750
3 991489
4 986382
4 963092
3 968541
1 922514
2 924926
4 946462
2 980340
3 975276
1 931774
4 982055
1 928803
4 964002
2 994846
3 958676
3 930177
4 922162
1 915437
4 951729
5 916324
1 917472
4 930750
4 974146
4 981290
5 916798
1 911539
2 905820
2 939045
1 926517
4 939182
2 982272
1 938069
4 928560
3 996681
4 994741
4 997640
3 921201
4 998379
5 990696
5 932794
3 986659
2 928915
3 956353
4 945239
3 995271
1 949598
1 948977
3 904204
5 915127
5 929815
2 962759
4 943024
4 929369
4 958462
3 978561
5 911161
5 945568
5 917878
4 982320
1 916543
1 997096
4 936557
2 934041
5 954044
5 954726
3 990256
3 923617
3 955433
4 930236
3 911721
5 988400
5 959816
1 938562
3 966232
3 938122
5 941783
2 948509
4 906977
1 984313
3 909192
3 962230
3 910005
5 912945
1 955021
1 920721
1 924191
4 975604
5 948525
2 906596
2 914047
3 903313
5 937567
3 961509
2 902464
4 933457
4 907942
5 971469
5 994543
4 926215
4 988734
1 910581
3 934213
1 993262
4 957637
2 912865
1 971177
5 999940
5 997383
2 997229
3 966137
5 938862
5 972683
2 912536
2 981767
2 943465
1 906002
1 908379
1 920311
5 942145
5 943705
4 988680
5 920824
1 972915
4 940101
1 975091
1 983507
3 955719
5 957860
3 920551
2 969060
1 980495
2 938516
5 919956
5 973331
1 958663
5 921172
2 910365
3 978253
4 928374
2 944801
2 929278
4 914109
1 944988
3 903365
5 989516
1 930209
2 981873
4 944931
1 986203
2 983431
3 925282
3 997959
5 955320
5 949413
5 912569
5 992504
5 933602
4 977552
3 939223
2 952523
3 941998
1 969875
1 948153
4 918954
3 997123
5 955830
1 997183
2 993883
3 943123
2 973801
2 930972
2 997989
5 993068
4 961402
5 999656
3 978286
5 998872
4 977963
4 909504
3 922858
2 919739
5 991691
5 910851
5 986873
4 912183
1 994042
4 931320
2 977528
2 944990
5 930223
2 905751
3 988858
4 923087
1 916724
2 983672
3 906580
4 924053
3 997360
5 997417
3 957164
2 906825
5 923609
2 946200
4 994011
3 917542
4 934482
4 968722
3 929162
2 952800
1 934453
5 958606
1 934478
2 913845
4 934175
3 963523
1 905397
1 932746
5 908618
1 986597
2 929949
4 953776
3 979222
5 993484
5 903760
1 974481
1 979406
4 975989
1 980756
5 904592
1 922090
2 920528
4 950425
2 956844
4 983735
3 915684
2 980004
2 991604
2 924118
5 916168
2 990958
2 991875
5 932810
4 957679
5 926593
3 941511
2 938484
3 923551
2 997188
1 939638
2 903810
5 943997
3 941224
2 983034
2 928500
3 940646
3 981861
4 918829
2 925707
2 958888
5 914858
3 917617
5 986608
5 965270
3 951499
4 984094
3 938987
4 939101
3 908896
5 975733
3 909521
5 947380
2 901098
4 942905
1 995574
1 998185
5 988967
5 974059
1 912277
5 986237
1 971151
1 972683
5 970828
1 918275
1 960132
1 965067
3 943950
1 996873
4 915406
2 941177
3 955785
5 930803
2 985909
5 979224
3 952000
2 935700
5 956997
2 965513
4 960983
4 901035
4 905959
3 900396
2 986133
4 973655
1 910778
1 959278
3 909553
4 944454
2 955003
2 988559
2 941496
1 969578
3 908923
1 962555
5 921434
4 914643
4 915189
3 949719
5 934584
1 908956
4 951808
5 941346
5 940130
2 962767
2 901419
2 970300
5 921571
1 931757
4 919070
1 938771
1 913470
1 959963
5 939265
4 953653
1 954636
2 920627
1 985406
4 993409
2 912396
1 968581
2 935143
1 943241
1 947332
2 955084
4 988891
1 942371
4 946831
4 907351
3 911180
5 982274
2 921323
2 955347
1 953818
3 940195
1 941833
4 970305
5 939438
2 938065
5 910286
4 910277
4 991154
5 996912
1 991751
2 914176
4 902573
4 969251
2 980637
1 902390
5 973915
1 962261
2 980204
5 931951
4 910194
1 959367
1 950572
4 950999
3 911354
4 900828
1 921272
1 989036
2 910550
5 904437
4 957443
4 975486
5 956836
1 963900
2 979688
2 978662
1 904873
1 970362
5 919640
5 948313
1 935186
5 955055
3 963414
1 945957
4 950928
2 972799
2 946835
1 995386
2 906975
4 901004
1 998889
4 911961
2 979838
5 970810
1 976302
3 950363
3 971362
3 906393
5 948884
3 927592
5 941713
3 944157
2 986113
4 920052
3 946758
4 971570
1 923123
1 946176
5 944093
5 994559
5 939661
2 988041
1 972016
3 903967
1 971813
2 901551
1 994090
4 920487
2 954212
4 940729
1 933530
1 984247
3 995153
1 939501
5 928529
3 959761
2 974133
4 965328
3 980382
3 964047
1 962512
5 929461
3 925614
1 993094
3 945775
1 957346
3 939447
5 990429
3 976488
1 988671
4 953346
5 995438
5 957760
2 924898
2 999741
5 925419
3 958562
4 907074
5 996515
3 960671
1 977394
2 984594
5 971352
4 969054
5 935959
2 964773
2 957341
4 971790
4 910764
3 964542
1 969339
2 905165
2 925431
2 932206
1 978464
4 997913
5 990623
2 986084
5 911046
5 973508
5 906247
4 960714
2 945865
3 975294
5 926893
5 995501
2 904774
5 928418
5 912757
1 994610
5 912149
5 924688
1 996038
1 999204
4 998
5 907218
3 947613
2 911806
5 911254
2 954800
1 980517
4 1001
4 923849
5 955972
5 922525
2 995721
3 965996
5 939848
4 927861
5 944933
5 911674
1 981407
1 989106
2 996286
4 970828
1 937615
2 965007
2 931063
1 956085
4 923205
4 903556
5 917702
1 933646
4 977339
1 937677
2 968259
5 906488
3 904504
1 936335
1 998490
2 940885
1 911671
5 998658
5 973804
1 906541
1 928453
4 902884
4 965156
5 959694
5 986894
5 934454
5 967664
1 964977
5 915515
1 989677
3 975736
1 996889
4 990754
2 997974
4 966998
4 970771
4 969492
1 978981
5 969128
3 966328
5 958490
3 965975
4 901463
2 917303
1 921832
5 939965
1 934145
1 962309
4 947464
5 912776
5 922357
3 993241
3 922986
4 991189
5 995537
5 947275
4 990630
2 933391
5 957750
2 989877
5 918847
3 924190
3 937899
1 956581
3 981993
5 937395
2 980694
5 907970
4 970287
2 934294
2 980269
4 929001
4 1004
5 928706
5 913201
4 906721
5 907542
5 930863
4 994973
4 944250
2 941109
5 982190
2 970728
5 917392
3 987692
1 990240
4 995
2 959695
2 907400
2 903910
3 959467
3 955409
1 954304
4 910280
3 927552
3 913476
4 999844
2 938529
4 915063
4 945592
3 981328
1 929319
3 978517
2 922548
3 982624
5 950677
1 973564
1 901470
3 931760
4 975619
3 958465
5 955224
2 949778
3 947814
2 915984
5 994327
5 937475
3 935270
3 936852
1 968112
3 948608
4 929218
5 949676
3 906591
5 951431
3 970094
2 914978
2 978944
5 987176
2 999518
4 983177
5 979383
4 915920
1 968069
5 925214
2 967810
4 988148
4 996235
4 932846
1 927206
5 998273
2 920232
3 925330
5 925895
3 929376
1 999211
5 981815
5 920062
3 932792
5 929260
4 992617
3 904310
5 958464
4 959616
1 976636
5 965005
3 931359
4 950422
5 989428
4 906754
2 993756
3 948646
1 993114
5 936575
2 963711
1 981501
4 923592
4 968658
2 928043
5 935714
5 927162
4 964717
5 935857
1 910027
1 938107
5 921628
2 911759
3 984517
1 933857
1 930105
5 975346
3 943652
4 986663
2 938862
3 961693
5 989323
1 912045
1 969599
1 943433
1 985047
3 963310
4 991525
5 924712
5 924381
2 976983
3 908368
3 942345
2 928777
3 979448
3 980300
1 938593
4 985959
5 977215
3 945778
2 940736
1 941670
4 970241
4 934246
4 920715
5 969405
5 911085
3 918180
3 942111
1 922347
5 975425
4 962766
2 988750
5 920625
2 949768
1 982944
5 956556
5 906341
2 901124
5 994301
4 953786
1 903880
3 937858
3 935521
2 919526
5 969796
2 996422
1 921494
3 962915
3 961422
3 974357
1 921198
3 916441
1 973212
2 953184
3 934323
1 952240
4 996494
2 964888
2 904560
3 918300
2 930048
4 926743
1 922832
2 988111
3 947416
2 982430
2 981951
4 961864
5 916696
5 918455
3 998438
4 998512
5 940427
1 921002
3 932405
1 938044
5 906340
2 956555
3 989202
5 913223
4 989999
2 973813
1 996630
1 962750
2 980047
3 936297
5 973310
4 969410
2 968722
2 926801
4 997642
4 925195
5 966034
4 993122
3 922138
1 968777
3 920734
4 947500
1 933595
4 905045
1 926245
3 906093
1 916785
3 958288
1 964804
2 900679
2 960608
4 997534
1 901467
1 908834
2 912115
2 946756
1 980494
3 918450
3 993066
1 948044
2 931916
4 941475
5 993417
4 945760
3 923803
4 916977
4 986704
1 915156
1 925484
3 986157
1 939745
4 942964
2 947246
3 992528
1 933671
3 938400
4 967087
1 980886
2 977031
1 967233
1 996040
4 967325
5 907368
5 990599
5 991083
3 947166
1 966005
2 947852
5 976198
2 951467
1 954167
2 956215
3 905012
4 988381
5 912270
2 995504
2 990629
5 922234
3 924608
2 936720
5 950612
5 934263
2 931030
3 931639
3 952792
4 912240
5 975767
5 938884
3 937255
4 975273
5 971207
3 923866
1 986686
3 925533
4 984854
3 921506
2 969632
3 965955
1 992148
3 945326
4 997013
1 999115
3 911185
4 985274
3 985375
3 905967
3 989252
4 907647
5 971291
5 980508
2 932414
5 983339
1 987438
2 983405
5 910347
3 994524
4 984367
2 904540
1 972867
4 969111
4 1005
5 936446
1 982996
2 973090
2 929648
1 981337
4 996
1 927436
3 942472
3 967623
4 970003
3 975837
1 985201
3 923660
5 949618
1 989032
3 915747
5 907925
4 903480
5 980391
1 995935
4 953074
4 972108
2 915471
3 936111
4 949416
3 937345
4 920524
3 901125
2 922433
3 924294
4 963756
5 988888
3 990904
1 989123
2 978180
5 962608
2 903713
2 994930
2 934952
1 943801
2 951615
4 983055
4 947484
3 944817
1 947765
4 984155
1 993828
3 937466
2 984744
4 965128
5 965006
2 960096
2 951307
2 972147
1 961266
1 941181
4 995361
4 949614
5 995733
4 959223
5 987667
3 977092
4 907926
1 928099
4 963292
5 968110
1 968238
5 983108
2 900142
3 993416
2 911175
5 936403
3 902418
2 926070
5 997849
1 973210
4 971198
4 957107
5 922412
2 987174
3 932866
3 984358
3 954869
1 929400
2 987525
1 949655
4 924943
2 905494
2 985990
4 919368
3 947351
2 968077
3 975309
3 979362
5 924001
2 934296
2 934716
1 901638
5 947288
1 980039
5 900672
3 959469
4 938874
2 951754
1 935839
4 994435
4 912195
3 929297
1 997590
4 994899
2 917563
1 937914
5 930698
4 967384
4 961588
1 901474
2 918241
1 995817
2 952452
5 946657
2 970164
3 946648
1 941559
5 958436
2 921119
1 980812
2 962207
4 901824
4 958302
5 963204
1 932814
4 944720
2 979342
1 915130
2 982698
1 996521
5 928731
2 990855
4 974942
3 944152
2 903186
4 949097
3 953543
2 961370
2 985771
3 973301
3 957082
1 910474
4 973515
3 926168
3 928172
2 963792
1 910218
2 959615
4 975017
1 936085
4 929575
3 928984
1 915573
2 960054
5 950286
4 936347
4 914617
2 971152
2 928568
4 974334
2 918616
2 941428
3 959240
5 999842
3 999000
2 971491
3 930574
5 920140
4 908313
1 968900
5 974836
3 977637
3 967347
4 921997
4 987500
3 997457
3 922487
5 936199
5 915202
2 906008
4 901810
4 981431
1 970762
4 946063
2 925159
5 919582
3 996758
4 942815
1 939374
3 912873
2 909417
1 994991
4 926199
2 990191
1 986092
5 994502
2 960047
1 985165
3 992020
5 965789
4 908672
1 980010
2 906504
2 917565
5 949370
5 908521
3 935615
4 910808
1 989538
3 997870
1 958790
1 990144
2 972963
1 905222
5 969473
4 906522
1 962631
4 935212
1 935923
4 922421
3 926237
4 999
1 906350
4 910393
2 901233
5 934575
2 982300
3 999821
5 954277
1 950632
3 996416
4 980388
2 952394
5 983640
2 938294
3 965228
4 996963
5 936864
2 974044
5 984543
4 991830
3 940293
4 1001
2 990574
5 988535
1 977278
1 924866
4 968853
2 924090
3 946285
1 916031
4 917036
1 938025
3 992645
4 944946
1 949484
5 908651
5 904764
3 931950
4 931640
4 991129
4 986570
5 910984
4 995672
3 989340
5 949644
3 912724
3 941323
5 950163
2 963558
2 932180
5 969626
5 940554
2 946199
4 943759
1 962706
4 955638
5 900025
4 978071
1 955669
3 980427
2 901311
3 914777
1 939798
5 969261
3 925810
1 999031
5 993228
1 976513
5 968373
1 983552
4 906778
5 993060
5 995315
2 914415
4 972128
4 951062
2 907057
2 943130
5 907759
2 957834
4 932543
2 990351
5 950440
3 991641
4 924440
1 980897
2 962654
5 929561
2 967276
5 984890
4 923690
3 918118
4 906004
5 942603
3 943315
3 925123
2 961382
3 966125
2 983019
5 965170
5 987176
3 989018
3 903612
4 930197
3 900347
2 974912
2 954176
4 966557
5 949200
2 950407
5 991339
3 954514
4 928232
4 992326
5 951427
2 991695
1 904458
2 999266
4 984912
3 908433
1 949006
1 962610
5 950293
2 964625
1 983930
2 900470
5 933795
3 959695
5 924486
5 949336
2 948440
2 960151
2 937204
4 929178
1 916531
4 902467
4 985821
4 949301
5 934419
2 936309
4 944013
5 904352
1 930186
4 995504
2 936898
2 974121
5 976584
5 936946
4 916025
1 979039
3 914170
4 989495
2 940881
2 925982
2 933804
3 941561
5 919003
1 923437
5 932137
5 919462
4 934283
3 969231
5 982485
5 960053
4 943941
5 910812
4 972556
1 994231
2 922141
3 996371
5 932545
5 916410
5 940242
5 996502
1 968379
4 997
5 909342
2 939300
4 1004
3 986334
3 959885
5 906642
1 957134
1 955752
2 974617
5 911060
2 997992
1 925820
3 927865
1 986898
5 949318
4 940532
3 992405
3 904123
1 949367
4 928014
2 914821
1 917663
1 998938
1 966760
3 963269
5 950072
3 900443
1 920515
5 901881
2 912093
3 993902
4 996044
1 963908
2 902204
3 965966
5 957593
3 943877
5 957560
4 910699
5 936570
5 907691
3 944721
5 908840
2 967128
4 979013
4 900537
2 970572
2 982897
3 981538
4 971381
2 970218
5 900044
1 974149
5 991812
5 908408
1 960920
5 954362
4 976557
1 909760
5 917681
1 992381
1 941717
3 929204
5 931620
2 953466
4 911157
3 935046
2 970358
2 982021
4 902009
1 982478
3 915152
3 947132
1 957564
1 984946
5 900042
5 991106
2 960381
3 953562
1 959107
4 937120
2 975370
5 901598
4 930183
2 906992
5 981855
3 995025
3 966137
2 978734
4 921104
4 935612
1 944472
3 995727
2 974595
3 967666
2 963004
1 966889
3 973671
4 930914
4 999315
4 989243
4 929712
2 967950
2 916240
4 992503
1 935793
3 954846
2 925145
4 945006
4 937012
3 933109
5 945183
2 929968
2 957038
1 914444
1 927210
3 930432
1 938353
4 982995
3 935107
2 949632
3 927125
5 997762
3 929039
5 991535
4 964932
4 914237
2 960322
5 978429
1 900886
3 945728
1 918578
1 913988
2 916384
3 914426
1 967504
3 974383
4 972646
1 984571
1 970509
2 942239
1 949959
5 975026
5 982672
2 907970
4 915735
2 900044
3 961217
3 934624
3 943936
3 949035
3 954157
1 905375
2 918425
3 902817
1 930706
3 911488
5 917737
3 987766
3 983403
3 918022
3 937851
4 985812
3 960049
4 965176
2 902031
5 997686
3 944711
2 936996
2 906964
3 926893
1 975243
4 908608
2 964244
2 934869
5 982765
2 909636
3 944092
3 979652
1 936322
5 935891
4 903011
1 997394
4 918783
3 993384
2 948054
2 983515
4 975571
2 938910
3 997514
5 946138
3 974445
5 984849
4 909557
2 945343
4 950294
5 925156
1 926391
4 917407
5 991066
1 991362
5 946274
3 918720
3 903007
5 965610
4 1000
1 945936
4 958257
5 906505
2 974621
4 954331
4 953030
3 947317
2 959856
1 989102
1 948890
1 970486
2 954322
1 956105
1 927844
2 959515
3 976786
3 902869
5 966807
3 939632
5 991761
5 968536
1 936190
4 936522
2 996050
1 953351
5 924995
1 989156
3 987136
5 935949
2 974045
1 976862
1 946953
4 928302
3 994988
2 901501
2 943823
5 977735
1 997688
3 931374
2 906992
3 911776
1 976994
1 995694
4 915975
5 989081
1 944690
3 913594
1 907941
3 943814
4 954868
4 908543
3 970541
3 913273
3 961547
1 993559
2 924918
5 944171
1 918686
5 942715
4 901199
4 910905
2 942374
5 961402
3 992510
2 939323
5 925562
4 968443
4 981712
1 914202
2 900561
2 927533
5 972015
3 961393
5 976938
4 981142
2 994975
5 948399
3 943416
5 932843
5 971555
1 982484
3 954285
4 938430
3 995847
2 911462
1 946525
4 962812
5 959119
4 998957
1 955925
3 913176
1 900194
2 991364
1 933734
3 941545
1 992885
3 948333
2 968286
2 919451
2 935304
4 998971
1 950789
2 916830
1 966156
5 959507
5 974905
2 921230
2 975324
2 954573
3 977047
2 972142
3 954243
5 984082
3 966339
1 971652
5 940932
3 913575
3 947055
4 1004
2 942369
3 931344
3 993533
3 968825
1 959236
4 935832
1 978143
3 914203
2 914811
5 900644
4 916766
1 990873
5 968047
1 916401
1 902250
5 981912
3 912863
1 961919
2 915822
5 914767
3 943407
5 937120
5 962772
2 912634
5 929487
3 975076
5 933733
4 994486
4 931406
3 963798
1 921906
2 959522
1 916471
2 913471
1 953466
5 940246
4 921350
2 967751
3 961972
5 935676
2 999960
4 907963
5 991742
5 953554
5 967800
3 924070
5 942679
3 996703
1 979873
1 947437
5 905139
2 932108
2 904682
2 935168
4 969436
4 967311
5 955726
3 957296
1 923887
1 961293
1 974249
2 955625
1 977630
4 968932
1 961510
4 933983
5 940099
1 949687
1 927992
2 935587
3 940982
3 971914
4 944744
4 996954
4 998364
5 961202
2 952732
4 904896
3 972328
5 974525
4 913451
5 900242
4 944960
5 985537
1 905584
3 980770
4 1003
1 949866
3 924838
2 934240
5 931586
5 952105
3 966655
3 912644
2 910192
2 957992
4 942528
4 987805
5 989618
1 988225
1 976859
3 975324
2 991680
1 954409
2 902437
1 985058
4 958622
5 906744
5 942914
4 903943
3 963822
1 930180
1 987430
4 916738
5 931591
5 974103
1 918253
2 919432
2 943236
3 970444
4 996153
4 939963
2 922356
2 989346
5 902304
2 911985
2 928222
1 906039
4 972999
5 929696
4 902846
4 904023
4 906365
3 913853
5 902295
4 936217
5 916579
2 983503
3 972319
5 932460
5 944060
4 953503
3 990854
1 984891
1 982541
2 977874
5 934457
4 953383
5 956684
1 936382
1 959147
4 953518
5 953795
3 908459
2 951913
2 981033
4 941245
1 902411
2 999317
4 970580
3 995398
1 924524
2 983560
5 917304
2 985055
5 937665
3 919222
4 939512
5 910125
5 921677
4 939727
4 914389
2 982938
3 903045
3 968112
1 939151
2 908238
3 924965
4 942234
2 978347
2 961618
1 948041
3 907284
2 903309
4 959960
1 901247
2 916904
5 992508
5 978894
2 961153
4 994424
2 971409
4 911564
3 983654
4 992943
5 964382
2 917296
3 982431
3 922282
5 953899
3 988164
4 933647
2 912723
1 937583
4 910354
5 963919
5 941533
3 932706
4 924100
1 998851
5 952828
2 971402
4 904021
2 920003
3 945095
5 902555
5 983740
5 926945
2 964536
1 929032
5 965088
2 966108
2 996125
3 955417
5 933519
4 1003
2 964461
1 976156
1 929345
5 951150
5 989115
1 959156
1 966456
3 927704
3 972148
4 945520
4 976325
2 926472
4 966630
5 984076
2 969492
2 912297
5 915698
3 946171
4 919093
1 925746
4 998
3 983545
3 952564
4 951821
3 962607
1 954372
1 949801
1 918945
5 991368
3 907562
3 933860
3 978427
2 951430
4 972899
2 983833
4 963158
5 933480
1 993206
4 907093
5 913004
1 992505
4 935474
4 939211
2 936994
2 955960
3 999367
5 951892
1 930609
2 912810
3 961724
1 966757
2 969374
1 962350
5 965766
4 905689
1 945894
1 942052
3 996928
2 921517
5 993498
4 934261
1 924973
2 972161
4 908347
3 978046
5 959327
1 927115
5 900199
2 972835
4 963295
3 948924
3 903599
2 938374
3 966200
5 970001
5 974523
1 929100
3 978401
1 918709
2 967565
2 995021
3 981779
1 994436
3 925683
1 903632
2 974348
5 944570
2 960848
1 937008
2 903131
2 956258
4 986401
3 903677
1 979106
1 958579
2 982498
3 959669
3 998270
4 992920
3 901189
4 991563
3 908656
4 988751
5 935666
3 984604
4 966664
2 932675
4 943043
4 959266
3 976285
5 926075
5 904259
1 933648
1 978310
4 951397
2 904774
1 967133
1 938277
2 906304
5 967968
4 958746
5 980764
2 959554
2 976084
2 948899
1 949194
5 909347
2 951741
4 922506
5 919050
4 955597
1 962912
3 963036
4 989271
5 998893
1 915383
3 989480
2 951268
5 920102
2 901531
5 983128
4 979373
1 927523
5 998791
3 909265
4 923880
3 961889
5 939824
5 903083
1 932895
2 943498
2 973003
5 935454
5 981243
2 987859
4 916891
3 946924
5 946491
5 955062
5 913720
5 964384
4 917849
5 926523
2 986242
4 961954
2 977492
3 916552
4 996
3 998222
5 967857
1 956631
4 956336
5 967246
4 981915
3 937904
5 933287
1 942071
2 999928
4 962297
2 920002
1 934051
1 987429
3 982022
1 941380
2 901226
4 979972
1 989073
1 959146
2 910925
2 930868
2 956406
3 979968
1 903224
2 995863
1 919729
2 922881
5 915569
1 957657
1 915919
1 981241
4 972691
4 969825
2 912603
2 953261
3 957252
1 946824
3 970303
1 913978
1 937258
4 987484
3 938873
4 974507
4 998256
4 911113
2 971971
5 970576
5 921285
4 943727
1 921402
4 972381
1 992012
3 926315
2 938777
1 976641
1 908773
1 962580
3 936248
5 998427
4 975284
2 901475
4 926743
3 959042
2 971425
3 948983
5 900532
2 920245
3 985247
4 991222
4 975096
2 914365
4 956363
4 990396
2 909020
1 916597
3 957596
1 919636
5 913962
5 923896
4 967072
4 983041
1 979400
4 964748
2 980678
4 975992
5 902940
1 977135
3 900711
3 953969
4 986827
5 949320
2 951880
4 948252
5 930072
3 965523
5 900616
2 922121
3 919865
4 923335
1 968710
4 973667
4 904469
2 998232
3 938297
5 940834
3 915290
5 971384
4 981562
3 995284
4 911182
4 994089
5 970724
4 905951
4 903671
3 980907
5 981707
1 929458
4 962985
5 941305
3 934084
5 974679
1 964126
2 969322
1 947545
1 983145
5 953758
4 936351
2 958535
2 954677
1 936222
3 982440
5 964200
4 992816
5 973227
4 917350
2 958697
3 995682
4 917608
4 979009
1 986982
4 939157
1 901022
3 966106
4 960245
3 961269
1 998684
4 941898
1 915650
5 964793
3 917350
3 903798
5 959346
5 997326
2 949836
1 903620
2 977931
1 950912
5 982489
2 930416
3 981395
3 978790
3 979350
2 950154
4 1005
3 960315
4 967181
5 981688
2 921052
2 974737
2 957104
2 977033
3 920950
4 969110
5 925707
3 917383
4 990342
5 984023
1 940343
2 909063
5 992449
2 944778
2 900756
2 970958
5 992640
4 955276
1 926394
4 987231
3 906396
1 933005
4 949901
4 912976
4 980083
3 901366
4 935951
2 908033
3 949824
5 974750
1 952892
5 918517
5 901341
1 976245
4 984819
5 973332
4 978277
4 977064
5 915986
4 983206
5 991968
3 900837
3 953653
4 998
5 957119
4 923859
4 980039
2 972116
2 983284
2 917185
5 999023
5 919323
5 927838
3 921160
1 974614
5 950284
1 994984
5 963399
5 955070
5 943635
3 908760
4 905363
4 989572
1 910487
2 936183
2 979279
4 937013
2 916432
2 921809
1 926801
4 998727
5 937015
1 968412
1 964604
1 933902
4 974904
2 952455
1 980054
3 915053
1 929409
1 986995
2 910175
2 911726
5 912355
2 904248
3 942828
2 977537
5 907096
4 947735
1 937545
2 933696
5 900909
3 968476
3 948177
4 938124
4 906621
5 946008
5 996698
3 951107
3 994641
1 992865
2 973347
4 998
5 976623
5 914585
1 900649
4 917128
1 964572
2 959129
4 985086
3 982991
5 944637
4 928502
2 924330
5 988761
2 999133
2 946615
4 971858
1 927598
1 908458
3 910890
4 932357
3 996754
5 930583
4 930884
2 959940
4 966663
3 933632
2 955949
1 908613
4 984041
2 921255
3 908647
5 910567
5 931531
4 927914
4 959952
2 990276
4 945596
2 901952
5 935891
2 960134
5 933020
1 936715
3 949650
4 914666
3 957789
3 940713
2 987886
2 979600
3 998879
1 936581
1 918770
2 965665
5 983977
2 947040
4 923156
5 936903
1 966957
4 941392
5 992657
4 960683
4 975558
1 900638
3 981722
5 926463
5 927796
4 944284
5 980987
2 946267
5 925723
3 967754
2 937573
1 943060
2 909224
4 944662
1 908543
3 994144
4 902482
3 983468
5 940774
4 982228
3 990709
1 952049
4 980937
3 982567
4 954474
5 999201
4 977461
1 915076
1 920576
5 961977
1 976102
2 920776
2 940495
3 974918
2 982491
1 917174
3 938003
5 985075
5 981981
3 928141
2 902034
1 974488
4 953473
3 942434
2 907961
2 997115
1 904178
2 986625
4 915491
1 901595
4 995
3 902191
1 956017
3 975605
3 918483
3 950847
3 946569
4 932485
5 940221
5 966757
3 949075
2 987908
2 940373
4 1005
5 913362
2 926404
1 931596
5 990215
5 938044
1 955873
1 933955
5 937352
4 968052
2 932898
5 964481
4 904286
1 928876
2 940786
1 990204
3 993287
3 958478
1 920348
5 921521
2 924017
5 956578
3 904243
5 920461
2 993292
1 954902
4 1003
4 913997
1 994956
1 976985
2 985730
4 976751
4 901586
1 925473
1 948307
3 966866
2 959596
4 979193
1 936331
4 907347
5 999767
2 977135
2 966916
2 917759
2 931642
5 931958
2 943798
4 960143
2 949881
2 904845
5 954916
3 984867
1 951492
2 900140
4 921023
5 925326
3 973094
5 994235
5 946681
1 952676
3 912501
5 996168
4 976771
3 911528
2 929060
4 950447
2 959446
5 945794
1 933820
4 995149
5 948332
3 978684
4 979425
5 932751
3 910470
5 913828
3 915956
1 922958
3 980077
2 902428
4 922853
1 983784
3 948599
1 902601
3 970819
3 963386
5 904550
1 991278
3 993005
4 987971
2 974686
4 979698
4 936326
3 905641
4 1004
4 984401
4 909922
5 947636
3 965915
4 924548
2 959744
4 984872
2 981621
5 957425
3 987625
3 908913
2 955440
2 917011
3 986194
3 901182
2 917015
1 986669
1 983161
3 905139
5 928298
3 942632
4 983126
5 909740
1 965612
5 993031
4 954038
2 926455
4 937213
2 911183
1 911375
4 917596
5 944346
3 959382
2 962775
2 937049
2 921671
5 931809
5 924177
3 945626
3 958723
3 914995
1 903300
3 952693
5 954901
2 917923
2 918595
4 987722
2 936253
2 974901
1 973971
3 953541
3 948070
4 953296
1 955427
2 975351
5 998614
3 963954
3 951976
4 997095
4 977848
1 913345
3 967973
4 945926
2 937606
4 997081
3 985917
1 997458
1 969593
1 900241
2 935026
2 942929
2 955474
5 933057
4 935445
3 979401
5 959865
5 927777
5 986033
3 973239
5 967551
3 907943
3 907891
4 922420
3 950673
1 957678
1 954399
5 988265
3 912877
4 1004
4 959731
4 968024
4 906636
1 964703
4 996610
4 966058
2 938167
3 960034
1 960180
1 937196
2 943324
1 911656
2 932947
5 974630
5 907571
2 955048
3 937093
3 973186
5 946174
3 923502
5 988936
2 961119
5 924796
5 990366
2 929081
3 987549
5 938187
4 976122
2 989078
3 910190
2 949458
3 927472
1 983194
4 923125
5 987502
2 934360
4 903938
4 978299
5 992874
5 932762
2 928386
3 989735
3 970969
5 981337
1 969329
1 930457
3 966992
3 937643
3 971121
5 969169
1 932827
3 964399
1 956141
3 914952
5 952791
2 948727
5 971341
1 994900
3 992971
2 918355
2 915247
2 984715
4 961083
2 973164
2 972559
1 929212
3 901334
4 970914
3 920688
2 982533
3 981253
4 911789
1 902568
2 901323
5 907041
1 928168
4 954462
1 939590
5 907443
5 968789
4 918688
1 938321
3 975856
5 945204
4 951781
4 901909
3 936005
5 976241
5 945213
3 998500
2 932019
2 996332
4 988981
1 913593
3 965145
4 976283
1 991477
4 984314
3 915231
3 925267
1 990822
5 901053
5 943731
1 986216
1 964286
1 948624
1 970421
3 984622
3 925443
1 962961
4 984017
2 996706
5 902870
4 957035
4 962110
5 961199
4 922102
2 985429
5 973692
3 915078
2 917066
1 919151
2 959863
4 954981
3 980120
1 955595
2 926903
2 934052
1 963309
4 940173
2 984492
1 914894
1 975848
2 947151
5 972627
1 951969
4 970423
5 923898
4 943199
1 978217
5 951515
5 963638
1 954949
2 918874
2 961201
3 916003
2 988505
5 923147
5 996380
5 945143
5 962029
4 946002
4 961089
1 990276
1 938305
3 948773
1 995180
2 978157
5 982575
5 903880
2 904963
3 917605
2 913888
1 971172
1 916549
1 912960
1 974294
5 983575
4 968704
3 992726
4 921091
3 956290
5 919856
5 986900
4 921603
2 925158
1 988159
1 952315
1 961285
1 965701
4 938966
2 920786
4 969624
5 917212
1 901920
2 924643
5 958562
4 938713
1 903642
4 901044
2 908676
5 964456
3 944520
3 920269
2 984013
1 900550
2 916505
1 972404
1 995505
3 926919
1 968365
4 900166
2 987627
4 978938
1 948766
1 958920
1 930169
3 990498
1 908906
1 990167
5 979648
1 911302
4 901216
4 918652
4 972968
5 903610
3 939319
5 950105
2 979726
5 952429
2 949670
1 915987
2 932203
5 969422
2 940364
3 934293
5 984373
5 950613
3 904024
4 929208
5 954356
1 994332
4 987817
3 962311
4 989714
3 937049
1 987728
3 955378
4 994097
2 969922
4 983121
4 959501
5 933106
3 969561
5 938872
2 951637
2 940527
4 903558
2 909355
2 914490
2 981316
5 979517
5 967834
4 910763
4 992638
1 925590
3 957661
4 911894
4 900889
1 924345
5 904947
3 944899
2 904473
3 952602
3 940830
2 924991
2 955196
3 952739
3 966325
2 985071
3 995510
4 936505
5 956984
2 921308
5 926990
5 952300
4 983149
4 911800
1 905936
5 987735
4 940144
2 933967
4 946476
3 939050
4 909752
2 915445
2 908069
4 958880
1 997837
3 992695
5 970813
3 907526
2 956895
3 985574
3 962595
1 920662
1 941097
5 958234
5 972806
2 942366
5 943923
2 901091
4 932710
2 990213
5 928221
3 931785
3 914637
1 906524
2 958017
2 946548
2 914877
1 926099
1 908786
3 937978
5 920816
2 980465
2 976717
4 996670
1 935316
3 917266
1 903280
4 978030
5 988466
5 994130
3 901241
3 918298
5 934344
3 983015
4 998527
2 966644
5 981021
1 984209
5 900804
2 947402
3 950243
5 971626
3 968855
1 906355
5 927495
4 936778
3 983981
3 975200
1 946750
1 916024
5 993678
2 986896
3 943421
4 922284
5 908876
1 999243
3 974904
2 914696
1 943586
1 945577
1 937810
3 907676
1 922302
3 950051
1 978046
2 972637
5 967978
4 997982
5 923937
2 945861
4 967084
2 983539
2 972227
5 956533
4 901085
1 964218
3 936485
4 993207
3 932811
1 949364
3 989419
2 994397
1 983899
5 981796
2 951529
1 961021
4 908091
4 993782
5 986249
3 925648
2 931185
3 900449
4 932605
3 901349
4 911164
4 901557
3 975646
1 951192
4 936487
4 999314
1 971020
5 929254
4 944324
5 918030
5 911530
1 970908
1 998346
1 977747
4 953915
3 954698
2 958115
1 996492
3 937031
4 907585
3 974096
4 943482
5 978187
2 981282
1 979860
1 930388
1 944781
4 901640
2 940771
3 947041
5 945403
4 954302
3 954724
4 923401
1 987352
2 930042
1 955957
5 982491
5 958551
3 954721
2 973921
3 930502
2 984432
5 919314
3 916230
5 910698
3 968902
4 974760
4 963756
1 929118
2 985280
2 900435
5 989433
4 930947
5 996082
1 929226
1 931707
2 990343
4 997043
3 967790
4 976533
3 971359
2 922847
1 939284
3 940204
4 1005
2 990278
3 921094
4 976088
3 956688
1 935218
2 963974
4 970330
3 917099
5 919507
5 981073
5 911278
4 908185
3 949177
2 926918
4 998002
5 975156
1 955443
1 953478
4 960886
5 904208
2 995547
5 963645
3 986082
1 968821
5 932211
5 965079
1 957886
5 946246
3 953521
1 983219
2 980458
3 925892
1 944509
1 968478
3 988603
4 967085
3 980622
1 924201
3 997409
4 994154
1 923617
5 964741
2 973597
3 987483
4 957848
2 922157
2 997201
2 912396
4 907549
3 948700
1 936715
4 902017
2 902388
5 957394
3 947170
1 969337
2 909657
4 987821
2 969641
5 952880
1 993238
4 990144
1 935266
4 944866
2 975343
3 957226
2 999314
4 999
1 967823
5 913950
3 951690
5 977104
2 945389
5 972113
4 932344
3 979458
3 909516
2 923583
3 985543
5 926262
5 942152
1 988265
5 973333
5 998886
1 990070
2 992405
2 972154
5 911479
5 912307
5 935500
4 982507
5 978645
1 986324
2 991728
2 966500
4 913760
3 992385
2 914658
3 957971
1 938778
1 932925
2 910363
2 975303
1 963166
3 951728
5 905549
5 990433
4 904777
3 973778
1 980449
4 961213
1 949718
1 947176
1 921707
3 916557
3 937944
3 984584
2 919565
4 972402
3 903058
2 915019
2 900809
4 927898
3 939622
1 968358
5 979884
2 969414
3 964910
1 968141
3 905794
2 920148
4 958352
5 944997
1 903638
3 974968
5 943393
5 940322
2 952093
2 977446
3 989670
1 913070
2 931196
3 969252
4 900327
4 969176
3 961491
5 913399
3 974846
4 962118
1 981646
2 949966
3 932559
1 955195
2 966894
5 937422
1 998516
4 997559
1 936737
1 932981
5 977481
2 993154
1 982116
3 998886
3 912959
2 934291
4 936138
2 914722
2 932892
2 944114
2 922407
2 904287
5 978728
4 915364
3 921131
5 932946
2 949499
4 928984
5 927105
2 917809
4 947909
5 959060
1 906365
3 917274
5 928069
3 926127
4 923732
2 977556
1 938887
4 903783
4 953487
5 985872
3 976807
1 929622
5 935277
5 978519
3 949586
2 952247
1 928845
1 939907
1 966784
4 900044
4 999976
1 910149
5 935493
1 936382
2 954341
3 957471
4 928728
1 999170
1 997868
1 985591
5 900032
3 935431
1 959790
5 937711
4 911051
5 968371
2 951492
2 922805
5 927762
2 932268
1 905298
3 992376
3 918936
1 928442
5 991302
3 910494
3 947068
1 987153
2 947879
1 934764
2 975152
3 936429
4 961694
5 992321
1 989671
4 905756
5 962000
3 942079
4 923858
4 930317
3 928493
1 970194
1 995053
4 968688
1 980298
5 918951
5 906592
2 939429
5 901038
5 969338
1 981342
2 930164
5 934340
2 963549
5 995519
5 906952
5 904987
1 965240
2 924258
2 904604
5 939824
5 925726
3 994401
2 912986
1 904342
1 980384
4 920598
5 916434
5 982501
2 905862
5 984660
4 981333
5 910270
4 1001
2 944687
5 933999
2 958373
2 910724
2 999822
4 946972
2 916541
5 939359
1 941988
5 958018
5 914384
2 925909
5 960503
3 992971
1 931156
3 917089
5 964624
1 923927
4 903110
3 910841
3 926017
4 930746
4 947303
3 950421
4 970076
3 914799
4 961560
5 900190
5 932067
2 960127
5 910646
3 969597
4 929366
3 947932
3 905436
3 922115
2 944640
5 956171
3 946887
5 902390
3 971123
4 971985
5 956852
3 925282
1 950660
3 936163
3 911767
2 928927
4 949236
1 996260
5 990749
5 959738
5 982803
1 993814
2 973452
4 938216
2 912394
4 958859
2 945448
4 931209
4 990569
3 941388
1 911530
2 901336
1 969614
4 912268
2 927525
2 975011
2 933357
4 962152
2 941287
2 978656
4 996
2 906820
5 956067
4 911498
2 975892
3 949643
1 915235
5 980105
2 950153
3 940173
1 903788
2 963791
1 926462
4 922648
4 905811
3 951872
3 961968
5 930226
2 975218
4 940016
4 946379
3 917290
2 910396
2 924843
1 993346
5 992365
5 992123
1 965625
1 955021
1 988053
5 916167
3 903352
3 951827
4 915442
4 907812
4 919068
4 954237
4 931584
3 942004
1 972053
3 992407
5 968159
2 919567
1 946665
4 918973
2 946417
2 915922
1 978479
3 946842
1 913253
4 942584
3 908528
5 947303
2 916034
1 938914
3 946709
1 952573
5 947799
3 985064
2 924077
2 902098
1 912183
1 931960
1 941035
5 965668
3 970126
3 941824
5 905120
4 920289
4 900371
2 965454
2 927577
2 953152
4 960945
1 962851
5 924765
5 978305
2 996602
2 975971
1 904573
5 922527
4 983693
1 963432
5 939671
5 993675
4 993007
3 901280
3 994565
4 936274
4 901693
2 992072
2 980780
2 997000
4 908363
3 960796
2 934354
2 929950
4 953664
5 999715
3 910923
3 945108
3 938768
1 984068
4 909396
4 915406
4 972744
2 919848
1 964725
2 959057
4 933564
5 985033
5 945106
4 939920
5 933977
3 993667
2 997965
1 962192
2 910531
3 944840
4 904249
5 913419
5 901872
1 962984
4 978470
5 914303
5 938665
4 960539
3 977224
3 909412
1 930419
1 925388
1 938593
4 920411
2 933155
5 982965
3 982339
4 900763
5 934020
4 914156
4 986412
5 930997
5 951748
1 958580
1 984152
4 985250
3 935680
3 936887
4 995933
5 901332
4 924180
5 924771
2 937978
3 967861
5 987383
5 946075
3 998855
5 924285
5 975791
2 924399
1 912374
3 928862
5 971466
3 988125
2 946698
3 956586
2 962835
1 972142
4 962204
4 920657
5 957999
2 938544
4 905153
3 943433
4 920359
5 912297
5 931749
5 931585
3 968795
4 920765
5 965273
2 918946
2 938969
5 997156
1 934265
2 913944
3 994061
2 971010
3 947208
2 900670
4 941482
2 973303
5 906053
3 928496
1 980620
2 911024
2 994566
2 959085
3 958937
4 935948
5 932476
1 930043
1 945445
3 967057
1 955957
4 979924
4 972695
2 958688
3 913456
5 919556
5 972961
2 969896
5 900157
2 906543
1 976430
3 915332
4 927541
4 912134
3 999813
5 909918
1 996479
3 964612
3 929443
1 964791
3 902444
2 984685
4 984722
1 999304
4 928333
5 937903
1 977089
1 940017
3 918743
5 972148
5 931982
3 961309
1 951391
1 901730
4 972242
2 938624
3 933786
4 1003
3 985952
4 928605
4 936058
1 988394
4 970284
3 987324
5 978766
2 959901
4 951373
5 907808
5 902585
4 983752
2 991674
2 924837
2 990376
1 964259
3 904256
4 963989
4 1001
1 999838
4 933860
2 982716
3 944698
3 988962
1 930128
1 914846
1 964660
4 990769
1 908176
3 967073
3 930354
3 927556
5 903435
4 984554
2 936612
1 986997
1 984471
1 965628
3 945102
3 970507
2 943283
1 961561
5 981888
3 902485
5 901351
5 918815
5 917554
4 924436
2 937240
5 916557
3 990155
1 927882
1 981841
3 944357
4 905057
1 932371
4 973101
1 998500
1 924768
4 938008
1 934003
1 949607
2 959014
4 967271
1 953614
3 903717
1 975765
1 927865
2 908206
1 980835
5 977630
3 966908
5 977751
1 934826
4 943214
1 926392
5 922926
4 982517
4 930588
1 964993
3 900226
2 980484
4 916055
1 920650
2 939393
4 944147
3 968113
5 934916
4 944625
3 957126
2 909594
4 989253
4 937056
3 950311
1 994134
5 929578
4 959442
3 922135
1 990510
5 968306
2 985496
4 960331
1 967160
3 974847
4 996805
4 991909
3 976276
3 998399
2 947350
4 975268
2 964864
4 940285
2 963438
5 985375
4 974177
4 948148
1 989267
2 934516
4 925216
2 940143
4 924834
3 935161
5 949470
2 971293
2 974289
3 986776
1 975779
4 961583
3 942864
5 947870
5 937593
1 918347
4 902068
5 918590
4 985787
4 953661
5 952645
2 923909
5 948277
4 999390
5 976632
4 901139
3 997834
3 994903
3 974615
4 939579
5 969457
1 965143
3 920737
1 973650
4 952606
2 960918
5 989704
2 993141
4 998
4 984640
5 939798
5 987456
3 995167
4 940760
3 996228
4 909598
5 967019
2 978594
1 992907
2 906916
5 985032
2 915260
3 903747
4 954612
4 997
4 983030
3 940771
2 941717
1 976403
1 939163
1 975832
2 957617
4 933260
3 987002
4 908049
5 905108
5 939567
2 927261
4 991781
1 924069
4 902062
4 957673
3 930288
1 936215
5 959558
2 912277
1 996853
1 941029
3 996311
3 985010
2 904103
5 913964
1 951685
3 992691
5 995614
5 942892
5 924211
5 940682
1 975898
1 930673
2 917083
2 942283
1 910776
2 949488
2 934902
3 946944
1 902824
3 928533
4 964825
4 968933
3 934383
3 919440
1 938005
3 935573
5 990416
2 904590
1 961414
5 960860
5 947099
2 909294
1 961884
4 932197
3 981004
3 943441
4 908123
1 901873
1 988251
2 955281
3 921671
4 936439
5 958842
2 977765
1 977945
2 981240
4 943439
3 991281
1 968607
3 970608
2 974054
3 908576
4 947135
1 946111
3 937819
1 921254
4 915164
4 993097
4 939396
5 900219
2 951303
4 997211
3 980873
5 960614
2 997110
2 937832
1 969692
1 923879
4 904110
5 984642
3 910695
2 907842
1 970962
2 905486
4 946635
4 929499
4 907486
3 986845
5 941934
3 986337
4 909879
2 914359
5 972764
4 1000
2 973123
5 902325
2 948884
1 955791
5 924027
5 952834
5 914667
2 979417
3 918490
3 997346
5 984029
4 990342
4 968939
3 923756
1 956037
1 977382
4 908710
5 990639
3 978619
5 985743
2 977083
5 905335
2 951213
4 902364
1 907220
4 900128
2 921094
4 984083
2 990320
4 989437
2 925537
5 927984
2 954312
3 943660
1 901979
5 944261
2 901911
3 995519
4 900258
1 972429
3 992179
1 921976
3 966164
2 982262
1 942491
4 942232
1 970966
2 961416
3 931155
2 984226
3 974205
4 963373
2 900166
3 902511
5 931410
5 970794
5 976939
1 992678
1 926634
2 998618
5 932935
3 945587
4 908982
5 939604
1 980804
4 967334
1 978172
5 916301
4 916150
5 986996
2 954632
4 919775
2 958971
5 973407
1 979043
5 906452
4 950193
4 987052
2 901787
3 953658
4 978073
1 948328
2 948596
2 904711
3 923790
1 929278
4 943541
4 986569
3 928847
2 979551
2 975091
5 978805
1 922342
2 904635
2 970334
4 954132
1 907647
5 995947
1 939924
1 986495
3 940163
3 911861
4 914268
5 974319
2 912756
4 938386
4 939900
2 988372
1 924520
3 925852
1 997587
3 955639
4 929889
5 931763
1 937049
3 971289
5 911764
3 989825
5 945609
3 961285
2 903529
5 941020
3 915805
3 982141
5 953189
2 913644
5 987597
3 933803
5 940485
5 959531
5 901534
5 955260
5 994152
5 949438
5 902460
2 903777
3 995831
2 908825
2 943378
5 958298
2 904337
5 951999
4 971612
1 930581
2 981388
3 928990
5 993826
3 982087
5 972911
5 955209
2 968445
3 991477
4 904581
3 945172
3 932979
3 962766
2 904020
3 924873
2 988085
1 944216
4 931801
1 931423
3 921684
1 947454
3 919686
3 924935
3 943239
4 947118
1 956418
1 949687
5 969438
3 946056
2 914671
5 983978
2 934769
3 905282
5 983600
4 957371
4 928608
4 991326
3 963877
5 945641
2 990108
3 982738
1 946651
2 975697
2 969073
4 948671
3 990608
4 900380
1 943482
3 928127
4 986638
3 974836
1 924461
3 987633
1 902481
4 917011
2 932838
5 998592
5 955265
5 904897
2 928793
1 978088
3 963957
2 939043
4 912345
3 911376
3 977695
1 985724
4 972695
4 947074
2 992038
5 965799
5 965884
2 921309
1 946401
2 970439
2 989017
1 984674
5 924799
4 962999
4 941715
5 917497
3 953012
3 901693
3 968723
4 933837
4 911621
1 976123
4 984742
2 928885
1 960885
3 926359
1 958539
2 956193
5 924758
2 936549
2 923317
4 931151
3 912279
5 948753
1 987303
2 976868
1 979367
5 905445
5 901286
3 918389
2 947109
3 938338
4 944160
4 940621
4 951232
2 977288
5 992206
4 908166
5 989795
2 995589
2 974518
5 960987
2 900085
1 997535
3 993813
4 928809
5 958480
4 938243
5 916080
4 939899
5 954078
1 918261
1 906745
1 927712
4 924734
5 973927
2 919913
1 956764
1 993578
2 907833
2 944496
3 946735
2 929700
5 961100
2 943834
3 981534
4 953343
5 987863
5 982487
5 969766
2 966377
4 976327
3 923684
1 981409
1 977755
1 930671
1 953737
5 963744
3 936435
1 939288
1 993119
2 991633
3 906488
2 902295
2 952754
4 975691
3 985806
4 972959
3 945643
5 993535
2 967984
5 907507
1 914792
4 997726
2 948402
5 960736
2 968253
2 918972
3 901052
3 929600
2 963489
4 960067
4 970493
4 961519
1 936488
2 968628
2 926613
4 973253
5 941071
2 964628
4 920008
4 962198
3 921694
4 968896
2 950724
2 928197
2 954219
5 912112
3 975976
4 952606
4 939449
5 988681
5 961643
4 989036
1 997405
2 926806
5 956982
2 963406
4 989626
2 983629
5 994432
2 925303
1 973838
1 994241
4 911036
4 939041
1 976916
3 997571
4 997924
5 943588
3 933630
5 908310
4 1000
5 906437
5 989813
1 962983
5 938729
5 914164
3 942679
2 980260
1 943375
2 955173
4 958146
2 933490
4 995
1 932669
4 922467
4 901589
2 943057
3 907191
1 939704
3 972886
1 953851
5 983622
4 909759
1 989196
5 977133
5 921314
2 909017
3 928517
2 947457
2 970580
1 971810
2 925152
4 937557
4 962826
5 928899
3 923091
2 948305
2 965791
5 928640
3 988184
3 916546
5 952675
5 985249
1 984164
5 962696
1 980501
4 911965
5 917232
2 993528
3 954799
2 923116
5 919875
4 959051
2 994216
2 972543
3 924167
4 957310
4 931736
1 911171
4 979808
1 968768
5 942339
4 906285
1 972465
4 905637
4 988575
5 933910
3 949025
4 981789
3 906110
2 949634
3 901897
5 947144
1 952445
4 981567
3 915567
5 924615
3 975461
3 925341
4 943117
1 931639
1 955517
2 971541
2 944404
3 903104
2 921036
5 907803
4 979427
3 986801
5 981952
2 979010
3 919756
2 957277
5 937465
4 929514
3 973248
4 956884
1 904095
1 988049
3 938207
4 959314
4 935064
2 927236
3 955239
4 991396
4 927451
3 932084
1 956274
2 984527
2 984876
4 931331
2 901111
4 921544
3 982164
4 956744
2 977577
4 910639
4 933337
4 939615
1 919748
3 947126
2 921560
3 981022
3 951737
2 927229
5 930028
3 972057
1 976909
3 943538
1 940638
3 947445
4 995
4 980399
3 974070
5 993529
4 967836
2 974102
3 930471
3 945387
2 988327
3 980961
1 929625
2 902761
4 981428
3 982741
4 907473
2 970355
1 958849
3 990720
3 998687
5 985650
2 923930
3 996697
4 924479
3 936768
5 981462
1 913179
2 904349
2 971622
5 927005
4 960373
2 986508
4 966471
2 955308
2 907870
4 953448
3 902007
1 917162
1 904301
2 918903
2 975579
5 987492
4 941494
3 907255
3 917626
1 933038
2 917273
3 991583
5 926695
5 941864
1 913156
5 953423
2 957364
5 979677
3 947132
3 931267
3 920619
4 947441
4 930554
2 987504
2 946706
3 963416
4 995295
2 965396
1 901676
4 923496
2 927650
3 931931
4 962907
3 964981
2 973948
1 964566
1 978265
1 980709
2 980099
4 931344
3 997852
4 957030
3 952258
4 918302
4 981890
1 955358
2 976957
1 970555
3 905171
1 919167
4 970227
3 905532
3 968495
1 993173
5 983286
3 957664
1 907394
1 980977
2 972828
5 922038
1 948910
1 911000
4 922385
4 901713
4 947238
3 980136
5 991013
1 911502
2 934249
1 936435
4 916945
5 978241
4 926887
1 916926
4 915297
5 923853
4 941917
5 999809
2 942574
2 969943
3 909018
5 972163
4 995305
5 937666
1 956568
4 933086
4 910213
4 938347
2 976573
2 998082
2 983098
3 955233
4 989686
5 908379
4 988264
5 985583
5 945742
4 1005
4 1003
1 921173
5 958673
4 913871
2 938356
2 924055
5 918413
1 990643
4 976261
3 962305
4 940542
4 995976
1 937900
3 949074
1 917491
4 913099
2 939536
2 987201
4 982780
1 902569
4 968071
1 971783
2 989103
4 970824
5 921778
1 941110
3 996740
2 924137
4 982308
2 924629
5 994020
4 996262
5 919949
1 932373
3 951293
3 951670
3 981409
3 961389
3 993920
3 914379
3 966637
2 983399
3 923286
2 956762
5 994758
5 930316
3 947332
3 953757
2 913676
5 942825
5 984714
2 934447
4 914573
1 990730
1 914404
4 926565
2 994976
3 925386
5 912743
1 996216
2 994737
3 996623
2 968621
3 916284
2 960330
3 983829
4 947098
2 951399
1 924448
5 964665
3 911409
4 909583
2 987835
5 991449
4 997849
3 930774
1 916111
1 986025
3 949009
1 949235
2 949217
5 902038
4 968108
5 989148
1 991016
5 940560
4 963614
1 995584
2 950485
1 986556
4 936089
2 907109
5 919033
2 923250
2 906658
4 985417
3 964903
1 981986
3 952826
1 999906
4 922899
5 996695
2 949255
4 918200
1 949966
3 996969
2 911848
5 951509
2 999935
1 983432
3 951202
2 906727
1 947421
1 964976
5 925389
3 933749
2 952439
5 963409
3 957121
5 958701
3 984523
2 917583
4 906405
1 901174
3 976543
3 964246
2 935416
1 908115
4 917556
1 985718
3 922354
1 960278
3 992159
3 924277
4 960694
1 915031
1 905482
4 914971
2 928762
4 916488
4 995
3 902429
2 960575
1 912519
3 935656
5 934243
3 952767
3 995576
1 949929
3 994366
3 999440
4 935112
2 950633
5 967356
5 950918
5 928221
3 959871
4 957283
4 984253
3 932586
3 926155
5 934237
4 986301
3 906157
1 944949
4 906160
1 995599
2 960144
2 954608
1 961280
5 951772
5 909755
3 974495
5 925658
4 938031
3 967701
3 963332
5 925449
4 1005
5 990538
2 959555
2 973233
5 924304
5 975487
1 970453
4 911721
2 923748
2 944870
4 939268
2 985312
4 955327
2 974811
4 967179
3 911158
5 976144
4 900185
4 920180
1 915871
2 985785
1 909388
1 947598
5 963275
5 935435
4 900323
2 948359
2 963770
3 963160
1 992959
3 928173
2 951075
5 980561
1 992493
1 965520
1 974549
5 993004
5 979414
2 937378
2 905768
5 907444
1 911675
3 963240
1 947443
1 982110
1 989939
4 972664
1 918132
5 951616
4 967384
2 923317
5 936089
2 925307
5 940035
5 986809
5 969203
4 992960
1 997983
1 919419
4 997479
1 986382
1 988076
2 980653
4 922419
1 979601
3 949679
2 947259
3 981127
1 945027
3 905712
1 948256
4 983893
5 964532
2 961212
1 925796
3 996051
4 997
4 949166
2 928877
1 953360
4 952572
5 901719
1 970555
4 953711
4 957043
1 971847
1 910919
1 916429
4 900891
2 971509
3 921232
5 936177
4 980869
3 924512
2 942053
4 933172
3 942549
2 961834
5 967397
4 930007
2 967699
1 993889
3 980553
1 906600
5 930280
2 948789
5 940408
5 929145
1 947023
3 953896
3 976590
3 947200
5 957022
2 965395
3 927789
2 967556
5 965137
1 939791
4 960721
5 920973
2 977939
3 981709
3 911677
2 947564
2 908436
2 968921
1 906295
4 1004
3 914794
4 943088
5 991238
3 906313
1 963964
2 915767
1 963125
3 922674
2 955981
4 921531
5 903050
1 913775
3 996387
5 926430
3 915650
1 979802
3 961434
5 971901
2 936182
4 995585
2 995018
1 938679
1 948977
5 907140
1 939664
2 985085
4 909413
4 999374
4 963350
5 940524
5 952942
4 973368
4 966605
1 934209
5 931050
4 984720
2 909738
4 956741
1 979700
3 915914
1 913306
3 914160
1 922438
5 956613
5 942005
3 973130
5 980070
1 972237
4 997529
4 911193
4 908396
2 909216
2 974365
2 921205
4 989769
4 963110
5 998254
4 913914
1 931560
3 918256
3 953199
3 929182
3 929380
1 946492
4 969789
4 975852
3 907130
1 950664
1 938588
3 996711
2 932157
2 994984
2 931849
1 905782
5 963126
3 942190
3 961281
1 938011
1 985074
1 949564
4 921002
2 906711
3 974138
2 981864
5 904083
3 917220
4 948492
2 907414
1 958725
2 940561
1 959890
4 923553
4 958647
4 911937
1 996461
2 977856
3 925390
5 935585
2 930052
1 962170
2 929478
4 984516
2 915307
5 941575
5 990840
1 991971
2 902462
1 996270
5 966048
5 962861
2 969997
1 909573
1 972530
3 926489
3 915659
3 967730
1 923587
5 981294
4 920217
2 972433
1 922297
4 905129
3 970524
5 932586
2 968556
2 966405
4 940451
1 971057
5 966382
5 916576
4 953746
1 972803
4 916716
3 954000
2 928602
5 992885
4 961213
5 933769
5 942117
2 949782
2 990202
3 983997
1 963930
1 942990
4 945318
2 924253
4 952078
3 944033
3 983193
3 979586
2 940180
1 911790
2 914413
3 951853
5 924686
1 905073
4 921213
2 985650
4 997422
5 944460
2 916831
3 912537
1 949838
1 934782
3 933555
2 961668
3 961717
4 980970
1 992097
3 973951
5 988919
5 981029
2 960259
2 910483
3 936329
2 968391
1 989616
5 961569
5 993418
3 984769
1 913570
1 976341
2 997381
5 991526
4 946754
5 987894
5 915465
2 947333
3 941006
3 956442
2 980989
5 947494
5 939423
4 997
3 938018
5 998302
2 984902
3 913047
2 927362
1 941400
3 934379
1 903340
5 960736
1 958441
2 938743
2 969143
4 911879
4 955419
3 925482
3 933093
4 905394
5 976481
4 983537
4 912114
1 938777
3 908116
3 993509
2 923053
1 917380
5 959321
1 958997
2 970820
2 994087
5 958449
2 966995
1 977713
5 964209
4 975329
1 941513
4 1004
5 983452
1 983756
4 938635
2 902871
2 982753
4 934111
5 918230
5 951420
4 917791
2 998363
1 953161
5 934790
2 905301
4 990496
1 982366
2 990258
3 959361
5 997571
5 927420
4 901782
3 915984
2 950934
2 967084
4 994628
4 930363
3 911761
4 985192
3 946492
2 904294
2 973908
5 921394
2 971832
2 972096
1 902048
2 951984
4 984109
5 930163
4 903193
2 995742
4 941773
2 988715
5 926136
1 986335
1 915931
4 922320
1 957712
1 973483
3 997666
1 991089
1 968530
1 962866
4 945359
3 926276
3 940879
4 949377
1 933058
4 948873
5 982696
3 971766
1 990131
5 923155
5 990737
2 948465
1 977166
1 986417
5 969073
5 953896
4 998
2 954211
5 925056
5 943026
4 931107
1 951824
4 1004
1 905449
4 974776
4 935146
4 1000
5 989220
3 918211
1 904400
3 924034
5 932307
1 968793
3 939531
3 980927
2 971431
4 967469
2 911879
2 930058
2 920943
5 993361
2 905432
5 950626
5 931664
2 992597
5 975049
1 952198
4 939923
5 914844
1 936155
2 965331
5 937619
2 976471
2 966959
3 935556
1 958608
3 950646
4 934173
1 904521
2 996683
4 959999
2 970246
4 995541
2 974436
2 955950
5 950485
2 974399
3 954174
5 985532
3 903401
4 990111
4 927170
4 917789
1 911286
2 930548
3 957566
1 953029
1 923599
4 942264
1 921284
5 900058
3 984532
5 907000
1 942060
4 978492
5 999504
4 996
4 911392
2 980339
4 989427
2 952867
1 933046
2 979115
4 928203
3 914984
4 980684
5 905222
4 995391
5 980450
4 944707
1 906565
2 942736
3 982842
1 912892
4 985306
4 938800
3 972203
5 953893
3 916150
1 931894
4 956820
1 925224
1 955633
2 986750
2 933412
1 932340
2 957388
2 938881
3 969075
1 964307
4 979980
5 917563
5 979148
5 925898
3 955161
5 935378
5 914221
4 954394
2 985876
3 987949
3 925926
1 960432
3 967294
1 920696
1 989137
1 910599
3 920614
3 943785
1 904904
2 976402
5 946518
3 931442
3 948664
3 941459
1 938819
2 938049
2 979155
2 943814
3 968709
3 932877
1 910769
5 946230
4 975079
4 919996
4 991481
2 971442
5 931679
1 909607
5 918918
2 914671
3 905338
5 943042
1 984201
5 992880
4 903607
2 983640
4 918190
3 987577
4 983310
3 988788
5 992222
4 946219
3 948128
4 955724
1 972714
1 909817
4 981850
3 944271
5 953437
5 911925
1 934348
2 976209
2 903434
3 923881
2 974410
3 946490
3 953265
1 997387
4 972815
1 977587
5 947793
1 966007
4 903643
1 990748
1 933607
4 914867
1 919532
1 909582
1 923206
4 999
5 919362
1 918630
2 991132
3 963103
3 938486
4 977370
3 912434
2 977596
1 954178
3 933993
5 921907
1 936018
1 950858
5 947596
3 921119
5 902499
3 900367
5 912271
2 903344
3 906142
3 947733
2 932624
1 967207
3 988942
5 977028
5 940330
2 953538
2 921278
3 960815
4 998768
2 929757
4 947887
1 929870
2 908235
1 934682
3 926726
5 983357
2 993887
4 971423
3 948909
4 912772
2 928194
3 966548
3 901149
3 972050
2 927790
5 911384
2 945960
1 913689
5 999887
4 956482
2 948155
1 990204
2 911904
2 958906
4 969389
5 992884
3 919141
2 975028
2 976392
1 906347
4 972065
2 969005
1 921135
2 924780
2 907199
3 912452
4 908287
3 963789
2 998489
2 939844
4 913465
3 966655
1 992360
2 953715
1 955486
1 938639
4 987412
2 923813
5 993072
4 945154
4 958998
2 920386
3 974455
1 913275
5 979911
4 918325
1 989238
5 925949
1 985267
1 937798
5 995054
1 960861
2 909772
4 969458
1 952247
2 949633
2 962379
5 983698
1 975778
3 948153
3 995293
2 944769
1 996861
2 953277
1 904208
5 954081
5 916355
4 938673
5 971497
1 992005
1 990957
3 948386
1 983943
2 962626
1 981205
1 947388
4 924037
5 919717
3 991219
4 945106
5 962886
4 998223
5 964187
4 948487
2 958586
1 993396
4 932629
2 900423
5 982318
3 924020
2 950530
4 995
5 905586
2 976353
4 918689
4 967354
2 943532
2 988664
2 959545
3 954985
2 922169
3 914752
5 961658
2 932649
2 970239
5 970227
1 979485
5 905721
2 984880
5 904262
3 909154
1 923517
1 905352
4 963944
5 972375
4 990785
4 977332
1 953622
1 965757
5 943163
4 908385
4 903301
2 935919
4 919374
3 989488
4 972244
1 921033
5 985043
5 955694
3 925563
2 983136
1 980765
5 954486
5 967558
5 905656
4 974028
3 933836
3 992195
5 931523
1 965649
3 967892
4 928084
3 906555
5 945765
1 925736
2 914012
2 909227
2 955536
1 945281
1 917680
3 991272
4 907591
1 909956
3 955412
2 993587
2 929360
4 1003
5 959251
4 913674
1 993305
1 993364
1 936219
2 983916
5 929218
4 964006
5 996294
1 919460
3 908113
5 904201
1 997489
1 954515
1 973352
3 964455
2 989450
5 921293
5 994588
1 902313
2 995701
2 940396
5 910714
1 903924
1 927184
1 992780
2 996595
4 980728
3 948572
5 906428
5 990267
4 998448
2 962444
4 927373
5 981827
4 929047
1 947875
1 920063
3 948580
3 964727
3 975411
2 989056
3 967749
5 916145
3 925833
2 965754
5 920800
3 922873
4 929415
4 980236
5 906801
2 937223
5 988440
3 961166
1 958941
1 920167
2 986245
3 938222
3 916927
2 952272
3 974629
5 973493
2 924409
5 925895
3 943047
2 988438
4 984884
4 998878
2 996722
5 996400
5 942784
2 953230
2 988307
4 909324
5 959508
3 965000
4 923333
1 986073
1 929916
4 909992
1 918695
3 987966
1 921309
1 965589
3 984603
2 928099
4 916888
1 935107
3 937003
5 964711
2 950249
5 973883
1 909067
4 974089
1 989938
2 919140
3 937008
3 964553
5 931063
1 920914
5 961311
2 928604
5 972651
1 973100
3 964579
5 943150
5 933764
5 930411
4 951382
4 951677
4 961031
3 926216
2 902198
1 968052
1 951524
1 942007
3 965128
4 984670
5 987762
3 965949
4 976920
3 932244
1 925046
2 904693
3 954146
1 985283
3 995324
3 966662
3 927145
4 910247
2 991390
1 949602
1 989336
4 996414
2 973051
4 944020
4 997
1 947742
3 929947
2 993445
1 953314
5 952279
2 946255
2 967959
5 926434
1 938105
5 969672
4 948912
1 948699
3 931826
1 943125
2 908620
1 920550
4 987487
3 913247
5 917178
5 922036
2 914881
2 930579
3 972041
5 916308
3 946528
5 970532
5 998763
1 935017
3 901655
1 956877
3 986670
4 964738
4 998730
3 997543
1 994697
4 937962
3 939531
5 938607
3 960214
1 975883
1 952895
4 996632
2 997293
1 973717
5 986600
4 927895
2 903270
5 942967
2 981350
3 946714
1 972851
2 990077
1 919715
1 953111
1 986260
4 902791
1 957138
2 970768
1 901427
4 958768
2 919975
5 943587
1 959352
3 984121
3 953068
4 959073
4 972576
2 933624
5 922539
3 991408
5 900659
1 915344
1 918173
3 995165
3 953264
2 903891
3 963552
3 991755
2 939605
3 943592
2 924364
2 944041
1 947236
4 967452
5 907129
3 918493
3 979966
3 939795
5 933173
3 993015
4 926793
5 976541
5 951429
5 933092
3 945127
4 973011
3 960984
3 919383
4 984958
1 900132
2 984812
1 928591
5 959175
2 944630
4 917015
5 980089
2 955692
4 963452
4 929828
3 925832
1 979724
2 911421
5 963444
1 987790
3 997586
1 946645
1 975524
2 961474
4 967547
3 943945
3 907860
5 909215
5 913891
5 900161
2 932819
5 988224
4 921686
2 990666
4 935283
4 932641
1 930316
2 938948
3 949361
4 954637
2 997029
2 980328
3 903430
5 932517
5 963331
1 948693
3 921071
3 943895
2 938827
3 957618
2 987745
1 978277
5 966687
4 929437
3 912986
2 991091
3 980154
3 969617
3 984917
1 947873
1 952870
5 938162
3 969952
4 909276
3 989320
5 956791
2 921350
1 939046
4 996813
3 922475
5 974556
1 998342
4 905561
1 907099
2 943221
5 913190
4 915964
3 960330
5 991689
4 900583
4 963392
2 926152
1 976144
2 997968
5 988915
3 964231
2 925351
3 912499
1 991246
4 918728
5 907850
1 969246
4 946620
4 918480
5 933419
1 993051
5 989516
1 937697
5 927132
5 956733
3 961755
1 973110
1 916741
2 973815
4 972746
1 989201
5 946468
1 990992
5 924413
2 994875
3 998395
3 947172
5 979489
1 934995
4 990654
3 965919
3 904690
5 902773
4 988908
4 951490
2 961404
1 924986
3 932167
3 967925
5 964229
2 950289
1 959196
3 925625
5 919230
2 943552
2 912996
3 992175
1 906655
2 996767
4 907568
1 903625
3 938011
2 922104
4 912255
5 935849
5 967249
3 993747
5 921787
5 941445
2 966995
2 903762
2 939165
5 980015
1 953778
4 989258
3 902652
2 912566
4 995631
3 907237
4 970464
4 986580
2 947939
4 923931
1 905077
3 925417
2 946769
3 994051
5 943267
5 925838
1 903729
3 964432
1 940552
4 902520
1 987331
5 988657
3 986607
1 956627
1 981739
1 916690
5 975282
3 996519
4 949263
2 938242
3 907368
5 906376
5 948475
4 996942
2 952927
5 929011
2 953517
4 996395
2 981647
5 966663
2 943849
4 922820
3 947748
1 916842
3 973791
2 970281
4 1001
1 912005
3 989266
1 940456
4 918354
5 935777
5 925705
3 988478
1 919653
3 929841
3 939904
2 983628
5 998193
2 941563
2 915895
1 910530
3 958603
2 903652
1 925695
1 906648
4 900392
4 944909
3 958836
5 985717
4 946789
1 947433
5 930739
4 963429
3 998826
2 954944
5 935938
3 918794
4 973245
2 979616
2 913190
2 945942
1 965960
5 947370
5 996075
5 934229
5 987447
3 945679
2 936096
2 910287
1 922901
5 932697
3 960109
3 987164
5 915749
2 928849
3 920727
5 907983
2 942291
4 902205
2 902709
3 989968
3 966163
5 977428
5 988485
4 931882
1 954526
5 925362
3 942723
5 929096
3 923027
4 966973
4 943277
2 968556
1 994602
2 997328
5 981483
4 997764
5 954885
5 983507
1 907820
2 990489
4 994094
5 921093
4 915044
5 926881
1 936806
4 981109
3 914212
5 988615
5 974394
4 951919
2 944678
2 951761
1 949820
2 944697
5 923948
3 962637
5 982790
4 980094
2 919967
1 982740
3 929460
5 953955
4 918639
3 959415
4 956928
4 982246
2 909498
2 939801
2 981059
3 935135
4 929471
2 974449
1 918417
2 932554
5 945927
3 922601
1 952107
3 981848
2 999517
5 930535
5 985752
3 998624
1 980162
1 990903
4 922538
2 911052
2 990572
3 901075
2 952497
1 936012
4 929534
2 991721
4 996902
4 994471
1 937436
5 963234
2 970143
1 967174
4 961571
4 953775
5 993031
3 988163
3 939326
5 916284
3 959845
5 905034
1 961051
5 994132
5 902589
4 1003
4 901786
3 977193
1 922356
5 957395
5 928104
3 901119
3 978830
1 909000
5 939509
1 932374
5 983049
4 945543
4 952236
4 995592
3 959627
2 910498
5 989694
4 919876
2 914249
5 923614
1 948814
4 938761
4 999
5 927805
4 965576
5 951962
4 980650
2 972118
5 946024
5 979482
1 946161
3 960776
4 962050
3 965703
1 901714
4 964223
1 950947
2 952170
5 917294
2 995143
4 986379
4 963360
1 984860
2 918119
4 986444
1 978567
1 964656
4 997526
2 919528
1 977499
1 997599
5 964656
4 999395
4 960162
5 910458
1 958099
5 928456
3 928227
3 971629
3 935817
2 942711
2 987098
4 979451
1 924335
4 909403
1 919031
1 994275
2 986483
5 989286
4 949429
1 940442
4 984665
3 991459
3 979995
3 927229
5 933493
3 925210
2 929042
3 915022
4 991874
4 998
2 991776
2 966839
4 958236
1 944881
4 971022
5 951732
3 919087
4 991684
3 940355
5 945016
2 970501
4 933590
5 999410
4 901988
1 988124
2 950635
5 979157
5 939293
4 906973
4 984401
4 947831
5 954432
2 967365
3 995962
4 934407
5 953564
4 923410
2 956502
3 913314
4 966039
2 929048
5 900830
3 970412
1 976764
4 1003
5 919614
3 951214
2 924132
1 991361
1 988442
3 926533
4 983667
4 930116
5 934968
2 970388
4 937304
3 908214
2 926585
1 953257
2 901473
4 965445
4 988057
2 957583
2 915620
5 908095
1 934774
4 992802
1 913522
4 975709
2 974101
2 920984
1 961794
5 937681
5 979441
5 953969
1 940999
3 955177
3 948140
2 900074
2 949402
4 932199
1 987900
4 920794
1 919723
2 915596
2 956883
5 974682
3 965391
3 972293
2 957421
5 906043
5 938950
1 959444
4 952270
2 919518
4 914161
3 985325
1 982034
4 933206
5 940561
3 930337
1 950880
1 904991
5 973908
1 919995
2 900672
3 962628
1 942501
3 928704
3 982623
1 959651
1 935282
1 963843
5 987568
4 994196
4 922843
1 948942
2 920828
4 952072
4 918815
4 948631
4 998
1 913059
1 998479
2 903283
5 947530
1 949662
2 951063
5 994368
1 948887
2 956197
5 907651
3 955475
1 987164
4 938488
4 969773
4 954522
3 933178
1 933501
4 909197
2 964285
2 910032
1 930242
3 913247
2 907434
2 937340
2 936985
4 902442
3 974244
4 999496
1 914585
3 915032
2 969733
5 903066
2 904196
3 928025
4 976960
3 927252
5 997722
2 946644
3 923368
3 953814
2 991683
4 915224
5 912852
1 928550
2 925974
4 973550
3 945567
4 903156
2 952237
3 915568
4 956519
4 901322
2 957235
1 905359
3 967214
5 902513
5 944012
5 998677
1 924486
1 944342
2 962865
1 905354
4 961594
1 928297
3 962034
5 909439
1 997431
1 926679
1 985526
2 922317
3 968809
1 973653
3 910068
4 919989
2 914890
3 979037
3 909884
2 902139
1 913966
5 918601
3 970751
3 924229
2 930387
4 911699
1 957808
1 977651
2 992916
4 979117
4 908447
1 928302
1 988784
3 911782
2 964729
1 924485
2 995265
5 966189
1 978948
2 928063
4 914884
5 932165
5 985078
1 929754
1 978328
3 999259
4 912531
2 912318
3 957485
1 982984
4 937417
5 940587
5 904146
4 936202
3 909258
4 917461
2 968850
5 988383
4 921174
5 915873
2 914705
1 960894
4 925245
3 962937
1 925490
1 919062
1 964918
1 979483
1 958770
5 927839
2 932514
2 958971
5 962000
2 964251
5 982382
5 914781
5 941200
1 935668
1 938659
5 959368
5 980092
4 968554
3 976197
5 933965
5 956532
5 948722
5 971736
4 951958
1 988733
2 941748
4 926536
3 942274
4 945802
1 958197
3 901677
2 925997
4 969148
5 953333
3 915276
2 993555
5 974073
4 997420
4 935592
3 934865
3 944981
5 931358
3 920174
3 938387
3 993796
5 964400
1 937224
3 930684
5 956179
1 983183
3 907109
4 926221
2 956673
5 979577
3 941275
3 947191
2 980840
1 946707
4 969459
2 993812
2 904002
3 934673
3 986402
3 906696
3 956243
2 969294
3 914102
4 993865
2 955394
1 934481
5 902079
1 905471
2 965430
4 990393
1 979376
4 935265
2 953984
4 938720
5 949728
1 903921
3 973161
3 967525
1 921747
3 985405
2 963266
2 934029
1 999863
3 951180
2 925703
1 942995
1 970215
4 960849
5 964991
5 911090
2 901421
1 959437
5 944012
4 901197
1 910743
5 955824
5 948842
2 939533
4 916297
3 961820
1 905634
1 958695
5 992939
4 990325
3 936458
4 988939
1 989928
2 946548
4 965581
1 938254
5 996416
1 975987
2 946466
2 946419
2 907923
1 994049
1 997459
5 931152
2 947765
2 901525
1 956527
2 992844
5 962461
5 937017
3 991694
4 996002
3 977630
4 996
3 998644
3 947016
3 968069
1 988135
2 910670
2 954654
5 996719
4 958524
3 942977
1 978634
1 910727
5 939882
5 955471
1 923576
4 919233
5 935938
4 926751
5 942766
3 993075
5 945092
2 965469
1 948278
2 923366
4 984997
4 908210
3 983778
2 971306
1 910964
5 940722
3 962223
1 997203
4 999
3 980714
3 914456
3 984643
4 910420
2 912584
3 938823
4 992397
2 948324
1 995593
4 993022
2 916057
4 984833
1 905624
3 926693
3 935628
2 912663
5 941916
3 932435
5 967563
1 933697
1 948940
1 964874
2 971820
2 978689
4 931741
4 968696
2 967243
3 914104
1 919248
2 975214
2 943032
1 938704
3 949487
3 998067
2 944197
3 995589
1 928232
3 944974
5 924175
3 958371
5 992371
2 946568
3 983752
3 939291
2 949153
4 910649
2 927134
2 978376
2 943654
3 915837
2 975340
5 978220
2 907073
3 903619
4 970075
4 935264
3 942190
4 914731
3 998982
4 923126
3 901012
5 911501
5 920841
4 928120
3 914799
3 936680
1 974713
3 958340
5 989602
3 981483
4 992401
1 973059
1 909916
4 937917
5 983699
1 901675
1 940954
3 944778
1 962854
5 936662
1 938809
1 902916
2 948487
2 948570
2 962417
5 921682
2 905413
1 938753
5 998970
1 962062
1 970572
2 925662
4 942427
3 990232
5 996716
5 915141
1 904712
3 996939
1 931323
2 927004
5 965368
4 994455
4 964347
4 912922
5 978722
4 991794
3 924633
1 961560
2 940954
3 945480
4 916849
3 997017
3 926744
4 952813
1 967590
5 977680
3 944970
2 943852
1 902683
2 922758
1 958402
5 986924
3 923846
1 942618
1 945504
3 902349
3 990350
5 945645
1 999117
2 947654
4 959744
2 970524
5 916284
3 947355
5 988716
2 959539
2 972506
3 989729
3 902007
1 921629
4 933194
3 948605
2 964588
2 945161
3 932105
3 987754
4 984906
1 937290
1 950357
2 923232
1 989435
3 932200
4 905447
4 965075
2 910718
2 907853
4 1000
5 999667
2 990568
3 906546
2 983828
3 942501
3 984077
2 948780
5 990571
3 927545
5 938348
4 958907
4 951816
4 908659
5 976773
1 940010
3 955585
4 947315
4 910472
1 933863
5 977285
5 944472
1 907466
5 964716
2 946973
4 974268
4 986218
3 969942
5 958542
5 916688
1 958287
2 960768
3 970683
1 959946
3 918712
5 911050
4 915509
3 902752
4 911323
5 971030
4 923922
4 989869
4 957430
5 902818
4 980552
3 984237
3 939279
5 999127
5 907158
3 937679
1 928578
5 946773
1 918679
1 921031
4 916118
2 921525
5 976551
4 909374
4 960969
5 906397
4 923500
4 950479
3 947721
4 914349
4 937418
5 916443
5 910041
3 967071
5 984285
2 929006
2 938983
2 987983
4 965892
5 908962
4 983553
2 922414
5 965194
4 958067
1 999634
2 961105
2 907722
2 988113
5 975118
3 964453
4 945410
1 914717
4 965459
2 928435
5 915746
5 945962
4 988990
2 983139
1 936455
4 992373
1 931334
1 914338
2 997930
2 919707
5 955529
5 903810
1 951987
4 929315
5 929182
3 914513
5 928774
3 953242
3 989694
1 999743
5 913695
5 901142
3 953768
4 935484
1 991641
4 931914
3 900072
1 951804
1 931603
3 986887
2 928208
1 915100
3 986546
4 918713
2 924074
3 966591
5 979355
2 902177
1 987412
2 992097
3 943173
1 964319
5 943779
4 962488
1 989462
1 973781
5 922357
5 977143
2 939613
2 974050
5 959327
4 917581
1 987067
1 978375
1 950944
1 995873
4 988627
5 952687
2 918686
3 935707
3 909557
4 998
3 910830
5 935921
1 921729
4 918651
2 939410
5 954556
2 999294
5 963164
1 964398
2 915530
5 914505
2 950341
3 971297
3 979503
3 926660
3 951381
1 942385
4 929581
1 957138
3 918645
2 983381
1 942873
3 919755
1 948686
2 930398
2 990789
2 961496
3 980197
4 970835
5 998452
4 940466
2 950754
4 910917
5 949515
1 937894
4 997216
5 980358
5 980041
1 997735
1 909486
1 932656
5 936271
3 999604
4 946823
2 927239
5 915366
2 929624
1 924136
1 955955
2 955453
2 993219
3 983934
1 953555
5 946599
1 963674
2 931111
1 971365
5 927680
4 996334
4 993040
1 948384
3 921598
1 921742
2 914925
1 924208
2 942168
5 938782
1 914288
1 949838
4 980708
4 941035
5 946495
3 915738
4 949474
3 999701
5 926651
3 958907
4 911936
2 901116
4 965025
2 923804
4 919709
2 958101
4 972963
1 986020
1 939870
3 980141
5 970242
2 991062
4 902794
1 954923
1 979136
2 994245
1 924683
4 940603
1 973224
5 942076
1 941442
2 998028
5 944714
1 955217
3 924280
2 988570
3 917782
1 967267
1 947211
1 927578
5 966981
2 973672
5 984014
5 921890
4 949912
3 936757
2 935904
4 904118
5 904038
5 916627
1 967654
5 933823
5 963249
2 952861
2 967884
1 963234
4 942034
5 988948
2 964186
1 985524
5 908654
3 989300
2 913307
3 998261
3 984445
5 992137
4 937282
5 956106
1 933099
3 976493
2 935726
3 932400
1 962725
2 927290
3 991848
4 902709
4 921843
2 999738
5 972276
4 934848
2 912235
5 910485
1 943390
5 934180
3 959443
5 959050
4 996585
4 929752
3 972223
2 936078
3 916730
4 954325
3 946590
3 901910
3 941713
3 924742
4 929841
3 904019
5 981393
3 999437
3 939979
1 935620
3 924590
4 933731
2 902583
5 991415
2 963152
4 988944
3 990276
1 964964
1 976732
3 924061
3 948021
4 967086
2 993558
5 977398
4 941202
5 990177
4 962728
3 976616
4 913540
4 995582
1 937095
5 927484
3 945052
3 997053
2 913787
2 924469
2 934240
4 906604
5 940225
4 941310
2 993530
3 906719
3 959119
4 948924
1 911011
5 913134
5 965861
5 954480
2 968214
4 968016
2 900556
4 1002
3 975430
2 924647
4 904220
4 983657
3 955370
5 942799
3 923678
4 909975
4 957966
5 991070
5 973801
3 919621
2 956110
1 928088
1 903669
3 998964
3 920950
3 934610
1 952982
5 939457
1 979254
3 940805
1 997554
4 930199
3 998917
3 992698
3 993565
3 924398
2 954771
3 935055
4 999
1 916229
3 942501
4 951147
1 957614
5 949608
1 985575
4 958516
3 905596
2 901369
5 928002
3 967352
3 962584
5 986380
2 975840
2 908981
4 907579
5 988640
2 962656
4 954482
5 937704
5 940352
2 951701
3 959139
2 951054
1 935077
3 950280
1 974450
2 967427
3 904061
4 964915
4 994105
5 987118
2 904639
2 951567
2 948869
5 987800
1 946260
1 929882
5 975689
5 963380
5 936171
4 900975
4 927535
5 971063
5 999789
3 987399
3 935198
2 915704
1 904648
4 936338
1 982080
4 918428
2 917362
4 999911
4 981532
4 903500
2 921886
5 943990
5 947773
3 970068
4 935727
3 979247
5 905276
1 912643
3 945346
3 960042
3 936303
2 958306
3 902750
4 932299
2 952614
4 978341
4 988936
3 986027
1 954041
1 948009
5 977991
5 903220
5 946064
4 956140
1 925069
4 969976
4 973506
4 933503
4 970034
1 945804
4 958590
1 993960
2 944639
2 939240
2 995343
5 985789
2 906414
4 997163
3 958870
1 934627
2 966552
1 916713
3 985757
4 934178
4 944680
4 939592
5 935629
2 934285
4 928135
3 940204
3 944990
1 982526
1 997255
1 996628
5 948825
3 945011
5 925349
3 937941
3 954394
1 907998
4 972148
4 981471
5 978175
4 931803
3 984651
2 967779
4 943914
4 1000
5 999111
1 914468
3 983111
4 1002
5 985246
3 986614
1 960614
2 957439
4 951526
4 977245
2 982991
3 992107
3 984940
4 943176
1 941628
2 913332
3 939917
4 973325
3 952431
3 905521
2 986048
2 971536
1 982325
4 901642
5 926988
3 969352
2 932773
5 912471
1 999349
5 955312
2 948660
2 933994
4 964916
1 917296
5 975716
3 906811
2 994431
4 919455
1 961158
3 949796
5 982593
1 981489
2 978970
4 937435
2 936271
3 982992
5 928168
2 900256
1 914992
5 931469
2 953129
1 924797
2 956394
1 986898
4 963327
4 1005
1 972698
1 992612
5 958610
1 915288
4 985507
2 966842
1 973475
4 966796
2 971063
2 904665
4 913218
1 967705
4 926662
5 903029
1 968032
2 905064
3 977161
5 982729
5 907515
1 994162
3 983287
1 961632
1 997191
5 961671
4 967660
4 1000
1 921188
2 909055
4 926310
5 914037
5 972439
4 972220
1 955187
2 967053
2 909635
2 989002
1 941901
1 959703
1 909153
3 912480
3 920480
3 959630
1 974026
2 920779
4 935086
4 969421
5 928762
5 944367
2 938806
4 940755
4 999799
4 987104
1 930708
4 922453
1 955689
5 979831
4 953609
1 937023
1 936604
4 983408
1 942645
5 956616
2 963717
5 907670
1 911436
2 952815
4 998
4 929142
3 955338
2 973570
5 970315
2 973663
3 905997
2 935553
5 931827
5 920924
3 940586
1 914408
2 947937
1 981827
2 918850
3 998231
2 925041
4 948643
3 994094
2 957742
2 982880
5 951656
5 920830
1 934108
5 926425
5 962354
2 937248
3 992857
3 907457
2 972348
1 916986
4 911046
2 992972
5 934782
4 955095
2 956107
1 940381
3 965637
2 910264
2 973760
1 975464
1 932742
3 911858
3 961547
1 956058
3 963230
5 923298
2 990196
4 956002
4 973465
5 980249
2 976136
3 976935
3 901290
5 945887
2 977691
4 958333
2 957581
4 990011
3 950232
5 974303
4 905890
4 994947
3 978884
4 929100
1 924749
3 932330
4 984826
1 980431
3 975863
1 975706
2 921975
1 943875
3 924758
5 914031
5 921574
2 951329
2 932154
5 949941
1 983794
1 924584
3 980287
5 972266
4 968906
4 996762
2 946113
4 918240
5 929643
2 959615
4 993241
1 924202
4 966346
4 983740
4 952642
5 944395
1 989831
2 915904
1 910283
4 931936
5 919030
2 914119
1 952346
2 937838
2 939077
3 939054
4 977989
4 965174
3 940996
2 970211
5 934112
3 952734
5 980010
4 931718
2 956949
5 954024
3 980578
1 979708
2 917100
3 917827
2 980155
5 910667
3 970094
4 948869
2 969813
3 946062
1 951502
4 1004
2 990030
5 953559
4 983323
1 948097
4 955869
1 913066
3 933400
2 932345
2 941857
4 981382
1 973462
2 983645
4 979675
2 958445
1 978748
3 979134
5 999558
2 993862
5 964264
2 976471
5 906736
1 945493
1 970628
5 975477
3 992033
2 939386
1 958822
4 932709
1 962477
3 945939
5 917172
5 973351
4 982535
3 984808
1 939877
3 963079
3 973344
3 944622
2 953730
5 986186
4 951004
2 959073
3 954727
3 988086
5 922271
2 956027
4 989876
3 980028
4 936848
5 929252
2 919706
4 969827
4 999709
2 970304
2 929543
4 958914
3 979698
5 913457
3 955792
5 953831
4 932841
4 966226
1 943881
4 954359
1 974954
5 939630
5 973315
3 947427
5 942146
3 972062
1 904254
1 915605
3 994600
4 943996
5 949236
5 955796
3 952148
4 907847
2 956702
2 981571
3 908280
2 964549
2 992864
2 910037
4 921153
2 989638
2 928998
4 914639
5 916070
5 962657
4 998
5 983853
5 978019
4 953320
3 968055
4 975903
5 921490
1 910545
2 904302
3 962225
2 996464
1 983736
2 949222
5 965139
3 993124
3 928363
5 995977
5 965604
4 1003
1 969935
1 964601
2 987925
2 936091
5 931550
5 971280
1 931562
5 938865
3 916189
4 933954
4 906578
5 951598
2 963704
5 994641
3 995312
2 909803
3 931423
2 989210
4 952301
1 963879
1 927608
5 972291
3 983491
1 978292
3 989015
2 969595
5 935203
3 935932
4 922582
2 950707
3 959039
2 902276
1 987256
2 961849
1 912962
5 936536
5 927980
5 996213
1 941837
4 911208
3 926605
3 999674
2 985638
4 940912
2 987584
2 978479
4 965038
2 965005
2 920320
1 903463
1 964852
3 930657
2 934353
3 956268
1 911044
5 985739
4 912130
5 908303
2 917797
5 957789
2 995388
5 940802
4 939349
5 994399
1 921401
2 997658
1 929521
3 933841
3 988411
3 913995
4 902676
4 974915
1 958332
5 958582
5 957160
4 909763
5 928011
1 916110
5 906647
5 908472
1 928682
2 913296
5 981067
2 974097
3 932225
5 904314
4 967451
4 968498
3 981021
3 909212
5 912080
3 907664
5 971161
3 994432
1 989618
5 965119
1 943188
1 994212
5 992326
1 983469
3 981619
2 926451
5 927061
1 990950
1 906443
4 990426
5 960986
5 994234
2 983002
5 941249
5 905631
3 966176
1 966150
4 994813
4 969220
5 990527
1 975705
3 989881
3 903492
2 948858
3 967980
3 923692
5 946212
3 967807
2 925534
2 974511
2 906240
1 989031
3 989376
2 905567
4 955368
5 992762
4 923360
5 907349
3 925587
5 948002
3 992167
1 961118
2 972152
4 909135
5 979918
1 963674
3 938018
2 966606
1 929865
3 900742
5 926566
5 963576
5 998531
2 985690
3 922470
2 984846
4 911839
5 940780
2 969547
4 921449
5 909927
3 950675
2 978456
1 971118
3 973268
2 941814
1 995099
1 903599
1 982975
2 903613
3 959985
1 952036
1 919492
1 967249
3 926611
2 938705
3 920630
3 925273
2 907261
5 982037
4 938327
3 923421
3 988482
5 995023
5 902011
1 960548
4 997093
1 959887
5 974497
2 939965
1 941425
3 968381
1 987742
2 993101
3 909316
3 999232
4 939867
1 978478
3 921765
1 948174
1 967138
3 968329
3 909623
5 965963
4 995921
3 970975
4 922096
2 910978
2 938538
4 919081
3 958673
1 910361
1 912997
4 956950
2 997014
5 909745
3 957369
4 982446
1 925162
3 995026
5 960876
3 903045
3 927545
2 967320
3 962864
1 969441
3 991462
4 979162
1 928164
3 906327
5 981826
4 902219
3 950402
5 962608
5 908984
1 976241
5 963992
1 932523
1 977047
1 938416
4 913722
5 947485
2 981573
5 911661
4 918153
1 925335
5 949706
1 913762
2 900911
2 927953
1 958586
2 965717
1 941201
1 991207
3 960005
2 974666
1 939992
5 989085
1 911072
1 989562
1 914756
1 912188
4 994693
3 996733
3 979358
5 983714
1 940744
5 930168
5 993064
3 931998
5 998685
4 943472
3 970471
2 919673
3 943426
1 910559
5 975925
1 905479
5 974258
3 988451
4 923462
3 914945
3 938396
2 923457
5 990007
5 928055
3 913176
4 959039
3 958358
3 955508
5 956079
4 933415
1 978459
3 945279
3 964604
3 997733
3 906394
3 951424
2 920445
5 993966
2 953552
1 934705
3 943011
5 907459
2 955569
3 909905
5 944573
4 966551
3 988973
1 975785
5 901003
3 927678
2 982629
3 907968
4 968647
2 956649
4 914625
4 974992
5 975104
2 919516
4 998
4 981328
5 933522
2 996724
5 928929
3 976059
1 978444
4 940348
4 938914
5 983594
1 947371
5 975349
4 934181
3 954164
5 971875
4 924027
1 929976
1 937184
1 969090
1 930010
1 974541
1 914032
2 987261
1 940798
1 910417
1 908651
3 940251
5 947830
1 969727
1 924172
1 967784
1 969338
4 925849
5 915595
2 980982
3 934640
4 921540
3 965072
5 991783
1 907215
1 975504
4 974578
5 917950
3 992714
2 993920
2 981745
4 979519
2 974789
4 972948
1 922614
4 973978
1 908279
4 931913
1 934037
5 906489
2 973102
4 976745
2 959465
2 911070
3 903740
5 972177
4 965911
5 978285
2 988714
1 939975
4 985024
4 914501
3 911110
5 959379
2 952432
1 901793
1 962455
1 962058
4 905800
1 999683
3 997390
5 963218
2 932314
3 977644
5 951172
3 962161
3 954336
1 926125
4 936534
5 968644
2 956608
1 993632
5 995960
2 962422
3 966027
2 908702
2 924027
2 986653
1 954567
1 906673
5 974874
1 951713
2 929437
3 910876
1 956953
5 935872
5 997554
2 929316
1 974026
3 943954
2 988541
2 955056
3 960172
2 909625
1 989791
5 925113
4 927728
3 917772
3 916871
5 951287
2 938032
2 936250
1 999835
4 909611
1 916771
5 961975
2 935705
4 962753
3 961757
2 946423
2 944352
4 990230
2 976020
4 958145
3 985410
3 947191
1 993372
5 921236
3 951468
3 930747
5 942270
2 976622
1 928426
1 982132
3 940214
1 980323
3 967038
1 979509
3 912177
4 994894
3 908374
4 922505
5 934438
4 940510
3 910552
4 1002
5 990680
4 978485
4 913944
2 991362
4 908270
2 949370
5 970690
5 976838
4 926338
4 983327
3 941226
2 969406
4 966256
4 939484
2 981648
2 970174
1 972541
4 967252
2 926192
3 946150
1 981159
4 932954
1 978692
4 970834
1 911734
4 938100
2 964132
5 934655
2 909591
5 932419
3 944401
5 988591
2 908578
4 910184
3 904143
3 978261
3 916812
3 970374
1 957135
4 915854
4 939747
5 901906
5 972163
4 902451
1 999212
1 991384
1 960350
4 923624
1 988534
4 907189
3 923665
1 902343
4 932769
1 944931
3 969451
1 923120
4 916171
4 989993
4 988500
1 914461
5 991413
4 990099
2 997078
1 947715
4 952618
4 920867
5 918147
5 960024
2 901956
1 917884
3 973798
3 913525
4 994957
2 995654
5 905096
5 918531
3 931218
4 928065
2 943655
4 909339
2 911206
5 933331
2 982487
2 948613
1 912333
2 901570
2 913380
1 984593
2 902577
5 965445
1 964455
2 985720
1 987314
5 984049
1 930814
2 929189
1 904871
2 934028
5 990295
2 907423
2 948565
2 907219
3 955041
1 958278
2 948999
5 966509
1 992375
5 922955
1 996772
2 978881
3 969482
3 914580
1 986223
3 977898
2 980877
2 994091
5 966138
2 930392
5 920672
1 907215
2 902279
2 991506
4 956251
2 958302
1 967637
5 904280
5 945103
2 943663
1 991028
3 956910
5 957379
2 954987
5 988025
3 920303
3 927754
1 967213
2 975995
3 961042
3 902683
5 998395
3 967808
5 912588
4 984204
1 909471
5 960427
5 911964
3 975224
4 958409
1 952408
2 979935
5 974886
1 960397
3 941186
5 951937
4 918429
1 969333
1 932391
4 982891
4 979188
5 995305
5 965672
4 913550
2 965445
1 928355
4 946189
1 920753
1 994793
2 991270
5 960895
1 939173
3 988908
3 971210
5 925482
5 919918
5 955183
5 961196
1 977459
3 968597
4 925106
5 902350
3 990458
1 903712
1 961181
3 960196
4 914104
3 978036
4 944986
3 960907
4 965685
5 902505
1 975286
1 967511
5 919552
5 977689
5 987735
1 994198
1 907051
3 902637
4 966744
5 934028
2 988460
1 900479
4 923572
5 986135
1 916764
1 964162
1 994997
1 978558
5 936040
4 929733
2 919869
3 918437
3 910131
3 903151
4 998
1 953113
1 974442
1 975191
4 982173
3 913865
2 959645
2 927565
1 915587
1 970809
2 981592
2 904078
5 961204
2 998098
2 901043
5 908864
4 909869
4 952447
4 960035
5 918318
5 999016
1 982228
3 998055
5 938572
2 947566
3 961178
3 916836
3 977226
1 957961
1 930822
3 967046
3 973924
5 971142
3 932025
5 998542
4 1005
4 1002
1 976153
2 967504
5 921693
5 972477
1 965169
4 942093
2 985833
1 912530
5 974549
4 924978
3 922112
1 940033
2 921711
1 907104
2 985934
2 931632
4 926964
3 994224
1 963532
2 950527
3 989204
4 993353
3 941915
1 926006
5 917778
3 911731
1 920554
3 946438
3 906233
5 910684
3 967347
4 923171
4 968834
3 970600
2 903909
5 996925
5 965676
3 900603
2 942947
2 910747
4 921173
2 905951
3 990626
2 919126
4 997006
3 973700
5 972468
2 962009
4 986530
3 922771
5 904197
4 970253
3 916088
5 945071
3 995118
1 934234
5 982687
4 999
2 954676
2 929096
1 926245
1 987416
4 965961
1 942177
3 997790
4 986737
4 924200
4 932385
3 969897
5 986370
3 964096
5 903939
1 971112
1 916602
3 981994
1 922963
2 968856
5 968296
2 997226
4 912574
1 954276
2 948425
5 940201
2 943441
2 988688
3 974179
3 978055
5 933114
2 940029
5 933109
2 956201
3 911761
4 993463
2 980709
5 914903
3 968402
1 926530
3 913705
1 985611
4 998228
2 959135
2 907636
4 973292
1 955877
3 947542
1 902604
3 905928
4 996477
4 934238
3 904866
4 974937
1 912090
1 923914
4 968999
4 905462
5 960281
5 982772
1 993940
2 906807
2 929700
3 968817
4 960201
4 954176
2 967253
3 951039
1 910832
5 906063
1 952813
2 990863
2 900653
3 940288
1 928765
1 987127
3 912205
5 967028
1 974376
4 991396
4 931166
4 964522
5 918536
4 920270
5 962586
4 975738
3 944150
4 943862
3 917488
1 974643
1 928694
4 948986
2 992590
4 904587
1 989913
5 998015
1 950200
3 973961
5 924362
5 930964
5 993492
1 932730
4 1003
2 902720
5 954851
2 983549
2 996514
4 943660
1 912704
3 907049
4 967158
4 931564
2 965764
4 935755
5 954349
4 956937
3 967203
2 905899
2 947755
2 925907
5 993291
5 933964
5 934991
3 955714
5 915388
5 979148
3 951855
3 910304
4 990749
5 944234
2 990793
2 938950
2 986817
1 921551
1 930757
1 976894
2 962691
5 956346
2 939817
3 925144
3 906262
2 941359
4 961292
5 900370
4 948013
1 986068
1 995327
4 972790
3 991619
4 959262
5 972083
2 916075
5 925898
2 914239
1 939918
4 983540
5 957470
4 977393
3 979601
5 977070
3 961576
4 930053
2 993230
1 972705
4 981134
2 954163
1 947597
1 903356
1 943419
1 936544
5 937412
3 957281
4 974558
3 900305
5 980386
3 920017
1 978935
2 980636
3 995239
5 917823
4 922746
1 949222
4 953766
5 946756
4 999036
4 935122
5 969455
1 930581
4 923011
5 913510
4 938615
4 969220
2 906145
2 982550
5 964439
2 950570
2 996174
3 965396
4 901594
2 973144
2 988185
4 955095
5 975159
5 942569
5 955884
2 916204
5 963716
4 999701
3 971433
1 965296
4 967157
1 907060
3 926542
4 953658
4 940861
1 945496
2 998984
4 988144
1 906081
4 948416
4 981793
5 984492
2 925287
5 993491
1 958346
1 976968
1 933610
3 976801
5 901196
3 944009
2 951555
3 903251
3 940337
4 959044
3 955109
2 949017
4 921436
4 935208
1 939139
4 938526
2 984279
1 950542
2 995125
5 912101
1 989302
3 911984
1 918058
1 989469
5 997479
2 931102
5 985502
4 938711
4 929143
3 915828
5 930120
1 937056
1 987475
2 925504
5 960502
4 941887
5 926896
3 973731
2 961707
2 929752
5 969017
2 928253
1 905228
1 937861
4 947643
3 993955
3 997016
1 978603
1 972548
4 908142
3 917339
1 937944
5 904814
3 924427
4 960470
4 938836
4 1002
5 911795
3 935212
1 940073
2 907247
3 950300
5 953586
3 961003
5 964705
1 944421
1 980872
5 956624
5 907640
5 959145
3 948503
4 980180
4 992067
2 903132
4 982416
1 924624
5 996033
3 922718
3 989877
4 941623
1 958014
2 948147
4 995646
1 938054
4 998271
3 969057
3 998168
5 906525
1 904059
1 984739
3 928435
2 944410
1 925069
3 944617
1 991321
2 979511
2 909213
4 955512
4 908792
4 929252
4 925952
3 918631
3 967803
1 916282
4 949707
5 942199
1 984373
5 987192
3 963243
4 922660
1 997186
2 900446
1 915016
3 954548
5 900123
4 916442
5 962060
1 990168
5 902021
4 975434
1 940446
1 990770
4 917592
2 974786
2 957408
5 960602
2 955528
5 933426
5 966329
1 900374
2 924622
5 985810
5 966967
3 966886
5 936315
2 963350
5 902873
5 913767
2 952313
1 902741
5 997331
5 929419
5 950782
1 924189
1 959173
5 949461
1 970433
4 944163
4 936986
2 961264
1 956646
4 977741
1 924057
2 913176
5 945805
4 969299
3 979562
2 918913
1 957872
4 937361
4 989614
4 938869
4 991843
5 917852
2 937192
2 985743
4 992605
5 926439
2 986456
5 940470
3 974985
2 922028
4 982817
5 965880
4 937829
5 951418
1 903774
2 901404
3 997718
4 910163
3 990929
2 949894
2 905068
3 903486
1 933784
4 965935
5 947158
5 908441
4 1004
5 977005
4 997252
2 940106
1 945007
4 987634
2 987625
3 948994
4 919908
5 940449
4 941289
2 901747
5 901791
5 956299
2 934266
3 909126
3 957255
3 967631
1 951039
2 982420
2 999400
5 963415
1 980227
4 993932
1 931563
5 934027
3 934206
4 951257
4 949140
2 929840
2 991570
5 922920
2 988193
4 970682
1 905608
1 999945
4 914126
5 943611
4 981050
4 996
5 952172
5 987479
4 977662
4 910024
3 964005
4 913856
5 931544
1 910628
3 993761
4 989299
5 997145
3 913749
4 912536
2 912689
3 955625
1 993318
4 938300
3 913761
2 955054
4 933008
2 968947
5 925120
4 962227
1 968827
1 982606
4 993625
4 919186
2 954384
5 997740
2 919534
5 936262
2 968430
5 962747
3 911199
1 943503
4 943087
5 966515
3 995575
4 951156
2 905074
3 988714
1 911593
2 909255
5 976578
1 969238
3 939743
5 955556
4 984073
1 909394
4 939450
1 944370
5 900271
1 967984
1 906304
4 900836
5 913731
5 969338
4 981994
5 985290
1 998290
1 957310
4 962610
3 902082
5 998776
4 999716
4 992195
5 913278
1 953417
5 981464
3 912929
2 985332
4 1004
1 963716
3 963296
2 960835
2 943571
4 942362
4 960600
3 987020
2 932754
3 900520
3 920116
4 962172
4 962043
3 923398
5 905204
1 975126
2 946648
1 940985
5 942463
5 966895
2 980064
3 974381
4 949750
5 967267
5 966937
4 978217
2 912366
3 940054
2 913289
2 907460
2 985710
3 996631
3 991153
4 947211
4 918974
1 940300
1 960629
5 942172
4 984626
4 905407
5 918257
5 948059
2 938449
1 934128
4 941199
2 968594
1 914305
3 970551
3 958555
5 933806
2 919491
5 942944
4 936901
5 948586
2 971398
1 928397
1 992977
1 990808
2 970609
1 966928
1 915769
2 974652
5 937521
5 997281
2 932638
2 961107
2 954444
1 983029
2 951339
4 922686
4 933816
4 979377
5 949774
5 912951
1 914354
3 928136
3 920618
5 950174
2 998546
3 962376
5 936184
1 992236
5 960505
1 927674
4 938295
3 968925
3 926192
3 953481
1 941670
1 931742
4 991531
2 930820
3 967529
2 961660
3 949368
4 958021
4 914223
4 994833
5 939364
4 975423
2 983078
4 990645
1 995850
2 956727
5 995023
4 964919
2 902048
5 969676
4 995
4 910165
1 940267
4 982525
3 991218
5 975588
4 932785
4 939382
5 914122
5 931597
5 939602
5 934596
3 911651
2 969121
3 955946
5 908312
5 969343
1 978966
2 963055
2 905813
4 971844
2 917626
1 936177
5 982218
1 934259
4 959613
4 905625
3 909371
4 960633
1 978846
3 935220
1 923525
4 902431
5 974244
1 938293
1 944805
4 944220
3 999305
2 993026
4 932492
1 904977
2 989071
3 976833
5 987654
1 921376
4 996047
2 978061
3 989536
1 976797
2 971437
1 911323
1 913451
2 904107
1 998302
5 965921
3 910167
4 926894
1 989617
2 951253
1 972154
2 950967
4 982336
2 946052
2 966350
3 971416
2 957349
4 913249
3 929858
1 935846
5 905218
2 924737
3 939086
2 967398
3 902252
4 989052
5 910963
3 947113
2 994540
1 957780
5 950295
2 918578
2 940568
2 931424
4 1002
5 938305
1 921532
4 933536
4 984806
3 932724
5 929147
5 976375
2 950809
3 966886
5 985423
5 983495
1 939112
2 985133
5 951727
5 955290
1 932983
5 904011
1 909588
1 956664
2 933262
3 954725
2 939721
5 926913
5 994606
4 984236
2 944812
2 962106
4 941105
5 939202
2 977749
1 947458
4 913979
4 960321
2 940782
3 966120
3 935716
4 995
2 969225
4 972737
3 941428
4 920924
2 974149
4 977638
4 912033
3 925798
2 943058
1 978655
1 967989
1 923698
5 953249
2 955501
3 982328
5 916661
2 933384
2 952897
5 909229
3 906206
5 943860
3 977834
4 947913
4 966106
5 998662
1 987781
1 967007
2 912761
4 933696
2 962158
5 986644
2 993076
5 988726
5 935500
4 986144
2 992969
4 1004
2 927092
5 945060
4 916505
1 941065
5 930362
1 987896
4 983342
3 999250
3 907546
3 985539
1 908069
5 936426
3 950774
3 934926
4 934329
3 950655
4 998840
2 993912
5 963206
2 960538
4 902879
4 905283
3 903975
3 913466
5 960774
1 913701
4 901035
1 970592
1 970554
1 984459
5 904999
3 954815
5 933743
3 994887
3 973649
5 997024
5 989555
2 980919
5 924520
1 985419
5 916259
1 901590
4 919663
1 968992
2 987614
5 985358
2 993746
1 935608
5 920241
4 990828
2 902998
4 949916
2 902975
5 945306
4 925005
4 965350
4 908352
4 920616
1 901945
5 926336
5 923990
2 954981
3 919185
3 962119
1 951146
2 956423
2 957220
1 987347
2 922242
5 975724
2 937458
4 990227
4 927409
5 986486
4 948957
3 918825
3 947674
3 984035
4 948171
3 950173
2 910951
4 940701
4 923279
5 919604
1 946750
4 961724
5 931409
5 939516
1 981220
1 949412
3 911566
4 984197
2 919648
4 973862
5 958025
2 977526
2 992924
1 939295
2 985031
4 955514
5 918528
4 910033
1 935454
3 905391
4 914377
3 905071
1 991176
1 979537
5 991026
1 948213
5 999620
2 965823
2 908252
2 967130
1 996351
1 968326
1 918982
4 969575
2 983858
3 900596
4 994873
5 988526
5 942568
3 937790
2 918423
1 903328
1 934786
3 997351
1 976771
3 913788
3 915921
5 956542
5 917197
3 952480
5 977789
5 919564
4 909200
3 963785
3 970669
1 913383
2 921893
2 955868
3 900634
5 995060
1 994550
3 927851
5 978272
3 978944
3 929510
2 979308
1 906289
1 957870
4 989806
2 956641
4 914868
3 934916
1 916549
2 954685
2 991691
4 978290
1 917421
1 926599
3 972019
2 952398
2 913941
5 989088
1 909271
4 978054
2 939574
1 933642
1 948166
5 962817
4 987973
2 976273
1 977152
4 998
5 949247
3 924561
4 932562
3 994075
2 953086
5 920023
1 928629
1 933836
5 903147
3 901004
5 923602
1 947974
4 927124
3 912460
1 920344
3 996853
2 905796
1 933480
4 904336
5 946885
3 995211
3 961058
4 964860
4 952317
3 907789
3 984077
4 997
5 902339
3 962040
2 921298
3 945519
5 947769
4 902126
2 989473
4 921678
4 924309
4 1002
3 970881
3 922048
2 908716
1 912115
5 934122
4 953063
3 955984
1 987619
3 979050
3 927441
3 982672
4 902372
4 909638
2 931173
1 939090
5 934555
2 925683
1 913988
2 927348
1 940969
1 975565
4 947303
2 960338
1 941463
2 973999
3 956687
3 996083
5 938328
1 957123
5 967810
2 933865
5 977062
5 979424
2 929984
5 939853
5 942167
2 944816
3 931071
3 967875
3 979404
3 931093
2 956258
5 998055
4 969757
2 952157
2 988662
4 975965
1 985265
2 947038
2 976155
1 974651
5 905023
5 916240
5 956176
2 952912
5 987959
2 968619
4 953194
2 922796
1 947120
5 902949
3 918137
4 927180
5 930853
4 996
2 986732
5 901777
5 924786
5 926825
2 934875
4 915066
1 982404
3 946400
2 973143
1 974554
2 977734
5 908061
4 992355
5 913378
4 991715
3 944444
2 939052
3 942767
5 907606
2 945476
5 929983
3 997111
5 914230
1 940913
1 962629
1 958236
3 988787
4 907598
3 956625
3 972162
4 944516
5 917855
2 967889
5 982719
2 912439
3 913038
2 946228
3 934407
3 967735
1 988949
4 923096
3 917733
3 966797
5 924594
4 999892
5 901579
3 959989
1 920548
1 943934
2 908772
4 939990
4 949930
1 952204
5 922417
5 958354
5 956052
5 933422
3 940992
3 932625
5 960226
5 961681
5 975750
4 954032
2 964309
4 912233
2 992062
4 938427
3 986040
4 923937
3 968825
1 942636
4 938054
3 956195
3 953209
2 916103
1 985387
5 938952
3 935954
2 997374
2 914525
3 954624
3 994706
4 957916
3 954717
3 990809
5 921526
4 921862
4 988732
3 947039
5 981252
4 999585
1 919731
2 987475
4 998552
1 903494
1 913860
4 915001
4 946477
2 935464
5 991923
4 980694
2 929359
3 948748
2 972732
4 977020
4 987915
1 901859
1 910458
1 930730
4 989542
2 946053
1 939469
1 953423
1 909816
4 1004
3 908919
3 974638
3 968340
3 956789
2 908971
3 956334
1 914442
1 980554
2 988800
1 998272
4 968688
1 963945
3 931124
4 957978
3 974533
4 942044
2 999390
3 997265
5 981258
1 929299
4 922682
4 904156
4 972216
3 971074
5 901101
2 967667
2 925688
5 929086
5 907824
5 971518
1 909164
4 906705
1 916486
2 960286
2 934225
5 929709
1 941657
3 910788
4 983931
3 933109
1 938421
5 916909
5 962755
5 977461
2 990585
4 999
5 936082
2 962992
1 938993
4 986112
5 992319
4 920416
2 926322
5 988834
1 919219
1 991525
5 966368
1 926953
1 922257
1 957163
3 926840
3 968165
4 900755
2 937619
1 911980
4 965770
2 944214
3 936937
4 953265
3 997099
2 981892
1 937742
3 907953
5 933987
3 922739
2 971974
3 986234
4 953699
1 908137
1 989441
1 908488
1 944756
1 979032
4 950404
5 971991
2 978885
1 981360
4 992883
5 980846
2 916189
3 981654
4 945525
3 995967
5 904009
3 991080
4 997
3 983160
1 904516
4 958768
3 916158
3 912469
2 915545
2 952746
3 933368
1 943606
4 913489
4 900213
4 942971
1 944356
3 981369
1 987766
4 966300
1 993244
3 978849
2 908527
2 967452
3 983962
5 917409
5 954268
4 941666
3 941869
3 907174
3 917693
2 947529
5 935785
3 984702
2 996145
2 961051
3 906768
4 956820
5 903011
3 994739
5 982606
4 991916
4 959613
2 902893
1 920341
1 965506
1 997538
5 975869
4 912177
3 921408
5 985116
5 956770
1 903607
1 949308
3 913537
5 966547
1 958854
5 972067
2 993379
4 920887
1 951001
2 969301
1 966610
5 944094
1 943423
5 913109
1 946333
5 990887
1 969803
3 933055
1 903078
3 987218
4 991558
3 985910
3 989246
3 912261
1 932847
1 909919
1 911428
2 914437
2 974212
5 948097
4 925193
5 920325
3 953162
4 942177
1 976210
4 918971
1 950183
5 954392
4 934265
4 950936
5 914373
1 908935
2 988855
3 989480
2 992242
3 917052
3 902808
1 988107
5 952049
1 947292
4 945670
4 914224
4 913109
2 927509
1 939767
1 978540
2 975349
4 911109
5 954423
4 935386
2 965649
5 947450
4 963969
3 911833
3 944784
5 934377
5 980901
2 907454
1 955912
5 934418
4 981993
1 970595
1 943085
2 942670
4 939346
4 912850
2 983057
2 908548
3 933216
1 973965
2 956961
2 922133
2 939402
5 926368
2 984329
3 960177
4 945712
5 904693
5 971698
1 932504
3 986986
4 967551
4 980633
3 903152
1 939134
4 965085
3 938018
4 965444
3 997482
3 972466
2 946314
2 988124
2 933734
1 960795
1 963087
5 916638
4 999581
5 999768
4 914953
3 996867
1 982276
2 917412
3 982323
5 982737
3 975044
4 1005
3 900572
1 946876
3 911271
4 949340
2 982743
1 999466
2 965998
4 916333
4 901104
4 913015
2 996304
3 952555
3 933622
1 975285
1 966224
4 988801
4 913784
2 946021
1 958879
1 946562
2 916789
2 969284
1 960184
2 970264
5 968933
1 952701
4 931362
3 975708
3 967051
4 904326
4 945824
1 945278
5 977263
3 978478
1 928827
5 982470
4 970484
3 968375
2 990052
3 919252
2 933012
1 962621
3 914172
1 945771
5 926443
5 958853
2 970406
3 957599
3 966823
4 909681
1 936379
5 966952
3 962806
4 920535
5 995608
1 961711
1 907421
1 901683
4 963115
3 990628
3 984115
3 984680
3 938526
4 973885
4 984024
3 966205
2 933282
4 942974
4 933414
5 922973
2 928271
1 942082
1 958500
1 935891
1 954796
1 957904
5 941936
4 927998
2 903716
3 968926
4 918246
2 910435
4 925417
4 950737
1 945819
3 932408
3 968451
1 998713
3 957767
2 911898
3 993256
4 984145
4 936461
5 918247
4 940707
4 987644
2 972339
2 942884
3 981113
3 979349
2 981577
3 968898
3 924620
2 939213
5 913726
4 960259
4 929312
3 993956
5 908310
3 944664
3 998938
2 997935
5 940231
4 932435
5 920775
2 926719
2 976968
4 909450
1 954073
3 987579
3 986136
3 937727
1 992011
2 918630
1 937912
3 904996
4 970332
2 937089
3 954159
4 928951
5 965947
1 986187
4 999
5 929167
2 993303
1 987609
2 922263
4 990836
3 942019
2 967054
3 973827
4 994836
3 953602
3 906775
4 907096
5 953163
1 925945
1 998193
2 934267
5 913831
5 976243
3 926189
4 920555
4 904099
1 976428
4 996896
2 901954
2 902686
2 959369
4 968612
4 902432
4 957393
4 949733
1 918028
4 936393
4 939653
5 947625
1 941367
4 972135
5 916271
5 965810
1 915688
4 964090
4 995555
5 988469
4 994506
3 934627
2 969126
3 936691
2 990034
3 900240
3 926662
1 916156
2 985403
2 991727
2 947119
4 978944
4 928591
1 907023
4 965559
4 953527
3 912305
2 967143
1 954114
4 928374
3 946163
4 958106
3 980718
5 991934
5 967863
4 941904
2 961975
1 981561
3 964239
5 942135
3 903292
5 937270
2 950104
1 949863
5 989806
3 973818
3 924849
2 950661
1 960187
5 975367
4 994991
4 949841
1 959325
1 939030
2 905336
5 989289
5 905545
1 986012
2 996987
2 907539
2 907995
2 956736
4 924579
4 965677
2 933411
3 982594
5 932052
1 910254
1 968221
5 922994
2 960212
1 974707
5 960372
1 936024
3 956235
1 967469
5 915270
4 908670
3 920508
3 979521
2 928070
2 941243
5 902119
5 980482
1 985305
1 970389
4 980955
1 970440
2 912440
5 964147
2 906383
4 935215
2 973489
5 920165
5 918758
2 928915
2 914286
4 987160
3 985392
4 968231
2 959380
3 950075
2 999150
1 944032
4 964350
1 906057
2 965133
1 923261
4 999191
3 997330
5 999428
2 997212
1 924758
4 974188
2 977365
1 931063
2 942478
5 917889
4 904621
3 987073
3 947383
4 965581
3 972523
3 904032
3 929275
2 948435
5 926784
4 905258
4 960830
4 927061
2 956941
5 992177
1 911023
3 925290
3 981727
2 918771
5 998485
5 901991
1 960184
1 922436
1 991525
5 930790
3 930493
2 921206
2 992901
2 958474
4 918218
5 902506
3 975393
1 972744
3 961994
3 929059
1 929707
5 945069
4 927057
4 922182
2 966783
1 960974
1 941533
2 995860
1 975468
4 915837
4 995551
5 948736
2 984012
1 994104
1 926546
5 926760
4 960492
3 964419
2 903181
2 926247
4 937948
1 932240
3 967198
2 900907
4 996949
2 925927
3 979007
2 937013
3 923380
3 968481
5 963734
1 996823
3 967462
5 974842
5 983947
1 932210
2 953688
3 998974
5 961961
2 924840
4 921688
3 947735
4 985431
4 957121
5 933991
4 929728
4 944097
5 956570
1 940034
3 959857
3 912742
2 984597
4 914571
3 985122
2 991724
1 996428
2 957527
3 943118
4 949473
3 950745
5 976444
5 942037
1 988478
4 920738
4 948114
2 925144
4 927461
5 940142
1 907968
3 913459
5 984948
4 963649
5 933276
2 965339
5 919341
3 906788
4 990435
5 981033
5 979157
5 991827
1 955603
4 913707
4 987923
4 967898
2 971343
1 925664
3 945692
2 900423
1 977467
5 909745
1 961080
1 924351
1 934038
5 919446
5 983375
5 947429
3 973131
1 923509
1 948517
5 966906
4 908144
4 906628
3 950841
4 965952
5 984309
1 920688
2 928917
5 926425
3 966438
5 916330
5 957924
3 997582
4 935266
1 954760
5 934710
1 942919
2 973092
2 962914
3 902768
2 936502
5 933139
1 917427
5 963493
3 910850
5 942762
2 924544
1 918649
2 931242
4 949481
5 910868
1 921025
1 992526
1 991071
4 904609
2 936915
5 986324
3 980620
1 924802
3 919359
1 965930
5 971102
3 935326
5 966322
1 997473
2 973128
3 968857
4 971569
4 1002
5 962783
4 927860
1 906953
2 948954
3 965309
2 968657
1 926271
3 921310
1 978659
2 974705
2 972207
2 960356
4 1002
2 944061
5 965474
1 948618
5 951486
5 934321
4 972927
1 959902
3 918737
1 924088
2 908275
3 908114
2 937977
5 927093
2 941002
2 995483
5 940872
2 979854
3 907755
4 994641
3 984877
3 993262
5 960189
4 989729
3 996824
2 938146
1 973256
1 980208
4 921404
5 902444
1 964668
2 971719
3 914558
4 976792
1 948811
3 934256
3 911110
2 985161
3 990794
5 940685
4 919116
1 960767
5 988001
5 900326
1 945669
4 948816
3 945750
1 980306
5 988444
3 942205
4 985955
1 997629
1 903411
2 998330
4 987758
5 950813
4 923006
4 948341
4 927106
4 931355
5 910600
2 990891
5 916755
3 903773
1 968994
1 900135
1 983013
5 986973
1 917896
1 978195
5 901695
1 946528
5 943578
2 911088
3 990093
1 964673
1 915262
3 982981
3 921021
3 917654
1 969231
2 993324
4 981937
5 910640
4 903502
1 970937
4 985891
1 944866
1 938567
1 926080
1 980187
4 930658
5 921455
2 987444
5 948905
5 925131
4 924237
2 967902
5 901964
3 932005
4 947711
3 902678
2 965869
1 922806
1 937920
3 941737
2 904136
5 965692
1 995805
5 953495
3 991678
3 963669
2 971015
5 909537
2 999766
2 927340
2 963834
3 931351
4 975549
4 976988
5 931933
2 934277
1 923367
1 909785
3 988760
4 923560
4 978246
4 939679
5 965579
4 978294
4 902283
2 956924
4 940401
5 975082
1 931199
3 955904
4 1004
2 933923
5 921480
5 930196
5 998861
1 986003
3 919722
3 903848
2 974226
1 958330
5 950305
1 928971
5 909072
3 975193
3 926814
5 941646
4 930107
5 915972
1 964335
4 965539
3 910571
4 966651
3 995081
3 924472
2 960350
3 945256
1 908527
4 908918
4 955712
4 912271
5 963206
2 979506
1 944257
1 936584
1 943362
3 917136
2 990955
2 918929
1 997365
5 984695
2 956314
5 971596
2 985210
1 987330
2 937277
2 919473
5 959062
5 982034
2 940735
2 958521
4 969452
1 902331
3 977401
4 990414
5 995473
5 988121
5 936178
1 987021
1 971268
4 930033
2 912941
4 998918
4 949789
4 951910
3 909502
1 952446
1 991601
1 906042
1 910591
3 966211
1 992205
1 977782
5 901923
4 913628
1 956930
5 903531
5 900748
4 1003
5 902498
5 932198
1 996253
1 953863
5 945446
3 908737
1 965208
1 962913
4 944633
4 951727
4 901453
4 970397
3 998870
2 920797
1 930594
3 967358
3 997183
3 961384
3 995687
1 975228
5 957986
1 904671
5 903059
5 987285
3 978979
5 929161
3 916009
3 938512
2 977955
5 982237
1 974805
2 998416
1 961582
5 992516
4 972289
3 927877
1 934744
3 959389
2 969771
1 931949
3 996872
3 977954
3 950206
1 903228
1 916465
5 948416
4 937769
4 978386
3 900326
2 984394
4 982352
4 903940
1 953245
2 967770
1 944636
3 988489
2 935148
1 986518
1 906643
1 979105
1 969218
3 902497
5 958233
2 904985
4 909543
5 958845
2 942258
4 923665
4 992708
5 920526
2 928099
2 903617
4 923264
1 970473
1 931018
4 998575
5 951019
5 937097
3 989176
2 961549
3 910203
1 935939
4 990265
4 927694
3 931334
2 960252
4 919364
2 946474
3 934968
4 928464
5 958786
3 918736
2 928567
4 970275
5 987908
5 948086
2 925208
1 939699
3 969326
4 917140
1 955023
3 989851
4 999079
5 959241
5 999126
3 983891
1 901318
4 916963
4 983094
4 911506
4 945149
5 931516
5 984249
4 920442
3 973668
3 961907
2 955462
4 950482
4 970999
1 934725
1 984139
1 922187
2 941624
3 986528
4 906015
5 924958
3 942814
5 984659
2 994704
5 988887
1 995640
4 905617
4 927432
5 997680
5 986363
3 915353
2 937682
2 943493
1 934998
3 985998
3 950300
3 980009
1 958948
4 940698
2 971503
2 994523
2 951850
2 919759
3 907964
5 935840
4 971729
2 928053
2 931677
2 943879
5 929660
1 991289
1 931672
2 989931
1 975905
2 957199
4 906205
5 947255
3 965078
5 932980
4 941089
4 904559
4 963390
2 925451
2 967769
1 948703
5 921530
4 957733
3 952525
5 921435
4 990767
1 978299
5 957491
5 953438
4 940832
4 996839
4 960051
4 933129
4 991471
2 998213
1 923398
2 919525
3 916501
2 925941
2 933536
4 997
1 938047
3 927370
1 948670
2 980404
2 942317
3 932782
2 913233
3 982083
4 915334
3 968149
2 946358
2 934523
5 959474
2 928554
1 940452
1 927210
4 995189
5 989831
2 987058
1 945971
2 911310
4 933108
3 936856
2 922887
1 916881
2 935016
4 987212
2 954838
2 932439
1 991490
5 923333
2 952816
5 908220
4 901563
3 905132
3 974878
1 960701
4 980886
4 986363
4 956717
2 929243
5 934292
2 943610
4 951076
3 902772
3 973092
5 917911
1 947034
3 959531
5 997505
5 951440
2 915456
2 915266
3 948309
5 929455
1 927680
3 994320
3 950797
4 950734
4 921631
5 963581
4 935963
4 971191
5 940037
4 985636
5 937484
2 998999
4 998426
3 919786
5 920149
2 986026
5 958913
4 964009
1 937697
1 914422
1 976036
4 970913
4 908238
4 905318
2 999520
1 901437
1 945040
5 933067
4 955843
5 970715
3 919931
2 969414
1 911953
5 967499
5 989297
1 939389
4 949851
4 916819
4 985110
3 947634
1 971569
2 958566
2 967425
5 922327
2 939123
1 951140
5 937907
4 944000
2 979754
1 904768
3 960574
3 964868
4 906394
5 984244
4 996240
3 939982
1 986955
3 976458
5 909858
4 946784
2 934558
4 923776
4 954117
4 920341
3 953899
4 984136
2 986277
5 942465
1 906739
2 973684
3 976316
5 932610
4 938924
2 946754
3 935868
3 985381
1 929366
2 963945
1 944708
2 992768
5 957787
3 928823
1 934697
3 996444
3 946516
5 972299
2 980450
4 1005
5 984874
1 998792
2 974174
1 994142
5 954188
1 999693
5 999913
5 903766
2 984652
5 901976
5 946939
5 932435
3 961722
3 984478
3 955068
3 961530
2 977179
2 979541
2 900761
5 939675
4 958874
4 932791
5 937755
5 943088
1 958337
5 999351
5 941572
5 985549
1 995575
5 956055
2 994571
1 910637
3 904335
1 949653
5 916613
3 992390
5 938050
1 989961
5 929114
2 946614
4 962449
4 975369
1 915374
4 907130
2 943553
1 991405
3 916541
2 961762
3 967007
5 900707
1 978622
1 975741
1 977975
3 983929
2 915267
2 942306
5 929163
2 977673
1 906009
5 933580
1 986582
5 990638
4 952242
2 932550
2 922831
3 973847
5 992384
2 976022
4 988016
5 997205
2 917903
1 961894
5 962708
2 984102
3 968358
5 909658
2 913412
3 999706
5 927284
3 929358
3 986862
3 966912
5 902881
2 941168
5 948224
3 953394
5 936449
5 931759
4 975409
4 970553
4 943297
3 998919
1 967752
5 950221
3 923404
3 936961
5 917033
5 917001
3 989642
1 958968
3 978592
4 996896
4 923276
4 998
2 912147
4 950910
5 938991
4 927143
3 997950
5 984208
3 913688
1 931451
5 960133
5 964081
4 975239
3 988706
3 924565
2 967486
1 934022
3 916163
1 938026
1 901254
3 906914
1 972190
1 949973
5 908651
5 942547
1 982701
4 963196
4 954686
2 972290
3 992889
3 951972
5 987838
1 988079
1 921351
2 980396
1 953103
1 935714
2 965746
1 983904
4 990400
5 950860
3 940660
1 967442
5 947266
3 927913
1 983947
3 913751
4 999
4 957163
3 958971
4 930613
3 902347
1 947398
3 909172
1 915128
1 999057
4 941364
3 972111
3 932988
2 948747
1 995035
2 932464
2 938315
3 947827
5 925019
3 959932
4 982326
2 929087
2 909355
5 906050
2 974293
2 933707
3 953365
4 996609
3 986642
2 960842
5 906388
3 915580
1 996907
5 929158
3 969657
3 992374
2 949851
3 986289
3 951736
5 968230
1 920828
1 916344
4 967243
4 946509
1 972314
3 979638
4 901808
3 933968
1 985837
3 987061
4 952610
2 971753
1 932684
5 918200
3 981209
5 928968
3 902928
4 924496
3 901576
1 973232
4 959463
2 941722
4 935319
4 996426
2 916756
1 968563
5 935818
3 920154
4 990010
1 903144
1 962740
1 949182
1 941032
4 963342
1 906550
4 988117
2 969302
5 995539
1 983259
1 954240
2 963904
2 946702
4 986756
4 947194
4 901934
2 990949
1 971422
2 917191
5 904705
3 960094
3 949673
4 994785
3 934202
1 970827
2 922279
3 994118
1 991951
3 987807
3 961230
5 932166
1 900126
2 921600
5 910552
4 960353
1 929669
1 983637
5 943268
3 938069
3 990053
3 941454
2 995673
5 959607
1 970399
4 900732
3 997812
3 940944
1 928058
5 917090
4 918747
1 957623
5 975754
2 997841
3 998114
3 966113
5 905722
5 950670
3 968746
1 911595
1 903984
3 937085
5 950138
4 984946
1 958763
1 937786
2 990605
3 962111
2 977452
2 962978
4 917789
5 953256
4 961099
1 937312
4 981043
5 936974
3 940530
1 902978
3 987757
1 906872
1 909852
2 988202
5 920585
1 970104
4 909649
1 935012
4 964818
2 971693
3 971533
1 966572
2 937012
2 924410
3 969806
4 913952
5 923842
3 948910
3 903792
2 935116
1 974851
3 905177
2 959178
1 961189
2 939424
4 922974
3 992500
3 907934
1 916430
3 931835
4 924302
4 915311
4 967158
3 983430
4 909560
4 914776
4 972749
5 954467
2 988127
4 973386
5 920826
2 997014
5 960853
2 901120
3 908477
2 969722
4 995364
4 902970
1 957607
2 932220
4 972148
1 905398
4 985551
3 971252
3 930567
3 967343
5 939049
2 901350
4 929200
4 918943
5 944314
3 989380
1 995512
2 947802
4 982820
1 971961
4 939507
3 932117
5 924164
2 937026
3 950301
1 924512
4 999707
2 999980
1 935747
4 1002
3 928858
3 988917
3 908474
2 900857
3 990968
4 945827
4 996
1 987290
4 947088
1 902646
3 921980
3 999956
3 984490
3 928717
4 936725
4 999031
1 909016
5 957056
3 900485
2 944343
5 933388
4 922998
5 902924
4 936850
1 954693
2 943820
3 946079
5 915672
3 919960
4 934199
1 914769
1 915268
5 993079
3 988127
1 980217
2 921665
4 979920
4 928141
1 961713
2 929207
4 920173
5 942241
4 964886
2 960226
4 904322
2 936247
3 915162
4 994469
2 927330
2 967498
3 985804
2 945635
5 932228
5 922935
4 934265
3 904430
4 924291
2 971090
4 985461
4 937480
2 911899
5 934968
5 986842
4 917603
4 972951
4 920667
2 942220
2 991096
5 908659
1 970521
2 984142
5 964602
4 954014
4 935509
3 931098
3 911423
4 997
2 959132
4 984851
1 941011
2 982629
2 940631
1 911241
4 902647
2 912277
2 966786
4 935576
2 971120
3 940701
1 929120
5 979240
1 956930
2 900111
2 945985
2 997791
4 988670
5 909389
2 928911
1 984005
4 939962
4 997
1 982479
3 969324
1 985593
5 933142
3 907514
4 992959
1 966406
3 952320
3 961627
4 925885
2 965087
4 933891
4 998412
4 947602
1 935090
2 990579
3 902948
4 929651
3 903187
5 903101
2 949729
4 919087
3 975487
4 996995
2 973472
1 942540
3 997508
2 956964
1 970193
1 989844
3 975961
5 937071
3 930967
2 934046
3 945844
3 942141
5 975364
4 975959
4 999
3 914283
4 924193
4 964846
5 921594
5 965876
5 933866
3 923179
4 975893
2 960897
4 928521
2 939865
3 933268
3 963423
2 988160
2 921239
5 970669
5 945107
5 990112
2 945801
1 952831
5 928134
1 989072
5 952935
5 934407
4 900063
1 968671
4 942136
2 971238
2 972812
2 991709
4 989410
3 930443
4 944464
5 982543
5 931107
2 913490
4 920579
5 907997
5 999369
5 928075
3 931464
1 982049
1 985538
4 945130
5 931730
4 969130
5 912257
3 901822
5 929115
1 915297
2 904597
2 937729
1 962740
3 970882
2 953362
2 980443
5 950504
5 998767
4 945180
3 924785
2 989590
2 922831
3 985148
3 930785
3 947647
1 934423
1 928899
3 992561
1 957253
5 984169
2 902173
2 959442
2 940949
4 911316
3 974016
2 980537
5 955744
1 942045
3 958292
1 986897
3 979295
5 988237
3 974385
1 934193
5 974282
1 942522
4 919051
1 974238
2 982400
1 993092
2 962983
3 943043
1 902859
3 954553
5 917015
3 915125
5 979763
3 932170
5 971441
1 951548
3 901507
5 938239
5 965565
5 979223
4 905502
4 975573
2 974679
4 970432
3 939128
2 938862
3 964198
1 961969
4 906753
4 929655
1 911537
1 964473
1 944629
3 903963
5 974467
1 947746
1 982126
3 919340
4 960466
3 985180
5 950425
3 993705
1 904864
3 974237
1 932762
2 919258
1 922652
4 1003
5 979491
5 962068
4 932445
4 1003
3 947163
3 910774
3 913836
5 916776
2 963555
5 964701
1 907600
4 991650
3 979491
2 947935
2 993536
2 930896
1 937091
5 927741
5 920260
1 991351
1 936104
2 907906
1 925690
4 963281
3 927883
4 977871
3 941898
4 917757
2 947622
5 939718
4 990885
5 902107
4 966580
4 919283
4 952860
3 905936
1 923352
2 938903
1 952662
4 922904
5 966821
2 978793
3 924768
2 983940
2 904149
2 954538
5 968633
2 987502
4 934825
3 921244
3 958273
2 993049
1 972801
1 996145
2 926723
3 908566
1 905411
2 942262
2 938360
3 933565
3 924481
2 993933
1 952373
5 984622
1 901992
2 995894
3 988224
2 921365
1 986596
1 917689
4 910683
5 906613
3 967237
3 980321
3 997104
2 909902
4 939060
4 963767
2 978091
4 980659
3 985310
2 932428
4 989577
3 916280
4 956751
3 933157
4 954007
4 1003
5 982557
2 995750
3 901903
4 968982
4 995295
4 934351
3 946422
4 902332
2 909677
1 940570
3 982001
1 909103
3 971119
4 944522
2 901901
2 912075
5 995347
3 953899
2 933909
3 916853
2 969481
4 955041
2 959701
2 914837
2 943462
1 940474
3 998316
4 990099
3 900457
1 952210
3 974340
4 983171
3 951459
5 944496
4 998638
3 980175
1 921682
2 954509
1 959418
4 969052
4 951498
1 974446
1 973156
1 965131
1 940882
1 983630
1 934128
3 910442
1 926978
2 913448
3 981859
4 965765
2 936984
2 904547
2 971610
3 951188
1 963194
1 939483
3 949042
5 954257
3 988015
3 979768
1 913204
3 985372
4 952551
4 955227
1 978325
1 963522
4 954352
3 991960
1 988578
5 965545
5 969674
2 948349
3 914561
2 913956
5 967196
5 941004
4 942943
4 976178
1 966843
4 936832
3 997612
2 928402
3 981491
2 904969
3 903465
4 946571
3 984310
4 998458
5 918125
1 920620
4 999
1 920350
5 986955
1 936813
5 974861
1 925260
5 935354
3 900743
3 954251
5 986402
3 953133
2 932427
5 936240
2 948224
2 989162
4 986781
2 945259
1 903703
1 951059
2 989801
5 910257
1 916726
4 941149
2 973177
3 954991
1 922800
5 942186
2 928909
3 919149
3 986563
2 946601
1 967894
2 944628
4 957108
5 905156
2 924484
3 967888
3 981853
3 901972
4 992994
2 916282
3 986650
4 991680
1 992325
1 981490
4 1001
4 912479
1 958501
1 990445
4 917390
1 986369
4 928270
1 997340
1 945844
4 908294
4 972641
4 970332
2 996439
5 994659
5 981167
1 974821
2 977410
5 921590
2 935609
5 951780
1 919083
2 947079
4 960142
4 995
5 907434
4 931680
1 953532
1 984159
3 988170
3 930486
3 928730
2 947766
4 980322
1 907722
4 983768
5 927838
2 982408
4 927183
1 960702
2 999629
2 979513
1 981140
3 960861
3 944028
1 944822
2 973260
5 907433
5 967591
5 979005
3 990205
2 912106
3 984053
4 953332
4 933250
3 983658
5 959598
5 949245
3 971865
3 903711
2 942399
1 963757
2 929893
2 948696
4 923519
4 901680
3 951617
3 931305
4 922620
3 907239
3 945072
3 935858
2 918442
1 973874
4 948320
2 916045
3 926359
3 924508
1 926157
2 963681
5 905330
5 992746
5 942813
1 975038
3 964954
4 938862
4 999214
2 962460
4 997643
2 975983
5 998016
3 995969
2 937539
1 989317
4 945168
1 974937
1 968995
2 976909
4 927340
1 910619
4 900502
1 946581
4 928367
3 934960
3 947785
1 922219
3 960566
1 931153
5 992192
2 964244
3 923114
4 942227
5 969772
5 910126
5 925708
3 941096
5 903140
3 991044
2 980697
3 987744
1 968129
2 931999
3 956846
4 990414
3 916226
3 974530
4 927574
1 936974
1 973024
3 929121
4 998614
2 997466
1 904433
1 931038
3 931170
5 958749
1 971244
4 952927
4 924525
4 992827
1 967756
2 972289
5 959729
2 976975
4 998996
4 912057
5 971011
2 998792
4 997104
4 999
2 917428
1 927005
3 941864
1 978497
5 936647
4 989205
1 954172
4 901296
5 952122
3 967658
5 961241
5 907413
2 942388
2 948772
4 938889
5 983749
4 905968
3 903981
5 984349
3 972553
3 941427
5 908373
4 964814
3 919358
4 983874
4 928072
3 984247
3 930817
2 957073
1 980296
1 943016
5 952952
4 987632
1 904752
2 924600
2 932013
1 966290
2 958480
1 988883
3 973021
5 986736
4 937864
5 989724
3 907922
3 909330
1 928102
1 983192
5 998293
1 924897
3 931396
4 939936
3 968926
4 955554
2 980537
2 912773
2 991199
1 903843
5 924811
4 918955
4 987796
4 999278
3 913785
3 956881
2 959936
5 960928
5 943486
1 934756
5 977277
1 903317
4 981111
2 907148
4 948629
2 997878
5 905017
4 917535
1 960844
1 920028
3 944240
4 968518
1 925893
1 912005
2 933321
2 906124
3 908770
5 907382
4 909055
5 991531
1 908819
3 960667
5 908288
3 938558
4 974500
5 940337
4 974453
1 953889
4 966790
3 971606
3 931877
3 996445
4 968676
2 956859
4 955631
1 900456
5 974260
4 975119
2 914729
1 951249
5 920432
5 948748
3 928897
1 957842
3 909724
5 980886
1 920590
2 937020
4 916341
5 997231
2 995967
1 925189
2 954058
1 935421
1 942140
1 928715
5 928477
2 963401
3 916597
5 959410
1 932239
2 950047
2 943359
4 997298
2 926658
4 906124
1 953999
4 930310
3 915415
4 935492
4 983724
4 903435
1 980111
4 958069
2 973360
5 915498
4 941130
2 982884
1 963820
2 907200
2 931544
1 902459
2 985592
1 927516
2 961687
2 952491
1 992375
5 955255
1 986844
1 938026
1 918380
5 919780
4 994558
3 912618
4 912985
5 974132
4 944418
2 907017
3 923451
5 949654
5 938117
4 946503
5 949517
3 924331
2 974745
5 908575
5 926569
3 916927
2 930609
2 920228
2 920726
2 982872
3 961096
4 908197
2 911788
3 995876
1 913495
4 933107
5 905375
3 933724
3 968301
5 928706
2 909015
1 952572
4 944353
2 985617
1 937390
2 922813
3 920007
2 938042
5 985866
5 959368
5 910900
3 977001
4 934370
4 954179
5 910102
4 925555
3 918199
2 937304
4 937531
2 959777
2 986209
4 974494
4 972639
2 934153
3 995126
5 946132
2 968647
3 983982
4 939227
1 994791
3 940467
4 900732
2 961377
5 917286
1 939362
2 915875
2 939446
5 938711
1 998239
5 903985
2 997632
3 906376
2 989491
3 985759
1 909973
3 931626
4 970171
4 958672
2 960499
2 996755
2 983439
2 907783
2 982470
5 906168
5 938388
2 951617
1 962746
3 925763
3 975222
4 967193
3 956646
2 947032
4 967597
4 928036
5 904873
2 933848
2 912875
1 912592
3 936861
4 996
3 987713
3 958580
1 943548
2 948416
2 934589
5 984837
3 949025
4 917010
2 982351
1 961852
1 900551
1 912362
1 917241
3 940906
5 987851
1 965211
5 984149
3 911100
3 917415
5 966697
2 975380
5 959219
2 985919
3 971150
2 930027
4 972842
4 945557
5 970445
1 907340
5 993083
2 917143
5 942726
3 983501
3 940114
4 950229
5 905269
2 921227
1 948287
4 944257
5 929951
2 929437
5 958603
1 921992
4 960210
2 920198
5 914029
2 979837
3 998744
3 967912
4 962225
1 914245
4 997085
2 941287
2 963426
3 906519
4 985329
5 928068
5 936958
2 911964
3 933576
4 946753
5 980945
5 990021
3 971555
2 944013
1 963218
5 959812
3 984218
5 944500
1 956876
2 995974
1 986464
5 930469
5 916938
4 939666
1 930847
2 908071
4 929855
5 992390
3 962286
5 968998
2 916651
1 944232
1 942203
3 934754
5 953452
3 982331
5 943031
5 900651
3 925525
5 966957
2 941112
4 909449
1 910063
1 973912
3 942241
4 944427
2 950803
4 915412
5 961140
4 998218
3 925397
3 936826
1 998752
1 928945
3 976491
1 965507
4 912267
5 944107
4 981482
3 971188
4 951822
2 982535
4 911799
4 932768
2 952934
2 907760
2 904616
4 980110
2 916666
3 942904
2 936515
3 913153
3 916684
2 961048
1 982693
3 990235
4 903959
4 971769
4 960292
1 905854
2 906603
5 959092
5 996159
2 996805
3 912882
4 920388
2 910641
3 972432
4 902774
4 961820
2 961113
5 975833
2 970785
1 964527
3 949012
5 998677
4 901519
3 962486
1 919153
5 945841
3 980605
4 980385
3 953766
5 978817
4 946228
2 902155
2 900924
4 932428
3 933350
2 934799
5 941313
2 918519
5 960725
5 960038
2 988416
1 901371
5 986289
5 927853
1 949880
4 988680
4 968081
5 939704
3 960844
1 929542
4 978321
3 952797
5 907949
1 933532
2 950517
2 978832
5 980992
5 912019
4 942078
5 915329
3 995327
1 968759
3 962213
5 984894
3 957424
5 986959
5 951318
2 966137
5 912847
4 967466
3 974852
4 919233
1 918428
5 946870
1 908203
4 991646
1 930126
1 982513
3 935425
3 922674
2 960710
1 901926
5 932276
3 997187
4 966604
5 904752
4 900725
4 924265
1 976965
2 938262
1 930813
5 947334
2 984614
5 987834
3 912180
4 993723
3 984231
4 909361
1 954999
1 921561
3 912075
2 920850
3 974671
3 924200
2 955678
5 983062
2 901365
1 902059
1 989005
2 928618
5 988366
4 912324
5 980312
1 978969
3 974795
1 967929
4 978764
2 905859
2 992271
5 993559
1 967014
2 982439
1 992482
2 992255
4 954863
4 920506
1 926637
2 966702
5 987393
2 937033
2 921532
1 903237
4 949450
2 983506
2 940801
3 968730
1 934096
3 942103
3 929269
2 994624
2 912473
3 935719
5 964844
3 962683
1 996286
3 953291
3 923786
5 969992
3 942609
4 1000
1 979130
1 952751
4 910896
3 956837
1 953637
5 919579
2 967285
3 922149
1 910898
1 980590
3 961594
3 926117
4 930776
1 947159
1 988322
4 981759
3 952825
5 975922
1 966677
5 989517
3 901701
2 970361
3 969278
5 949233
5 920201
1 927597
5 984274
5 969567
1 947138
5 956491
4 902334
2 907691
2 904599
5 994950
1 988228
2 969575
1 976550
4 991391
3 973248
4 973338
4 922268
3 974906
4 944237
2 975470
2 909638
4 940994
2 973009
1 996314
5 917283
4 965020
1 904101
3 993443
1 970027
4 956575
5 992147
1 954554
3 977539
1 951975
3 942292
1 936348
5 979065
3 915254
3 987616
2 999064
4 951720
4 994041
2 957348
4 992378
4 973096
5 996948
5 998305
1 923187
4 904443
2 934645
3 974576
4 947297
1 919971
1 907255
4 909717
1 955548
4 930741
5 973533
1 937452
1 911937
4 933021
4 932611
4 913092
3 920169
5 988987
1 920979
3 943325
5 903533
2 903913
1 998562
2 979437
3 928056
4 970677
2 949113
5 924518
4 978637
4 993302
5 925744
4 909591
5 900818
3 942873
4 950296
2 996372
2 945597
3 930072
4 929849
3 960756
2 916160
4 952989
2 932897
2 964339
1 912672
4 902401
5 958932
2 963063
2 938965
2 904138
4 920889
5 907989
4 915139
4 946688
4 909463
2 916992
1 993939
2 917376
3 983104
4 924173
4 903124
5 972821
1 921249
2 942674
1 955915
5 934702
3 992647
4 905901
1 931644
2 943136
1 922352
4 954403
2 938225
2 953784
4 989545
4 936197
3 987168
4 929065
2 939002
1 986934
2 958012
3 927154
3 904610
1 996707
5 975317
3 910534
3 959932
4 973097
5 917341
5 954169
3 993260
5 980912
4 962024
5 936236
4 968666
4 990791
5 952220
2 955697
3 989495
3 909578
2 911694
5 969245
2 947151
2 903931
4 969815
3 999116
4 945484
1 901548
1 994170
1 929431
1 961510
3 997210
4 913222
2 972017
2 912982
3 973393
1 993703
3 999465
3 976248
2 946357
5 909150
5 955165
1 957242
1 992213
1 957293
2 926132
1 950102
1 992643
4 955844
3 939729
3 966396
3 999218
4 946878
5 935355
4 925779
1 992837
4 959009
5 939528
1 982688
5 948189
4 929281
3 920240
4 933143
3 986655
5 996100
3 917458
5 947462
4 918343
1 910361
1 966373
3 924471
2 918535
2 906088
1 954565
3 976439
3 902578
2 953118
3 939353
2 935521
4 995
3 915764
1 974731
5 995009
1 935453
3 967086
5 904647
3 998096
2 951815
3 986061
4 949513
4 911417
1 991097
2 950480
4 980246
2 919519
5 941415
2 964892
3 901223
3 946082
3 935349
2 963022
5 923070
4 905405
3 945811
2 912204
2 991680
4 928559
1 982594
1 957315
1 958263
3 971138
5 977838
3 952871
3 969128
1 934953
3 991357
3 928885
3 933815
1 923530
4 1004
2 973011
2 939819
2 930119
3 968948
3 905340
5 984215
5 935817
1 909458
2 955987
1 993570
3 924255
3 942728
2 981482
2 918927
1 978248
1 924281
4 967059
2 946195
1 990479
2 914886
1 996617
3 966198
4 914972
5 966716
4 907804
5 960976
5 952256
2 918882
4 924240
1 925283
3 946785
4 913366
5 913829
3 905458
5 968602
5 913565
2 909018
4 916231
4 941007
1 945715
5 943380
5 927163
5 932582
5 994142
3 991658
3 986866
1 980775
2 967651
2 910807
4 976947
4 968991
1 932951
1 961758
4 929487
2 916596
3 917972
1 952117
5 904498
5 954786
1 902688
1 912686
5 927936
5 916875
5 930455
2 948175
4 980084
2 937944
3 972656
3 991976
2 964845
5 925890
1 909096
4 997620
4 923316
1 925732
1 922285
5 985181
3 999770
4 995306
1 951944
4 943482
1 941751
3 915647
3 970073
4 922543
2 914028
1 908344
2 952204
2 906324
5 997166
5 954068
1 980546
1 978599
3 968182
2 932033
4 942498
4 970393
2 953111
4 996449
3 986884
5 903762
2 942203
4 947568
1 998835
2 908962
1 914474
3 962814
4 945089
5 969961
3 984055
3 989557
4 945437
4 909342
5 908290
2 920260
4 954007
2 980274
1 978068
4 962255
2 933534
2 952783
2 913986
4 948406
2 916255
2 908755
5 990720
1 931475
4 911262
1 933993
2 984761
3 998615
4 975522
4 940384
4 979634
2 948262
2 993670
5 906634
1 979958
4 957625
2 921838
4 969589
3 933180
1 990990
2 930444
4 907725
1 992108
5 903275
4 951147
4 978106
2 979779
5 911526
5 933602
3 989333
1 927084
2 973391
2 997090
4 945922
4 968730
4 964766
2 997774
3 945201
2 951036
4 969905
5 941019
3 949758
4 946076
1 938200
4 981426
2 934585
3 990423
2 947598
3 948376
3 929421
3 911852
2 972587
1 909009
3 950410
2 974142
3 906217
1 911752
4 948740
2 983601
5 929627
5 991140
2 951471
4 933311
2 950897
4 945310
3 903150
2 902970
4 962540
5 978022
1 950062
4 925596
5 904629
2 924989
4 937933
3 913534
4 910910
5 971191
4 925871
2 910404
3 998688
3 907202
4 953791
4 995541
4 934270
5 980308
4 917861
3 992621
5 937615
5 945872
4 979040
5 909945
4 983863
2 961277
2 953415
4 983163
2 934498
3 940061
4 921740
5 918594
5 916886
3 962487
4 937262
3 922895
2 916713
1 944634
2 951434
2 922922
2 941711
4 989594
4 970156
3 986338
5 965141
4 901516
3 978130
5 905440
3 989041
3 981646
3 977155
3 904487
1 943018
5 946462
1 994143
3 931159
4 998833
4 982722
4 918484
3 984386
5 922655
1 925680
4 954143
2 995478
3 910632
5 930061
2 993246
5 968379
4 985677
2 994435
3 957132
4 965871
4 990866
5 989469
2 905388
4 970625
3 930594
4 966666
1 950751
5 967087
4 950789
3 988755
1 944536
5 995682
3 952476
3 988469
5 971324
2 963010
5 972313
5 957747
4 904476
3 946853
3 913916
5 951532
3 938155
4 960911
3 970795
3 991197
1 969923
4 991353
2 977380
4 910272
1 930126
2 970167
3 929177
4 949708
2 954993
4 957702
3 946930
1 907204
3 964043
2 999145
4 974077
2 978790
1 961274
2 934668
2 931221
3 936537
2 937783
4 910546
2 944786
5 959494
4 979000
1 990834
2 943561
4 977712
4 949589
2 924840
2 943774
4 989216
2 901091
3 971013
4 950867
4 913988
2 940247
2 979161
3 961182
3 907546
1 970720
3 983915
1 993705
5 971508
1 963627
5 950132
5 907225
4 999894
1 969667
5 910302
3 948453
3 988510
4 907310
1 978902
5 987843
4 996272
4 998
5 992759
4 982189
4 968922
4 939192
1 995697
4 977457
3 975825
3 924779
1 974672
1 912512
4 942968
5 944494
4 912854
4 926374
4 943717
4 962540
3 964967
3 966489
1 952279
3 974240
4 997497
1 929045
3 907327
3 984455
2 994054
1 903546
1 933708
4 986340
2 905580
4 913721
5 949488
1 979166
3 920449
1 913466
5 913732
3 914241
4 920472
2 978565
5 960029
5 995645
5 988092
2 943554
3 906721
2 945153
1 909524
4 941095
3 916760
1 959210
3 942048
5 935237
3 977473
3 919755
5 949170
1 949027
2 939275
3 935136
4 947962
4 957002
3 909546
1 998999
1 923616
5 990295
4 933847
4 954760
3 929519
3 970909
2 997413
4 982555
3 997772
4 980106
2 951917
2 985897
2 977905
3 973877
2 989547
1 991462
4 987965
2 984065
1 978302
3 997175
2 968915
1 935112
5 932082
1 947718
2 990383
2 913330
5 990270
2 932657
1 927687
5 925349
2 916038
3 934332
4 960832
1 970732
2 966009
4 955704
3 917048
2 903098
4 909993
4 970081
2 961576
5 993179
1 900358
3 922064
5 908869
1 934404
1 927516
4 945974
3 908065
3 981225
3 983109
3 924932
1 958679
1 991123
3 937209
4 990906
5 933544
1 922661
2 960719
1 908780
2 952024
1 994617
4 901495
5 940960
4 995886
3 907935
5 905626
2 917626
4 991251
3 954599
4 996
4 974987
1 913855
2 964795
2 995139
2 964998
3 906345
3 920807
3 999162
3 951033
2 993210
5 984439
2 936298
1 907949
3 996987
2 925060
4 970108
2 970585
5 958531
4 992403
2 966261
4 921741
2 966557
2 905821
3 936991
2 936362
5 941505
1 922052
1 903298
1 939438
3 915356
3 964516
3 902196
4 942180
3 978898
5 919825
2 959313
2 978346
4 922513
5 950570
4 976965
3 920545
2 969923
1 984657
4 922114
5 972567
3 927561
4 934355
2 968335
1 920802
2 914382
4 951474
5 954482
5 916573
1 960129
5 995593
1 927579
2 900828
4 964142
1 904954
4 956465
1 953249
2 938019
1 913129
5 987730
5 922545
3 909480
4 907498
1 967080
5 927864
3 926886
2 927065
2 949978
5 931476
2 922249
1 904812
3 971160
1 954520
2 945576
5 926163
3 941188
2 994921
3 965181
2 923532
5 961770
2 969649
2 979986
5 974893
3 964936
1 916356
1 962145
5 988217
2 982564
1 941211
4 944242
1 907986
3 901519
5 914424
4 998907
5 985471
5 935819
1 959173
1 994850
4 911628
3 961264
3 997543
5 951345
4 911834
3 986474
5 962605
3 915252
5 915707
5 990321
5 997540
3 944966
1 911881
4 906579
4 964511
3 988132
4 919817
1 964439
5 993681
1 962277
5 907073
5 973969
1 996745
2 966943
3 949535
1 916255
3 927668
2 906833
2 915110
5 913178
4 994485
2 913432
5 939356
1 929304
1 938183
3 910375
2 940446
2 932120
4 954364
3 903728
3 929424
2 909690
4 931563
1 999031
1 967082
2 982923
5 988058
4 935127
5 925164
2 932002
1 920393
1 993306
5 929406
5 989914
2 910099
2 971967
1 918643
2 910353
2 903450
4 964813
2 940389
4 916494
2 917964
5 989030
1 927663
2 903069
4 943431
5 907096
4 965182
2 911241
3 915350
1 983549
5 943848
3 972291
4 984283
3 960807
5 963114
5 973129
5 926336
4 954157
5 990790
2 945351
2 967093
2 959649
3 991365
5 970744
3 917092
5 985314
3 941585
3 926726
1 936843
5 949548
4 935297
5 939386
2 998182
1 976990
4 976486
5 908588
5 922382
3 946982
4 977799
2 970135
4 981905
1 921323
3 908635
5 914260
1 942371
1 929008
3 980115
5 947610
3 940789
3 976847
3 916997
3 911440
4 944620
3 901943
3 936623
1 945485
3 900340
1 994435
5 939326
1 975318
3 938887
4 911903
4 968978
1 981089
1 958039
3 946363
2 979880
2 977078
5 932084
2 939224
2 979159
5 999235
5 944993
2 997058
4 941010
3 949137
3 990708
4 961619
3 999421
4 922299
5 978352
2 997906
3 963434
4 984767
2 973575
3 984716
3 972792
4 966303
5 901645
1 905909
5 989729
4 922198
5 991546
1 907130
1 914865
4 993967
5 922608
2 966471
1 980093
4 929777
1 959840
4 906661
3 939150
2 954513
2 972614
2 916432
1 976635
4 976253
1 956382
2 901534
2 996733
5 908123
2 992349
4 943048
1 990204
2 911940
5 981125
2 926655
5 956486
3 997639
5 987832
1 925715
1 913069
1 994108
5 940906
2 948078
2 961619
4 962167
1 987620
4 971755
4 941037
1 996132
3 968107
1 950599
1 914676
4 922922
3 976811
1 910657
2 949537
4 901747
2 970285
1 954529
3 971769
4 1001
2 918386
2 995072
4 941486
3 917930
5 943027
4 989809
4 983611
2 959879
2 997393
4 997
4 903845
1 908516
3 954400
5 946209
3 933455
3 914758
2 980243
3 996602
4 948924
2 926501
4 976201
3 993690
4 960862
2 965996
4 935750
2 985316
1 931690
3 934297
1 971279
4 975292
4 998
2 987348
2 941073
5 940716
1 987261
4 933491
3 979533
5 914210
2 917937
5 980786
2 967395
5 942232
1 997395
1 943979
1 963297
4 973793
3 977192
3 966894
1 999300
5 926425
5 927990
4 930755
1 932585
2 917587
5 936891
5 969486
5 988731
1 948013
3 908077
4 939471
2 968519
5 965204
2 975104
3 957806
1 961714
2 994298
3 951831
1 953384
5 914952
5 930025
4 954124
5 960672
3 958331
3 918939
1 997311
3 964335
1 903383
4 900790
3 923832
2 900048
3 966577
1 949302
1 938802
3 941421
5 985581
4 927345
5 995719
2 917951
3 979414
3 958039
3 938955
4 935430
4 988124
2 947516
1 951812
4 968541
3 928510
5 961936
4 934662
2 967741
2 979216
3 915833
1 949744
5 932122
2 905663
1 945946
5 942057
2 914266
1 955845
5 988185
5 959026
5 973128
5 975189
3 936884
4 966051
2 938497
1 940534
2 922711
4 918266
3 936276
5 966726
5 945762
5 948156
1 925848
5 944974
1 963568
5 978666
4 911995
5 998756
3 982710
3 997665
4 913873
5 940296
3 925683
1 902179
2 952918
4 990711
4 963040
2 971150
4 993575
5 931075
4 961550
1 980431
1 964278
4 953381
3 930449
3 926187
4 910298
5 910862
4 939527
5 997007
3 984620
5 920745
4 933034
5 942123
4 979659
3 992358
4 983572
5 927643
1 972618
4 915684
3 929978
2 952145
4 989813
2 946234
1 944446
5 968215
2 999732
4 962998
5 929195
5 941299
3 937349
3 937227
5 972638
4 910825
5 930383
4 904688
5 937662
2 982664
2 928251
5 976457
2 912356
5 980320
1 958518
2 997862
2 906070
1 947243
5 910397
4 906368
2 953347
2 917794
1 961991
5 998880
2 987932
3 925355
1 933088
4 905504
1 944987
4 967653
4 988681
3 940245
4 969729
2 916484
3 956089
4 917670
4 915813
5 986241
5 959369
2 908500
4 925695
2 964272
3 910111
3 901435
4 906650
4 946653
4 935211
5 901463
3 905126
5 969727
1 930632
1 950455
5 920665
1 930684
4 1001
5 938731
4 971705
4 992396
2 965175
1 951984
3 957665
1 947720
4 935283
4 922148
3 937047
3 951979
3 929625
4 907104
3 997734
4 993453
2 932194
4 966977
4 985197
4 974075
4 935906
3 909676
2 913273
1 938113
1 956684
5 907395
2 917215
1 933404
4 927178
5 952581
2 901830
1 920134
3 986244
4 965396
5 929391
5 950484
5 934484
1 930527
5 951848
4 909777
4 956459
5 906274
5 919401
5 909632
2 908371
3 988033
1 929472
5 967684
5 971683
3 938214
4 963526
2 992411
4 994857
5 953894
4 947741
1 985631
1 934176
3 933343
1 900129
3 929681
4 943815
5 990247
2 908369
5 985557
3 933258
5 912460
5 977267
5 931433
1 919921
5 955544
1 953837
5 980517
1 931508
4 944168
2 929646
3 981322
3 977989
3 907447
1 962831
3 971628
2 929925
5 995469
1 919790
5 957799
4 1000
4 977922
5 922661
2 945733
1 906889
2 981911
3 986668
5 946374
1 919541
1 914752
4 945159
2 950506
5 911538
3 957176
5 991257
2 967096
3 901246
1 971027
2 941990
1 975621
5 904570
2 960012
4 985055
5 950050
5 985281
5 900873
5 942640
1 907842
2 996824
5 940294
1 953123
1 966332
3 953773
3 974296
4 955341
2 937636
5 907983
1 916987
3 900330
4 988224
5 963463
1 909676
3 900109
3 955881
2 998355
1 940271
2 946625
3 992765
3 957044
5 902056
1 953768
2 961126
4 951459
4 982031
4 922524
1 984107
4 954558
1 927251
3 996748
1 952620
3 913150
5 905269
1 987775
4 920487
4 916356
4 928347
5 926644
4 922563
2 900437
4 927846
4 903744
4 985130
1 951174
4 913121
1 917929
1 940885
1 914355
3 939418
2 937326
1 914824
3 955581
5 917845
3 909053
5 920904
4 909700
4 985499
3 943995
1 936746
4 943069
2 991563
1 957947
4 980459
2 900271
4 918485
1 940706
4 979094
4 932171
1 960037
3 916766
4 975101
3 903133
1 958810
4 904259
2 989315
1 923417
2 930670
1 907395
4 964319
2 989194
1 933892
5 919396
3 995484
5 931597
1 986281
4 977311
5 908234
5 945173
5 947239
2 993736
3 971332
3 960431
5 907698
4 910067
1 914364
1 931223
1 927184
2 988772
4 998257
3 957244
4 976719
2 941731
3 921183
2 961476
1 904280
4 943886
2 910496
2 930448
1 972020
2 925516
2 951593
2 992921
4 900371
4 956214
3 912846
5 903523
5 905502
2 964088
3 984691
5 912200
1 968455
4 966919
1 974608
2 942440
2 938594
1 938340
5 941827
1 938357
3 966253
3 916871
4 902739
5 983127
5 991087
4 909991
2 902241
1 907877
2 907769
4 942132
4 922282
5 928515
1 981525
2 953733
5 953503
3 949106
1 957084
3 966415
5 934001
3 921737
1 997397
5 948345
5 972260
4 924761
5 904386
3 986941
1 982794
5 924361
5 916083
5 947573
3 944364
3 958123
2 939444
5 933892
3 957998
2 990618
5 916640
3 964455
5 963039
1 997577
4 936400
3 951081
3 915398
4 974809
2 953370
5 913092
4 980357
3 922276
1 934090
4 941173
4 901648
2 947762
5 947646
3 953134
2 912366
3 996473
4 985783
4 913556
4 999853
4 973246
2 933225
5 999078
1 963296
5 992205
5 982176
4 1003
3 958154
2 934147
1 930385
2 926398
4 910753
2 953775
3 924453
4 904606
4 903210
5 928878
5 975078
1 959277
1 904232
2 924926
3 974929
1 960045
3 996835
5 906947
3 977215
1 995919
2 986895
1 913120
2 955102
4 965912
5 971520
4 926602
5 915123
3 914231
2 963157
2 958796
5 993433
3 925300
3 921866
4 995066
5 995400
2 909034
4 909364
5 914444
2 993092
1 958928
1 913206
3 906676
3 917596
5 921692
1 960150
1 932929
5 900146
1 900199
4 999
3 935600
5 963940
2 985368
5 969548
3 919395
4 931013
1 996824
2 917265
4 938307
5 953819
4 919197
5 992169
1 959556
5 932064
3 961752
5 990740
5 972141
2 963942
5 985125
3 984468
2 968253
4 922546
4 912373
2 964431
1 993723
2 998391
5 930034
2 965052
5 935593
1 926682
4 933320
3 905336
5 953772
1 967115
2 993225
5 909025
3 928175
1 910571
3 950954
2 983301
3 991318
2 972548
4 906355
1 982155
2 942186
2 944950
3 954996
5 973550
2 979737
1 928092
5 992743
3 962906
3 952232
1 953523
5 930876
3 943580
2 979701
2 984249
3 956834
5 973940
1 976748
5 964458
4 947707
1 948475
2 934005
1 936839
5 957771
3 953585
4 926509
1 972622
3 924147
3 940616
5 913750
5 958408
5 907732
1 945913
5 973281
5 994217
4 986508
5 947277
5 906631
4 963273
2 993896
1 949993
3 941367
2 994208
2 938625
5 935647
2 975203
2 962369
2 936498
3 984722
1 949856
4 946386
2 953196
5 939157
2 958235
3 903206
1 915600
1 967217
5 933488
1 954866
4 995455
5 994588
5 999187
4 906018
4 978007
2 921527
1 906575
4 971830
2 931212
5 955621
2 907109
3 995248
1 969799
4 948603
2 912366
1 944461
4 905838
3 917907
4 923628
1 935449
4 916708
4 985722
4 972388
3 900303
1 957440
4 955539
1 916331
2 964472
4 904339
5 978150
5 914543
1 932642
4 941388
3 988342
1 946651
1 975960
2 976584
4 986754
3 935320
5 951727
3 937686
3 997134
2 974296
1 920555
5 984761
3 946440
4 947048
2 932291
2 992262
1 972360
3 994529
4 965010
5 928524
3 950053
4 958378
2 975164
5 950226
2 973838
4 900747
3 906539
3 991496
3 956267
5 943431
1 918904
4 952791
3 927763
3 925270
3 962650
2 999582
5 933989
4 975506
3 957506
4 904072
4 960780
1 966359
1 915837
2 999154
3 906284
2 916253
3 958717
4 925056
5 974555
2 953088
1 954969
2 965000
3 943767
1 982210
2 925553
1 982883
4 929536
1 962762
3 943632
2 940984
2 995567
3 916444
3 922185
3 981556
4 980314
3 992617
3 981761
2 921863
4 986096
3 938746
2 932881
5 980189
3 928335
2 938497
4 998982
2 923907
4 929855
1 984287
1 927077
5 911929
4 938923
1 970271
5 965461
4 922806
4 918743
4 912724
2 974983
4 978008
1 945902
4 929210
1 959855
2 967667
3 913229
3 939662
1 981384
4 919584
1 991249
1 905168
4 961849
3 930513
2 947122
1 924777
5 929686
4 926902
3 972713
5 915476
2 971566
2 930270
4 950768
4 986199
3 966222
1 948580
4 962046
1 914304
5 912047
1 921454
2 923526
5 949614
1 954070
4 998
2 915895
3 949618
3 961119
1 951240
1 997469
2 989331
2 960689
5 914963
1 983809
2 912887
1 941244
4 989503
3 937103
5 926082
1 995690
1 964252
5 981981
2 915944
3 952188
4 958878
4 926182
2 976826
4 943750
3 958557
4 947164
4 918969
5 906306
4 928008
3 914948
1 998835
5 961293
4 972257
5 966312
3 933160
5 935964
1 974474
2 915525
1 933189
1 909907
2 985514
4 993117
2 934277
5 908301
2 962267
2 906537
3 982193
2 940235
3 924285
5 959135
3 985443
2 993338
1 997030
3 960253
1 980386
2 915315
3 952398
2 991740
2 980280
4 933317
2 958641
4 932638
1 975309
4 921469
3 956672
5 995761
1 908809
2 951991
3 954229
3 911672
1 984027
4 994134
4 917979
4 966810
5 994534
1 977157
1 912918
4 980534
5 948804
4 901598
1 980424
5 940466
2 911534
1 959043
5 910114
4 944146
1 971227
2 971667
1 987843
5 978236
5 996570
4 999
4 988528
2 949617
2 908032
5 926797
3 904552
5 923572
1 998425
5 956362
4 967917
1 977689
4 985846
3 997631
2 970407
5 954130
4 961886
3 964059
4 963526
3 970086
1 917154
4 905001
3 937242
2 956132
1 952401
2 936440
1 987649
1 987965
3 962089
2 961271
5 969130
4 993068
5 926479
4 947481
2 945110
4 908198
5 975320
4 995253
3 975098
3 942938
5 972098
2 974777
5 978298
4 999889
1 956724
4 904448
4 923208
4 966109
4 932261
3 911626
1 926171
2 946124
5 913364
5 974080
2 909156
2 986181
1 906797
4 934509
2 951080
1 950065
3 910690
2 929992
4 940267
4 998472
3 983666
4 931471
3 938092
1 930375
2 956424
1 986974
4 960237
2 912132
1 901599
2 931698
3 964080
1 996053
1 917320
5 986923
2 908576
4 965305
2 981531
2 911831
4 987907
4 981235
3 920842
3 999339
4 930073
3 969991
3 901593
3 987650
3 988360
1 919795
4 924629
3 907659
2 987291
4 1001
3 944278
1 988750
5 931727
5 949695
1 993898
4 919247
2 993516
3 911791
5 940256
5 907348
4 916471
4 934785
5 929515
5 987509
1 900714
1 920719
2 978555
3 936038
4 946492
4 971223
5 908222
3 921664
1 967316
5 913228
2 956622
3 962547
5 961309
2 932268
3 975773
2 971759
3 948196
1 939095
4 960774
3 945041
4 909049
1 944171
3 962422
2 952595
5 955002
5 966513
4 986535
2 901685
1 909674
2 954536
3 988646
2 997896
3 968317
3 938547
2 913180
5 964470
4 981435
2 979119
4 994010
4 913510
4 917750
3 936188
1 963536
5 985970
1 989290
2 935905
3 905322
2 935925
4 948072
5 914186
2 988383
1 945661
4 940955
4 980476
2 978263
5 910855
2 928635
1 939363
5 925687
5 903746
2 972257
3 912827
1 960264
3 954405
3 977684
5 981162
3 963559
5 926738
5 945601
3 958944
2 984825
2 935402
3 965323
5 971554
3 976302
4 966038
4 932037
1 919532
3 934020
2 968270
4 931030
2 958034
1 989795
1 916345
1 981187
3 913245
5 960407
4 901231
5 911395
2 972230
4 972861
4 917354
1 953431
1 930589
4 940105
5 924614
5 916389
3 950376
1 995693
5 978840
4 950389
4 937006
4 993021
4 961306
1 904084
3 981561
5 966650
1 978135
5 922639
5 907322
4 964442
4 985704
2 914629
3 960678
2 921244
4 979428
4 954066
2 999838
3 993512
5 914383
2 917853
2 957709
4 929829
2 975376
2 901751
3 972484
3 971746
1 901453
3 959368
2 931137
5 960972
5 908563
3 903295
4 972414
1 956438
2 980797
1 985760
5 935996
4 952958
5 941537
4 929564
2 949297
1 962959
3 908513
4 914094
5 942065
5 904666
4 938033
5 902781
3 976291
5 952762
2 988227
5 967421
1 991549
2 966858
2 928538
3 989264
2 994734
5 994614
3 999193
2 980908
4 906661
2 926453
4 915637
3 911273
2 940120
1 998489
4 977447
3 916149
2 902347
2 954522
5 953268
4 914734
5 986492
1 941071
2 952686
3 939720
5 943826
4 949713
4 925877
3 994027
1 954713
3 973721
3 902709
4 950274
1 946815
1 977428
3 974420
5 922599
4 957142
2 956355
2 978505
3 955042
5 939998
3 916455
4 984871
4 955329
5 956560
4 988534
5 984730
4 911476
3 958138
4 988759
3 998099
2 982980
4 973877
1 919320
5 992688
2 923738
4 937449
3 917154
2 905069
5 939102
5 930921
3 958094
1 981821
1 983338
4 979496
2 994965
3 964654
5 998238
3 985870
3 992087
5 947320
2 906856
3 902004
4 924348
5 991786
4 945709
4 955398
1 989125
1 903330
2 988518
1 955480
5 990273
4 995212
2 939415
4 942780
5 999391
1 913352
3 958928
5 945580
1 951662
5 991488
4 940882
3 970682
2 970684
4 976012
4 969048
5 914343
3 971655
1 932254
2 931237
4 981054
4 995
4 923132
1 917745
5 921315
5 917561
4 977311
5 928932
3 949715
5 919048
3 979669
3 999297
5 921792
4 951429
5 926795
3 938167
5 987736
1 996396
5 954860
3 950211
3 945868
2 996539
2 980831
5 975907
4 981279
3 905425
4 936719
1 926376
5 912630
3 988456
1 945137
2 909554
2 995109
5 905358
3 910095
3 968220
2 965389
1 956936
5 994063
1 930562
3 925912
2 996187
5 967595
3 978011
3 959319
4 923330
5 986261
1 923971
4 937947
4 981719
2 944307
4 906559
2 904974
4 948455
3 955573
1 931925
1 915613
4 950639
4 947438
5 984864
2 967465
4 914581
2 926770
3 935197
3 953066
5 910391
3 965265
1 986636
4 992772
3 983199
5 982583
1 905122
2 924650
4 913435
2 948828
5 914105
1 926902
1 952407
4 939228
3 991394
1 929213
3 965078
3 957862
1 935543
1 902918
1 981881
4 912754
3 925477
3 957012
4 998071
2 936205
5 949467
3 988456
5 972876
3 913688
3 937976
5 957842
5 938838
4 955124
1 961288
2 958805
5 945171
3 930335
2 979076
4 965463
4 935124
5 958663
2 914150
4 993468
4 922254
5 966746
2 959944
2 956652
5 920130
3 981858
4 919496
4 976765
1 928868
2 991347
5 955052
1 921070
5 962882
5 952857
3 910425
2 918800
4 999027
1 908959
2 985250
2 955355
1 929352
2 939705
1 931256
4 973598
2 995889
5 913876
2 968640
2 972378
5 998483
5 930499
4 952180
4 1000
4 954522
4 941367
1 959485
1 995750
2 957957
5 944787
4 902932
2 933472
5 923926
4 952811
3 914649
2 948550
2 901587
1 907727
5 982038
3 950943
4 916324
5 987927
4 903976
4 954109
3 913942
4 939541
3 910599
1 916839
4 917542
2 943930
2 963683
1 976072
3 973786
5 963426
4 947507
5 959328
3 993412
3 907348
3 929139
1 911025
2 969246
4 924879
2 923174
4 952644
1 906018
2 933400
1 988880
3 941238
4 975978
4 913128
2 969850
4 934835
2 998452
5 962760
5 988601
5 983789
1 906859
5 903884
1 971530
1 965209
5 933306
1 962077
1 913769
1 938908
3 978921
2 948508
2 902460
2 954720
5 933621
5 943298
5 920533
2 978219
5 922322
1 977871
2 936100
1 937723
2 901291
3 933256
4 995342
2 982936
5 983802
1 990477
1 965092
4 960046
3 969906
5 919984
4 978474
3 909241
1 981909
2 934121
4 959751
3 942574
3 997389
2 986909
3 975819
4 984948
1 920713
4 1001
3 906985
3 911248
2 953486
1 936668
3 985187
1 928119
2 923671
3 946282
2 942343
4 976153
2 939069
5 911102
5 966974
1 928848
5 948288
2 967904
3 947355
3 926483
2 912218
1 963407
2 929666
1 924889
1 926505
2 962723
3 925038
2 907994
4 945336
3 949475
3 967296
1 947990
3 935654
3 994626
5 933610
5 918043
3 930772
4 935535
3 927344
4 940851
1 953776
4 978021
2 900506
1 992621
4 937897
2 967784
3 978145
4 952531
4 920898
3 906632
5 961831
5 978334
3 954251
4 969330
1 957219
4 986368
2 903506
5 907287
4 971801
5 946707
2 944760
5 982885
1 942439
2 932094
4 920256
1 976003
2 917344
2 967525
1 989995
3 923780
5 902314
4 1001
1 922653
4 993794
4 989406
5 972500
3 996502
3 982446
2 903819
5 904620
1 917890
4 988634
4 959814
4 913177
4 1005
3 980358
4 999972
4 967988
1 900772
1 916354
5 964775
1 962147
2 947902
3 975759
1 932564
2 963844
4 919410
2 947272
2 922769
3 982451
4 971964
1 941294
1 915040
3 965972
2 955955
2 956700
1 980563
5 912839
1 937429
1 951220
3 934731
4 932850
4 900309
1 980320
2 918735
2 975251
4 971101
4 934194
3 970934
5 926157
3 929957
4 982111
3 951086
4 929245
4 915395
4 941773
4 932312
4 964781
4 1001
3 909698
2 940715
3 940979
5 939517
2 908899
3 975345
3 953199
5 952090
2 997847
2 935017
2 989394
5 964758
2 976911
2 960322
1 950026
2 950661
2 993924
5 910015
2 964895
3 923228
2 947899
1 997288
3 904997
2 991449
2 974219
5 962162
1 926254
3 914840
3 953187
4 989370
2 971308
1 909414
4 967967
2 900103
1 990029
1 911738
1 947949
5 955372
4 937408
3 990982
1 989569
5 900928
1 940236
3 995102
3 914978
4 915094
5 919628
3 906647
2 965068
4 995021
3 933174
1 972017
5 927551
4 969068
3 952546
5 966722
4 928041
3 908006
1 962929
4 917331
5 971618
3 983802
3 960643
1 990373
5 931432
5 942989
5 904982
4 906331
4 958693
2 908505
4 901655
4 903927
4 946606
1 910184
4 961955
5 965564
1 977479
1 997572
1 937962
2 903883
1 903476
3 988378
4 943506
2 902193
4 907571
4 925452
5 907748
4 968588
2 915708
3 999494
2 941624
2 902012
5 911440
1 977030
3 993112
1 919774
5 902744
2 973077
2 997500
1 982902
3 934557
1 914916
1 997466
5 926244
3 929835
2 922750
2 951901
3 986117
1 968359
1 966800
3 958669
4 943679
5 978077
5 970774
2 996224
3 984074
2 990019
4 980563
3 988291
2 966863
2 919444
1 914394
1 920589
1 904198
2 904879
4 979905
2 950223
5 997469
2 906081
1 931410
2 942717
3 911045
5 965963
4 977529
4 942103
3 970988
1 934352
5 952373
3 924788
1 928357
3 941118
5 960671
1 933245
4 942435
1 919169
5 999648
3 964560
5 993266
2 960623
5 900741
4 907216
2 900943
5 959273
3 974777
5 968574
1 953866
5 987165
1 917942
5 958287
4 920318
5 985004
1 968490
1 905845
2 938732
1 927324
2 962145
4 946143
5 997851
1 919420
4 975334
5 917108
5 970743
3 955871
2 930991
3 997332
2 901868
5 933636
1 943006
4 985883
1 997712
4 928431
1 925112
3 919153
1 930446
1 906124
5 940103
4 926604
5 937724
5 980858
5 925849
1 928099
2 953057
2 940860
5 934459
4 931112
1 972781
5 925797
1 916203
1 976017
4 942371
3 921523
4 925395
2 981250
2 971677
1 900684
2 955174
5 917461
3 973297
2 935136
3 928468
5 910697
5 949626
1 924146
4 966834
2 932993
3 992689
3 957168
1 913783
3 915474
5 971155
4 970557
2 951985
1 927191
5 903220
5 989602
1 957576
1 910256
3 928853
5 912423
2 937782
4 934644
2 947029
3 975853
3 903970
4 932247
4 930412
2 972860
4 900705
1 954629
3 937834
5 937149
5 938646
1 953306
2 952893
3 926230
1 919733
4 904967
5 939002
3 936125
2 935606
5 934935
4 954948
3 979289
3 988639
3 949902
1 968949
2 934944
2 952294
4 946481
4 963459
1 949360
4 980170
2 995648
2 903220
3 943551
5 952954
5 963432
3 920908
3 960591
1 992729
2 995575
4 978256
2 980295
1 997069
1 913318
5 951485
4 995
4 912841
4 921863
4 961701
4 967037
3 955513
3 998213
4 986711
1 991513
1 996629
4 987178
3 999341
2 947407
5 995128
5 938484
4 941713
2 943603
5 962855
5 905357
5 995972
1 907751
3 997236
3 963987
4 999799
5 982756
1 930777
2 943532
1 991337
5 928688
5 957182
1 988978
3 914346
5 920873
2 959256
4 970082
4 930151
3 912054
4 953007
1 949629
5 902076
1 974755
2 940788
4 981696
1 929774
5 941534
2 943965
4 900806
4 973943
2 937109
4 983280
4 996723
1 952960
1 913710
3 963477
2 961471
5 963001
4 983686
3 987052
3 975443
2 934583
2 957917
3 975298
1 965335
3 937785
4 913902
1 970318
5 944759
4 963456
3 982540
4 922945
1 980085
5 985790
4 935221
3 931300
3 900507
4 925865
3 958622
5 992729
5 973405
2 905434
4 966106
5 984308
4 975412
2 923089
5 941864
5 979632
3 914784
3 983569
2 997026
1 958352
5 958661
4 928700
3 987938
3 939416
3 976856
4 972986
3 966071
5 916494
3 920147
5 993503
1 970143
2 936186
3 997667
1 972990
1 984474
4 926158
5 910629
4 938350
2 975234
3 941382
1 925256
2 970650
1 990823
4 944442
1 972487
1 929823
4 941374
5 968150
5 932087
4 951413
4 959204
4 970614
1 966791
4 932673
1 917562
1 935211
1 971632
4 950637
4 932109
2 943992
4 934135
5 956008
2 953954
3 924594
5 927957
2 933543
4 994872
3 914227
5 915799
1 922013
4 994020
1 964797
3 991688
1 918693
1 920673
5 964408
2 935403
1 904379
3 900559
4 917965
4 931317
2 913747
3 997129
5 986443
4 909038
5 973974
1 986346
4 947564
4 999494
4 903751
3 926699
4 930767
2 970226
1 946238
1 959920
5 962401
4 963671
3 901861
1 902968
4 974138
4 945730
5 976520
5 907358
4 943019
4 992995
1 993971
4 985153
3 926247
4 936353
1 979477
4 953242
4 972934
2 931281
4 938352
2 989855
1 908947
3 960988
3 983484
1 913652
5 973695
4 986561
4 925756
4 973963
1 988807
1 910533
4 967477
2 914536
5 919751
2 900985
2 937523
1 976821
4 914338
1 963417
4 909817
3 925548
1 953227
1 913668
2 937734
2 996730
2 912641
2 960652
5 976097
1 975898
1 927747
5 942892
5 967675
3 966450
3 981437
3 994878
3 977737
3 905916
1 940836
2 934158
2 974338
4 951144
3 927689
5 935424
2 987345
3 979444
5 902278
3 900779
4 949259
3 953160
5 994926
3 922253
1 989710
2 978794
4 981233
5 947351
2 924734
2 946644
3 941644
2 931524
3 920886
5 911185
5 900259
1 938372
5 918397
4 998947
4 991674
5 909525
5 985274
2 954216
3 973101
4 991521
1 911313
1 986858
5 929719
1 932039
3 980744
2 944249
5 935461
5 962295
4 969705
1 976160
3 902940
2 932450
5 908600
5 981454
3 920031
2 902465
3 901518
2 970832
4 977015
3 982307
1 945859
4 952225
5 936783
4 978630
3 999717
3 930326
1 909353
2 997422
4 986430
3 984906
1 985022
4 934918
4 995891
4 928993
5 991301
3 937410
5 923273
4 977371
5 979698
3 975889
5 996511
2 959166
2 941535
4 925214
2 941475
4 959500
4 944028
3 963535
4 929507
2 928091
4 969110
3 916755
5 927782
4 951929
5 950145
2 918481
3 999139
2 974145
2 964969
1 901284
3 985651
3 975060
3 987303
4 966875
5 900224
1 991264
4 900766
1 949220
5 967421
1 924793
2 970883
1 946206
2 970159
1 937414
3 982095
3 903801
2 952603
5 916280
2 968113
2 927566
5 916043
2 990711
4 999
4 946474
1 979215
5 931101
3 930369
2 901289
5 950573
4 959677
4 912604
5 945932
1 950895
3 955922
3 999601
1 954736
1 920256
2 966130
4 953146
4 950462
3 918233
5 961189
2 946781
5 954242
5 967415
1 967155
3 959567
1 990648
3 960388
5 929436
4 932514
4 929759
3 916447
3 927133
4 994222
2 909808
4 916259
5 998227
3 915193
4 965637
3 953939
3 974973
1 946367
5 958609
3 901316
5 926451
3 995371
1 933236
5 959429
1 959756
2 991230
4 942557
4 979632
4 904220
2 993963
3 974170
5 996843
2 913579
2 942894
2 905764
3 959979
4 944081
4 982732
2 985263
5 970550
2 952252
3 954719
5 936227
4 981804
4 938057
4 943138
3 914477
3 907785
2 934139
5 980412
1 963345
4 973761
4 982606
4 907294
4 995
5 972366
5 926605
2 981367
3 901044
3 954273
5 989081
2 920030
4 926319
4 925557
2 908277
2 934585
2 921297
1 908966
4 902734
4 981634
4 940265
5 989103
3 960903
4 988031
4 935974
5 967784
3 994533
4 975867
2 947039
4 992354
3 913875
1 994227
2 919111
3 945078
1 920903
2 967077
3 930206
1 990678
4 976322
3 970016
3 942121
4 979401
1 953648
4 946772
1 933269
2 961093
2 932214
5 987189
1 967452
4 930280
2 909278
2 957770
1 915846
1 940527
3 988320
1 901592
1 989567
5 956126
4 917460
2 944565
2 991862
1 944677
2 931130
5 900474
4 921786
1 978596
4 971649
2 938788
2 958672
2 942269
3 976453
2 926668
4 967609
2 906613
4 995218
4 935239
3 931707
4 965775
1 993614
1 909504
1 981571
1 958612
4 936603
3 969836
1 949850
5 939595
3 994219
2 975924
5 992472
5 984003
2 971206
4 1005
2 916500
4 967272
4 916216
3 928080
4 939758
1 903176
3 915278
5 980664
5 967599
4 913451
4 967758
1 989245
1 930548
1 963211
5 940992
4 957804
2 995519
2 975874
3 945574
4 943694
2 912514
5 909455
1 929521
4 947091
4 971856
4 907882
2 909183
3 992845
1 909904
1 962434
5 988981
3 990969
2 960935
1 967222
5 984432
2 958509
3 929473
4 998324
3 960587
4 974245
5 997204
4 963949
1 996483
5 957653
1 922457
2 965658
2 973705
2 944235
1 920228
3 947457
1 973705
5 954125
2 992904
5 951079
2 956061
2 930021
4 960913
5 903614
1 933911
2 951324
3 971345
1 938507
4 921813
2 949146
2 907158
1 998084
4 924951
3 943484
3 901714
4 908214
5 978688
2 978602
4 954008
5 999419
2 981106
4 970233
1 988158
3 967776
1 988872
3 929087
2 974117
2 944278
5 947240
2 967358
3 966011
1 911964
2 935345
5 940441
2 901653
3 913464
4 974110
5 998604
4 943932
4 999619
2 997207
4 993053
5 903282
4 945257
3 963476
1 909508
4 908825
4 998677
4 969806
5 919507
5 972116
3 967651
4 940002
1 918258
3 936701
2 969474
2 975194
1 920025
5 926833
2 967007
1 946380
2 959599
3 988750
4 927765
4 916447
4 966004
4 957856
5 982177
5 979739
4 940278
3 999291
3 954890
1 981343
2 971134
3 983344
2 954571
4 946404
5 953131
4 954932
3 989394
1 960867
2 937779
1 979798
5 960541
3 921040
2 914421
1 902072
2 993313
5 933602
5 932499
4 996997
4 994137
2 960909
4 905771
1 904569
1 921865
5 986911
4 908275
5 962349
3 904608
3 945054
4 985018
4 924939
3 907000
1 997569
1 946501
4 947439
4 938679
5 982147
4 947434
2 961275
1 959580
5 912089
2 918922
1 991604
3 958034
2 953418
1 921516
1 902320
2 997329
1 996226
4 933224
3 940131
5 916128
2 945690
4 960544
3 961666
3 958651
4 934445
5 964777
3 990364
4 955991
5 909983
1 938235
5 966000
3 901536
4 999
5 929703
2 972208
1 917626
3 918971
5 915974
1 936332
3 921063
1 991603
4 931916
1 977633
1 997275
4 922721
4 980400
4 962162
5 985016
2 951776
3 984988
4 940529
2 950851
4 941829
2 946247
2 931046
1 936938
4 949698
5 906505
2 949257
5 936213
3 949036
1 909412
3 911935
5 934913
2 915718
5 906035
1 968626
3 995191
4 941107
2 954845
1 935279
3 911991
3 933180
2 910876
2 972656
3 903001
5 980743
2 914435
1 949350
1 979415
3 938660
5 905065
4 946598
5 945821
4 947716
5 906669
4 909698
2 953468
2 990392
5 980706
1 914026
4 943657
1 949392
1 904298
3 946791
3 972616
2 985881
4 937345
4 978739
2 953724
1 933027
3 996368
4 977085
3 921989
3 916526
5 958109
1 964199
1 915822
4 915232
5 947559
1 982602
3 945087
5 976238
3 949897
4 995249
3 954878
4 957881
5 925576
2 905489
1 906755
5 994491
5 942695
5 974614
3 922292
2 949841
2 905462
1 931976
4 936131
2 971126
1 904903
5 997280
5 916243
5 927059
3 972800
1 965346
2 985163
4 938707
3 999271
3 902639
3 918105
5 903013
2 902927
2 996694
3 996191
4 993221
2 993025
2 943680
1 973700
2 954142
4 935590
4 996
5 909483
3 944439
4 999
2 993347
2 953487
3 909828
3 952627
4 995664
4 975939
1 952023
1 900431
2 916661
2 985993
5 949346
1 990786
1 983148
1 967062
4 933794
2 925913
4 988408
3 943168
1 938348
2 981706
4 930297
2 974831
2 935105
3 934149
5 972745
4 950533
3 956858
2 915577
3 922012
4 947584
4 988467
1 983394
2 974029
3 945110
2 901881
2 967518
2 975241
3 957553
2 955277
5 951209
4 910305
1 962010
1 921949
4 963643
2 975614
3 945367
4 923121
3 953270
1 966272
5 935034
2 962112
3 984572
4 1000
4 987140
5 987489
2 975513
1 982435
4 995371
2 904445
5 964913
3 987620
3 956806
5 933581
4 918427
4 958068
3 959794
5 938817
1 901396
4 928556
1 901717
2 906691
5 928049
2 999233
1 971449
4 966127
3 900928
4 934341
3 956353
2 984189
5 904222
4 930792
5 981614
4 998344
5 933955
5 975860
3 960192
2 992768
1 939019
3 964055
2 961391
1 913910
4 950887
1 925643
5 911036
2 965457
4 957783
3 917947
1 937917
4 962121
3 978977
1 911180
5 953794
5 969067
3 965106
3 995803
3 977470
5 902032
4 977540
4 931900
2 963261
2 953479
4 916479
1 921046
3 954982
5 983255
1 910573
3 947103
2 907588
2 907032
1 954887
5 999886
1 973808
5 997399
4 988077
2 994302
1 933895
4 977269
1 917509
1 959190
3 976238
4 947785
3 948582
1 975505
4 972495
4 981929
1 938470
3 991183
2 921586
5 999983
4 926185
4 995697
2 924327
3 917917
4 912811
4 992270
5 960481
2 921461
3 944717
2 992495
3 954966
4 959701
1 990950
4 964073
2 953410
4 962614
5 999975
2 960326
5 926061
4 1002
1 921973
3 900202
5 978904
1 974455
3 953825
2 938129
1 912744
1 981349
4 923300
4 926462
1 991676
2 983382
2 963868
3 943391
1 943222
3 901626
3 975977
2 949358
5 944462
5 926156
4 970566
5 980238
3 908915
5 969862
4 988947
5 992606
2 917554
5 926562
4 932525
5 917914
4 957527
1 976736
3 929424
4 931211
4 987313
4 941404
4 948480
3 902199
4 941994
3 912587
5 937034
4 940924
1 985305
2 961194
4 950269
5 940367
5 921799
4 956196
3 926283
5 969603
5 999538
4 925735
5 993816
1 967481
4 997339
3 928083
5 900606
2 901861
3 938604
3 969370
4 940235
3 942496
5 960575
5 920625
5 947165
4 986533
5 950701
4 916978
5 912684
2 900306
3 986813
4 970599
4 916694
3 926072
1 940676
4 965435
1 943160
5 976268
4 964488
5 982244
1 960091
1 902609
3 976402
2 939138
5 958983
5 988860
4 973023
5 943298
5 922661
5 957612
2 974388
1 910170
3 956365
4 935055
1 956505
5 976331
1 955901
3 943145
5 946002
1 970989
3 924435
2 922618
3 996503
3 957354
5 948302
1 906680
2 941584
3 986052
4 970479
4 921759
5 902732
3 980362
5 964973
5 933768
4 922221
4 934045
4 939915
1 997314
1 981946
5 938490
5 982382
4 986869
1 926971
4 963329
3 951152
1 971197
3 967735
3 903437
3 978724
2 984672
4 993897
5 987639
4 930164
2 931642
4 980612
5 960440
5 965926
5 966090
4 918445
2 937769
3 953708
2 902042
2 911900
2 949324
5 992437
4 911488
4 902995
4 975278
3 917280
4 935425
2 968332
4 927292
3 970858
1 983760
1 987369
1 947456
2 922831
3 905775
5 949770
4 934061
4 949798
4 968492
5 967699
1 985961
1 956793
2 985464
2 991487
5 933657
3 929174
5 952314
1 972428
2 947138
4 961820
5 961646
3 977431
4 916559
1 959414
4 900350
4 905865
5 962678
3 976298
1 966028
1 983164
5 964955
2 964794
3 981572
3 942274
4 942378
4 987221
3 959362
2 960141
4 977350
4 922193
1 958922
4 929255
4 990507
5 954941
1 947870
5 994388
4 932015
2 929506
5 962595
4 916633
3 959606
1 905301
2 914787
3 975744
1 944277
3 995212
2 903185
5 926252
4 924043
5 990582
2 961138
4 967554
2 988180
1 973951
1 928172
2 934214
3 950534
4 924152
4 981703
2 995383
3 990510
4 947395
5 993451
2 940688
2 955588
4 914748
1 975217
3 907644
3 903399
1 998604
1 920389
3 938368
3 987989
5 902449
1 939051
1 910208
5 928696
5 969737
2 945475
5 920133
3 956760
2 919452
1 907641
4 975756
4 914126
2 918686
3 903320
2 941506
5 987971
1 905833
2 947213
5 977484
4 937717
5 970380
5 928330
4 939055
1 988281
4 968346
3 955360
4 973240
5 939169
2 928061
3 972959
5 977064
4 900057
1 926762
5 939107
4 985604
2 952886
2 957113
4 910982
4 939641
3 918592
3 991672
5 986914
2 966901
4 986689
5 930254
4 974384
3 950764
5 961982
2 951391
2 989284
4 961817
1 945584
4 900606
2 993301
2 900550
5 938980
1 959467
5 977652
3 952617
3 937455
1 990669
3 972366
5 920670
4 975103
5 987237
4 955370
4 989760
2 933536
5 958756
5 957002
1 913316
1 908720
2 988765
4 966530
3 938436
1 945434
4 929898
2 964691
2 925734
5 918789
4 907615
2 995666
1 993507
5 946887
2 905268
1 972229
4 974397
3 925057
5 910344
2 945252
5 974036
2 911266
2 995487
1 925763
5 931547
3 952686
1 953456
4 990798
3 981648
1 911835
3 965850
2 963060
3 993102
5 965793
1 980298
4 979996
1 949428
4 911708
5 972032
3 985667
2 931099
5 940895
1 922988
1 968596
2 997511
2 971720
1 924526
4 938622
1 980418
5 995945
5 916764
1 994280
5 917577
5 960646
2 900028
3 967644
5 957820
1 930626
4 916407
1 918238
2 989448
1 943635
5 913495
5 936229
2 938726
2 952212
1 979655
3 940811
5 994504
1 930539
3 984626
4 939588
3 951696
5 939724
4 976126
4 968917
3 978141
5 919687
5 939142
2 986112
2 971926
2 931325
1 934508
3 956707
1 942860
5 914759
5 955033
3 937563
4 927056
5 950911
4 951388
4 999
2 942275
2 986124
4 983255
4 960396
3 936256
2 996703
5 905234
4 939891
4 940864
4 932505
2 976533
1 960777
3 996070
5 900870
1 955325
2 998774
1 920630
2 931026
1 973952
3 921175
4 956927
3 929855
4 917945
2 917731
2 932531
5 990142
1 919311
4 936261
2 913263
2 902879
5 989506
3 967534
1 998905
1 996708
3 946122
1 920770
4 990906
3 908079
1 997607
5 933154
2 905608
1 966623
1 922724
4 977072
1 925925
2 975007
3 991190
5 932411
5 903757
2 909135
1 943997
4 987959
5 955916
5 951355
5 928028
3 945301
3 964858
1 909927
3 905796
2 955599
5 998606
4 954941
5 960357
5 994980
5 987448
3 942450
3 954732
1 961782
2 975896
1 962671
2 933901
4 944234
1 979249
5 978455
4 953364
2 984086
2 985727
1 915906
3 952836
3 994612
1 923291
1 933665
4 929277
3 942791
4 908639
2 947699
4 945948
5 963557
4 987551
2 979898
2 932947
3 915183
5 900734
4 996808
5 911225
3 907284
4 936104
4 903319
5 981687
4 909175
5 941883
5 994593
5 947334
5 992879
3 938622
3 922200
2 921044
5 983392
4 986952
2 923192
3 903002
4 944477
1 915682
4 918270
3 927473
2 912441
2 989779
2 922153
4 1002
3 937307
3 938946
4 993321
4 993660
2 941278
5 932533
3 960916
4 979749
3 991520
3 927569
4 949420
3 946009
5 944988
3 942230
4 956919
3 963333
5 948353
5 919844
3 938031
1 933814
5 966892
1 944168
3 991165
1 994106
4 940917
3 954092
4 923187
4 932138
1 945106
5 921038
5 994792
5 967075
3 974202
2 974252
5 912356
4 930779
3 976747
3 903913
1 956247
1 976661
5 955808
3 946391
4 902073
3 950737
2 991941
4 908106
2 967183
5 961087
4 933319
2 930652
4 953078
1 942140
5 900709
1 917250
1 904904
3 949174
5 963924
2 905002
1 913766
4 900029
1 933507
5 992174
3 986498
5 959317
3 979046
2 951762
5 991921
2 943707
4 909833
3 940666
3 916403
1 919701
4 969678
5 982813
4 991568
2 907361
5 946439
4 927760
5 923730
4 968644
1 925623
1 932111
5 984896
5 960038
5 991223
4 945900
2 981218
3 993061
3 934268
4 905437
5 985595
5 952527
5 973193
1 970239
5 963410
1 947975
5 955136
3 948888
1 930900
1 965682
1 917820
3 983020
4 931833
2 937238
2 985451
1 988546
5 945861
2 911395
2 948957
4 978706
3 939887
2 909401
5 910361
5 942319
3 979625
4 972142
4 982579
4 929976
3 916030
4 903792
5 918824
1 957200
4 945080
1 964428
3 990734
4 929305
2 960170
2 975058
1 933559
2 976972
4 950093
2 970976
3 913183
2 960525
4 966837
4 932423
5 994887
4 956324
1 941562
1 940319
3 919700
5 928583
5 999431
5 967221
3 900208
3 962477
4 917307
5 998811
5 913349
5 988208
1 962495
3 926028
3 931882
1 994834
2 994123
3 975386
3 918863
5 940983
3 946740
4 935492
2 935567
4 979434
3 983264
5 954316
4 933721
4 901970
1 931066
4 947092
4 975384
3 951945
3 945739
2 957477
1 942568
4 973123
2 986569
1 918945
3 903493
1 963765
4 900074
5 960121
1 943260
2 981540
2 917294
5 993000
4 943343
5 935592
1 943130
3 969250
5 957895
3 971317
1 926345
5 950185
4 987927
4 946315
5 964028
2 935984
5 919572
4 912100
5 926162
4 937434
2 966310
2 914154
3 955619
1 933054
1 946171
5 978365
2 976357
2 961040
2 914577
5 945987
5 949954
2 935249
1 921562
1 994484
5 963133
2 956299
5 970028
1 962587
5 983608
2 948421
5 991073
5 933145
4 986934
5 918551
1 988197
5 985712
2 914146
4 937332
3 908509
4 954070
1 920122
1 907781
2 938314
5 953002
2 906941
4 953019
1 934565
3 996825
1 924938
2 961161
5 925974
3 985688
2 918023
5 986220
5 911779
4 914907
2 915766
3 987863
2 977474
1 915809
1 920721
3 970999
5 990983
2 907046
2 992699
5 903532
4 928121
2 969983
2 909043
2 965856
3 975469
3 979095
2 942836
4 927004
2 958409
1 996214
2 986328
4 946835
2 939281
5 971183
1 988762
4 959513
3 937261
1 906012
1 927199
4 919810
4 919090
3 990300
1 923871
4 963076
4 936742
2 915536
2 955537
1 938869
5 955532
5 984397
1 938971
4 979758
4 997855
3 925882
4 912259
2 948330
1 912729
2 982645
5 912082
5 985998
1 981474
4 925357
4 946049
4 955457
2 936311
3 999534
3 941422
5 921895
3 906090
5 945077
4 994921
5 936918
4 951639
3 906977
1 965687
4 929472
5 956489
4 975308
3 908086
5 950444
3 997648
5 926671
2 970059
4 931790
2 956923
3 927380
5 949298
3 966935
4 974240
1 920321
4 951249
1 982101
3 974054
3 991064
4 917974
3 942212
5 950810
3 915310
1 917218
2 922851
4 900211
2 934958
2 939758
3 933064
5 982275
3 994146
3 954404
4 936674
1 904662
4 985688
2 989415
5 950134
1 914478
3 936704
1 973290
5 935094
3 932070
2 953959
4 1004
4 957386
3 961420
5 929992
2 945791
4 910535
2 964302
5 938710
4 939859
3 997350
5 956081
2 906386
5 911365
1 976263
3 900477
4 956187
4 958083
3 905057
3 923587
5 938424
2 999878
1 910662
1 942382
5 905417
1 957324
3 914526
1 932959
4 931264
2 980240
4 926343
5 910742
1 900538
4 952458
5 958687
1 939073
2 949697
2 972101
5 938627
2 956959
5 985773
3 917882
2 965809
5 967317
2 963907
1 961535
3 978088
4 932735
2 983356
1 973636
1 997451
5 979097
5 928700
4 991059
4 985146
4 996889
5 952659
3 964540
4 910476
4 921969
4 955742
3 955027
1 954074
1 906360
1 958252
1 914890
3 912759
3 923523
3 934698
4 912046
2 932709
2 917626
3 960555
5 943998
2 980342
5 956413
1 944641
5 967463
2 953271
5 923213
4 948529
4 907032
1 985407
1 911256
3 912663
3 978137
4 955263
4 959380
4 905085
5 935132
2 978167
1 918756
3 906036
3 943598
4 985513
1 920534
3 954862
1 971424
1 939138
2 989160
2 910743
4 911904
5 936731
1 977565
1 963668
3 992159
5 964566
4 918666
5 910478
2 942695
2 991673
3 937979
4 924944
5 906102
1 993916
4 992339
2 919389
4 933972
1 949081
4 995193
3 906067
4 999
4 970249
1 978851
2 948783
4 934954
4 920446
4 919956
1 956944
4 967812
2 934308
1 985321
5 916769
5 968165
2 942589
1 962652
1 991791
5 931591
5 922772
4 944443
5 985389
5 962814
1 953907
5 929599
5 918150
2 978967
2 991885
1 943001
4 916749
4 997848
3 954634
1 965057
2 962795
4 909939
1 956955
5 932002
5 926467
5 933149
5 911953
5 941124
3 901999
3 923059
1 985654
2 905908
1 921927
2 988441
4 977307
1 906447
4 934679
2 910025
2 915119
3 928477
3 946993
3 997318
1 900750
2 959146
1 925263
5 926290
4 986910
2 987029
3 990195
4 919252
5 924832
4 959190
1 925203
2 986403
2 920683
1 939790
5 972485
3 969134
5 981137
2 992546
5 986846
1 947223
3 933151
1 986166
5 994950
2 989034
3 923438
1 915624
4 973076
5 969763
4 921146
4 995040
3 902985
3 913843
4 916410
4 905269
4 929040
4 967692
5 944683
4 966550
4 935053
4 944783
2 996235
1 903965
1 951772
1 905028
3 991834
5 961688
1 962514
2 985419
5 935078
1 913904
5 963806
4 985338
2 941660
3 901371
4 971715
3 923349
5 979195
1 906205
4 953597
2 955558
1 980946
2 989132
2 945798
1 981087
4 966904
5 976209
5 998630
3 999465
3 963197
5 977045
2 982362
5 994045
4 915519
2 996853
3 946117
5 990042
2 962425
2 997055
1 951466
2 938907
1 919816
1 913490
2 929299
3 907851
4 998273
1 995403
4 932437
3 973155
1 944345
4 908058
2 973085
4 955377
4 922190
3 905042
2 975660
4 912229
3 988394
1 925301
2 988892
2 908765
1 980950
2 938497
2 963035
4 998713
2 932976
2 965329
1 911884
1 975356
2 979866
4 917413
5 923427
4 904169
2 962699
1 978965
3 906866
4 1003
3 989893
3 979241
5 953006
2 901471
1 937632
2 921804
2 970082
3 924938
5 932351
3 901088
3 909031
4 900965
2 973794
4 980353
2 968892
2 993633
1 952678
5 933212
4 969090
2 909156
3 912408
5 916702
2 958118
4 987871
5 938747
2 997996
5 996309
2 933071
3 902844
5 965240
5 970810
3 993477
3 941536
4 968498
2 921974
1 999797
1 991510
3 911869
5 903782
2 931082
2 964148
4 986327
4 919991
2 962957
2 976380
3 929812
4 982263
4 966554
4 907986
3 944087
4 991334
2 904486
4 954383
5 949214
1 913347
3 996878
5 916488
2 980736
3 907722
1 904189
2 944519
2 911397
5 907401
4 910211
5 906327
3 939705
3 911004
1 960901
1 936199
4 965914
5 944422
4 903410
1 947367
4 938548
4 912498
3 961990
2 952998
3 992231
5 941009
2 935681
5 926062
5 936550
5 924820
1 958270
4 963122
5 907156
2 966043
3 921367
1 963483
2 935258
3 940019
5 982379
2 947665
5 978859
2 942446
2 934087
4 921213
3 981311
2 909919
1 931300
3 954582
1 914876
3 915515
5 914922
4 910094
4 973009
4 994302
4 930895
5 971880
4 971258
2 917480
3 972284
4 917877
4 950995
1 999975
3 942710
4 919410
1 913827
1 942146
3 966029
2 947354
5 942491
1 976709
1 993726
3 957252
1 952894
4 974517
4 940205
5 991905
5 965515
3 918650
2 978332
3 954394
4 994294
5 972103
5 919750
2 921694
5 993365
2 926543
4 960142
1 963674
4 920106
5 965242
1 906699
1 971123
4 933773
2 900286
5 983192
2 908285
2 957161
4 986274
1 944603
1 969117
5 982366
5 903958
3 988877
4 954172
5 901566
2 971744
3 986155
2 940636
3 984682
1 921043
4 920362
1 952629
4 908752
2 955609
5 961265
5 999022
2 943058
2 970847
2 979629
3 930791
1 999478
1 935290
5 995924
4 947510
5 976827
3 918651
3 973445
1 991943
4 900069
3 985175
4 994353
4 945351
1 927224
1 994149
2 984877
2 932788
1 978324
5 994565
5 924501
1 935008
2 978846
4 912393
4 941114
2 972833
4 999892
2 989147
1 938295
3 951376
5 995792
3 982239
3 938219
4 983420
2 962934
4 963623
2 908505
4 991736
3 946060
3 944992
2 946399
1 928555
5 965531
5 914383
1 922331
5 940338
4 962267
3 989198
3 952259
3 933246
3 949367
5 952245
5 932323
1 922216
5 988845
1 902678
2 932487
3 948021
5 925625
2 996622
2 998527
3 984322
5 910451
1 965746
4 910454
5 902970
1 991777
3 968647
2 940795
5 976466
4 907139
5 951187
5 992328
2 991800
1 928248
1 927217
2 959897
5 934073
2 932542
4 911920
3 937027
2 932824
2 987341
3 928452
2 918885
2 932759
2 976232
4 936479
4 977588
4 913389
3 933448
5 941335
4 956631
4 903317
4 961950
2 993110
1 961877
4 915777
2 962981
4 908250
1 949547
5 960841
1 957461
1 931317
4 948977
3 960024
3 944659
2 980780
5 956546
5 917693
3 918293
3 965490
1 938713
4 978919
4 932310
5 928706
4 982130
4 925317
4 986390
2 904411
4 964391
5 980270
1 989513
3 929219
1 996792
1 994614
2 947777
1 999892
4 1002
3 931262
2 961695
3 937683
4 952360
4 940072
3 949422
3 908739
2 957575
1 976588
5 911626
5 907413
2 910565
2 957443
3 912062
1 911747
2 948402
2 929532
1 933545
1 952367
1 948557
3 991565
3 955280
4 998
4 916717
2 954421
3 993409
1 936649
5 949686
4 933751
5 956096
4 939379
1 971681
1 941190
1 961555
5 924101
1 908727
5 962968
3 971265
4 961134
5 943214
2 907023
1 901116
4 951718
1 904094
1 960892
4 968674
3 917548
2 971542
4 941433
1 905797
4 958835
3 931077
4 936992
5 978253
1 992696
4 930179
1 975542
4 960712
5 987920
3 902544
1 950469
1 956661
1 900316
3 930617
5 979775
5 927260
4 912509
2 921862
4 941841
2 980651
4 963609
4 905842
1 909054
1 987028
5 908411
4 985643
5 939940
3 920543
5 984606
2 930517
2 980661
5 991534
2 977298
1 989420
5 955058
1 942537
2 931267
2 928049
4 978104
5 962845
1 901756
2 990850
5 916139
4 951911
2 950464
1 911705
4 904988
3 917666
1 909166
5 941669
5 928596
5 925006
1 933371
5 933184
3 980670
3 966909
3 984829
4 960416
5 918339
5 927156
2 965101
4 999
5 939452
5 928624
3 932221
4 953385
5 959355
2 917118
3 913470
3 935786
2 933447
2 922657
1 901224
2 913575
3 941089
2 923190
5 922492
1 948535
2 968150
5 989633
4 998714
1 953033
4 903644
5 961536
4 916517
3 936514
5 995926
3 902303
2 991109
3 902128
5 925497
4 996352
5 993302
4 1004
2 929899
4 979256
3 970542
2 935453
3 932439
4 962392
4 931585
3 931143
2 923803
2 908294
3 914734
4 963525
5 942785
2 904419
2 955007
5 902653
5 915247
5 922944
4 936134
2 949306
1 983836
4 978834
1 960148
2 903771
2 968982
2 977182
5 982731
5 908477
2 901786
5 919714
4 961699
3 903570
1 980820
2 958573
4 926984
2 924474
2 974324
5 933358
2 948963
2 945591
5 994935
5 918618
5 971826
4 930606
3 924106
1 980621
5 989078
2 951800
5 909174
3 923290
1 966322
2 932804
3 992408
3 932255
3 977426
1 902123
5 906746
4 1002
4 916503
3 985391
2 961266
5 999653
2 977858
2 909262
1 928273
2 916387
2 944630
4 978616
4 970238
2 997985
1 941419
2 978200
4 988348
3 997518
1 914887
1 910341
4 912807
1 916865
5 985102
5 961140
1 922668
4 951544
4 901829
4 976720
3 902421
4 911432
4 914066
1 979966
1 917962
1 987098
3 964446
4 934636
5 982314
2 975790
4 944552
3 937324
4 939159
3 955840
3 967449
1 991892
2 989118
4 935660
1 938505
3 982851
4 946489
5 992946
1 917309
3 987107
3 967452
4 922747
5 900525
1 927996
5 996799
5 933019
4 913047
5 982129
3 978301
5 978138
2 904713
4 923548
4 932832
4 974070
2 982853
4 995014
5 979890
1 924712
1 999640
2 985436
4 958818
4 904173
2 921085
2 956741
2 946423
1 977821
2 966560
4 974486
4 999250
2 995597
1 954111
1 922765
5 988878
4 971138
2 994181
2 917469
2 984176
4 965688
3 930421
5 940765
1 931619
1 954596
2 905688
2 971310
2 945527
1 968814
3 920588
2 987466
3 956969
5 986251
2 939327
3 907555
2 965559
2 920740
3 992073
3 967310
1 989048
2 967000
4 902918
1 910455
1 934934
3 963570
1 981755
5 998488
3 915667
5 902835
3 983832
5 925560
5 921797
2 961335
5 975098
3 956801
3 966362
4 983241
1 957254
3 982246
2 934625
5 993644
1 903362
3 982598
1 979045
2 992490
5 995444
3 909417
1 980207
1 910388
2 972217
1 905925
5 961614
3 969063
2 985901
5 946568
3 916962
1 920754
1 996468
2 940350
3 981176
1 996373
5 916780
2 948130
3 937037
2 983952
1 944336
1 930922
1 975801
3 940814
3 949621
4 936797
5 999436
4 914252
5 912240
3 938213
2 932169
2 948144
3 972938
5 932930
3 933004
5 973336
3 997572
2 942127
3 940305
3 988095
3 966866
5 999022
3 938521
1 962642
5 954015
1 971107
3 981208
4 938575
2 980607
2 954906
3 970195
3 977090
5 930825
3 956683
3 953428
1 942284
1 949155
5 945988
2 954204
1 975951
3 960876
3 913929
3 930620
1 984584
3 944356
5 901283
3 942909
1 972520
5 992736
4 966750
2 913789
2 977623
1 924096
1 958064
5 963463
4 971461
1 951374
3 934954
2 935089
5 969271
1 980250
4 932562
2 949075
2 967296
2 975341
1 918649
2 980246
1 989645
5 990712
2 946326
1 944748
2 964609
2 916565
3 998512
2 918241
2 916575
4 971592
2 945677
4 940283
5 947799
4 986193
1 917317
1 983217
2 948440
2 931050
4 916764
3 906083
4 922769
4 978268
2 999356
4 933845
4 986757
4 988965
3 965546
1 930103
3 942914
5 946931
2 968200
3 927098
1 951316
5 971774
4 995
2 938753
2 964330
3 973169
2 948261
3 984147
1 968192
3 988586
4 925765
5 956869
2 960834
1 978002
5 926520
4 998
3 953796
5 932412
5 992790
2 952177
3 986430
3 980100
5 974557
2 961789
2 993395
3 915625
1 933989
2 927863
3 981700
5 921827
1 988673
1 991939
3 968958
1 941617
2 991005
5 977006
4 915014
2 912793
3 946305
2 908223
1 900105
4 924484
1 994676
1 907579
1 933400
5 990461
5 992697
5 933867
5 987128
5 912083
3 971706
4 998
2 962892
5 967615
4 996121
2 938206
3 901398
1 964577
4 942850
2 968786
3 961056
3 906784
2 925527
1 970703
2 995859
1 941808
4 903112
5 964993
4 941939
5 997304
4 985968
4 920963
5 983414
2 966266
5 943034
5 923488
1 905752
2 971950
1 992698
4 983936
2 950711
5 916764
5 903706
2 968285
3 946269
4 992335
1 965910
4 914573
1 948030
5 968581
5 937103
2 994524
3 979366
5 981572
3 964894
4 971925
2 922963
4 999238
5 956761
5 989883
3 921004
1 961185
1 948391
1 972880
4 973469
3 938102
3 994551
1 900623
5 917931
5 971821
3 981086
5 986307
1 999151
3 944160
1 947340
2 976988
3 932015
5 908158
3 929758
3 952937
4 941996
4 954992
5 985971
5 930649
1 946798
4 965581
3 983894
3 970390
3 903678
3 996938
1 986380
1 982765
4 941673
1 921529
4 973411
2 941146
2 938606
2 906622
4 908165
2 919259
3 953447
2 966773
1 940677
2 986222
1 945666
1 986842
3 978417
4 911626
5 978774
2 946556
5 964962
2 927180
1 986730
3 988025
3 926847
4 941335
1 935134
2 998215
2 959151
3 994269
3 962749
1 982444
3 975010
3 928549
2 928371
4 914396
3 936100
5 980373
2 959943
4 972234
1 930335
3 949240
4 975257
3 914714
1 908871
4 950370
2 998811
4 912214
3 947682
1 923605
5 939990
1 915771
2 956680
3 954122
2 901054
3 928437
2 937227
3 970831
4 962020
2 964021
3 998981
3 901397
2 957925
5 958250
1 980530
4 961974
5 912022
4 951070
3 917711
1 952164
4 970904
2 979206
1 970182
1 916034
1 947415
1 910434
4 984759
5 923889
4 970371
4 909133
1 957941
4 978315
4 970189
2 993659
2 943735
5 963814
1 983239
4 981096
1 917314
1 970459
1 971722
4 995249
4 913398
4 991930
2 993935
1 925698
1 908759
4 900680
4 937065
4 984506
1 948472
1 913364
2 967553
4 951926
5 922301
5 979446
4 903485
3 989527
3 966742
1 926460
5 900511
5 980091
1 934450
2 917216
3 998706
3 936017
4 908321
2 989303
5 954553
5 908178
4 918871
3 977375
2 994251
2 961605
3 900610
3 956556
5 932350
5 930783
4 941406
1 988015
2 951929
4 915394
4 998706
1 997637
1 955439
4 983504
2 990573
3 932221
5 902521
4 952351
3 999866
1 917716
4 955543
2 932313
5 967463
3 931056
5 966540
4 907933
4 925607
2 981602
5 907628
3 988538
4 986362
4 932644
5 975254
4 962164
5 961732
3 988313
5 978245
5 982261
3 914030
3 931874
2 959765
3 936106
3 912445
1 913796
3 966832
2 989440
1 934842
1 950767
2 969615
4 902359
3 940508
4 904077
5 947216
3 934568
2 916035
2 935609
2 918089
4 979285
5 900689
4 999210
2 918094
4 977989
3 916522
3 964518
3 983600
5 927955
1 966346
1 911169
4 997013
1 940611
4 914619
4 926381
4 960571
4 934918
4 990730
5 913507
5 950398
1 967168
2 966217
5 984643
2 900509
3 911100
4 933124
1 904299
4 957558
3 943497
3 971431
2 951827
3 956631
1 954455
5 999904
4 952894
3 982596
5 910148
5 961404
2 933205
1 953745
3 942536
4 959601
4 992331
5 923826
5 908575
1 983518
4 931581
1 936612
4 927425
4 933117
5 949692
2 976196
5 925639
3 980105
5 936972
3 991650
4 912453
2 968735
5 971869
1 972117
3 978738
5 901912
3 907240
2 934747
5 989905
2 922053
5 964937
4 912491
4 965022
3 970589
4 986399
5 978558
4 967740
5 916657
3 962062
1 953006
2 919078
3 971248
4 995890
3 935329
1 989722
1 914715
2 986192
3 952332
1 992263
1 950425
3 974811
5 920503
1 916618
1 920414
4 916237
4 922470
4 999
4 902165
1 984202
2 906934
2 985864
2 922014
3 942053
1 947979
2 978928
4 901648
5 997383
4 904760
3 934764
4 958252
2 923899
3 936956
3 938773
1 994222
4 990456
2 917218
3 984464
3 971598
2 997123
4 925774
5 921725
4 911163
3 937873
2 920666
5 917720
1 987272
1 939907
5 996623
1 912388
2 911804
1 957593
5 968482
3 977206
2 985386
3 937240
5 987825
4 997311
3 990434
5 921266
4 958841
3 952666
2 921191
1 936052
1 936488
1 935960
2 925584
3 922840
1 970417
3 993861
5 938016
5 941503
4 962053
3 997661
2 947282
1 959999
4 987337
4 1000
1 966977
5 917768
1 900313
3 943165
1 931000
3 958188
2 993040
1 970269
1 905538
5 944950
2 919264
5 900020
5 979683
4 941425
3 961282
3 964636
1 920819
3 985993
4 966053
3 994831
2 953879
1 933877
4 975208
3 978203
1 946086
4 983951
1 955229
3 955902
1 909065
4 972609
2 980557
3 916611
2 953756
3 932062
3 993965
2 975851
1 969186
1 945358
3 934798
2 985383
5 935216
2 942270
1 908789
4 903871
4 996154
4 930983
5 916927
4 923860
4 992560
3 974671
3 900419
5 970085
1 975706
1 962165
5 918652
2 908083
2 976962
5 918171
2 948148
1 986538
1 969698
2 989771
1 914766
1 921448
4 990460
2 946416
3 950536
2 999498
2 992292
5 927319
4 955912
1 923178
3 980319
2 965619
2 978303
4 920054
4 903524
2 995802
4 954297
3 951270
4 994736
3 950416
5 931660
2 968370
1 907509
2 944727
4 915317
3 979156
1 925872
2 903846
5 963143
3 945696
5 998938
1 978675
1 988405
5 908837
4 958575
3 930281
4 931562
3 915964
1 931570
1 973491
4 978315
4 903647
4 936065
4 940982
4 944996
2 938029
4 944670
5 912475
3 959369
1 982047
4 931613
2 957140
4 968999
5 979853
2 911146
5 944228
2 919729
3 928930
4 979292
4 993993
3 975066
1 973786
4 993934
4 961012
2 954852
4 971879
1 990485
4 913967
4 959724
3 990834
3 945657
5 953224
4 990554
2 920732
5 908067
2 934404
5 951980
3 922752
4 996
5 979329
3 950412
2 960410
1 948261
5 992460
3 946460
3 904507
4 954160
1 945813
4 966229
4 931755
3 999977
2 912060
4 998436
5 941752
1 938691
2 970939
4 921667
2 958495
1 976248
3 918022
1 991782
3 941034
2 985256
1 931073
4 921657
2 994701
4 997806
2 984635
2 949262
4 1003
4 939436
1 945768
4 984807
2 950268
3 926123
3 945883
2 931768
3 983339
4 992223
4 955980
2 921969
5 951597
1 922835
4 981102
4 931310
5 934754
5 900524
3 938931
3 970086
1 984794
3 937491
1 967653
5 962109
3 986212
1 944260
5 981932
3 934124
2 930196
1 997463
4 952808
1 948112
2 909407
5 908253
4 920564
1 992860
2 977156
2 957401
5 953651
3 958511
3 979246
1 986945
2 979175
2 957758
1 910628
5 987544
3 923057
4 965955
5 921900
3 992425
2 997677
2 900859
3 947745
5 988163
1 912450
3 972753
4 982268
5 957746
3 933639
3 925343
3 964128
5 905282
1 933464
4 957246
2 944678
1 973347
3 908415
5 909625
4 941854
3 994162
4 993141
4 911484
4 947113
2 993933
4 944185
4 996576
2 944144
1 952318
3 922255
1 910847
5 920842
3 988581
1 983144
2 970547
4 920911
3 917118
3 906466
2 982834
2 947548
5 979488
3 999975
1 935006
5 992540
5 992374
4 962729
1 961044
3 959658
1 997640
4 993710
3 917977
2 918199
1 935752
3 930004
4 976844
5 932591
4 902442
4 971411
3 973449
4 983376
2 961499
5 945154
5 910642
5 901470
1 946556
5 932676
2 938254
5 927403
1 997940
5 958104
4 920164
3 963166
3 903724
3 996078
2 918814
3 912941
2 975847
1 930926
3 919601
3 901087
5 953901
2 936556
2 969925
4 965630
1 923326
2 968072
5 962842
2 949607
3 903811
3 918502
5 996491
1 956963
2 925363
4 931550
2 941082
2 905313
5 911366
1 942175
2 939694
5 992536
4 1001
4 967515
5 954256
5 976648
2 968836
1 942573
5 990780
2 959459
5 974234
5 996469
4 932304
2 978263
4 938617
4 968835
5 989773
2 909708
4 998862
3 995748
2 913736
2 995615
1 901214
2 953514
5 998304
4 1004
3 904439
4 970470
5 902304
1 933023
4 903946
1 917294
4 961727
5 926768
1 923272
2 989368
2 971670
5 964451
5 973884
3 907331
5 979274
4 948250
2 959823
1 931809
2 948550
2 985258
3 977207
5 936059
3 948283
5 957545
4 963051
1 994624
1 956190
2 985836
2 924609
2 942986
4 960371
2 956575
5 947779
4 953940
4 924489
5 975217
5 939318
4 901965
4 917333
5 981252
1 913450
4 906422
1 938407
4 979495
4 965684
3 917073
3 939433
3 988960
1 913651
4 968383
3 980660
1 900123
2 934790
1 925524
2 987730
1 970296
3 906234
1 927088
2 947919
4 919599
3 942612
2 955032
5 952204
3 959199
1 924670
1 932953
3 981233
1 968270
1 954119
3 989192
3 976972
2 933149
4 930133
5 996393
1 978929
1 948198
1 950309
2 997794
4 983186
5 995315
2 942048
2 990795
1 906672
2 960631
4 967073
3 955037
4 935027
4 960558
5 998739
4 932049
2 966448
5 949731
1 983221
4 941320
2 915477
3 956494
1 914571
2 993325
5 938010
5 964210
2 958611
3 966449
1 940011
2 988324
2 985769
5 963103
3 962025
1 996294
3 919318
2 950693
3 927320
3 991562
1 973737
5 957874
3 935000
4 916391
5 942064
4 993715
5 964217
4 915289
4 928549
2 901701
2 955097
3 916873
2 969696
2 929253
3 934198
4 976821
4 950344
1 911336
3 949211
1 909171
5 920249
4 947222
2 948927
5 929570
5 952796
2 947106
3 937059
4 966278
1 908476
4 996132
5 994365
4 997
4 969078
3 957564
3 929114
5 985717
4 912326
5 965022
1 950444
4 998721
3 955064
5 912938
4 983131
5 921588
2 951445
2 921414
3 906730
3 935462
3 966798
1 980488
1 915383
2 981468
4 955426
5 974307
2 968921
3 967713
5 954614
5 941936
3 953214
4 983055
1 929937
4 985699
2 984301
4 929899
3 952788
4 928598
2 993185
2 986598
3 988926
3 957254
5 920292
4 916267
2 902148
1 953716
4 992047
4 970627
1 935986
3 913943
3 902379
3 966362
4 922078
2 987358
4 938449
3 911477
3 970368
2 995714
1 905932
2 949820
2 989367
4 955641
3 997322
5 951094
1 979634
5 984020
2 933087
2 922084
1 909047
5 908892
2 988428
4 943826
2 935136
5 957331
5 926311
5 915769
4 997800
2 985599
4 973431
3 958432
2 930730
1 994688
3 975941
3 979048
4 941460
3 990479
2 945484
4 988232
3 944065
3 944867
3 986939
1 935531
1 941452
4 999086
3 923720
5 934180
1 947137
5 990276
1 915331
1 934405
4 968567
4 935070
2 921188
3 964286
1 937101
1 995400
4 919127
2 941825
2 912460
1 969896
1 936983
3 999997
1 902962
5 945020
4 984078
4 978427
4 945977
3 969607
5 942223
2 951488
2 915878
3 994493
4 906850
1 991284
2 970636
5 979761
5 926316
4 943785
3 966461
4 978172
5 955662
3 959871
5 912754
3 924083
3 958901
1 960169
4 948612
1 904980
4 974542
2 949772
5 913009
3 942866
1 994730
4 977870
5 924902
5 943407
2 942014
4 943467
1 941410
5 902580
4 982408
1 936285
3 901595
3 984819
1 905155
5 998755
2 982695
2 953019
1 906531
1 984518
4 947582
1 960344
4 995349
1 903402
3 972953
2 927013
2 994498
3 912964
3 973493
1 958001
1 932794
2 960636
3 981382
1 966872
2 990595
2 903627
3 922738
2 902446
1 907087
3 958942
3 979389
2 994064
2 970436
4 994997
3 948134
4 965018
2 990987
3 968146
5 913545
4 992324
4 959349
2 992889
5 975514
1 925136
4 904652
1 912349
2 932487
3 999391
5 977303
1 970818
5 926679
2 911750
5 984748
4 994604
2 937159
2 997594
1 982133
1 974536
2 926192
2 965864
3 936702
4 988454
2 965978
3 944365
4 979274
2 941902
2 971547
1 936245
5 932414
4 972061
1 967992
2 986778
1 975638
5 982850
3 951129
3 918631
3 939651
2 985750
2 992743
5 929212
4 971586
4 929326
4 979347
5 937784
5 945030
2 968531
2 931572
5 957613
4 928622
5 913808
5 976932
2 941109
5 917421
3 937130
5 909915
1 905221
1 949674
4 980420
3 953577
3 948468
3 938907
4 920403
4 974601
4 1003
2 921828
2 959198
3 991801
5 953227
2 909417
4 936381
2 923431
2 932346
1 969352
1 980937
2 951561
1 956775
4 966045
4 995
5 999894
3 911284
3 949401
3 927473
2 955686
1 906996
3 969720
4 937701
1 968860
1 960904
3 925233
4 958422
2 930153
5 916724
2 964349
4 988955
5 954379
3 901857
2 973305
1 965629
5 974585
1 923223
1 946373
2 906015
2 943510
2 961405
2 941292
4 993207
1 922466
5 966144
5 938340
5 952813
3 902404
1 961008
5 931046
5 999673
4 992078
4 938183
5 943538
5 921299
1 957137
5 900467
3 964656
2 976365
4 920410
3 954141
1 987296
4 961596
1 903983
2 999635
4 986237
3 956933
3 937255
5 936513
5 952336
1 951723
2 994625
1 975740
1 912470
5 956502
2 906318
2 925875
5 999974
5 915544
3 937690
2 911320
1 926869
1 919913
5 969981
3 974735
3 997156
3 904457
4 955918
3 982535
2 911288
3 909423
1 991203
1 927218
5 951387
2 905719
5 938726
1 971490
4 998
1 922738
5 973497
3 980818
1 925731
5 975447
1 964444
3 941324
1 935619
3 903571
4 992427
3 956401
4 982350
1 942390
3 956722
1 968074
4 973090
5 975705
4 915214
2 933210
3 931827
2 924525
3 933298
2 936005
1 945951
3 990026
1 971130
2 908412
5 985886
2 953156
3 917189
5 966937
5 960462
5 945089
1 992864
3 901373
4 959584
2 982491
2 953315
1 957297
3 900332
2 948504
1 940380
4 939340
4 917369
3 903277
4 969257
4 996666
3 952748
1 909897
3 910952
2 921022
2 993564
5 934160
5 904162
2 933513
5 929016
1 951961
5 919436
2 952799
4 921325
2 995011
4 996
4 949972
1 963944
1 999001
3 978985
3 971628
4 905350
2 953086
4 907817
3 985736
2 903680
5 992741
1 958425
1 916533
1 936566
2 919620
2 925180
2 900519
4 919793
2 955380
2 982602
4 928225
5 943279
4 912577
2 915414
5 958318
4 934861
3 973295
3 921333
4 943209
3 911632
1 925156
2 980779
4 911323
3 974508
3 994422
4 970241
5 903175
3 943744
5 920768
2 980267
5 900425
3 950727
1 969673
3 941620
5 994510
2 939636
2 988881
1 973054
1 919774
1 947551
4 957063
4 916496
2 960523
2 926605
3 938623
4 1004
2 963745
5 915885
2 921799
3 970565
3 998369
2 987983
3 933197
1 901180
4 975555
5 958392
3 901401
4 956851
1 921220
3 933978
4 915813
4 911953
2 935563
3 962260
3 977805
3 976135
1 954996
2 912013
4 974062
3 954465
2 915516
5 963321
2 923438
5 948388
5 992173
3 979360
3 902734
4 937417
5 940692
3 914000
1 903586
5 992882
2 936385
1 943014
4 963192
5 987525
1 984150
1 971933
1 968022
5 958622
1 977458
2 909712
5 971689
3 981538
5 917140
3 992786
2 945077
4 962915
2 971093
5 938353
2 952441
4 985965
5 980469
2 988679
5 910646
1 964977
4 941606
1 991529
5 938337
2 975818
1 954697
5 966184
5 934918
5 953460
5 986761
4 982748
5 953248
5 911960
5 907864
4 974294
5 984709
2 970072
4 999436
4 980231
5 941857
4 981373
4 992515
4 906524
5 923600
4 964695
2 972004
5 920018
2 929100
3 922835
2 999022
1 942769
5 968017
3 916378
2 989712
3 998959
5 930061
2 949367
2 962000
4 942618
1 953135
5 956859
1 987101
5 925460
2 962457
3 974697
3 907464
1 925701
4 952122
5 939694
3 968371
4 904314
4 940420
4 1002
5 975349
4 969197
5 924570
4 993955
4 922842
1 999138
4 924882
1 903232
3 931486
3 901070
4 959065
5 918463
4 940506
1 976163
4 993937
2 912860
1 983343
4 925689
1 952829
5 951964
1 953157
4 907496
1 927140
1 989936
3 973089
2 969589
3 904792
5 979451
4 949207
5 900265
5 982598
3 949442
1 941020
1 914398
3 931640
3 960703
1 926475
2 914637
3 952959
3 901600
5 926103
3 968052
4 909305
1 966422
3 978720
4 926888
4 948720
2 943366
2 979938
2 950145
3 949423
1 969151
4 948180
4 959200
4 961598
3 946539
2 924623
1 924294
4 954866
3 991648
3 984922
3 985218
1 913869
1 930761
2 976962
1 996435
5 937530
5 951552
1 904812
4 983462
4 945790
1 924647
1 975428
1 954492
2 947896
2 972423
2 970624
2 977205
1 923451
3 933507
4 980100
3 985307
5 963876
1 951634
5 951691
1 902077
1 915842
1 983813
3 977612
5 996720
4 938977
5 939439
2 959708
4 966412
5 933778
2 972488
2 923751
2 937829
3 931670
5 972223
2 959855
1 924075
4 974531
2 920747
1 972287
5 994012
4 909355
4 939340
1 937250
2 901030
1 955335
4 906618
5 925581
4 958425
3 926410
1 975926
2 930556
3 937104
3 990415
3 951777
4 949051
2 969329
1 947708
3 920111
3 946490
5 944220
2 966109
5 935038
3 952331
3 944973
5 939710
3 901325
3 910226
1 929290
4 997
3 967682
2 985357
3 943729
2 986916
5 920466
3 989187
1 961150
2 986783
5 926830
2 993457
3 900721
3 906491
4 980522
5 967898
2 983466
5 917550
1 955827
2 913190
5 903382
4 950228
3 950956
5 966475
1 956508
3 955892
2 965921
3 928386
4 970148
1 982414
2 951631
1 965038
2 934445
4 962686
3 911552
1 968740
1 963771
4 959062
2 915077
1 902071
2 907953
1 976931
4 999
3 905221
4 993384
4 927864
4 944037
1 949360
3 907176
5 921901
2 966588
3 972401
2 956055
4 987649
1 924661
2 975012
4 955089
4 995445
3 942134
4 968462
4 909830
5 985662
5 935520
2 929730
5 975213
1 909143
1 908265
2 985110
2 947950
2 959388
4 989722
2 972500
3 999671
1 926248
2 960082
5 917950
1 939342
1 978269
5 918260
2 970328
2 970742
3 913629
5 933925
5 995278
5 985595
3 967026
2 970042
1 921006
4 967014
4 996595
4 914257
4 932621
2 952469
2 937144
3 917599
1 928007
2 904444
4 974767
2 939845
5 908353
1 981457
3 901761
1 903085
4 934278
5 912654
2 997902
4 991541
3 912166
2 931681
1 955361
3 954561
3 968956
4 999927
2 912136
2 985306
1 958220
4 932063
3 932414
2 968910
4 929275
3 906408
1 952669
5 990783
3 958146
2 992286
5 926856
5 961585
5 901886
3 986501
4 948372
3 904023
5 976531
1 952780
5 922086
4 951648
2 966235
3 900391
5 961741
2 933368
3 917273
4 967798
2 918693
2 938426
2 966073
1 909038
4 946415
1 999033
5 985194
5 925398
4 978795
4 916557
3 908254
4 960215
5 966293
2 921698
3 942186
2 962190
3 974182
4 942903
4 963031
5 951532
4 931565
1 938266
4 929798
4 938064
5 917392
3 934814
2 938997
4 996998
5 903057
1 939006
3 947584
1 911672
3 944439
1 924235
1 956882
1 984518
1 967527
1 978708
3 920896
1 969286
2 914595
5 939579
2 931159
3 974452
2 969635
4 976133
2 907522
4 954209
1 959586
5 918044
1 911904
4 901035
1 961222
4 959523
2 950988
1 942611
5 948745
1 942410
2 958948
5 949813
4 939317
3 927244
1 966105
4 922837
1 949320
4 961468
5 969304
4 928852
4 992745
4 900088
4 971094
4 1002
1 930187
1 948647
3 947754
1 950713
2 912366
3 991774
5 960201
5 975895
2 978511
3 926349
4 950789
2 920217
5 959184
3 954221
3 952231
3 903891
4 920452
2 993574
5 960283
5 948027
1 991287
5 964556
5 994391
5 917550
2 953807
3 981628
2 955296
5 990281
5 992906
3 934554
2 952359
5 974659
2 943334
3 909619
3 973319
3 976375
3 931697
1 914606
4 937909
5 981392
5 932217
3 908362
4 999379
2 951857
3 982677
4 922482
1 977768
5 902511
5 984421
5 957084
3 903014
4 986969
4 973087
1 914324
1 960210
5 962417
5 950488
2 996822
2 993624
1 904766
1 935239
2 960362
2 952159
5 902862
2 905503
4 972839
2 902143
1 906928
5 944054
2 972499
3 907244
2 930719
2 951183
3 940190
1 908551
4 928948
5 940775
1 951303
2 938778
4 995
3 902198
5 959134
5 947438
1 961359
5 983117
1 923723
4 910072
4 990186
4 968090
5 913778
2 909344
1 950632
2 939760
3 931048
2 926211
4 959697
2 991593
5 957148
2 985652
1 989525
5 969521
2 992147
3 996040
4 918280
2 914975
1 962839
2 973621
4 972278
4 904675
1 996460
3 997630
5 997063
5 953118
4 956802
1 940951
1 963460
4 916019
2 915961
5 967888
4 941766
4 1002
3 964774
3 997415
3 939799
3 925755
3 984877
5 958499
2 916497
4 995521
5 920894
5 988888
3 941420
2 928690
2 957014
5 925221
4 971634
5 986964
4 936421
5 938424
2 930711
3 991850
3 950899
1 997256
3 918132
1 979689
3 911551
2 959618
4 969142
5 929814
1 920473
3 967931
2 929396
4 913234
5 954293
5 957954
1 992237
3 924257
2 986760
4 981612
5 985664
4 908459
4 919475
5 989272
1 982005
1 928912
5 935936
3 945126
3 994527
5 980320
4 919388
5 991055
4 960475
4 955939
2 993688
4 993578
4 961557
2 927402
3 910996
2 994282
5 922669
2 937082
5 907737
3 962290
1 985901
5 948066
2 948493
5 991904
4 929786
4 999
5 981176
2 995216
3 976677
5 908221
1 903620
3 980642
4 965909
1 923648
5 936744
3 938177
3 996772
4 954934
3 908774
5 940651
1 957233
3 937523
3 906874
2 924415
1 906277
1 939030
1 939842
4 913840
5 912142
3 990159
2 980710
3 974729
1 964673
3 969404
3 991217
1 908061
1 925370
2 909447
4 904569
5 907701
3 958470
2 930019
2 981925
2 941914
3 961059
1 919594
4 979379
2 903574
4 984897
4 935602
1 926152
4 901966
2 927875
5 958050
5 940662
3 944159
1 923847
1 973368
2 928756
2 949107
4 900403
2 919802
2 958797
1 986064
5 983848
2 912999
5 959639
4 969437
3 980369
2 913855
1 905985
4 971541
4 916445
5 992198
1 998613
4 989607
2 976184
5 935689
3 922970
5 952951
5 984444
4 948484
1 983520
4 955684
3 924180
2 983884
2 948668
2 913153
2 971368
2 952336
2 954567
4 930013
4 912690
1 951665
3 939447
3 927856
4 997033
4 949434
4 965800
1 941191
2 990690
1 957580
4 998591
2 969731
1 930659
5 917496
1 967936
5 986728
4 925897
3 982634
1 914112
1 942144
1 953939
2 995214
2 990747
3 927960
4 926504
1 901475
4 929588
2 907471
3 995649
1 935412
3 950518
3 934584
2 921405
3 923620
5 943723
2 928200
2 959272
4 956739
5 951526
2 901651
3 938522
3 906995
3 965766
3 941705
5 943580
2 900310
1 934201
4 964081
4 931332
3 953032
1 979094
2 970750
5 905983
5 903936
5 973018
1 932254
2 966242
1 909015
4 925545
4 923781
3 912142
4 1002
5 976008
5 963347
5 932805
2 944095
5 900974
3 976215
4 924247
4 904557
2 977711
1 965629
2 990950
2 994289
1 988519
3 942751
4 974985
3 994451
2 965152
5 927048
3 975343
2 959537
1 943538
3 922967
4 948039
1 909726
4 953046
3 983487
2 967904
3 971367
5 931985
4 956754
5 910961
5 955251
4 925535
4 908756
5 959079
3 941313
2 975751
3 918386
1 903936
3 954478
4 953795
4 926990
3 909720
1 960886
3 928184
4 958774
2 910694
4 993615
2 972926
2 980975
3 975259
4 978086
3 961640
2 925003
4 902536
3 955683
2 962565
4 911326
5 985377
4 931452
5 994897
5 972493
1 998436
4 919877
2 917344
2 911757
1 907506
3 963302
1 937355
3 910572
5 931110
4 975939
5 940951
1 965653
2 985358
4 957546
2 950030
5 935338
5 981497
5 970847
5 941652
4 998228
1 987515
2 953248
4 951018
5 968082
3 976082
5 970911
5 978626
3 969828
3 915832
1 995300
4 937286
4 1001
3 942873
1 919744
1 970062
3 970987
4 948952
2 990216
5 974661
1 900754
5 919417
5 915276
4 902713
1 903025
4 926952
5 999401
3 955455
2 958600
3 938301
4 945228
1 996462
2 949853
3 963098
1 927485
2 972168
4 919977
4 919783
2 981001
5 959991
4 998209
2 996027
4 961871
2 934739
4 961487
4 911048
5 910368
3 988196
3 937187
1 997703
2 960454
2 918038
4 971693
2 976107
5 986123
5 938334
3 960857
2 929917
4 931963
1 975043
2 989766
3 960157
3 989464
5 940712
1 936320
3 965874
3 967743
5 947471
2 994513
1 916380
2 991212
3 949744
3 923570
3 940811
4 993515
5 948955
5 902661
3 984974
3 908692
4 915204
5 977409
3 935187
4 930011
2 942634
3 970042
3 999819
3 947373
3 956815
2 949933
1 951887
2 940193
5 945373
4 966540
5 995901
1 969780
4 977121
4 956604
3 983326
2 950000
3 978653
3 988805
3 956619
1 974880
4 917150
2 932587
5 917233
1 959921
5 913515
1 954399
2 962306
4 997773
1 914129
2 926116
3 945739
4 947778
1 965664
1 995499
2 994286
3 954644
1 960616
5 961339
3 972556
5 991096
2 964624
1 989019
1 988757
2 990194
2 904769
1 931721
5 914731
4 956491
4 986126
1 952493
4 991912
5 903891
4 967295
3 917924
2 922146
5 991460
2 934345
3 977454
4 999141
1 958558
4 995330
5 939071
3 937027
5 998071
5 987194
5 902911
2 924158
4 996411
1 932248
2 971718
2 990459
3 905361
1 932665
3 908522
3 972647
2 973087
5 995516
4 991429
5 929075
4 983544
4 999825
1 973252
3 913319
1 979501
3 939547
1 935602
4 974712
1 959307
5 937489
2 960011
4 979275
4 965859
5 966971
4 905939
2 968537
2 933808
2 960783
4 958098
2 945633
2 999278
5 922365
3 935624
4 998
1 991122
1 910430
4 925696
1 998385
4 967174
1 951969
1 936987
1 901504
1 959517
4 921907
5 942777
3 914163
1 919103
3 955903
2 971633
4 925371
4 1003
2 965282
4 966222
4 920569
1 934104
5 969036
5 944031
2 915966
1 913328
2 993190
1 999576
4 946671
1 979208
1 907309
2 949381
1 979643
3 946255
3 985436
1 980789
1 907855
2 939884
5 909315
1 971310
4 977584
1 980119
2 959599
3 931547
4 933152
3 922522
4 997534
5 951243
4 994496
4 1001
2 981835
2 914814
1 924323
5 912292
4 901710
4 904111
5 966735
4 997108
4 924637
5 998413
1 917581
2 922213
2 999900
1 903702
3 915736
2 933218
1 973044
2 908549
4 970935
4 941323
5 965019
2 923674
4 921908
1 944320
4 962733
2 996695
2 976620
4 944153
4 912424
5 925899
2 965159
2 984451
4 930036
4 966925
2 966865
3 948837
5 977583
3 983299
1 982387
4 941446
1 923633
1 918925
1 953601
1 959568
5 913304
2 915053
4 905439
2 966649
3 967461
4 954313
5 938753
5 953250
4 969355
3 948341
2 921075
2 984804
2 976796
4 938500
3 929332
2 926048
3 994624
1 953852
1 997894
1 969611
5 939060
3 946603
1 918332
5 906674
5 900430
3 954009
2 969480
5 919120
2 924948
4 980073
2 963067
3 943586
2 943062
2 927830
3 964858
1 990908
5 946193
4 976137
1 976158
5 998478
4 953786
3 938110
3 905612
1 941018
5 919475
1 995193
2 982219
2 951854
1 980001
2 930302
5 932578
1 940015
5 969591
3 905006
4 923592
4 981948
1 963086
1 915773
5 945730
1 939851
4 981829
5 988365
5 911357
2 956287
4 942443
1 916230
3 966698
2 990722
3 952016
3 990009
2 958397
4 948452
1 961998
2 998524
4 957482
4 942797
2 912744
5 918044
2 929507
4 921813
1 957049
5 927367
1 985645
5 908973
1 909861
1 912842
5 954806
5 915819
5 905361
1 932943
4 915610
3 920761
5 954683
2 905081
5 921081
4 997
5 957016
1 967440
2 989442
4 974271
4 932540
5 967212
4 971523
3 982257
2 905345
3 977201
2 962212
5 911904
3 933656
2 902036
3 912269
5 969435
3 988470
4 980958
3 996354
4 925836
3 971652
5 900932
1 979534
1 900793
4 986535
3 926229
5 918539
4 942959
4 916460
2 991412
3 993441
2 974798
3 947247
4 991231
3 960177
1 992616
3 996184
5 955244
5 942887
5 923147
2 976476
3 991615
3 925902
5 901944
4 977921
3 972927
1 986032
3 931462
2 944821
2 999611
1 931016
4 978049
4 922964
4 986329
4 969180
4 951545
2 925957
4 932328
3 956948
1 903989
2 918663
1 949469
4 903780
2 997295
3 980302
4 971850
2 934938
2 999846
1 918139
1 978347
4 943324
3 978965
1 957661
2 913184
2 989468
1 906074
1 905478
1 953900
2 928484
5 999563
3 907242
1 989569
5 984835
4 936987
1 948703
2 913045
2 922335
5 990362
1 954616
5 913076
1 906227
2 935618
3 995488
1 981205
2 970168
5 913137
1 947687
1 979947
2 946410
3 940375
3 930157
3 998331
1 969501
2 922076
4 934074
3 954846
1 935195
4 924415
2 967000
4 937723
1 912096
3 902748
3 951203
2 939468
5 907018
4 944682
4 973466
3 936814
2 945377
4 925473
3 962124
1 957535
1 938506
1 947879
1 955767
1 962681
1 982637
4 913594
4 949315
2 907689
3 973298
1 909287
2 984103
2 986858
2 954985
5 900490
4 995
2 934742
4 971562
5 955763
2 909374
2 961821
4 900809
1 919412
5 904903
5 989163
1 905070
5 902926
1 923837
5 976870
2 974940
3 999010
5 998232
3 991477
1 920537
1 909970
3 996834
5 904352
3 990018
5 911517
4 985528
1 957439
1 949855
3 980305
5 984824
3 980497
5 951259
3 907061
3 999209
5 950586
3 923000
1 906153
5 958310
2 978945
1 923839
3 977797
4 949109
2 947989
3 924968
1 989601
5 922316
2 905813
1 981002
2 957031
1 924246
3 991133
1 972570
4 959791
1 915781
3 936506
4 971516
5 983665
5 958238
5 964855
2 984185
2 994572
2 918036
2 924044
3 993062
1 963709
2 977307
2 952518
2 965746
2 918137
2 925483
4 916928
5 930177
3 971269
2 966338
4 906641
4 991265
1 944405
1 994362
3 919785
2 933367
5 927333
2 904358
5 906985
3 973840
4 978846
3 918634
3 932783
4 983757
1 932543
2 975404
2 933214
2 992573
5 982927
5 975187
5 982396
5 943346
2 996176
5 910299
5 988932
3 917337
3 908785
2 999734
5 975167
3 959517
3 964958
1 917261
2 988577
1 900079
1 943473
1 929114
1 910209
5 926633
1 963527
3 903546
1 974844
5 963878
2 986771
3 976215
5 972050
5 974210
5 996378
5 978004
5 960956
1 970356
3 949688
5 968692
3 929880
5 962073
2 972852
2 913324
2 978608
5 906225
5 910168
3 928000
2 942142
4 955891
1 971546
4 984603
5 970243
3 992557
3 966513
2 908228
4 982879
2 923549
2 917450
5 923228
3 952035
1 983648
5 904264
5 912269
3 943100
1 951477
2 961981
1 966207
2 910794
5 944386
4 935432
4 948320
4 979426
5 912250
4 993974
3 936094
5 931192
1 969427
2 952889
1 909144
3 962306
2 958685
4 952198
5 932261
2 978871
4 947938
1 955973
4 900525
3 959876
2 949440
2 998101
5 910468
5 914614
5 994241
2 934611
5 913853
3 939882
4 968365
4 995
5 957760
3 919891
5 977974
3 985395
5 918322
2 995157
3 990269
2 976047
2 918734
2 936565
3 994132
1 998206
3 944365
4 998847
4 936756
5 927626
1 915774
4 955783
2 927076
5 936484
3 997423
2 962316
5 907997
3 960066
2 909344
2 933295
5 987109
1 911488
1 957410
2 924532
3 980407
4 987436
2 967796
3 972647
4 980035
1 993097
1 993873
3 986199
2 954215
4 944208
4 937197
4 904870
4 961263
5 949256
3 975303
4 984761
1 998556
3 937725
5 940099
2 955353
5 975721
3 992178
1 973669
1 943330
1 951104
4 935749
2 987865
3 974863
1 946978
4 995939
4 922265
3 962365
2 924455
3 938385
2 970037
3 955703
3 969681
5 945353
2 920651
5 971663
3 999583
1 900825
3 921334
3 961556
5 946135
2 955989
5 926254
2 996363
4 985250
1 968857
2 949552
3 908735
4 928201
4 981757
4 959050
3 939412
1 957758
3 932828
1 989388
4 927779
2 955521
5 954987
2 944104
5 932019
2 918687
1 992710
3 924213
1 934210
5 927358
4 944112
5 938508
3 967775
5 945753
3 944288
1 962427
3 980533
1 988229
3 975576
4 918200
2 951014
4 923857
5 927456
4 964266
2 908881
3 988638
5 982371
4 1002
3 959581
1 937633
1 961447
3 974619
2 904764
2 966559
1 903810
5 946419
3 957878
5 994517
2 949792
5 973377
1 936071
4 987335
2 961390
3 915166
1 977041
3 903707
1 990436
5 905573
4 998455
4 982584
4 927794
3 978858
1 923306
1 996665
2 912982
5 960916
5 925545
1 928236
3 986241
2 957442
4 986438
4 947775
2 967687
1 993523
2 912793
3 949754
2 931489
2 950841
1 916918
4 992169
2 948738
3 967372
5 968968
3 970247
1 948317
1 928327
5 958064
3 957324
2 976896
4 970933
2 926468
5 929746
1 937935
3 919421
5 927707
1 985906
1 909717
3 967087
2 970480
5 980941
4 952153
5 934393
4 1001
4 932580
1 950480
3 922229
2 940045
5 954588
2 979012
2 941935
2 982929
1 923414
2 985464
1 951346
3 970364
3 933377
4 924422
5 933370
4 909940
1 950068
5 961778
3 926606
5 945646
1 947549
2 953312
3 987056
2 916248
5 907661
4 978535
5 911954
2 956659
4 965182
2 965482
2 968389
1 933291
5 943214
4 951958
2 998115
4 956557
4 951697
2 964930
3 996627
4 929256
5 913214
3 976172
1 998810
1 960867
2 974502
4 946262
3 932737
4 991606
4 945837
3 979800
1 970344
3 994654
1 907038
4 910722
4 997
2 943745
1 934576
1 942278
2 928896
5 921478
4 965799
4 927109
3 938938
3 953289
1 985114
3 984136
3 907566
3 926502
1 956506
4 946795
4 1002
3 988870
3 957887
2 924246
4 936279
4 910759
4 1002
3 964372
3 919599
1 924749
5 945936
2 951512
1 904278
1 983971
1 991822
4 992441
5 950165
2 902325
5 911264
3 993933
3 931047
1 936637
4 921651
5 932853
3 959866
4 992455
1 905346
1 945828
2 954342
2 907520
4 941333
4 947244
4 984160
1 980730
5 941121
2 943298
1 924478
4 952343
4 948338
5 991777
3 939695
3 976876
4 931263
3 942911
3 957587
1 907691
1 961467
2 979378
3 918159
1 932378
1 972170
5 927424
5 976175
5 923228
5 925749
5 915520
5 982094
1 958594
1 994669
1 931041
1 945111
5 920925
5 920061
5 944069
5 991020
4 914666
2 930503
3 965492
3 930304
5 908915
3 925373
4 920993
4 933199
5 918020
2 987179
5 934088
2 986491
3 994379
2 909097
3 956589
2 980646
5 953174
2 961142
1 907759
2 931573
4 918978
1 980977
1 905090
1 978955
2 986166
5 974467
1 985449
1 951984
5 922814
5 980896
5 947810
1 975584
4 970732
2 992057
2 968974
2 977580
5 945304
5 912837
2 971998
5 902660
3 909393
3 993453
4 942646
5 927596
3 995149
4 985099
2 903931
1 997618
3 962999
5 930608
1 968296
4 974461
3 934099
2 957617
2 980078
1 923367
1 928556
2 996899
3 929287
4 972046
2 997348
3 945466
3 938883
3 929494
4 952247
1 982176
2 976729
3 977612
4 903404
4 918470
3 920925
3 970324
4 931414
4 926933
5 922351
1 976436
1 976201
5 995017
4 947888
3 991729
3 967888
5 980536
5 981425
3 903366
4 913770
2 942129
1 994973
3 974435
5 985184
1 947007
3 987035
5 940693
1 936469
1 918559
2 966254
4 916785
2 982140
3 911711
3 968807
5 915473
4 947038
1 975668
2 947845
1 949541
5 905744
2 978622
3 958171
3 992955
1 969410
2 957143
4 998227
1 923077
4 909687
5 994457
2 906574
1 913258
4 949396
4 969521
4 945473
5 901131
5 953384
3 926887
3 961404
2 926028
4 900881
2 937716
3 976502
2 979692
2 977625
1 960111
2 940974
3 992927
1 948636
2 976586
5 936474
4 984239
4 1003
5 965411
1 999566
1 999751
1 905589
3 935327
4 979684
4 992642
1 935215
5 969033
1 996447
4 932477
4 916458
1 932652
3 963348
4 1002
4 906733
2 968313
5 939218
2 934857
5 915544
2 901817
5 922969
3 900092
4 946517
4 991963
1 931086
5 951664
4 936744
3 963907
2 998012
1 905649
1 966366
4 988750
4 1005
4 983895
2 920649
3 969003
5 908275
5 964243
2 916301
5 961237
4 947334
1 935437
3 999415
5 960380
1 979762
3 946190
4 956675
4 924981
2 961987
4 908965
3 982675
5 932427
3 976585
5 943231
1 915785
1 990509
4 919767
2 968767
1 957653
2 968262
2 950747
1 983984
4 963831
2 972986
5 986113
4 902915
5 924701
1 971312
5 915325
2 935458
3 961678
1 967162
5 937300
3 980481
1 943092
5 914527
2 944608
4 933807
2 995726
3 951235
1 934776
2 935898
5 909975
5 936358
4 987382
1 990587
3 973084
3 901481
3 964518
4 941069
5 936951
2 982886
2 949830
2 966028
4 912228
4 917997
4 940930
5 921562
1 926552
2 945984
2 933186
3 910815
2 974558
5 909513
1 986537
3 963461
2 950745
3 946785
4 995
5 972623
2 937033
1 993354
3 960198
2 938550
1 931170
3 980258
5 975955
3 946735
3 942565
3 900876
1 910649
1 989120
4 980979
4 1005
2 999711
4 910153
5 916983
2 970954
1 921483
1 991507
1 922200
2 957136
1 924004
4 975628
3 906093
2 942446
1 910155
5 966062
2 928588
4 989308
5 968327
2 944855
2 944902
3 912437
1 943381
5 972095
4 989258
2 911530
5 915331
1 975029
5 957976
3 941172
3 927882
1 993230
4 941197
3 981798
3 912960
5 936084
2 901316
2 972545
4 926696
4 998
1 990162
2 942614
5 948819
4 964216
1 968162
1 957000
4 961805
3 978019
1 921041
2 932706
5 968231
5 987321
5 900101
3 999806
1 922211
1 981289
2 995186
4 945653
2 977420
4 980255
2 964547
5 998788
4 924083
1 913223
2 943330
2 971190
5 983391
3 983975
3 916713
5 974799
3 985186
1 905974
3 919776
3 955902
3 983216
5 908291
2 977558
2 988997
4 956878
4 995192
5 920575
4 956047
1 916033
5 921470
1 968024
1 999619
3 968656
2 934129
5 949902
3 964613
1 927926
4 904722
1 951033
3 957848
5 960321
5 950393
1 909413
1 954764
2 939801
3 985046
1 948592
3 945563
1 916698
2 936674
5 936086
2 922274
1 906721
5 937715
5 915614
3 952206
5 971565
3 912365
3 992384
2 912719
5 918133
3 960110
1 957433
2 904687
4 954870
3 963627
1 922827
4 923406
2 917411
3 920851
5 921499
1 938977
3 926530
2 930432
3 953384
5 954755
5 931576
3 996261
5 927625
2 956355
1 913001
1 904168
3 943340
5 987334
2 926799
3 944938
5 936277
1 995526
3 962748
1 988380
1 908346
4 994927
2 996099
1 905022
1 913025
3 932899
5 965178
1 988952
5 969666
4 947062
3 954538
4 920014
4 999959
2 925122
2 942057
2 993269
5 972764
3 944392
4 994705
3 975157
4 935590
4 961333
2 916889
5 936996
5 900968
5 919325
1 975918
1 966455
2 954129
1 948674
4 961850
2 931638
5 907111
2 971152
4 929161
3 983993
1 995486
2 920478
4 937766
4 950133
5 965245
3 964916
3 916451
3 909521
1 900089
3 948516
2 998027
5 979842
2 911642
5 912028
5 923622
5 940920
5 973081
4 905858
1 942741
4 992099
4 991692
1 908020
1 901979
3 957865
2 963057
2 947074
1 948640
2 918561
1 969287
1 943702
4 953490
4 998079
4 904944
1 948498
5 930597
4 928679
3 990889
2 980473
5 926620
5 915054
2 976378
1 980731
1 917878
2 943984
3 962173
3 976045
2 908283
5 946752
2 981498
5 954594
5 992851
5 918925
3 988300
3 975765
4 1001
5 977989
4 997014
4 995801
4 981665
4 960217
3 969723
3 947737
3 953445
4 999545
2 932464
4 932155
3 909973
2 991739
5 928998
5 930844
3 911778
1 945424
5 995601
2 904026
2 948658
2 900579
1 901151
2 927070
5 941393
5 908827
3 913469
1 967027
2 941780
2 955762
4 970240
5 932706
2 911108
5 997324
4 917101
2 928857
1 994462
4 972073
5 950958
4 918085
1 952148
1 927552
2 940606
5 976051
2 926949
4 969698
2 983410
4 906226
1 900204
3 904687
2 962467
1 992994
3 984607
1 914677
3 969686
5 993808
1 902840
3 913776
5 986510
2 910568
5 983438
2 939026
1 969994
5 988628
5 915753
1 920032
5 989281
2 940420
1 938062
3 975069
4 900569
4 914067
1 997673
1 949072
4 913122
3 914995
3 918534
2 921594
5 942036
1 914121
1 933752
3 939910
4 936464
4 973594
1 926308
2 993979
5 969782
3 930234
4 947217
1 959946
2 929571
2 945596
5 973062
2 958667
4 941248
3 954771
3 944002
1 945572
3 956373
2 957193
5 972765
3 914004
4 969667
5 962337
1 941640
5 976592
4 930549
3 943370
1 923399
5 956116
3 915515
5 947805
4 948752
1 937403
2 961035
5 960546
4 907146
5 986220
1 990303
1 948164
5 996718
5 991278
5 987436
5 987674
4 958151
2 952945
5 928396
1 921363
2 927464
3 932201
3 901699
4 915195
5 953853
1 986448
4 995020
1 901990
1 932057
1 956724
5 953034
5 903816
5 989007
5 901071
4 923876
5 909875
5 948968
5 949994
4 986645
4 944637
2 939849
4 973383
4 950796
1 909502
1 941134
5 993784
3 974548
3 927170
5 988214
5 966910
4 989291
3 954186
1 933925
1 995630
2 907490
4 964565
4 955424
5 982082
5 980580
1 902109
4 973036
5 987318
5 931323
1 977343
1 940951
2 907065
5 988985
4 950769
1 963653
4 1001
2 992212
3 924351
4 997434
1 979110
4 939397
1 941656
3 962016
1 951486
3 970243
4 921164
2 958609
5 908535
5 904425
4 910253
4 994645
3 946062
1 975021
4 952246
1 998156
4 993917
2 937430
3 999114
3 906114
1 967840
3 916579
2 944269
1 962283
2 922421
2 904116
5 965127
3 924748
2 953648
3 985607
1 905571
4 910427
2 925475
3 946241
4 951721
1 930524
1 975714
2 934877
1 957476
1 942810
2 981991
2 952162
4 917291
5 952499
2 936080
2 919513
4 978239
5 914984
3 948040
2 947160
4 990851
3 936017
4 994520
2 949507
2 984092
2 976386
3 912303
3 994225
4 961237
1 983581
2 906427
3 950185
3 948282
3 920837
5 915392
4 954497
1 918833
2 983596
4 963755
2 983777
3 914423
2 922162
3 967408
1 995875
3 934517
5 978181
1 937858
3 915864
1 998602
2 998940
1 910239
1 900505
1 935012
5 944505
2 921377
3 988280
3 971121
5 911368
1 934218
4 949762
4 942896
2 960377
5 922397
5 953817
3 949662
2 908477
2 974212
4 937542
2 992246
3 953370
4 997248
5 992653
1 950442
1 955476
5 918671
5 902405
3 976787
4 901389
5 920519
1 914986
4 935989
1 939083
3 908682
1 987071
3 903104
3 999092
1 958717
1 913415
5 927405
2 921813
5 937727
1 936979
1 964779
3 993630
4 974212
4 976388
1 966092
4 972815
5 975744
4 979736
1 951782
5 981826
4 996917
2 930202
2 927645
1 998677
2 958787
2 994961
1 985256
1 931831
2 966743
1 904848
2 956437
2 968637
4 997249
5 956771
4 903220
1 966598
5 922888
3 929331
5 922964
2 978570
2 942907
5 993095
1 956439
3 999793
5 970711
3 928100
2 958193
1 922977
5 927327
3 914258
4 968687
4 995823
2 940190
3 932696
1 911060
1 977544
1 941188
2 961340
4 920817
1 948678
3 917161
3 945512
3 996239
5 992240
4 939649
2 944487
4 997332
3 993036
3 960014
4 972422
5 904861
1 971054
1 951360
4 923343
2 998025
3 998274
3 925434
4 909393
1 987466
1 992731
2 902944
4 953535
4 922614
3 927887
1 985491
4 906888
4 936886
2 964099
5 983568
5 960837
1 975490
3 928678
4 946611
1 972378
2 957930
1 975783
2 955932
4 907408
3 926577
2 989055
5 967992
4 933999
4 981010
2 948743
2 978990
3 904386
5 988556
5 937861
2 948622
1 912799
5 958878
2 923221
5 958692
5 977750
1 907591
4 909922
4 981120
5 939083
5 919197
2 959184
4 928997
5 906576
1 979731
5 946445
2 909843
5 976733
3 982611
1 983248
2 918441
1 933138
2 950285
4 957854
1 948971
2 912909
2 936578
4 902961
4 977493
3 908238
3 968735
4 970601
2 906642
5 976492
1 904114
1 927803
4 995771
2 955165
3 913243
3 997575
3 980000
1 973086
2 914044
4 974058
2 962111
2 974550
1 945356
5 932398
4 971064
1 916706
3 912628
4 931824
4 979381
4 943569
1 976440
5 971149
3 992289
3 949551
5 995406
2 951264
5 962278
1 904256
3 926765
1 944751
5 982874
5 930293
1 956568
3 929811
3 984049
2 946995
1 940962
1 955669
1 906745
2 985938
2 914365
1 991944
4 970179
3 938716
2 951348
5 972409
3 972253
4 966538
2 943513
3 969749
5 918063
1 992157
2 928104
3 904572
4 973183
2 930280
4 961212
3 975682
1 989388
2 931974
4 907023
5 946694
5 912470
3 920416
4 900244
1 970351
4 985453
5 972239
4 988782
2 960903
4 979361
3 997134
5 914790
3 999888
2 953072
1 935212
2 923011
5 912271
1 910807
4 965660
5 971497
2 992745
2 931126
3 988582
3 995151
1 965342
4 969486
3 917025
5 960426
5 902468
2 952730
3 985180
5 953828
5 996154
5 970772
2 907304
5 902145
3 917488
1 953507
2 972219
5 961200
5 954434
2 988927
4 957392
4 915438
1 950255
2 900183
4 985232
2 979188
5 927376
4 977374
3 913712
2 926374
4 977794
5 928553
2 905943
3 963736
1 937493
1 977823
5 909352
2 924901
1 946181
4 931721
3 978387
2 992623
3 973904
3 971053
4 1002
3 915047
4 980676
1 914121
1 922086
1 916090
4 995
1 988307
2 964241
5 998819
4 991720
3 921296
1 990534
3 923456
4 947258
2 941173
4 954943
1 918813
3 917637
4 957423
4 903577
1 994993
2 949730
4 987216
4 956211
2 959703
3 959247
1 992876
5 913129
5 967702
1 975250
3 997484
1 950997
1 922930
2 956052
5 929336
5 954206
5 984086
1 968985
3 948046
4 909741
3 997050
2 992838
3 913174
1 947905
2 950529
2 978026
1 908432
2 943498
3 908309
5 929156
3 963916
1 929643
4 969263
3 979767
5 950123
1 911099
4 976890
5 929405
1 995501
4 986435
5 975909
5 913163
2 914724
4 998
4 909008
5 964053
2 905549
5 907730
1 989622
2 929172
3 973344
3 982960
5 923929
3 997664
5 974649
2 904193
5 971290
5 949903
1 925077
5 957047
3 942841
4 915006
5 906294
4 929954
2 947076
4 976036
3 935505
4 945525
3 940819
1 937609
5 950444
2 955785
2 911504
2 941709
4 989193
4 997180
1 931272
1 948564
2 995571
5 994909
1 924864
4 926143
2 971770
5 968874
5 963955
2 987770
4 983914
2 938914
2 924416
1 920883
4 924905
3 915330
1 979223
4 995
4 963212
2 967632
3 992213
5 919539
4 908781
3 919063
4 980029
2 935146
1 988715
1 910411
2 979393
2 976652
3 941172
1 968098
1 935943
2 980058
4 997367
5 928984
4 999656
1 981310
1 982175
5 999531
5 973680
1 920250
3 987969
2 910337
2 975672
4 1001
2 968624
5 921298
3 918586
4 941554
3 918786
1 988687
1 967312
4 902716
2 901285
1 965864
1 907408
2 937877
2 920730
2 943502
4 962805
4 985209
1 900035
4 912693
3 949577
1 952368
3 953141
4 924491
3 914020
3 984020
3 950661
1 965141
1 999657
3 953477
4 956839
4 974604
5 969459
1 918893
4 995998
2 991122
3 940989
1 905703
1 957326
2 996541
1 972058
5 900051
3 911111
4 983579
5 903196
2 999312
4 1001
2 947748
4 985741
2 996734
3 966748
5 971779
2 956504
4 999645
3 926068
4 933119
5 944358
2 964821
4 913217
2 969055
1 985060
3 904890
4 937108
3 918282
2 932450
4 981147
5 919400
2 998122
5 959066
1 975440
4 957264
4 920682
5 942030
4 933329
4 929720
2 921829
1 992261
3 932875
2 923047
2 912723
2 966906
2 973597
1 995751
3 990758
3 980894
5 934975
2 998434
1 934754
2 910071
5 931929
5 949494
3 968907
1 981309
4 949578
3 988793
1 977981
2 952740
2 995631
2 934291
4 959727
2 988022
2 958935
3 942126
5 937221
4 921104
3 944004
4 993342
3 997378
2 945326
5 915333
3 938785
2 993221
3 957172
5 935452
3 982526
1 989231
3 949442
3 966210
2 903604
4 924668
2 964011
5 942349
1 907657
2 910579
5 992257
1 946640
1 926504
5 997039
4 929617
5 918534
4 946364
3 986464
5 917701
1 905511
1 966249
2 939216
3 946199
3 957838
2 994107
2 917285
2 977803
3 935070
4 920300
3 973227
5 919858
5 988518
4 936543
2 920300
1 990386
5 946490
5 967787
3 981636
2 955784
5 983955
4 938802
3 940808
2 996171
4 996363
2 995685
2 961660
4 970725
3 993411
1 981900
2 948559
2 908837
5 934525
2 946289
3 933839
5 930994
4 1002
3 968643
1 910825
4 983609
2 912749
2 993743
3 955981
2 910607
5 954479
4 1003
4 905383
5 945753
1 957438
3 974630
2 968342
3 904894
4 978711
3 922736
2 988211
3 986614
2 923033
3 949942
1 915242
1 998470
1 947270
5 971320
4 944585
5 958497
2 987301
1 932574
5 920526
1 992236
5 940385
2 922407
1 906214
3 949414
4 947077
5 949512
3 928659
4 952523
5 905846
4 911853
3 921743
2 949514
1 963244
1 992662
5 917666
3 947920
5 947530
1 901267
5 971326
2 915975
1 923436
2 996517
4 950408
5 976038
2 908335
4 990068
1 926138
2 940604
1 921713
4 973062
5 902221
2 908460
2 912918
3 904008
4 995038
2 964288
5 980930
3 993981
1 975102
1 984082
2 908051
2 951744
4 975184
1 945282
4 975967
2 929819
2 948096
4 929094
4 964998
5 995087
3 935087
5 947181
4 927468
3 909440
5 946348
1 949716
1 968060
5 967934
2 916492
2 972169
4 980970
2 902423
4 902324
4 958278
4 902457
5 972692
4 915539
5 911068
2 932960
4 953302
4 987428
3 943741
5 979102
1 961176
1 917393
2 959043
5 972997
5 942392
2 909909
1 968390
5 924245
5 909062
3 942859
5 974145
1 979739
3 935017
2 902092
4 931667
5 912026
2 926110
4 967323
2 963012
5 900347
2 999941
2 911015
1 905910
1 916271
4 925933
1 906090
3 919194
3 973665
2 982776
3 914789
4 998
2 951559
4 988356
4 944597
5 943849
4 999192
4 905895
3 967012
4 960277
5 970800
5 966931
5 929945
4 994547
4 943244
3 926126
5 918539
4 940879
5 934190
2 981754
5 968349
2 934584
4 928618
2 923473
2 920191
1 915064
3 904444
4 956749
1 901382
2 940457
2 903495
1 956618
2 914694
1 902518
2 902707
5 901784
4 918883
2 982359
5 999506
5 966864
5 999451
4 968251
5 976136
2 930068
4 971900
5 911886
3 962339
3 943502
3 943788
4 940353
1 903872
1 907937
4 971946
2 971321
1 945139
1 916020
1 938809
5 907722
5 953017
2 955164
3 954969
5 991425
3 906162
3 932356
4 993079
4 928818
2 940646
5 967790
5 993128
3 940825
1 986454
4 955135
5 924442
2 903853
2 961325
4 952859
1 931866
4 954829
2 923019
5 950146
4 950291
5 980603
2 947376
1 955798
2 901661
5 909772
3 968703
5 961451
3 996640
1 981735
2 995928
2 918282
5 942393
3 952614
4 949432
4 979553
1 995301
5 921485
1 950664
5 985718
2 917827
1 913713
5 924332
3 934952
2 900503
2 980626
2 916558
1 954878
2 980442
5 933264
5 985337
5 908615
1 900510
3 966922
1 937097
1 988319
1 960064
3 996962
1 960664
3 913653
5 969294
4 946845
1 990120
4 928863
5 993050
3 977673
2 928235
2 918547
1 936244
3 971898
1 911735
2 971555
2 930979
4 965010
2 937992
2 935970
5 923709
2 971375
5 911176
2 908138
1 935731
4 996
1 910066
5 969463
1 930060
2 996326
1 948322
3 905637
1 949633
2 969832
5 948101
3 991494
1 957693
2 920133
1 974046
5 965156
4 957410
1 903354
4 990984
5 902272
2 973141
1 930168
2 917393
3 940113
4 979070
4 958829
3 985466
3 958323
5 940857
4 939504
1 921869
4 985215
5 989978
4 984569
4 930897
5 919429
5 907536
4 963780
2 978094
5 998903
2 975115
1 916419
5 954453
3 993180
2 990688
1 946066
4 961791
3 990705
3 988790
3 995838
2 901762
3 971302
5 993413
5 938695
1 924329
1 905150
4 950149
2 931721
3 995114
1 981325
4 1001
4 969581
2 959703
4 998519
4 927144
5 949842
5 900575
3 992601
3 959251
5 997633
2 991556
1 903780
1 929831
5 967270
5 952143
4 998297
3 998014
4 985090
4 963957
1 927030
4 990370
1 940346
4 918484
2 984320
3 993342
4 995268
1 903302
4 930922
3 967946
3 911364
4 955665
1 985607
5 914085
2 918526
4 983592
2 976137
1 917143
3 963899
1 975660
5 981334
5 924043
2 939371
2 935999
2 913215
3 926452
1 976300
2 977534
3 993621
5 974214
4 938378
2 921931
2 913592
1 968581
1 973655
2 967102
1 933689
3 965112
2 981094
1 953284
1 980932
5 984733
1 954439
5 909325
2 901652
2 925974
4 961222
5 968868
5 962726
1 951692
4 908390
1 901809
4 945429
2 901524
3 958333
3 953789
3 966283
5 947298
5 941820
4 956354
1 902871
3 989418
2 902022
1 961061
4 902591
4 978404
2 982914
3 918311
4 901328
2 969728
1 901920
1 932050
2 908453
4 989370
4 969700
1 931054
5 983759
3 912875
5 944564
2 901113
2 994297
5 966494
2 935671
3 978470
1 936537
5 921481
3 989308
2 997176
2 907049
2 917155
2 914344
4 909391
3 928438
2 935881
3 981112
2 976686
4 987572
4 965552
5 931023
3 954319
1 938311
1 974912
5 967347
5 910409
5 973658
5 996530
3 952053
4 913663
4 928107
5 916348
1 985738
4 928829
2 954529
5 974528
5 915660
2 932742
3 915913
5 904625
1 948913
5 989799
4 976751
5 979506
1 974037
1 951937
5 955215
2 938329
3 959366
3 948309
1 986074
4 995159
3 975287
5 983120
1 915438
1 979546
4 903265
2 996570
5 949020
1 947443
4 946029
4 937878
3 942324
3 941058
4 970346
3 951890
4 964129
2 978861
3 984854
1 926846
4 982584
2 938405
1 911885
5 924599
5 972117
1 951581
5 952478
5 989737
4 937960
3 975258
4 942347
1 945719
4 995902
4 917199
5 923347
4 942939
1 900098
3 993390
2 941686
2 969691
4 935299
1 984220
5 910368
4 996
3 964051
4 992078
5 926142
4 933913
2 943860
3 994103
1 956481
4 904938
4 927860
3 956304
3 906706
1 912903
4 918450
1 982969
2 987632
1 948477
3 952753
5 931197
4 950403
5 977459
2 962303
5 994326
1 912706
1 970296
3 928072
3 978559
1 914164
1 954197
5 912890
1 910217
4 985736
5 964016
1 958003
1 936591
3 978837
3 954598
5 961438
1 921480
5 981233
3 944806
1 977034
5 929858
1 991535
3 934987
2 903417
5 904478
5 929025
1 952050
2 975077
4 950860
3 984224
4 913862
2 944083
2 990882
4 977503
3 916066
5 983171
2 950178
5 982883
4 972252
2 935233
5 915726
3 915896
5 940848
3 975560
5 995845
5 940992
2 922492
4 934613
4 904707
1 948833
2 965075
4 943258
5 976807
2 911324
5 992853
3 979918
1 989611
3 969220
3 960165
3 945048
4 917093
5 907234
2 919040
4 994115
2 991448
3 985786
4 913864
3 920254
2 928689
2 908282
4 919464
5 906637
1 963563
2 913379
4 930123
4 930488
3 992789
1 916281
5 950753
5 948062
2 974991
1 907703
5 947688
2 927809
2 953765
4 962191
2 942369
2 919162
3 913636
2 909623
5 946970
4 965778
4 959167
1 939615
2 978657
2 956887
5 994271
1 927658
2 902453
2 961569
3 946225
1 980785
1 966756
1 965395
1 915202
4 902487
4 925135
1 971040
3 904296
5 946442
3 906942
4 917530
1 981718
1 911283
1 941066
4 958685
3 906583
5 969477
2 950904
2 941237
3 907671
5 951179
2 935661
3 978103
3 990083
4 917758
4 977532
3 991987
4 969523
3 932675
4 965283
5 987792
5 970567
2 905462
4 932092
5 981240
5 933692
1 999451
3 996992
2 948627
5 968098
5 904793
2 920925
5 958637
4 934450
3 985955
2 943089
2 983297
3 901476
2 931083
5 938401
1 964771
5 971984
1 981221
3 990694
4 920044
1 943762
1 925480
4 925114
4 971046
2 940497
5 929773
5 963029
4 997467
4 917110
1 981206
4 981983
1 998941
5 929504
2 915778
5 995505
4 993721
3 959325
2 939973
1 972200
3 987714
1 941231
2 993401
5 950713
5 975509
4 977827
1 968199
1 986737
4 1002
2 998569
4 939953
4 994129
5 928708
2 960966
4 958716
5 990846
4 949330
3 925815
2 937357
4 943503
3 928926
2 961378
1 953940
4 995050
1 931736
2 980161
5 906033
3 961422
5 962525
1 909960
4 953651
5 994766
1 902218
5 971710
1 935595
1 919648
4 948618
1 921090
2 997118
5 905647
5 964372
2 935620
1 909519
5 938074
3 903602
4 930318
2 933365
3 963642
1 983733
3 900700
5 960378
1 902048
3 961037
1 910881
4 922515
5 970487
4 906277
4 908808
4 959177
3 954905
3 921324
5 990992
1 984196
5 947104
4 931578
3 900341
5 990094
1 926281
5 939279
2 960162
3 994696
2 979992
4 999362
5 931793
5 971945
2 981936
3 977815
4 921704
4 931951
2 972064
4 917464
4 992440
5 904499
4 959021
4 963316
1 956343
4 954811
2 939515
2 937436
4 986610
3 921323
5 907128
5 923643
3 996261
5 901456
2 953187
3 933084
3 966396
4 946409
1 969759
4 999197
1 967674
1 970099
5 995733
2 988256
4 903348
3 964392
4 993618
2 960974
5 986480
4 908656
4 961713
1 941323
1 997324
5 963585
3 920333
4 942314
2 953864
1 998714
4 963694
4 997132
1 933323
1 984261
5 990608
1 941570
2 911152
3 970978
2 950004
2 960876
5 903069
3 964053
1 994186
4 962166
1 920306
1 938518
3 912233
4 948581
3 902480
4 974244
1 917316
5 973215
2 983415
2 967721
3 947774
4 905738
2 906192
2 997242
3 919533
5 993621
1 971509
5 994193
2 921744
5 942652
4 998887
1 981207
4 951350
1 995347
4 958966
2 977171
3 953074
2 908727
5 939319
1 960434
2 969969
1 991296
4 945846
2 944185
1 957958
2 945213
2 977065
5 975883
5 988966
4 932144
2 907256
1 958459
1 921299
1 923599
2 947873
2 935810
2 911078
1 917577
2 992378
5 950139
2 972769
1 925471
1 918406
5 947902
3 976300
3 908812
2 957416
2 984991
4 907960
4 975006
4 945977
2 989174
4 992566
2 908405
5 961977
2 953286
1 995364
5 999658
3 947944
2 981401
4 994753
5 913054
5 991652
5 969769
1 936637
3 908635
4 955014
3 921468
2 905826
1 980218
4 1000
3 917622
1 968644
5 930204
4 943369
5 917094
2 944677
3 993539
3 970748
2 976568
2 903915
2 967886
5 991845
5 913852
2 937388
3 918324
1 941136
1 976132
3 910986
5 969249
1 932427
3 955908
2 995669
4 966388
4 960604
3 971787
4 948903
4 987633
4 904643
2 996681
5 929230
5 925195
4 925960
3 969853
1 909692
4 909249
3 955478
2 919663
2 958488
2 952519
4 914424
4 977606
5 951970
4 995254
4 941921
3 967185
3 960720
5 914202
5 935880
4 998825
1 915344
5 971373
5 971440
2 970178
5 982325
3 965232
2 923567
4 911535
4 914707
5 903009
1 990975
1 900429
1 916431
3 949858
4 925963
5 959749
5 912652
2 939815
2 916610
5 996506
4 976122
1 961996
1 907521
1 995697
4 942226
3 995949
1 994736
5 921908
1 930904
3 929432
5 992951
5 956778
5 994268
4 979250
2 939412
1 901059
4 910694
2 930504
3 962367
4 999
1 998854
4 946966
3 914793
3 930539
3 979654
1 978425
2 960494
1 936177
4 975656
4 900871
1 947887
5 950051
2 975645
1 972208
5 902427
1 979494
2 967566
5 988311
1 947042
1 994285
5 953323
5 934427
2 918259
1 933352
3 935031
4 916550
1 907425
1 975665
5 901543
4 995
3 936125
2 949774
3 943233
2 929967
5 954217
4 928436
1 963171
5 915783
3 935131
4 957317
2 919145
3 985891
1 937304
4 979516
2 984592
2 933218
2 914701
2 958928
5 970236
4 911698
3 990364
4 985942
5 993900
2 987801
3 965194
2 969590
5 951100
4 941202
4 908490
2 927473
5 967531
4 987141
1 980814
1 957069
2 951585
2 932643
3 970084
1 922982
2 900727
5 969347
1 958169
1 933430
3 923675
5 936256
2 941250
4 938427
3 937133
3 989313
2 978152
5 997385
3 967560
4 972291
5 913649
3 998248
2 976347
2 922123
2 919191
4 922270
3 950799
4 961984
1 911236
1 959685
2 915609
2 935458
4 974249
2 919451
5 961859
1 988269
3 973323
5 933765
2 933233
3 980186
4 962437
3 951813
1 966536
2 969429
2 934853
1 925013
3 904570
2 963798
5 977483
5 951740
2 961353
1 990931
2 920938
5 971591
1 991505
5 954571
4 973302
5 959188
3 903623
1 926774
5 900976
5 929759
2 982130
2 951935
1 921021
4 903774
4 953027
2 943000
2 935840
2 970764
4 929951
2 977394
2 902856
2 949110
5 967742
2 955849
2 918107
2 986596
5 913102
4 997822
4 947256
5 922938
1 935252
2 909784
1 947075
3 918589
1 961646
2 996753
5 901861
4 999386
3 993569
1 971781
4 984399
4 975378
2 995788
5 993481
1 980368
1 956157
2 984214
5 913546
3 994725
3 962125
3 925635
3 997424
2 941159
1 905982
5 919745
2 930747
5 907420
1 941358
2 971488
5 951053
2 923715
3 905398
4 938180
3 969265
4 956020
4 901226
4 976424
2 904876
1 965251
2 983441
4 910061
2 963011
5 924451
2 913979
1 948694
1 914855
2 919990
5 950051
5 990268
4 958092
2 979303
3 938043
5 926418
3 907792
4 911357
3 992236
3 942385
2 971478
5 902744
4 901216
1 987533
4 978649
3 908332
1 994529
5 984895
3 903477
4 931408
1 985427
3 933765
1 996349
5 971015
3 903663
2 987383
4 983246
4 953508
5 950701
1 912347
2 945801
1 996723
3 964087
4 911178
1 933267
1 955485
1 988487
2 974223
1 916775
3 931828
4 942230
1 928961
3 938934
3 995479
4 1001
4 916225
3 985130
2 912495
5 916112
3 902567
3 996073
3 902671
4 991902
3 959794
4 993452
3 942281
5 915164
5 943102
1 975181
4 929266
1 999676
2 918851
3 973724
5 979834
1 908041
3 945278
5 928374
2 953558
3 952806
2 988667
2 936851
4 953095
4 993912
2 965376
3 979763
2 940160
2 990392
3 918840
2 951181
2 932472
3 908949
1 960354
1 902190
3 955655
4 912952
2 908464
4 978732
5 919987
2 993865
3 931556
3 961529
4 910499
1 921332
4 981658
1 930486
3 942499
1 991412
4 993462
4 929365
2 963761
4 913644
3 936321
2 949241
4 979692
1 998029
4 902067
4 1002
4 997140
2 947151
4 955621
5 957194
5 984422
4 949734
1 963576
1 995507
1 963305
4 933391
3 986106
1 977926
2 908799
2 905629
4 975434
2 972932
5 974743
1 984100
3 984199
1 965947
4 937111
2 908521
4 978704
3 912640
5 972957
2 977752
1 977551
5 968708
1 914702
5 959456
5 984684
4 959582
1 903133
5 918458
4 940003
4 929883
5 993612
2 998778
5 941009
5 919748
4 958712
1 911930
3 979496
2 967554
2 931368
4 925445
5 922263
1 919249
3 948043
5 995997
1 960311
3 945599
5 935882
1 900596
5 952006
1 955612
5 938586
2 914597
3 905319
3 950829
4 988026
1 956229
5 961049
1 935728
3 901457
1 926677
1 994277
5 926444
4 929610
5 961643
3 981828
3 957770
5 942831
2 988841
3 926587
1 973438
5 925407
3 958479
3 952194
4 934677
5 932564
2 906867
3 908020
2 965398
3 932837
4 966136
4 996454
5 968144
1 948893
2 932428
4 941412
2 941609
3 917900
5 981014
1 913379
4 954952
3 993267
5 962029
1 982407
5 978067
2 959925
5 957630
3 957184
1 919108
5 941868
4 961681
2 901986
2 916951
1 976186
5 922726
2 996240
1 907598
2 961395
5 938672
5 910528
2 973431
5 986006
1 968466
3 936176
3 924059
2 986205
2 959479
4 963783
4 933670
2 924484
2 978721
3 998989
2 926911
5 932474
2 912409
3 994094
2 903654
1 937387
3 917413
3 906288
4 937784
3 915912
1 997353
2 929846
4 947243
5 903761
2 938551
2 912692
1 946711
5 923942
3 994166
3 901965
5 901426
3 938840
2 977889
1 990500
2 955210
3 998536
1 996498
4 915448
4 928456
4 992606
5 926650
4 905993
3 946029
4 999316
1 942143
1 971073
3 968490
1 906812
3 921528
4 993185
3 917533
5 956697
3 961790
1 967827
1 958447
1 913459
2 978246
2 913365
5 944142
2 964040
3 916081
5 951437
2 977928
2 971348
3 968080
2 992203
2 965445
1 902552
5 937310
1 994369
1 984467
1 901142
1 918052
4 933616
5 972599
5 936146
3 936601
2 975268
5 924693
3 974150
5 999322
5 962189
4 962735
5 942211
3 949584
5 908577
5 954253
1 935795
3 930022
5 909394
3 930105
2 964405
5 921540
1 974608
1 976112
5 941316
4 989294
5 975704
2 922896
3 941043
2 901010
3 982330
2 957986
5 981124
2 947458
3 975728
5 947374
4 913718
3 942323
5 943996
2 921012
2 915686
5 939504
3 928773
4 991226
3 978491
5 972969
1 970579
1 997847
3 953591
4 995591
4 954608
2 995752
3 983818
1 979815
1 940451
5 995435
3 941369
2 956606
4 915889
3 930318
4 947949
3 915326
4 923441
2 963081
2 911662
3 991468
5 914132
2 998081
2 921529
1 912705
3 968562
5 973238
3 919544
5 928120
1 924829
5 962154
3 912786
5 928776
1 914382
4 999982
4 1002
2 956535
2 948818
5 906754
2 901089
4 935170
1 925572
1 963898
2 954055
1 971636
1 975489
4 969013
2 947591
3 945196
2 945379
3 962320
4 942640
1 913553
5 921834
1 923017
1 972330
5 920156
4 943281
3 912482
4 985557
3 909692
4 902846
5 969186
4 915147
5 933750
4 937443
4 1003
3 967173
3 970894
5 947215
2 902434
4 957650
3 914719
3 923599
3 912802
3 979081
2 937732
2 903623
1 905754
4 968180
1 910373
1 912867
4 929672
2 909825
2 953523
3 989331
3 946618
1 920638
2 931573
4 916536
2 900435
5 960746
5 969259
1 953324
2 926577
5 989706
4 960068
3 909095
5 981542
4 913727
2 965984
5 902639
5 953449
1 917146
2 900415
2 911623
1 922073
1 927650
2 938872
2 956600
1 960076
3 912607
3 914829
2 919531
3 926553
4 902514
3 987008
4 940421
3 978845
3 959494
4 904622
1 977465
5 944534
3 994294
5 921787
4 964720
2 972276
3 914212
2 985023
4 958000
3 921790
2 938511
1 994247
5 920846
1 979082
1 955617
3 943904
4 1004
1 948283
5 952145
3 977040
2 936490
5 920427
5 963218
2 990201
4 987053
2 918502
5 991689
2 900739
4 914657
4 936758
4 979580
3 991227
2 989024
3 905590
2 914386
3 989912
1 973117
5 910201
5 989630
4 951989
2 905739
1 945369
3 915447
2 984668
3 926118
1 906728
3 900406
5 956544
1 987154
4 931068
2 934469
3 951064
3 969605
1 967091
3 926817
3 967958
5 927438
3 978924
3 960991
4 939632
5 980340
1 915132
1 948295
4 986470
2 913935
1 911648
1 940281
2 960242
5 979873
2 933050
3 913095
5 932659
4 918372
2 938154
3 921451
1 991437
1 929019
1 991507
2 941859
2 936921
5 917886
5 943266
1 911693
5 918509
5 973539
2 908678
4 925347
5 906972
3 946790
4 925644
5 972304
3 982910
5 916140
5 906671
2 974459
2 902346
4 936045
2 976599
5 955314
1 959420
5 995352
1 950608
5 961678
2 948843
2 916648
4 969257
4 924856
4 981660
2 900530
5 999311
4 904144
3 973316
5 953552
4 984838
4 987325
4 954012
4 911449
3 922255
3 935651
3 974543
3 985667
4 936114
2 904100
4 907052
1 936104
2 949398
5 991955
1 985438
1 946378
1 924495
4 924512
1 966358
4 975693
2 908730
3 930307
1 931211
5 999732
1 974538
1 914572
4 995046
5 930863
5 933623
1 916228
3 946878
2 917232
3 947072
3 950573
4 937828
1 973809
4 941158
2 957537
4 947025
2 922489
2 951282
1 961117
3 954561
4 903207
3 935157
5 997861
3 906023
4 960028
1 929443
1 976737
1 981748
5 941554
5 916808
4 963086
5 998774
2 991423
2 969942
3 942369
5 925290
5 989226
2 934059
3 994467
4 946759
4 912119
2 989407
2 913229
1 998910
4 984233
2 998123
5 934241
5 969337
4 970228
1 924903
4 977181
2 935108
4 921825
5 917288
4 968583
1 999010
4 991191
3 901691
2 914259
1 993712
5 986429
2 966877
4 920293
3 945907
1 905128
1 905040
3 937904
3 932820
5 971319
3 967065
5 983873
1 919950
4 994250
2 901722
1 950557
4 911440
1 992744
1 904935
3 911240
4 944633
5 927058
2 918671
3 902361
1 918788
3 929257
5 990346
5 941426
2 954727
5 961789
2 928462
5 972111
5 901375
5 982444
5 939234
5 917592
4 927457
3 942102
3 987026
5 984607
4 935505
1 918158
3 994597
5 965980
5 917433
4 945062
3 953488
2 979857
2 998797
1 951904
1 906055
2 963967
5 981828
1 939984
4 974250
5 992934
3 905239
4 900063
1 960044
3 971276
2 977662
2 959404
5 952084
3 905692
1 915275
2 973729
2 903707
3 977170
4 935965
3 990442
2 925969
4 974486
1 911963
4 975001
3 954202
2 952757
3 990222
5 935793
2 978380
3 958418
1 914733
5 906075
3 906286
3 969806
3 944570
2 975660
5 990691
1 919575
1 908057
3 921347
5 997684
4 942005
2 938428
3 908788
1 948106
2 964224
5 986877
3 979583
1 981788
1 992337
1 901455
5 981292
4 948042
2 908488
4 979057
2 984611
2 934932
1 938023
3 935037
4 991831
5 946767
4 910218
5 987007
2 917448
2 983540
1 953899
5 982337
2 919236
3 971761
4 977257
3 951881
2 976107
1 965022
2 936675
1 910937
1 928299
2 996880
4 984584
3 984985
5 964613
1 903555
1 968329
4 927770
4 974445
5 911604
3 996570
2 960990
3 922976
5 984327
4 906106
4 968160
1 928589
1 922751
3 931868
4 901187
4 939120
1 964159
5 927450
3 930930
2 979461
4 941503
1 919223
5 936579
4 978424
5 942474
4 932190
2 955739
3 980696
2 982703
4 974510
5 921220
3 948215
4 965218
5 957005
4 900633
1 906851
5 979878
4 996387
3 914830
3 957508
1 991122
5 959901
3 963027
3 970360
4 978068
2 973690
3 926433
3 908240
2 920817
2 942070
3 907366
5 963894
4 907606
5 978980
4 935236
3 904420
4 957071
2 993596
1 911191
1 914828
2 941486
3 904014
5 964854
4 996187
5 981768
1 929606
3 939942
1 991839
4 968038
5 903778
4 992971
3 938006
1 925516
4 1001
4 924203
5 981930
2 961585
3 970135
4 946584
5 941125
2 901125
5 927816
1 949598
3 909579
4 925112
2 990441
4 941404
2 996105
3 996138
4 975365
5 971601
4 934013
3 904188
5 971339
1 994635
4 907437
4 992996
1 977546
5 906581
5 917385
4 901650
5 951327
3 922497
2 970784
2 948522
4 949586
3 902074
3 971646
4 922822
5 997824
4 966264
3 929779
1 991423
4 910902
4 932437
1 910889
2 960507
1 918482
1 907464
5 971333
3 931270
2 903399
1 960761
5 987632
5 905696
2 930605
3 931683
4 976302
3 913587
4 961503
4 940070
4 931496
4 900338
4 992666
5 944961
3 993666
2 962481
5 976379
3 912052
5 965393
4 946689
5 933801
1 923393
4 913711
3 979188
4 983305
3 918641
5 995144
4 901393
1 912238
5 909632
4 967683
2 922844
1 966916
2 971644
3 983247
4 947795
4 989545
3 962609
5 926940
5 935687
1 966207
3 985067
3 912424
3 948675
1 907071
3 951472
1 973972
1 934801
5 956668
3 928037
4 959309
4 905699
3 999120
3 981081
3 917347
2 978139
3 930421
5 975697
3 969467
1 963481
4 982878
3 912560
3 971135
2 942184
5 949976
3 988514
4 990590
5 928245
2 935502
5 921160
2 976142
2 946941
1 902131
5 996213
2 967135
5 950716
3 924046
1 929742
5 957757
1 980723
2 960985
2 947908
1 918856
5 923599
1 968569
3 928670
4 977313
4 989211
4 960253
2 963446
2 905425
1 990868
4 983054
5 929838
4 961348
1 998864
3 904701
5 931361
2 904670
4 913631
3 943430
3 965703
3 989632
3 978349
3 904003
1 987069
3 920885
4 901687
1 957699
3 956691
2 975647
5 917204
5 983724
2 947536
4 975524
5 932589
1 979123
1 985105
1 958442
5 934791
2 943931
3 912011
2 985912
3 976173
1 988772
3 962211
2 983064
5 903616
1 971532
2 984224
4 907802
5 999406
4 982361
3 909932
3 973616
2 964224
2 959135
2 976243
1 946589
3 936914
3 902571
2 900204
5 928627
2 918224
1 937761
2 988131
5 901207
5 925087
4 948883
5 980476
1 967906
4 962794
3 917765
5 916416
4 916886
1 929725
4 964646
5 930242
4 993514
5 923249
2 936710
4 942064
1 975245
3 949935
5 958160
3 947237
4 933741
5 987604
3 983310
2 953614
4 943295
1 975812
2 942212
4 927441
4 961048
5 901159
2 961618
4 904156
2 998602
3 939167
1 938402
2 969045
4 978779
3 959223
4 962256
5 939257
2 920260
4 903590
2 990328
2 990721
2 979354
3 945485
5 939483
3 979944
1 918825
1 966420
4 979474
4 973822
1 998380
2 945020
3 971672
4 980110
5 995131
4 983433
3 911753
5 988710
1 981034
3 985699
4 945268
4 927979
5 956286
3 958609
4 953946
2 948319
2 993744
1 990457
2 920651
2 964975
5 916193
1 905052
1 959815
2 907286
1 931189
5 901090
1 962943
4 997693
4 937436
1 947179
4 916153
4 988802
4 987873
4 929141
2 918704
5 956686
3 988113
2 941078
2 947350
3 981556
4 947312
5 915437
3 900664
3 998274
2 946695
4 943517
4 987335
1 985002
2 964036
3 973036
2 940785
2 994302
4 941376
3 912288
5 977981
2 915418
4 923046
4 905481
4 940641
1 905878
4 996715
4 940450
3 931464
5 925643
5 982746
2 909567
2 911959
3 912018
1 917808
1 921627
2 907715
5 945237
2 975642
1 910120
4 985654
1 928144
2 925281
3 959524
2 920573
4 901160
4 937676
3 954214
2 955719
1 970369
4 966679
3 985058
1 917013
1 958292
4 910227
5 932201
4 993267
3 934579
3 918128
1 917764
5 957793
4 907397
1 923490
4 945897
4 972733
3 953428
2 957413
4 956527
1 979513
2 968034
3 920236
2 948726
4 971549
3 992847
5 937650
2 946783
1 910005
3 994204
2 926193
3 954101
2 962355
5 989943
3 901350
4 903051
1 963734
3 911065
3 973788
5 932863
4 929744
4 908907
5 958503
1 931517
3 995330
5 994281
1 993955
3 957991
2 967207
1 998212
2 985335
1 964220
2 920191
2 925619
4 969730
2 988799
2 943725
3 924125
3 963478
4 971455
1 956500
2 903543
3 942433
1 938352
2 995096
1 916258
4 967008
4 987276
3 932856
3 964093
5 976309
2 988656
4 975776
4 915442
5 947421
3 909697
5 970892
2 966309
2 926330
3 968813
4 956106
1 967608
2 950900
2 998850
4 909959
2 951638
1 906512
4 953373
2 959405
1 917948
1 913328
1 980554
1 990066
5 942323
5 992243
5 990597
1 917277
2 924583
1 949426
1 955906
3 970312
4 900121
5 997760
1 977957
2 926747
3 978314
4 976630
3 976177
5 928490
1 907369
2 922270
5 940877
4 964848
4 968903
1 921154
4 970300
4 988798
5 901004
4 925606
2 986637
4 967171
2 932007
2 936391
1 979121
1 932630
3 939336
4 980875
3 931832
4 1002
3 961415
1 940507
3 933489
4 957254
4 987963
5 907316
3 902321
4 979508
1 912440
5 924799
2 949591
3 987304
2 991548
5 907639
1 954413
1 925187
5 973329
3 918570
5 951734
5 910215
5 919779
5 935088
3 980999
2 918987
4 942252
4 948116
4 943249
3 984222
2 934921
1 963011
3 926144
4 985462
1 962593
2 999994
1 957646
4 933973
3 901896
3 922380
3 909636
1 959203
2 910848
3 939432
5 922701
4 968242
5 971591
3 908982
4 902955
5 904412
2 919902
3 951524
2 972005
3 966619
1 978511
4 946327
1 973182
4 914935
1 989596
4 931666
2 944614
5 980945
3 918534
4 976404
4 968172
4 924701
4 938425
4 900897
3 940286
1 922636
1 925588
2 950453
2 930855
4 927025
1 941554
4 999
5 961609
1 913865
4 957362
3 904993
2 964668
4 935700
5 958459
3 975385
2 997106
3 932595
4 937690
4 931711
3 972028
2 906827
1 937812
1 947562
5 915914
4 984073
3 934554
4 966562
5 947867
2 931838
2 927714
3 920325
4 954965
1 986188
2 983486
3 917616
4 986080
1 914070
4 901255
1 952601
3 945242
4 993184
4 926674
4 940611
4 901048
4 941808
5 984749
1 950672
1 939036
1 947347
5 905351
3 987674
1 967835
2 900849
4 953981
5 999229
5 920307
4 968050
1 952018
3 978110
4 912554
5 937542
2 941880
4 998492
5 994505
4 937595
5 967117
2 991076
4 965120
1 926621
1 943974
2 949276
1 964932
3 967761
2 984052
1 976574
4 940318
1 950812
1 938935
5 941677
5 908018
2 941044
1 924176
3 987215
4 949940
1 941846
5 948869
1 957171
3 932783
2 996685
3 982132
1 964366
5 906531
3 916131
5 945128
5 911321
1 979720
1 967951
3 972697
1 934285
3 993556
4 902546
4 996520
5 967550
2 986971
1 930751
3 938077
5 982069
1 993114
4 991131
1 979431
5 915241
2 908617
4 910214
4 918816
2 995473
4 933142
1 920193
3 999863
1 934124
5 978949
4 905463
5 930231
1 972710
3 984387
1 959621
4 926018
2 924245
3 960853
2 948691
1 980851
1 949737
3 992534
1 936501
4 937488
5 945294
3 942527
1 920491
3 931353
1 909510
1 946785
2 999265
3 928144
1 983968
1 983231
3 937542
5 994604
3 960485
4 1005
2 974608
3 901231
3 986162
5 953882
4 909549
5 906615
4 915302
1 946136
4 947248
3 975668
5 989136
3 941508
1 953759
4 995144
2 940876
3 981354
2 945509
1 903300
2 971148
4 920792
1 926290
1 996276
1 945042
3 992981
5 956565
2 976838
1 920026
1 935083
2 907807
2 906570
5 963846
4 907793
3 997767
3 934460
4 917330
1 945528
1 954202
1 931745
4 917430
3 974123
3 952471
4 918172
5 975534
2 939787
5 953371
5 959353
5 937392
1 923357
2 946145
1 927501
2 965414
1 918644
4 928150
4 989862
1 915145
5 989703
1 932237
5 986894
2 963452
3 974856
4 949206
4 944997
1 970592
3 914200
1 943452
4 908201
1 919691
4 948873
5 988025
3 958349
4 924233
1 914271
4 964616
1 953607
2 916829
1 979714
2 986757
4 951938
1 972940
1 949663
2 918788
3 904564
2 927351
1 981206
4 946110
1 948426
5 967789
3 958642
1 929883
1 983375
3 944249
1 977985
4 999
2 951784
2 923999
5 919545
4 955069
1 987144
3 910365
1 912634
1 916762
1 942106
2 925241
1 993763
5 928307
1 904568
1 947925
4 996459
3 911352
3 948687
3 946216
5 925485
1 971179
3 969837
3 992704
5 916873
5 954660
1 955476
5 910469
5 980542
3 961653
4 986490
3 941226
4 996
4 919640
4 968259
5 971520
1 996105
5 911319
1 908353
3 951084
4 954391
1 969435
4 945550
5 908174
2 983803
4 975477
3 932366
2 935626
2 932741
4 925710
4 908282
4 906240
3 922736
4 900154
2 929521
1 916964
2 920742
5 924360
2 993204
2 909027
2 913318
5 929063
5 956303
4 983478
2 955662
1 993216
5 963326
2 968099
5 977646
3 912157
4 922649
4 998
1 988317
2 930440
3 914820
1 950552
2 927988
4 977350
1 935152
4 975590
1 943300
3 967071
4 912143
4 964757
4 910142
5 984315
2 971314
5 966061
1 908509
2 979284
3 984965
1 962487
5 977690
3 973530
4 986361
2 918177
2 972065
2 997797
2 999600
1 976601
3 916597
3 989612
1 972652
1 978322
1 927907
5 967995
4 939200
5 979832
5 986754
5 904706
5 933033
5 906338
2 907005
5 968008
5 951904
4 952865
4 925658
5 987541
2 909054
5 947001
3 938034
1 977373
3 925722
2 915206
1 976722
4 939036
1 963568
1 928939
5 977663
5 955341
3 975657
3 959985
4 953851
5 924273
3 999963
3 996117
1 909945
5 984338
1 995099
1 993904
3 959516
4 982553
1 977401
1 917060
5 915142
2 991963
2 961275
4 976646
4 986561
4 948464
2 988982
5 974129
4 918571
4 960002
4 997424
1 942576
4 926509
4 912561
1 935860
4 976058
3 952401
2 942058
1 901824
2 911079
5 905849
5 935313
4 971550
1 996504
2 986988
1 924315
1 932921
4 905440
2 920110
4 967935
1 972446
3 917249
3 907594
3 939382
4 970497
1 904432
1 970825
4 915823
5 980158
1 920175
2 972948
3 986904
1 932632
1 971276
1 945615
5 980539
3 920748
2 986008
1 962905
1 985550
5 924923
5 927110
1 909175
5 980222
5 998317
2 996025
1 920252
4 966602
3 979437
2 963418
5 958263
3 947763
4 959622
3 907758
4 905755
5 934362
1 993129
4 949641
4 956859
4 915812
5 948003
2 949883
4 942284
5 930908
3 979873
2 993319
4 997833
4 952324
1 980415
4 957497
3 948528
2 952349
5 939306
3 918183
1 921283
2 957455
4 975311
3 956483
1 931128
4 991268
3 971184
1 901746
2 933676
4 902054
1 915275
3 978220
1 965597
1 912587
3 980037
2 914233
1 950774
4 961810
3 938809
2 936097
3 978733
2 962549
4 929355
4 935309
4 946113
5 963779
5 928924
2 954726
1 960879
5 946636
5 981609
1 948741
1 906545
5 973707
4 941420
5 938224
2 940524
3 984850
1 980865
2 939697
5 966820
1 924197
4 908677
3 934876
2 952473
1 973219
2 997747
5 999259
4 1002
2 984622
4 991636
1 917236
2 976331
5 984347
5 950119
1 994050
5 931719
1 907644
2 975466
3 916161
4 993399
2 977179
2 992545
4 923934
2 943017
1 943451
2 923358
4 971640
4 933338
2 950194
3 967699
1 963545
2 963500
4 932369
2 966871
4 902941
5 926893
1 927564
5 906825
4 900758
3 998593
4 910439
2 953700
1 984926
2 903750
1 907602
1 924191
3 972337
4 976694
3 983959
5 995985
5 995372
1 964348
5 913247
4 903337
2 969664
2 981506
4 984535
5 937645
2 914432
1 904370
1 988231
2 992114
4 974025
5 939556
3 941460
5 1231
3 903406
3 938451
4 960526
2 916006
1 953140
4 926382
1 930179
2 905164
2 975915
2 972396
1 990999
4 959656
2 916071
2 916151
3 972532
3 950573
4 996968
4 975275
4 900173
5 913932
1 902434
2 934543
1 937999
5 980818
2 916513
1 996506
2 955538
1 980134
2 949058
4 951817
5 920231
5 983000
1 993259
1 944332
4 999
4 1004
5 993817
1 971763
5 942613
5 939441
4 951684
1 981643
3 946518
5 991956
4 940759
3 910287
3 988979
1 990830
3 993289
2 965102
2 992311
1 937602
5 975065
3 986021
2 914326
4 1004
2 903306
2 941387
5 913569
2 958659
5 924699
5 977810
4 950802
5 956744
5 937628
5 960517
5 961156
5 918390
2 925523
5 982039
1 971430
5 990582
3 935733
5 958112
4 936148
3 933417
4 982346
4 980403
3 931831
5 914419
2 925337
3 939929
3 969983
2 970039
1 927330
5 929050
4 922392
1 903213
5 943135
1 949898
4 978199
5 907071
5 928949
1 928876
5 974660
3 984465
4 978577
3 984020
4 939891
5 939433
5 961615
5 959983
3 993769
1 942186
3 954678
4 952057
3 955154
2 969591
2 991568
1 950771
5 904183
1 925255
2 941118
5 975026
5 911800
4 967529
4 928805
5 950816
1 918325
4 937394
1 915761
3 942816
4 986743
2 923202
1 992387
2 966299
5 995923
1 956414
5 938338
2 915003
4 903066
5 923157
3 950047
1 977999
2 995462
5 967643
5 903603
5 904390
5 958236
2 939470
2 966787
2 901277
1 977525
1 974509
5 925899
4 964332
4 904514
4 914269
5 940660
3 994158
4 989723
4 930079
5 974931
1 905801
5 952426
5 943762
1 918520
2 926737
4 925311
1 949577
1 917253
1 974007
2 957525
1 936011
5 924930
2 926076
2 952443
5 929191
3 930240
2 962019
5 944000
2 961360
1 911390
4 979256
5 987368
5 974621
1 987664
5 927322
2 978581
2 977115
4 939663
1 960494
2 905327
5 908854
2 942620
2 970376
4 957943
3 942626
2 960474
3 921095
3 972792
2 990415
5 972752
1 972793
2 943830
2 957749
5 978751
3 944128
2 902374
4 988674
1 951223
1 947478
2 944382
1 928218
5 963678
5 921669
3 986714
1 920504
2 918337
1 971680
5 936184
5 987518
5 982541
4 920561
1 991455
3 902660
4 914673
3 964727
2 999011
5 992647
5 900620
3 928296
2 927398
4 900269
4 951428
3 980615
2 913613
1 949990
1 936720
5 977454
2 931184
2 914758
3 957473
5 944955
5 910833
4 941580
2 911315
4 901854
1 986119
2 902108
3 935939
1 998054
4 905554
2 903306
2 920363
1 926167
5 958333
4 987940
5 959668
2 983397
3 971981
3 918556
5 973098
2 999751
5 903767
5 964804
4 931479
5 923846
3 983876
3 928901
4 919996
2 924604
1 952602
2 939086
1 904546
4 985039
5 933260
2 978102
4 965063
3 912442
2 974854
2 988723
2 999283
5 915378
1 964014
2 986436
3 962086
4 912276
3 981719
5 965622
5 966281
3 904602
5 975810
2 949248
3 905311
2 992520
1 997431
1 910019
5 912761
1 993034
2 961981
3 912891
2 993479
2 971513
5 989731
2 904511
3 955276
2 974623
1 985561
4 940106
5 945620
3 986603
4 918971
5 991412
4 901230
1 986730
1 995775
3 988824
4 979897
4 931205
2 935288
4 977399
4 971919
1 930310
5 901793
3 940641
4 1003
2 913698
2 967537
2 939379
5 966584
5 911665
2 968232
4 966013
4 928722
1 938286
1 924440
5 900064
3 911599
5 983995
1 991048
2 936203
1 954341
3 994051
3 922611
1 972506
4 922852
1 950006
1 914718
3 919517
4 931668
4 942134
5 960989
1 991159
3 983359
5 992587
3 973902
2 939423
3 974823
5 900771
1 974094
3 924821
2 900204
4 987826
3 948968
1 965012
3 942648
1 902439
3 955492
3 916711
2 967494
4 952701
5 995181
1 947831
2 903009
2 999676
3 985773
2 934715
3 955158
2 961365
4 922299
4 947894
3 926401
3 980259
2 913626
3 929261
2 905473
2 976343
3 939000
5 938988
4 928994
2 929317
3 949557
4 982525
3 966750
4 922787
4 981058
2 967258
2 965804
5 990608
3 908807
1 926010
2 934168
3 994261
3 931919
4 997
3 977889
5 979802
1 907097
3 920583
1 940638
1 996848
5 943450
1 934269
5 974286
5 905274
1 911217
5 916008
5 962728
4 911563
1 908280
4 999543
5 952112
2 943214
3 936560
2 935902
2 930293
3 952479
5 963916
2 904656
3 941805
5 906170
4 945704
2 992543
5 928815
2 992704
5 955769
5 939573
3 969008
4 904538
5 922406
3 999172
1 976349
4 990521
4 913925
2 958154
1 973613
2 934487
1 902663
1 958471
1 995752
5 908903
4 954315
4 990340
3 930136
3 996775
3 963832
1 969097
4 923963
2 955499
1 955166
3 935287
2 903918
1 994891
2 962067
5 971146
5 918988
5 970863
2 977335
3 971523
2 911845
1 955995
3 968014
3 915236
5 916081
4 986735
1 988391
5 912219
2 968185
3 951747
5 910027
3 969494
4 999996
5 908614
2 986196
4 970158
3 956375
3 934019
3 973551
2 956523
3 931934
1 974983
2 977496
1 978249
4 984718
2 992324
3 916994
2 989374
1 931872
5 959446
3 940217
1 902954
4 915440
4 944399
3 964967
5 976316
5 919662
4 918380
3 957780
5 990535
3 961825
3 957421
5 982482
2 982412
1 998558
1 963619
2 943073
5 932859
4 990938
2 959792
4 909494
3 957768
3 930876
1 987610
4 987359
5 973991
3 920932
2 902435
4 921362
5 980167
2 906845
2 942982
4 937724
4 915714
4 939699
1 905621
1 905655
5 967843
2 914139
1 953294
4 1001
1 923520
3 947826
4 935989
3 952606
5 961041
1 993756
4 907371
4 987430
5 917191
4 947630
2 959318
5 921052
1 916153
1 925777
4 1002
4 925964
1 987147
1 995029
2 964154
5 933834
1 939778
3 906032
4 988755
4 913111
3 992465
3 930124
3 946228
2 920960
3 956450
4 942388
1 926490
3 912216
2 956570
1 927544
5 995787
4 926950
4 995120
4 943702
5 979575
5 944657
5 950218
5 998023
3 963916
1 909593
1 912954
3 993517
5 939465
1 987967
2 950226
3 938823
3 945067
3 986345
4 971216
5 934563
5 988111
2 981707
5 904995
1 965686
5 942036
4 906778
5 937871
3 990418
3 910374
2 987840
3 911577
3 963222
4 996154
5 947227
3 984598
1 917538
1 918793
3 944897
5 970129
1 979212
3 928283
3 963585
4 963687
5 903758
5 902575
2 923201
2 959426
2 955203
4 957529
2 949191
2 927349
1 995643
1 989172
4 999
1 938891
2 963252
3 933611
1 902712
3 988938
2 994864
2 920935
2 950274
2 952001
4 947634
3 996928
5 985985
3 938185
2 904894
3 947252
2 965956
3 972505
2 983157
5 998506
2 997147
4 991819
4 941117
2 987429
4 998315
5 927668
4 962613
3 975737
2 915943
3 909414
5 949342
4 905941
1 940586
1 951709
4 907419
4 970308
4 912645
1 938074
1 970381
1 930882
1 990374
1 992558
4 906900
3 997170
4 954383
5 990243
1 960457
1 942959
2 940097
5 971246
3 920534
2 915255
2 937137
2 964237
1 994068
4 950391
5 936815
2 997031
3 963842
5 911391
5 902135
2 943157
2 925947
2 943620
4 902907
3 909050
4 943867
1 914868
2 938269
4 917737
5 916355
2 920329
2 905654
2 979705
3 943921
1 998220
1 921545
2 916521
5 974394
5 914462
1 997884
3 972041
4 948191
4 905507
2 985055
3 946696
1 933102
1 945624
3 938272
5 983307
1 945613
1 992440
5 950895
4 915128
1 994949
2 909273
2 913155
2 941391
2 923409
1 903441
2 981317
4 973167
1 996075
4 912901
5 947254
4 943476
1 951512
1 903623
4 908259
5 964498
5 927856
5 933289
2 977407
3 900683
4 925018
3 906149
5 905247
5 911068
1 974284
4 997
1 967770
2 928691
4 993547
4 928898
5 948210
1 920667
2 921572
1 972242
5 955660
4 976930
1 908902
4 985732
2 929015
5 942770
5 908425
4 977145
2 936362
3 951334
3 950913
2 971918
5 992679
4 983260
4 956861
4 932124
4 953140
5 980854
2 946597
2 907797
4 973292
4 913839
5 959336
3 912051
2 936233
4 970350
5 957475
5 943472
4 996066
1 970151
5 962202
1 977046
2 971301
4 923144
4 961562
4 911174
2 939668
4 994934
4 947402
3 901500
3 943455
5 997797
2 951436
2 939382
4 935170
2 975428
3 946475
4 988504
5 915842
4 938618
1 936172
1 910252
4 952311
3 939244
2 916927
4 928965
3 903117
2 975552
2 975534
1 933220
1 960151
1 936762
3 952237
1 940765
1 912207
1 923444
2 927221
2 990069
4 946798
5 917025
4 983717
1 906856
1 975563
5 923492
3 989649
1 952432
1 905422
3 967108
4 1002
4 914666
4 943180
4 915562
3 937474
3 934597
3 956959
3 943744
3 935001
5 950740
3 968181
3 914891
2 940464
4 997753
5 978189
2 970747
5 996391
1 931196
3 955928
5 918442
2 961603
3 940008
1 954382
4 927248
4 967393
1 982892
5 900631
4 987898
5 920149
5 932569
1 920884
1 986224
2 993712
5 986311
3 995317
3 932594
3 908908
4 980900
2 961161
1 972794
3 966572
2 962380
4 922191
1 977082
3 910933
4 988011
1 964300
4 975374
1 930108
5 980916
2 911348
5 975261
1 931641
2 971506
5 954134
5 972696
4 966553
1 945662
4 933229
1 944037
4 955707
1 951603
5 965796
4 962712
3 915676
1 916675
3 987014
3 956821
4 943701
5 989014
1 911239
4 915495
4 902066
3 907360
4 916013
5 951743
2 990133
5 962440
2 937880
3 967974
3 988114
1 911144
2 957227
5 972540
4 949046
4 914414
2 900370
5 936387
1 985085
4 961401
2 948233
1 903427
5 938578
1 916987
4 907954
5 936879
5 917624
2 976256
5 971833
2 976987
3 997741
2 934514
2 947151
5 953087
1 920761
1 913217
5 988630
1 984892
5 994805
1 968876
1 984091
3 954315
3 969006
2 922457
4 980977
2 933126
5 952173
4 917408
3 910990
5 945923
2 996033
2 983502
4 938991
1 988012
2 923502
4 933991
4 970831
3 964168
1 922266
5 939800
2 921895
5 973837
2 913843
1 949807
1 991134
4 909502
3 959423
4 985745
2 975767
4 908923
3 998594
3 991180
5 961782
2 952133
4 975893
2 987309
3 982649
5 917559
1 900200
4 963881
1 925139
4 982599
4 988525
4 925838
2 965089
3 963085
5 948302
3 918061
3 997479
1 938582
2 967920
4 936900
3 908331
1 935800
2 930297
5 928031
4 980596
1 952732
5 975054
5 902755
3 977907
3 973531
1 995824
3 941523
5 921388
4 921926
4 916132
2 912980
5 904749
1 953690
1 999271
1 943285
3 971177
3 979493
3 928154
5 916924
4 938117
3 906526
3 952364
3 937736
4 938955
4 979179
5 948531
2 959474
1 989171
1 954563
4 945563
5 976819
1 955672
4 941124
1 952614
1 907852
5 958338
5 947080
3 974032
1 985323
1 989189
2 940815
5 904903
3 957207
1 929231
5 900483
3 944179
3 935692
1 967849
5 981666
2 984462
4 983080
1 938924
5 923081
2 960317
3 959161
5 923770
1 981780
3 982931
4 939138
5 938550
1 965242
3 981740
3 952167
2 965286
3 955544
3 989155
5 903024
1 905961
1 992549
5 909617
4 968070
2 982477
5 996033
4 930672
5 959149
3 920652
3 974067
4 916899
3 981216
1 992170
4 955318
5 914640
2 903806
5 982650
3 980484
2 953338
2 964402
3 942328
1 943184
5 922250
1 969899
3 904194
2 927983
3 990549
3 941669
3 966465
4 1000
4 926044
4 902854
2 942604
3 919623
2 940800
3 982528
1 937269
3 939436
2 970132
5 941984
2 922075
5 975664
4 995
3 982258
1 983549
2 956301
2 971332
5 943137
3 959387
3 949371
1 918744
4 903288
2 950609
5 933415
3 916714
5 987773
1 993999
5 990020
1 969153
5 919543
5 965534
4 951506
1 977628
2 910509
5 908299
4 960632
2 966191
4 935116
3 915244
1 902582
3 966579
3 910974
3 966744
2 931460
3 987159
4 905049
4 940499
5 921308
5 968374
3 925627
5 943284
1 971403
3 927481
1 985691
4 998738
3 900136
3 919395
5 963151
4 938959
2 978694
3 901591
3 947365
4 999414
4 986737
4 978968
4 999647
1 907556
3 910816
5 902026
5 990671
1 958093
1 901272
2 903360
3 944008
2 905462
1 977495
2 922614
4 932381
4 953763
1 923865
1 909474
5 908637
4 915184
3 921108
1 921379
5 946633
5 980211
3 967613
4 1000
5 961721
5 968145
2 914718
4 991692
4 985215
2 920229
1 904879
1 991910
3 925834
3 941140
4 990999
2 977165
3 905723
5 954882
5 941787
1 944822
5 949892
2 985663
4 955959
2 988801
5 973091
2 943350
5 967434
4 967645
3 967074
3 981314
3 967800
3 983041
1 963620
2 954313
1 940930
2 942492
2 951339
4 924411
4 984332
3 986548
5 988335
1 971269
1 985524
5 920129
5 939258
3 990519
3 931939
1 931690
3 920183
1 968156
1 924397
5 985743
4 916471
2 915410
1 986422
2 979272
5 954709
3 903404
5 950347
4 919124
1 953547
5 951485
1 943692
1 954284
3 973938
1 918538
4 929273
2 928220
4 1000
1 970056
3 980618
2 926618
4 906734
2 934788
2 999361
3 910909
1 904250
3 921154
2 924655
2 949930
4 919486
2 991673
3 915873
1 937762
4 967776
1 987711
3 987614
1 902367
2 927785
2 940523
4 906522
2 912490
5 931769
4 953332
2 930808
1 923351
3 972679
1 909252
5 904899
5 938681
4 979701
3 906164
3 968598
1 938110
1 932128
4 936789
5 923499
3 924358
4 917005
4 955795
3 952013
2 943630
1 943204
3 906897
5 940556
5 987075
1 993918
3 944035
5 986802
4 1001
4 950429
2 906042
5 939862
1 979675
4 909397
5 999079
2 996734
2 918416
1 963805
1 934971
2 977585
3 905060
3 983174
4 956995
5 910238
2 927642
4 920586
4 919607
4 905258
1 998711
1 956987
5 926381
2 938458
5 995545
2 916910
1 929366
4 973181
2 986614
1 931329
3 918008
2 939466
4 909261
3 931076
1 968479
4 930604
4 900153
5 959026
5 905906
3 969167
1 995946
4 928209
3 929447
2 991193
4 977203
3 996514
4 924065
1 937051
2 970034
4 924629
5 992491
3 943434
3 996787
4 971953
4 998212
2 964862
4 982841
2 912561
5 962400
4 935644
3 961489
1 935714
1 969513
2 962068
2 935041
2 940854
2 991254
3 978110
3 954397
4 926707
2 993812
2 960082
5 986337
5 972599
2 983910
1 978846
3 923623
2 987081
5 930463
5 997420
2 999988
3 977182
1 944607
4 935099
4 948071
4 920330
2 917770
3 965888
2 976590
3 947253
4 989687
2 918609
4 967426
2 981563
4 908856
1 920658
3 996881
3 978022
5 998072
5 918351
1 955892
5 904671
2 956443
3 983483
1 967795
2 971145
4 904208
4 969054
3 900322
1 989177
3 932810
1 944708
1 982872
3 948942
3 970000
4 949322
1 971241
4 984476
5 990681
3 927107
4 905001
1 908650
1 986768
2 911080
2 908736
4 940976
1 980224
4 921246
1 934754
4 933222
4 960147
4 996
4 946420
1 944469
5 994285
2 980143
4 908416
2 907321
4 968765
3 961211
2 939793
1 986090
5 926923
3 933284
3 961980
3 922665
3 924940
2 922800
2 962281
5 934196
5 966328
5 976971
5 945075
1 921170
3 953720
5 901792
1 912104
3 941438
4 917361
4 934222
4 931410
3 912848
3 989018
2 978725
3 920679
2 955289
2 961578
2 956502
3 924072
2 974953
2 958171
3 902321
4 926038
5 902677
4 935107
2 996912
4 971848
5 973625
2 982802
2 937613
1 998556
5 972137
5 944456
2 951423
4 979234
4 953320
4 960514
3 950217
4 997921
5 970376
5 947708
1 991061
2 979922
5 983975
1 915729
4 973489
1 914892
5 955137
5 974742
2 997474
4 963327
4 988688
2 947450
2 998040
2 931081
3 919665
2 966342
4 935918
3 956320
1 998292
4 960907
3 971755
3 940172
3 915785
3 921509
4 937823
5 900916
4 905176
4 983559
4 994288
3 961299
4 986765
5 918032
4 926696
3 911268
5 983260
5 978970
4 953803
2 930702
4 985053
5 998730
2 965332
1 977931
3 938907
2 943509
1 964550
3 927420
3 915889
4 993284
1 919797
3 936928
2 998370
3 918488
5 978052
2 974615
1 979649
3 936701
5 908265
5 939022
5 929221
2 960307
4 962040
4 1005
5 983937
4 980800
5 946126
3 915832
1 919592
2 995897
3 935926
4 993220
3 971820
2 961417
5 994402
2 975907
2 908806
1 903913
3 947312
5 901282
3 982444
3 913873
5 974229
1 958094
3 997165
3 966855
5 965700
3 902971
2 998368
3 977939
4 952583
1 931441
4 901182
1 987348
4 935570
3 964379
4 906600
2 952936
5 991407
4 996
1 915128
2 973345
5 978454
3 900619
2 904719
4 911587
2 938584
4 914356
4 982539
2 900818
1 951417
5 976050
4 910953
2 909559
4 957587
3 924819
5 937140
3 934217
1 905861
2 915295
3 903394
3 942488
2 900520
1 956121
2 947772
4 970877
4 986189
2 929802
1 966493
1 906246
5 999246
4 985394
4 905493
4 985057
2 918064
4 954764
2 980687
3 947345
2 951725
5 941753
5 939528
2 918438
3 960157
5 923877
3 927214
4 956303
3 994229
4 906842
1 999796
4 993618
4 917361
5 963686
4 957531
1 999534
3 941742
1 936991
5 912044
1 933677
1 995319
3 982295
2 923908
2 954156
1 994518
2 983170
1 949374
1 908499
3 974717
2 940291
5 996743
1 942298
4 928100
4 962725
5 948870
5 933492
2 927640
3 962657
1 944140
2 959073
4 947737
3 930196
1 940686
1 949665
4 903262
3 943850
1 925730
1 988533
1 982021
1 996948
3 920561
2 996728
5 916087
4 917515
4 974304
2 932959
1 914583
1 991573
2 968098
4 929576
5 966022
2 979391
2 928860
4 902900
2 993359
4 975043
1 910149
2 912353
4 996
5 928285
3 926968
3 920018
2 991173
4 966579
5 903853
1 963687
3 952086
3 952042
1 913999
3 995520
4 975887
2 957762
2 995483
1 925695
1 915065
4 983504
1 909744
5 924915
2 925501
2 999477
1 963821
5 975748
4 944930
4 971545
4 979369
3 952110
3 925289
2 960911
3 913966
1 939824
5 935700
3 978557
4 915215
5 980123
3 952704
4 951117
3 940001
5 944953
4 981412
5 952919
5 908601
4 955348
5 974672
1 946169
5 950309
4 999314
2 999565
5 988476
4 996102
5 968571
5 918056
5 949415
4 944304
2 957327
1 989822
2 903262
5 973012
4 970192
4 915631
2 992783
5 907944
4 911357
3 900951
2 920405
5 908724
4 998414
2 981532
4 988734
5 992602
3 973185
2 959587
4 982590
3 932015
2 958471
3 928069
1 974202
3 986230
2 944842
1 980109
2 915668
4 944354
1 903102
4 961413
1 901311
4 961487
2 957697
1 913323
3 955087
4 987277
2 916173
2 940828
2 965870
3 977117
3 972573
4 981258
2 982390
2 981275
4 996
3 937796
5 927131
3 942329
1 907527
3 999155
3 944578
5 927715
2 952069
1 984646
5 901769
4 992765
1 947311
1 909148
1 932445
4 939390
5 915231
5 901889
5 940942
3 920283
4 978946
2 974846
4 954003
3 946952
1 987748
4 945022
1 997182
5 921252
5 942135
4 951443
2 992410
1 942485
5 937804
4 953279
5 944361
5 996334
5 975721
1 935598
3 930102
1 948444
3 955445
3 977309
2 929904
3 907817
5 970203
3 919108
3 918737
4 934454
2 961949
5 977200
4 953337
3 968451
3 983638
3 953230
2 944148
5 993815
1 967781
4 967027
5 915078
3 938505
3 925606
4 923621
2 937940
5 949489
1 990941
3 979175
5 900664
2 974391
2 923403
5 920675
4 990344
5 944190
2 967616
5 932348
4 983774
3 969229
1 925927
1 954879
3 966991
3 927178
1 979365
1 987639
3 965029
2 952609
4 1004
4 960335
1 936418
1 977856
5 998551
1 956213
5 911787
2 969397
4 969328
4 934975
2 922823
4 984483
5 994687
3 987219
3 900509
5 928134
5 958622
2 932907
2 944953
2 914474
2 964364
5 989372
5 976364
2 933139
2 981340
1 933572
4 953925
3 957487
2 901735
3 977126
4 995672
4 966402
3 921311
5 954824
2 994444
2 925851
1 952678
3 975274
4 979067
3 920672
3 977295
2 977864
1 922448
5 934198
3 992496
3 906694
4 987505
4 990790
4 990900
1 940282
4 934713
3 901649
4 916580
3 946843
3 989728
5 913894
1 952671
3 975033
5 995953
5 924639
2 973900
4 992271
2 964183
1 906962
3 935407
5 936307
2 928804
2 949989
1 980027
1 976978
4 916665
2 904614
1 958263
1 911729
2 978824
1 934565
2 975370
3 919630
3 932344
2 970152
4 939874
3 933557
5 905874
5 980315
5 933421
3 958585
2 984433
2 953728
3 945794
3 912002
4 983738
3 945362
4 923780
4 903771
4 938438
1 903722
1 905002
3 933571
4 934535
2 975673
5 976338
4 922144
4 982892
5 928545
5 998474
1 945548
2 922853
4 980717
3 928780
5 973766
3 980671
5 951207
4 928702
2 945064
3 959155
1 961831
3 977485
3 914178
5 917296
3 916174
4 905355
4 938791
1 967929
4 954782
4 941509
1 989011
1 967607
5 980062
3 989213
1 919836
3 991899
5 992453
4 956672
1 964187
1 969974
4 985333
2 903929
2 935375
3 924920
4 964866
2 946694
2 924389
5 978237
5 942098
1 975734
5 964170
2 902102
5 958229
2 921563
3 922278
5 938569
1 989116
3 994272
4 913918
1 902626
2 942422
2 972880
5 929933
5 987082
5 964809
3 913985
4 967700
3 983321
5 982825
3 956991
3 929288
1 917268
5 984140
1 999888
2 928980
2 935402
1 904364
5 937524
5 903066
4 985779
1 978352
1 981124
3 989145
1 999329
5 905413
1 921678
1 997051
5 989497
2 900460
4 936212
2 934418
2 967786
2 933156
3 953944
2 940797
5 996363
5 938581
2 946822
1 902326
2 976844
5 970892
4 905141
2 969410
2 919471
3 916630
5 945985
1 944314
3 989397
1 989346
1 964533
4 900213
4 996477
4 981445
2 995033
2 909597
1 947085
4 971451
3 928416
3 921027
2 908298
1 985000
3 936877
4 935678
1 956613
2 995148
5 933935
2 918721
5 930012
4 972628
4 968750
3 988330
5 928286
3 935058
3 969260
1 985196
1 937615
1 992737
2 909769
3 997700
2 913781
4 960329
5 999738
3 907028
4 958039
1 986954
5 951763
5 918588
5 974630
4 992667
2 980289
5 944600
5 928423
2 962457
2 963011
5 904963
1 956037
1 934445
2 963480
1 964488
5 924405
1 963416
5 971917
5 979650
4 993030
2 967126
4 957088
2 968923
5 912870
5 933351
3 985870
2 950339
5 948362
5 982656
4 970607
2 992658
2 960459
1 985763
4 915424
5 923294
2 949229
3 904044
4 1005
3 918982
2 902586
4 952107
2 962726
3 901940
4 916521
2 912507
5 975914
1 957191
4 956300
5 929878
2 950670
3 929994
2 961398
5 928575
4 965245
4 915421
2 937220
4 925574
3 963460
2 992485
3 974269
4 902712
3 940645
5 909811
1 981115
1 988273
3 970012
1 980137
2 947315
3 906138
5 905352
4 951153
4 979188
5 978030
1 975023
1 922859
4 983230
2 964507
2 969282
2 944241
2 944109
2 964310
2 956274
1 905528
2 945034
3 927484
1 985699
2 927969
1 992409
4 997566
4 916968
2 924765
5 904756
5 941262
3 980374
3 957788
2 986915
1 968727
2 930397
2 975144
3 947045
3 904270
2 951692
4 981333
4 902986
4 993737
1 919792
2 983332
5 971479
1 903097
2 964827
2 978874
3 923783
1 974169
3 997244
1 948307
4 903816
5 983020
3 988954
5 942438
1 986031
4 996362
3 938376
3 930481
1 947644
2 942234
1 928354
4 928101
3 959525
2 992083
4 969998
2 982944
5 965151
5 904368
4 944260
3 940843
4 982895
1 941861
1 944872
2 920041
2 986544
5 943579
1 932532
1 902101
3 957564
5 953775
1 977768
2 982783
3 978931
5 987666
4 975164
3 947285
2 987938
4 950143
5 925161
2 997139
3 973089
1 918937
4 932233
4 978580
3 946787
1 909018
4 972305
4 965324
5 924453
2 924886
3 991837
3 927615
1 954878
2 963485
5 969767
1 922385
1 954951
4 962893
1 923040
5 997279
1 998020
3 994283
2 982120
3 919700
5 963555
1 971997
4 938270
2 900060
1 942925
3 966347
5 993161
3 900442
2 957712
1 972694
1 901763
1 918406
4 976777
4 1004
5 964736
2 967884
4 959065
3 981087
1 969879
5 938387
3 926974
5 984737
4 937953
2 929967
3 921040
5 983753
2 903583
3 941977
4 997432
4 945572
3 963996
2 980399
3 909019
5 954657
2 978555
3 938425
1 982458
1 908481
1 927325
1 961785
5 945105
1 963192
2 972798
3 909075
4 972191
3 995064
1 934561
4 1002
2 930927
1 980196
5 944136
5 959481
2 964103
1 964537
4 998789
4 990404
3 996811
3 951886
1 913603
4 945014
1 978052
4 983899
5 970568
3 987647
2 990942
3 999097
2 993582
5 959217
4 915102
3 962427
1 919471
4 940491
2 906250
1 909033
2 927135
2 910397
3 973942
3 945215
5 959939
3 977360
3 981724
5 905461
5 977158
1 921110
3 949670
4 937959
1 919795
3 974537
5 911317
3 934649
3 965101
4 937963
5 959984
5 930174
5 952487
2 959073
4 968061
3 904800
1 956027
3 960592
3 998983
2 905853
5 946545
5 977363
5 982460
3 921832
5 935963
3 970849
4 958427
3 972687
4 922781
4 969097
1 900196
2 923533
5 961737
1 906954
1 967018
3 908256
3 937460
1 965339
4 905645
3 918601
5 943009
3 912689
1 999060
4 937027
4 905235
4 980330
4 922588
3 930532
3 956205
2 962348
3 935712
1 965586
5 901901
4 992893
4 960873
5 929587
5 926721
2 932044
5 947675
1 932305
2 935604
1 980114
2 993276
1 967142
3 999992
2 939652
3 920311
2 981311
3 940512
3 969954
3 937018
1 931122
5 932144
4 911529
2 970896
5 998201
4 923556
4 929395
5 996505
1 903219
2 955600
5 970439
2 946401
1 901072
1 981306
3 978869
3 998487
3 942902
2 961842
2 960354
5 981328
5 947759
3 967882
4 999469
1 950619
4 900991
4 929359
5 999089
2 913745
5 976690
1 939007
2 966938
3 936566
1 975817
1 950629
3 952545
4 901249
4 933470
4 996395
1 901653
3 965565
3 966790
2 919302
5 987814
3 967281
4 946353
1 987193
2 971650
2 976066
1 966898
4 973934
5 961453
1 962841
2 951603
4 947184
4 967890
5 966923
2 966009
5 903432
4 953397
3 967050
1 949665
2 902433
3 988575
5 960326
1 965698
1 916612
2 913571
3 991150
1 975432
1 921881
2 943370
4 995
4 924994
3 993289
2 993007
3 971444
3 918488
3 955637
3 908636
3 983548
2 996184
2 940273
4 987769
5 937745
4 976760
1 978482
2 949387
4 992457
4 975542
4 976953
4 916578
5 970943
5 970430
3 978599
1 926615
5 988770
5 965092
1 993304
3 989442
4 949068
1 942297
5 974914
5 951367
2 903684
5 978928
4 983060
2 920154
5 948635
5 955162
3 944922
5 995517
1 928264
4 938630
4 967865
2 951966
4 984439
3 921460
1 956697
3 942162
1 976720
3 945575
2 926734
2 936803
5 922689
1 914973
2 934800
4 942062
4 948174
4 909386
5 903820
4 955808
4 934531
2 987727
3 953249
4 960729
2 948222
3 929031
2 930800
1 945613
5 994265
4 926728
5 936700
4 911109
5 962368
3 930765
1 977535
1 940880
5 973165
4 977564
4 968383
4 992637
3 944395
4 1005
2 942821
4 956109
4 910160
1 944111
5 977541
1 965954
1 909839
3 905390
4 968193
5 947215
4 999047
2 994531
1 956393
5 960080
4 955533
3 972676
4 926975
2 994797
1 912642
1 979016
3 968343
4 914904
5 961826
5 956668
4 920588
3 934095
5 950709
3 965339
3 938658
5 985023
1 962902
2 908587
5 923381
5 939315
3 958415
1 993737
1 932132
5 933923
5 930707
1 996676
1 979045
5 910065
5 960817
2 909552
3 951504
3 984195
4 1005
5 944797
4 969575
4 927237
5 904332
3 990998
1 984326
4 1004
1 917140
3 998816
5 944858
4 950654
3 964387
2 906195
2 981934
5 911257
5 961889
2 971430
5 974293
5 901978
3 922719
4 930722
5 968021
2 972921
5 917112
2 940338
2 969397
3 913928
2 963354
1 901002
1 980585
1 998898
5 970525
2 909174
4 978343
3 975159
5 987172
4 920196
4 949710
1 900023
3 987992
5 940421
5 937396
5 977237
2 968568
1 905128
2 903042
3 984664
4 917769
4 933315
5 964583
5 997220
1 939467
3 964258
1 938752
4 985938
2 919274
5 915103
4 946869
2 977961
3 943386
4 925555
3 989285
5 922599
1 965609
1 934247
5 960699
2 914545
2 978147
3 931725
2 977156
5 973204
5 967072
1 998595
2 997090
3 949179
5 992940
3 909416
4 988531
2 938538
2 985546
2 907771
3 944576
3 983693
1 992592
4 999
4 970639
3 949870
4 924320
2 922885
1 938799
5 939913
1 941805
1 925605
3 994929
5 916352
1 927022
1 995382
1 937123
3 920306
1 947057
3 981493
2 978006
3 914538
1 960719
4 932728
3 975107
1 993208
3 977961
3 982214
5 968637
1 918172
3 950929
5 999390
5 957194
2 951476
5 933680
4 937946
3 970444
3 923676
3 984986
4 980438
3 954886
5 990283
4 951167
2 943310
2 926164
1 941498
1 966317
3 901486
5 919277
5 941309
2 900582
5 910697
5 922649
1 948481
3 976861
2 986046
3 906756
5 946119
3 960028
4 971767
3 974595
4 905759
5 973368
2 936271
4 919565
2 900230
2 947290
1 924215
1 982899
5 949728
1 929663
4 917099
2 923370
4 931019
2 963379
3 906354
4 954491
5 909796
2 936916
2 977387
3 968914
2 976035
3 991272
4 989956
5 956937
4 922275
1 959157
1 965397
2 912939
2 958514
5 936820
5 919345
5 925619
2 933104
1 932463
4 948192
1 989411
1 921366
1 943176
5 999822
2 975811
5 927581
2 985142
2 999135
2 959332
4 914190
2 930634
4 1000
1 944108
2 973626
4 946104
4 933842
3 931114
1 926221
1 901381
5 993886
2 930726
2 968067
4 948760
1 950161
2 981401
1 934207
4 930236
1 933554
2 939729
2 907791
1 946465
3 907482
2 934006
5 941219
3 977716
2 918938
5 988960
3 976029
1 919797
3 914030
1 912872
2 929046
4 983435
4 900536
1 954697
3 913574
3 905349
3 991515
5 988470
4 1004
5 978484
4 988264
4 981465
5 941708
1 971334
5 957459
2 930804
5 908641
4 949823
5 963442
3 926692
5 977231
3 900692
5 940806
3 934719
1 948969
1 943796
4 922598
3 960173
2 965252
3 980274
3 937541
1 965562
2 903501
2 945720
2 937587
1 955369
2 963976
1 972688
4 988182
3 913104
5 903022
1 920444
4 932392
5 960944
5 951019
2 946216
5 957597
3 929202
2 965420
1 992415
5 979728
5 920611
4 980064
2 916839
3 994100
1 930212
3 923925
1 996231
1 908782
5 919395
1 915136
3 948923
2 907166
3 981282
4 936166
2 977398
3 952137
3 913220
3 962821
1 943794
1 919513
1 958373
5 969214
4 951299
2 989334
5 984942
4 1005
1 909587
4 923459
2 992033
3 961242
3 972758
2 951964
4 951717
4 974075
4 990385
3 965108
1 941964
3 999440
1 962155
5 901361
4 962358
1 976774
1 980947
4 939473
3 978082
3 985645
1 987393
3 935748
5 989065
3 994626
4 944430
5 959943
1 973976
5 966936
2 978736
5 920885
1 951634
1 919821
2 967089
1 947725
1 936876
4 991829
4 961069
1 944845
3 935918
2 932607
3 983253
4 950853
2 910600
5 932000
5 967309
2 939318
3 931821
1 921843
2 904557
4 907196
2 960798
3 948676
1 967409
3 953598
5 996233
1 993173
4 981230
4 910073
1 991939
5 972577
3 950868
5 967532
2 976617
2 963132
5 971076
1 994112
4 995829
4 971559
5 980146
3 951516
2 929725
5 921450
3 918386
1 971615
2 977881
4 956876
2 949752
5 950285
2 935091
5 916368
2 969780
1 954668
1 920815
2 979967
4 973077
1 941460
1 944206
4 917857
4 999613
5 994025
5 901544
1 972923
2 912935
4 933965
4 932667
1 955413
4 917102
5 954110
4 981552
1 994810
2 947325
5 954590
5 920626
5 984174
1 925665
4 903630
3 992590
3 907293
5 934660
2 902700
3 979216
4 927665
1 908136
1 907440
5 939872
2 973540
4 1005
4 929449
2 913056
5 979951
5 903380
4 916905
5 925857
5 921770
3 955248
2 918354
1 979787
2 965310
5 964942
1 942147
5 946467
5 973075
3 938137
2 956381
3 989266
1 940099
5 962797
1 958871
2 932871
5 917629
1 917321
3 995396
4 1001
2 986633
3 906240
4 940782
1 989836
2 999856
3 971616
5 926324
2 983878
1 992695
1 951762
1 902630
1 908917
1 997951
2 927240
1 996170
4 988408
4 966409
4 999346
4 989908
4 944157
1 970836
4 923908
2 903198
4 969399
5 930700
2 907542
2 903496
3 935836
4 973335
2 996134
4 921732
2 978156
5 994744
3 900977
3 915354
5 926214
3 947669
5 919810
4 949326
4 950948
1 966426
3 932182
3 962762
4 935293
5 926212
4 904082
2 924907
5 963076
1 924474
1 956643
2 993996
5 924982
2 998017
5 933779
2 946032
1 958581
2 937646
5 921624
1 995575
2 918547
4 934117
3 930707
2 908839
5 928849
2 924908
4 938254
2 930419
1 998569
4 996575
4 960695
5 944880
5 972951
1 972283
5 963789
3 912135
2 938309
2 988164
5 924046
2 928838
1 999449
4 917886
2 918588
4 923766
2 945263
2 954022
3 930744
5 900953
4 984268
5 900937
1 954513
1 960673
2 957243
3 928536
1 912821
5 970671
1 910849
5 939187
2 913029
4 988622
1 905811
1 972596
2 954962
3 983652
4 977264
5 933183
3 906758
1 957482
2 987810
3 990956
4 957181
3 964925
1 947493
3 918562
3 905912
1 959223
2 966883
2 934283
1 931487
4 964887
4 980709
5 962213
5 946428
3 925382
4 996
4 980483
5 939793
1 996641
1 953997
3 974118
3 993940
3 901028
4 953824
3 943580
1 997451
2 975036
3 909760
4 997
5 920348
5 920077
4 960717
2 970543
4 946449
4 945412
4 943450
1 923011
4 946221
3 919622
2 915556
1 931877
1 960739
5 925016
2 986639
5 905079
5 963607
4 960179
1 993222
4 1003
3 945143
4 927328
2 930172
2 908914
5 918889
5 992479
5 919461
5 906400
5 993558
1 966577
3 952650
5 947777
5 926345
2 988732
3 959893
1 947921
4 911454
2 990018
2 969418
1 958883
1 976963
4 913451
3 900691
4 903500
5 977193
1 968172
2 919871
4 951106
1 917725
1 923835
5 919497
1 901213
1 952528
1 995830
1 934354
1 967559
1 925373
3 974609
1 966095
1 942800
1 918466
5 925951
4 938534
4 920004
3 954123
4 999
1 976233
2 938812
4 923597
2 931820
5 993581
4 990258
2 992032
4 983610
2 922527
2 929657
2 920562
1 918136
5 906124
5 902103
4 940166
2 957343
2 987297
5 924347
5 985926
3 920818
4 986733
1 920416
4 986519
5 950114
1 959859
3 954558
1 969353
2 945672
4 906602
3 919466
4 918535
1 957991
5 908347
1 942865
1 990248
5 986828
2 999086
2 932796
3 931402
2 918206
4 905627
3 993571
3 974170
4 904441
5 988885
2 921010
3 921261
5 998076
2 997803
3 983042
2 985588
1 900598
2 968212
3 963959
4 944021
2 962132
5 998260
4 963312
5 997833
5 986005
4 933748
5 925699
3 981461
3 986925
2 931389
1 932618
5 930647
2 993059
1 971253
1 986800
2 988576
3 966367
4 920864
3 901680
2 980877
1 930430
3 905025
4 901053
4 982362
2 940060
5 984813
1 910056
5 952320
1 928265
5 936502
5 975139
5 928457
1 985194
5 908425
5 907913
2 951794
2 958043
1 911435
4 954573
4 904643
5 959618
5 988342
4 983047
3 905993
3 948214
1 995554
4 971693
5 920546
3 916200
3 984580
3 963855
4 968003
2 912878
1 910073
5 930133
5 916156
3 938236
1 971067
5 903852
4 932980
1 957049
2 945923
4 902556
4 945623
5 933842
3 929463
3 921200
1 940256
3 970021
2 944014
2 907571
5 957710
5 990328
3 972431
2 996608
5 990928
1 919546
5 998833
2 934572
1 941778
2 945973
4 915860
4 999796
1 951103
2 979484
5 940204
2 912659
2 976599
5 902460
1 962133
3 914036
4 987980
2 996317
4 972096
3 995390
5 999142
3 906891
4 915874
4 931034
5 998347
5 997002
2 961440
2 920961
3 909911
5 982733
3 948578
2 987403
4 940799
2 917350
4 971139
4 913986
4 919290
1 995248
4 934716
5 912991
2 993952
1 986081
2 907877
5 910620
3 977096
1 962478
1 960297
4 929754
3 985719
4 957945
1 933082
4 945153
4 930764
4 964496
4 934938
4 999439
1 988267
1 910018
1 936958
4 987803
4 954904
5 996200
2 916968
5 968033
2 906287
1 914448
5 903440
2 920923
1 962000
5 944676
2 928332
2 937123
4 989232
4 986848
4 978242
2 994511
2 971367
2 917249
3 926844
2 939541
5 949968
5 936622
5 943996
4 983311
5 987364
5 986112
2 926294
5 972353
4 924144
3 974931
5 917115
4 973086
3 974873
4 970185
2 946572
3 910833
4 913372
4 949101
1 913450
5 903618
2 904304
5 957624
5 957510
2 917180
1 976103
4 999
2 997661
2 991180
2 960455
1 926857
5 939062
3 903206
5 916489
2 984751
2 932496
2 980572
5 912961
3 970498
5 903999
4 980434
5 961811
4 905290
2 908648
4 971818
2 989732
3 963636
5 910777
4 996
3 937500
1 929972
1 987532
4 984183
4 957217
5 954677
3 905953
5 984540
4 936207
5 987326
3 945149
3 919348
3 901669
3 934801
5 925601
3 929144
1 915666
2 953891
1 914136
5 935759
3 921118
2 956274
2 913226
4 1003
5 964535
1 918657
2 917213
2 936069
5 910567
5 940200
4 985868
2 900060
3 920584
2 958749
5 921555
2 961905
5 919369
2 925831
4 902226
5 975821
1 916945
4 1000
5 938540
4 996976
5 985676
4 974562
2 951010
5 913363
3 954598
3 919350
4 958124
1 948509
4 926378
2 906755
4 948975
5 901976
5 972774
4 995
3 911969
3 950414
4 981436
3 901218
3 958802
5 991380
5 901514
2 945561
3 927051
1 925144
5 911482
3 983955
3 951110
3 966786
1 929320
4 959014
5 928816
1 969557
1 979464
4 942673
5 915684
2 968753
1 971137
3 986719
4 929379
1 941973
5 965120
4 930212
4 953150
3 975061
3 973586
2 983377
1 918142
1 917240
3 941025
1 998960
4 926463
5 920574
5 913158
1 939014
4 993121
3 900641
5 926415
2 985313
3 997748
4 947380
1 981264
1 942908
1 954413
1 931794
2 986795
1 962773
1 935172
5 944111
3 998413
2 970900
5 961545
3 990144
4 996360
3 959528
1 956891
4 964756
5 913716
2 949364
1 904344
2 972343
5 936980
5 961692
2 935175
4 972167
2 916593
1 927658
1 958383
3 949472
4 994648
2 988524
1 987743
4 974215
1 972651
4 959934
5 952350
4 955335
5 927855
2 901243
3 914173
5 948959
2 967436
5 983226
1 997518
3 932116
4 998
5 987214
3 968346
3 985164
1 998805
3 976617
4 923609
2 995689
5 922005
1 992378
1 987197
1 962561
3 964247
2 905594
3 950071
4 953828
4 924829
2 962647
2 924898
5 935740
2 973789
4 946968
3 942828
4 942625
5 904677
5 976075
5 937811
4 934053
1 965601
3 966625
5 924155
1 988657
3 984951
1 988951
2 900587
4 968487
3 958537
3 973031
4 911411
3 930861
3 994280
4 927834
1 970846
1 960790
3 907320
3 976539
1 969073
2 963699
5 952259
5 920292
4 917490
3 925311
1 936823
3 907441
3 939430
2 921328
1 952206
4 909174
2 966009
1 970153
2 936774
3 986571
1 914317
4 943455
4 956045
2 985058
5 961268
3 918304
3 971506
5 956547
1 968851
1 963948
4 900570
4 972286
5 992616
3 945941
2 960091
5 904940
2 924029
2 908222
1 964985
1 968177
3 967713
2 954907
4 930152
1 933601
4 906500
5 910174
4 958614
4 900798
2 961730
2 957519
5 913269
4 924416
3 987582
1 948978
3 913727
4 990321
5 968514
2 907990
4 997272
5 901291
5 948503
2 900589
3 959697
5 936903
3 958067
1 938884
5 953640
4 944914
4 999239
2 973377
3 913964
1 958674
1 986829
3 968631
2 996637
1 994598
5 949547
2 915705
5 948042
5 951586
4 996821
3 979834
5 968337
2 957064
2 926112
5 924271
1 962163
2 965985
3 910625
5 982294
1 900488
5 980207
5 917409
2 995515
2 920471
1 983729
1 978987
5 997721
5 927295
4 994777
3 918444
4 913651
4 948552
5 913344
3 923635
5 910376
1 955063
1 931436
2 927638
4 919273
4 984498
5 943760
1 936794
2 954219
5 910573
1 973201
1 931147
1 947204
5 902752
3 973494
4 925101
5 976281
1 976184
4 978498
4 979779
4 992913
2 984444
3 984492
3 982646
1 962810
2 971791
5 954595
3 906155
3 951089
3 917353
1 938764
4 918899
5 947094
4 964973
1 982492
3 982409
2 900294
5 935799
4 978308
2 970128
5 980370
1 935671
3 985230
3 921425
2 955124
1 914080
3 997618
1 983600
2 936343
3 983618
1 933315
1 912664
3 929230
4 961033
3 997620
5 964780
2 933614
1 979151
1 983094
3 923415
4 956329
4 1005
3 922268
2 971994
4 969829
1 908181
3 993803
4 960682
1 920800
5 918199
2 992858
3 954927
5 956628
1 924123
3 993749
1 902037
1 935264
4 998
1 915928
3 944457
4 941282
2 929050
3 997031
4 987124
5 940598
4 979670
3 994810
1 947306
5 950336
1 988987
5 990661
5 952929
4 974612
1 912810
2 905127
5 919197
2 949761
1 932682
1 953417
5 983754
3 946016
1 915252
5 909067
5 903995
2 964553
4 929531
4 963132
3 987640
2 907646
2 968498
4 938713
5 955553
3 988528
4 951629
1 940671
2 997380
3 991320
2 999243
4 952990
5 918422
1 969788
2 912603
4 979051
5 934410
4 991625
4 902278
1 995834
3 908790
2 904472
1 916280
4 908607
2 927319
1 931003
3 984718
3 904869
5 983545
1 999861
2 995562
1 958603
1 937659
4 936418
5 947909
3 995319
2 966131
4 920514
1 999950
2 995049
4 959182
5 978688
1 918167
2 982986
2 973445
5 978112
5 916333
5 929752
4 920067
1 999135
1 997314
5 945496
4 978034
1 973995
5 940054
2 981028
5 918531
2 939096
5 936962
3 917912
3 923972
5 965966
2 957380
5 941718
3 969846
4 985530
5 997730
3 979336
1 930038
5 946204
4 906513
1 915347
5 993380
1 922997
3 975199
5 907592
1 930645
5 935309
5 943304
5 929452
5 995343
5 910795
5 939355
3 985414
1 919294
4 912635
4 926295
2 942342
4 956061
1 900342
5 953261
3 999143
1 995265
3 930133
4 999808
4 937895
5 906185
5 911736
1 945929
5 912167
5 927604
5 920580
4 905919
2 938076
1 923195
2 984272
3 960184
5 928796
4 988708
2 935265
4 936709
4 964940
2 941601
4 936931
5 900885
1 946335
3 977744
3 900454
2 948034
5 979477
4 901258
5 938043
5 918729
3 968786
3 969618
2 900515
1 999301
1 929170
4 913162
4 909609
2 978705
2 943648
1 960079
3 902571
4 909049
3 903631
2 909656
2 903470
3 986146
4 993207
2 994536
1 990790
5 949591
5 948666
3 906560
3 939363
2 972534
5 925654
3 924595
2 978090
1 974657
2 964982
1 935113
1 922138
2 932284
3 905692
1 968740
1 934064
2 950807
3 939683
5 985515
4 936124
3 907982
1 980385
1 985565
5 980414
3 915224
3 976120
3 980270
3 930327
1 954018
2 982361
4 969927
5 965760
5 989432
2 962839
3 932145
2 953319
3 913131
3 921188
1 941271
4 966722
1 965616
5 921435
4 974623
1 903858
1 975425
1 955198
4 995581
4 937492
2 943281
3 928379
1 930440
3 918891
1 983048
3 906290
4 987340
2 942513
3 968213
2 911516
2 900055
1 956247
3 902228
4 966759
2 962194
5 994117
3 996182
1 917168
1 947919
4 901872
5 967917
1 918065
2 948907
4 901134
2 962692
2 937910
5 971938
2 939823
3 949811
4 997173
1 955829
4 954787
2 925404
3 926752
5 980818
5 954430
3 926781
4 900245
3 960203
4 985352
4 997785
2 964743
2 927539
5 971120
5 965455
5 958581
5 967726
4 987815
3 925321
1 950154
4 979134
2 996898
3 983161
3 906779
3 991781
3 909664
1 917709
4 994478
5 999674
5 910607
5 959873
3 909676
2 910961
2 957207
5 955006
5 940688
1 908187
1 987926
4 989723
5 993006
2 933497
3 944356
4 906885
3 958329
2 908370
1 969694
2 912656
4 946172
1 916811
3 938670
5 968773
1 975021
2 985003
2 930375
3 986730
2 947011
2 954801
1 929688
1 984122
2 900308
4 923989
3 912557
1 947728
5 958584
3 960828
3 983550
5 919794
1 982592
1 944366
3 944576
2 909525
5 999002
3 994725
3 981345
4 929587
1 947585
3 908737
5 986539
4 951054
2 935505
3 977797
5 970567
1 937037
1 931186
5 922039
4 912788
3 900940
2 939671
3 937685
3 945513
5 998116
5 926003
5 972310
3 952232
4 945283
1 954342
5 999339
3 914710
3 977976
4 934004
5 992069
1 998420
4 954299
4 943940
4 900158
5 948237
2 947249
4 970568
1 984467
4 991176
1 974613
1 904224
2 949234
1 989514
4 975266
5 990856
5 927175
2 922605
4 939739
3 930456
1 992116
5 923639
3 945815
4 916735
5 954445
5 941983
4 1003
4 939241
1 988437
3 912838
2 953842
2 937451
3 919633
5 900297
4 917059
5 954216
1 976102
1 905639
4 927417
2 951172
5 933184
5 910568
2 999351
4 957070
3 920018
2 975400
1 995509
1 925371
4 1003
2 980568
4 931040
2 963096
4 954463
3 920549
1 979765
1 933480
2 953553
4 945570
3 973905
4 903066
1 941947
5 926594
1 966680
1 956480
1 949423
3 944520
2 988372
3 944035
4 981887
4 995267
3 982754
4 919922
4 937517
3 911786
4 931179
1 994546
2 958977
2 988701
5 914438
1 996543
5 995451
5 912872
3 964750
1 946979
4 990796
1 909446
5 927385
3 995988
1 969735
3 965737
3 955788
1 995084
5 930699
2 933016
5 934691
5 953256
5 967070
4 924479
3 909961
2 910106
1 937476
4 906065
3 972741
2 946056
3 943022
5 923126
4 952362
5 942214
4 957623
1 923578
3 983637
3 914891
1 981724
4 964007
4 979244
2 915084
3 913552
3 941478
5 925255
5 944563
2 952506
3 990731
2 940820
5 967365
1 967365
3 999151
5 906354
2 985134
1 941549
4 966397
5 921751
4 985390
1 964710
2 918402
1 918116
5 963246
4 989590
1 939687
4 990486
3 966683
1 900120
3 957825
5 903264
2 922371
4 969543
2 961205
3 986624
3 919362
3 965205
1 910104
1 979132
4 957817
5 926394
4 977942
5 923028
3 949335
1 912892
4 971265
5 918055
3 900749
1 981466
1 966392
4 983637
1 926827
2 907827
4 908622
5 956339
3 945169
1 915476
4 914252
3 977878
2 900351
3 996963
4 946060
2 946815
4 911509
5 913327
1 967204
1 925083
4 980198
2 958063
1 915237
2 917844
5 901666
3 998371
2 967605
5 977764
2 918357
5 970170
1 925190
3 924397
5 993192
3 905173
1 977620
4 906003
4 945391
1 979538
5 902904
3 972301
2 951510
4 960007
4 975539
4 944594
3 912339
5 942106
5 955036
1 986292
1 988980
4 999843
2 940071
2 987505
2 972833
4 920856
3 952535
3 912082
2 916068
3 982488
4 943025
3 993102
5 915726
4 996620
1 913079
3 909854
1 939956
2 977095
5 925225
5 966604
3 981494
3 923166
2 990822
2 929164
5 947847
5 997725
3 971767
1 922380
4 903659
4 961198
1 947020
5 944434
5 993939
2 903059
5 972873
3 912083
1 975748
1 912860
2 933756
2 969236
1 916832
1 979058
5 995830
5 969164
3 904009
2 900208
5 913308
4 942951
4 905008
1 974914
5 949701
4 940424
1 985133
4 953912
1 937302
1 944272
1 985609
5 901211
2 906958
3 942390
2 963944
5 996980
3 951485
1 917301
1 956401
1 967492
1 977224
3 949011
5 924557
2 924429
2 993264
4 939418
3 930033
5 980332
4 969761
3 939613
1 930927
5 983801
3 993269
3 948322
2 956781
2 971484
1 947732
5 972150
2 931891
4 929712
3 998924
4 901432
4 901083
4 963107
2 982721
1 963109
1 941071
2 990319
1 908222
5 925856
2 953626
1 955495
1 992033
4 977010
4 943777
2 962736
3 914367
5 952659
4 941695
3 993068
4 919703
2 963201
3 976573
3 966213
5 976598
3 924101
2 937912
3 922876
4 935734
3 980617
3 903387
2 916185
2 902826
5 956486
5 913089
2 999551
5 917818
3 969516
2 946288
5 976147
1 972217
4 974776
5 972478
2 955410
4 998670
4 947473
3 923780
4 937319
2 901323
5 958911
2 950075
1 964888
5 908842
3 957418
3 988339
5 908557
2 907713
4 905102
5 984947
2 939776
3 965210
4 924987
2 919144
3 957199
3 904123
5 930143
4 930827
1 945043
5 935626
5 989866
2 960086
3 943514
1 980582
1 936942
3 996628
2 990151
5 999946
2 939338
4 963402
5 951041
5 976372
4 973035
4 921800
2 929738
1 969449
1 901736
1 926796
2 977825
2 903937
5 920079
2 999098
4 1000
5 960477
4 905474
5 914355
3 987360
4 943925
5 959430
1 945802
5 958229
5 944907
1 935382
5 903476
3 977614
3 944281
5 954914
4 960581
3 995186
5 993929
4 948594
4 996140
5 951884
4 917506
3 934667
3 957876
5 944844
2 908068
5 920293
2 988722
2 947718
2 907112
5 994208
2 900690
3 902431
4 926272
1 992222
4 976776
5 956574
4 946303
2 952439
3 969481
3 999115
4 915069
3 925093
4 929464
2 953946
4 969579
5 958986
1 986342
5 930631
3 908723
2 948443
4 1002
4 934132
4 929013
5 951418
1 996886
4 952272
5 942832
5 908920
1 947353
4 998371
4 978987
4 976003
1 925158
3 930325
1 903303
5 928907
1 927291
5 987940
1 927407
3 941626
3 975232
3 914566
4 930351
4 984440
5 940526
4 998
5 986706
3 957308
2 915109
5 920623
5 915788
4 923037
2 937412
5 905622
4 963455
1 920661
4 1005
4 903831
2 944148
2 956404
5 924892
3 985262
4 956241
4 907288
5 949246
5 978948
1 943547
5 965271
4 979284
4 974469
3 961693
5 912652
5 937493
2 943815
4 965730
5 970463
1 996899
1 973677
1 949288
2 996221
3 919094
1 959033
1 964608
2 969705
1 978860
3 989124
3 927523
2 993665
4 999846
2 920807
4 915407
2 962510
1 954091
5 977183
5 917823
4 960619
3 917482
2 903542
4 927947
1 904807
1 906286
3 956936
5 992488
1 958939
4 908821
1 977836
1 974653
3 944460
2 917251
5 991251
3 938467
5 939667
2 913732
1 926570
3 988937
5 968509
3 998475
3 939882
1 917767
2 953867
4 955504
3 988699
2 947466
2 998887
4 925068
4 995935
4 900891
2 959468
2 911831
1 963366
3 944736
4 965017
4 948850
2 936380
4 935538
3 906677
3 923756
5 974311
3 972925
4 937049
4 936080
5 902503
5 936691
5 967091
4 925448
2 967276
2 958183
3 907669
2 908502
5 969430
3 968594
1 954015
4 963904
1 907735
1 916744
1 989248
1 960409
4 953384
1 937774
1 910539
3 978510
5 981396
5 975028
4 904505
4 975453
4 928984
4 945978
4 926439
2 990856
2 964182
4 907543
3 950347
4 968774
1 968842
1 943824
3 966925
3 929913
1 920369
3 972878
2 972425
2 993962
5 963873
4 998
5 964705
5 955851
4 970993
4 915233
2 941603
2 988213
2 901658
2 997297
1 953854
5 962402
1 909585
5 933151
3 931685
5 962637
1 949598
2 937247
3 915451
2 930673
1 934602
5 968234
3 979337
3 985508
4 924332
4 969867
4 962879
3 994905
4 963473
3 939455
3 903396
4 991893
1 951462
3 995695
4 1000
1 961139
1 977833
3 973086
5 965321
4 927801
3 954474
5 946389
5 943405
4 927772
1 977975
1 974588
1 917735
4 990723
4 909527
4 979800
5 985406
2 903046
5 914384
2 938646
1 972698
3 956189
3 928922
4 996100
5 916263
3 923550
5 999140
1 957755
4 922955
5 990446
2 933660
2 967493
1 916248
1 980287
5 902031
1 933692
3 916127
1 912466
1 966198
3 950176
3 947188
5 951136
3 960107
4 903335
1 941578
5 988957
2 976858
5 977077
4 974358
4 963486
5 999411
4 904834
3 999198
5 927731
2 966971
2 918607
5 998534
3 906143
5 998746
1 937288
4 966809
4 937437
2 966361
4 946867
1 976331
1 942609
5 927723
4 922970
1 973122
5 949778
2 911947
1 908236
2 996934
4 994834
2 995099
2 953723
5 942345
1 924922
3 976581
2 913149
5 958972
4 961809
5 996272
4 942481
5 968317
5 923382
3 908713
3 913218
2 999350
5 912859
3 958629
5 983557
1 938847
1 932864
2 923050
1 989414
1 977747
3 998250
5 900482
3 917909
5 994471
5 964550
3 943451
2 958463
2 907099
3 925770
4 994333
3 909070
2 908548
5 906331
3 994097
2 908613
2 920630
3 960105
5 982133
3 906608
2 966248
2 944928
5 919943
5 909433
5 929303
1 901514
3 921614
2 929694
1 922709
1 921217
5 981074
1 975988
4 905298
2 984501
1 961815
4 932476
3 987099
3 936952
4 983369
3 906432
1 935829
3 963498
4 991073
5 933735
4 932399
4 907092
4 963029
1 971213
2 925480
3 970044
3 903265
5 985898
4 962917
5 944684
1 923193
5 960167
2 919806
2 972156
3 936661
3 935467
2 901054
3 995612
3 937210
5 944524
4 958011
4 980696
1 953045
3 971407
2 992369
4 938259
5 962883
1 918075
1 987381
5 929152
2 981757
3 981522
2 933653
3 919245
3 980331
3 987594
1 928040
3 979047
4 949549
2 910034
4 920978
4 932511
5 972256
3 972730
2 993713
4 925127
2 987455
2 923052
3 924701
5 971725
2 937459
5 906839
1 960797
2 983785
5 914320
4 1001
2 949286
1 967339
3 917152
1 947832
4 921125
3 907368
1 909919
5 916964
2 910123
4 975200
2 937307
2 983728
2 925102
2 934631
5 989417
4 900388
5 994004
1 994964
2 920782
1 920745
2 962687
1 933177
1 917382
2 982681
1 996701
3 989297
5 977904
1 961645
3 968332
3 928696
2 947705
1 963658
2 938557
5 905871
4 992783
4 938137
5 999424
2 910995
5 900160
4 988565
3 990807
4 994497
1 957405
5 905581
5 969835
3 907684
5 956539
2 906970
3 961257
2 925476
5 929727
5 964542
3 959717
1 992040
1 926760
4 954515
4 967498
3 940921
1 958188
5 946803
3 984458
5 933449
4 934439
3 902317
4 918568
1 996555
5 992285
1 907204
1 977687
4 971043
1 938213
2 962734
4 907010
2 933096
4 987222
2 970798
1 954643
2 929840
5 968868
4 981831
4 910847
1 962027
2 900635
5 955024
3 916470
1 996797
5 957923
5 937529
2 930018
4 909537
1 987903
3 991955
3 983297
3 983986
4 950012
1 923308
1 984600
4 949569
1 964734
4 939895
4 931442
5 929274
3 992649
2 953016
1 937704
2 982227
1 903572
2 995661
1 937721
4 913956
2 937248
2 958748
5 973218
1 946832
5 990606
3 905970
5 972263
3 977027
4 984201
4 996955
2 998730
3 994234
5 990366
4 996794
3 906916
3 924448
4 919997
3 913685
1 911098
3 991554
2 987959
2 926444
1 948663
5 966221
3 900429
2 979482
2 932759
1 912110
4 947762
4 955021
2 973824
3 937324
4 940090
2 932933
1 989948
1 915566
1 925899
3 937918
3 964799
2 935890
5 913569
1 900526
3 964594
2 919413
3 941374
5 998622
5 910412
1 911433
2 989261
1 975315
4 961646
5 924230
1 987491
3 908098
5 961742
2 909463
4 909629
5 955134
4 998303
2 978669
4 967303
5 940250
2 913516
3 972850
4 925346
2 928839
2 997289
5 938134
5 954338
3 956788
3 989925
5 934604
1 909759
5 955396
1 989399
5 989310
2 915378
5 961750
1 997146
1 942085
1 930004
5 948553
3 951862
4 956081
4 973392
5 985323
5 960093
4 951078
5 942199
5 913775
4 948271
4 983078
1 981945
2 914807
5 909573
4 914141
5 964403
5 947175
3 989817
4 971369
5 908835
5 932970
2 950277
4 987962
2 960191
2 924772
5 979339
3 982683
1 962705
2 916490
1 916607
5 998078
1 914411
4 966705
1 945641
1 909862
1 944684
2 965521
5 978551
2 948289
1 929639
4 970059
2 955418
1 903050
5 909507
3 916985
1 923948
4 959997
2 952186
4 996
4 967007
2 978167
1 976016
3 934423
5 988052
4 984851
5 983059
2 972298
3 910237
2 989549
3 936826
5 925391
5 996499
5 937002
5 986668
2 913415
1 920780
4 979485
5 973172
1 985827
2 960078
1 995742
5 903689
1 939045
1 944845
4 949374
5 918893
3 906350
1 974701
3 964598
2 917376
3 965000
3 949195
4 957820
1 929984
5 957799
3 983644
5 910380
2 955505
1 983354
2 940156
2 953737
1 936860
5 929098
5 981958
2 976016
4 939757
5 908109
1 947598
1 964045
3 922658
1 987030
4 929648
4 997130
4 964040
5 991972
1 990147
2 921738
2 991259
5 918376
3 984785
3 932107
1 932246
5 903300
4 987681
3 986742
4 933536
4 999020
5 955239
1 953137
3 983920
2 989475
2 931262
1 983875
4 935167
3 962821
2 951214
3 983144
5 936366
3 961492
3 918802
5 957840
5 920260
4 989405
3 960554
3 937250
3 922555
3 901740
5 922072
3 959110
4 941221
3 945780
4 964765
4 987924
5 944630
4 990546
5 952393
1 950107
3 961485
3 912980
1 953296
1 926917
1 942001
2 941270
3 905391
4 966981
5 939608
2 966485
2 930050
3 953937
4 974017
2 916455
1 916173
5 962930
3 908175
4 999847
5 980755
2 994907
2 916505
2 940343
5 902255
2 911489
1 945860
1 988762
4 959825
4 989524
2 984044
5 941422
1 997408
3 972146
5 957293
1 966328
1 985328
5 999977
2 969789
5 939503
2 990233
4 971911
1 976364
2 995785
5 984315
1 926959
5 930350
2 952404
1 985344
3 920104
2 976419
5 993311
4 924675
2 947934
3 983791
1 994088
3 926246
3 980137
2 912636
4 943942
3 973067
2 981890
2 978247
4 999286
3 971926
4 993863
1 954288
4 951794
4 979762
1 934612
2 966739
5 991810
1 952906
4 997666
2 923095
4 939212
4 919552
4 958399
4 924372
3 960630
4 969143
3 933248
2 923568
2 947018
1 905212
1 919489
5 960744
2 978319
4 925458
2 925842
1 949592
5 900078
5 903757
3 974279
4 941247
3 925287
3 915829
2 958108
3 935707
1 990590
4 958549
1 936030
3 957871
2 913619
2 909294
2 987057
1 946567
3 909397
5 900342
3 922388
5 951383
4 961177
4 990188
5 931725
2 948473
3 954710
2 929601
1 939710
1 948260
4 949305
1 972564
4 988081
4 969185
4 972250
1 949640
5 923620
5 918592
2 988786
5 970376
1 974231
5 959726
2 933969
2 990819
2 994918
1 996402
5 940948
5 957767
4 971418
2 917143
2 969471
3 914686
1 931347
1 900850
2 916689
3 991937
1 904166
1 923873
1 992261
4 948035
4 909655
1 977185
4 990498
1 958063
1 927679
3 918331
3 987034
3 999376
2 913221
1 936478
4 996432
3 931548
1 905290
1 947449
1 932206
5 979795
4 974276
1 909175
4 995095
1 989790
3 953432
3 919700
1 924229
5 950204
5 982936
4 955461
1 978417
4 903354
5 916247
4 928261
1 998400
1 906665
4 995576
3 994394
2 999651
1 973603
4 927591
4 994986
2 932581
4 959811
3 977548
1 914836
2 965832
4 980173
1 919980
3 907826
1 999937
1 958130
3 919149
1 999035
5 998260
1 913246
5 924257
4 981273
5 950400
2 922373
1 985896
3 960340
4 922029
4 992216
4 931036
1 916156
2 916668
4 985954
2 928614
4 956555
1 981985
4 969743
1 947590
5 983182
5 963221
2 997234
4 979666
3 927799
4 991214
5 956190
1 932382
3 963596
3 953585
3 998343
5 995544
3 974586
3 988046
5 904150
5 912475
1 961955
3 961080
1 933260
4 930920
5 935921
5 934503
5 972348
4 960650
2 961204
1 943562
4 925510
3 924633
2 940750
3 954247
5 979205
4 980950
4 998
3 927641
5 983243
2 948393
2 988021
1 925913
3 924902
4 912318
1 983187
3 980922
1 902064
3 901513
1 978139
3 934163
1 962511
4 914585
2 955956
5 907405
3 958188
4 939119
5 971800
1 926334
1 937369
2 914137
4 1000
4 940953
2 901602
1 983852
1 938607
2 961210
5 954084
4 973520
2 929904
5 922049
5 980760
1 993995
5 931564
2 917970
3 961821
2 918328
1 985774
5 970949
5 995185
1 990348
5 955171
5 988089
5 907792
4 957993
3 947748
2 954566
4 958187
3 983490
4 956789
1 934451
3 926861
4 985663
4 938807
3 935426
1 937402
4 989679
2 993589
4 906999
4 975199
2 988270
4 972770
4 952691
3 956450
4 926491
2 975728
4 987151
3 910455
3 913390
2 940631
5 937965
4 918621
5 936204
2 952455
2 964327
1 938489
4 913993
2 921997
5 958769
3 959715
2 996295
1 984783
1 951748
1 926753
3 954496
1 935329
3 956323
4 968488
3 992208
3 940733
5 995904
3 923556
4 968752
1 998111
4 922407
5 966742
3 939437
5 973977
3 969010
3 900897
3 998846
4 1000
3 976433
3 944921
4 956617
2 982359
3 909266
2 991588
3 918180
5 925239
5 984881
1 903238
1 965149
2 990696
2 953420
1 989746
4 955457
4 927196
4 960537
1 978807
4 982668
1 936653
3 902159
2 931775
5 938498
3 912161
2 920945
3 927920
3 978047
3 960832
4 904582
2 971171
2 904479
4 950776
1 992309
5 923227
2 978837
3 978585
2 968190
1 909218
5 979400
3 985831
5 974162
3 961787
2 973606
2 907845
4 940334
2 978578
4 939155
3 966628
3 950101
4 928181
1 923666
3 986539
2 993379
1 944540
5 999874
3 942190
4 920347
3 961824
3 947401
4 987386
5 990679
4 902042
2 963782
3 909905
1 929481
3 961261
2 954814
5 962920
4 992289
2 970559
5 995676
4 937543
4 906057
4 953019
3 983192
1 968246
3 955091
5 975164
1 990062
4 932176
3 977676
1 971638
5 927493
2 956586
2 975259
3 960761
2 938770
5 906994
2 924749
3 964654
5 977581
3 925938
3 908546
5 957492
1 949152
2 902917
1 947435
3 904211
2 986567
3 914744
2 923938
5 932242
1 933860
3 903335
2 981080
1 956852
4 971122
3 997410
2 995111
4 1001
5 993964
2 986229
2 900906
1 920996
2 996546
1 999251
2 910543
3 928277
5 993923
3 921968
3 917581
1 966411
4 910546
2 960794
1 922215
5 931806
1 901873
3 951800
2 967622
3 996251
5 913610
5 905640
3 944683
3 981977
2 997149
3 947838
3 942879
3 992796
1 910529
3 938311
3 918552
2 900054
3 913095
1 939616
4 955452
1 956053
5 943916
4 992546
5 924440
5 966583
5 918195
2 916478
1 932929
2 975445
1 949519
2 945972
5 964547
1 964334
5 961523
4 935033
3 954749
4 911421
4 970548
3 965596
5 972972
5 982970
5 983977
2 951879
2 915062
5 933261
2 956253
1 993843
4 998795
5 950393
5 928181
1 942219
5 941048
2 967316
2 970067
3 936360
2 963152
2 973185
3 936175
5 976533
5 985713
5 971160
2 963396
1 969688
3 900310
4 934513
5 969482
1 918310
1 937698
2 969064
1 967372
3 930387
2 957561
2 929533
2 905628
5 994436
3 916966
1 914385
5 970415
1 940958
4 958150
3 939469
5 921387
1 911654
1 912750
1 972783
1 974424
3 933290
5 963496
3 902761
3 991232
2 955597
2 934692
1 924576
4 962806
5 986955
5 943459
5 940813
2 943283
1 921157
5 992601
3 987973
5 988788
1 954441
1 961074
2 966213
5 938413
4 982849
2 905987
1 912717
5 914279
3 951062
5 965844
2 927389
3 956775
3 922289
1 950851
1 970843
4 943554
4 997585
1 968364
1 980762
1 905805
2 902728
2 998716
1 926900
2 979444
5 943913
1 946189
4 930629
3 900961
4 990948
5 995802
3 932819
5 904248
5 900050
4 924817
1 996969
2 915864
1 905680
1 950757
5 998278
5 918179
4 922800
5 927101
5 917730
5 962071
1 984042
3 906386
5 917523
1 906921
5 982719
4 995
1 960898
1 928269
3 901140
3 911689
5 912552
3 946104
3 925737
1 967977
2 995760
1 954429
4 937667
5 937474
2 980334
4 939296
3 967996
2 945730
4 985655
5 904966
5 936246
4 914396
1 990800
1 958138
4 962523
3 947094
5 988592
1 932530
3 908131
2 965964
1 919710
3 999444
1 930091
4 911848
4 946400
2 978750
5 906086
4 920205
5 936479
1 961638
4 995
1 967210
4 956087
3 926246
4 908850
3 992797
3 994780
5 968856
2 938342
2 902385
5 924035
3 976865
4 944294
4 998219
5 999383
2 942109
4 952292
2 993111
4 904704
1 974937
4 934448
4 917972
4 923007
4 986616
3 966906
4 953136
3 920467
1 915455
1 958220
3 975680
1 900924
4 985519
2 902781
3 986303
2 970683
5 978440
4 924314
1 903051
4 912389
5 948584
5 921136
5 956375
3 917818
4 971720
4 963053
5 968173
5 910529
1 953680
1 995528
3 952529
1 903298
4 961828
5 908165
4 912237
3 945108
3 952828
1 931291
5 983436
1 974791
3 992616
4 989026
1 985321
5 956221
2 924141
4 928177
1 969953
5 947712
4 995
3 919110
1 990314
3 936133
2 948724
3 922240
3 947830
5 919190
4 965730
2 986169
3 978063
1 996923
5 906204
5 922487
5 972272
3 999415
3 918187
1 924228
1 996090
3 989578
4 971489
3 954575
4 995
2 930133
5 964572
4 983312
4 942969
3 992172
1 980256
3 901609
5 981476
2 978876
3 958630
3 914967
2 975778
1 935375
4 985346
3 903497
5 913141
2 942728
3 986178
3 943668
4 942636
3 907214
4 930254
2 908952
5 947685
2 930783
2 915639
5 959996
4 918909
1 980584
3 917217
2 916026
4 914738
5 935685
4 941466
5 981983
4 969563
2 983841
3 990428
5 916111
1 938826
5 928523
2 955581
5 916649
5 909056
1 913817
4 978355
1 970442
2 911116
1 950622
2 920082
4 997323
2 989831
2 957065
3 968196
2 986782
5 966889
3 947516
5 921327
5 987782
4 962383
2 963702
3 929442
1 956986
4 965636
3 916305
1 986907
3 932262
1 927041
1 989922
5 944885
5 967687
2 936267
3 913643
3 993340
3 919640
5 995939
5 911094
5 985185
2 968696
3 913217
3 957901
3 916829
3 903371
2 987016
5 953146
2 938620
2 951068
4 948661
2 979735
4 921668
3 964921
4 982624
1 980949
5 993421
2 930870
2 900049
1 968623
5 973705
2 979342
3 914327
2 956978
4 973608
4 986161
3 906165
4 964337
5 960964
5 929638
3 907723
2 908375
5 989597
1 958296
2 956162
4 939061
2 953959
3 952998
5 974596
3 969764
3 997632
4 920252
4 947638
5 964140
2 941155
3 952460
1 959103
2 940502
5 952223
3 902715
1 959540
5 903684
5 979055
4 910574
3 993124
2 997891
2 921500
1 932718
2 918617
3 923600
2 992283
4 997150
5 970023
2 931552
5 966426
1 974703
1 966694
3 991657
4 963794
2 993280
4 992601
3 965010
4 911919
2 915608
1 991058
5 942700
4 981226
5 944355
5 900405
5 953363
3 925856
1 972458
1 953191
4 911668
1 933596
3 957087
2 902527
4 946374
2 916983
3 986029
3 973578
2 903406
4 967934
4 970465
2 927860
1 958643
4 956972
1 915304
3 980445
2 972326
1 962714
5 922859
1 927051
4 962961
4 921110
4 963505
5 943471
1 997273
2 997547
3 952035
1 927905
3 924699
5 996381
3 932813
4 908934
4 987757
3 975800
5 930689
1 950867
2 982093
3 983335
2 957966
5 920782
4 921392
3 980817
4 989973
5 928480
3 923595
3 938494
5 969157
2 928845
3 983608
1 909409
3 964386
1 953115
5 958764
3 957722
2 976838
1 909443
3 923520
1 957500
5 994120
3 982844
4 996382
2 959390
2 908215
5 980888
4 916604
5 952925
5 909077
2 939270
1 941746
1 907225
3 945326
5 946002
1 947990
1 905109
5 999658
2 974152
4 976758
4 995592
2 963222
3 972167
5 937376
2 919821
5 992408
5 903659
2 952313
1 908528
5 922874
5 968153
3 915929
5 958840
4 916800
4 961298
3 973515
1 911918
4 963496
4 926602
3 945020
3 984091
4 981536
5 991880
1 941393
2 961328
1 900895
5 934678
2 913140
4 931641
4 987781
3 983740
3 901965
4 927491
2 948772
4 926427
3 969247
4 903843
2 940104
3 944479
2 911283
5 945349
1 998337
5 959691
4 900384
1 911207
1 964456
2 933731
4 998206
2 911250
5 922269
2 961734
1 939372
2 979568
5 913263
2 903805
1 940053
1 951771
3 948750
3 919516
5 978533
2 978785
4 943194
4 928696
2 991367
4 927244
1 948313
1 968296
4 968358
3 929600
1 957637
5 957634
4 939133
3 949414
3 966793
1 947562
1 916845
3 908853
4 906137
5 996112
5 902996
2 969184
2 922167
4 996376
1 901520
3 970041
5 953658
1 976281
4 929582
1 972850
1 924209
1 931936
3 902393
3 966116
2 922596
3 914793
4 949136
3 916378
1 987104
2 920740
5 904703
2 945127
3 981682
1 962709
1 944625
5 925121
5 917230
3 921332
5 976026
1 966521
2 901097
3 960837
5 905080
2 943937
3 979197
4 925988
4 984592
3 985515
2 984234
3 980875
5 949824
4 945880
1 973560
1 954584
3 985588
2 988435
4 947893
5 926302
1 988887
1 907776
2 997273
4 935818
2 926958
2 928503
3 953275
5 993869
2 979503
2 909472
3 977062
2 903350
1 902343
4 964293
5 982428
1 985688
1 983520
3 957661
1 965164
2 962393
1 969513
4 960000
1 946692
5 913584
1 919389
3 989815
3 929595
3 927850
4 977193
2 985145
2 972234
1 977498
1 910017
2 914352
4 939392
1 959028
4 962404
5 943780
5 908210
4 976332
3 959793
2 959671
3 944365
1 970931
1 991426
2 986706
1 986201
1 946132
1 995943
2 920138
3 990693
4 934701
5 943899
5 971443
2 976708
3 901082
3 951429
3 941344
3 921028
3 972792
3 932471
3 957706
5 925859
3 996109
5 972415
3 946891
3 903323
3 963961
2 908027
3 972052
4 914080
2 986027
5 928945
1 913608
2 966868
5 926192
4 924177
5 954074
1 944505
1 920368
5 949921
1 939605
1 981213
2 928583
1 982003
4 976836
5 914395
5 993165
3 948442
3 970641
5 987516
3 907933
4 949148
5 963208
5 996109
4 998190
5 944819
5 972189
4 979622
1 973428
4 953977
1 903141
1 930442
3 960684
4 988314
4 903953
4 916073
5 995522
2 976519
5 901379
4 987448
5 992134
2 982712
4 930933
3 997623
4 908082
5 902669
4 985440
4 966578
1 947946
1 988497
4 956825
3 909425
1 997646
2 968946
4 933313
4 1001
2 964216
1 994094
3 994093
3 968868
4 934703
1 991240
3 905359
4 916736
4 941610
2 916719
5 964976
5 926945
1 994160
2 903118
2 996841
5 903707
3 996741
5 922082
4 965782
5 971550
2 928549
4 904171
1 950183
1 998420
3 967017
3 953174
3 942247
4 974928
5 926293
3 929481
3 948995
5 981306
3 942727
1 915351
3 911891
3 917590
1 917517
2 994525
3 903230
3 954770
5 936915
1 991581
5 988143
3 955349
3 944533
1 920252
2 998967
2 966071
5 978381
4 918877
1 930822
2 958681
3 944807
4 972096
4 972876
4 957909
5 989432
3 995209
2 904239
4 956333
1 955724
5 966257
1 938168
3 950118
1 913699
3 902311
1 919066
2 968450
2 962110
3 911947
4 931283
2 943517
4 926597
4 963299
1 920100
3 908464
1 920546
2 917045
2 921181
1 992352
4 924290
5 940190
4 999120
2 975519
5 910828
3 934143
3 955539
2 962522
5 988264
1 949081
1 947466
1 977686
4 959403
1 990466
4 940790
2 973417
4 917228
4 908357
5 930604
5 962271
3 948614
5 923988
2 973162
1 962111
2 909674
5 908854
3 918747
1 938577
5 995885
4 959817
5 997202
3 947198
5 937752
3 961115
3 900286
3 948548
2 997210
1 999397
4 907221
2 936438
1 904208
3 914284
2 919157
5 935682
2 913856
5 998067
4 901959
1 943923
1 945443
4 956109
3 920751
4 926855
1 904909
4 994744
4 941511
1 930748
3 988838
5 962651
3 933887
2 904088
5 913994
1 905067
2 919040
1 915382
4 931792
3 954226
4 937279
4 998535
1 955884
5 989248
5 916010
2 923903
5 933930
1 955987
2 944595
5 930130
5 929748
2 900492
5 941364
5 956719
3 937962
5 939610
3 936634
3 920018
4 909618
5 928259
5 959435
5 946382
4 923044
4 924247
4 927089
5 902898
1 964369
1 980017
1 985143
1 931095
1 957792
2 964144
5 959347
4 973727
4 999322
5 915943
2 967769
2 990405
2 933721
5 907638
4 973374
2 953014
2 943884
2 954807
5 929156
5 987113
5 918172
2 974318
4 983290
5 976146
3 957008
4 967254
1 954416
4 946591
4 905616
2 900281
4 973825
2 908790
2 977967
5 951021
3 903632
2 939703
4 938284
2 983465
1 970866
5 998572
2 908745
1 996695
3 946251
4 923083
3 943508
4 983162
5 937235
3 955119
2 974245
4 970002
2 974037
5 952833
1 912647
2 950138
3 945860
4 911926
4 960809
2 975625
4 911286
1 976876
2 989903
3 935694
5 942568
2 924279
1 958567
5 999457
5 940845
3 934928
1 932344
3 989855
4 903888
5 990327
3 906516
4 970101
4 914173
2 981824
2 973087
3 962189
5 926563
3 908034
4 946245
3 970011
2 908328
4 956034
1 919877
5 968912
3 997873
4 945921
5 979959
4 902022
1 977088
3 909285
3 938110
2 907183
2 959741
1 949314
2 968518
2 988429
1 920039
3 999103
2 968899
3 941302
3 931307
3 960119
1 973471
2 989829
4 906905
1 958861
2 978606
4 974607
3 997076
3 934651
3 951139
1 983656
4 926417
1 967967
5 934551
3 980386
5 918201
4 927550
1 975680
1 997302
2 944091
2 931905
5 965264
1 902321
2 973731
1 920465
4 971078
1 961288
5 977598
5 982937
1 920104
1 968277
4 944960
5 930815
4 983363
2 905428
4 995
4 940189
1 953725
4 950067
3 918062
3 927923
4 992336
4 990052
3 960327
2 970237
5 963135
2 983104
1 972663
1 935726
4 999
1 911703
5 934020
2 997734
5 957294
2 918067
1 986859
2 924033
4 943598
4 967413
5 968584
1 962724
5 974061
4 970619
3 914832
1 959060
5 907480
2 931540
2 941992
1 996558
3 953964
1 938848
4 997025
2 968895
4 974528
5 992812
3 960624
5 978083
4 949323
2 963949
4 951729
2 919488
1 915771
3 975433
5 908218
4 956638
3 978162
5 972304
3 977554
2 965092
1 926962
4 901724
2 933603
4 942690
2 924245
2 935037
4 966390
2 922770
4 991663
2 916692
1 981044
2 988079
1 970510
1 975475
1 911253
5 919320
2 956786
3 924470
2 987739
4 967005
2 903697
5 939817
4 949766
4 912939
3 950628
2 964468
3 933880
4 971600
5 950419
5 957472
1 992038
3 924300
3 993686
3 970526
3 984949
1 945271
2 914127
1 989549
1 964183
2 984719
4 1002
4 909961
2 976756
2 937362
4 974643
5 948625
5 991370
3 904723
2 983999
2 953660
1 930418
5 986836
3 900569
3 967947
3 979140
1 976235
1 901499
3 962294
3 995871
2 913500
1 976328
2 945908
2 955310
4 967287
5 966167
3 933528
4 958005
3 908764
3 994691
5 918006
1 960706
2 948007
5 967534
4 980951
1 993746
4 910788
1 974964
2 954980
5 940708
2 978210
2 967156
3 907447
2 981066
5 902510
3 919245
4 909790
5 958045
1 966686
3 913514
1 944373
4 959450
1 939368
2 970490
3 987262
3 954986
4 931964
3 973393
2 951715
5 987234
5 993602
4 979842
5 975099
2 938390
2 953660
2 996001
5 938042
3 955534
5 979051
4 987278
5 911554
3 920685
3 937235
2 974217
3 956585
5 965569
3 948000
3 972501
5 941013
5 940888
5 990295
5 967823
4 993181
4 981778
5 940889
3 986657
4 973723
3 981478
2 938212
2 937162
1 992726
4 901169
2 979901
4 960309
3 935333
1 967225
4 900314
3 961842
1 969461
4 927860
1 903734
2 998079
5 918446
3 998458
5 960984
1 936208
5 984939
1 907693
5 921604
1 901944
2 947151
2 997034
5 900055
1 941366
5 953992
4 922506
2 946964
5 953274
2 954454
2 918635
2 967314
1 966968
2 914119
2 911290
5 915743
3 940238
2 969762
1 939536
5 989400
2 980708
1 946193
3 991326
3 991286
2 988161
2 934313
1 909697
3 943842
5 969300
5 933335
4 925011
3 917010
4 903725
5 958024
5 918890
4 977185
1 934398
3 907876
3 917120
3 924753
4 951667
2 938574
2 968489
4 997
3 985481
4 985650
3 920713
2 986579
3 933087
5 956658
1 951350
4 993064
4 905408
2 980832
3 972431
2 939407
5 956446
4 933107
4 997536
3 953255
3 988834
4 937959
1 913310
2 909012
3 937691
2 965980
1 937345
3 916512
4 959166
5 986069
2 929886
5 902037
2 940628
1 904753
4 908783
2 977274
2 901754
4 989233
4 990081
1 908251
1 970108
3 949124
3 995953
4 949331
4 984592
2 995119
1 945924
3 919161
4 943231
4 956721
4 967089
3 915884
3 964087
2 954984
5 941913
4 929688
5 990637
5 955005
3 926681
2 933702
1 947023
1 903615
2 958790
5 921914
2 925018
1 988004
1 913347
1 986468
5 988366
2 967352
4 930001
4 902617
1 914339
5 973504
4 901289
1 978440
1 984168
5 935453
1 948697
4 991938
2 939977
2 943930
3 918246
1 953029
5 911626
2 974456
4 936648
5 972389
2 928997
3 961300
4 973944
2 940388
3 919492
4 927704
1 917429
1 952488
5 960946
5 954061
2 953981
5 918534
2 932440
4 944978
3 977031
2 946312
3 974183
2 934847
3 967264
2 990242
5 953507
4 939007
1 913404
4 997534
1 959212
3 983059
1 998355
5 904018
4 994167
2 931015
5 920140
5 935598
2 998969
4 905371
3 915774
1 907815
5 943987
5 995652
5 956308
1 921500
5 966712
4 980192
5 926711
4 919704
3 907781
3 930981
2 915404
4 948918
3 997174
2 982925
3 947169
1 936199
3 905213
4 952791
5 904292
3 983263
1 944249
3 996304
2 918611
3 964820
3 905040
1 916892
1 901490
5 943592
2 963394
1 983144
3 917380
1 941489
1 948207
3 929120
5 934683
2 956497
5 991606
2 913366
3 934283
1 990834
4 975886
5 920684
2 923431
4 911482
1 972605
2 953852
4 994505
4 990213
5 987169
3 971362
3 921837
2 937372
1 971049
4 956810
5 983698
1 969190
5 923194
5 981222
5 963403
2 947962
2 902234
3 984615
3 907635
2 987122
5 983475
4 966503
4 930797
1 900894
3 984558
3 997885
1 900170
4 924525
2 924584
4 970916
3 960169
2 981058
5 947930
2 988447
3 917825
5 961511
4 913499
3 921371
3 939460
5 977678
4 975261
5 957058
2 929943
1 992691
1 942209
4 944623
5 900864
1 980156
1 934834
2 992132
5 991710
5 998400
1 990598
2 927530
2 999692
4 981450
1 970875
5 930562
1 966694
5 955273
4 995
3 914306
5 941365
4 917493
4 901740
1 983409
4 902467
2 949260
4 991294
2 984177
1 972168
3 926733
5 931762
2 940098
3 998985
5 940147
4 946768
2 904992
1 946583
3 956610
1 900276
2 906907
1 914499
4 996621
5 947984
2 975887
3 912013
2 975592
4 954301
1 971191
2 958945
3 962910
5 981292
3 964654
4 984776
3 951279
5 959717
3 973502
4 987927
1 979007
3 908816
4 946523
1 964655
5 943305
5 967071
1 955951
5 909869
1 954218
4 928947
4 996
4 900785
3 915137
2 963596
1 985905
5 904515
5 988980
5 914260
2 921231
5 952207
3 908313
2 992316
5 902973
1 993853
5 908273
4 1002
2 938592
2 905985
3 905403
1 939945
2 997955
5 931864
3 931709
4 907655
3 966668
5 977380
5 962743
5 943316
3 993974
2 920947
5 967886
2 939037
4 989316
5 935930
2 900783
4 915135
2 959397
5 902034
4 942809
3 992598
4 901382
5 913095
4 973589
3 988680
3 991997
4 946808
4 989876
3 931003
1 994690
1 955228
5 904692
3 916334
4 914875
4 957382
3 966982
2 979143
5 942204
3 996602
3 914373
5 928155
5 907561
1 978611
3 973868
3 932727
5 907273
5 973416
2 928422
1 976210
1 910293
4 945401
3 919128
2 999593
4 968625
2 998578
5 966561
5 940934
2 974109
4 974688
3 944021
2 913735
2 985672
5 968867
1 970327
1 990590
2 937543
1 923772
1 967530
5 931605
1 944193
5 968063
1 953087
3 922655
5 984467
5 939927
3 913758
1 902557
4 940674
1 939700
4 942296
2 996774
1 911691
5 931646
5 927903
1 997846
3 950968
4 998890
4 942626
1 918071
2 913999
1 987049
3 917242
4 946155
5 932291
4 974625
3 977781
1 937631
3 988452
3 917105
3 903054
4 930816
3 936656
4 938065
1 976116
4 1002
4 947327
1 977551
5 949478
4 960099
4 992653
5 933272
1 946312
5 926686
5 947374
1 976439
3 996945
5 986863
3 903812
2 970292
1 909556
1 915177
2 977859
3 961040
3 973733
5 934366
1 956659
4 915810
3 942811
3 930229
1 965289
4 984830
4 900204
3 977856
5 996694
2 982897
5 944241
2 997605
1 913246
4 913024
5 992775
2 912990
2 970909
4 936731
4 966392
5 919054
5 917611
5 928987
2 988492
4 914428
3 916781
1 913957
1 939519
1 996213
1 908380
4 925052
1 981107
5 990006
3 955650
1 921627
1 956593
3 941549
3 971851
4 929185
3 919515
2 926660
3 966450
4 998418
5 989131
5 987873
5 998126
1 922413
1 981656
3 960334
4 971046
5 986888
5 975170
1 982214
3 973626
4 959072
1 974224
5 905814
5 904386
4 958029
4 995
4 1005
5 956481
2 971835
4 958751
1 938778
4 999
5 971996
4 978705
2 958517
4 937973
4 915074
4 957541
2 928440
5 941509
2 932166
5 999437
4 906130
5 935909
3 915405
1 979050
4 915003
1 984760
5 969404
3 983161
3 925489
4 948785
5 997561
3 947804
2 913389
1 927098
3 994911
5 921287
3 979374
2 939988
3 912656
2 954923
1 900700
1 921568
4 981559
1 970322
1 963273
1 905730
2 914709
2 943212
2 911185
3 923674
3 968053
5 951201
1 901244
2 950608
2 912549
4 908953
4 915556
5 954858
3 933255
3 934594
1 990345
5 955136
5 959862
5 993096
4 952791
5 985361
4 939576
4 988805
2 935058
2 915265
3 905392
4 929646
1 985598
2 916807
4 993654
5 937828
2 990532
1 929136
4 1004
1 926386
2 935096
1 982839
4 952512
1 931106
4 994402
2 987382
1 970464
1 907521
4 961988
2 951981
4 900899
1 965644
4 996957
5 913209
4 964576
2 963408
2 994792
5 981853
2 914012
5 966825
5 994250
5 912148
2 909186
3 942687
5 908170
5 936641
2 940581
1 975926
5 965763
2 966296
3 954599
1 921508
4 993509
1 957805
5 937231
4 931072
2 915836
1 945359
4 917052
2 999644
5 967045
4 1001
1 981550
4 986980
3 966384
3 962087
1 974071
5 956928
3 955228
2 994418
1 902527
5 908597
1 995373
1 919173
4 928080
1 996814
5 930074
4 967431
3 986145
1 931502
2 954052
2 968679
2 912617
3 947495
3 910011
1 960174
5 940856
2 913858
2 994991
5 923130
5 945476
2 990683
5 935015
5 996869
3 971339
5 997132
3 907411
4 941288
4 901101
3 928118
1 902668
5 979904
3 963190
3 901856
5 936524
3 916193
5 931134
2 939584
2 929221
2 930708
4 942235
5 952821
1 927047
5 904786
5 934402
4 955247
2 945040
4 943454
5 939572
2 913620
3 992768
2 929802
3 981567
3 982844
4 992998
1 998857
4 923641
2 966370
1 934930
3 900152
4 946460
2 946933
5 914677
3 937164
4 959848
5 994287
2 994983
3 952773
1 963330
5 954014
1 914284
4 914612
4 993860
3 974243
3 900479
3 908007
2 970273
4 987361
5 929644
2 932076
5 970220
1 984604
1 905966
5 960131
1 956693
3 927998
1 946604
1 951952
5 979739
2 906341
3 963192
4 985883
4 968480
1 966707
1 927087
3 970145
4 961247
4 1002
2 914510
1 955619
2 988161
3 980200
1 906035
4 995
2 907552
2 953615
2 935212
4 946969
1 959821
2 973803
5 932111
5 907475
4 992824
4 909120
2 910759
4 991767
2 941054
5 934646
3 910184
4 914920
5 993554
4 976519
4 945988
2 968308
4 910551
2 926714
4 949955
3 991068
4 906037
5 961357
5 981055
1 932712
2 977343
4 995309
5 977262
2 904840
4 957886
1 934628
3 992521
1 994212
2 920698
5 949962
4 902882
5 978313
3 907470
2 998531
2 909595
4 974192
2 919418
1 992385
2 926455
4 952094
5 952676
1 931404
1 975716
4 929045
4 977467
2 932399
1 985575
2 942814
4 979765
4 917671
3 963034
5 938618
3 937886
1 943918
4 932368
2 979133
1 924531
2 945066
2 999942
4 987472
1 934182
5 918288
4 938766
4 913105
5 949391
2 902151
5 905923
5 955268
5 994569
3 923712
4 998289
4 996332
4 981388
3 937865
3 974748
2 918077
2 922376
1 915652
2 932355
1 911391
3 907104
2 914957
1 945066
3 903164
5 957275
4 909376
2 953703
5 902269
2 981268
3 947752
4 983657
1 928849
5 933822
2 929918
3 946819
4 978218
2 967243
2 947398
1 970980
4 935652
3 910306
4 1004
4 995
5 935973
5 938411
2 965569
1 902398
3 930948
5 988889
3 946014
4 947495
5 990523
2 939140
3 955750
4 903895
2 946099
1 951043
2 949602
1 951567
4 962155
4 926741
5 904207
1 949302
2 952043
5 961300
4 967911
2 948068
4 917721
5 967664
4 960191
5 981601
1 995889
3 983503
2 976964
5 979949
3 989717
4 918195
1 914416
2 933188
2 902683
2 989130
3 925283
1 969964
4 982907
4 912292
4 935609
4 985150
4 943494
4 919050
2 932222
3 967240
5 905402
3 971201
5 939982
4 967015
4 953112
1 935014
2 964275
2 998564
3 962864
2 990775
3 928842
3 983507
5 997069
5 941328
4 988513
5 928229
1 984902
4 946044
4 962911
4 999304
2 983669
2 989323
4 942150
3 987922
1 982996
2 919785
2 953919
3 936120
5 941280
1 901629
1 919363
5 991387
5 900605
3 923367
5 914029
4 912972
2 959590
5 931288
3 940256
5 931265
3 988827
2 925524
5 951030
1 921398
4 944274
2 956595
3 983092
2 995844
5 946609
1 932457
3 997084
5 985213
4 956717
5 952802
4 935719
4 927459
1 926359
1 961633
2 906240
3 957231
4 948708
1 945374
1 919695
5 945001
1 986991
2 959340
5 950047
4 904961
5 964764
5 912560
3 944369
4 963797
5 963069
2 993126
4 964589
3 926836
1 964223
2 911356
3 970702
3 946398
2 941179
5 946181
4 921226
3 922816
3 903121
4 934822
3 931937
1 938445
4 901688
3 965904
2 988149
3 929439
3 923301
5 961327
1 921586
1 925621
4 995
1 901505
4 993671
1 979604
4 905312
4 985839
3 947127
3 911543
2 987004
3 959648
4 999498
1 948509
1 911345
5 953584
4 900157
5 950110
1 935560
1 944215
1 942094
5 900966
3 998200
2 928381
4 972122
4 907205
4 919446
1 985133
4 951558
1 913327
3 904731
1 981728
2 982884
1 995001
3 983240
4 1004
3 961818
4 950807
1 945572
4 1001
5 967498
1 955575
5 967560
2 979928
1 951434
1 963479
5 900277
5 958382
5 911918
4 971776
3 998148
1 911624
2 936941
3 963684
1 951068
5 916045
3 945611
2 926889
2 995057
4 943820
1 997881
4 957339
3 913260
3 906453
3 954054
3 938716
4 961516
3 990959
4 903521
1 923790
1 920402
5 969250
5 990721
1 949492
2 999487
1 961206
2 907182
3 967185
2 935196
3 905744
5 975170
4 932722
3 909551
3 937439
4 995195
4 989621
3 994332
4 946057
2 905477
1 958206
5 900984
3 997075
4 909045
1 903914
3 923892
4 923697
1 977524
1 983871
5 948767
5 957342
2 910422
4 904170
2 928706
2 946153
1 973522
2 999485
4 925685
1 941706
2 962872
3 914768
5 928751
4 957702
1 994190
5 928195
2 976107
3 990238
1 974522
2 968961
2 914350
2 936249
5 936060
1 922392
3 970258
1 968715
5 950074
4 920090
4 948993
4 956809
1 912207
1 943320
2 945996
3 931065
5 968902
4 983357
4 947109
2 988271
2 933387
3 990934
5 934082
2 901229
3 949910
1 943763
2 937345
5 954981
3 926967
2 984809
3 959818
1 925978
5 976798
5 978061
4 915190
4 987870
1 916304
1 946087
2 920597
2 982096
3 902835
1 915555
4 990603
3 903134
1 968891
2 943799
2 933360
1 918374
3 914692
5 990128
3 995639
2 931343
5 911744
3 985187
1 963255
5 959577
5 982583
5 990333
2 911191
4 959712
1 949529
1 994579
1 985291
4 956273
1 969439
4 956173
3 941186
4 971180
2 906124
3 992944
4 912901
4 961046
4 954373
3 928246
1 940736
2 986860
1 920953
1 956289
5 968202
5 960686
2 992345
5 932989
3 975330
1 922533
3 962280
4 952194
4 935093
2 992161
4 1000
5 909947
3 956120
3 999710
4 950343
1 964630
2 999748
3 902736
4 945601
1 967841
3 968334
5 925008
3 964587
3 922660
5 940790
4 995
3 997688
5 936312
1 932730
4 979107
1 901873
2 996308
1 970760
1 947318
5 959018
4 910563
5 905891
4 961671
1 957163
4 998624
3 982066
4 916928
3 982777
1 949481
2 900522
4 914692
5 975726
1 931075
5 993323
3 997148
2 956442
3 972987
2 952993
1 905846
1 929130
2 999557
1 971474
3 976554
4 982986
4 932207
5 991125
5 998043
4 939023
5 943897
1 909027
5 951209
3 980248
4 905341
2 939528
5 910689
5 955943
5 943721
2 921247
5 902161
1 993285
4 908383
3 951765
2 915736
2 915236
5 938009
4 942494
4 1000
1 951341
1 973101
2 951540
1 939737
2 902488
3 912059
5 952211
4 903912
2 986757
4 1003
5 975769
3 912790
2 989652
2 949272
2 953487
3 927974
4 995262
3 973459
3 930198
2 998965
2 945554
1 930533
3 925963
5 922297
1 959291
3 954210
5 947914
5 942816
2 989529
2 965525
2 922182
5 930966
3 949611
3 920127
4 946541
2 939922
5 950939
5 981487
5 941383
3 988012
2 997886
5 942200
4 953422
2 945953
1 922275
3 903979
2 900886
2 993316
3 967380
5 933120
3 956465
2 922541
4 961738
1 970292
1 983157
1 908439
1 965594
5 948241
5 986262
4 1004
5 990769
4 956622
4 929607
5 974930
5 963582
2 974376
1 968942
4 999229
4 934078
1 935629
3 923593
5 937693
4 908438
3 999434
1 913680
4 970963
1 906238
5 904402
5 970918
4 930943
2 948924
4 953010
2 946864
5 957632
5 985897
1 987055
2 974311
3 901925
4 966745
1 952065
3 968997
5 959525
4 948882
4 972858
4 938858
2 951425
5 948570
2 929732
2 992037
5 934356
5 921858
4 988203
5 934988
5 919475
3 930983
1 905946
5 981909
4 918399
2 948266
5 949954
2 957966
3 936426
1 912572
3 968116
5 994449
4 1004
2 901229
1 995219
1 990299
2 968218
5 971639
5 984084
3 971104
4 983205
5 939367
5 992900
1 964248
4 911259
1 945637
3 920484
1 944533
4 966923
5 981105
2 912411
2 951550
5 998439
2 928289
3 956672
1 903743
5 957700
4 903492
5 996076
4 936343
3 945869
1 905473
2 936103
2 970465
5 954592
4 997844
5 963005
1 997429
1 968868
5 975935
4 906244
4 907434
5 913876
4 986401
2 953682
3 981265
2 919796
1 901804
2 929166
2 980506
2 997598
4 916574
2 972267
1 927126
2 956276
4 928129
3 900227
3 918158
1 931315
4 967074
1 916803
1 985860
1 921789
4 971062
5 988670
3 968734
3 965740
3 905302
2 982850
4 912616
1 993907
4 911075
5 909747
2 928180
2 933569
3 942089
1 995689
2 986934
3 989364
2 907773
4 929659
4 968640
1 974112
4 934965
4 934432
1 926128
4 911536
1 928391
2 933238
2 972352
1 952643
1 960117
2 976270
4 939918
2 942587
1 954486
3 986624
2 927527
5 919381
1 926312
1 921154
1 932638
3 939033
2 965305
4 901236
2 907903
3 906260
4 923923
4 916891
2 911620
5 952778
2 927001
5 994557
4 948627
4 947769
3 964941
4 975207
3 958515
1 943100
1 919892
4 939140
1 944180
1 951047
4 911167
5 901619
3 967838
2 991858
1 908990
2 904938
5 995453
5 901718
5 906121
1 947290
2 995923
4 969116
3 904451
5 982052
1 936817
4 907657
5 902056
5 980756
3 974454
3 966522
1 905013
2 929226
3 915970
4 981398
1 983557
3 946378
3 966885
4 993074
1 949859
1 964541
4 904692
3 936506
1 944042
3 915274
3 963251
4 953996
2 935717
2 958250
3 914644
2 947274
5 906944
4 956714
2 959878
5 936901
4 997
1 968588
2 935541
4 991836
5 992032
1 993312
1 962122
4 947536
4 935373
5 950730
5 903173
4 981952
2 944620
4 982667
2 962753
2 920916
5 954157
4 912176
3 907293
1 922364
1 996581
1 937874
2 918744
3 990076
5 943756
5 920060
1 988045
5 929641
1 986813
1 962552
4 933058
4 917058
3 921389
4 997
2 928854
4 973215
1 993451
3 957126
4 905664
5 998050
2 904249
5 915751
1 900944
1 931077
1 921646
1 969509
5 989159
1 988980
3 988192
2 904361
3 919545
4 908496
4 939716
3 979671
3 914126
3 976557
4 954132
1 960427
1 987734
4 971722
2 938075
3 983907
4 919123
5 932917
2 994764
4 909803
5 902423
3 960949
5 945678
3 900728
3 911942
5 905322
5 951368
2 976223
3 910378
4 960245
5 911896
2 929437
2 978668
2 927407
5 983466
4 939176
5 962098
2 912375
1 958118
1 980320
4 948111
3 919257
4 953949
5 998032
1 939074
1 963639
4 962387
4 979699
2 989307
4 929774
1 922323
2 982106
4 912153
2 914596
3 910758
4 999757
5 909730
1 992974
2 931947
5 915434
3 989712
2 932065
4 913280
5 954424
4 965285
1 900990
1 922625
4 982800
4 900063
3 922902
5 965970
5 949825
5 989070
2 918020
2 998748
5 902182
4 971710
3 936018
5 971827
3 962351
4 975850
5 967199
2 977835
4 937348
4 971194
3 916213
3 960860
3 951595
4 984277
4 946611
2 932859
3 938670
1 915769
1 918590
2 951132
3 988163
5 908450
3 914337
4 974893
5 982350
1 988778
2 980899
3 933669
3 958691
1 912209
5 928981
4 925511
3 990076
2 948617
1 958484
4 996
4 923121
4 956297
5 901885
4 920620
4 978009
2 959433
5 996156
3 908053
5 923216
5 909126
3 912444
5 974298
1 985084
2 955260
4 950606
1 955288
2 964663
2 975632
3 919921
4 928020
3 982707
3 977478
4 973593
5 996901
4 996
3 901028
4 969438
4 942450
4 994007
3 921371
4 912323
4 907897
1 986083
5 900076
4 989920
1 930814
3 901436
4 978035
4 991593
1 962976
1 992357
5 909836
4 925558
5 996728
3 914206
1 935309
3 976082
2 966056
5 991571
3 936576
3 939891
3 986400
4 970616
4 945397
2 930725
3 997415
3 910645
1 966648
2 974697
5 985830
5 905712
4 999250
4 961685
2 979269
2 979403
5 951315
3 978064
1 996258
3 998342
2 952228
5 943967
1 917727
2 922833
2 967003
2 999388
2 956606
3 912023
5 980784
4 906909
5 998319
1 971371
5 908372
4 984475
4 924035
2 959496
4 965507
4 900036
4 968417
4 938027
3 947670
2 960314
4 900833
1 976264
3 945567
2 905508
1 903169
4 976460
2 921620
4 938214
4 964011
3 920846
2 956386
2 923342
5 951744
5 951913
1 988016
4 914255
4 944416
3 995085
5 951742
5 950458
3 952333
1 910368
3 984472
3 946059
4 984216
5 986387
1 925303
1 990714
2 929005
1 975835
2 946642
2 964985
5 986060
1 904916
5 978980
3 933749
2 956096
5 935589
5 903208
4 977038
4 945426
3 910647
4 917824
1 994451
2 906615
2 998474
1 971507
5 931644
3 900107
2 989434
4 970935
3 983372
5 965838
2 963545
1 998560
5 982488
3 959987
4 973129
5 945499
3 900080
2 997397
3 991700
4 938757
3 995611
5 932982
1 926325
5 925809
2 942992
3 985143
4 917598
2 946109
1 908775
2 907329
4 984269
1 927955
2 961153
3 972553
4 927375
3 999697
2 988830
1 935733
2 940864
2 992902
4 975318
4 902288
2 995682
3 986410
5 945765
1 983409
3 990503
2 952236
1 963204
5 957315
1 998895
5 987487
5 978057
1 971772
4 938406
3 934543
3 956516
2 946955
3 960254
1 986820
2 969897
1 999225
3 968443
5 915790
2 923754
3 923881
1 980395
3 969636
5 966015
1 910215
4 917298
4 932720
1 906452
4 920773
3 957370
5 967149
3 976653
3 932317
2 986864
4 989630
2 968160
4 920280
4 957414
2 913037
3 918964
1 918975
5 951003
5 909858
5 996215
1 940111
4 907389
1 980093
3 998314
1 980490
5 929897
1 956543
3 913430
2 943644
4 946914
2 900099
5 904842
1 991756
5 933867
4 945698
1 922829
3 984866
3 915725
1 939249
2 991327
1 910386
3 910448
1 948041
2 931854
5 901864
4 996
2 985506
3 953799
5 981738
3 926380
5 971075
3 972228
2 909991
2 967039
1 919694
1 929566
5 989924
2 986966
4 907517
3 961678
5 911063
5 991178
5 942031
3 907242
3 974477
5 941302
1 963654
4 997852
5 947693
3 923724
3 948325
3 972697
3 989740
2 935619
2 936033
1 995190
5 976556
1 998831
4 986672
1 994236
3 950353
4 955257
4 982576
5 936385
5 910904
1 972836
4 919941
4 979243
2 961351
3 992012
1 930351
3 986014
4 923245
3 977720
1 936888
1 938769
4 954846
5 914291
5 963118
1 926231
2 936616
3 995123
4 941774
3 938675
1 923331
4 979509
1 975986
3 952231
5 959523
2 927345
5 983397
5 937856
3 909246
5 937092
1 949202
3 903804
4 948081
3 969094
1 900746
3 952699
3 992088
1 933835
1 946045
3 911969
5 997037
3 978323
5 939404
3 968566
3 999903
1 935605
5 936545
5 993776
5 904137
3 902989
5 932516
1 900216
5 903106
4 998687
4 977077
2 930290
2 967258
5 912662
5 961243
3 929650
4 961703
4 979286
4 972772
1 978815
3 914676
4 904414
3 992996
3 978675
5 916722
4 902963
1 997851
5 961763
4 961580
1 900479
3 940884
3 961828
5 911010
2 924309
5 981095
1 903609
3 918661
1 971121
5 974295
3 950264
1 903756
1 939604
1 912805
3 931096
4 927839
4 919952
4 911344
1 947116
2 906723
1 987948
4 978840
5 948165
4 901090
2 961067
3 913515
3 957235
1 903220
3 968615
3 950626
3 981781
4 999087
3 945643
3 947750
3 960049
5 912351
2 948182
2 977435
1 950843
5 944827
3 904487
5 942268
3 930474
1 999586
2 968556
4 923025
4 927870
3 901238
2 923349
5 983443
2 913761
3 915311
4 937798
4 963481
5 945584
2 933068
4 908359
5 973142
1 951089
2 989901
1 972671
1 944891
5 980723
3 922088
1 926297
5 957168
5 904391
5 902739
2 936400
5 915663
5 917932
2 905585
5 911084
5 969047
3 937435
2 940823
5 968719
4 986780
1 928904
1 915594
4 995496
5 985579
3 990418
2 984263
5 954153
2 933123
2 900355
1 921162
2 935756
3 958968
5 962251
1 943837
4 915278
4 935860
2 999476
3 963334
2 967448
4 924860
3 917062
3 908353
1 982956
1 902355
3 952864
2 926706
3 974439
5 921962
3 961405
4 921304
3 993407
3 929845
5 949837
3 905760
4 989864
3 957628
4 956837
5 934150
5 982850
4 965700
5 992798
2 992870
2 912611
5 962741
1 942891
3 945521
1 923471
3 943720
4 974212
4 1002
1 928666
5 954590
1 965956
1 970982
2 988130
3 969741
1 978279
2 997422
4 991286
2 975650
5 906655
5 940371
3 967143
2 909313
1 905908
3 927303
1 929612
3 942989
3 963966
1 929943
1 947936
1 948219
1 959051
1 974910
2 914283
5 980861
5 926910
3 939776
3 935043
2 994877
5 911756
3 955866
2 969445
5 917147
5 934835
2 973917
1 952522
1 916953
3 967812
2 977474
1 903524
5 978854
4 939376
4 906683
1 941155
2 994820
3 962527
5 911701
4 926645
3 994348
1 921263
2 938100
1 958807
5 963198
5 996143
1 944821
2 930625
2 955308
4 914296
1 905597
5 950589
5 908703
4 964131
1 945462
1 922623
2 948006
2 921495
5 932345
4 972580
1 953521
5 989684
3 988411
4 996
4 935807
1 987859
2 929722
1 935857
4 1004
3 955901
5 902211
3 905247
2 943874
2 925792
2 984223
1 995985
4 947017
2 969608
1 975855
5 935967
1 913813
2 903702
4 964916
2 951648
3 945267
4 953178
5 912075
3 945856
5 909552
4 963487
2 917550
2 921700
1 945076
4 984458
1 979755
5 992394
3 980223
1 908002
5 968469
2 969464
3 929586
4 992809
3 932679
5 904853
4 906909
1 992825
4 964187
2 982146
3 914538
5 909531
1 956149
2 908456
3 934759
1 924518
3 957471
1 951020
3 992770
5 957442
2 983907
2 907510
5 911866
4 947003
5 934368
5 991398
5 947589
1 913633
4 937016
3 999019
5 901526
1 922665
4 915221
1 901005
4 996391
1 902157
3 900759
3 960154
4 939023
4 917594
1 995383
2 974661
1 921630
4 978177
3 925116
2 984662
5 985811
3 912790
5 998970
3 978252
3 969915
1 957325
4 987344
1 940528
4 935004
4 936991
5 992543
2 991735
1 991665
1 909188
5 913952
1 953446
1 953358
4 915748
3 966194
2 986047
5 949292
3 979073
5 969410
5 912570
4 967182
3 940891
4 977467
4 934141
5 911269
3 953841
3 971978
1 903438
2 971382
1 958730
3 956791
1 913494
4 985045
2 935648
3 922214
5 900229
4 907840
3 922532
5 906595
1 916504
5 935427
2 915567
4 908116
4 973728
2 902474
3 923518
2 995592
4 943989
1 931051
5 934322
2 989569
4 930320
3 947921
1 998629
3 927175
1 901824
4 943955
2 992945
1 983273
3 975872
5 902217
5 971119
1 961907
4 956267
4 908684
3 971015
1 998117
1 904326
4 905405
2 991781
4 921433
1 970941
1 930817
2 933741
2 978931
4 992875
1 945416
4 986787
3 976855
1 932208
4 904686
5 958896
3 958710
4 948463
5 950609
3 902131
3 992811
1 946570
4 968589
1 919300
5 971184
3 929409
4 999
5 957908
5 924908
3 978040
5 993549
5 932112
3 947857
5 959575
4 944330
1 945237
1 998884
1 931085
3 997397
1 926645
5 985238
2 998098
1 955752
4 956543
2 996057
1 943867
5 924337
4 942600
3 919487
2 971910
4 960184
4 975687
5 920419
4 996
2 903061
4 933448
5 944942
3 928559
5 942913
4 1005
4 933468
3 900748
2 915565
2 980178
2 978115
2 905881
4 923950
4 933026
2 972369
1 941038
4 913555
3 955130
4 957263
5 977819
4 1005
5 953725
1 939315
4 943012
3 955909
2 995340
2 987774
4 996349
5 957118
2 940828
2 931390
5 937518
1 922291
3 977155
4 917416
3 908578
2 958381
5 925652
1 919646
1 993155
3 915347
1 993431
1 993173
2 911035
5 965823
2 987559
2 907348
5 954029
5 939048
1 910610
2 945487
1 960892
5 988720
5 995934
5 987071
1 952451
4 961129
3 937575
4 964179
1 980608
2 976088
3 903738
1 969473
3 902114
3 941719
1 994278
4 909649
1 937160
3 923836
4 928539
5 990129
5 937971
4 960483
1 991201
4 997674
1 964195
1 900279
5 956000
1 998151
4 914827
4 964837
2 901378
2 996706
1 965709
2 996315
2 980710
3 940445
2 935400
5 949489
2 949254
5 952007
1 905145
1 969366
4 916574
3 905846
5 962623
5 909246
4 965920
1 964139
2 901947
1 980251
1 992796
4 971981
3 919450
1 947478
5 924508
4 975406
1 979351
5 998746
5 928522
5 920136
4 945922
4 931534
3 915065
1 942234
4 912592
1 969183
4 989102
3 928861
1 919113
2 930579
3 933879
2 990812
5 984313
2 928354
5 981477
2 996774
1 994232
4 985923
5 959867
2 927998
1 999420
4 949558
4 935697
3 961941
1 976768
1 905014
3 982650
4 983707
5 965556
3 937521
5 938359
5 934336
1 935151
1 918909
1 989372
3 900366
4 932953
4 988426
4 992693
3 960071
2 988595
1 965756
5 939785
1 970513
2 919668
4 1001
4 951559
3 934657
3 940460
2 912036
2 923846
2 993911
4 989949
2 965063
2 951632
5 926462
3 962439
4 949450
3 941937
3 908142
1 910352
3 912729
5 991204
4 995584
4 955880
2 977867
3 925531
5 973071
1 902938
3 958320
3 981619
4 915633
5 996176
4 917863
3 932713
3 956384
1 985985
4 903520
1 962554
1 947428
5 906653
1 934621
2 952369
2 911479
1 921962
5 912440
1 900316
1 967328
3 995755
2 990174
3 935273
2 956112
1 920627
3 911273
1 935304
3 931190
4 968186
4 997004
5 996774
3 900465
2 965670
5 954420
3 997062
4 941531
1 994218
1 946272
4 964801
5 909705
4 950500
4 986842
1 915306
5 965232
4 970354
3 920385
1 974763
5 945175
5 964900
5 999686
3 955139
4 917408
1 963606
4 922903
1 991752
5 973057
1 997881
1 979888
3 930669
1 987893
1 984492
1 930264
1 950371
2 944865
4 997284
3 967646
1 945985
3 914115
4 953223
4 979614
2 979408
4 900886
2 965987
1 953135
4 976525
2 944924
3 969151
2 931399
4 933173
1 963246
2 933884
3 971769
5 939790
3 984206
5 900284
2 999130
5 991743
2 956531
3 942094
2 966797
5 990503
4 978202
4 930412
4 969362
3 936571
4 913746
5 957373
4 911358
4 937078
3 991339
1 941231
1 978014
4 931129
5 935361
4 919604
4 984225
2 979071
1 913329
1 903112
1 919433
3 941870
1 954964
1 972304
5 931413
4 966460
4 951220
3 900655
2 929934
2 931671
3 964103
4 903526
1 915528
1 919952
1 918866
1 982878
2 917406
1 979794
5 937591
4 964547
2 994702
4 954804
2 902863
1 969908
4 919058
3 920226
2 915583
3 904824
5 980594
3 986716
2 997267
4 956406
1 923620
4 956801
3 962029
2 926091
4 944741
4 929413
3 971696
4 922950
4 956281
1 948184
4 963301
5 946796
4 992318
3 979286
3 969081
5 969809
5 952039
2 988349
2 953320
4 947980
1 910411
5 912295
4 937448
4 935288
1 963682
4 995
5 992127
1 954787
5 926290
2 922995
5 968309
2 918460
5 915380
5 946574
1 978434
3 955530
1 908462
5 930193
2 970845
4 916420
1 983452
5 969826
4 926427
4 987252
3 940631
3 986940
3 922243
1 932254
5 920927
5 998822
5 977957
4 940506
4 945844
1 998209
3 953858
1 964197
1 946534
3 959787
2 918708
1 942422
4 969577
1 921921
4 916454
5 987308
1 944697
1 945851
4 920110
3 969598
5 980104
3 906383
4 972218
3 989065
4 973819
2 923546
1 990411
4 901088
5 953302
4 967132
3 904363
3 947653
3 985097
5 952824
1 919409
5 969612
2 921754
3 903982
3 910241
1 951044
1 900335
5 975603
4 907648
5 954486
2 923318
4 908300
2 943628
4 931903
2 964536
3 982022
5 933909
2 973535
1 923196
3 963559
1 991043
3 921396
3 952706
5 955548
3 965789
2 996753
3 991731
4 957846
1 991546
1 964240
1 904594
3 947790
5 903693
2 979315
4 965029
2 952497
2 936585
2 901371
5 978004
3 985138
1 979713
1 909067
2 928723
2 969194
1 987110
1 929553
1 917323
5 942241
4 936956
2 978831
5 921474
1 929475
5 907695
2 951560
5 916731
1 939089
3 969315
5 931299
2 928614
4 919433
5 981928
2 918606
5 949899
2 995669
3 978998
2 988022
4 990626
5 977039
5 914365
1 988226
5 923980
5 930272
2 906804
1 979492
4 931472
5 903540
1 986656
1 953552
5 926812
3 956066
3 975729
4 977486
4 949507
5 932907
3 980407
4 916091
5 931018
1 906412
4 911259
4 995
3 904131
3 907454
4 908096
2 961675
5 969303
5 905119
4 989238
4 985959
1 948942
2 959638
4 987054
3 953783
3 992465
5 967303
3 965862
2 985969
5 953192
5 951704
5 947135
2 901683
4 940665
2 942210
1 926304
3 977976
1 935425
2 971653
1 979508
3 995969
3 992837
1 903243
2 993250
2 946065
3 916914
2 982259
5 915972
3 923282
4 940559
5 991405
1 905538
4 954286
1 905132
4 927114
1 955446
3 922209
1 996171
4 949543
3 982151
2 906103
3 912377
3 974643
1 978517
4 982423
3 965377
1 968789
2 943763
5 922759
3 975071
5 917272
2 923338
2 921742
2 947933
2 909888
1 975969
1 962399
3 989500
1 915273
3 946114
2 983113
5 997355
2 930551
1 947280
5 915305
2 961911
1 909970
5 987105
2 917983
3 948663
4 1001
2 964414
2 983364
1 910011
3 968966
3 903056
2 938263
2 990199
3 980034
4 987918
4 985934
3 955912
4 925448
1 927272
3 921667
1 956301
3 918055
2 937777
5 966167
4 945884
1 930742
3 954508
2 926368
3 967917
4 958455
5 911465
1 923309
4 994411
5 971569
4 990473
3 986582
3 927498
4 921277
5 924812
4 982014
3 945099
4 962759
4 923514
1 994385
1 903477
5 964645
3 954362
2 933759
2 922248
5 915268
2 960244
4 997
1 905562
5 903123
2 938124
1 992968
4 967277
5 937570
5 920889
1 900473
2 985413
5 900641
3 963274
2 978591
5 937020
4 984156
1 904162
3 955215
2 950467
5 917858
5 906613
5 964434
5 976760
2 917661
2 956005
3 931727
1 918999
5 944338
4 952743
2 993742
1 913290
1 958306
3 987905
5 992658
4 922407
3 951644
1 971601
2 998563
1 958981
4 978677
2 920717
5 928567
4 925829
3 971874
3 932362
1 960696
3 929163
3 920425
1 966161
2 915927
1 917096
3 926562
4 968251
5 924632
5 971211
3 992004
2 982568
1 970250
1 906434
4 901440
3 934647
4 916316
3 965678
1 998788
3 910817
5 961420
2 933850
1 921594
2 932315
4 999
1 982068
4 999202
2 975848
5 992493
3 924075
2 986024
5 970411
4 972092
2 955818
5 900340
1 935917
1 938518
3 962361
4 908226
4 945241
3 987398
4 900769
4 917771
2 976300
3 909209
1 990474
2 938592
2 946388
3 994185
5 943798
3 989608
2 951446
1 905366
5 971904
2 919779
2 951708
1 903542
4 998843
4 907012
2 938014
1 960528
5 967929
4 900844
4 915479
3 956857
5 910747
5 922163
2 904210
1 908423
2 902113
5 944462
5 964783
2 964166
2 910729
2 906772
1 997838
1 939735
4 914610
5 965529
5 944908
5 953357
3 908820
2 925110
2 906150
2 935339
4 913156
5 914495
4 933190
5 969326
4 961678
4 984554
5 921300
1 957459
2 942883
4 954742
2 966464
5 956307
3 935793
5 938179
2 973123
4 999972
3 929787
3 944627
3 959008
1 959928
4 958334
2 988684
1 967955
5 928934
5 946666
2 959347
2 927353
5 903355
5 976951
1 935093
2 904907
5 980945
5 988750
4 945592
3 990943
3 905687
2 949291
1 962109
2 989793
4 967909
4 948626
2 945861
3 940153
4 954504
1 950449
5 969339
3 968004
3 927625
4 948801
3 967870
4 916934
1 914553
2 944181
1 951548
1 957904
2 932240
5 970792
4 901568
1 918331
3 994225
1 976964
2 986701
4 997341
2 971202
1 907866
4 990421
4 985761
1 966981
3 935244
3 948758
4 978202
2 956497
4 932265
5 919319
3 966125
1 963245
3 940376
1 958034
3 981335
3 979063
5 996161
5 942979
5 936597
4 931545
5 957799
5 960097
2 925331
2 906057
4 972946
2 908303
5 987910
2 911308
3 975225
5 931520
3 907886
3 932380
4 964085
4 975616
3 948808
4 986504
2 972212
2 927191
1 944463
3 992966
2 926879
1 939151
1 972397
3 996650
1 943224
2 937114
5 930539
4 984882
5 994499
2 942953
2 988789
2 988347
5 985216
1 971576
4 960608
1 977131
5 923053
4 997132
4 953089
2 941550
5 991341
5 996839
3 985423
1 988612
4 958728
2 970621
3 916564
2 992499
5 994195
3 966001
5 969424
5 907542
1 959581
4 904036
4 929533
3 947024
4 972566
5 980606
5 930176
4 924349
5 956991
4 943979
2 955172
2 964383
5 964178
3 959270
5 930234
3 933037
5 924136
5 935318
2 930500
3 942741
5 979270
3 974725
4 1000
5 940460
2 910256
4 935966
2 916503
3 918878
1 960821
3 980651
1 911578
1 985842
2 993129
2 970600
5 923308
2 976592
3 993527
3 922372
4 956190
2 940109
3 956128
1 975250
5 965470
1 905046
4 954090
3 989872
2 943121
3 921841
4 999049
1 971239
4 980500
3 910309
2 927780
1 943245
1 918182
3 987974
2 961307
1 958584
2 967312
4 987832
2 919011
1 995245
3 970286
5 942841
1 962011
1 915582
1 983781
5 989683
2 948737
2 925338
2 909131
2 958767
1 948785
3 931728
2 903476
4 998
5 942030
2 982714
3 930893
3 976588
5 925632
5 991418
5 978536
4 935167
2 986885
1 973054
3 979250
2 983948
5 994554
3 950018
1 984162
5 985233
2 975559
2 924653
1 956297
5 986344
5 905817
2 952955
3 929683
4 937651
5 909497
3 904203
3 900716
1 982636
2 932103
3 983087
3 906614
2 969048
1 922333
1 986769
3 983000
1 999431
2 956659
1 909107
4 957221
4 939971
5 952131
3 929314
1 978953
4 913493
5 939180
1 956901
2 902440
2 990044
1 964160
5 987508
1 919545
3 941844
2 913777
1 999340
4 902699
3 974963
5 996406
1 971304
3 942097
2 904991
1 941931
1 971387
5 932730
4 976213
1 976416
5 970264
4 992326
4 966646
1 961438
2 927136
5 960397
4 976408
4 919270
4 926576
5 952794
4 960293
3 913255
3 919554
3 987000
5 954035
4 985438
4 988665
3 949849
1 942723
4 978705
1 997525
2 966381
1 990122
4 904452
2 919084
4 920821
1 977343
5 900750
2 953093
5 998815
5 977780
5 948032
2 914996
5 928514
3 933775
3 946260
4 924256
1 973538
1 960045
5 960178
5 948581
3 927098
3 933782
2 908835
4 991091
5 906959
4 980794
1 959672
1 944392
3 951236
3 956832
3 936190
3 976837
2 990126
1 994631
2 987785
1 951979
2 969244
5 910034
5 947547
3 941166
2 951022
2 901789
4 927117
1 950427
2 994897
2 956898
1 915786
3 945494
2 982691
3 988635
1 911622
3 925831
3 946172
1 958454
2 983162
5 978090
4 966821
2 945278
1 906962
3 978574
4 980148
3 990869
4 941897
3 978212
4 970354
3 916013
3 919890
1 900992
3 998298
4 976726
2 935407
5 939971
4 970547
3 958147
5 985879
2 907866
2 970191
1 950424
2 934043
2 952837
4 920012
1 973176
3 988910
3 906287
4 946442
2 992012
2 963866
4 963524
2 949875
2 938680
2 906546
1 907611
1 953134
1 981107
5 909797
4 954352
2 904193
3 935244
5 955472
2 951525
4 950134
2 927880
2 907066
3 924520
1 993151
1 961694
5 945934
1 976118
3 926140
2 935826
2 948268
1 936626
4 909193
4 904172
3 952761
1 915163
4 947792
4 987050
5 937633
1 903117
3 986691
1 917947
4 981260
5 987663
4 918054
5 984150
1 950919
2 950848
4 907801
1 955751
1 951572
3 958952
4 953212
4 921882
2 991355
1 911688
5 960189
2 999167
4 941732
3 959966
4 997223
2 952955
1 952401
4 992353
3 913138
5 918747
5 987371
5 918194
4 910966
1 914653
2 917391
4 983877
1 975229
5 955189
4 906991
2 963359
1 932598
3 936602
5 980389
5 936332
4 996448
2 952634
3 971835
4 968210
5 944028
5 978101
4 947717
5 996615
2 995293
2 921883
1 982445
2 930970
2 981038
3 961753
2 909850
4 988728
2 905534
2 958573
1 996995
5 987281
4 965255
5 921366
4 959787
3 931951
1 939587
1 943538
1 978484
2 948623
2 909968
2 902476
4 938426
4 978913
5 944403
5 921238
1 946426
3 952549
3 907174
5 925256
4 942087
5 932030
1 916425
2 990558
4 911691
5 960853
4 999237
5 960714
5 998305
3 998304
5 916013
4 943163
4 971932
1 932524
4 971808
2 980938
1 913551
1 962627
5 954728
4 923908
4 936346
3 911774
5 994957
1 905424
3 907911
4 994699
1 981194
4 932407
3 991286
5 991777
5 994358
4 903664
5 926213
4 933657
4 947206
3 989065
1 915892
4 948648
2 963605
2 933324
2 935336
1 972612
1 977648
1 948374
3 932967
1 966863
2 928257
3 931726
1 902753
4 957603
4 969694
1 908590
1 994947
5 962148
4 917046
5 979471
4 954205
1 988010
2 977700
4 969511
3 916376
5 916838
1 959986
1 990712
1 900350
4 994626
1 951259
3 930092
3 977888
4 923560
4 976771
4 925629
3 952338
5 919424
3 942659
2 947442
3 940466
1 906121
4 932068
4 997132
1 969443
3 965109
5 945886
5 907090
2 980553
1 989655
1 958831
5 965933
3 932861
4 998157
5 908679
4 980687
2 987223
3 927634
1 976634
3 926692
2 977557
5 932123
2 916143
1 951700
4 964386
4 948062
1 944644
3 953656
5 967727
3 984622
4 923245
4 981692
4 929995
5 979920
1 980828
3 988280
5 942796
2 921111
3 950686
2 980525
2 981912
5 984510
5 917447
2 902739
3 991243
5 987118
1 909350
2 954383
4 970382
1 948823
4 989988
5 980806
5 907600
2 925300
2 987190
1 933055
3 934433
3 971882
4 919800
5 904144
5 993397
5 965667
2 993287
4 954636
1 994205
1 968614
4 984909
4 910725
5 945964
2 940691
3 977575
5 969849
3 910508
4 931369
2 967564
5 971420
2 940963
4 960453
2 978907
3 929124
3 999039
4 976944
1 994607
4 974697
3 957814
1 928059
2 939458
2 958009
3 937546
5 942226
3 960164
5 954314
5 906523
2 950834
2 915636
5 948693
1 930591
3 935355
2 933675
1 972509
2 955450
4 911832
2 935782
3 997193
5 968463
5 916785
1 923442
5 945781
1 930086
1 971993
5 997684
1 981774
3 916703
2 935770
1 936019
5 950226
3 934378
4 976101
1 931675
4 933354
4 990328
2 923341
1 959179
4 901369
3 917135
3 953038
2 949915
3 943411
5 930071
4 945067
3 922098
3 965659
2 978570
1 987159
2 926589
5 969285
4 944513
3 916259
3 942560
5 901877
5 914040
5 901056
4 964944
2 979750
2 961180
5 942416
5 902231
5 953408
1 941851
4 968551
3 912068
3 998120
3 913315
5 904038
4 991390
3 985142
1 991928
2 961560
4 942283
1 922167
5 971063
2 951109
4 956060
4 909201
3 987370
1 910302
3 984196
5 960012
3 996652
5 966477
2 914641
1 930831
1 924964
1 906894
4 953167
2 901681
1 958375
3 917772
5 986370
5 958997
1 963721
5 951936
3 922608
1 973364
5 984863
2 917264
2 909968
4 961929
3 926578
2 929968
3 904903
1 953120
3 974502
3 905374
2 932597
5 907527
4 978785
1 920599
1 937258
5 991332
2 935878
3 907657
4 985309
5 937529
3 970217
1 996689
4 925756
1 974103
4 973178
1 932436
2 979359
4 911345
3 995931
4 982314
4 939765
1 954599
4 954731
3 920899
4 951728
4 918407
5 969896
2 958070
5 926577
2 971558
1 936972
4 977292
5 969237
4 935820
4 984035
4 996493
5 938801
2 974197
3 960116
4 943562
5 949668
1 975928
4 950146
4 951585
3 946379
4 997346
1 905160
3 992180
3 998500
2 946269
5 928717
4 954639
5 995970
2 908655
4 913054
4 920796
1 976656
4 963362
3 965467
4 923533
4 983974
5 956572
3 971268
1 919526
5 977097
2 914675
2 955928
4 946893
2 919272
5 998933
2 908103
2 908577
1 998369
1 952070
4 975150
3 982052
4 925644
4 904609
1 946830
5 911744
1 904712
5 919249
4 931730
2 939320
1 903560
4 948411
3 955014
5 975378
4 943966
3 981997
4 907850
4 957623
4 976597
4 916602
5 947640
1 903811
1 988550
2 943229
1 962453
2 953285
3 900414
2 995330
1 916025
4 913292
1 969988
2 975378
4 957426
4 1000
5 946619
3 966538
2 982476
2 915997
4 935310
3 922716
4 982694
5 925070
5 916504
4 907098
3 966382
4 990029
3 965833
1 931777
1 976231
2 976937
4 925105
3 943817
1 984874
1 983786
1 907398
5 907239
2 918629
1 978591
1 987676
5 945400
5 998549
3 981127
5 944928
3 943781
2 977213
2 949100
1 967049
5 900258
5 961477
4 978403
5 920854
4 952786
1 961141
2 978056
5 911401
4 995415
2 964097
3 938841
1 980224
4 938121
4 957163
5 902324
4 964102
5 922997
4 910062
1 977812
4 971717
4 939874
5 912651
5 982865
5 934356
5 919720
2 937249
4 909975
3 928949
3 925724
5 992898
4 959366
5 930453
3 920042
4 998325
5 911539
2 946062
1 997853
4 999980
5 934670
5 935270
1 940031
1 902512
3 980267
1 996032
2 990464
2 900509
3 955305
4 938645
1 918914
2 934766
4 990145
4 934824
5 913637
3 980290
5 909878
2 930326
1 948041
5 976420
4 913515
5 901984
2 977278
4 971198
5 950581
2 993647
1 962464
4 932327
4 907014
5 916276
2 925328
5 964055
3 978483
2 943446
2 951420
2 972986
5 955888
5 999617
2 932781
2 952853
5 939900
1 910971
1 998284
4 929832
3 947464
5 978532
3 909580
5 940306
4 955988
5 924803
2 989186
2 994233
1 944815
4 913282
2 961065
3 915932
2 956510
4 955759
2 952315
4 971730
4 941203
1 987218
5 997030
2 984051
5 911798
5 970662
5 926008
4 953758
1 964562
1 934590
1 976879
4 918436
2 965944
4 966752
2 929474
5 964814
1 998862
1 977702
4 929073
4 903057
2 916868
4 954935
4 988015
2 971397
2 911180
3 996776
3 964884
3 971103
3 989857
2 985106
4 934928
3 933211
3 952188
2 904161
4 937490
4 908404
1 951512
5 979501
5 917656
3 955919
5 939714
3 920837
1 949779
4 947008
2 912686
4 928333
2 946639
2 931512
4 985150
4 918852
4 939511
5 978296
5 923306
4 974388
2 910665
2 967473
1 996715
2 994244
1 955732
1 950471
1 962048
5 936507
1 963928
3 914434
3 927977
1 995145
4 961117
4 961985
4 936658
1 938179
3 933453
3 993955
5 900036
4 991598
1 910941
5 972251
4 987053
5 975571
3 989143
5 934469
4 912480
3 946457
3 938875
3 905914
1 950689
2 967807
1 962752
4 1003
1 962001
4 928634
3 941555
4 947720
3 932134
4 960344
1 930724
4 908822
3 982252
1 931645
5 968387
2 915140
5 979162
5 985105
4 964245
4 991680
2 954686
2 906399
2 957460
5 932778
4 918686
2 903195
1 990573
1 941584
4 1000
5 950889
5 984778
4 937294
3 939084
3 982959
1 910306
1 913081
3 943620
2 981194
2 974249
2 941318
5 996540
4 950781
2 902766
5 971834
5 930838
5 967900
3 936270
3 916490
1 952929
2 906677
5 997946
5 909634
5 933977
1 935911
1 947402
2 943471
3 904060
5 925209
1 928765
5 986058
3 940407
3 934173
5 918564
3 965869
5 900741
3 903363
4 933158
4 929815
3 957403
5 994115
5 959940
5 970317
4 963230
2 979568
2 928008
5 962936
1 921159
1 988213
1 989510
4 912001
4 954332
5 962122
1 903503
4 923478
1 937015
4 937206
1 944732
3 958773
5 979767
1 934028
1 985750
4 988170
5 975404
1 911585
5 970880
3 990357
3 987597
1 954468
1 953952
3 979267
2 935205
5 968776
4 921266
1 911748
4 949075
5 949522
4 924558
2 962881
4 999191
2 939254
4 953983
3 998210
5 995046
2 966903
2 935107
3 987626
4 913976
5 909366
2 958792
1 938194
2 981802
2 921415
1 975411
1 930712
3 990625
2 929183
3 901530
2 963218
5 934011
2 911021
3 977684
3 924495
5 959072
5 947630
1 967736
1 909751
2 958053
2 956267
4 958600
1 941274
5 967540
2 948731
1 945788
3 934003
4 998359
5 900366
1 977275
2 914868
3 900054
2 955135
3 998472
2 997199
5 929252
1 906252
3 922216
2 916894
3 971433
3 986208
1 986268
5 983180
4 927582
4 995361
2 967082
5 992327
4 956495
5 927321
3 928914
4 1001
3 993456
5 981941
2 950966
1 913430
2 921057
2 962506
1 967738
4 985249
4 970727
3 985932
5 938305
2 923980
3 962394
1 934991
1 949753
2 962639
2 955594
2 913789
1 926182
3 976940
4 990415
5 902057
2 967458
4 942229
1 907149
3 968885
5 944709
2 923535
4 998661
1 987180
3 993258
5 946367
2 971782
2 955344
1 932678
4 998828
2 934730
1 926988
4 937406
5 990804
5 958371
4 918407
1 926837
4 975802
4 951336
4 912865
5 964785
1 923502
4 952174
5 958531
2 979146
4 938254
4 937024
5 914426
3 929754
5 998217
4 928374
1 994180
5 960837
1 955755
2 926480
1 987833
2 925415
2 961006
1 941515
3 989650
1 940837
4 903829
3 947483
3 948165
5 904775
3 912412
1 978751
5 951423
5 961693
3 956531
1 995337
3 938079
4 981538
4 950002
5 983740
4 964859
5 926979
3 945527
1 959824
5 973480
3 926805
4 997
4 935549
5 904153
5 942455
3 976183
3 952876
2 977431
1 991128
5 941242
1 989045
4 941768
2 981841
2 966476
1 961685
5 941887
5 942365
3 936653
4 911550
2 981506
2 911279
3 985388
1 970887
3 979576
2 912019
4 965724
1 934766
4 954430
5 938812
4 998322
2 943381
1 958178
2 973229
2 944583
4 950964
2 976855
1 927444
1 961560
3 939355
4 961902
5 932466
3 919285
4 995011
1 946420
1 980850
1 967377
4 974716
4 919825
2 943663
5 951171
1 923902
3 915997
2 996399
5 935668
4 945527
3 977356
2 944716
5 995728
4 922939
4 996180
1 942733
1 994290
3 943795
1 979821
1 928007
1 956308
3 939349
3 994384
4 974595
5 978250
4 982384
2 903462
5 931604
2 929441
5 991127
3 913179
2 919063
3 936509
3 981477
5 964540
2 906481
2 939898
4 943398
3 976848
4 966800
3 954506
5 981083
3 900182
3 997397
3 954622
1 948245
3 952170
5 954629
2 932166
5 940916
3 932132
5 909196
3 996794
5 909131
3 911245
2 906213
2 997322
2 935835
3 906159
2 952389
2 903249
2 961088
2 903483
2 967603
3 942934
3 967200
3 906152
3 976576
2 959658
3 918413
4 942634
3 951080
5 959656
2 901483
3 938435
2 980680
3 960797
1 934561
2 914210
5 982868
5 922300
2 927407
4 931871
3 935765
3 904463
1 905485
3 980768
1 953958
1 966609
1 958775
2 928519
1 987973
4 917517
1 996687
3 990991
1 967467
2 925219
3 904966
4 986988
5 967554
4 930894
5 908699
5 935486
2 912308
5 947236
4 1004
4 983165
1 929170
1 920324
2 992566
1 928852
2 988701
3 901846
3 946725
5 958140
2 971891
4 944196
1 920813
5 948231
3 988387
2 915520
3 965495
2 990406
4 946834
1 967880
2 926293
3 985788
3 901996
4 917963
5 925789
2 963850
5 949651
4 998
3 921539
3 945573
3 997850
2 933408
4 971894
4 913451
5 917437
3 972333
5 971879
2 966524
3 907118
5 904304
1 916435
3 973240
4 957408
1 936441
3 911128
1 908974
2 974556
2 938630
3 956468
4 977843
1 972249
5 940315
5 940590
3 971871
4 924367
4 918877
2 946618
1 983223
5 903900
3 947342
4 918058
1 933501
2 950873
5 994661
4 978707
4 939366
1 998572
1 951965
3 908866
3 932710
4 938913
5 917299
4 983564
1 942136
4 993538
5 994765
2 901180
3 959827
2 930937
1 962111
4 958413
2 975610
5 940548
4 979990
4 967606
3 941039
5 973775
4 955342
3 967744
1 927172
5 940424
1 903217
2 906297
3 976630
1 994921
2 944392
5 976648
5 955360
2 991900
4 937156
1 959336
4 967310
2 951646
2 920472
4 999
1 987442
1 926691
3 952234
2 965455
5 989087
4 946420
4 923089
3 944501
3 936674
2 918652
2 979486
1 998120
2 998407
5 994541
4 911879
2 949159
5 984166
4 926198
1 904434
2 923323
3 996046
3 964557
1 964566
1 917181
1 984681
5 953151
1 973777
5 906841
3 947061
3 974565
4 936532
2 924768
1 971003
1 923192
3 929479
4 990124
2 955178
4 944310
1 914695
3 999259
1 921131
3 925573
5 960370
2 946484
3 972187
5 986034
2 922712
2 947101
4 915462
1 936701
2 978509
4 963686
5 928610
5 984298
1 957525
1 979948
5 992628
2 937963
3 986252
3 935445
1 939389
1 965354
1 996060
2 938504
2 910962
5 904153
1 931089
1 964162
5 917810
4 915512
1 981601
1 959683
1 989471
1 921782
4 993912
1 997972
5 985356
3 952414
1 951873
3 978731
4 972847
4 926462
2 948450
5 925834
1 998663
4 917964
3 977439
3 935453
2 914843
2 927169
5 972086
5 976909
1 902224
5 997486
5 923612
4 954921
1 980736
1 922549
5 938609
4 956940
4 983273
4 958054
3 987039
4 969501
3 947687
3 955753
5 911571
1 997883
2 941278
5 905764
5 917982
4 915316
5 901192
1 919247
4 951719
1 910408
3 957543
5 981424
3 996719
1 990441
4 998148
5 905254
3 917476
2 938271
5 998293
1 974523
5 968981
3 988858
4 966588
5 928653
3 927761
5 981588
5 981035
1 991767
3 900053
5 953902
1 981791
2 919878
4 973780
1 994213
3 966307
3 906461
2 985308
4 996
1 996034
1 975162
1 990093
3 966294
5 912777
4 996635
3 958049
3 971780
2 926089
3 921462
1 943247
4 985970
1 911086
2 932388
5 981747
2 984008
1 937228
5 915092
3 911105
1 971274
5 970026
5 993109
4 925721
4 952316
2 949892
3 980338
1 965327
1 963286
2 975420
4 945025
3 919971
5 943760
2 999641
3 900984
4 946127
2 903441
4 937172
1 962315
5 934618
5 905243
2 930918
4 901006
2 984198
4 960060
5 929434
4 990802
5 941399
2 933340
1 917768
3 992157
4 950402
4 999404
4 949603
5 986692
1 978047
5 943010
1 992876
2 907445
2 906610
3 933011
5 980714
4 989452
2 954167
5 924326
4 953239
3 910725
4 970874
3 953012
1 948919
4 992163
5 953718
2 948117
2 920192
5 974136
3 969452
3 930395
1 933189
4 948344
5 990902
3 930368
4 933843
4 941575
4 995760
4 991251
5 943084
2 925775
3 937264
4 963623
1 972830
2 912907
4 964226
3 939880
3 938695
1 941424
5 929523
5 910504
4 989106
1 984985
4 978090
1 995391
4 958661
2 967407
4 916698
2 926829
2 936155
5 957793
2 915999
2 914759
5 954849
2 995645
4 1002
2 913038
3 954907
5 976164
2 998630
5 911658
5 976573
2 962954
1 951369
2 924913
1 924443
3 917516
3 924529
3 986112
2 975278
5 913734
2 910248
4 941968
3 987357
3 927907
3 997177
3 980968
4 997051
4 922274
1 977413
5 912665
1 980073
4 960926
2 969238
1 932879
1 965705
3 933291
3 954745
1 953702
1 930481
1 934300
2 983179
3 939290
4 940696
5 937834
4 924432
4 998271
4 933002
4 941679
4 928179
4 952328
3 964337
3 908080
3 925611
2 933193
4 914478
5 977807
4 975077
5 920442
2 997147
1 933747
4 952236
4 983995
4 982970
2 904176
5 952731
5 910489
3 932640
3 981375
3 960780
1 910284
2 970516
1 978648
1 907713
1 931007
3 969085
5 929963
3 998641
5 901427
5 990750
5 918756
2 970922
2 905025
4 956161
3 965163
3 906192
2 958914
1 987074
5 973850
3 920778
4 901469
3 970757
4 912222
4 900265
4 996
1 994415
5 966998
3 929283
3 978047
3 921340
4 927286
3 957888
2 913830
1 958469
1 995946
5 929248
3 913841
2 907943
3 953728
3 992940
1 900081
3 963047
4 980476
2 902711
3 980189
3 950430
1 943547
3 901174
4 964409
4 960745
4 921297
5 947154
3 959656
5 912798
2 992268
4 957079
5 961453
5 942903
1 965292
4 977441
2 912147
2 922646
2 929435
1 905916
5 985851
3 933144
1 986954
4 911938
3 971823
3 923265
1 976932
3 945787
3 991117
1 937982
1 925325
2 958466
2 930773
4 908611
3 962258
3 900585
2 909432
2 945121
5 901231
3 924600
4 908387
5 979836
2 973924
1 934424
1 975086
4 985761
2 973465
1 907612
5 946485
4 962958
4 947224
3 956740
1 902720
5 941301
4 928910
5 907126
3 990502
2 913525
2 998147
5 921743
5 982933
1 946396
1 993708
2 987698
4 981210
2 951181
1 930979
5 914784
3 943954
5 949005
3 949268
3 958580
2 906108
5 926957
1 980911
4 932389
1 946581
1 993397
4 947033
2 927348
4 979410
4 950611
1 980529
5 904631
5 978345
5 921668
4 988768
4 987908
2 959023
4 922528
3 930317
2 913573
3 984509
1 911787
3 920822
3 920337
5 947638
3 979365
4 912943
5 950098
3 939952
4 942658
4 929283
5 998747
5 947614
2 997088
4 949970
4 963346
5 950199
1 956598
2 956794
3 930293
2 938920
4 981802
3 983425
3 921668
1 963539
5 928453
2 900129
3 957143
5 985425
4 909177
4 928540
5 919280
3 966936
5 964857
5 944195
3 944041
2 924938
3 952965
4 985866
5 922054
1 933704
4 968574
4 906023
4 979784
1 916094
5 936995
2 921284
1 983312
5 937974
5 921254
5 952610
1 988802
1 969808
3 977514
5 907892
5 936240
5 932671
4 995603
3 978118
1 922660
1 928914
4 932235
2 943937
5 926752
4 905772
2 936695
4 961746
4 947465
5 901463
1 967962
2 931615
5 920609
5 987356
4 989120
4 1003
1 927015
2 969432
1 962476
2 983937
1 917778
2 956251
1 942168
5 928146
3 994535
4 927365
2 986977
1 904502
4 980372
5 931863
5 999733
1 947628
3 910348
2 997061
4 978885
5 995134
4 912832
5 946324
3 956256
4 915588
2 932706
4 985869
1 996368
1 967553
3 975676
1 941591
1 976547
5 947905
1 973366
1 916046
4 980512
3 932251
5 966221
3 948855
3 946175
4 989681
4 968387
2 912852
5 958947
5 983853
1 925001
3 919944
4 978558
5 937212
5 926498
3 922732
5 995727
2 964009
5 985091
3 909149
1 981902
5 923833
2 948048
5 947212
5 984014
5 904903
3 946946
1 933608
5 928769
3 940445
3 992956
3 923137
3 945328
5 958634
4 994742
2 985399
3 979339
2 978454
2 904608
1 938360
2 981240
5 911872
3 998663
4 956306
1 941838
5 952305
1 971002
2 923292
5 937385
3 977271
1 961577
5 977756
4 935635
5 904370
5 901400
2 920682
1 917786
2 949996
1 991461
1 990970
5 948061
1 996179
3 983684
5 945120
1 905638
3 910549
1 903896
1 906017
2 922743
2 952084
4 926064
2 922912
5 995710
2 910436
4 998
1 942352
3 991982
3 948287
2 991903
4 951463
3 972807
3 989887
1 944926
5 954927
2 993447
3 999661
2 984477
1 947004
2 987300
1 939485
4 902724
1 953312
4 930073
5 981192
5 941314
3 977095
4 948187
2 995433
5 934035
1 970959
5 971146
4 905584
2 945725
1 982657
5 987407
1 919166
1 953814
3 944634
1 906012
4 980811
5 921134
3 947357
1 949299
2 984311
5 950476
1 914009
2 946592
2 968828
2 984624
1 934628
5 980072
5 985648
3 987790
4 955796
3 930617
4 905093
2 950659
2 970079
3 923068
1 927024
3 915087
4 1004
1 952219
4 934189
4 903169
3 939525
3 988064
2 994934
4 956081
4 957097
5 935174
1 977467
2 979111
1 965355
3 914792
5 965260
3 990959
3 901361
2 974639
3 924423
2 936887
2 957285
5 963488
2 926659
4 993151
5 929379
3 925245
5 904148
4 934842
2 972169
2 966749
5 939449
1 978719
5 947778
3 911391
3 962820
5 976526
1 991894
1 947232
4 913737
3 931572
4 903405
2 977796
1 992741
4 909558
3 901613
4 937998
5 913433
4 996654
2 943418
1 977907
5 927975
1 952226
4 907626
2 905481
2 907229
5 914569
4 983378
1 940292
2 993544
1 957098
2 969308
1 911409
4 929616
1 951770
3 931402
1 984491
2 913597
3 972363
2 946159
3 925558
3 921034
3 943936
4 965943
3 937736
1 967496
5 945759
4 948846
2 977481
2 984881
5 942443
4 956401
1 963309
5 952679
5 975923
2 942493
3 922133
1 970035
2 995878
3 937463
2 910840
3 932121
1 932984
3 929605
5 994470
3 968352
1 951565
3 987591
1 944041
2 979354
1 936441
1 958494
5 957188
3 951783
2 973894
3 973927
1 951390
3 914251
5 938212
5 998569
1 935951
5 949965
5 995141
2 916350
3 980076
2 948020
3 995576
1 900767
3 999470
5 951924
3 972939
5 905935
3 909121
1 972729
5 980502
4 994391
3 958468
2 967184
1 986351
5 954783
2 986213
2 937837
4 927808
1 911730
3 936727
5 961701
4 924676
1 951410
4 969256
5 999480
3 944133
1 921373
5 990962
3 900827
5 952127
1 996701
1 969329
4 957029
3 943487
3 969884
3 945719
1 947668
5 945607
5 952851
4 996602
1 949283
1 902453
2 993741
1 986239
3 917258
1 931377
4 967459
4 913388
3 904429
2 942834
1 922011
5 977847
5 983771
4 923921
2 905528
3 937490
4 940852
5 988037
2 915730
5 998365
5 906592
1 949883
3 964458
1 915458
2 975888
2 965912
1 959526
2 996326
3 915112
1 923400
4 928427
2 904633
2 950348
2 989476
1 945238
3 962121
3 940083
5 949873
1 977491
3 972756
1 901156
1 952216
1 976583
4 951927
5 934341
5 952971
5 992986
1 998017
5 949032
4 994290
5 937390
2 936323
1 990376
3 958379
5 990808
1 928938
2 922164
5 955260
3 919321
1 974260
2 932659
5 913045
5 926706
4 981161
3 924477
3 990038
1 994190
5 934959
2 951800
5 979918
4 984269
5 985334
5 904715
1 963097
5 912766
2 992996
4 918525
5 990852
3 929518
2 960113
3 987712
4 904899
1 900935
3 943542
5 947353
2 976205
2 966042
5 971233
5 952278
2 914192
1 918569
1 992772
1 978693
4 938212
3 971608
3 959044
1 977948
5 970079
3 903078
3 907738
5 997813
4 988252
4 997
5 920326
3 934338
5 981914
4 928062
5 933807
5 914512
3 959120
2 902930
1 995773
4 902591
1 976496
5 944149
2 961851
2 993616
4 940701
3 974691
2 913602
3 998473
2 995570
4 918717
3 982470
3 903610
2 927900
1 925961
1 928359
2 938634
4 981593
4 940310
5 931440
5 947745
4 929909
1 988672
2 945607
3 962055
4 977600
5 954146
1 978628
3 906893
4 990117
5 977065
3 965792
2 925926
3 975438
5 970873
1 990740
5 994597
5 946369
5 948709
4 968251
2 968442
4 960487
1 967106
4 1005
3 901879
4 997586
4 968262
3 945077
4 999419
3 956158
1 923355
2 941554
5 922572
4 932432
5 935785
3 985476
4 994181
4 901009
3 905828
2 940881
1 957118
1 933218
3 977841
5 905483
1 933003
1 945690
3 944305
2 991248
4 915839
2 914057
4 946790
3 927664
5 909416
5 967965
4 970695
4 917754
2 914324
5 909035
2 967099
4 901546
1 943134
4 962876
4 915371
5 979282
5 973031
5 955495
3 909415
1 947513
2 915568
2 947145
5 944571
5 907866
2 925250
3 934917
4 958686
1 920974
1 938969
5 922335
4 1002
1 990438
4 977865
5 978425
1 959196
4 987485
4 939645
1 954054
4 927277
3 994161
2 939967
2 972284
5 941534
4 935331
4 976886
3 947511
4 964758
2 978942
2 900671
2 906114
3 982028
5 943466
5 983954
4 918269
3 994876
3 992302
5 992510
5 939039
3 922697
3 994666
4 977426
4 907753
3 925170
4 917631
1 913540
3 906494
5 990605
5 950246
1 927135
3 916471
4 953719
2 966305
2 945586
5 971168
4 956873
4 985804
3 957299
1 993894
4 969069
5 924922
3 958306
4 987175
2 984082
3 985191
3 984290
5 951892
4 974243
2 939438
1 931035
3 915358
4 997214
5 921185
4 942924
4 917971
2 994717
4 981064
3 932493
4 942694
5 911230
2 982297
1 900446
3 941243
4 970640
5 922121
3 959224
4 993524
3 962703
2 998814
3 980453
2 944594
4 931590
2 976804
2 983422
5 987973
4 923442
4 958623
2 917529
3 947250
4 905699
2 968737
1 947157
5 972695
4 943550
4 965278
3 978487
4 980397
2 910281
3 919100
4 986658
4 973027
4 951986
1 927791
1 944843
2 961217
2 961026
5 955371
3 996086
2 973300
2 911857
4 993197
1 928284
4 924376
3 978696
3 946068
2 992803
4 942212
5 978579
5 932175
2 903446
1 961613
4 955348
3 950424
1 913273
5 983157
2 966423
1 906969
5 928838
2 917345
5 984654
2 984685
1 926033
3 980584
4 982174
1 958923
1 923906
4 972661
1 946982
5 979667
2 990157
2 910858
5 967464
1 907841
5 980663
1 968418
1 911897
1 963841
1 905020
1 938092
2 914647
3 990113
2 917134
3 922334
5 950596
3 969042
5 953944
1 967296
4 943576
4 956330
5 919933
5 959230
4 985048
5 949669
5 976026
5 984356
4 921311
3 993601
4 946130
4 911387
1 946209
4 928628
1 994892
1 965123
1 994146
3 965140
3 966419
3 901460
1 994851
2 959869
1 955996
3 964537
4 989320
3 951747
3 916079
5 942386
4 925403
2 985506
5 960821
5 923639
1 929844
3 916681
4 987528
5 971422
3 968194
5 982387
2 934910
4 993530
1 967893
1 914562
2 991310
5 980071
5 980617
1 932505
4 949171
3 953925
2 981546
1 976593
5 940680
4 979631
4 951252
2 969138
1 997224
5 966900
5 931329
2 955252
3 904062
3 998367
3 956645
5 909598
1 918089
1 998657
2 977196
3 944439
4 957954
5 936756
2 909903
1 933965
5 917099
5 994084
5 930634
2 949192
4 963197
1 903202
5 950581
1 912410
1 900722
2 926570
5 923925
1 937069
4 985583
2 975969
4 988116
1 996859
2 945957
4 950389
2 983012
5 927510
4 954021
1 936761
5 981382
3 962545
2 976115
5 929572
3 974188
5 909803
5 959601
4 934413
2 992343
2 955147
2 984790
4 919780
3 958144
3 930846
2 950379
2 906095
2 906535
4 976189
4 934595
5 973319
2 900059
4 953108
3 956525
5 997050
5 948287
5 932209
1 957153
5 940674
4 991514
2 976645
5 942223
1 989123
3 976439
2 974825
5 916684
5 980926
2 937728
4 903891
4 946497
4 904080
5 997757
1 909423
5 945473
2 913537
1 921357
2 998442
1 916580
4 981475
3 907166
3 996894
4 1002
4 1002
4 917872
1 989023
2 983177
5 975040
1 938911
4 947805
5 931334
4 934287
4 969215
5 976985
3 976550
1 930739
1 977702
1 996797
2 915722
5 949325
1 994787
5 972734
3 984446
1 937898
2 943067
2 998148
5 957804
1 988926
3 975032
1 980827
4 955504
3 904266
2 925016
5 943184
5 979849
5 956471
4 922041
4 936118
1 949603
1 982299
1 909301
5 911732
1 980394
1 926054
3 945815
5 931654
2 938776
5 928535
3 961947
3 972456
4 979700
1 966898
3 926775
3 982716
1 982354
2 932190
5 973915
3 947446
2 961808
3 930828
3 960118
3 938975
1 948455
1 973063
4 906404
1 975806
5 942747
1 900500
1 960158
1 915200
4 919535
4 902344
1 928922
4 906809
5 969557
2 916809
2 916037
2 908388
1 967375
4 994166
4 919512
5 994116
5 973608
4 902310
4 955643
3 942552
4 976014
1 962507
3 983541
5 935406
5 939031
5 942366
4 948468
5 984408
1 901013
2 910331
5 989976
2 970307
1 983801
4 985815
1 926517
1 909925
1 941433
1 955788
5 910197
3 939181
3 990967
1 923365
3 994371
5 914189
2 918380
1 956947
3 917296
3 948032
2 915682
2 913236
5 912077
5 940470
3 978375
5 910116
1 918302
4 921653
4 930030
5 934252
2 934895
4 922593
5 956319
1 911261
3 909775
4 912710
4 938847
4 900733
2 989293
4 960862
5 928115
3 941153
3 947716
4 917799
4 920398
3 972195
1 900120
4 988247
1 958687
4 904510
1 981174
4 927492
4 978985
3 989584
2 924428
1 900198
2 909047
5 902407
5 937710
3 952025
3 934659
4 900169
2 990474
4 947613
4 901352
1 919216
1 954238
4 908472
1 956474
1 972464
3 977627
3 965428
1 977883
2 968209
2 954390
2 963794
4 918291
3 992696
2 980164
1 904257
1 995630
3 926584
3 968685
3 908646
1 907048
4 925575
4 953551
2 997957
2 966050
4 911567
2 945922
2 969184
2 938766
3 987236
1 986286
2 988262
1 970094
2 997936
2 956119
2 901746
4 953646
5 928418
2 924454
4 977915
4 913233
5 936828
2 957227
5 922503
3 986250
4 918887
2 939997
5 965645
2 928693
4 984195
3 958875
2 946741
4 990596
2 955757
5 973368
4 939729
3 953316
1 998927
4 972486
4 996887
4 942249
3 959159
2 942274
3 933824
5 996377
1 907525
4 975104
3 985044
3 989268
4 901298
5 985763
5 977012
5 939209
5 908627
3 938761
3 933715
3 903641
5 983379
1 911346
1 974052
5 958737
2 964576
2 959736
3 903352
3 992908
4 914809
4 920667
3 939497
4 911936
4 993679
5 930206
4 910692
1 920268
1 978842
4 981412
4 913663
1 901085
4 956646
4 945235
4 975811
2 951006
1 980009
2 951405
2 971226
3 971313
1 926525
2 980790
5 901953
5 916512
4 1005
5 901330
3 930530
3 962163
4 928231
5 983231
5 920026
1 904518
1 993577
3 949905
1 966554
3 956632
4 951424
4 908980
3 999552
1 905838
1 982153
2 959198
4 946802
2 965724
3 969780
3 995262
3 925849
5 965509
4 941782
5 974673
1 997703
3 966698
1 908099
3 907077
5 936992
3 904722
2 902360
1 979818
5 928595
2 900402
3 953827
2 949508
5 996133
4 975342
1 979037
3 984216
1 974637
1 923496
3 957643
3 932024
3 923666
2 912931
4 950383
4 927741
4 922899
1 952786
4 952459
5 998073
5 941378
1 973828
5 945034
1 901698
4 908909
5 993542
1 983471
4 941129
1 966443
3 985228
5 939102
5 931185
3 918368
2 988651
4 937201
3 980955
4 1003
2 915392
4 924513
4 975934
1 933319
4 990901
5 994899
3 987884
1 907465
2 915827
3 992614
5 978470
5 933251
2 951701
5 926547
2 961835
2 915603
3 961736
4 958174
3 921846
4 966704
3 909547
5 916984
3 976886
2 994569
4 928507
3 947113
3 934102
2 950824
1 912873
3 944812
2 945100
5 990883
4 928361
1 900049
4 944982
2 980935
4 936716
2 935829
5 922172
3 939141
4 999333
5 994575
3 900661
3 934409
1 938639
1 950234
3 940821
5 918760
1 923192
1 955083
1 997296
4 959628
1 916815
4 938418
2 905517
3 953805
4 910351
2 973681
4 914667
4 956912
3 953640
3 961840
2 974149
1 964349
2 902102
2 923398
5 936761
5 983503
4 910589
4 915222
1 962730
1 929165
3 980342
2 926290
1 953804
4 932147
3 990691
3 975695
1 900258
1 969372
5 951346
3 940151
4 905747
1 940576
1 936635
3 975189
3 999532
1 909548
4 936902
1 912016
3 931964
3 964982
5 927977
1 947805
1 931903
5 909785
5 995584
4 902468
2 965920
1 980074
4 936093
1 980692
5 917535
5 938088
4 952122
4 940665
1 974383
4 944015
2 981311
4 984903
2 917075
4 955120
2 977850
5 927159
3 904739
1 928200
4 901034
1 980239
5 929922
4 929745
4 923074
1 970646
4 980940
1 901218
2 910806
2 986731
5 910915
4 982272
2 976435
3 938493
2 990085
3 989583
3 947956
4 986704
2 950648
3 942583
1 955581
2 949865
1 968667
5 965923
3 902999
4 959596
2 943991
3 900859
4 943147
2 924761
3 990715
3 901483
5 991924
5 964364
4 969740
1 962849
3 926625
3 964223
3 988468
3 943210
3 991769
4 994814
5 919737
5 976491
1 928809
4 975663
3 996608
2 931786
2 922275
2 976026
5 920429
5 977143
1 917103
1 939342
3 916993
4 901051
4 999712
4 969569
5 945581
3 901174
4 912723
5 916571
4 948306
1 937056
1 923120
1 920010
5 946736
5 900415
4 904715
2 984887
5 947127
3 970879
4 945645
1 978442
3 913068
4 913993
1 988455
3 989336
1 974928
2 935061
4 968148
1 940903
4 947063
1 907862
3 926062
1 948455
2 907903
4 963305
2 948207
4 984957
3 992282
5 944529
3 954016
2 903162
2 943944
2 989762
2 940995
4 948306
4 904186
2 925924
1 918226
2 929567
3 982040
2 990219
2 908090
1 953765
2 902765
4 998
1 980981
4 996
1 990941
4 966722
1 950313
1 990523
2 923424
4 996655
4 958370
5 953108
4 998
4 907102
2 932210
4 970746
5 965822
2 929220
5 954113
5 910856
2 929911
3 995946
2 963860
3 957568
2 961839
3 979638
3 926390
5 941896
5 973512
2 933719
5 914738
4 921684
3 936722
2 987897
2 983651
5 965191
2 905949
1 900970
3 949999
1 990495
3 900342
4 928856
2 908847
4 960588
3 917890
1 925887
4 918573
1 970273
5 930366
2 964592
4 961477
4 947135
2 970876
3 911569
2 999184
5 937049
5 950029
1 906883
1 959892
4 945636
1 913136
3 935661
3 942764
3 996808
1 936936
4 955376
1 939778
2 941068
1 928292
1 998296
4 999
1 981578
4 916718
2 944259
2 956876
3 984806
1 935534
2 961487
1 965506
5 969401
3 996585
2 978318
5 955381
1 937425
1 917272
5 995488
1 942270
1 985289
4 962101
2 959192
4 903966
1 986823
3 912633
4 966230
3 946283
5 986212
1 960595
2 904634
4 936603
5 931842
3 990652
5 963752
1 937705
4 931232
3 924415
5 971928
5 973839
5 955547
5 982242
1 951799
4 911704
2 927090
1 985036
5 928535
2 930050
5 931251
3 903820
3 943144
5 930561
4 999155
4 906850
1 962467
5 980813
5 934910
1 954089
3 976977
2 908833
1 965601
2 988788
4 930681
1 958451
1 909536
5 916903
4 909724
1 994133
3 938107
5 994294
3 950407
1 997203
2 912286
2 975147
3 958880
1 998376
1 930973
3 906768
1 912674
5 901438
3 950771
3 965076
5 946518
2 939400
1 975332
4 935305
5 977204
5 923522
2 970488
2 900715
5 989610
2 919815
4 1000
2 950101
5 918574
5 974552
5 993181
3 955266
4 950700
2 930809
1 925804
4 949873
1 900425
1 920008
2 947415
4 998890
1 913261
4 906602
5 933910
2 922362
2 971676
2 902805
3 953321
5 986538
4 944985
4 962470
5 973735
5 918299
5 959043
5 940601
4 998960
1 975415
2 918506
5 959117
4 941723
4 903727
3 979086
5 991501
1 993218
2 942918
3 982147
2 949104
3 916856
4 950944
5 955735
4 971720
4 956198
2 976000
2 902343
4 907264
4 981156
2 954918
4 976710
5 929969
1 966799
4 966769
4 911963
2 958974
4 967828
3 931941
3 915258
5 933336
4 998
4 984561
4 982728
2 918774
5 909740
4 923924
4 932894
5 902979
3 949187
1 986135
1 912503
4 939488
5 996694
3 978978
5 953583
4 970319
5 993427
5 937716
4 953312
2 973482
5 924388
2 956848
3 986723
2 927247
1 970074
4 909734
3 953129
4 960072
1 957527
1 981916
5 928272
3 935100
2 990019
3 909618
4 947393
4 970007
3 903229
2 943605
3 995013
1 934298
2 991389
2 959590
5 988788
1 951735
5 970749
3 918545
2 920723
4 987754
4 987966
5 931041
4 968759
5 905513
5 953572
1 933928
3 903769
3 994596
3 979087
4 969963
1 973439
2 935962
1 918193
3 913640
1 927050
4 927795
4 907726
4 968882
3 983583
3 955217
4 973184
5 958718
4 902018
5 915420
1 923762
3 929189
4 984227
3 991835
1 954707
4 935687
2 911689
2 979317
2 941010
2 906874
5 904221
1 935359
4 965775
4 962685
1 964758
5 919888
3 973244
3 954490
1 929081
3 937747
2 972124
5 933341
5 908670
5 936061
1 933322
4 922532
3 912093
2 900791
3 988969
4 930755
5 962708
2 945471
2 972584
5 907387
4 961818
4 926285
2 974128
1 977904
3 972555
1 993762
1 908726
5 951317
1 962205
2 953504
1 936887
4 936817
2 939315
4 997743
1 943530
3 947639
4 920683
1 907399
3 951788
4 999368
1 930663
1 917212
4 966184
5 909938
3 958170
5 982675
3 957362
4 932033
3 981060
2 961264
4 907984
1 974232
2 994656
4 908114
2 973196
1 989430
3 938399
5 944087
4 932497
5 996407
5 927596
5 936976
5 911709
2 952991
5 915678
1 984557
3 973026
2 970141
1 949265
4 998
5 928787
3 971791
1 948864
3 944028
2 908345
1 987203
3 925556
2 956268
4 939919
5 928311
1 981802
3 905197
4 989964
3 986649
3 954632
5 903030
5 959806
3 966199
3 974449
4 969713
2 927723
2 944856
4 910713
3 936263
5 950462
2 974730
5 924155
1 956520
2 935708
1 970858
1 951844
2 987950
1 930052
5 935879
5 955261
3 903040
4 901434
2 960192
5 951675
3 941136
1 988051
4 973542
4 931237
1 960010
4 978619
4 914909
4 934958
2 947078
3 991126
5 919209
3 919732
4 995
4 902508
5 978325
5 904140
4 973243
4 927997
3 917513
5 981637
1 936677
3 904108
4 910952
2 927924
2 931306
2 998315
3 921939
4 987248
5 929284
2 908587
3 918967
5 931146
3 978175
2 968460
4 932788
2 985844
3 940146
3 958194
3 975437
4 988171
1 907883
5 946893
2 909335
4 937344
3 955913
5 984069
1 977118
2 961849
5 915502
1 929185
2 970982
5 979248
3 967038
4 978679
2 936603
4 970922
3 960422
1 921728
5 953777
2 909461
1 994192
5 935437
3 903010
1 918679
3 963953
4 935539
1 927863
5 941009
5 966628
5 985186
4 927792
3 932157
2 938535
2 979276
2 901218
5 957280
2 985130
5 917160
2 954757
1 970561
4 968900
1 939651
1 930359
5 920815
2 907679
3 946636
2 978197
2 922114
3 941595
4 972614
4 922526
3 932551
2 904740
1 906912
1 922679
2 963044
3 955129
4 952820
4 972298
4 919679
1 943843
4 973565
2 944499
5 979345
5 962279
5 978765
3 936421
2 926198
1 978123
1 964905
1 940971
2 934954
5 999848
1 920462
5 966178
3 949281
2 951768
4 934309
1 908154
2 933043
4 974556
4 995658
2 918793
1 950756
3 929525
4 933675
1 927040
5 928933
1 971348
5 995856
3 925812
4 912914
5 924370
4 927231
2 961053
2 982158
1 915935
4 962158
5 942053
3 906866
1 943161
5 931043
1 953894
2 913166
3 973856
4 904130
4 995688
4 973018
3 957702
4 945376
4 941780
2 948952
2 994599
2 916012
3 985368
5 997127
2 975423
2 948782
3 986928
5 995429
2 996619
5 925151
4 995158
1 985893
1 982004
5 950340
3 996562
3 970539
2 968955
3 934886
2 990671
4 901966
2 916384
5 928028
2 995624
1 990511
5 985621
4 930069
4 994797
4 917724
2 997060
5 910119
5 979648
2 971034
2 978875
4 950954
5 953071
4 958999
1 939239
4 988489
5 906229
5 983002
2 939564
1 947476
4 932558
3 931035
4 915390
2 968420
2 997547
2 994252
4 989864
1 935844
1 971541
1 999782
2 916515
1 933586
4 981108
4 970372
3 927785
1 942509
4 964796
3 937130
4 908453
5 954560
5 936184
2 911781
3 914072
1 918112
1 996623
1 975432
2 917376
3 913086
4 915751
2 967618
3 923970
4 994839
2 952092
3 962853
4 950832
1 900329
1 976138
3 933512
5 938920
5 906228
1 945612
5 934103
4 950535
2 970499
2 928490
1 997855
3 989310
3 922653
5 952359
1 953313
1 981641
1 929105
4 993923
2 969436
4 901748
4 958111
5 988245
2 946206
3 986487
1 968057
3 997836
4 951316
1 997388
5 920811
5 969493
1 974473
1 906402
3 915125
2 956423
3 978636
3 968231
2 948002
3 993791
5 936987
3 988273
5 960578
4 952346
1 994862
4 983550
2 989426
1 954292
5 976063
2 938044
3 979831
2 961844
5 932775
4 960938
5 955675
1 992827
5 983016
1 966412
1 997309
3 913603
3 975173
4 913110
1 956781
2 943921
4 943042
1 910257
4 985073
3 963892
1 921630
3 924822
3 973226
2 954770
5 916399
2 969025
2 913393
3 997531
5 983087
1 994458
1 953553
3 913243
3 982036
1 934243
4 919156
2 962760
3 991071
3 999517
4 945898
2 914890
4 982058
2 983310
1 910590
3 979004
2 912049
1 962515
2 940108
4 950182
4 934623
5 975116
4 994013
4 974893
2 968911
2 928374
5 941524
2 934295
3 991951
1 931174
2 924935
3 905403
3 960147
5 976296
5 932958
4 903901
1 915373
2 965460
5 990379
2 905071
4 939874
5 961283
1 963348
5 954789
1 913194
5 933393
3 939780
2 933211
3 988919
3 936250
5 993011
5 990690
4 961458
4 991304
2 956617
5 965506
2 915251
1 985849
5 993686
1 956654
1 942484
2 995812
2 933479
2 925469
1 901869
1 966075
2 936870
4 960369
1 997110
3 946936
2 945514
5 950140
4 946811
2 993136
2 989801
3 907240
5 992270
3 900270
5 902765
2 949518
2 990399
4 967232
2 912136
4 988571
5 974571
3 902289
1 966147
3 920175
1 961887
2 903536
5 958282
2 983414
3 980819
3 926335
3 929323
4 937051
5 911958
4 902045
4 975518
1 933319
5 935924
1 935820
1 955558
4 992751
2 984879
2 924437
5 980424
5 988925
4 975858
3 992239
5 966566
2 923247
3 929996
5 978578
1 941123
1 944947
3 924011
2 954905
3 999048
5 915485
5 962851
1 954316
4 957500
2 932293
3 969683
2 999226
1 905914
4 958546
2 946657
4 915317
3 959292
1 957257
4 960329
5 951220
4 996284
2 908860
2 950086
5 992174
1 989561
4 934358
4 936468
2 923441
2 973452
4 911154
1 907986
1 919751
1 937270
1 955171
5 955667
5 953279
3 915742
3 913263
1 953010
4 936821
4 927104
4 941597
1 986314
4 927239
2 946858
3 921134
4 903097
5 915008
1 936495
1 957568
4 937866
4 956799
2 993428
1 968765
1 999337
4 948603
3 981456
4 950526
4 931047
4 980575
4 987745
3 914778
2 966584
2 964287
4 976775
5 924532
3 915527
3 973587
5 920557
5 958578
1 943724
3 994674
5 982891
5 943364
1 905133
5 930150
4 937571
4 984339
2 927995
5 955685
3 960754
2 944823
4 938696
1 938058
3 946617
5 907551
1 928869
2 957153
4 925525
5 999350
2 992224
4 984509
3 985860
2 905000
1 940925
3 938151
1 991200
3 918321
3 945601
5 977183
4 921741
2 952896
1 957792
3 906010
3 995680
3 923758
1 968416
4 946562
3 924507
3 992842
1 975035
3 954514
3 918277
4 988826
3 983804
3 972820
3 905683
1 917649
4 964377
3 917673
3 989144
2 933997
3 947584
5 972302
3 976805
4 984125
4 997
1 902827
5 921504
5 934693
4 960822
2 916314
3 931908
2 935355
3 935101
3 954277
1 926066
4 927279
3 957348
5 906639
5 928440
1 923818
4 925407
1 936248
3 972048
2 932482
4 925496
1 933458
2 958904
2 952305
1 980144
3 963772
3 931698
5 939441
2 909570
5 970311
1 975314
1 993616
5 985843
5 941328
2 990646
2 947385
4 944700
3 988766
4 906277
4 925272
5 957468
3 911278
1 951444
1 985080
2 961680
3 923653
3 940771
4 986368
2 949793
4 945524
3 920245
5 994832
4 987346
4 938149
1 913587
5 930519
1 936290
5 932284
3 913169
3 943883
4 978190
1 932372
1 924687
2 907843
5 932108
1 942726
4 941738
3 925450
5 952046
3 967232
5 910243
5 929359
3 981270
3 941926
5 928128
2 986436
1 983354
4 974975
3 952509
4 965689
1 915542
3 909567
4 978671
3 908550
4 922771
5 907953
4 950417
5 945610
2 971807
2 957218
4 944843
1 953481
2 993592
2 972896
2 967674
5 967630
2 946581
3 921085
4 901906
2 958873
4 942895
1 946307
2 991049
1 964123
2 980698
4 995
5 974027
1 952204
4 963861
3 987187
5 992627
1 980243
5 992685
2 954313
4 958068
2 942680
2 971782
2 981614
4 913911
4 973167
1 964486
3 969111
1 967482
1 931248
4 933067
4 989360
4 936875
2 905667
2 909505
5 912533
3 935684
4 939325
3 911835
4 913540
3 913228
1 952176
3 959146
2 961259
2 992561
5 967338
3 957048
1 976857
2 976407
2 994421
5 963750
4 912590
4 900532
2 951985
3 931623
4 959589
2 957271
1 908387
2 949817
3 962897
4 913544
1 977299
2 912592
4 915008
2 913990
5 961399
1 900630
3 936171
5 954292
4 980805
4 962319
2 936922
1 919565
3 932922
2 960469
1 919477
2 936778
1 917409
3 923724
2 964679
2 917982
5 939343
2 929734
2 980342
3 959636
3 991024
4 994725
2 990242
1 985603
2 982618
5 913034
3 936329
3 960813
3 962952
2 923694
4 926203
4 945605
5 923562
4 975001
3 937769
3 903022
1 978067
5 917336
3 995737
4 913347
4 932065
4 937760
4 959009
1 970183
4 981379
2 965631
4 968441
3 965858
1 928462
3 958638
3 913941
2 951506
3 984276
1 919899
2 916344
1 960767
5 984987
4 1005
2 966903
1 970860
5 956924
3 922672
5 978231
1 937103
1 935986
2 906507
3 910875
5 920244
2 936418
2 959992
2 904281
3 980843
1 946910
4 964339
1 965769
4 956844
4 943162
5 992138
5 988300
2 904702
2 958127
3 986313
1 978875
1 965013
4 932279
3 972701
1 997167
2 911707
2 933588
3 978923
4 920035
1 934162
3 974478
1 996975
4 923500
2 923911
5 949072
5 939182
2 985753
2 965324
3 907617
3 928080
5 936372
1 971851
1 942052
2 958257
5 912713
4 937902
3 901874
1 965799
1 968725
3 980145
4 920417
2 992479
3 987381
4 991705
2 991880
2 975781
5 906525
2 998071
2 926290
5 959332
2 950310
5 921878
5 954078
3 961965
2 943130
2 902314
3 947691
3 964068
4 940227
5 931448
4 964463
3 920082
2 937738
4 999734
4 946572
5 968990
5 965652
5 951691
2 922966
3 942055
3 930986
4 976529
2 948566
3 918854
3 946946
1 999392
4 906604
2 928121
4 991953
4 990484
5 944306
2 920348
4 906433
4 900540
2 958245
1 965425
3 999457
2 994184
2 921628
4 942269
4 1003
5 931384
5 911672
1 904861
5 906525
3 939855
5 992639
2 990123
2 997850
2 931999
1 987074
5 977590
3 975049
4 929070
4 992615
3 989033
1 902763
3 907203
5 987903
2 927416
1 921258
2 939835
3 945326
5 936385
4 977654
5 926159
1 902618
4 1004
4 979965
1 985203
3 917752
2 942170
4 953732
5 988844
1 986474
2 947204
3 956887
3 966769
3 979139
1 924681
3 919533
5 986597
2 982420
1 942682
1 942957
3 963591
1 918965
3 917749
1 944965
4 911381
4 924634
1 928174
1 945207
3 908890
5 981234
4 959790
2 900235
3 911094
5 940113
4 936710
5 930678
4 952498
3 964564
4 1000
5 972463
2 996206
1 960823
2 972681
2 946781
4 952951
2 967836
4 936081
3 950773
2 950821
2 928200
2 932433
4 952806
5 920268
5 999255
3 927406
5 988525
4 932369
2 978149
4 917007
3 921298
2 954106
2 937844
1 965719
4 977474
1 983905
2 941140
2 964620
5 925746
1 978036
2 975502
2 932321
5 967786
4 971943
4 945963
4 979634
2 971931
4 962123
5 917968
1 960119
4 965288
4 927286
3 998675
5 999555
4 971271
5 930644
2 901873
4 955014
4 958733
5 943283
3 962481
1 989720
3 961148
2 980620
5 972496
3 909654
2 936286
3 977541
2 928469
2 925226
4 975967
2 913367
2 956838
2 951131
3 950770
3 901481
3 995656
5 913455
3 998702
2 910543
2 905975
1 938602
5 935401
5 941321
2 918199
3 903912
3 900575
3 964971
4 972535
5 915586
5 920426
3 986448
2 945406
5 931898
2 959443
2 942757
2 981645
3 948665
3 915105
2 939676
4 1003
5 997957
3 988660
2 992794
2 970095
4 995
4 999249
1 990503
3 923755
3 903554
5 923432
4 917259
1 984547
2 949918
4 930095
4 952589
4 954092
4 982286
1 968812
5 988601
1 923458
1 918847
1 922833
4 920936
4 905295
5 941781
1 957027
5 957307
5 906250
1 918454
4 988241
1 965642
5 910768
2 941555
4 971796
5 964015
2 998574
5 933306
3 995507
2 956293
2 969576
2 906143
3 994907
3 960664
4 918988
1 932290
3 927901
4 905310
1 985900
5 956613
4 927273
2 938516
4 957395
5 965548
3 971814
1 987300
5 936175
2 931325
1 939873
2 994265
5 933385
1 992502
4 974848
3 985054
2 911014
3 961766
4 904480
3 978834
4 990614
3 906888
4 968773
5 963176
5 918102
5 967703
2 939324
1 922176
3 920534
1 967806
4 908365
2 911325
5 980000
3 975090
3 915896
1 912970
1 960450
1 969230
4 906471
1 923585
4 941300
3 985769
4 924802
4 990119
4 943950
3 992526
2 919183
4 993741
1 930489
4 962186
5 976737
5 904500
1 984452
1 924350
2 980318
4 968127
3 903879
4 979939
3 998767
5 984588
3 954096
5 931792
3 913620
3 988605
2 954429
5 939733
5 961742
4 946221
4 961704
5 970318
2 944559
4 968348
2 961078
1 978309
2 944111
1 936806
1 939826
4 995
5 916983
3 963578
4 939797
4 953275
4 975891
4 942503
5 972382
1 988049
3 988322
4 973966
1 957826
5 965494
2 963919
2 995172
1 923068
5 951994
5 970520
1 984690
4 965581
5 966980
5 995069
3 988281
4 924765
5 941343
3 927313
4 980019
1 948545
4 957281
1 967563
1 902936
4 987833
1 958218
2 922498
3 942672
3 903284
5 904114
4 904083
2 977260
1 936170
1 909861
4 922046
2 963881
2 913747
4 939546
4 937110
4 997
2 994066
1 916041
4 938278
5 947955
2 999753
3 931925
5 981830
4 929472
3 968868
2 996009
1 907025
3 999330
4 973182
1 934194
4 971589
3 918226
3 908557
3 942574
1 902794
1 944778
3 944574
5 921260
4 919044
2 924885
1 904875
1 917970
5 987601
3 988615
1 981099
2 951325
1 947318
5 922589
1 924055
1 978403
1 955224
5 943782
2 949523
1 938035
3 972164
5 901499
5 947452
3 948013
2 940693
2 929617
2 927157
4 930003
5 921642
2 972369
3 955547
2 998373
3 976579
5 942385
4 962350
4 974655
3 947825
4 993320
1 970197
3 973491
5 927543
1 911524
4 998
1 973674
5 963863
1 913351
5 973671
4 951708
4 928428
3 989177
4 914055
1 947582
2 908692
2 953660
5 974943
1 912435
1 914560
3 937303
1 994508
1 934732
2 970188
4 909565
5 980648
3 970513
3 997085
1 963289
2 937576
4 960909
5 975746
4 996
2 996919
1 902392
2 945568
3 946935
4 1000
4 939136
5 912280
4 992737
3 919522
2 909957
5 983773
2 932954
4 917000
4 920919
3 942102
2 977932
3 917288
3 996111
2 909791
5 995860
1 927523
1 912668
3 949609
5 987887
1 969792
4 962173
2 994552
1 925316
2 911919
4 909580
1 951312
5 987363
4 953848
5 937587
3 959943
4 961776
4 936036
1 972328
1 936690
5 979419
5 970940
5 994290
2 932723
1 991938
3 904385
1 921599
2 936575
2 949991
5 995775
2 924118
1 901830
3 999969
3 941452
2 976512
5 941560
1 920370
4 963261
3 957243
3 910766
2 909915
2 956738
1 932546
2 914808
2 957416
5 991181
2 989499
5 928776
4 979308
1 958763
2 945996
2 928426
5 962530
4 969300
1 939901
5 914756
2 987377
4 906793
4 967382
2 922565
5 974548
4 983695
1 971898
3 900985
5 943236
5 990077
1 980784
4 900784
2 912830
4 988412
3 959248
4 954888
1 929080
2 916518
2 998026
4 989661
1 919235
5 988890
1 982086
1 923898
2 990160
5 946792
1 911748
3 972436
4 907309
1 972566
2 958983
2 991568
4 912468
2 987835
3 959707
1 917931
4 930193
1 935075
1 935877
5 997673
2 920501
3 911722
3 976567
3 987234
4 921315
5 926037
4 946963
4 905688
2 911774
4 994886
4 940028
3 954349
5 939227
2 957725
4 921250
3 993548
3 957663
2 913760
5 934251
4 991185
2 906566
3 964555
4 988896
1 967179
5 906940
4 984866
4 995365
3 917991
5 984754
1 926903
3 992455
3 932670
3 957565
2 920837
2 974081
1 976794
4 902764
5 939715
5 911386
4 920933
2 942244
5 969262
4 937600
3 949131
4 998575
1 977361
4 942405
3 974014
4 928952
1 953110
5 928955
4 934330
3 951461
1 926655
4 969307
4 960805
4 932474
1 949544
3 966269
3 992125
4 982295
2 914300
4 996336
1 996125
2 926605
1 977940
3 963109
2 903077
4 926599
4 963575
3 930703
1 910138
4 943215
5 969429
5 901199
4 939684
4 962221
2 935609
5 995439
4 950872
3 924869
3 919541
3 968040
4 975437
3 914442
1 946673
1 969125
4 930861
5 924456
4 955708
5 941492
1 922475
5 992079
2 913933
1 947990
5 971902
2 967767
5 933722
5 986859
3 956248
1 935111
5 902237
2 924321
4 912029
3 959680
1 928128
3 924431
4 972152
3 907281
1 940747
5 967514
4 929620
4 963704
1 930424
4 911671
3 920771
1 991716
3 938312
3 940711
2 911945
3 972965
4 970322
4 910117
4 1005
4 951040
3 999620
5 998344
2 916379
5 904619
2 910092
1 944846
2 915670
3 938930
4 971929
3 927452
2 900942
5 994689
1 936773
4 947655
3 958115
2 989548
1 921325
1 917257
3 998877
4 956053
3 965598
4 922663
5 941534
2 993795
3 975219
4 992652
1 962229
4 973945
4 963584
3 993981
5 973640
1 946755
5 949763
5 903698
5 980151
2 923294
2 906133
1 981297
3 930886
2 969049
4 924160
5 980861
4 900518
2 911863
2 902551
4 983532
4 934313
4 903762
1 927628
4 945325
2 949980
2 945958
2 901457
4 920714
1 914938
1 962396
1 970568
4 970496
4 912103
1 942881
5 935973
1 938990
2 990331
3 906092
1 955026
3 979415
5 969702
5 999576
5 994640
5 946395
2 982666
1 925470
4 952516
5 961650
4 912015
4 916340
2 952176
3 902034
5 969528
2 994701
2 983695
3 911652
3 977318
3 905259
3 910586
1 954046
1 902554
3 968833
4 957638
4 988939
4 997865
1 923480
4 900778
5 968927
5 910813
5 929854
4 928196
5 969002
1 955389
4 968550
1 918068
2 995313
1 955489
4 994784
2 927069
2 992855
3 923345
5 960764
4 974144
1 980958
5 971556
4 983019
1 955490
2 952838
4 954552
5 986248
2 951745
1 962433
1 934088
5 963847
1 935721
1 906070
1 997263
4 923451
1 982435
4 977977
2 970946
3 974664
4 964889
2 937376
3 991151
1 984132
5 958303
1 921825
5 900101
1 900369
5 948461
2 980222
5 912304
4 978512
3 938188
3 906337
3 939140
5 903853
4 922350
3 956337
1 964887
1 986791
1 953193
3 938967
4 993586
3 903432
4 935104
5 983442
3 930947
4 999442
1 901712
3 982850
5 964643
5 902357
4 931881
4 935201
3 938268
5 962089
5 946415
3 908604
3 979111
3 910733
2 928795
4 965741
1 960671
2 958869
4 959323
4 925738
1 907015
1 979205
4 1004
5 945133
3 943083
4 931549
5 918701
3 947759
2 947230
2 977534
5 953133
5 902429
1 969365
4 934778
1 902758
2 919597
3 955415
4 972227
4 928183
1 938388
1 920574
4 928319
5 978840
1 981769
2 918118
4 987079
2 954699
3 942727
2 919210
5 954210
3 964500
3 944528
5 950749
2 983416
4 965584
1 992373
3 931409
2 914863
1 993828
4 943660
1 912493
2 907350
5 997268
4 956402
2 947430
5 989626
3 918328
5 942505
4 902187
5 924797
2 918783
4 904352
4 941139
5 926850
4 923587
1 972420
3 924954
2 933181
4 923367
4 919037
1 952875
1 996170
3 901620
5 977710
2 940864
5 989619
2 954895
4 957838
5 912145
3 948793
5 981403
4 956319
4 965663
4 946010
3 979312
2 903533
1 937502
3 940975
3 957100
1 996300
4 958792
1 923316
4 936829
2 954533
2 904102
1 968071
1 952877
3 902383
5 978356
4 974210
5 945246
3 906348
4 958144
1 917237
3 997160
4 988249
1 976297
4 924813
4 976117
4 980971
3 952038
3 997595
1 929057
1 942474
2 949747
3 917612
1 936933
3 969843
4 966569
2 986178
1 998173
2 906185
3 914903
2 956372
1 908984
3 905226
4 929095
2 932619
5 967028
3 904106
2 950335
2 941834
1 951294
3 980165
3 953210
2 972791
4 922889
4 921306
5 918766
5 953573
1 941767
2 947479
5 986422
2 935868
5 924391
5 934103
3 982234
2 966727
3 904293
4 929752
3 901960
3 930916
3 913832
4 939238
5 989527
4 907622
3 981459
1 997872
3 987618
5 906853
2 957870
5 934172
3 928559
2 992692
2 910045
1 931096
1 949023
3 933322
1 986973
3 955166
3 965234
3 931587
4 974852
5 910393
2 966381
2 990891
3 905483
5 926943
3 931083
1 940092
2 999433
5 983697
1 987194
2 947279
1 947183
4 923023
1 970083
5 902882
3 991839
5 967138
4 943911
3 907347
1 929594
4 948283
2 913177
5 997738
3 914006
1 900459
1 913527
2 955978
4 918255
2 910798
4 917870
2 986343
1 951483
2 997101
1 974857
4 913138
3 989700
2 916358
4 909668
1 990949
1 976765
4 963677
4 1003
5 954165
1 915536
2 986887
3 945418
5 928239
2 924877
2 916575
4 935372
5 958358
4 955114
5 923470
3 933373
4 955176
3 901161
1 913033
5 921247
5 905279
2 989392
2 974432
2 954032
5 969718
2 991227
4 957091
5 991222
2 971101
5 998521
1 905180
4 987631
2 942359
5 986393
4 983045
5 949844
4 938081
5 900746
5 941299
2 921569
3 922628
5 976761
4 973790
5 913468
5 978401
3 951331
1 912563
4 981100
4 975658
2 926043
3 953674
5 982514
1 937604
4 902511
1 980617
3 980458
3 963253
3 931038
4 934738
2 983743
3 964356
3 980780
1 986531
2 928644
4 940259
3 978199
2 952899
5 959774
3 933046
3 927545
2 967599
2 954160
4 946901
3 989351
2 959551
4 948235
2 925211
4 914755
5 903020
4 943949
5 917405
1 904658
5 993628
4 918685
2 946941
1 937141
3 976020
3 933992
5 996625
4 956889
5 908595
2 985999
5 949703
5 967626
5 985952
5 967403
2 926719
4 938604
4 953459
1 976596
4 957144
1 935011
4 961428
4 985679
5 964037
3 947186
1 987899
3 919760
4 993195
1 946068
1 923342
3 931195
3 997292
5 996590
1 950983
3 956200
1 942979
5 961247
4 995516
4 940648
1 922697
5 928489
5 976302
4 980536
4 987244
4 907836
1 994140
5 917628
2 970661
4 985984
5 945437
2 979517
3 956163
4 924591
5 961580
4 987158
5 901229
3 957639
4 984129
2 979357
4 977086
2 955211
4 954990
4 928481
4 984119
3 929805
5 919970
1 963432
2 976682
5 953062
2 957248
3 992711
5 987223
5 905357
4 989716
3 970462
5 958516
1 926260
4 900299
3 949178
4 958320
5 905593
5 967023
5 984979
4 941972
5 992881
1 929507
4 901214
1 954864
1 980315
1 902931
3 981838
2 911796
4 963289
4 964336
5 975898
2 996489
5 975585
4 976665
5 900246
3 946625
1 930342
2 990534
3 974709
2 924473
3 956899
3 907403
4 911027
3 934211
3 991810
1 937459
3 985364
3 914032
3 984781
2 923258
5 909505
4 939954
1 930081
2 966174
1 922245
1 956398
5 929764
5 929468
5 911678
4 983020
2 974585
4 920028
1 962842
3 970909
2 962449
1 999695
2 984584
2 938244
2 984346
5 909862
1 934070
3 993256
2 917196
1 974157
4 944066
3 914490
2 990337
2 900444
1 994968
1 934317
2 970509
5 980290
4 923954
3 920036
1 908878
2 900250
4 940461
1 964855
3 901134
4 979521
3 961270
2 933442
4 968146
5 904865
2 989442
4 938895
1 917246
4 912853
2 937831
3 988392
3 926875
5 995560
1 992819
3 924687
5 942240
4 990343
2 999622
2 949675
3 923913
4 923474
2 946429
2 970106
2 926884
1 955763
4 907251
4 923189
1 996009
3 923107
2 998807
3 939108
1 972295
3 916993
2 946472
5 947084
3 931536
2 908658
1 920150
2 955036
4 933035
2 962758
4 997494
5 926586
5 952566
3 925736
3 959838
2 948111
4 963302
1 965209
3 914881
1 955155
2 903234
4 979822
3 977736
2 945179
3 925102
4 1001
1 993204
3 953612
4 966133
5 995791
4 931794
1 961199
1 987600
3 922024
3 966147
5 995900
5 929312
3 962350
4 919641
2 974876
4 965331
4 967342
2 925128
3 920819
3 952720
3 993182
4 950066
1 941023
4 989045
1 954163
1 908287
1 991416
1 935414
2 963248
3 966578
1 972877
3 997218
2 972148
1 951886
4 914860
1 937484
2 993149
4 970067
2 986210
4 995779
4 991244
1 971743
3 992312
4 990149
2 970970
2 933457
2 909199
4 976146
1 938419
5 909453
5 918108
4 965219
5 909080
5 912896
2 972260
4 964061
2 938343
2 907812
5 915029
2 987510
5 905313
5 931897
5 934353
4 947594
1 928468
1 996275
4 997638
5 921582
1 933163
5 919268
5 939142
5 999523
2 997782
3 968013
3 918651
4 988039
5 978266
4 923348
1 939434
5 910861
1 932993
5 904510
5 903859
1 910220
5 946061
2 987382
2 985936
1 902109
2 947533
4 909116
5 909047
1 969631
5 935563
3 985059
4 963579
2 901062
5 912545
1 953098
2 981440
3 924997
5 989382
3 967139
4 995340
5 998244
1 983242
4 979780
4 901133
2 980036
4 995
3 900444
4 986845
4 958580
5 910583
1 974237
5 994375
3 999056
3 940380
2 904384
3 915961
3 913891
5 922418
3 961701
3 947855
1 914856
5 940093
3 918871
4 946068
4 954519
3 969144
2 935808
1 922410
1 953995
4 944942
5 980747
4 960023
5 903861
2 912058
2 965555
2 903181
5 970302
1 943562
5 975920
4 916791
2 986443
3 985903
1 996884
3 943802
2 913177
2 924427
3 959387
4 942290
4 945930
3 994856
3 916956
2 978767
2 952267
5 986879
3 970056
4 917172
5 960001
2 931420
3 995766
2 932845
5 956550
1 965981
2 975248
5 907467
4 1000
2 931213
5 901661
4 942723
4 913730
1 906074
2 967585
1 997639
3 964467
1 918796
1 990413
4 984402
5 953109
5 984000
1 938241
5 912513
3 980424
3 984251
5 982102
1 937157
2 984067
4 945836
1 980037
1 946316
5 976442
2 979843
1 960322
5 935938
2 919702
3 961596
2 903439
5 932325
4 908196
2 983263
2 912862
5 965756
3 930709
2 982521
3 957580
1 977874
2 971821
4 918283
5 949113
4 962454
4 961526
3 977544
4 957857
4 996
2 959542
4 900862
2 980901
2 988267
5 906826
5 955352
1 982097
4 956851
2 909836
2 926698
1 998815
5 917900
3 945531
1 987757
1 909087
4 955469
3 997331
4 949225
3 994283
4 980623
3 978356
1 967723
3 971053
4 986526
5 988140
5 988229
4 948198
4 967561
2 991361
2 919011
1 920249
1 997717
3 923650
4 973499
5 900794
3 980973
5 908283
2 924239
5 916819
2 984277
5 951134
3 922294
2 922126
4 901209
1 903080
3 963866
1 962332
1 976779
1 961721
3 953804
3 988033
3 984426
3 925845
2 997882
1 964186
5 950176
5 957847
5 948860
2 932185
5 980052
3 911675
3 970432
2 975470
5 935226
4 927009
1 975761
4 920819
1 987646
4 982460
2 935262
2 979534
2 960418
5 952272
1 914838
4 963835
1 991806
1 921154
1 914986
1 902810
2 947328
1 915548
5 930840
3 920884
5 975755
1 912718
3 927975
5 915578
1 971931
1 941411
2 964474
2 947402
2 948829
5 966847
1 981994
4 1005
5 961826
1 935665
2 983746
5 941874
2 910894
1 997596
3 993691
3 943379
3 918290
1 914661
4 984531
4 903465
1 936694
2 988911
1 930357
5 986191
4 920299
5 993149
4 992357
2 963912
4 905068
1 943209
3 941017
4 916565
2 993443
5 927364
4 963888
5 944240
3 968647
1 966695
4 989424
5 923877
3 931778
2 990341
5 988211
3 988347
5 939497
1 984905
3 969419
3 994484
4 950814
4 916610
1 952992
5 911271
1 927689
2 935573
5 968031
1 966062
2 959775
1 924202
1 987427
4 911018
4 910811
2 995870
2 931507
4 927493
2 909351
2 959156
3 921118
3 909151
4 956291
5 919587
1 940180
2 953150
3 954738
2 935038
5 998350
3 910327
2 938319
2 957530
1 978707
1 943815
5 908159
3 945558
5 985541
3 973426
4 942216
1 980377
3 941258
4 935461
4 982520
5 983391
1 996522
1 941450
2 977390
1 912744
4 946375
2 916801
1 979514
5 965928
2 930718
4 903573
2 912473
4 990548
3 963889
2 957173
4 901899
4 999
4 907609
4 997775
4 932790
3 966641
4 946822
1 928538
1 943672
4 907382
2 965638
4 943633
4 957437
5 953263
1 962646
3 926017
2 900373
1 946265
3 946322
3 904740
2 918850
3 903907
1 945185
1 926395
2 945598
1 938720
4 900746
4 925520
5 985923
1 987615
1 966220
4 995052
5 989681
5 972490
1 959134
5 912233
5 978211
1 974563
2 991949
2 950659
1 968679
3 997421
3 960518
4 908734
5 925912
3 934517
3 952057
3 941780
4 985484
1 949415
2 905163
2 940087
5 959006
4 991701
5 927101
1 957358
5 943463
2 961319
5 981379
5 986127
2 968658
4 900282
2 909315
3 993406
1 962293
1 931648
3 962834
2 966588
4 932495
2 965907
1 912067
3 930725
4 949694
1 998559
4 991699
4 935190
1 969363
4 963530
3 909531
5 968785
5 965029
4 955648
2 951792
2 978926
5 960752
5 978470
5 936129
1 995887
4 998
1 979218
1 905498
2 970754
3 982283
3 929805
2 900849
2 959916
2 987339
4 1000
4 989878
5 935338
2 992730
1 919836
2 915418
4 952434
5 953249
3 951823
1 917203
4 904860
3 900254
5 948155
5 981623
1 966999
2 906301
3 946466
1 939369
4 920678
4 932785
5 957767
4 948152
1 980870
1 965341
1 968544
1 940795
2 962610
5 910731
4 983081
1 967372
5 995547
4 998078
4 928322
4 954494
3 962475
4 966601
4 952280
1 906504
1 971364
5 954857
2 943646
5 935671
2 994467
4 920410
3 931154
2 975505
3 965720
3 932776
2 905418
1 925949
1 969103
4 944681
4 946072
4 913129
1 999918
5 966128
4 930783
2 907734
5 951871
5 925498
4 961330
4 999317
3 977789
4 960764
5 945923
2 996926
2 903807
5 998233
1 951534
5 993742
4 921965
2 978332
5 921720
1 982745
2 921586
3 901726
2 964219
2 934718
5 948158
4 990683
1 992926
3 947797
4 925560
1 947417
4 932794
4 968021
4 936932
5 968399
3 920272
2 943378
2 944840
2 984057
1 928651
2 995557
2 904776
1 909163
3 912535
1 926644
3 908263
4 998891
3 905704
2 989935
3 959528
2 961169
4 999332
5 971358
5 909407
4 901892
3 916597
3 977765
2 928952
2 926160
3 961244
4 936503
3 952666
3 981886
1 996805
5 967372
3 924928
4 996169
3 997112
2 917733
5 913439
1 944556
3 952079
4 941935
2 991087
3 931792
5 918094
3 925598
2 910748
2 912072
3 962028
4 906768
1 945490
1 981974
5 960713
5 950862
2 982338
5 918209
4 946924
1 908953
4 946227
5 999311
2 959316
4 950762
1 912362
5 907784
4 977710
4 988306
5 925601
4 956425
5 984795
1 932578
4 924760
2 962667
4 981515
4 944222
2 992456
5 931132
5 995162
4 939281
1 907244
3 958581
3 996782
4 907329
3 913180
1 931950
5 975471
5 935047
4 900363
4 1002
3 921465
1 969677
4 943829
4 907250
2 982981
4 1001
5 945302
1 931579
5 955215
1 914892
2 980452
5 979751
3 950376
3 939870
3 909635
2 975551
3 969973
5 912256
5 910744
2 928987
5 967140
3 993218
2 986840
3 922323
1 948012
3 974926
1 995950
4 995825
5 986816
5 984944
1 932960
4 996061
2 948545
5 989906
1 983664
5 925997
1 935870
2 901721
1 905303
3 948418
2 996561
1 966511
5 951347
1 957697
3 909848
4 952193
1 903758
1 999099
3 953620
3 901992
2 916307
4 988732
3 970864
1 902717
5 905177
2 947664
5 908242
5 955887
3 962598
2 969245
3 973088
5 987523
1 996882
4 915318
4 900764
1 942004
4 903492
5 968510
1 941651
3 969807
3 917404
5 935860
3 962083
4 910730
1 960671
3 998323
4 983120
4 978518
5 943327
3 974497
3 923999
4 942516
1 929320
5 984218
2 956876
5 978225
5 901916
3 992062
3 908247
3 969135
1 951086
3 982932
1 917973
4 907294
1 999521
1 920985
1 902938
5 944422
4 959141
5 996507
4 900357
5 965410
5 986118
4 939011
1 909968
1 905565
2 906637
2 910299
2 984091
3 915916
4 901815
2 961074
5 994654
4 986258
4 1004
2 983755
3 989989
5 949421
2 919100
5 949097
2 981276
1 953862
1 951631
4 907519
2 955303
4 931517
2 931260
1 975129
5 925957
3 967820
3 973380
4 994040
1 920978
4 934424
4 973305
4 927713
2 941483
2 967061
1 911004
2 917163
2 973266
2 966662
2 945537
5 928086
2 952731
3 922878
4 923994
4 908590
3 901197
3 951309
5 958437
2 967281
3 928737
3 988165
3 951737
2 902537
2 971383
4 982652
4 971609
2 979946
1 913113
4 965204
5 916555
1 917491
5 912694
5 965583
2 967586
3 945400
5 920487
2 993553
4 942158
2 907075
4 995714
4 999
2 931722
5 902105
3 973566
3 982890
4 960803
2 932665
4 922984
5 935165
3 999805
2 947209
5 900741
2 967501
5 938950
4 933455
3 900455
1 963629
2 916873
5 945394
3 913576
2 990671
4 975982
4 984150
3 974199
2 914938
5 957512
3 982696
1 989030
5 996420
4 975367
3 933422
2 979706
4 974173
5 958827
5 907961
3 919642
2 957703
2 925378
1 908269
2 984036
4 966335
4 901101
4 910853
3 997944
3 953371
4 948656
5 954170
4 967434
2 982807
3 970189
2 994133
4 999
2 980085
3 925379
3 942475
1 993990
2 960049
4 996
2 923745
3 942468
1 954857
1 914621
3 988720
2 903461
4 928190
4 952228
1 956133
4 906313
5 991665
5 915139
1 908894
3 963556
1 943093
5 969980
5 930416
2 957543
4 996834
3 927806
4 969311
2 930611
3 935642
1 939267
5 915199
3 986865
1 940724
3 990682
1 963029
1 987281
1 946302
2 909377
3 981586
2 998162
2 917619
1 999772
2 961922
1 912984
3 997199
2 903400
1 984161
1 909772
3 995611
5 958813
1 939122
3 965196
3 912297
1 984168
3 976689
2 950809
3 962092
5 901813
3 909196
5 946479
5 959454
1 981212
4 905080
5 928468
2 901870
5 966041
3 914435
1 919744
4 901689
1 924829
3 961776
1 975875
5 940251
3 902627
1 994099
1 935437
4 910886
2 950419
5 960760
4 997
4 919903
2 947523
1 980592
1 972038
5 978363
5 961469
3 946877
1 969464
4 959278
2 957908
1 903322
3 923647
2 953852
3 939909
2 959226
1 969193
3 924427
3 996839
2 978547
4 998269
1 952198
5 989042
5 949949
3 986282
2 967365
3 943554
4 973577
2 900620
4 916109
3 955137
4 989849
4 922821
4 906394
4 950603
3 911218
1 950301
2 973493
5 998374
5 975629
4 1000
1 925820
5 976652
4 930097
1 932367
1 949557
4 966383
3 954551
5 996775
3 901801
2 950462
5 953443
4 914813
2 969824
5 936569
5 966692
5 981481
4 968455
2 969765
1 985410
5 953131
2 992546
3 935306
1 990657
1 998428
2 909896
1 913232
1 919304
1 974100
2 948923
5 929417
1 903456
5 914842
5 974001
4 944574
3 906014
1 923015
5 933269
5 987824
1 971025
4 900734
2 901517
2 982750
1 935580
2 980862
1 988488
3 937412
1 970732
2 945243
2 946476
4 922800
1 917041
1 919070
5 922309
1 972396
1 968436
2 946398
1 999130
5 933554
5 985583
1 978176
4 947958
4 945402
3 958729
5 965964
1 934134
3 987488
5 908111
1 911801
2 956990
1 908739
2 988903
1 958368
3 979194
3 966977
3 985686
1 943579
4 952058
4 972011
1 974516
2 924664
4 913995
3 951861
1 907624
4 954336
4 915121
5 910232
1 981417
3 966615
1 930163
1 970939
5 975759
5 994013
5 940483
5 903549
3 987028
1 933406
4 930924
5 988258
1 985674
2 983377
4 968234
4 1003
3 965343
3 909668
2 959782
3 978815
4 912371
2 989607
1 926256
5 949856
4 962282
3 974816
1 923687
2 929938
2 913852
5 960533
3 935160
4 944617
4 950291
5 910285
3 961023
1 998307
4 999577
5 976892
3 921488
2 946371
5 984381
2 924315
3 929742
1 919890
4 937856
1 941488
3 983698
2 955373
2 903828
3 955032
5 903977
5 972814
4 976061
2 900168
1 951411
1 939503
2 934374
5 910237
1 936582
1 909691
3 992506
1 992583
1 938044
4 996500
3 919026
4 942545
1 977631
1 983910
1 916281
5 932146
1 905693
3 978593
5 959149
4 983253
2 960210
3 949223
4 974958
5 914028
1 988431
4 967243
2 932692
4 951961
5 957420
1 923354
2 983465
2 984539
3 907252
2 908372
5 963275
5 932584
1 966409
2 991133
3 956130
5 959566
5 903256
1 904913
3 961393
1 935958
2 985471
4 968134
5 976372
2 935458
4 950959
5 985985
4 905496
1 927458
1 942449
1 924648
3 925499
1 940789
2 901293
2 983553
3 906892
3 999615
2 924928
5 940175
2 919939
1 907512
5 912414
4 977278
5 948967
5 970118
2 952549
1 980114
1 908570
1 949756
4 970588
5 926209
5 985677
5 965795
2 933793
2 985751
2 937384
4 916006
2 984272
1 928003
5 959091
1 986284
4 998076
1 906907
3 914888
3 984756
5 967890
4 935458
3 912409
5 937812
1 938932
4 1003
4 943192
5 911182
1 921331
4 966571
1 973310
3 955681
4 920268
2 930582
1 925702
4 919911
2 927895
2 944780
1 921011
2 959643
4 998304
3 964219
4 959867
5 987111
2 971718
5 975158
1 997323
3 978306
3 930129
3 926214
2 993213
4 965227
5 972076
2 972528
5 933422
4 928281
2 925995
2 962933
4 966981
3 919687
4 918389
3 948785
2 942002
1 941892
1 926785
4 955781
5 959415
3 964836
3 990691
5 951378
2 960702
1 936137
2 912408
5 942623
4 913502
1 974405
5 979373
3 974372
2 927178
5 919951
2 970212
4 924155
2 961581
4 968732
1 941304
5 998974
1 970256
3 956903
1 947869
4 923457
1 998792
2 948553
3 953861
5 976543
3 957726
5 903173
4 931401
1 979849
3 972303
1 923836
4 915884
4 920967
5 958661
4 918365
4 932030
2 975571
4 980048
3 972799
3 977144
3 983602
3 948372
5 913345
1 979281
2 973034
5 934106
1 901741
1 910477
4 977851
3 979920
4 906556
4 962597
2 988133
4 938847
3 910765
1 926269
4 996197
3 971241
3 963697
3 935282
2 934736
2 904227
5 968217
3 929091
4 934948
5 908503
3 932252
5 957654
2 948822
1 971411
2 982862
1 900222
2 994489
5 984814
5 913744
3 943941
2 989428
5 941645
3 981941
4 996832
5 964066
5 937643
2 944144
2 974494
2 965871
3 972315
4 993963
2 906456
1 960339
1 929206
4 998335
5 946408
1 972212
4 942117
1 999213
5 997946
3 974437
3 979146
1 955072
3 969850
1 919269
5 937256
2 912844
4 920788
5 908230
4 930431
2 970874
1 960307
1 953660
4 931538
1 959108
3 933441
5 968596
3 942170
2 991986
4 961196
5 987170
5 994724
1 908950
3 976410
4 930370
2 962276
4 938553
1 975717
1 986173
3 968962
4 992058
3 997281
5 981863
1 963034
5 937054
4 926813
2 963102
3 905493
1 972729
5 974806
5 942337
5 925081
4 975163
5 970730
5 912463
2 943613
1 964126
4 929525
4 995717
2 960957
5 981843
1 939506
4 981923
3 999237
4 925418
4 940642
4 902716
5 982590
2 976876
2 924546
3 922381
5 962024
1 978981
4 982638
2 959625
3 916216
5 952604
2 927779
2 965937
2 946830
4 990689
1 995078
4 938494
4 910785
2 958494
5 940730
5 902276
5 931614
2 961708
1 944544
4 905110
2 900712
5 952513
3 934804
3 984822
5 931152
5 943366
3 900789
5 947234
5 941825
5 942076
3 997348
3 999215
3 917972
2 917149
1 924146
3 972352
2 955247
3 902862
2 946053
2 996178
4 990616
3 947817
3 967097
2 939983
5 989610
2 974264
1 908002
1 928210
2 918232
5 950360
3 963455
2 927360
1 994481
5 961501
3 946769
1 917674
3 995178
5 994804
4 961075
2 989908
2 941006
2 996082
3 923627
3 978944
4 901858
5 907870
5 927343
3 932803
2 939895
4 986564
5 931591
1 932823
5 969999
3 948045
4 932083
4 958608
1 982888
2 932000
4 1002
5 905138
2 970235
3 940343
1 912811
1 923925
5 1232
5 950607
4 949588
2 947143
2 970854
3 979898
4 960868
2 910010
3 923035
3 982456
5 981475
5 956337
1 974735
5 930859
1 974643
3 951391
3 951370
5 985041
3 965600
4 921236
1 908764
5 984715
3 911672
5 919202
4 990703
4 910550
5 910834
5 988091
5 942062
4 926534
1 952653
1 924382
3 918455
1 934069
1 933275
1 993853
3 937196
5 961067
4 989934
3 920041
5 923147
3 936090
3 941566
3 969991
2 921331
5 932888
1 931571
4 958771
3 983674
3 925770
2 981870
4 901875
1 975608
2 995221
2 962259
5 907889
1 962000
1 992747
2 989064
5 994494
5 965360
3 976889
2 984855
1 996534
3 966312
4 959536
2 951038
1 987836
4 942770
5 981115
5 942086
2 979067
3 965836
1 932060
5 953818
5 916143
1 941041
1 991931
5 934954
3 902837
2 985277
4 924021
2 961882
4 950144
4 918589
4 959495
4 927946
4 908286
5 916961
1 960163
2 982109
5 936557
4 956549
2 976652
4 947813
3 999029
3 957509
3 976266
1 921155
3 955942
5 977318
2 961979
4 922240
4 912358
1 953752
3 939646
2 996157
1 944666
2 991428
2 904675
1 939348
5 998221
1 926466
2 919106
2 975891
1 924518
5 928797
5 951396
2 966197
5 932017
1 902601
2 930759
1 914423
5 980965
4 911960
1 931545
5 951100
4 996528
5 921962
4 952139
1 991336
3 993843
4 972808
4 970365
5 977659
1 956202
3 954431
4 975508
2 943952
1 971303
4 964837
4 902302
5 922921
2 908475
3 915277
3 917169
5 987152
3 938979
4 911639
5 907973
4 943630
3 931123
1 946120
2 969757
3 932300
5 913122
1 975547
3 922361
1 973730
2 935978
2 933628
3 959194
1 916262
4 951100
3 966268
3 914158
1 902901
3 937142
3 908144
2 904499
4 954493
3 979439
3 997750
5 971345
5 987948
3 988225
1 980674
4 907627
2 962117
4 943350
3 979127
5 972134
3 982932
5 903947
2 936986
2 952993
1 903612
5 975189
2 931646
1 947154
4 934717
1 979638
5 951994
5 997710
4 948193
3 979370
5 941466
1 943118
3 906686
4 973030
4 996835
2 936736
3 927093
3 948732
2 915483
2 975769
4 1005
1 961379
1 918631
3 980581
2 968517
1 925253
3 926322
1 979522
2 931628
5 993396
3 995150
4 990397
4 999724
2 935747
2 996222
2 905645
1 934320
4 958934
2 945503
2 906274
5 900585
2 915637
3 959834
2 942269
5 978532
4 925206
1 941491
5 987447
1 960568
3 970291
4 900585
5 925543
1 924073
3 988968
2 972239
3 956409
2 948863
1 937974
3 900588
4 921519
3 911302
1 953843
1 902042
5 999894
4 997737
1 957851
3 990315
4 954517
2 986324
3 955058
4 967978
4 955889
4 943669
3 908861
3 931540
4 919370
2 962724
2 985976
1 992771
5 953198
1 924317
4 918135
3 915458
1 934118
4 953485
1 950186
1 992199
5 904181
4 958834
4 914770
4 954868
2 945581
1 968447
5 970293
4 914725
2 962903
4 977216
3 923541
1 937069
3 929207
3 976174
5 965851
4 903226
1 932664
2 950590
5 985285
2 948271
5 998212
4 915051
4 940456
4 917693
3 914407
4 920732
3 978767
3 983291
5 952146
3 986908
5 986841
1 979850
2 945388
1 944663
1 963126
4 951986
4 981173
5 934532
5 939857
3 907829
1 931523
4 993479
3 961810
1 982329
2 912784
5 982265
2 933495
3 939890
1 965973
4 943470
4 954797
2 912290
5 914451
5 975104
3 990463
2 967630
3 956586
5 985935
4 943944
1 938484
4 910800
5 970849
5 930314
3 934958
3 936444
4 954159
4 969533
2 908494
2 948463
2 995462
3 910879
1 909700
2 975504
3 982400
3 935983
3 961380
4 929271
2 974777
1 915041
5 957301
5 949164
1 921451
1 921954
1 967226
3 906205
4 998451
2 982133
5 928832
5 993483
4 983203
5 977847
2 994543
4 964982
4 920666
1 959812
3 975507
4 968967
5 920847
2 911480
3 961812
3 978169
1 922239
4 913886
4 964985
3 994735
1 948597
3 996287
4 973231
4 958527
2 971760
2 907731
2 912633
4 926264
3 971394
4 964700
2 963188
4 940424
1 952657
4 973211
5 922298
3 908955
5 999919
4 936316
4 980409
1 904718
3 959553
3 905083
3 971845
3 903364
2 902572
1 902024
2 998381
4 961732
4 953111
5 900084
2 974568
2 948469
5 920626
4 912696
4 908246
3 934720
3 917872
2 960739
4 907377
5 939675
1 907573
4 904232
2 966343
4 988457
3 995101
2 942786
3 954646
4 940433
3 908422
2 914017
2 991104
1 932680
2 938422
3 966127
2 946112
1 982437
5 939035
5 964153
4 914885
2 960206
4 918035
5 941858
2 999491
4 924144
5 919438
5 958146
3 973600
3 965757
4 957623
4 990042
2 951438
2 922155
2 927086
2 924150
2 924991
4 975644
1 924846
2 971192
5 910151
3 911758
2 969682
3 999052
5 921042
3 921549
4 963914
4 913727
3 902922
2 914232
4 905511
3 941412
2 933146
5 979512
4 950436
3 953987
1 970833
2 949709
3 995224
3 925698
4 907529
1 989939
1 901194
1 995463
1 971002
1 926486
3 963028
3 982924
4 963576
3 985863
3 939373
1 916458
5 964055
5 927476
3 914798
2 952870
4 986738
3 936975
3 970135
5 979190
5 919402
5 942817
3 917420
1 942962
2 971498
5 906987
4 999
2 950774
5 902094
2 907844
2 957486
3 962621
1 937958
2 990202
2 908277
3 984417
3 927689
5 959950
1 974764
5 916146
2 950021
5 908061
1 933730
4 993151
1 910903
1 909029
2 912077
2 919502
1 984452
2 931958
3 986211
4 939775
2 941295
1 961328
2 959629
2 984122
5 964370
3 956306
2 912718
1 992596
2 939622
4 944873
4 978765
3 983032
3 990723
2 908918
2 990160
1 935778
1 906777
1 987325
2 979703
3 956887
3 953507
5 986703
3 905744
3 908589
4 961932
4 935282
5 953106
3 950308
1 998767
1 927342
5 902452
3 959821
5 914008
5 978869
1 923136
4 925186
4 997898
1 928602
1 925672
3 961290
1 958011
4 942018
3 991870
2 940936
2 980275
3 954280
3 906319
4 916032
3 987400
5 956447
2 969161
4 939272
4 997283
2 953321
2 942830
5 917142
3 904367
5 900175
4 985549
5 987642
4 995
3 965315
5 927274
1 972661
2 986669
5 965810
4 934616
4 991039
4 906475
5 979693
4 986143
5 964985
4 997
1 937457
2 970356
4 956760
3 945416
2 924589
2 901434
3 922272
3 972693
5 968616
1 951183
5 971475
4 969299
4 902691
2 919543
2 996241
1 925139
5 983049
5 993338
2 968441
3 900092
5 972127
5 981640
3 983580
5 934750
5 967530
3 982043
1 964694
1 943843
1 916440
3 976775
4 988650
3 975823
5 951141
2 969146
5 930202
1 958356
4 926976
3 968303
4 957350
1 983545
3 963895
1 966012
2 971588
5 940150
1 961516
2 918180
1 935391
1 926163
4 957809
4 920025
1 980819
2 917664
1 955512
2 915553
4 901095
4 933863
4 957519
5 942607
2 992528
2 921204
4 948262
2 986501
4 991730
5 958212
4 907742
5 945828
5 959172
3 963106
4 901427
5 995190
3 991219
1 944681
1 954541
4 928437
5 902242
4 984698
3 938672
2 942509
1 903384
3 940396
5 968766
1 918192
3 987110
4 999932
4 978694
3 938532
1 903941
2 989960
3 983800
1 975828
1 926027
5 943064
2 916337
2 961615
2 984123
2 912336
5 945980
5 971413
4 981787
4 986804
1 944256
4 954806
1 929725
4 962052
2 926003
5 929756
1 946398
2 924335
3 975375
3 918830
3 994745
5 936497
2 969443
5 991921
2 980544
1 977767
4 932760
3 959384
4 978989
5 917250
5 974100
1 978987
2 999289
3 949666
5 982844
5 906654
5 912483
1 981813
2 977359
3 997417
2 905821
3 994738
1 918919
3 945183
4 931252
4 994649
2 987853
3 934909
4 985868
5 921940
1 909093
4 930917
5 993058
2 954137
4 965111
1 933620
1 970436
1 967088
1 906355
5 987881
4 963124
5 905185
5 914505
3 916578
1 969998
4 937700
2 934653
4 900740
4 904021
1 955862
2 947726
2 963442
1 993693
4 930928
4 951150
2 958843
1 913623
1 952486
3 983470
5 926123
1 994817
2 958948
2 997546
5 980270
4 941976
1 961939
5 981719
4 909942
4 953522
1 943199
5 984126
4 984995
4 918606
3 974678
3 972196
3 952808
4 945016
3 962748
3 915167
1 963312
2 960976
1 981541
3 947404
5 930994
5 974387
3 965493
3 960233
4 995344
4 910982
1 906956
2 912206
1 991257
2 953514
2 919839
2 914184
1 925685
1 955033
2 968758
5 934564
2 994640
1 956910
5 927322
4 955221
5 982183
1 960480
3 923321
4 932380
4 928448
2 953102
2 947267
5 963605
4 947954
4 967413
1 912511
1 923988
4 908707
3 902548
4 925136
5 922512
5 993708
3 994756
2 912227
5 907496
1 944408
2 927233
2 905723
1 971046
1 939980
5 964120
5 921355
3 968999
2 998065
5 926290
3 930078
1 923045
5 932621
5 958178
1 929753
2 969957
1 975280
5 915690
1 928513
4 977445
4 937205
4 934509
1 929986
4 906009
2 921490
4 968361
5 992438
3 983268
3 910129
2 982400
1 937767
5 965525
4 973174
4 928465
1 928372
2 973092
1 917333
3 946088
2 909117
2 923294
4 971354
3 910795
5 965392
5 912380
3 911859
2 996945
3 933792
5 961390
1 963085
5 924106
5 990118
4 996
2 967813
4 979261
3 998127
1 998323
1 989781
4 953022
5 948755
3 952724
3 966509
3 932478
5 914002
1 925525
5 914023
3 965201
1 949017
2 906220
4 996
3 914646
5 935314
5 918323
3 959740
4 993599
1 929202
3 931669
5 986451
3 944832
5 955746
4 980156
1 917876
5 922095
4 922609
5 912823
2 998340
2 925465
2 952403
1 999518
4 963889
5 969308
1 953012
5 975314
1 975927
5 922765
4 945967
1 953023
4 961231
1 979227
4 946240
2 902991
5 935113
3 911849
4 932841
4 988076
5 936335
4 960165
2 936628
2 970423
2 907843
1 953668
3 969823
3 910630
4 987017
2 973502
4 975488
1 927332
5 957779
3 916685
4 982930
1 988225
5 975991
4 979987
4 971833
3 951288
2 946157
3 934236
5 934712
2 978395
2 972059
4 997086
5 951611
5 963171
3 999231
1 936391
1 907616
5 912759
1 948617
1 960733
4 928181
1 949990
3 919067
1 916684
5 944317
2 963560
1 984644
5 955038
4 915353
5 965122
5 907437
5 926650
5 936236
4 907783
4 949493
3 959193
3 941413
5 951973
1 931982
3 951879
1 909927
4 900806
5 918032
3 977296
2 918846
3 986958
1 902536
3 909606
3 901480
2 984894
4 902116
1 942714
2 940211
3 907262
3 913887
2 944782
2 938133
1 945562
5 965993
5 942926
5 904469
2 923626
4 972644
4 908776
1 977327
4 918994
2 975337
5 999152
1 903327
4 971772
3 922621
2 923229
2 936535
4 944139
3 903530
4 938479
4 911692
5 956488
3 986735
2 967086
4 958378
4 912149
1 961953
2 940373
5 926602
1 957007
2 929471
2 932960
4 957357
2 990113
1 927852
4 991922
3 906491
3 995436
4 1000
2 994947
5 928647
3 920306
2 991703
2 950339
2 946713
4 946451
2 959524
5 940427
5 975901
2 991885
3 908131
3 914278
5 952001
3 996450
1 996133
1 925805
4 926875
5 990294
4 953488
5 984033
2 953485
4 927898
5 933064
3 948471
5 992397
4 935250
5 995554
1 908242
5 961970
2 941899
4 961870
1 979798
3 971238
5 998214
2 976791
5 964732
4 938672
5 984654
2 997110
3 998710
4 977271
1 970008
2 957620
4 970687
3 960340
5 912132
1 908711
2 901053
4 916794
4 964889
1 933048
3 935529
4 974249
5 944781
5 953579
3 930450
4 969946
5 924940
5 925426
5 931331
2 966524
4 966381
2 953048
1 981684
2 947545
1 911447
2 996047
5 912437
5 989381
3 958080
1 945038
5 958314
4 955386
2 952644
3 989393
5 971438
1 964370
4 900821
5 969000
5 968263
2 972071
4 918909
1 937979
4 903053
5 949470
2 914445
2 975271
5 935243
3 912283
5 964354
1 959910
2 995807
1 914324
1 945473
2 983832
5 961539
2 974931
4 902547
4 929537
1 991582
5 969043
4 926053
3 939922
1 954069
1 984201
1 984392
1 980830
1 998403
5 910169
1 941700
1 925738
4 910747
2 913725
5 907488
4 995
3 905909
3 931004
3 952392
3 900695
4 921784
2 918581
5 900205
1 978831
2 936673
3 949269
2 950251
4 978448
3 995306
2 935628
1 947784
2 955745
4 1000
2 940620
3 955120
5 938760
2 917883
5 978455
1 941369
3 924614
2 901243
1 985101
4 925796
5 972376
1 985922
3 934270
2 921135
3 906331
1 999335
4 902662
4 939230
3 955681
1 926603
5 946963
1 962299
1 908081
5 903709
3 979331
1 907669
1 950464
3 952917
5 903569
1 969383
3 953875
1 906398
4 974306
3 973905
3 937232
1 951853
4 931480
2 991539
2 921367
4 903981
5 948628
1 981305
4 935478
2 972519
1 953587
1 992757
4 941088
1 965905
3 920627
4 932367
3 984624
4 907075
4 919322
1 949953
5 939115
3 991693
2 970938
4 900510
3 977793
3 934099
5 951180
1 924884
3 905258
2 909898
3 978627
2 984512
1 982777
5 954684
4 965667
5 955678
5 945415
4 996215
1 913218
1 920306
4 994785
2 925063
5 946183
5 988216
5 927819
3 909655
4 949599
3 935085
3 953363
5 923034
2 915689
3 938623
1 937607
3 949157
2 980646
1 982053
5 960309
2 964543
2 992497
4 989766
3 970164
4 946078
1 943690
5 962545
5 996548
4 944068
5 900344
4 938787
4 947215
1 906719
1 913395
5 901414
3 994881
1 962631
1 961553
1 959862
2 934599
3 935109
4 1005
3 977330
2 930911
4 968248
4 943618
2 999844
2 917993
1 986021
4 947809
4 997450
5 943377
2 904656
1 974167
2 983360
5 953567
5 922695
5 927891
1 998193
1 964267
2 961424
5 998795
1 958312
4 915552
1 968857
2 951922
4 968919
4 931579
3 982888
4 959161
5 943015
4 934733
4 988624
5 948078
2 997728
5 929843
1 949065
5 953148
3 921786
3 927797
1 976501
4 986729
1 990441
5 954887
1 929946
3 906450
5 988813
5 926234
5 901203
5 924541
5 917651
3 990695
2 962524
2 910843
5 945989
3 950667
1 961826
1 993756
5 903181
2 990317
2 988504
1 943651
5 964978
1 972218
5 914953
4 907432
3 925290
3 937408
4 994932
1 925521
5 911594
4 932285
4 955523
1 945285
2 921979
1 927871
1 917563
4 997084
5 914711
1 901381
5 990989
3 962287
5 951387
5 908347
4 961387
1 918946
3 932731
4 947688
5 918163
5 903692
4 971909
4 926160
2 965825
4 949822
1 999573
2 938772
1 985061
3 964195
2 910172
1 926954
4 960997
2 945309
4 918879
1 978652
1 920395
1 932662
3 948943
2 994390
3 901871
5 948873
3 950313
4 980042
4 992648
1 936441
2 930564
4 982056
1 962512
5 909194
2 901833
4 974246
4 992824
3 926091
4 938527
4 983322
2 979801
1 912082
2 917693
1 963060
3 994729
4 977809
2 986722
1 949182
4 939663
1 918515
5 911693
5 948489
4 913291
5 962785
2 982637
4 921721
2 935770
2 928362
1 919905
5 941082
3 976385
5 998606
3 995432
2 938337
2 912940
1 963975
2 997865
1 932872
5 949318
5 950887
3 961183
4 959833
2 993102
2 981155
4 916864
3 991551
1 994834
4 993214
2 935462
5 990913
4 906752
2 958478
4 970971
3 954376
2 992351
5 911480
3 907981
2 924075
3 913476
3 909054
3 917387
4 939385
5 974307
2 984153
5 917009
2 926158
1 988283
5 908817
1 908119
5 995777
4 914511
2 970042
5 960482
1 913586
4 951830
4 939182
4 973813
3 985560
1 955163
3 922516
4 982505
1 913325
3 968147
4 904901
3 917368
1 969273
2 958825
2 960326
2 994305
3 994130
1 993130
5 996320
1 930458
1 930037
2 926406
1 919545
5 902288
5 961419
2 979066
5 930766
3 903494
3 956377
2 914074
4 988466
1 987042
4 963238
4 980090
4 919207
5 931215
1 990461
5 932448
2 969939
3 918622
1 961450
5 951323
1 958609
4 975282
1 923289
1 913296
2 988538
1 904754
1 914249
5 934811
3 932052
5 983616
2 919901
5 965725
4 900693
4 941739
3 964073
2 988311
5 953711
5 937888
4 988462
5 982153
1 929050
3 944544
2 975808
2 949413
4 952617
5 985853
4 932640
2 901639
3 971862
1 924495
5 913875
2 970418
1 977257
2 996721
3 918702
4 999478
1 998537
3 908077
2 908460
2 994573
2 900063
1 953157
5 952741
2 968032
3 984742
3 936061
5 940358
5 980521
5 951160
1 935804
1 963864
2 916751
2 986929
2 956601
1 965337
2 940252
3 929076
1 915758
2 941337
2 937932
5 997775
4 912916
3 946851
5 993567
2 927684
3 989505
4 969798
5 973660
5 975751
2 943259
1 919027
3 911403
3 942952
4 919003
3 972514
5 915340
3 903208
4 940296
4 914653
5 913537
1 927982
4 966204
2 968563
4 913169
5 906395
2 981638
5 939208
5 969416
5 964829
2 985542
5 938593
3 977688
5 924757
4 970605
2 906305
5 952922
4 996005
3 985696
3 968545
5 954150
4 927801
5 915425
5 913692
1 923925
4 956669
1 945407
1 956138
1 970728
4 964674
4 926741
2 951623
3 950057
4 906878
2 995093
3 977135
4 949411
2 978147
2 979865
3 983725
4 997
3 970453
4 938638
5 960751
1 987702
5 920594
4 938301
5 988056
2 999327
2 945251
1 935097
5 984800
2 998433
1 962559
5 927218
3 982913
1 995491
3 919053
5 993809
2 905354
1 962801
5 943442
1 921595
1 940482
5 903643
5 924800
5 952224
5 993583
4 995965
3 901966
4 981099
2 965312
4 952728
5 942358
3 945256
5 969023
3 971740
5 981839
2 989206
4 1004
2 957909
1 979306
2 969138
1 941688
2 933503
3 972812
3 924465
2 944842
2 929094
5 949376
5 977555
4 983158
2 906636
4 908569
3 977488
4 911050
4 985143
2 959633
3 998915
2 940211
5 986143
1 940645
2 990213
5 909244
2 939641
2 917960
4 965286
2 930512
4 927976
1 927610
3 910499
3 916139
2 937238
1 958458
5 957718
5 977098
2 951800
3 958461
5 957592
3 956240
3 949146
2 926133
2 969309
2 906687
1 917222
1 986626
3 967415
4 970432
4 947947
2 936958
3 998935
1 995865
2 972499
5 921271
2 982569
5 976578
3 980195
1 956257
5 975953
2 972698
3 949362
1 929298
2 903043
1 934400
3 966409
5 920798
4 974652
2 942163
1 974800
3 970847
5 993752
2 987958
5 931199
3 949814
2 948375
4 968010
4 926443
2 923952
1 922704
3 906646
3 919689
3 966412
3 934908
5 907693
4 977378
2 903947
1 901730
1 949588
1 980146
5 940410
2 904684
5 938251
1 963511
2 983688
2 976684
4 969737
4 973971
5 970373
1 919709
4 955452
5 965746
1 944386
2 904262
4 983762
2 993660
4 947576
1 914339
4 945256
4 1002
5 941673
4 959522
3 906691
1 960246
4 941003
2 934596
3 904762
5 976042
5 976724
4 966667
1 956841
3 937657
1 901195
2 940312
4 911385
2 942373
5 964109
5 996478
1 939992
2 973967
3 946261
2 969540
3 911326
2 921403
2 937093
3 958812
5 976431
2 946740
1 971089
4 915580
1 930733
3 948410
4 950996
4 938597
5 941957
1 915297
1 967842
4 954205
4 996213
1 908649
1 976467
4 949398
2 972562
5 949351
2 991981
1 999521
4 989838
4 966503
4 929752
2 934255
5 974013
3 933248
3 994989
2 954368
5 988273
3 903080
1 981013
4 923001
4 998402
2 930774
3 909455
3 987211
3 982969
2 966536
1 983192
5 909278
5 997830
3 975179
1 962020
4 944684
5 930107
2 993537
5 970144
2 947264
5 981669
4 963249
3 949201
2 996510
1 939003
5 918764
2 912516
1 980726
4 977837
3 982660
3 913897
3 915125
4 946760
2 903212
3 992161
1 950331
3 945384
3 909828
4 932214
5 903433
3 919497
3 962439
3 965475
1 909181
3 937501
5 944226
2 933567
5 968132
2 988676
1 966087
2 921091
4 991315
1 964648
1 927673
4 945909
1 997631
2 967481
5 981242
4 939522
4 942177
5 946749
3 947670
2 985777
2 934754
3 985505
5 902398
5 996118
1 900701
1 990533
1 978888
3 983138
4 911019
4 926951
1 957417
2 988430
5 929543
4 949876
4 920527
1 990239
4 968948
4 962877
1 917156
5 940190
5 957103
5 994110
3 970671
2 963493
1 926741
3 970097
5 933426
3 939723
1 950656
2 971880
1 909532
2 963137
1 952442
1 924476
4 1004
1 978971
4 917590
4 965539
1 936094
4 957165
1 931613
2 936213
3 936672
2 917904
4 945043
4 949977
1 947816
3 948768
4 993590
3 966969
5 938403
5 972934
1 963785
3 988816
1 904550
3 904438
4 904224
1 992515
4 936136
5 992488
3 962071
4 965870
1 910333
3 904963
4 948716
2 928528
2 939172
3 982569
3 930698
4 979125
5 948918
1 934664
5 980202
2 931523
4 958529
4 905330
5 927083
2 993942
1 944141
1 939401
2 969168
5 900051
2 984208
5 948040
5 973481
3 926661
1 936275
5 981442
3 987761
1 911799
1 949837
1 984430
4 914962
1 927399
4 987162
1 956362
4 906950
2 998669
2 907435
2 957569
2 941083
5 991661
2 995436
4 918135
1 937422
5 995040
4 968655
3 925597
2 954146
3 980704
1 983247
2 924624
5 909593
2 957953
3 971834
4 1005
3 947476
5 931220
1 987578
4 961481
5 962037
1 992172
2 952097
5 955540
3 919580
2 935633
4 951314
4 914851
4 936836
5 933663
3 987664
1 974041
3 946453
1 984080
3 977129
4 942631
4 919963
2 926629
5 999599
4 929403
1 940198
1 925150
5 935713
1 912857
2 963749
4 995
5 941770
1 909691
2 941890
2 977605
1 956806
4 935526
1 935173
3 918926
1 970217
5 942412
4 974649
3 917845
4 910772
3 960414
2 981976
5 909090
4 947888
4 944151
5 907598
1 930015
4 990879
5 920346
3 918431
4 982544
4 936382
4 998661
2 907663
5 935338
1 991066
1 922532
3 941877
2 931574
4 963697
1 901245
5 997363
4 958864
2 944963
2 939178
2 979424
5 917449
5 974635
5 983462
4 915858
3 922468
3 951857
4 948294
2 928301
1 953524
2 969345
2 924256
1 956284
5 921898
1 943556
3 936090
4 946834
3 934065
5 966169
5 948851
4 913640
1 931993
4 976752
2 906029
1 996017
2 927594
1 917406
4 937508
1 913077
1 988006
5 931945
3 939966
4 979827
4 901322
4 949916
3 946307
1 942688
1 964594
2 978955
2 911991
4 955796
2 969330
5 951903
2 926521
3 910494
3 925747
1 951752
5 962450
3 984881
2 958412
2 972535
2 966425
5 980326
4 963506
5 941870
2 901153
4 919464
2 956648
5 924447
5 993148
2 992574
4 998908
4 908595
5 900706
1 920207
4 940497
2 999734
5 956921
4 956911
5 971712
1 926764
4 908272
4 955458
2 938277
3 910907
1 982369
4 951096
1 991468
1 957224
3 946084
2 974841
2 978830
4 955769
1 920052
4 977477
3 955982
2 933186
4 929099
5 961500
5 912770
4 951114
3 972368
2 920784
2 959593
2 953510
4 991679
3 959534
2 921671
4 909797
2 925831
3 931206
1 930201
3 926266
5 993094
2 915441
2 917572
5 909574
4 995
1 907115
4 907169
2 921791
4 964218
3 978852
4 958274
4 987593
4 924354
1 987081
4 942428
5 936336
4 902205
3 973893
4 976075
5 986126
2 946687
2 964747
1 960167
2 956593
1 923980
2 972491
3 938971
3 971982
2 987083
3 924237
5 912169
5 912785
5 947749
3 923501
4 973249
4 952290
5 943860
3 979388
4 999968
2 960467
5 990736
2 961296
2 927710
1 939383
2 999627
5 967013
5 914538
4 941552
1 985039
1 989770
2 952196
2 946890
3 976580
5 910793
5 957823
2 959104
3 942303
3 928506
4 927597
2 947429
5 908264
3 906811
5 963348
1 987541
5 920408
1 921454
3 991420
2 915521
5 945843
2 976020
3 996757
5 983774
2 965912
2 951854
2 913786
3 985031
3 922399
2 983281
1 932439
2 976871
4 915821
1 910332
2 968804
2 906058
5 916569
3 993187
4 933098
1 902807
4 957109
4 940559
3 949204
5 989051
2 925665
3 987189
5 982208
4 980913
5 917814
5 919395
2 994483
3 992666
4 963067
4 973157
1 931985
1 958107
4 964128
5 935738
2 900402
5 982212
5 968389
5 956450
1 928375
2 936052
4 929349
1 969482
3 952419
1 935704
5 903026
1 989117
4 986226
5 971992
3 974286
3 977121
1 924520
4 968124
2 908195
5 908282
1 990850
4 925960
3 929105
4 916041
2 996541
1 987756
2 997886
5 962199
2 903723
2 965299
1 986741
5 937890
5 997002
2 973985
4 989208
4 972895
5 987287
4 910242
3 935039
1 925172
1 957402
3 947977
2 996062
5 942497
3 930882
4 978673
2 922481
1 916063
3 974150
2 956967
4 952257
3 994422
5 971191
3 944744
4 998144
4 998352
4 990488
4 991747
5 961605
2 917689
2 940889
1 956060
1 932096
4 956758
2 909485
3 951197
4 916950
2 950939
5 903126
5 967106
1 952168
4 928366
5 995495
4 942813
2 936001
2 962214
3 906633
1 912515
2 917059
3 990271
1 915688
3 991693
2 927296
2 987890
4 905621
3 954317
5 905656
5 955810
5 927829
4 953026
5 929087
3 925902
5 993761
2 944246
1 916102
5 912189
5 953807
1 944159
2 980711
3 990321
4 919006
2 982493
5 981667
1 943284
3 935640
3 955664
1 905122
1 987825
3 939609
4 919015
1 986810
5 906438
3 942155
2 977701
1 936985
4 989150
3 994658
5 930033
3 939626
4 901884
3 927044
4 959603
2 920589
4 928931
4 976871
1 928968
5 982371
4 936975
3 998582
5 929128
4 973096
3 946524
4 936865
1 960156
3 939635
5 954131
2 910662
2 935421
4 965432
3 962831
2 985702
3 986566
5 954908
4 964808
1 941101
2 923331
2 954466
4 958108
2 914884
3 906037
2 946052
4 924270
4 948079
1 980492
3 975902
5 909243
3 921032
1 925710
3 942029
1 939457
1 994027
5 927264
1 968369
4 972143
1 993952
1 928730
1 966792
5 988312
3 943185
1 953585
1 953803
4 983030
2 947507
3 990139
4 931988
5 944348
5 915281
2 940939
1 942669
3 959540
1 911902
2 925696
1 900054
1 992913
5 961157
2 904644
4 948593
2 965932
3 959251
2 928983
4 919223
3 964532
1 977481
5 946187
2 949184
1 909648
2 944274
4 914798
1 906121
3 988155
5 922389
1 965820
1 902497
3 930084
5 980593
2 972361
3 953931
4 907744
1 958317
4 976665
5 969102
1 985339
4 927290
2 947042
1 955411
5 961335
3 985193
4 900840
4 917700
4 974795
5 971277
4 933452
5 973641
4 959116
2 988363
1 981945
2 996473
5 987579
5 981440
4 916923
4 968769
5 994428
4 990124
4 917371
4 902679
3 968736
5 949072
1 933345
3 987029
4 965374
3 940053
4 954994
4 993545
2 975578
5 979780
3 931841
1 985505
4 914097
4 910592
5 965039
2 975098
5 968518
5 939472
5 952042
3 955443
4 951209
3 900976
1 903148
3 978095
3 911496
4 959471
4 985034
5 903286
5 929677
1 979358
3 901254
1 951927
4 900337
5 951765
2 952842
1 942769
4 955416
3 973020
5 951707
1 929823
5 984715
2 915660
5 977359
5 905442
5 954798
5 916987
3 982937
5 917187
2 940950
3 990863
2 938384
5 965953
3 918717
3 990589
1 938417
2 975769
4 936176
2 989636
2 973067
2 950571
1 948543
1 956658
3 941039
5 941721
4 917814
4 978803
2 979961
4 936530
5 971976
1 929437
5 905223
2 927827
4 998
2 976416
3 952051
1 920409
5 958818
5 985439
1 927270
1 918968
3 968066
4 979449
4 908339
1 906924
3 972925
2 901661
3 944077
2 915226
3 916325
2 971296
1 944658
1 975245
4 985370
4 908814
3 959719
3 960743
1 998102
3 926843
1 957630
2 911317
2 919959
5 903173
3 926355
1 984194
1 965571
4 924659
5 985168
4 956808
1 995580
2 926456
3 978414
1 996214
3 913620
5 985312
5 933395
2 924688
5 986708
1 927500
4 940721
4 996420
2 940710
4 964899
5 926577
2 900456
3 965865
1 961925
3 919541
2 976314
3 995640
4 932188
2 950856
3 968482
4 983766
1 907905
2 970952
4 998
5 936647
3 973508
4 940858
1 980940
2 971031
1 907398
4 912905
3 933658
4 950477
4 984311
2 948968
3 904078
2 967993
2 971292
4 900772
4 971544
4 953429
3 964705
5 992975
3 907664
4 936187
2 955396
2 917410
3 967606
2 965898
5 911723
4 912815
4 929552
2 996664
1 965262
3 933446
5 990375
3 944770
1 939022
5 999477
1 951767
2 961609
1 992251
2 911898
5 929336
2 975062
2 998178
4 954157
3 937384
5 902527
4 931256
4 971879
4 997808
1 947832
4 975033
1 977260
1 999544
4 996676
3 986051
5 966919
4 982028
3 992642
2 936213
1 950879
2 988303
4 921480
5 914424
3 945229
5 990818
3 981853
1 915268
3 926987
4 950910
3 946745
3 974210
4 908130
3 919016
2 913858
2 933370
1 948427
3 991310
4 976603
2 944145
2 971640
2 958873
1 984622
1 944614
2 967619
4 933092
5 909744
5 925351
4 987515
3 998417
4 964715
5 931282
4 968967
4 972981
4 910079
2 924024
3 911949
3 962705
3 911205
4 954091
3 927086
2 983503
2 962425
3 958888
3 982689
4 975094
4 910307
1 921644
4 944159
3 946366
5 985342
3 968625
5 978305
2 960867
3 902544
5 944295
5 926496
1 908194
2 992806
5 935669
3 949859
4 982713
5 982088
3 933856
2 971960
4 985618
4 948322
4 972044
3 927609
3 989005
4 964995
3 972288
4 936313
5 911774
5 922582
4 949320
5 960560
2 913009
3 998254
4 966141
2 952534
1 976165
3 954644
3 912135
1 950546
4 909723
2 974528
4 952378
1 903939
2 978214
5 975466
4 939160
5 900736
2 978175
4 937259
1 903099
2 973741
5 931550
5 916957
1 909414
5 902682
2 925235
5 989823
4 923157
4 997010
2 915957
2 912746
3 946605
2 957531
5 940610
4 919530
3 970321
5 985325
1 992488
2 997003
4 935395
2 979206
5 909905
3 969834
1 926907
2 952772
4 909105
5 949981
1 946696
4 908448
4 904095
5 967791
1 993193
4 908396
4 933365
3 946440
4 913769
4 925606
1 979145
3 973128
4 998453
3 960799
4 998
3 958192
4 975313
2 938095
3 923707
5 921123
3 900021
4 985118
1 959260
3 928235
3 963119
4 907054
3 910042
4 963553
2 996071
1 931839
3 910427
4 979302
3 946586
5 921000
3 907176
4 906018
4 992348
2 989150
5 947661
2 946028
4 995887
3 990105
1 916911
1 999159
3 946401
2 930169
3 910335
2 979068
4 980327
4 939665
4 959160
4 1002
4 935305
3 954098
1 903061
5 985748
2 986282
5 983471
2 979586
1 941435
4 1002
1 979972
3 958740
1 928861
1 938222
5 911630
1 981373
3 920070
5 997206
1 905738
1 969035
2 951859
2 922809
3 996984
3 964063
5 984823
5 951768
1 908643
3 974001
1 992668
1 971064
5 931497
4 933891
1 909601
1 947369
3 987434
4 926322
2 923200
1 938709
3 934429
4 928492
2 902664
2 989272
1 955167
3 933352
4 996836
1 936092
2 992606
3 911092
3 990382
1 952953
2 945825
5 977901
3 915096
2 962123
1 948157
4 948563
1 912405
2 947570
5 908573
2 903212
4 991584
2 904509
2 908656
4 976278
1 948183
1 955333
5 933992
4 965534
4 953111
1 971394
4 966793
3 990478
2 920435
4 947481
3 949043
3 947124
4 915524
1 947724
1 987519
1 968065
5 923469
2 906957
2 960311
1 926511
1 941075
5 957143
1 959377
1 944492
5 917664
4 989806
5 954295
2 922930
1 976315
4 973697
3 981579
4 954018
2 941171
5 927732
2 997948
3 965821
1 992152
1 911795
3 962529
3 922191
4 956839
1 974957
2 956522
2 948998
3 946612
2 962759
5 951532
1 916497
2 921988
4 915826
3 921706
5 925979
4 935899
3 998145
4 990032
2 934640
3 920986
2 937971
4 928603
2 974466
2 985371
5 966083
4 911137
2 962135
4 943422
4 931639
5 924662
5 941203
4 915777
5 938008
5 915066
5 950928
3 959921
4 949208
4 921855
4 997878
2 969790
5 924088
2 972120
2 985431
1 908917
2 968720
3 992948
4 963635
2 990670
5 999300
2 933164
3 936485
4 969908
2 902640
4 965708
5 974068
3 920091
4 989877
5 988752
5 918932
4 963358
1 947273
5 924371
3 976349
4 914880
3 910562
2 923339
3 937294
5 948109
5 927709
4 991014
2 914452
2 940581
3 903955
3 947264
5 909331
3 930613
2 915192
5 938950
1 944347
4 975989
4 960322
5 915021
2 938377
1 951560
5 912471
1 957415
1 910105
2 971170
2 993062
1 941407
3 954964
1 923118
2 950990
5 984250
4 908684
5 983236
4 903344
2 902077
1 978456
3 950000
1 966317
2 995850
2 906828
5 981683
2 961909
4 904864
1 926055
1 935935
1 998986
4 929351
5 958253
5 907746
4 909553
1 961112
4 976807
4 914122
2 928190
1 990818
5 983457
3 994388
5 907374
2 909687
5 912817
5 922927
3 946062
1 983221
1 981831
2 932717
1 915493
4 996135
3 902282
4 936895
3 907669
5 937632
5 968761
1 941766
5 922969
5 973699
1 900565
1 967507
3 927531
2 964544
5 980025
3 959417
4 982341
4 974536
1 921085
2 983561
5 954686
5 994524
2 992378
3 913342
2 909099
2 915781
3 953513
5 975797
4 904269
4 943955
4 956840
5 922304
3 917444
5 964667
3 980576
2 967671
5 906096
5 955599
5 926574
3 907998
1 954477
1 996548
5 999071
2 943665
5 990093
4 992746
2 925945
2 945811
2 941846
4 997
3 918821
4 929426
1 938546
2 989218
2 914771
4 913438
4 904593
3 982380
2 902748
1 983547
2 903044
3 907013
5 980821
3 970719
5 985094
1 941729
4 904680
5 969767
1 967451
1 968209
3 983713
2 969160
4 902388
1 923552
4 995
3 999550
5 977201
1 966415
1 979504
4 959118
5 910105
2 931701
5 981375
1 941971
1 950918
4 925066
2 934073
3 929735
1 975146
3 975988
5 939322
2 912280
2 913747
3 984190
5 982648
4 968792
5 924076
5 916680
1 991017
3 966343
3 912357
1 900573
2 952622
3 919318
5 959652
3 949066
3 989096
3 999926
4 942820
5 937810
5 994599
1 952545
1 918645
1 909742
3 979997
1 958569
3 937527
3 947056
2 971810
1 983947
5 941043
2 909393
5 902863
2 934033
2 902173
2 954189
2 909737
5 954261
1 908452
3 938425
2 918191
5 980792
1 906236
4 913886
2 955007
2 948023
3 981681
1 967255
2 939776
5 964438
5 906195
3 919109
4 960729
5 965786
2 934675
1 971507
4 912104
2 975072
4 978958
4 954933
5 928790
1 921281
4 981283
2 982483
1 914613
2 980153
2 920641
1 901039
4 909641
2 909277
5 919471
3 904911
5 976637
1 994569
1 954060
1 943299
1 982771
2 973468
5 996480
5 939869
5 974313
1 960112
3 926769
2 924720
4 930246
4 990901
1 909251
1 927265
5 957522
2 919395
3 920419
3 931828
1 965868
3 923430
1 935162
5 993956
3 951509
1 930603
4 939864
4 979248
4 945075
1 970430
3 906103
1 924464
1 977191
4 974196
1 909714
1 962728
4 932277
4 924462
4 911180
5 985424
4 979749
5 986177
3 960497
4 964146
3 968635
2 931811
1 949187
3 919157
5 916541
5 941344
4 957684
5 904757
5 995259
5 960860
5 908603
5 954654
1 985926
1 966476
5 970488
5 947106
3 959658
2 999888
4 912142
5 942794
4 1005
4 997879
4 945951
4 982225
3 985080
5 907081
3 903820
3 965286
3 968456
5 942713
2 935805
2 971717
2 906576
2 957495
3 968926
5 997537
2 972039
2 920955
4 940990
2 913375
1 954080
5 946323
2 945469
3 910730
5 977421
1 964881
4 975897
2 963696
5 939145
4 961812
1 960054
5 969190
5 920459
5 912421
5 961317
2 920774
5 968038
5 945623
3 954698
3 995180
4 1002
4 935122
3 907147
4 904056
4 913286
4 910030
4 930931
2 951070
3 912231
1 969078
3 906967
4 991242
4 910191
5 904247
3 945815
5 978851
1 972819
2 967548
5 976568
2 992410
2 936803
3 943965
5 984805
4 909255
1 951208
1 954004
5 934192
3 909863
3 903195
2 922641
2 920742
3 978644
4 981922
1 927447
4 984838
5 994199
5 999174
4 925561
4 945344
5 941981
4 949462
4 903603
4 979193
1 989186
3 999953
2 942918
5 925293
1 989500
2 911759
5 919339
1 978065
4 988208
5 996239
5 921110
4 960581
1 945721
5 965847
3 927085
2 976903
4 983390
5 905275
3 907536
5 948252
4 935960
3 960949
5 901022
4 998320
3 999478
1 920302
1 934556
2 991720
1 900534
3 946511
5 977785
2 959315
4 925276
1 971229
2 972785
1 988869
4 934794
1 987223
1 954256
4 909071
5 976175
1 915042
1 935780
2 926708
2 933316
5 961424
5 916731
3 989960
2 989859
1 931239
1 937314
1 991733
5 965027
1 923770
5 900454
5 994500
5 935836
3 946759
3 973530
2 927339
4 901120
3 922736
3 956231
1 905430
1 904197
4 947306
5 910134
4 955753
1 924219
4 920440
5 962021
4 990899
4 907706
5 954211
4 937131
4 925390
5 964993
1 940024
1 972079
4 949681
2 930358
2 988016
4 975197
2 957613
5 990661
3 980499
3 928718
2 910181
3 988517
3 993235
3 961591
3 903898
1 976595
5 911759
3 917871
3 961063
4 949259
1 941703
4 944995
1 985832
4 917784
3 906775
2 955017
5 934754
4 940943
2 995240
3 940065
4 952653
3 976289
5 938855
5 955076
4 975074
4 996759
3 952696
1 961241
2 975887
4 940700
1 989244
2 985060
5 976955
2 934177
5 992684
5 957402
5 952390
5 966431
5 987217
5 980853
3 967763
1 943672
1 959930
2 935976
1 936720
1 908727
1 969852
5 913219
1 994380
1 951098
1 953508
2 985996
5 997574
4 964693
3 942964
4 950328
5 937694
5 934645
4 991465
1 975242
4 955664
3 971515
5 992360
4 947262
4 963195
5 901263
2 938602
5 932730
2 957088
1 969036
4 951245
5 986447
2 998936
3 940075
2 998588
2 908640
2 986741
2 928998
5 972942
1 982124
2 975255
1 950179
2 963059
3 911594
2 978004
5 973976
4 984972
2 976574
2 908296
5 994583
3 959683
3 949772
4 957111
4 987875
4 985867
3 952633
3 978785
3 936296
4 924239
4 977955
1 986633
3 905673
1 939585
1 967883
2 938779
2 979582
5 961538
3 962209
4 996974
4 923838
4 957378
4 901266
5 922293
1 900590
1 978691
2 944823
5 917388
1 935325
5 910734
1 963171
2 969156
2 917693
4 971929
5 908224
1 935099
1 967733
2 903892
3 901985
4 970366
3 951163
2 948486
1 992964
2 978626
1 971570
2 925097
3 910763
2 953335
3 916786
4 952939
3 974464
1 942682
2 998295
4 964412
5 932818
4 907987
1 981138
3 974209
4 945667
2 910307
4 967299
2 984749
5 904461
3 990675
3 976186
2 922726
1 987248
3 970454
5 964818
2 977941
3 966217
4 960296
1 988327
2 960259
3 971082
1 917085
2 959049
3 943554
5 975761
5 936954
2 989003
3 955362
5 944114
5 961177
3 928800
4 934126
3 903473
5 996797
4 929559
5 939893
2 936968
1 900690
2 935414
3 900626
3 913619
2 978531
3 992717
1 906794
1 984116
3 930039
1 985833
4 956887
2 957377
1 977441
1 993971
2 913634
4 945107
1 953806
5 998260
4 950969
4 928838
3 956830
1 990336
4 948461
1 922592
5 990670
5 923567
1 902938
4 977657
3 982330
2 991179
1 963380
2 902946
4 996247
5 928953
2 910993
5 988492
1 963930
3 991732
1 993293
2 966615
4 985826
3 986608
5 938754
3 902817
3 999250
4 930144
5 996172
4 950183
3 929092
2 972128
5 997498
4 906261
1 906280
4 991027
3 949675
3 928660
2 989819
3 943339
1 977340
3 970096
3 992378
2 949074
4 913261
3 958502
5 987846
3 979233
5 994572
1 942095
5 997470
5 921178
5 934741
4 930407
3 981968
2 959443
2 900973
2 935276
2 992824
4 982760
3 966997
1 965819
2 907318
4 989112
4 940465
5 992941
2 950270
4 914155
4 934598
1 986362
2 935118
4 966365
3 915322
1 927977
2 981636
5 994142
1 910314
5 918670
4 931217
4 967173
5 942564
1 943651
4 979197
3 993686
2 947542
1 972380
4 963965
2 964676
2 926408
4 915147
3 959347
2 905363
5 951784
1 983792
1 920106
4 910725
4 989743
5 975088
4 975089
1 949101
5 955891
4 922930
1 940802
1 924479
3 900128
3 912080
1 931736
3 918208
5 932494
5 982298
5 950668
1 986785
3 963065
2 972389
1 906486
2 946634
2 929513
3 954117
1 999243
3 925920
5 909851
2 955320
4 955993
5 947975
5 993926
3 922922
3 971137
1 938443
5 966141
3 918465
5 984372
5 906719
5 921795
3 900922
2 981686
1 908102
5 992085
3 968599
5 984443
2 959646
5 994913
3 925359
5 911699
5 922518
1 913410
4 906297
4 902925
3 996670
3 939332
1 902720
1 968933
4 933212
2 917067
2 950798
5 979833
2 988182
2 984917
5 958650
4 987194
4 903913
2 996155
2 945059
5 949492
5 951849
3 957543
5 917085
1 989074
4 980353
5 971975
5 923207
2 937149
1 961592
1 911387
5 964555
5 981404
3 977850
5 981881
4 928560
4 956368
2 942136
4 955980
3 910480
3 954099
3 973099
4 988655
3 960781
2 999117
1 969310
1 923795
4 980325
3 934667
5 902206
1 903748
1 968557
5 985336
5 922867
2 965220
4 926170
1 903229
3 990299
3 947291
4 998101
2 929736
1 966820
3 953638
4 958604
1 972538
1 995065
1 998236
1 954833
5 943739
1 957281
5 960229
4 937495
3 922554
1 958314
5 934846
1 960910
3 972156
2 991657
4 955970
2 983004
5 913847
5 909064
2 972887
3 933628
4 914705
5 971216
5 958372
4 967276
5 936094
3 918988
1 990316
4 993071
3 933017
4 924226
1 994394
4 971996
1 906152
5 954296
4 935894
4 900197
4 910559
5 953798
3 998199
2 905558
1 999555
5 944564
3 945503
4 980389
3 949329
4 1002
3 956970
1 986883
5 906701
1 908468
1 961861
3 972441
5 907339
1 901459
4 983102
5 972754
1 910210
5 916328
4 916128
4 922409
2 967589
4 917087
1 983718
5 943588
4 984616
2 917467
1 975483
2 912494
2 946705
2 944838
3 936993
2 974197
3 981380
2 994255
4 922734
4 983878
2 949315
5 977028
5 969056
2 903260
4 954822
1 971215
5 923064
3 996544
3 995912
4 983487
2 924223
2 903505
4 939805
1 972133
2 951459
4 1001
1 962638
3 962247
1 968008
5 947163
2 944278
1 981214
2 947393
4 922722
1 993479
2 953732
1 955096
2 983601
1 945053
4 948849
2 931938
2 985015
1 992050
4 976134
3 915027
5 924246
5 966119
1 979971
4 909400
1 947258
1 951825
2 976829
1 965447
3 923949
5 937900
2 918207
3 941657
5 942739
2 999805
4 904634
4 999180
3 934674
1 962846
4 962478
1 993280
5 975325
4 984259
4 920456
3 905274
4 995
1 965774
2 904955
1 994526
1 993471
2 916906
1 944377
3 981097
1 966468
5 950425
3 935365
5 947867
2 928920
3 910160
1 979287
2 973694
3 908053
3 911574
4 984436
5 930028
1 995856
2 903131
4 951077
5 965611
2 947574
2 992187
2 952032
4 918612
4 969883
3 955106
4 905975
4 956693
3 979736
2 904065
5 923453
2 911660
2 938318
4 950627
4 976276
5 914022
3 924714
5 928183
1 910110
4 969352
1 918001
5 942329
1 960352
5 918156
4 905206
3 915656
4 967546
3 946732
2 994092
4 945378
5 938328
5 967228
5 961461
1 992961
5 957905
4 974432
2 936979
3 921469
2 976787
3 931236
5 908263
2 902722
5 951655
4 926988
1 924502
3 928687
4 998904
3 905175
2 969345
4 974580
3 915567
2 957328
3 953870
2 998830
5 944543
3 971785
3 960569
1 915391
1 989100
4 942317
5 950972
2 903894
3 960704
2 974267
2 986719
5 939377
2 970610
4 917334
3 959853
1 945699
3 964494
3 987862
4 993430
3 979278
1 978470
5 917880
2 999689
3 936045
4 959028
3 947113
4 953517
3 928048
1 939605
4 989979
5 940227
1 939312
2 993385
2 950949
4 926655
5 911693
5 906179
3 973200
3 991574
4 955258
2 966988
3 975869
3 906573
4 968776
3 947730
3 911407
2 933678
2 943539
1 904182
4 920759
5 908194
5 994386
5 947193
1 930034
5 970651
5 966484
2 915958
5 969827
5 968902
1 970227
2 928586
5 900749
3 904637
3 969233
5 926969
4 927683
1 936799
3 916344
3 960308
4 966894
1 983089
4 946696
1 973223
5 974554
1 934439
1 990844
2 903071
1 944110
3 955892
5 965092
3 989788
4 964687
3 973320
2 983576
1 990733
3 933345
3 905258
4 979154
1 952375
4 975204
2 960818
4 962986
4 957871
1 929177
2 945255
4 927883
3 951512
3 940326
1 930700
4 944897
3 945387
2 909232
2 947983
2 970674
4 985494
1 942219
1 940765
5 901688
5 991084
5 939268
4 986201
1 900563
2 954268
5 954734
4 907262
3 990043
1 928934
3 993349
4 964447
5 925199
3 992109
4 970883
5 959388
4 911735
3 957295
5 946986
5 970659
1 935138
4 918957
5 966622
4 970800
2 972483
5 900525
2 972088
1 945102
1 954593
2 958741
4 978141
4 925501
4 997012
3 941007
3 964301
5 940632
1 909644
2 935637
1 975287
3 934860
3 903684
1 979665
2 943880
3 945553
5 970095
2 939051
4 1002
1 926578
1 914783
3 942506
1 981296
3 905648
5 951057
4 924740
5 950651
4 921204
2 964495
5 998623
2 931279
4 996620
3 914806
5 941179
5 937641
2 936450
3 926863
3 903013
1 980291
2 970051
3 969164
2 979054
4 946851
5 988821
4 909953
2 940651
4 900778
4 975203
1 911924
4 969653
4 988013
4 940236
2 938381
3 909188
3 904153
3 975783
1 928923
1 913958
5 967790
3 932140
2 935279
5 974578
4 903715
1 955259
3 950441
2 931304
4 946852
4 970231
2 923990
5 979644
3 936307
1 967847
4 998349
2 976269
5 922385
4 977698
5 901664
1 947430
2 941057
3 944020
5 904359
1 910095
5 941886
3 966205
3 949262
4 933654
4 977004
4 977724
3 903992
4 936773
2 942727
2 910232
1 960026
4 907566
5 940826
5 986244
1 964315
4 950427
4 931026
2 947036
4 913584
2 901057
4 965850
2 999620
4 966813
3 982920
4 1004
3 917368
2 994772
1 938034
3 977199
4 949164
3 952280
3 958463
5 928322
5 996731
3 932081
2 962206
4 908336
1 976669
5 985452
1 996758
1 988888
4 956970
5 912941
5 995087
4 951587
2 929528
4 968753
4 946295
4 983582
4 921590
3 985328
3 932208
1 992246
4 988201
5 983241
3 953574
4 981541
3 990196
4 988822
1 902883
3 969633
1 939496
3 988553
1 909716
5 913139
5 965383
3 983540
3 922999
5 994705
3 990543
2 925688
1 934934
1 943571
4 987320
2 986213
5 982491
5 977414
5 958690
4 991018
3 981029
2 910833
2 937815
2 965176
3 965217
4 943787
5 931960
5 989186
4 956517
2 935997
3 914105
1 950969
2 945338
3 928289
1 946088
5 924103
1 965511
4 998090
2 939746
2 913951
3 934237
3 914670
3 944179
5 948157
1 919422
5 901144
3 902783
3 901485
4 917484
1 947325
4 945022
4 968855
4 939144
2 913783
4 991562
3 997805
3 903733
5 917629
5 975961
5 993794
2 940344
1 926236
2 929118
2 939819
4 905235
4 953237
2 981452
3 945084
2 945533
3 923543
4 936841
4 904895
5 931123
2 936165
1 997272
2 954925
5 949860
2 921196
5 972310
4 931807
5 958599
2 918372
2 920779
2 956483
1 925257
4 903853
4 1005
1 916646
5 937519
4 952443
4 915219
4 983463
4 945924
2 907720
2 952992
2 961284
5 907956
3 914218
2 913306
4 932970
5 917551
2 943202
1 956559
1 902117
4 901157
1 936029
1 994706
1 995642
5 904509
3 901482
5 936525
5 910857
2 912219
2 923651
1 994348
4 998
3 955685
5 938891
4 914995
2 993153
3 982308
3 927887
2 988964
4 981224
4 933560
2 968373
1 931120
4 966537
1 923635
2 982171
1 977136
5 941499
1 971143
5 938028
2 967853
3 951328
5 923432
1 922197
4 947626
2 930960
4 996639
4 929562
3 912393
4 991181
2 997910
2 957172
1 968224
1 997656
4 936209
4 938257
1 980554
3 941088
5 901046
1 988322
5 987763
1 913676
5 926514
4 938869
5 907921
2 920703
2 981175
1 964935
2 963293
3 989642
5 921992
1 954558
5 992199
5 997807
2 976363
5 919497
3 907759
5 921238
1 926349
3 952754
1 992758
3 904912
1 927842
4 946841
3 970740
3 971985
3 913259
4 959506
1 938471
2 978293
4 979417
5 989376
5 914303
5 991215
5 926831
3 966535
2 966738
5 928926
3 975199
1 965974
4 918689
2 918231
1 954733
5 919275
5 989488
2 907166
1 907259
4 996922
1 907754
5 905751
1 970969
1 956661
4 1005
2 910000
2 998078
4 942109
4 991887
1 924993
2 987385
4 1000
3 931985
1 965200
3 952277
2 956221
3 960875
1 991281
3 945968
5 995277
1 997511
4 930629
2 999475
3 912596
1 943609
5 969413
2 988560
1 968102
1 965498
4 958600
2 909028
4 905091
5 962810
2 998900
4 945664
2 969147
2 976023
3 993857
5 996197
5 973238
4 992412
3 943229
5 913658
3 919168
1 982041
4 904884
4 910979
2 927953
4 952881
3 986607
1 972737
1 905425
2 907690
3 977053
1 980779
5 954277
2 954131
5 905879
2 999861
1 947045
1 986602
4 925899
1 974837
1 986245
4 995
3 906028
1 949661
2 975216
2 990697
1 933127
3 927471
2 914795
4 931060
2 996504
2 922423
3 908741
1 915762
4 955843
1 982002
4 988261
4 938637
5 922319
2 944053
3 916924
5 934570
2 932056
3 907237
3 968445
4 989715
3 901697
3 995333
3 942079
2 930853
3 952805
5 971881
5 929891
1 901233
5 996359
1 964098
5 904174
1 973317
1 926096
1 914962
3 968161
3 957213
1 975211
3 966961
3 931588
1 986975
5 966988
5 993403
5 951076
4 937438
1 999861
4 980289
4 970975
4 967104
5 986668
4 909107
4 944575
2 901793
1 977727
2 933242
5 938773
1 960283
5 946182
4 951875
4 939232
3 933755
5 939584
1 959787
5 911607
1 916817
3 991567
4 977141
2 965990
1 989883
2 936950
3 994801
4 924061
5 936019
5 982229
3 999351
2 940184
4 968391
4 909231
3 940034
1 934907
4 922571
3 965743
1 961569
2 906555
5 998858
4 909645
1 976813
5 924074
4 991606
2 975661
2 987665
5 925851
4 900124
1 910687
2 986380
4 982138
3 969311
3 955983
4 975080
4 958049
1 941385
5 931498
5 970637
4 997008
3 979890
4 922331
1 983059
4 997228
1 929609
5 903560
4 998555
3 934287
2 930040
3 900412
4 909571
5 951085
2 946263
1 979529
4 928159
1 956588
5 995359
2 948150
2 943862
1 997815
1 947450
2 909048
5 945374
2 966736
1 945652
2 913493
1 919779
2 942321
5 991957
2 972446
3 944842
3 919721
4 904987
2 964695
5 970137
2 940844
1 971448
2 900182
4 979017
5 969553
5 975288
3 943662
5 931765
5 905995
1 989526
4 925510
2 965292
2 905562
2 906931
1 948401
4 991389
5 954288
1 963818
4 994926
4 995784
1 966489
3 996855
2 981392
1 985510
3 960439
5 939233
4 999486
3 927444
5 980489
3 937970
4 940503
4 912302
5 922867
3 992096
3 904812
2 999096
1 966905
5 996328
3 992060
4 903370
3 975964
1 985797
4 1005
4 971956
1 963328
4 962015
5 990525
4 953197
5 902841
5 913135
2 909188
1 907716
2 970425
4 913408
2 953375
1 934460
2 986696
4 942554
1 983558
5 903672
4 927340
3 911497
1 984640
2 995807
4 936826
4 994777
4 999996
4 925194
3 954164
4 915977
4 958046
2 972325
1 976363
4 944293
1 989718
3 921301
3 978456
1 977057
3 920381
1 989529
1 944461
4 974547
1 903122
5 906701
3 989764
1 974933
1 946252
3 979683
4 993376
5 961180
4 963808
4 973876
2 974839
4 975446
3 904507
4 957634
4 996776
2 998129
3 950494
4 955736
4 995326
1 903037
5 961494
3 941725
2 932820
2 972788
4 988601
3 932893
5 944709
2 934057
5 950723
5 983862
5 914141
5 910450
2 921991
5 993066
2 952056
5 991470
2 965890
4 971964
3 941424
2 913976
5 931657
4 971284
5 912102
3 928156
5 960183
4 973441
4 991892
3 966012
2 918309
5 991564
2 965299
4 973348
3 920431
5 925794
3 968551
4 972253
1 941253
5 906306
3 997111
1 961293
2 958050
5 944493
4 953047
5 937694
2 983398
1 976605
5 902213
5 902692
5 979833
3 921264
1 916874
4 941008
4 943606
2 964313
4 983135
4 945935
2 937325
5 941943
5 969355
5 978350
2 917270
2 956097
1 915354
3 971386
3 987894
2 984731
3 934718
1 982423
1 951337
3 904038
3 916642
5 919509
1 969418
5 910193
1 956697
2 952476
3 963383
3 933075
2 964954
1 995082
3 950461
2 983218
3 964079
4 942114
1 926481
4 929856
5 916509
4 970413
4 910902
2 995412
5 903110
5 931027
5 995189
3 982534
1 973509
5 948526
2 961171
2 948520
4 956742
5 935457
2 965099
1 949118
5 991831
1 968134
3 950564
1 983950
1 957169
5 991233
4 936132
4 975842
4 933520
4 915363
2 925813
1 932345
3 968099
1 942200
1 939591
2 945534
3 970454
4 916497
5 943206
4 977262
5 980193
1 951866
2 917346
1 990756
3 998804
4 1005
4 992977
5 965334
2 981038
3 977478
2 963684
5 930704
3 994139
4 925412
1 907113
5 934144
1 945148
5 901877
2 921244
3 977804
1 910009
2 984976
1 995848
4 997
2 988358
1 983892
5 988933
2 930621
5 910937
1 987526
2 983339
5 966600
3 986810
2 980864
5 929659
1 929638
5 947110
1 995148
4 921168
4 940450
4 955330
4 923848
1 940365
3 946550
4 931105
3 942210
2 949627
3 909617
5 931559
4 900997
3 915622
1 940372
5 913860
3 939355
3 970381
1 956166
4 977182
2 980733
5 977803
2 987376
3 998728
5 906701
1 992974
4 934694
2 950758
2 901719
4 904851
3 913955
1 962932
5 925342
2 973914
1 916352
2 963819
1 990636
1 973618
1 937844
2 945111
3 915601
1 933149
3 971454
3 999776
3 906783
5 950446
2 995791
1 982105
4 940281
2 954999
4 942839
4 989636
4 967561
5 953523
5 924101
1 976472
5 943629
5 919510
3 948185
2 954181
2 930540
3 928343
4 937495
4 967463
5 909694
1 937917
2 955791
2 945635
5 982017
2 922705
1 949118
1 916568
2 908300
3 982318
1 909456
3 937671
1 902304
4 908158
4 979906
2 970460
1 944207
5 968764
4 906343
1 960035
3 993325
4 983510
5 954215
5 980444
5 908234
1 983362
4 915044
5 940216
4 999259
2 988219
1 932999
4 945704
3 946739
4 914643
4 979514
5 999298
2 975094
5 964187
2 923593
3 920528
5 916596
5 925864
3 956682
4 913408
2 932067
2 991253
5 953091
5 942985
3 978206
3 940229
1 928255
4 940878
4 961631
4 917714
5 926179
2 918447
2 997503
2 900727
5 949804
2 994101
2 964268
4 953501
4 997
2 944777
2 998830
1 990341
5 941539
5 916952
4 954449
4 925136
1 920371
3 921385
2 977600
1 941833
2 911071
3 940008
1 915125
5 945757
1 921431
4 909771
4 984486
3 902040
5 953887
5 965313
3 999880
5 937644
3 904284
1 940626
2 925443
5 983332
3 961418
4 934295
4 945285
1 960745
5 974704
5 934206
4 947045
1 911898
5 916326
2 959505
4 971730
1 964271
1 995516
2 904446
1 924907
3 910317
4 947601
1 933181
3 967529
4 920650
5 931962
2 959885
5 906170
1 979549
4 991440
3 950343
2 977536
2 962981
3 975542
1 985874
1 946313
3 956184
1 937009
5 943737
3 935061
1 959649
2 954216
5 976701
2 944275
2 924199
2 928138
3 908328
4 917496
1 966836
3 986330
2 905645
1 997395
2 929715
3 915439
3 942614
2 942028
2 942381
4 919401
1 974128
4 900769
4 960568
5 932009
1 946691
3 971797
3 946264
1 928544
2 979446
3 997938
5 995884
2 973757
5 934795
3 957683
2 952955
2 928020
5 983565
2 945718
3 971720
4 978902
2 959933
4 944281
2 951292
1 902978
1 944602
4 920623
4 915671
5 905159
5 969563
5 936532
1 962974
2 930470
5 984433
1 908380
3 933504
5 943924
1 999204
1 908073
5 951181
4 981117
4 946282
3 904525
3 986736
5 960866
2 976054
2 998119
5 969245
4 998561
3 907817
5 970762
4 962290
1 982786
4 936963
2 996563
1 956235
3 977612
5 930347
1 946951
2 918737
2 975790
2 928098
2 988188
5 972528
3 956293
3 977080
1 902259
4 967049
2 990809
1 995472
3 951212
4 964703
3 915101
5 919610
1 967227
5 953046
5 967703
5 970880
3 933920
5 971357
2 923893
5 903362
4 938583
5 944092
3 950838
2 997942
5 966720
2 907421
1 966092
4 987642
3 911499
5 994776
5 951424
5 983252
4 990633
5 989172
2 903366
4 900065
1 988056
4 991186
4 937105
3 933962
5 905740
2 923953
1 998840
4 937058
3 927922
5 916252
1 906902
4 984608
1 905678
4 959838
2 951760
5 970768
5 916825
2 912009
4 990554
4 940714
4 981229
3 991669
5 965801
3 905701
1 954168
4 976489
4 976132
2 953548
5 902530
1 941665
2 903709
3 932505
5 972411
2 983025
2 905324
3 927781
3 966738
2 984295
4 904378
3 941682
4 964133
3 967535
4 948407
2 999957
4 994389
1 940909
4 939784
4 983434
3 943525
2 947514
4 965560
4 913741
5 971186
4 963128
1 960871
3 917559
1 983308
5 969229
4 987683
5 941298
1 939758
5 904916
3 960211
1 966933
4 964568
2 981488
3 967056
1 902213
2 900875
4 998
1 914891
5 907362
2 938277
3 942195
2 950429
5 985240
4 962052
1 938399
4 905927
1 962986
1 951372
3 933489
4 983202
3 901395
1 973392
2 945764
3 998229
4 995753
1 961047
3 957373
5 972747
1 941623
2 970141
3 942544
5 985445
2 961255
1 926241
5 951277
3 978442
1 951183
3 934190
3 945798
2 928375
5 975554
1 940059
2 941834
1 940954
5 940544
2 903450
3 947528
2 978793
2 945826
2 934312
4 931256
5 999692
5 907576
3 900345
4 921267
4 901880
2 951219
5 922720
2 959171
5 919454
5 907747
4 944051
5 941181
5 949462
5 936194
4 997262
4 938577
2 930986
1 938697
4 958903
5 961072
4 910225
2 902680
1 912322
1 972013
3 942816
5 995296
1 911537
3 979014
3 971268
2 920443
4 902820
1 992088
5 953215
2 988354
4 946338
2 924907
4 940215
1 987074
2 983023
1 993096
3 914413
2 945087
2 968639
2 976300
1 905146
3 978578
4 905507
4 994149
1 926231
5 938137
3 936563
5 953644
5 957671
4 1002
1 956035
2 908415
3 967050
4 933729
2 966348
3 991101
2 910216
5 980452
4 933648
1 946776
4 901037
2 999090
4 985943
2 904509
2 968783
5 922189
2 941629
3 958414
1 925134
3 917966
3 995594
4 906188
2 905213
2 942753
1 961315
3 975249
3 977486
5 928550
5 945753
4 968115
4 1004
2 964676
5 965679
4 952899
2 951780
5 958383
4 991578
1 921814
2 952249
3 930596
3 950522
2 936338
3 963224
4 998
4 929495
4 999213
2 924482
5 931122
4 998476
1 911394
4 983747
2 918621
4 908479
5 928640
2 935083
1 925745
4 920097
4 963963
4 976254
3 964779
4 972634
1 985259
5 971362
4 984463
5 972110
5 934437
5 925993
1 980964
4 981502
3 906131
5 959543
3 945597
4 992265
4 964144
2 941292
1 920207
2 909273
3 908677
3 918927
1 905252
3 927197
2 945423
1 928674
3 963884
4 993866
5 999156
3 908001
5 954571
5 977703
1 981081
1 998968
5 996646
1 945624
2 940612
5 914455
4 914666
3 937678
2 978915
1 937842
4 925395
5 950490
3 994992
5 962008
4 939246
1 928631
2 953965
1 971888
4 963141
4 996
2 989252
2 979866
1 947703
4 993146
4 985724
5 904016
2 939904
4 993953
3 950453
3 916603
1 993926
2 930648
4 915607
2 925355
4 988444
5 919502
4 964481
1 919604
3 963372
3 940864
2 959707
2 939526
5 919334
5 970819
4 949380
1 934737
4 966816
1 977672
2 979227
2 992511
5 902177
3 967635
5 967814
4 985580
2 936319
2 998991
1 949230
4 949024
3 930096
5 920845
5 905511
2 949805
4 990806
4 958138
4 937018
2 967998
4 909153
4 1004
5 993231
1 916625
4 901840
2 950221
1 937789
2 912370
3 957066
3 933370
3 956347
2 994190
1 955687
3 954379
3 920001
5 983536
2 955242
4 968916
2 953938
4 934620
5 912180
5 912185
2 908746
1 981035
2 919433
5 996975
1 920909
5 926279
5 970285
1 955849
2 972040
5 990096
1 983994
3 942222
3 902116
1 907125
5 978220
1 912046
4 944783
2 941915
4 945284
5 971314
1 957411
2 947274
5 938802
1 946178
3 941794
1 992032
5 950963
5 978250
3 970635
1 986932
2 976925
5 916550
5 999880
4 997964
2 961510
1 987131
2 946839
1 957023
4 922593
4 993063
5 970009
2 995463
4 939031
4 985314
4 940863
1 907072
5 970905
2 958069
3 992947
3 917887
4 969959
1 999225
2 939403
3 976111
4 913783
3 903584
1 986082
3 972143
5 944816
5 903652
5 954176
2 971218
1 930828
4 991326
1 982555
3 996621
2 960136
5 937364
4 986348
3 998802
5 923372
5 950563
5 992745
4 979474
5 924512
5 986639
5 971495
4 978085
1 982071
1 966682
2 902720
4 940385
3 956678
5 936041
2 956524
2 993018
4 958990
5 924076
5 916071
4 944889
5 949553
5 993878
2 987361
4 923840
5 958939
2 905593
4 991464
2 949725
2 979728
5 932108
5 932774
2 912381
1 981574
1 955594
2 912419
1 963528
1 930887
3 944647
1 955377
5 934850
2 961020
1 948282
3 966770
3 932499
2 979354
2 928023
3 913630
2 972969
3 947516
1 900764
3 917528
2 979269
5 959545
3 995432
1 940001
4 987466
2 996034
1 920578
2 996951
2 977955
4 937289
3 973990
5 969397
2 989317
1 929334
5 968440
5 984356
2 975820
2 953254
5 901908
2 981484
1 918141
3 911524
3 912372
5 949240
5 980171
4 990146
3 921307
3 980945
2 971092
2 953725
4 912840
3 986852
2 965594
4 995268
4 963999
4 948371
3 966518
3 989916
4 929315
4 900714
1 915385
5 972889
2 924209
1 954059
4 915778
3 925476
3 992219
1 936773
5 917792
3 982331
2 981526
4 920946
1 978250
2 927036
2 990749
5 957383
2 990630
2 945743
4 942225
2 947376
5 964932
1 907274
2 929790
2 998609
1 999069
4 969378
5 940023
3 921579
3 908316
4 927948
3 906757
5 991172
1 989893
3 907603
1 963082
1 937146
5 937156
2 948392
1 996355
3 922411
3 992516
4 962438
5 974788
5 986239
2 978992
5 975601
5 983181
4 941633
3 908276
4 976180
3 981202
1 918239
5 957236
5 946123
5 922340
1 990779
4 936387
1 938989
4 956660
2 921960
5 966367
4 999
4 988992
3 934482
2 905625
3 961702
4 970323
4 918104
3 964699
1 948655
4 973132
1 909937
4 902506
4 944755
2 994262
3 948839
2 913944
4 977592
5 928570
4 973433
5 951472
5 933522
2 993806
4 944040
5 910184
1 967692
3 978528
4 984423
1 916352
2 975822
2 943647
2 926517
4 926729
5 988129
1 920528
2 920632
2 986435
5 933888
3 978440
1 962734
2 916257
5 962031
1 909786
4 969589
1 916275
2 985747
4 904785
3 978134
2 922975
5 974545
2 920380
5 982705
3 947273
5 954890
4 922254
3 997910
1 937894
4 987295
1 925470
4 1002
5 922071
5 982956
3 959498
1 959797
4 963153
1 905341
1 936974
2 973881
5 959595
4 922126
5 943874
4 959504
2 971629
2 907012
1 948959
4 980060
5 956961
2 910946
1 977867
3 941494
2 907637
2 965120
2 991060
3 944298
3 949870
3 989788
2 918822
5 901675
4 928957
2 927457
5 909292
2 933208
4 932282
4 964428
3 915864
4 921549
2 981495
3 982071
2 932264
5 959585
3 949812
1 988773
5 913536
3 979196
1 946436
1 985607
2 956665
3 999649
2 903046
1 999200
3 941643
3 902250
4 924200
2 922639
4 933167
1 970677
4 984380
2 977021
5 930393
5 928371
5 999421
4 990605
5 990870
2 947216
3 969580
3 918795
3 987149
4 998746
5 914913
3 938229
1 976851
1 979489
4 953841
1 908552
1 977652
3 956023
2 940193
5 900773
5 941286
5 963507
4 912894
4 906972
4 981747
2 978479
5 936458
1 916247
5 984878
4 993935
3 970632
4 965604
3 966559
5 925081
4 956364
1 931482
2 930562
3 988697
2 910079
3 926829
1 909644
5 997316
4 950754
2 931444
3 914226
3 948902
3 969244
1 937426
3 936387
5 953862
4 954473
4 927417
3 959532
3 910899
1 966374
3 976925
3 956901
2 988899
1 943059
1 954488
5 971846
2 933642
2 908888
3 930466
1 965425
2 973302
4 962815
2 929252
1 969493
3 946529
1 932617
4 987338
5 923913
2 991291
1 984628
4 914289
3 912464
5 968191
2 967834
5 919191
2 908382
2 915338
4 907352
3 909873
3 978635
4 943404
2 920590
3 999160
2 999376
1 955860
2 967901
4 1002
3 957443
2 906159
5 906548
4 902001
2 913344
1 913009
4 997661
1 904790
4 929147
3 916325
5 961885
3 964322
5 915894
4 982971
4 978523
5 971449
2 958052
4 976761
4 954388
3 979210
2 920355
2 912356
3 940900
1 956912
4 908949
1 958018
5 937663
3 999391
5 929211
1 969783
1 917107
5 989893
1 991175
1 956274
4 997667
3 965062
3 990143
4 955984
3 928242
2 967739
2 996099
4 996
5 963289
5 950806
2 972114
1 938948
4 949867
5 985901
3 985238
1 954761
5 929204
5 989437
5 979044
2 988639
4 940863
5 926780
5 929034
5 907582
2 950799
3 908364
5 984633
4 927235
3 977388
4 996
3 994579
5 986464
5 979208
1 946412
4 981658
5 939000
5 939996
4 982962
1 910950
1 922824
1 969731
4 993091
5 931192
2 970420
5 914221
1 960114
1 978136
1 987224
4 939180
2 907234
1 919574
2 956748
1 988074
3 906898
2 912215
5 938543
1 931694
1 913320
2 957195
3 983554
1 943095
4 991081
4 917336
1 964236
4 965804
4 923225
5 992927
3 978627
2 957537
4 968199
5 910719
4 997393
3 943794
5 959679
3 921425
3 921852
4 939463
4 943704
1 994523
5 925288
2 946686
1 971384
4 952918
2 919514
3 976096
5 940311
1 933370
3 935172
3 961267
3 955519
4 968395
5 920268
3 961764
5 975007
2 917893
1 903169
3 992378
4 919121
3 902589
5 930387
4 979741
2 998153
4 999138
2 950275
3 974699
5 996666
4 916284
1 906165
2 958267
3 945330
3 965673
1 925693
4 918885
3 941204
4 987384
5 968167
2 933010
5 979192
4 956089
3 903325
2 903182
4 937152
5 900279
2 909882
3 975367
2 944799
5 918851
4 972395
3 958607
5 909905
5 964094
1 986216
3 972203
1 911916
4 910636
2 972071
5 977034
5 910561
4 912828
4 930884
1 948903
3 973167
3 916723
2 919475
4 935626
5 926085
1 982312
1 996829
5 982951
2 955823
5 958512
3 957382
2 967138
3 968109
1 978312
2 963390
3 927142
3 928923
2 996085
1 931264
5 945290
1 962245
4 950457
1 977036
1 949359
1 928441
4 933940
3 993864
5 946308
2 906034
5 992120
1 990603
3 974318
3 938865
4 904427
1 926885
5 923547
1 918421
3 909404
5 904660
2 979726
4 942005
2 971316
5 923177
2 997758
2 986330
4 955844
1 935146
5 939362
5 952941
5 984169
2 910956
4 934033
3 997361
4 963251
1 998633
3 927304
3 989363
4 908677
1 905095
4 924477
1 915635
4 914980
1 912751
4 957320
5 966984
4 947834
2 988604
2 992804
4 977430
1 964385
3 952258
1 962082
5 963227
5 989781
4 941108
4 912132
5 918841
4 993749
3 956796
3 987023
3 923822
3 952021
4 992300
3 952031
3 985851
1 989533
1 971095
4 905517
1 907627
1 963713
2 991093
2 935030
1 933443
4 908024
3 916283
1 930130
1 928046
5 931330
1 946506
5 968892
2 961412
5 968404
2 902177
4 940289
2 900263
4 934604
5 948567
2 927062
4 987765
2 980164
5 968141
2 909718
3 903657
1 945586
3 976288
3 960450
3 924654
1 967204
4 935791
1 931986
5 998841
3 963170
2 999092
2 925851
4 961149
2 978357
5 992718
1 906273
1 994335
3 904808
5 936645
2 902382
4 901800
3 908732
5 910361
3 942349
1 918048
2 937068
3 907903
3 943978
5 915278
2 954529
3 994987
3 903795
2 968118
5 980692
1 983782
1 922102
5 905716
4 932897
5 937386
5 970426
5 973691
3 967928
5 967128
4 950750
4 996906
3 961004
2 934289
4 909565
1 998092
4 982601
4 953894
1 930402
2 988641
4 942636
2 970985
4 947020
1 950999
2 997871
1 912273
3 909237
3 963938
3 927632
4 913332
4 904105
4 983849
3 981245
2 945134
4 910834
1 997512
5 995274
3 934393
4 970724
1 997652
3 928511
2 938475
4 914081
5 975726
3 945147
5 923193
5 990779
4 991156
3 978156
4 935286
4 926886
2 913850
1 906110
1 972408
5 932194
3 932002
5 908222
1 954312
2 982562
3 958404
3 992228
4 963511
5 908826
1 945366
5 981360
3 998740
4 942980
1 938334
4 934027
4 983859
1 995839
5 951517
5 935169
5 979780
2 932192
4 998924
3 966859
4 952864
4 955726
2 951365
1 901240
3 964044
3 940246
3 908427
5 920684
2 967252
3 956643
3 909595
4 959853
5 959408
1 912580
4 982626
4 997
3 994367
3 935963
5 975745
3 977769
2 997998
2 911379
3 932502
5 986219
3 927455
4 908625
3 990420
2 931283
5 941551
4 974919
4 971960
4 958125
1 949187
1 906061
3 972397
4 981503
4 924302
4 972158
3 925375
3 950761
2 923174
2 984207
2 925380
3 958132
3 995267
3 936334
5 979703
3 916517
4 968040
2 973214
5 982143
4 930300
3 909458
1 974637
4 963795
2 984951
3 970760
1 921920
1 910804
5 903871
5 994562
4 927381
4 965083
3 962614
3 988359
3 988509
3 961589
5 963934
5 993030
4 989076
2 901318
2 979622
5 988196
3 981984
4 902370
2 977983
3 947072
2 967741
5 962486
2 968665
3 981310
3 994939
4 976205
4 967923
4 980526
3 996079
2 961762
2 992153
1 965357
4 988716
2 912584
2 910835
5 917071
4 911602
4 919679
2 929461
2 960245
4 966570
1 952649
3 973250
4 984622
4 999
5 938834
4 967554
3 930094
1 953829
4 993245
4 914151
3 914778
3 931607
1 941631
4 915367
1 993625
1 975762
2 967528
4 992399
4 923561
4 938304
5 900498
5 916705
1 921021
2 936036
1 917167
5 957639
3 911608
3 931935
3 902488
1 952269
2 946502
2 987824
5 918000
2 980021
1 983114
4 948819
4 906388
2 960374
4 964504
3 946967
4 908030
5 999360
5 907455
3 946641
2 922550
3 915032
3 911385
4 927392
2 969335
5 970253
2 914400
2 997843
2 918633
5 930343
2 916550
2 971495
1 931208
1 925001
5 952504
2 908399
2 925893
2 963653
1 924019
3 967321
2 910266
3 986962
2 995839
2 975202
1 918402
3 905697
2 943263
5 950028
3 946473
3 905705
5 930227
4 982592
2 902892
1 923553
1 983876
5 992879
2 999469
1 924376
1 929673
4 904971
3 940522
5 911167
5 902123
4 940875
5 992782
4 929188
2 998184
1 919691
3 986344
2 956807
3 993548
3 943397
2 996619
4 994968
5 955425
5 918268
2 924373
3 933095
3 974188
2 993478
2 943375
4 953081
2 926957
5 964238
4 908534
4 910068
5 969545
2 916269
1 932607
4 980121
3 993677
2 933497
2 960734
2 924121
5 945106
3 951306
2 935729
1 925761
4 966648
2 994118
5 988401
2 909573
5 911313
5 984725
4 910109
3 922508
2 933440
2 924091
4 913179
3 970694
2 952929
5 938688
2 993258
3 915370
4 964377
5 940688
4 998687
4 992650
1 964902
3 924135
2 933777
4 992252
1 927169
3 999228
4 998635
5 943086
2 928300
5 965951
3 969954
1 933531
1 911554
4 946117
5 940059
4 951625
2 906007
3 927303
1 983900
5 982335
3 905546
1 975462
5 914798
4 929730
2 914203
2 904679
3 976725
5 906325
3 909536
3 963009
5 948323
5 910734
3 902258
3 946450
5 934447
5 913392
2 927758
4 954306
4 937199
4 978720
1 942226
5 987103
5 996969
2 990053
2 963304
4 928311
1 973426
3 976784
2 914545
5 911305
5 934077
5 990926
1 965749
5 939144
5 993331
1 973537
5 956664
5 951875
4 980106
4 971286
3 991330
4 946702
1 901403
4 962920
4 954087
3 934868
3 992197
4 975412
4 1003
2 935914
3 925537
5 903669
4 981190
4 974240
1 975411
2 903482
5 916271
1 963022
4 936013
3 934905
5 947145
4 972644
4 922028
5 946463
3 922693
2 909473
5 924288
5 996645
1 914036
5 951491
3 916313
4 971103
1 955688
5 903539
4 965525
4 901475
5 959023
2 952098
2 903199
4 978914
5 979233
2 921330
4 985005
4 935382
2 986685
1 999432
1 932770
5 930373
2 909266
5 918433
2 913738
3 957076
2 907097
2 917002
2 900867
1 902830
2 948418
4 1004
2 931884
2 948797
5 966067
4 967537
2 928340
3 930930
2 963731
5 982831
2 987440
5 935506
2 957785
2 947486
3 967376
5 912658
4 934640
1 929802
5 919108
2 947861
3 984458
1 946908
1 900855
5 963583
1 989392
4 962110
2 951528
3 962642
3 970390
3 923916
1 991620
3 995379
1 942922
2 965983
1 909680
2 934024
1 923023
4 969032
3 995991
5 951860
4 923378
2 943585
5 915616
2 973270
2 947901
1 985862
4 900226
4 989320
2 907796
5 926630
3 974283
3 965210
5 959579
5 915393
3 928203
1 940328
4 959434
1 951705
5 988621
3 986416
5 910955
3 953861
2 962984
3 972896
5 945381
3 935566
3 931046
4 940983
2 995589
3 978212
3 970120
5 974257
3 926930
3 902156
1 943833
5 951036
3 909359
5 963687
4 946140
3 984836
3 911335
4 961086
5 978097
2 941812
5 978155
5 985635
4 901069
2 984427
3 989085
3 934904
5 928861
2 960319
4 909610
3 952802
3 954363
2 952920
5 944353
1 971880
3 942879
3 955194
4 985320
1 978320
5 926814
4 982810
2 953968
3 957936
4 908883
3 913397
3 994830
4 998
4 931829
4 915237
3 996479
2 966031
1 941892
4 913384
3 911770
4 963024
3 924535
3 909536
5 940160
3 924690
3 962566
5 968417
5 940059
1 920498
5 901420
5 948792
2 940498
2 929110
2 999798
5 942243
3 945190
3 969002
1 972778
3 915143
2 977839
1 918465
3 945136
5 977085
5 914718
5 955464
4 945819
2 957401
4 980961
1 978263
4 1002
2 938435
2 998771
1 916358
4 995217
5 936129
5 925082
1 992174
3 999598
1 902949
3 955274
5 900569
1 986970
1 934865
2 985625
5 934833
2 982160
3 975625
4 970291
5 946258
4 967315
5 914714
5 965255
1 975705
3 936185
2 910951
5 915994
4 902010
2 980820
4 927727
2 990938
1 984701
2 900366
5 982326
3 933210
4 966701
1 971909
4 949669
1 937921
2 918810
4 981943
4 950717
2 954954
3 965289
5 975921
2 944584
3 978536
3 909430
5 927548
5 951452
5 956938
2 910784
2 909636
5 952495
3 936209
4 913268
1 978288
4 948123
2 999588
2 948424
1 931051
3 997413
2 942179
3 921055
4 997456
3 928141
4 950546
2 912021
3 958495
2 906140
4 931111
5 917423
2 988355
1 975993
1 906691
1 951535
5 941778
5 933907
5 950695
5 947239
3 967646
2 929975
5 935435
2 925848
5 902102
5 998124
2 905865
3 985627
3 925131
1 950314
4 910784
2 933418
2 976399
4 959360
4 963432
3 944659
5 994199
4 966068
5 981599
5 998358
3 914163
4 1003
4 901083
1 916627
5 928578
4 996498
3 905101
1 952435
3 956329
4 905721
2 937800
3 940244
3 976973
4 920047
3 903925
4 919924
5 958379
4 990876
5 938119
2 900726
2 909360
3 983581
1 907100
4 937895
2 963374
1 906598
2 914518
3 985051
1 974787
1 943476
1 995013
1 960297
2 968924
5 934628
1 940361
2 972507
4 954178
3 922833
3 951388
4 951918
4 996198
1 923193
4 904265
2 915583
2 928929
4 948625
2 973508
3 996758
3 950989
3 960887
1 948828
4 996687
3 947891
4 974507
5 954427
1 994872
3 915953
5 966072
3 935273
1 924987
2 935746
2 922675
5 907237
3 994747
4 991838
2 902573
2 938170
5 986620
2 904363
4 943462
5 980380
1 921824
5 909417
2 925381
1 940871
5 918564
3 907675
3 907206
2 921264
2 939754
3 987908
5 977559
5 936786
4 917992
1 966618
5 978166
2 924483
4 901527
3 947965
3 901593
4 938684
4 975906
5 957787
2 926595
4 929490
4 935800
5 966316
2 975290
2 962079
3 979988
4 992174
2 966360
5 964712
3 968913
1 952900
5 916719
2 906071
3 999145
1 937419
5 957533
4 948343
4 950917
4 925889
2 965330
4 900819
2 934706
4 969718
5 922871
1 981862
4 995896
2 934518
1 977406
4 917122
3 930582
1 940154
1 919861
1 949576
1 996252
2 996981
5 945151
5 941197
2 962061
4 939363
2 945435
2 926265
2 977239
5 922324
5 942079
1 970030
5 988204
2 931296
4 910060
2 962151
3 935218
2 914876
3 949674
5 944188
1 992738
1 999862
2 980680
1 910022
4 901672
3 981727
2 911631
1 935596
4 968933
1 983259
1 974872
1 919263
4 991005
1 980279
1 936382
1 946423
3 978420
4 918213
4 995789
2 969531
2 971419
5 921914
4 977546
1 954263
5 918727
1 916334
1 937624
4 935060
1 931995
1 901988
4 900739
4 968869
3 967242
3 983776
3 937139
4 982592
4 974131
4 928908
4 997481
3 983117
3 995034
5 992453
5 978519
1 928590
2 948553
5 987609
4 902207
5 953575
3 943741
5 965538
1 978405
5 951240
5 918156
4 915586
4 973711
5 979630
1 959976
4 993755
5 987730
3 930677
2 916318
2 933233
4 987152
3 919472
2 990433
5 907160
1 971706
3 929264
5 999793
2 926879
5 943572
5 906402
4 977830
1 908182
4 927107
2 999952
1 916205
1 992989
3 916335
5 998805
3 939254
3 975077
3 988739
4 974660
4 965121
4 928081
4 927812
2 996080
2 922740
2 963597
3 901406
5 987143
4 946969
3 906048
2 987396
5 988391
2 940278
4 929339
1 923833
3 911928
5 973443
4 900645
4 940563
2 980669
3 980758
5 908142
4 902001
5 969259
1 962924
1 989072
1 907410
2 919866
2 988390
1 932156
1 976896
2 953407
5 981935
1 951384
1 945585
4 1002
2 995052
5 955126
5 921190
2 901388
3 939579
4 954089
3 913415
3 917920
1 970008
1 900560
2 968129
2 937392
1 948926
5 921019
4 984643
3 908936
5 997797
3 937381
3 916298
5 997486
3 972389
4 976328
3 909708
4 982978
5 910384
4 988841
5 997055
5 990786
1 924263
5 947331
1 985018
2 957636
2 973257
2 915573
4 960563
3 968221
5 993848
5 967314
4 946268
1 986970
5 913688
1 945372
2 926462
4 937094
5 966713
1 992086
3 955317
1 922307
5 983790
2 937177
3 948813
1 963288
1 943539
4 955378
4 984843
3 908360
3 940515
1 947682
1 926655
4 923647
4 935370
5 999492
3 953193
1 972027
4 951642
4 983233
4 957595
2 947215
1 941236
1 947071
5 953219
4 997639
2 984173
1 972696
2 965552
2 928668
1 904555
3 952200
5 969347
1 989704
4 961424
1 966472
1 961162
5 959021
2 967981
3 903763
1 948297
5 956694
2 995706
4 901976
2 930682
1 942598
5 963485
1 963632
5 950176
2 953110
5 928964
5 976009
5 954339
4 947726
1 987514
2 937743
4 917425
4 905983
4 910445
5 959794
2 933360
4 992713
5 919250
1 973148
5 916059
3 987112
3 908533
3 955080
1 945886
3 926599
3 978581
4 995622
1 926344
1 975120
4 989259
2 976980
1 966305
3 989382
5 953838
3 922271
3 987674
5 925971
5 983428
1 943820
3 900914
4 989182
5 964475
2 997597
3 938779
1 993907
5 992894
4 998
3 901524
3 978952
2 919006
3 947086
5 955986
3 938224
4 915734
2 955493
1 970124
1 912109
2 941603
1 950468
5 966525
2 911723
4 931812
2 962717
1 951333
1 990122
5 965182
1 943540
1 983081
4 964946
3 920318
3 912944
4 950900
2 918551
1 924159
2 973835
3 957064
3 908481
1 943425
2 983705
3 926915
2 926294
2 960030
5 915311
4 961729
4 992087
1 983549
4 972917
3 906824
3 978819
5 920140
3 901518
5 929777
3 921532
5 941208
3 916110
1 940688
2 981444
2 972555
1 911455
5 967278
1 963240
3 917203
3 912166
2 913262
4 902903
4 972275
3 975027
5 913432
1 933829
5 980278
3 928891
4 929875
1 959570
2 937786
5 935347
1 918892
1 937455
1 907972
2 938857
2 945424
3 945731
5 905333
1 982026
4 915924
1 980363
4 906369
3 995601
4 1003
1 917748
1 963965
1 901668
3 989961
1 971435
1 970675
4 909410
5 991237
3 995417
2 987759
5 973782
1 988764
5 916761
3 968043
5 961073
1 912297
3 995827
2 989207
5 936663
5 996475
4 911413
2 961006
4 932458
1 907298
2 966465
3 922602
4 917354
1 984724
5 926366
3 962003
4 901088
2 960757
1 979980
3 914016
4 952618
1 925400
1 902925
2 959308
1 926052
2 992120
5 908299
2 922495
3 920593
3 942333
3 954496
1 915048
4 902551
3 972256
1 949484
4 951629
4 967466
2 961261
2 962426
1 980100
2 960371
4 972593
5 906527
4 988358
1 914328
5 987315
3 920690
3 980432
4 945338
4 969570
1 927079
3 948066
2 907360
1 935513
5 918828
1 906052
3 906136
3 963681
3 977957
2 935915
3 971825
2 925451
3 969104
3 927743
4 996744
4 929220
3 977171
4 904081
1 941281
5 984819
5 906518
5 981933
2 906908
2 951479
4 952644
3 966612
2 940195
4 945201
3 978445
5 931768
3 974714
3 919755
1 906952
2 924637
4 952081
4 979074
3 955097
4 906454
3 925157
5 955702
2 915188
3 980219
2 920158
3 902398
1 951612
2 933286
2 947834
4 965945
2 990962
5 997456
5 992212
1 916941
4 943289
4 954902
1 988787
1 959770
1 961345
2 917419
3 923423
4 943234
3 960375
1 958961
4 958298
4 981786
2 951562
1 919992
5 921983
4 972434
1 996564
5 981825
4 909718
3 949386
1 995588
3 990306
4 996420
5 987897
3 964219
4 994597
1 919862
5 934741
3 967580
3 932533
1 947861
3 912276
2 918148
3 909240
4 953099
3 985958
1 925185
1 991749
4 905819
3 912692
2 969919
5 979446
2 950342
1 987898
3 996641
4 999
3 996337
1 968645
4 910135
1 932128
1 901358
4 983475
3 936758
4 903645
2 903775
2 929578
2 987516
1 916029
4 915167
3 931052
4 936611
2 936606
5 999027
2 978063
5 983370
2 910907
2 910641
2 989829
2 969689
1 948779
5 959840
4 997
1 994275
1 908419
1 972843
3 911967
1 909244
3 931018
1 961368
4 929058
2 967144
5 908262
2 950124
2 913799
2 922479
5 937196
4 902464
5 972509
4 903109
5 974248
4 928355
4 975700
2 967030
5 958136
5 978610
2 962537
5 981280
4 989608
3 932901
4 944192
2 941556
2 966183
5 914835
5 990522
1 982369
5 950363
2 958810
5 979933
1 983332
4 968317
3 944263
2 967450
4 979454
2 929524
5 945469
3 946667
4 919867
1 990167
3 954552
1 930397
1 928084
4 912831
5 929191
5 985796
4 958946
5 980071
1 903132
1 965429
3 941232
2 976346
4 921238
2 936942
1 987224
4 928784
5 973739
4 960755
5 942239
4 952203
3 949478
5 934432
5 947271
1 907773
3 973733
3 910686
4 925993
4 996
4 903228
4 924983
5 926876
5 936695
1 977606
5 924822
1 938034
4 981001
1 904689
3 979309
4 988948
4 947073
2 983123
3 914263
4 914157
2 967717
2 996392
2 902069
5 925402
4 982145
4 948949
2 905845
4 932850
3 975774
5 995767
4 975896
1 944768
2 920446
3 994650
2 950588
2 968778
3 908874
4 997
5 940742
2 974363
4 909061
1 904976
5 938490
1 941830
5 949576
1 922931
5 986002
4 939534
2 933743
5 979993
3 907159
4 932319
3 952482
3 943729
5 977750
2 903255
1 999489
3 905677
3 913067
2 929866
4 992655
5 915518
2 978971
5 971282
4 917622
4 901692
2 972500
4 978436
5 941488
1 965642
3 916211
2 955971
4 947446
5 900731
1 982115
2 952449
2 981588
4 993996
2 990711
4 986133
3 961715
3 918096
3 975994
5 965872
1 902724
5 915546
1 988080
1 984298
2 900524
5 987742
5 986981
5 988984
1 950751
2 949550
1 959175
4 994736
4 991384
3 968261
1 953185
2 970560
5 910789
5 916479
3 946971
3 995574
5 978817
3 964348
1 971554
5 973689
3 943820
5 971985
5 901614
4 943676
2 982836
5 923445
2 942107
5 994117
5 972845
5 954958
5 982525
1 972696
5 985324
4 910695
1 952154
1 980126
1 960556
5 991916
3 961975
2 900773
1 939541
4 990476
5 932900
3 913106
2 918214
5 955306
1 952378
3 977351
1 920096
5 947721
5 979017
1 942960
5 994930
4 994898
3 927551
1 914947
4 941226
4 909863
5 935493
5 955186
5 974251
2 958214
5 969978
1 900546
2 942460
5 911197
1 938693
4 991831
5 945008
5 990493
4 997210
1 943544
4 964542
3 967964
2 990861
1 954677
5 925318
2 930207
4 945264
5 988959
2 927811
3 956880
2 966641
1 906373
1 957580
1 932909
1 934610
2 931100
2 904482
2 983680
4 975119
3 948201
1 924961
2 933822
4 946689
2 954526
4 962174
3 911716
3 911622
3 916583
2 937293
2 978828
4 996582
3 989498
5 916011
3 950199
2 979639
5 958293
1 989864
5 911069
5 928858
4 970205
2 927747
5 946572
5 926887
4 969630
4 961582
5 961992
4 900771
1 954430
4 987663
3 955957
1 969570
3 952311
5 975590
5 966541
5 917913
4 960249
3 940847
4 908858
1 956168
3 946627
5 935643
4 943750
2 972351
5 964414
2 980615
1 906638
1 979190
2 978015
2 932736
4 931990
5 983113
5 903486
2 957291
3 975608
1 909420
5 943264
4 981251
2 942745
3 986562
4 961801
2 923762
5 995236
2 947210
2 904403
3 946345
2 928195
2 981135
2 985531
4 963429
2 917901
3 911287
1 937909
3 903863
2 942873
5 961852
2 904328
2 988318
5 975221
5 979792
5 971543
4 994800
1 976285
4 944916
3 960469
2 928770
3 917606
1 907069
5 903968
2 972669
1 965352
5 973894
3 963133
1 938783
2 954858
3 963826
5 921612
5 999693
2 984723
4 916101
3 928932
4 905650
5 926447
4 976944
3 962256
4 919196
3 990680
5 986688
2 952088
5 925809
4 902483
4 990711
2 991116
3 924368
3 986498
1 973081
1 992819
2 920622
4 935311
2 923284
5 941884
2 988087
2 944902
2 970254
4 913849
2 929796
1 962674
1 995702
1 935023
5 973299
3 928627
2 984501
3 981703
1 941937
5 980129
4 932955
4 999242
4 909763
4 991805
5 936388
3 964082
2 933019
3 928111
5 914611
3 930705
4 904869
4 956873
2 986887
1 982553
4 998404
2 954168
5 995335
4 943213
5 950072
3 976611
4 998
3 998897
2 970287
1 955759
1 946144
1 933081
1 971837
3 972377
3 900935
2 978595
1 941922
3 985395
2 998170
5 954368
5 979564
5 972213
1 935469
2 911747
3 917102
5 969807
4 944836
5 905537
4 905747
3 990346
4 930897
1 937170
5 988761
1 963910
5 951653
2 929895
2 924707
1 931946
1 987819
4 941393
4 990268
4 967328
5 955889
1 982784
5 909611
4 958028
3 931332
5 963201
2 999919
5 947432
1 959530
3 974119
3 978051
3 972921
5 933924
3 965787
3 934819
5 968215
3 999748
5 958486
3 996535
2 952414
4 986399
3 993964
3 932520
2 979355
5 983337
5 946397
4 962385
3 968709
4 966520
1 956687
1 993066
3 927098
3 915194
4 952486
2 927475
5 937978
5 980194
3 986443
3 948388
5 923983
1 999566
3 933163
2 989586
5 925376
5 906248
2 957066
1 954884
3 950487
5 917132
2 985066
4 995
5 924343
5 986058
5 919538
5 969534
5 993061
2 939518
2 959432
5 902467
1 992021
5 904507
4 936459
2 922113
3 940589
5 994897
2 970509
1 933122
2 908875
3 915597
1 929864
5 954516
4 976906
5 922156
3 984609
4 918683
5 939567
2 947372
1 987032
5 993000
5 954231
3 911508
5 906237
2 975427
4 930893
2 923453
4 915296
1 986166
4 925377
1 960796
4 946444
3 915738
5 983563
3 917203
2 942441
3 940151
5 994596
1 922286
5 992045
4 908862
3 974968
3 994887
4 929670
5 926192
2 985368
3 904947
5 901749
1 988584
5 961281
4 939334
1 956102
1 929689
5 901463
2 903482
3 963251
1 997877
5 996977
4 933768
2 909084
4 998367
5 903961
5 958928
4 930970
5 972630
1 934012
2 909929
3 977140
2 946944
3 978433
3 979493
4 907642
1 941644
3 997328
2 934419
2 901560
5 924567
4 993639
5 912573
4 973667
3 976136
2 920154
5 969486
1 936233
3 992129
5 969621
2 943918
2 995092
4 1003
4 947750
2 903563
1 983476
4 963290
2 964132
3 951702
4 971928
2 918497
3 981104
1 946031
5 997462
2 912301
2 986381
4 982807
5 940029
1 962167
1 940920
1 936796
4 999
3 902416
2 923611
1 992148
3 935384
3 980079
4 988510
1 941289
1 977949
5 986831
2 987842
2 979415
1 990420
2 900255
3 972667
3 906858
1 995394
3 980862
1 985752
2 982500
3 955258
4 964839
2 971112
3 934874
2 974100
4 933254
2 998448
3 959203
2 978479
2 956212
5 998780
1 979923
3 900034
1 965511
1 963964
3 953423
4 980880
5 943781
5 963338
1 925646
5 926049
1 941714
2 969233
5 905045
2 973847
4 923656
4 971643
1 978501
2 901759
5 943597
5 985011
2 938070
2 943264
1 972412
5 939357
2 950598
1 926451
1 943548
5 929085
3 987110
5 981685
4 902375
5 993733
4 978006
3 991245
3 968339
3 937453
3 942520
2 940537
5 989552
4 906555
4 912743
2 985097
3 964194
4 930193
5 970347
2 984959
5 953977
4 984534
3 943953
5 935528
5 976377
4 932105
2 954176
3 917644
4 995872
2 931421
3 969097
3 974979
3 932888
4 985857
3 974464
4 953686
5 911207
1 933649
2 937520
3 945220
1 994637
1 988424
3 993705
5 914480
3 901937
4 973521
5 917485
1 920107
4 926763
5 940495
2 996477
1 925151
5 963581
3 917876
2 963772
5 998972
4 915073
4 935327
3 972987
1 998086
3 956036
5 927767
3 922130
4 978511
5 945721
2 934175
1 915014
5 976669
5 934432
5 955226
3 900846
2 923475
3 909758
4 934291
2 928735
4 942847
5 980848
3 966207
1 920905
3 965294
2 989323
4 910227
1 972976
1 965361
5 914191
3 965689
5 915096
5 901277
5 947695
5 963681
5 940518
1 947187
1 911629
4 929575
2 942170
5 969126
2 963696
1 928612
5 948967
1 901290
2 921459
3 996555
4 972315
3 902168
1 969983
1 904289
4 929821
3 919168
2 918669
5 955833
1 996587
4 980511
3 954091
3 993026
3 995508
3 950326
5 978014
4 905003
5 967309
5 977562
4 923856
5 947613
5 981579
4 954515
1 935168
5 927390
5 952342
2 929611
1 923325
2 901157
5 904731
3 931848
5 948630
1 915541
1 957901
5 977074
4 905916
3 901176
2 935532
5 922390
2 975918
1 934217
3 921756
2 974384
4 926746
4 997327
1 920099
3 961379
3 984112
4 900218
3 964287
5 963055
1 943362
3 997872
2 915766
3 945319
5 928062
2 958052
3 922988
1 993244
1 910824
3 916141
3 987889
2 916749
5 950956
4 996474
3 977804
2 992371
3 900995
1 974486
4 963090
1 977206
1 905869
4 967210
4 943655
2 905540
5 995177
4 935334
1 955992
1 919221
4 936724
3 919070
2 998390
5 995106
5 996902
1 926892
1 970706
3 999763
5 939594
1 901050
5 930983
2 903072
2 939061
5 989129
5 980379
3 935493
5 910944
2 946932
5 989654
3 941638
4 952204
3 984893
3 986373
3 964178
2 938502
2 974565
1 915160
5 941359
3 955427
4 969345
2 959116
4 1003
3 972675
2 969197
3 908136
4 908655
4 925004
5 939778
2 966873
2 960798
1 950752
2 962133
4 956530
1 985986
3 909848
4 987023
2 903011
5 985009
2 948220
1 906714
2 987065
4 959233
3 948244
3 992108
3 913784
3 977249
3 958713
1 993916
3 930436
3 907995
5 965023
4 931921
3 938953
3 972924
5 906404
4 929437
2 979898
1 993732
2 976082
2 994560
1 904992
5 991841
2 901224
5 922188
1 919587
1 916207
5 937634
4 997006
4 937527
1 953224
4 947534
2 910496
3 992761
2 945279
5 952200
2 930384
2 916199
1 958625
5 956491
4 907886
2 923450
5 959134
4 900649
1 950587
1 982632
3 909808
4 948931
3 965799
4 994209
4 917074
1 956471
2 965659
4 909500
3 966543
2 911092
2 962239
5 953722
4 938686
4 901401
4 969344
5 917500
2 954733
5 907436
2 956234
2 904589
1 928028
3 998455
3 922270
5 935479
1 996526
3 915733
4 975098
4 983844
5 971908
4 937778
3 996513
5 978880
2 949198
3 941170
4 983532
5 906208
5 965214
5 952459
3 918088
3 988671
4 951408
1 974852
4 986833
4 981806
3 915024
5 912787
3 974698
1 910632
5 905625
4 907074
2 927761
4 974405
5 931044
3 983535
1 902108
3 905718
5 957165
5 978560
5 909894
5 912003
2 997189
3 943590
1 921554
2 959896
5 991773
1 920684
5 904693
2 990252
1 931836
1 971058
4 953575
3 914119
4 913288
3 943534
2 904275
2 934694
4 968231
4 945578
2 922176
3 969980
2 902925
1 912189
2 922549
4 982116
1 925321
1 982592
2 977510
1 989035
1 996510
1 937429
5 995128
2 935852
2 941235
3 937637
4 962896
2 941874
1 915500
2 958545
2 917418
5 921290
3 900123
4 965739
2 910051
1 981851
5 900781
1 984132
1 920714
4 969887
1 929891
4 991145
2 921833
5 927453
3 999331
5 981795
4 914313
5 908297
5 993602
5 928176
4 981070
4 931279
3 917159
1 909916
5 911022
4 989811
3 963903
2 935139
1 946952
1 916275
4 1004
4 934549
5 963106
3 928523
1 997291
3 998040
1 966067
2 950103
1 988691
3 904551
4 946213
3 918029
1 946586
2 955354
4 907601
4 924860
5 971179
2 923989
3 948113
4 999724
2 973863
2 926177
3 900619
2 978279
3 919953
4 953366
3 901582
1 987931
1 937568
3 927238
1 944208
3 944692
1 975434
2 977306
2 936360
1 967514
4 979576
3 947152
4 930283
2 992617
4 966485
1 987453
1 946254
4 955993
5 928726
1 928907
1 917104
1 994211
5 989919
1 969315
1 983879
1 940985
5 971565
2 902210
5 925452
3 964907
4 948092
3 984874
4 941444
3 970053
1 997820
1 914790
3 961731
4 943591
2 918649
4 973584
1 948701
3 927566
5 991774
4 986196
2 974568
1 922287
3 902612
1 973531
5 955961
5 920642
5 918017
4 954267
2 923810
5 961177
3 967337
3 962281
5 952263
5 910654
3 948672
4 959816
4 999567
3 946980
5 939647
4 958211
5 949579
1 903970
4 956983
4 956246
4 933845
5 939872
4 938690
4 912876
5 931954
2 936407
5 929094
4 950020
3 957331
2 967509
4 987976
5 917618
1 901209
5 937792
3 950118
1 940773
2 939153
5 923462
3 978291
2 969484
5 993058
1 915609
4 961949
5 977214
5 906282
2 917650
4 918156
2 918662
4 939353
3 911611
2 905008
2 967751
3 978274
5 924247
5 936584
4 984059
4 955936
5 906868
5 997892
1 915579
1 985388
4 959682
3 934806
5 981273
3 927111
3 983435
3 939537
5 939553
2 997816
3 941999
1 994010
4 932078
3 952869
5 984062
4 940726
1 987524
4 911907
5 946326
4 952619
1 965605
1 960701
3 980531
3 938455
5 934605
2 983947
3 950116
2 916534
5 972708
4 970721
5 920906
4 959801
5 967605
4 962138
1 950963
4 917714
1 984088
5 981047
2 944451
5 956908
3 984939
3 909315
4 950245
4 979905
3 972343
4 947396
2 989813
3 972142
4 993786
4 934389
4 958990
5 963011
2 984603
2 960506
5 908661
3 983080
5 933990
3 937639
2 930641
1 921047
4 932458
4 969407
3 911532
1 951109
4 941129
3 998166
1 917218
2 998317
1 925899
5 901431
1 976480
5 900257
5 996921
3 906813
4 908894
2 913513
5 924711
1 905106
5 989402
5 927849
2 908792
5 956947
5 986476
2 991641
3 925588
4 945749
2 964086
2 923169
3 984481
3 953102
5 930600
5 982493
4 981020
5 976935
5 988347
4 953520
1 979737
4 991975
5 910653
4 997650
1 911456
4 939694
2 926545
3 932979
5 907200
5 967708
3 921550
3 980152
1 994332
4 923616
3 935266
5 902278
3 997717
3 968954
3 995528
5 917203
3 900202
1 947914
1 998859
3 924908
5 996034
1 992750
5 923591
1 955976
2 983273
1 908662
2 962499
2 903008
2 944886
5 910519
5 927187
5 972261
4 973476
4 964781
4 992579
2 992833
3 963086
3 946704
2 941821
1 987624
3 916205
3 991811
5 986286
4 901896
3 902015
1 974950
4 904944
4 980303
5 963499
2 916514
2 973923
3 953874
4 972961
2 977681
3 930743
4 916336
4 995407
4 916724
3 999111
4 984341
4 905988
1 926002
4 930795
4 919017
4 939610
5 936392
4 931861
5 949906
4 954168
1 969537
4 976164
2 946316
4 921471
4 962144
4 915329
3 968678
2 951103
1 992381
5 955902
3 984154
4 978643
1 918056
1 911884
3 998111
2 959740
2 960089
1 964751
4 957552
3 903935
4 925008
3 988502
5 963818
5 945825
1 912219
3 995478
4 995
5 960114
5 931807
5 919702
4 949104
1 980776
4 921839
3 930057
2 900339
1 981473
5 950194
1 944540
3 926151
1 996872
2 939281
4 962472
1 940756
5 926040
4 1005
1 933217
1 940132
1 993190
1 971917
4 964231
2 922311
5 966478
1 983049
3 920629
1 909442
2 908202
3 928887
5 965219
3 965655
3 962876
3 968496
4 953134
1 947623
1 958092
3 989574
2 913693
1 937146
5 912696
2 940027
1 929698
1 985205
2 947559
2 933397
4 946201
3 998335
2 926190
3 981040
2 928713
2 963908
5 937660
4 901679
5 932351
2 941764
1 997859
1 958501
1 959932
5 963953
1 963839
1 929887
5 979002
5 964933
3 910195
5 929912
5 948533
1 993522
2 997701
2 952767
4 910344
4 910648
3 927360
1 981451
5 935751
4 979008
1 947111
3 951088
3 968798
3 915440
1 935181
3 991750
4 964286
4 1005
3 927561
1 977572
1 908037
3 904601
2 939615
1 971709
1 937316
1 907156
4 949082
2 922096
4 929778
3 913569
4 985975
4 913815
3 941814
2 931921
4 992838
4 934580
2 915154
4 929099
5 941163
4 990711
3 963427
3 999490
2 985778
2 923636
4 918074
4 937141
4 908892
5 918432
1 999684
3 987508
1 945258
1 909798
1 914301
2 976851
5 963573
2 942038
4 963985
5 924669
4 938962
1 996693
1 909385
3 964758
3 921673
3 912839
3 961310
3 928050
2 903642
5 961831
2 960329
1 938019
1 915804
1 924129
3 974152
5 961171
5 968774
2 928051
5 974622
3 997150
5 978201
1 932712
1 917639
5 949427
3 957767
5 941609
3 957172
3 972657
3 935101
3 938992
3 947057
5 916043
3 921092
5 979767
5 988679
3 960740
1 948317
3 958016
1 930198
5 982301
2 967024
2 916871
3 967621
5 966329
5 999362
4 979225
1 975602
3 907196
1 902468
2 957274
2 956169
2 902360
3 957765
3 951013
3 903546
3 948859
5 916938
2 980530
2 928105
4 956348
2 994930
3 972397
3 900296
4 904002
3 901759
3 983790
1 992160
5 947487
3 983961
2 983646
4 950930
2 968784
2 999665
3 953161
4 983282
2 920210
3 997045
4 910103
4 920252
5 937636
1 939304
5 962380
2 924130
3 924007
4 921408
5 925593
1 941392
4 972828
1 929544
4 981256
4 964303
2 933291
5 949649
2 969003
1 955685
4 994450
5 968041
3 925652
5 990396
3 940366
3 999328
1 913555
4 931579
1 965452
5 976185
3 940240
3 933066
4 942397
3 920924
2 965738
2 948203
2 915407
3 916973
1 922380
5 924552
3 905414
4 902748
3 937858
2 989502
1 912760
5 962583
4 995727
3 935301
5 963036
3 973280
3 900861
4 918784
2 983005
4 1003
4 938583
2 938704
2 924358
4 932935
3 941913
2 968491
5 924669
3 923217
1 915318
3 963909
5 976635
5 971952
4 930299
1 959712
1 904088
1 974226
5 986513
1 991236
1 997705
1 961601
4 971107
3 919670
1 941821
4 970634
2 962780
4 947508
1 969650
2 999899
5 918118
1 940888
2 951659
5 946529
2 978307
5 946315
1 948692
3 992082
4 954645
2 993032
3 985469
4 977140
1 923731
4 938576
4 973655
1 975636
2 915571
2 908477
4 922164
5 904876
1 938889
4 936884
2 927278
4 940474
2 929614
5 941822
3 993709
5 921216
1 991869
3 912843
2 952393
4 957852
2 945905
3 937162
2 986926
2 939255
2 989414
4 1000
1 965998
2 990388
4 921537
4 980428
3 992526
2 947612
4 986277
3 972775
2 973596
4 976652
3 900874
3 913515
5 976326
3 986928
2 967155
5 934233
3 994030
2 925009
3 997226
4 964845
2 900700
1 954044
4 932802
2 995103
5 953641
3 969242
1 902163
5 910366
4 966346
2 976889
2 994821
3 915764
1 921645
1 958402
5 957078
4 905261
2 971262
3 970573
3 928184
4 989383
4 930542
1 950517
1 952879
3 985483
2 918310
4 955460
4 924965
5 945056
1 974912
3 971980
5 972021
2 919280
3 928863
1 956082
4 970588
3 948746
1 910714
1 931616
5 908759
1 918086
3 962084
3 986618
4 986698
4 902413
5 957493
2 964107
3 930034
3 945537
5 953284
3 943095
1 908958
2 924065
4 976650
3 928474
3 943648
4 970153
3 949271
5 962950
4 955288
3 916862
5 910248
1 969604
3 951119
2 974626
4 943824
4 950137
4 984680
4 938334
3 964856
4 901904
1 960447
3 903193
1 986953
4 916429
5 920318
4 941159
2 965195
4 994551
3 937554
1 977574
4 989859
2 951214
4 928635
4 981698
5 945977
4 956323
1 970964
2 998778
4 991982
3 908350
5 972335
2 952438
2 902622
4 975473
1 958179
1 918183
4 915706
2 956183
5 902076
5 902516
4 955221
4 952241
3 904714
3 923483
5 946895
1 928186
2 950489
4 954222
3 997747
2 928991
5 992623
3 948353
5 935859
2 901059
4 942156
4 960097
4 953301
2 955510
1 983155
5 912243
3 910349
1 979164
1 954277
2 910004
3 977251
3 948608
3 931896
1 977757
5 969338
4 948991
1 903354
3 995984
3 924849
1 994872
5 939545
1 979344
2 933141
3 951455
1 961671
3 959323
4 910616
3 955487
4 990641
5 927273
2 956318
3 980369
4 903648
3 943968
5 929768
2 912004
5 934533
2 946513
1 975907
1 913179
5 944961
2 997564
5 983871
3 934334
5 914529
2 964567
4 990737
4 939867
3 998069
3 905487
4 989749
3 964824
4 991447
1 997121
4 949564
1 973816
5 909860
5 928620
4 942566
4 951014
5 972089
3 907178
4 969451
3 948979
1 974847
5 997335
5 926122
4 951614
5 987439
4 977060
3 948606
3 985753
4 991479
3 949731
3 983067
5 979021
1 914213
2 978111
2 945739
2 908167
1 992975
5 932827
3 996317
2 931441
3 907738
4 975418
5 968129
3 927058
3 998850
2 904039
1 931560
4 900677
3 931180
1 921664
2 949642
5 947134
1 906182
5 930335
5 984754
4 920583
5 999483
3 948402
1 999986
4 944939
1 982676
2 936240
1 948971
1 916297
3 958089
3 993746
4 995
2 932430
5 946144
5 908849
5 908291
5 994177
4 991703
4 908162
1 968806
3 989931
5 942431
2 901809
5 992515
5 936600
2 944161
1 941741
3 956530
1 932037
1 933647
4 994690
4 1005
3 992859
5 967088
3 976356
5 903449
4 916760
5 972361
5 950682
5 994766
5 900216
4 985626
5 939160
1 978136
1 932874
5 947893
3 968085
2 990873
2 983239
4 933125
4 911949
1 920538
4 970852
3 910051
1 965530
5 917320
5 939246
1 975182
1 982139
1 911312
3 949051
2 994641
3 969569
1 929232
4 921705
2 911460
2 987162
3 904662
3 922320
5 902561
3 985210
2 910668
4 983626
3 990878
2 952337
3 985143
3 917134
5 964083
3 922637
4 911730
3 961239
4 958632
3 978338
1 953782
5 937539
2 939626
4 917153
3 906997
5 936310
3 944609
5 947590
4 977835
1 956426
5 969739
4 974371
1 977061
2 943678
4 981308
4 962198
4 962411
1 938967
2 956723
3 903392
5 938640
2 947012
4 904283
3 977930
5 993671
2 967358
4 908211
3 977248
5 946821
1 959273
3 916707
3 968228
4 972010
1 946483
5 919859
1 922236
1 908311
1 970182
5 920826
3 978242
4 969715
3 963780
4 1004
1 994832
1 964437
3 953557
2 978133
2 949064
3 975833
2 966344
1 957969
5 948154
5 988733
3 941423
4 977765
1 929117
3 979228
5 939731
1 981837
5 911307
2 953296
1 970924
3 993587
4 915343
2 959715
4 953117
1 926941
1 969045
3 910797
1 993676
3 922763
3 911282
5 959735
1 957572
5 900604
4 960946
2 956838
3 994966
2 968170
5 941297
5 942720
4 965579
5 906661
5 941191
4 919234
5 994077
2 994135
5 961416
4 934225
4 920175
4 940026
5 953607
1 966823
4 914299
4 965917
2 992060
1 947017
4 995716
5 992523
3 937642
4 908802
1 984452
3 997657
3 935457
2 948692
5 986342
3 905019
5 985355
4 990825
1 932544
3 939738
1 909644
1 941230
1 917908
2 963698
5 994012
4 987693
1 908912
3 929773
3 902374
4 940337
2 916227
2 939002
2 992103
3 965527
2 903787
2 937556
2 958892
4 954087
5 985970
1 931841
5 955746
1 907320
3 968611
4 915310
2 977277
2 994649
4 942349
4 950281
3 936041
3 927896
4 997439
1 907144
4 967806
2 982362
1 986251
1 954969
1 934099
5 951231
5 956855
1 905035
1 990978
5 966430
2 967302
5 929030
3 905958
4 973629
5 956494
1 983103
4 968195
1 995375
5 938863
5 911657
3 955360
3 998049
2 969177
2 977428
3 961851
3 991208
5 964649
2 904907
3 984686
2 996346
1 901505
1 920458
2 927589
3 970187
4 921816
3 911858
1 980927
1 972942
4 927988
5 970370
1 990220
4 948332
2 910103
3 942692
4 945790
3 985071
5 956265
5 952083
3 938089
5 948238
4 987662
3 938154
1 902033
5 979378
4 1004
1 949500
2 916289
4 999163
1 927113
2 955439
5 909881
4 941896
1 957604
2 991366
2 974275
4 980941
5 933599
1 997556
5 994935
3 931763
2 992134
1 956037
4 917532
4 987011
2 973113
5 984308
1 950699
1 949216
3 948143
3 908316
4 910535
2 974078
3 977664
3 933682
5 948711
1 920550
1 917092
3 920684
5 928381
4 979439
3 925385
1 909390
2 937858
4 938282
5 968268
4 930861
2 950002
2 979060
5 936277
5 995707
3 926121
4 987980
1 949036
2 917015
2 975342
2 994623
2 900909
1 991913
2 901351
2 998462
2 935766
3 905630
1 948002
4 1001
2 980111
5 929096
1 933064
5 901976
4 902513
1 933835
1 964795
4 977191
4 1003
2 910383
1 988708
3 945488
5 907196
4 990620
2 960966
1 900311
5 957774
2 961739
3 911964
3 903074
3 949781
4 939983
3 910533
1 945880
5 986704
4 964157
2 930478
5 929959
1 989423
2 939749
2 970949
1 986671
1 950522
1 992551
3 921168
2 999750
5 949734
1 987318
2 960392
4 996507
3 963850
1 909514
1 987774
5 916861
5 915157
3 940782
4 994709
1 930746
5 944313
4 927627
3 995115
4 906129
3 961535
2 982236
4 919536
4 943477
5 968441
5 994954
1 921053
3 936991
2 921630
1 939506
1 923488
1 996114
2 949229
5 955705
4 960909
3 943873
4 921371
3 947570
1 989820
4 949281
5 986558
4 940883
3 993144
1 993329
3 999550
1 934940
4 964886
4 984136
2 953046
4 922264
3 966527
4 918349
1 983661
3 951461
5 901748
4 907476
5 987812
4 976233
5 903979
1 960084
2 910189
2 907278
2 956137
1 921887
5 970019
5 986183
1 971302
5 932650
3 942358
1 980250
2 933210
3 958419
3 975380
3 953458
4 976802
5 938521
5 906722
1 955274
4 995518
5 976804
1 982020
3 954810
3 916447
3 929631
1 902627
2 935062
4 970841
3 950940
3 908973
3 903867
4 917206
1 996888
5 982907
1 962740
4 931398
3 977646
1 905176
2 911735
2 979487
5 922731
1 955467
5 916464
1 937477
1 926679
4 902549
2 940279
4 938332
5 923723
1 990930
5 964881
3 968665
5 908934
1 984796
3 947820
4 996
2 965789
1 946652
4 906986
3 958478
4 999305
3 970963
4 956432
5 946022
3 959269
1 976417
4 981184
4 997171
1 962889
1 921467
1 912506
5 925896
2 925648
1 952986
5 981535
1 913155
4 937609
2 918935
5 920142
1 996808
1 966579
2 943403
1 978871
3 911120
4 987681
1 985025
5 981281
2 945206
1 904704
5 908730
5 917494
2 936620
5 914982
5 936813
3 945674
3 920358
1 904282
3 951695
2 925423
2 948361
2 987082
3 911006
4 982860
5 981121
3 925352
3 916800
3 980880
3 952663
5 958338
1 970268
4 953989
1 911593
2 947737
4 912619
5 964926
4 993990
2 922901
4 913727
3 994324
4 955520
2 912231
4 970538
4 931280
1 972788
1 931052
3 933814
4 909396
3 994102
3 905848
4 971858
1 904904
2 953340
4 917719
4 963620
5 976605
5 946451
4 940357
4 969801
2 960500
4 956840
5 999880
2 954585
3 976211
1 947913
4 926956
1 931370
2 926950
1 932126
4 978357
2 926676
1 956960
3 993821
3 987252
2 985278
1 929328
5 922798
2 954832
2 937440
3 927693
5 945226
4 988041
5 984537
2 997360
2 997729
3 910615
2 946235
4 966554
5 955228
2 945389
3 906649
1 978284
5 939796
2 900828
5 991178
5 914095
3 959595
5 919495
2 932317
2 900321
4 998794
2 970389
1 934335
4 971613
5 969091
3 962887
4 990613
4 907313
5 991273
3 930179
2 919874
4 920394
3 967842
4 947606
3 943032
2 998963
2 977612
1 943470
5 991789
3 929057
3 979208
2 977743
2 972378
3 967376
1 947068
4 992023
1 963112
3 961801
1 906421
4 903585
3 960855
5 970001
2 946277
3 929281
5 983156
3 949600
1 974663
5 916898
3 989764
4 998816
4 965644
4 946355
4 920684
1 955196
2 911499
1 956687
1 991533
5 991876
2 975586
3 911939
3 993032
2 914284
1 993989
5 933331
2 960502
3 969062
1 929326
2 936179
4 993117
4 907510
5 982993
5 965707
4 915348
2 943546
3 956922
4 929499
2 965455
4 909390
5 982587
1 906789
5 996792
5 940261
4 976255
2 958561
5 922630
5 907538
5 925147
4 906144
1 915029
4 938257
5 906444
4 902571
5 924165
2 983208
4 971534
5 907954
5 909573
5 919383
5 916737
3 928200
5 999682
3 900791
4 961818
4 939700
5 994404
3 968938
5 913276
3 908269
5 966914
5 954756
4 970625
3 921183
1 954350
4 939132
5 903124
1 975026
2 941110
5 914264
2 940036
4 986020
4 952048
3 915176
4 968439
2 936829
4 900800
3 951492
4 915694
1 920110
3 916300
4 918274
1 965912
3 971055
4 982813
1 989728
3 996567
1 961237
2 954295
4 906737
1 911161
3 977753
2 914484
3 973193
2 921602
4 977662
4 993971
3 902213
4 911979
5 930144
4 949651
3 997556
2 974298
1 949577
3 959208
3 958012
5 920516
3 954420
2 961096
3 955960
4 918734
5 919433
5 903970
3 905404
5 986195
3 994328
4 990355
4 903111
2 914626
3 931254
1 979581
1 940323
5 991624
5 951610
3 932858
2 927283
4 973566
2 936081
5 911815
3 933732
2 912620
5 984819
1 970537
4 934986
2 962883
3 913657
2 992082
3 978254
3 986724
1 978603
5 993927
1 926070
2 975827
3 955620
2 983412
5 937228
5 954706
1 960824
2 929454
2 923147
2 985167
4 982525
1 978240
5 922101
1 986650
4 980541
2 951928
1 920515
3 970929
1 947143
2 979621
3 981121
1 974194
3 984843
5 950793
4 988145
2 917365
2 922926
1 989863
5 935541
3 941549
3 940904
5 990886
5 980825
2 957285
4 940209
2 954149
2 994949
3 925295
1 959542
3 988966
3 970105
1 969739
3 903954
4 948328
1 936104
5 947771
1 978706
1 954812
3 950572
2 955151
2 945684
3 937349
5 999674
2 984103
1 921281
3 963198
1 901974
5 949132
2 948848
4 920082
2 904760
4 909404
3 913279
2 935833
1 913868
2 968685
4 923119
5 973379
2 937820
4 942925
5 990312
2 998458
2 972340
3 912578
1 935656
4 924115
5 972475
4 975692
3 966358
5 911403
3 968200
1 911079
1 915090
1 915037
2 968133
2 944297
2 989550
2 917063
2 989060
5 927246
1 914664
5 932654
2 981305
1 988310
4 923495
4 986612
3 926632
3 970234
2 974923
1 993644
4 956372
2 902671
2 990020
2 957342
5 938639
5 929486
5 997330
2 922399
3 906235
3 952803
1 954047
3 930192
5 954214
1 923176
5 908641
4 902527
4 912839
5 962438
3 918635
1 929267
5 907532
3 935741
1 940272
3 937494
2 943146
3 953513
3 955131
4 998814
1 969566
2 983049
4 970834
4 913910
1 979013
3 985642
2 910812
5 963668
4 933631
1 955909
1 980508
1 954090
3 980885
4 932833
2 969521
1 990078
1 934435
4 1001
1 975833
1 945557
1 973146
3 999705
1 968603
1 928701
4 933464
3 935853
3 919065
3 969235
2 924006
2 974311
3 949338
5 999816
3 966695
5 917874
5 950923
3 995800
1 954168
3 977179
1 949333
5 936249
2 917447
5 953116
1 964189
3 925280
2 906619
1 983669
2 952245
2 967716
4 989247
2 944913
5 907417
5 970369
5 940283
5 995545
5 927388
1 951739
1 933203
4 900291
4 901469
5 950480
4 976413
4 972923
5 957828
3 985077
1 901148
5 971778
3 942388
2 933891
1 919780
5 911878
5 970187
3 940247
1 913398
2 983066
4 972360
1 955382
4 980276
2 914627
5 943903
3 983289
4 999937
1 950238
3 976934
4 937159
1 949483
1 931116
1 988643
3 943878
1 985520
1 997348
1 925322
3 993522
2 928187
4 929009
5 948611
3 956043
1 953960
2 926273
3 982788
1 930422
3 946845
4 957320
1 967985
1 992045
2 933486
5 982870
3 977671
1 964442
2 956740
5 938048
1 945891
3 926062
4 911045
3 958890
3 913861
1 932481
5 939023
4 903891
2 994615
4 905157
4 994282
5 977147
2 926542
5 998452
4 941042
5 947629
5 949229
1 994385
2 984613
3 904626
5 932015
2 973629
4 970599
1 970091
2 908716
2 985172
2 959491
4 921436
4 903555
1 966976
2 976741
3 971669
3 918706
1 929149
2 901628
4 930096
1 920983
2 938493
1 918687
2 981447
5 905933
4 962170
4 1005
5 947621
2 988688
4 953661
1 961455
2 904470
2 988441
3 955418
5 912596
5 906411
5 996334
1 916488
5 977509
5 905821
3 960282
5 918412
5 902063
4 935236
4 950518
5 984609
1 958721
4 965998
4 995
1 985390
4 903732
1 927689
5 949615
5 945428
1 952027
3 979996
3 977976
5 985628
3 960462
5 992902
3 979634
5 911398
3 943799
4 917723
2 964198
1 951472
2 910009
4 947362
3 963735
4 932834
5 945002
2 922862
4 919623
5 971803
3 998208
1 977358
5 963725
5 911485
4 917122
1 951948
2 999418
4 991801
2 900416
2 972087
3 985668
1 905902
2 917820
4 941193
2 949528
4 939514
1 953142
3 980713
5 914820
4 989934
1 945995
4 984036
4 968038
4 955137
2 917628
4 966200
5 905179
3 978099
5 977204
1 997320
1 931980
3 999400
3 973131
3 989646
5 980328
5 920529
1 911782
3 975680
2 938689
5 958536
1 983372
3 953238
2 944278
4 934101
1 904351
3 963688
2 918640
2 934906
4 997713
4 994987
1 949207
4 1000
1 927774
1 974265
5 988712
3 961877
1 972158
4 989090
2 913543
1 900208
5 900867
5 910087
4 964564
4 993310
5 968062
1 924010
5 919984
4 954232
3 910341
1 970886
5 926082
3 971220
3 921181
1 972953
2 994528
4 993188
3 937061
1 917043
2 900285
5 900101
5 984020
1 944129
3 913113
1 981569
1 918365
2 962861
2 938730
5 974530
2 945439
3 930573
2 905607
4 958591
5 957383
5 996610
3 947869
3 936893
2 994507
2 959082
2 974620
3 968583
4 946403
1 949115
3 983480
3 901360
1 915273
5 988615
3 994058
3 914617
2 947165
1 975415
3 975959
3 900141
3 957810
3 928682
2 981677
3 923058
4 997463
4 967472
1 982467
5 916769
5 986322
2 941538
5 908931
2 972355
4 942413
1 928329
1 997253
3 984791
3 990524
4 952615
3 926265
5 946743
2 936166
2 937411
3 944311
5 965330
3 916923
4 990797
5 994531
3 989796
5 923736
1 968155
1 964321
5 936687
5 973579
1 940115
1 923395
4 992966
3 979346
1 921474
4 985274
1 965279
4 909830
3 951647
1 995034
3 978695
1 943260
2 955927
5 922771
2 939633
3 908563
2 928771
3 916800
3 919955
2 941663
3 919436
2 953335
2 973963
2 930225
1 978351
5 922957
2 978075
2 951974
2 930731
2 949591
3 924735
2 991098
5 992142
5 998580
4 901219
3 993093
2 982177
3 943497
2 925124
2 920045
3 971020
3 942394
4 938016
2 997770
1 952155
2 942635
5 932743
3 919681
3 948273
1 989963
2 947354
3 918262
1 961486
2 993231
1 942878
4 976173
2 965518
3 997321
4 910396
1 940918
2 911825
1 900351
2 945566
1 977161
2 921053
1 927396
3 971920
5 948476
4 918026
1 987213
2 994914
4 941012
3 979356
5 999298
3 907068
5 918421
1 970741
2 919442
2 950378
5 955643
3 901862
4 929130
3 973833
5 943004
3 926456
1 998930
3 947403
3 944709
4 958490
1 963123
5 989597
3 957904
1 955922
2 906193
4 928019
2 969617
2 967341
5 912370
3 903227
5 938568
4 994109
4 1001
1 980817
4 948020
3 911609
3 955593
4 950753
3 989875
2 928599
2 919461
1 945566
3 921389
3 901542
5 951706
3 960298
2 959572
5 968732
4 949718
5 990069
1 969481
1 951861
1 950869
3 963645
3 978882
3 904157
2 989682
2 959306
4 954949
3 950649
1 968470
5 961534
1 904889
5 987927
4 998556
5 997948
1 921926
3 966511
3 969737
4 907904
5 978357
1 983856
5 977740
1 957085
1 967404
2 960187
5 999229
3 922604
4 973175
5 922409
1 959716
3 960098
1 920589
2 927388
2 922848
2 908815
3 970878
2 996082
3 972087
5 901950
2 921260
3 958266
4 925388
4 966795
3 933639
1 921517
2 993813
4 1004
1 991960
1 907691
5 945366
1 932523
5 914018
5 984800
1 939920
4 981248
4 988916
1 936552
2 955606
5 931670
4 980324
3 944024
4 912296
2 913235
5 987207
1 918066
2 981523
1 926702
3 916550
5 938155
5 943315
1 968040
2 954209
2 984874
2 993769
1 950248
1 962167
4 948809
5 991194
3 901652
5 913346
5 926896
1 992216
4 946109
5 929416
3 960589
2 921151
1 961452
2 919445
1 912656
1 986025
1 990711
1 934096
1 995718
1 981191
1 959164
5 945133
3 965083
4 986874
5 957366
3 973113
2 956915
1 920245
2 967586
5 994327
3 932540
2 981485
2 974334
5 989010
2 961870
3 922913
1 936025
1 997616
4 999635
5 909820
2 945871
4 929176
4 926256
1 909936
5 974241
1 976805
4 965033
5 914018
4 965941
4 900956
1 907936
2 984976
1 935935
5 928826
4 946228
1 996686
3 965992
3 933366
4 999444
5 906962
3 952751
5 918714
5 967552
3 985769
5 953649
2 993349
3 903785
3 934244
3 989736
3 984199
3 951353
2 979255
5 932142
4 927227
1 979995
3 958900
2 925760
3 903519
1 935499
1 944111
3 979531
5 954017
4 950419
1 960255
2 954170
3 902683
4 975421
5 949708
5 920697
1 959430
1 974056
1 900899
4 927448
4 916446
4 928551
2 972955
4 936389
4 1004
5 907987
3 987729
4 1002
1 965611
3 905792
5 906098
1 911791
5 902877
4 984256
2 913128
3 995817
4 984978
2 936670
1 904451
5 980641
1 991346
4 974452
5 970690
1 915182
1 921932
4 907528
2 970997
4 970832
3 942445
2 943994
2 993115
5 906531
2 958845
5 982134
3 937973
4 918183
5 958314
5 985615
5 992108
5 918391
5 962968
5 925009
2 905153
2 986651
4 914223
5 916930
4 903424
1 923691
3 982631
4 970655
1 949966
5 941287
1 995294
5 984068
5 907591
1 993301
2 990706
5 913382
4 912601
3 960092
4 971560
3 943320
2 911070
4 955545
3 909070
4 980213
1 959425
2 946590
5 933662
2 939103
4 995
2 902599
2 943658
1 902913
5 996592
3 943643
4 963523
4 929462
1 920877
2 949001
1 948632
5 998758
3 978570
2 958616
4 946688
3 923847
1 992438
1 972104
2 947765
4 944406
1 959502
3 925055
5 947759
5 926403
1 990488
2 908037
1 962705
1 910043
5 960196
4 955077
5 959963
2 958391
4 913909
3 945461
2 986279
3 945918
2 946766
1 924997
2 988566
5 923012
4 1000
1 914826
4 1003
5 934562
2 945563
1 920015
2 920941
5 946184
4 998
1 982963
4 963950
5 991699
2 958264
2 928133
3 930333
2 993239
2 935709
2 983935
3 980297
5 961889
5 955828
4 945591
2 990534
3 935117
3 913109
3 924862
4 954613
2 960364
3 914814
3 990994
5 996627
5 913094
1 991701
3 989641
3 932614
1 935461
2 967918
3 980289
2 932910
2 978925
4 990839
1 934814
1 940388
1 969503
1 902272
5 922670
3 993716
2 956825
2 960756
3 969920
1 975317
1 963520
3 938422
2 985816
3 999715
4 987430
5 951707
1 965970
4 993684
2 991898
1 913604
1 902442
4 965789
4 992157
5 938178
2 927076
1 915707
4 983959
4 906305
1 960850
4 900831
2 900078
5 993492
5 940905
5 964478
2 947939
4 907592
5 956151
1 920967
2 917318
5 963984
4 928036
3 932790
2 992897
3 924749
5 986641
1 908598
5 909230
2 974110
2 984190
5 916608
2 942365
1 903788
4 1003
4 993323
3 993522
2 965953
3 936022
2 931141
3 911386
1 984361
2 943684
4 987188
1 985193
4 909229
2 926568
2 948430
5 997218
3 995463
1 993706
1 969207
5 969473
3 931911
4 915902
4 924152
1 943311
3 922102
2 929058
2 990547
4 945986
3 940284
5 905898
2 928203
1 963728
4 955135
1 961882
5 923659
5 922372
4 946330
2 996813
2 950416
3 943496
5 981083
4 946436
3 971296
3 956676
5 918137
1 919049
5 946996
2 992102
5 944502
5 953771
5 959739
3 915421
1 976642
3 944709
1 935000
1 931462
5 990810
5 917781
5 999518
3 992673
5 911315
3 952453
4 999
2 945151
4 907074
4 993337
3 964997
3 950167
4 903449
4 912944
4 905875
3 994365
5 954508
3 983502
2 982826
2 942198
2 909963
2 904540
5 934946
4 947207
2 949805
3 962630
3 904769
4 976410
4 960293
2 941890
5 911505
1 949320
5 963741
2 982726
4 905662
4 915425
3 968378
3 981196
2 901429
5 954142
3 949300
2 951307
5 922553
3 996173
5 920104
4 992033
4 928008
5 979958
5 911413
1 954796
2 961708
2 982935
1 967558
4 945180
5 901577
1 918370
5 966179
2 914492
4 901837
3 933926
2 971973
1 905469
2 970690
3 988823
4 951430
3 964980
1 907517
1 996678
4 983720
5 975011
4 967327
3 944997
3 969982
5 997544
4 1001
4 994355
5 961163
4 921860
5 945878
1 906875
2 915722
2 914640
4 931898
4 986610
3 980768
5 988284
3 972099
3 978908
3 988849
5 960885
2 947157
5 966066
5 946837
4 901822
4 1001
3 946787
5 995817
5 953370
5 940021
5 931979
4 962828
4 980233
1 954302
1 962564
5 924204
2 957788
1 928207
5 925803
2 941069
4 992521
4 978363
3 980024
5 903954
1 990349
5 973258
3 988589
5 933437
2 961174
5 918720
2 951662
1 985768
1 944232
5 951291
3 960478
5 970735
4 958257
5 915992
5 996031
2 902504
3 966497
2 948318
4 911513
3 901082
3 906257
1 959810
4 986602
3 921206
5 926492
2 935422
5 953171
1 975111
1 916649
1 928828
1 993800
1 997636
4 927279
5 947133
4 1000
2 987252
5 990622
3 929018
4 971910
3 910636
2 949802
3 907137
2 912115
3 973771
3 991532
4 989851
1 937459
4 931582
4 950260
1 956084
3 980005
1 982477
4 968801
5 982068
2 983062
1 914926
1 904949
2 904864
4 935547
5 924746
5 985610
5 912598
3 902455
3 954604
3 972855
4 979601
3 906963
5 988892
5 959310
3 919771
4 935275
5 940337
4 909306
5 900794
5 978915
1 955299
1 995130
2 995866
3 952458
4 982523
2 929210
3 914467
1 947094
5 913047
1 925312
3 924590
2 914683
1 998184
3 955231
2 983566
3 993860
4 944733
4 977504
3 914568
1 977024
5 911209
2 949764
5 949001
3 973660
2 976147
5 915331
4 944097
2 989582
1 927169
5 964074
3 974211
2 969775
2 908876
2 931109
3 942160
2 960195
2 988462
4 929241
5 966637
4 931595
2 956675
2 930457
2 951878
5 915578
1 935196
2 995966
4 901314
3 953342
4 904825
3 986792
3 974185
5 965561
1 997217
5 974925
2 993051
1 977830
4 929420
5 958213
4 951549
2 921201
4 903548
5 923498
4 923586
2 917859
5 971168
4 914215
5 912167
5 929324
2 902915
5 957651
3 915792
4 958736
4 902724
5 938205
2 906808
4 918705
2 986227
1 978593
3 937280
3 939108
3 977039
5 947541
4 922633
2 936131
2 907539
5 934088
3 968486
5 921809
5 927369
5 930657
4 931445
2 914659
4 918225
5 945532
2 924389
1 908067
3 910098
5 929305
5 930144
2 974288
3 948733
2 942634
2 904458
5 987930
1 966526
4 900630
4 946272
3 902647
5 979955
1 995177
1 953957
1 963078
5 922071
2 910333
3 949121
4 946586
4 903718
1 905187
2 960938
1 934656
5 910863
3 975789
2 976097
4 993907
1 980957
3 944650
5 970572
1 977515
4 961548
1 965833
3 931056
2 921100
1 975493
3 912079
4 960287
5 984996
2 917356
1 937908
5 974631
1 989725
5 988745
3 955733
1 942327
2 901962
3 952749
5 925378
4 986466
1 978263
5 978402
1 929490
5 924492
4 962846
3 930766
1 956351
4 961055
2 983238
4 1004
2 947252
1 951705
3 953779
4 949832
3 904687
1 926824
1 977117
2 971562
2 908158
2 950021
1 970541
1 920982
3 990181
5 996906
4 986037
2 954097
3 916602
4 986438
5 992847
1 907470
1 926643
2 938570
2 907330
3 991227
2 933313
2 913544
1 984608
2 917539
1 971302
5 952217
1 905655
5 950555
2 903189
3 944318
1 982518
3 980541
1 971254
2 936289
4 984838
4 913390
2 966026
5 908997
1 947601
4 952751
4 984470
4 911400
2 931589
2 946499
1 934829
4 906079
5 970562
4 907575
5 907335
5 913454
2 931012
4 965343
3 938018
4 960235
4 918263
1 971130
2 924540
5 980349
4 974283
5 938267
4 968378
2 944744
5 932014
2 973770
2 905119
1 906390
1 911887
5 936057
4 950945
1 924895
4 929417
3 941065
3 988799
4 924788
2 966221
1 951364
2 975616
3 902774
4 964807
5 971412
2 940859
1 973016
2 989714
3 901736
1 916878
5 928675
1 988438
1 949508
4 934600
4 922617
5 957053
5 995188
5 934458
1 997039
4 935526
3 995762
4 996254
1 912998
1 971638
2 947077
4 931447
2 997243
3 951756
1 952004
3 965502
2 924475
5 909210
4 991642
4 997462
3 936803
2 903795
3 968578
2 954064
3 928875
3 901501
4 960665
1 944030
3 959001
1 947498
4 997282
3 938660
3 961762
5 956241
1 918346
4 976986
5 929393
5 940810
5 909948
1 908469
5 960188
1 948402
2 910622
1 900149
2 945002
3 943084
3 992278
2 907058
5 947585
3 970950
2 999489
4 930689
3 933291
5 996380
4 964448
3 972087
5 987476
3 929044
3 942730
2 983103
4 975719
4 910236
2 937608
5 992164
5 900357
3 975853
2 966775
4 981402
1 943279
3 940205
4 968540
3 950285
5 981815
5 919038
1 914869
4 986234
4 932899
1 972554
5 937709
3 982397
3 954316
3 987536
2 911489
2 923732
4 996225
5 902346
3 936665
2 960290
3 975761
1 989647
5 943487
4 997647
3 968449
1 995906
5 954237
4 949104
2 929098
2 950916
2 977440
5 919429
5 910596
5 960692
4 926292
5 977020
4 934138
4 984935
4 998063
5 934976
3 975176
5 984591
3 976250
4 926121
5 930373
1 983995
3 999778
4 959719
2 952778
1 943001
3 944529
1 978353
3 938452
1 955490
3 922029
5 959947
3 901129
2 981635
1 915996
4 962248
4 957523
3 986348
2 916723
1 929915
3 940483
5 900317
3 994120
2 906120
4 926844
2 906536
2 983746
5 964054
5 957250
4 920187
1 977418
1 909621
2 958269
1 964870
4 937647
2 972935
3 923082
3 964786
3 929619
4 965831
4 995251
4 952379
2 987933
5 978760
1 903546
1 991162
4 948531
5 934137
2 998253
1 928538
3 956520
2 943839
5 921945
5 919214
2 968624
5 914211
2 920336
1 918788
3 944590
4 1002
5 985771
5 994383
2 933065
5 948423
3 952403
2 962093
4 940696
3 992541
3 989187
4 999271
2 981985
4 967531
3 941811
1 925295
2 926154
2 996282
1 977449
5 937172
5 940055
1 972379
1 957994
2 925389
2 948375
1 972168
4 999
4 959880
5 912618
5 909544
1 995423
4 920544
2 910516
5 996792
2 983261
3 998702
1 913476
4 980960
5 948447
5 929449
2 939779
1 919337
1 965010
5 960398
2 920411
1 907217
5 951303
3 980864
3 975539
2 946250
4 933742
1 901130
3 954650
4 997396
3 974610
3 952201
1 969137
2 954175
3 907605
3 950995
4 907681
2 987298
3 921839
3 907023
1 906835
2 985680
3 920913
4 917491
2 986258
2 905044
1 972502
1 976658
4 935097
4 959590
3 991258
2 989563
5 926711
2 937966
2 933720
4 929208
3 925770
5 920342
2 952191
4 901354
4 952010
5 903065
4 979515
5 946717
1 958103
1 901663
5 971080
5 926308
5 976288
4 908296
2 953896
2 993124
2 928365
2 900675
4 965206
5 925929
1 982192
4 991597
3 906124
2 970209
1 947804
1 941764
3 998403
4 961884
1 997719
4 966111
4 967439
5 992749
4 986888
2 965885
2 930953
3 990051
5 997632
2 929648
1 968532
3 957151
5 930407
3 902422
3 912883
4 948910
3 934036
4 1003
2 957551
5 996346
1 905348
3 994288
1 945166
3 914599
5 926804
1 938711
4 921467
5 904197
5 940579
3 949514
3 957191
4 996
3 923926
5 992246
3 910009
3 964410
2 957408
3 915498
4 902420
5 959481
4 987197
1 949011
5 997184
1 950817
2 936548
1 988147
1 944413
1 944549
3 929642
3 935030
2 968897
4 983161
5 907249
4 978509
1 932723
5 949854
5 908964
4 988274
4 970341
2 963322
1 946458
4 954348
3 934690
4 981439
1 939494
1 928470
2 981042
5 930487
2 908042
1 900474
3 908774
5 932252
4 984469
2 984390
4 983115
1 920723
3 980914
3 901666
4 914148
2 972671
1 921874
1 984958
4 907802
5 952014
3 989958
1 977677
2 911461
2 953321
1 959276
5 996608
2 925487
1 976978
5 910276
3 903269
4 992856
4 980766
1 968823
2 995326
4 973825
2 972683
1 972385
5 994316
5 931853
4 956228
2 990239
2 958579
3 990072
2 915700
1 941099
5 995852
2 950625
4 930442
2 977696
4 974148
5 984123
3 959750
2 989300
2 981434
3 968574
1 901932
2 924444
5 952743
3 951208
2 908230
5 936331
4 973723
4 924741
4 999
2 939634
1 939049
3 980631
2 987579
1 954381
2 996266
3 907960
1 971597
3 978894
3 976015
2 936870
2 991197
5 920378
3 918175
3 992583
5 997313
1 970321
1 918243
5 926080
3 949029
5 943425
5 988114
1 978826
2 998161
3 904270
4 957238
3 942319
4 979963
2 993460
4 964862
5 936626
4 976014
2 994834
2 906852
1 916884
4 988607
5 992572
1 915684
4 961724
5 960026
1 948838
5 962028
2 974892
2 978327
3 944466
4 947118
5 941437
2 952324
1 950420
2 916746
3 987645
5 986582
2 954736
1 922384
5 960261
1 998437
4 964879
1 932060
1 980204
4 979990
4 995
4 995154
2 961366
5 931840
3 980894
2 951156
2 938602
2 929152
5 909117
3 918485
4 959825
3 972450
2 929005
5 920977
2 958971
1 982158
4 955203
5 966062
5 903315
1 976950
5 937105
5 943068
2 902731
2 905924
1 934641
3 906763
3 903109
1 949160
2 985681
5 942176
5 982597
1 954912
5 977112
5 960253
3 901652
1 932517
3 940268
5 977678
2 905999
1 920382
1 999997
2 918355
3 901875
2 943781
2 999910
2 961650
2 995740
3 910675
2 997227
3 902699
4 966071
4 946812
1 907544
1 935927
2 938161
4 966053
4 942865
4 955765
2 903116
5 955616
5 930515
2 969359
1 965195
4 938458
1 991911
3 970894
3 979378
3 966075
1 930695
5 906328
2 955940
4 979694
3 939225
1 968409
3 968466
4 929802
3 901083
5 992272
1 924760
1 957186
5 946857
3 978937
4 927612
5 979009
2 908867
4 974961
5 987090
4 932293
2 917185
3 984198
2 964399
2 958540
3 919737
3 911595
2 912519
5 986096
5 919555
2 928909
5 978288
3 977119
2 901650
3 976391
4 900945
1 954713
1 910841
1 930525
2 928073
3 978184
2 990933
4 914682
4 903418
4 986506
4 941243
4 975231
2 910820
3 947168
5 950188
4 1003
4 967093
2 911667
4 940836
3 993507
3 923824
3 980598
4 1002
3 920746
1 936416
1 960888
5 972800
4 917183
4 935435
2 913189
3 978962
3 926871
2 915569
4 921991
5 979722
5 931962
5 901964
5 962876
4 960786
3 902736
1 925341
4 958491
3 916548
5 941713
1 965532
4 923731
1 951438
5 915230
5 944330
5 975373
4 983277
1 998426
2 917483
5 947237
3 900632
3 932447
4 980785
4 904789
5 967366
5 963393
5 956095
4 946572
2 964739
4 998462
3 925102
5 901962
4 982216
2 971767
5 936976
3 952047
3 913486
3 968853
5 912424
3 920132
1 938805
1 964046
2 909673
4 920219
2 959529
5 984272
3 997303
2 982434
3 942146
3 912915
1 986534
3 909556
4 996873
1 953144
3 984379
1 989977
1 991783
3 914993
3 922237
1 901720
5 997947
3 964735
3 903213
3 932020
2 961039
2 910991
2 984806
4 915023
4 954166
4 967124
1 944802
1 901843
5 904378
5 949458
5 929513
4 988650
4 980288
2 915028
4 966147
4 931369
2 968454
5 994590
2 989957
4 951128
5 914363
4 926666
5 980219
4 991054
1 908735
1 945231
5 957283
4 975942
4 976800
1 945771
4 928049
2 938855
3 971687
1 975458
2 921073
1 970280
5 916558
5 911063
2 986888
5 954068
4 937347
5 961384
2 903374
5 936625
1 929179
5 955750
5 958465
1 949296
4 927541
4 964218
1 977515
2 950499
3 942481
1 927923
4 999
2 943004
1 921137
2 997260
1 927464
3 943287
2 993915
2 912819
2 931647
3 914782
1 932577
2 912654
3 934579
3 931535
5 924484
2 979719
5 980128
3 993909
2 986820
5 905927
5 994074
4 979705
5 910105
3 904760
4 937596
1 981729
2 952715
4 959442
1 920006
5 979311
5 960229
5 908732
2 901222
2 903428
3 978048
2 904714
4 963007
4 990950
5 901365
5 963138
2 960123
1 910124
4 949126
3 941368
2 980421
3 909397
3 960542
4 996218
3 969446
2 919788
4 970929
3 920319
4 905090
2 927009
2 985872
3 981362
2 976279
1 904792
4 983977
1 917511
1 940931
5 935460
2 936120
4 931893
4 913260
1 957418
4 971020
5 969818
2 979603
5 934084
3 984614
3 948571
5 937872
4 942115
1 948725
3 959590
3 990233
4 954574
3 906227
4 999020
2 996967
4 927054
3 920777
4 914431
5 921282
1 995578
3 970938
2 998457
1 955498
5 922730
5 974655
2 986959
3 920019
2 945585
4 982791
5 935720
1 902159
3 968093
3 991272
2 929350
5 959696
4 999
3 968519
5 977343
5 966553
4 966545
4 912147
5 948968
2 997429
2 978512
2 928340
1 948468
5 997299
3 957074
4 913559
2 942535
2 985063
2 917060
5 968689
1 910795
1 919744
5 975318
2 962824
5 999661
1 916943
2 932883
4 931715
3 935984
2 952248
3 948101
1 925472
5 974348
3 984003
1 902006
3 929840
3 911865
3 916348
4 932444
2 980089
5 989857
2 971757
3 916602
1 950685
4 906685
5 939554
2 963625
4 959621
3 992783
1 902476
1 987844
3 906607
2 960721
3 981010
3 954298
3 904203
1 905805
5 914525
4 965029
4 997
5 978750
1 984391
4 995
4 934576
4 978030
4 969652
4 940958
1 960466
2 936294
5 937873
5 987863
1 970843
3 976258
1 938096
5 957584
1 950605
2 990935
3 928080
1 918761
5 997986
3 985929
3 971701
1 933521
1 924051
1 976131
5 970638
1 944437
5 900625
4 930567
5 953760
1 923618
5 993572
1 993807
4 953256
5 952090
5 979859
5 954125
4 916503
1 951757
2 920435
5 976466
2 932267
5 970090
2 913933
2 987256
3 964216
4 963656
4 931873
4 1003
4 939202
3 936758
3 990360
5 983644
2 900402
3 951675
3 969193
1 990331
2 953894
4 973297
1 982319
2 947009
1 997267
1 975640
4 987559
4 965938
5 976694
2 966845
3 944557
5 923590
5 958442
5 975025
4 922488
4 955212
2 999689
1 982817
4 993001
2 990064
4 957404
1 992748
1 918678
1 975352
4 911599
3 927663
2 967829
2 979391
3 989777
3 901922
1 970116
4 924909
4 902461
5 991193
4 952519
2 993469
1 917283
3 911996
2 912457
1 962273
3 922661
2 928101
3 960479
4 983773
2 926565
5 977648
3 967552
3 959281
3 991174
5 995969
4 981266
5 985135
3 991368
5 919992
4 971077
1 989020
1 922394
4 923534
2 986849
4 978915
5 991325
3 936267
2 935029
3 971747
5 988524
5 920190
4 937809
3 980565
5 983594
2 927255
4 939381
1 974696
5 963467
1 973486
5 951451
5 993722
5 928059
1 954903
5 999442
4 926063
4 935617
3 983967
2 937935
5 900405
5 936428
1 961930
3 938873
5 988863
5 926398
3 992388
5 932417
4 929835
2 926170
4 917367
4 966710
5 916326
5 946362
3 985312
5 941683
4 990945
4 916335
2 947797
1 945293
1 959970
4 963862
4 981745
2 903525
2 974959
3 994304
2 975056
4 964395
2 991323
4 967944
4 958063
5 959506
2 908767
1 971106
4 960318
5 963772
2 944413
4 948505
2 932265
3 996400
5 913930
1 936194
5 936229
3 905059
1 963833
1 915557
4 944608
3 965719
3 926123
2 946073
3 981117
3 991255
1 958171
3 910631
1 916777
5 935567
5 903338
4 985872
1 927506
4 983179
3 976158
3 934927
1 945525
4 944470
4 930449
3 984809
1 962757
4 934609
5 979281
5 923061
3 995538
4 914146
4 968103
4 978284
1 933981
2 930732
1 908168
1 913444
1 901472
5 986512
3 960166
2 924804
4 942655
3 983282
5 921557
5 952505
1 956002
5 969096
2 916937
1 954206
2 992524
4 971668
4 930832
1 958955
2 932175
5 930677
1 941367
1 970616
5 928478
5 984726
3 936065
4 933825
3 900919
3 991776
2 959773
3 980031
5 922926
5 922276
2 939907
3 926040
1 986564
1 955304
4 915126
4 959184
3 944401
3 922963
2 907164
4 948019
5 959095
4 977713
5 972552
5 961799
2 951651
3 929073
2 909618
1 944309
3 994839
5 989520
1 910350
2 986221
5 938841
1 963266
1 960309
2 942421
3 981628
4 970218
2 937461
5 955428
3 992246
3 937917
5 910549
1 920053
1 969807
3 933461
2 927162
4 935109
5 956607
5 958801
5 911391
3 967458
2 921143
2 901192
1 967870
1 971972
1 987681
1 957688
5 920338
1 998375
3 941770
3 965622
5 917198
5 980926
2 919783
4 952731
1 953427
1 960833
2 973250
4 957684
3 929636
2 931029
2 966877
2 984616
4 942581
5 972664
3 976550
3 990327
5 906546
2 935752
4 949810
4 946766
3 980813
2 926449
2 941270
2 943275
3 914281
5 902777
5 943033
1 943012
5 993700
1 998142
1 982995
2 930309
2 954801
2 913424
1 920897
2 988714
5 962506
5 994066
1 914864
4 918044
4 933945
2 970806
1 949147
4 967001
4 999
4 908660
2 967395
3 955521
3 950200
3 992658
4 998254
2 923614
3 936809
2 967988
3 948908
1 901329
3 980166
1 969858
5 962578
3 993699
1 903043
4 969483
3 997394
4 962746
3 967747
5 959390
3 987849
1 955921
2 998983
1 982742
2 906840
4 974103
3 962080
2 968736
3 994938
5 966247
3 944378
5 954754
3 903351
3 990093
4 923466
2 927989
2 933191
5 953231
3 961615
5 960000
5 918571
1 975471
2 918751
3 966591
3 934097
2 934298
2 937776
1 964662
4 946502
5 925551
5 924418
3 997007
1 997943
2 907132
1 938648
5 913323
4 979159
3 990173
4 955080
2 932875
5 935857
4 943890
3 903780
2 943631
3 958241
2 952078
5 954271
4 978531
2 940846
1 934979
2 903171
2 927948
2 921644
3 966745
5 989901
2 965709
3 997007
2 950017
2 933700
5 941652
1 925992
4 990284
1 948010
5 975055
2 946804
4 996516
4 950835
4 920553
1 979509
1 902113
4 971429
5 930201
2 934603
2 967815
2 997704
1 906552
5 928428
5 925937
5 955228
5 954096
2 983632
5 983043
4 974320
2 941500
1 979025
5 929856
3 988853
4 993363
5 972812
1 969849
2 936905
2 904528
4 938577
1 983784
1 907115
3 993985
2 929481
5 905519
2 953634
2 974036
4 1004
2 952294
3 990040
3 986494
3 900886
4 939701
5 942956
3 994793
4 985563
2 953328
4 946864
5 974955
2 915504
3 911564
5 933236
2 960416
4 936802
4 991057
1 925852
2 959715
1 931562
5 940394
5 942469
5 924102
2 982042
5 984338
4 963842
2 940264
5 997679
3 918579
2 922613
1 965528
5 976972
3 969729
1 950439
3 970693
4 994696
4 912056
3 944754
1 960857
5 996618
2 929244
3 945691
3 956610
1 908396
5 929884
3 917442
5 950826
3 978346
5 922451
2 970080
5 998874
4 968379
3 998511
4 984034
3 930050
5 904809
4 952180
4 906636
2 906303
3 949887
3 906318
4 904799
2 945188
3 956919
2 948561
3 923506
3 999704
3 987508
5 969903
4 905769
4 924481
2 955925
4 996
5 935351
4 970369
3 998184
3 942480
4 922854
4 944960
2 950977
5 932874
4 908091
2 956629
4 968743
3 911458
2 986565
1 906904
3 916253
3 935735
3 910864
4 985998
2 950759
3 988740
2 967748
1 977195
4 917479
4 937302
2 965733
4 992010
4 985044
3 954145
1 981545
2 986229
3 956750
1 969150
3 995137
4 930365
4 913815
1 919515
2 992204
3 948717
5 909381
3 913720
3 972674
4 902203
2 905239
1 972962
3 947800
5 959465
5 928773
2 987617
4 1000
2 981031
1 934606
5 985067
3 952981
1 998683
4 997380
2 968693
3 933207
5 903257
3 935813
3 983014
5 986164
3 913953
3 967378
1 990815
5 964291
5 996412
2 972070
4 998087
4 958121
3 927413
3 985043
3 957945
5 932741
2 942847
5 904090
5 936898
2 960022
5 975595
4 925166
2 909771
1 914274
3 949997
3 952050
5 995855
5 901475
5 918086
1 914646
4 904105
5 934028
3 956225
4 961746
4 978599
2 935335
4 952534
3 903174
4 921777
5 909851
5 956865
2 998366
5 962024
4 960815
5 998800
2 971060
1 941233
4 997
2 983565
3 979872
5 903800
2 929347
2 991614
1 969779
4 949308
3 990809
2 904928
3 971754
1 986337
2 963802
3 931850
5 995014
4 934856
1 955416
1 972101
1 957923
2 979947
3 983794
5 915508
2 918162
4 951209
4 957648
3 969423
3 934326
1 959996
3 940605
3 996994
2 997682
4 997179
1 960744
5 960220
1 949222
4 911058
1 924442
1 940463
1 968084
3 901432
4 901982
2 953001
2 939437
1 990937
4 986116
1 904304
3 928816
4 961804
1 947991
3 997460
4 990620
1 956824
5 931646
3 977018
3 945807
4 938750
5 917256
4 962272
4 900286
1 929623
2 969563
3 946629
3 942980
1 958189
3 931603
2 984033
4 911747
5 993759
1 967640
5 937594
1 903358
3 911270
5 934905
2 974480
1 979463
1 984329
4 991521
2 900735
1 924643
1 953748
4 1003
1 903414
1 930169
4 987515
3 957105
5 981285
1 945304
2 943416
2 964000
1 906380
3 943710
4 920501
1 931513
3 927342
2 989453
1 940090
1 927504
2 991017
3 996443
4 963941
4 938331
2 976139
5 984206
3 948294
4 973709
5 962123
1 981956
5 920702
4 969319
1 917514
4 963486
4 957815
1 930754
5 907731
3 928103
1 967372
3 951743
2 937870
5 946874
5 913609
2 983605
3 981096
2 948456
3 919759
1 986833
3 945327
5 968746
3 971393
2 964883
1 902071
5 938880
3 909748
5 951568
3 979719
2 965403
5 959957
2 948282
2 982906
3 938673
2 970759
1 975464
2 991141
5 924001
1 981885
2 925696
2 979337
5 923551
2 933121
3 964207
3 914172
4 947307
5 953320
1 981259
1 925933
4 1000
3 926158
1 980559
5 913359
4 947095
3 971116
2 962737
4 998941
2 997088
3 984922
2 929668
1 922198
3 922711
2 985028
5 904685
1 918551
3 981448
5 992937
2 944895
2 958770
3 907067
4 998288
3 978236
5 980863
2 909546
5 973434
1 909931
5 969615
5 928634
3 974090
1 975123
4 903740
4 937381
5 947882
3 922772
1 911821
3 980571
3 995614
2 930033
1 981105
3 908506
4 1004
2 936430
3 920548
4 962801
2 926734
4 906005
2 977347
5 982881
4 981123
1 914488
4 988560
3 917460
2 975107
5 946648
4 920047
2 963828
1 918061
5 917338
1 986878
2 946387
1 972263
4 901455
3 913730
2 930901
1 928848
1 995536
4 972942
4 991641
5 960278
2 962891
5 987808
1 963937
3 976353
5 983461
5 915599
5 905880
2 998521
5 932372
4 920818
2 901670
3 960290
4 943917
4 973504
1 939316
1 969213
2 970152
2 976536
1 944235
2 944106
5 901190
1 963568
3 979877
5 960784
2 926682
3 901359
3 930587
2 977737
3 944091
5 983193
4 983320
2 934554
3 988817
4 984721
4 901160
2 957047
3 971327
3 988294
3 902817
4 964851
4 960760
3 968419
1 980953
3 945514
4 938196
5 913207
4 909335
5 955338
1 970918
1 928895
4 926037
2 920605
5 916822
1 944480
4 961584
2 938615
1 900553
3 909625
1 900686
1 943964
4 953044
4 996342
1 937490
5 986500
1 944447
2 941140
4 901384
5 984337
4 973702
5 964896
4 997046
2 905245
2 905839
1 990689
3 933945
4 955727
5 962597
1 923932
2 914320
2 992401
2 973671
3 963252
5 956886
4 936338
3 987361
5 943104
1 961211
3 916579
5 942142
4 911702
4 989622
4 999903
3 934451
3 998203
4 966661
1 970378
2 928027
2 960505
4 908777
1 909443
1 986848
3 916723
4 967273
5 947808
2 919604
5 941683
4 961727
2 941351
1 922117
3 924128
1 968522
5 940186
5 924730
4 948796
4 936631
5 930588
2 931443
4 922724
5 977587
1 939441
1 946711
5 958219
2 948731
4 975872
5 900202
1 968192
2 975231
2 997305
2 951147
4 994251
4 951194
1 923786
3 901712
5 983166
3 961173
5 933489
1 958211
2 934791
3 929006
1 917116
2 970658
1 904719
4 963494
3 929435
1 926414
5 951566
3 935565
4 946271
3 978133
4 976939
4 976656
2 909915
1 949895
5 950754
4 999584
1 968632
1 928604
5 987687
2 993535
1 919404
1 991560
4 999455
4 998759
2 915000
2 985801
3 926089
3 903415
3 993695
4 903997
2 914071
2 985461
3 915137
2 919326
1 941141
3 959435
1 940404
1 995059
1 945805
3 986573
1 946267
3 924154
4 936077
1 964276
5 999804
5 930155
4 901721
5 993437
2 978599
1 947756
3 933590
1 976707
3 908074
5 985935
3 995202
4 926596
1 958368
4 998488
3 915775
2 996149
5 948176
3 960787
1 915497
3 951611
3 912677
5 941635
5 958328
5 901109
5 979020
4 907628
4 927414
2 913651
1 977181
4 999
5 991682
1 993818
5 911863
4 937312
5 901233
5 998204
1 915984
4 997
3 913503
5 906500
5 966314
1 922880
2 969828
4 998
3 975764
4 917738
4 935116
3 997607
4 981708
2 911089
1 933668
3 989945
1 968370
1 973982
4 912466
5 935183
5 946472
3 982708
3 905779
2 911825
4 967428
5 932656
3 903715
5 954246
5 917169
2 959092
1 940569
2 938718
3 919920
1 948380
5 908404
5 960878
4 909136
1 961583
2 903331
1 944085
5 990232
3 965330
3 909766
3 987290
1 996139
3 932045
3 982311
1 904035
3 928350
2 959688
5 903234
2 900197
4 916008
5 912718
5 945111
5 963054
4 941269
4 927480
2 936497
1 962096
4 993219
5 974145
1 958531
1 943605
5 944659
5 975696
1 910528
5 973589
4 958838
2 957070
1 900826
1 916189
4 948881
1 944838
3 924715
3 914717
2 913269
1 936600
4 952519
3 906051
3 913333
1 954958
3 901869
3 924753
1 904766
3 927697
2 977996
2 975904
5 912479
2 998572
4 944508
4 917494
2 982205
5 959960
3 979085
3 924374
3 999343
